category,program,target,observation,instrument,filter,product_kind,product_filename,mast_uri,download_url,content_length_bytes,data_rights,public_status,release_mjd,release_utc,ra_deg,dec_deg,source_obs_id,parent_obsid,evidence_url,notes
CEERS_screening,1345,CEERS/EGS field,,NIRCAM,F115W;F150W;F200W;F277W;F356W;F410M;F444W,field_screening_candidate,,,,,PUBLIC,public_field_products_but_no_specific_low_z_galaxy_identified,,,,,,,https://www.stsci.edu/jwst-program-info/program/?program=1345,"MAST exposes public CEERS field products, but target metadata does not identify a z~0.07 foreground galaxy; visual/catalog cross-match required before selecting downloader rows"
COSMOS_Web_screening,1727,COSMOS-Web field,,NIRCAM,F115W;F150W;F277W;F444W,field_screening_candidate,,,,,PUBLIC,public_field_products_but_no_specific_low_z_galaxy_identified,,,,,,,https://www.stsci.edu/jwst-program-info/program/?program=1727,"MAST exposes public tile products (CWEBTILE-*), but target metadata does not identify a z~0.07 foreground galaxy; visual/catalog cross-match required before selecting downloader rows"
CenA,12496,Radio-Galaxy-NIRCam,,NIRCAM,F090W,target_level_i2d,jw12496-c1001_t000_nircam_clear-f090w_i2d.fits,mast:JWST/product/jw12496-c1001_t000_nircam_clear-f090w_i2d.fits,https://mast.stsci.edu/api/v0.1/Download/file?uri=mast%3AJWST%2Fproduct%2Fjw12496-c1001_t000_nircam_clear-f090w_i2d.fits,23904305280,PUBLIC,downloadable_public,61227.5833333,2026-07-06T13:59:59.997,201.36506291666666,-43.01911388888891,jw12496-c1001_t000_nircam_clear-f090w,378741791,https://mast.stsci.edu/api/v0/invoke,public NIRCam field on Centaurus A; severe resolved-star and dust masking expected
CenA,12496,Radio-Galaxy-NIRCam,,NIRCAM,F187N,target_level_i2d,jw12496-c1001_t000_nircam_clear-f187n_i2d.fits,mast:JWST/product/jw12496-c1001_t000_nircam_clear-f187n_i2d.fits,https://mast.stsci.edu/api/v0.1/Download/file?uri=mast%3AJWST%2Fproduct%2Fjw12496-c1001_t000_nircam_clear-f187n_i2d.fits,23906943360,PUBLIC,downloadable_public,61227.5833333,2026-07-06T13:59:59.997,201.36506291666666,-43.01911388888891,jw12496-c1001_t000_nircam_clear-f187n,378740856,https://mast.stsci.edu/api/v0/invoke,public NIRCam field on Centaurus A; severe resolved-star and dust masking expected
CenA,12496,Radio-Galaxy-NIRCam,,NIRCAM,F200W,target_level_i2d,jw12496-c1001_t000_nircam_clear-f200w_i2d.fits,mast:JWST/product/jw12496-c1001_t000_nircam_clear-f200w_i2d.fits,https://mast.stsci.edu/api/v0.1/Download/file?uri=mast%3AJWST%2Fproduct%2Fjw12496-c1001_t000_nircam_clear-f200w_i2d.fits,23912821440,PUBLIC,downloadable_public,61227.5833333,2026-07-06T13:59:59.997,201.36506291666666,-43.01911388888891,jw12496-c1001_t000_nircam_clear-f200w,378740859,https://mast.stsci.edu/api/v0/invoke,public NIRCam field on Centaurus A; severe resolved-star and dust masking expected
CenA,12496,Radio-Galaxy-NIRCam,,NIRCAM,F277W,target_level_i2d,jw12496-c1001_t000_nircam_clear-f277w_i2d.fits,mast:JWST/product/jw12496-c1001_t000_nircam_clear-f277w_i2d.fits,https://mast.stsci.edu/api/v0.1/Download/file?uri=mast%3AJWST%2Fproduct%2Fjw12496-c1001_t000_nircam_clear-f277w_i2d.fits,2889077760,PUBLIC,downloadable_public,61227.5833333,2026-07-06T13:59:59.997,201.36506291666666,-43.01911388888891,jw12496-c1001_t000_nircam_clear-f277w,378741655,https://mast.stsci.edu/api/v0/invoke,public NIRCam field on Centaurus A; severe resolved-star and dust masking expected
CenA,12496,Radio-Galaxy-NIRCam,,NIRCAM,F335M,target_level_i2d,jw12496-c1001_t000_nircam_clear-f335m_i2d.fits,mast:JWST/product/jw12496-c1001_t000_nircam_clear-f335m_i2d.fits,https://mast.stsci.edu/api/v0.1/Download/file?uri=mast%3AJWST%2Fproduct%2Fjw12496-c1001_t000_nircam_clear-f335m_i2d.fits,2889072000,PUBLIC,downloadable_public,61227.5833333,2026-07-06T13:59:59.997,201.36506291666666,-43.01911388888891,jw12496-c1001_t000_nircam_clear-f335m,378740858,https://mast.stsci.edu/api/v0/invoke,public NIRCam field on Centaurus A; severe resolved-star and dust masking expected
CenA,12496,Radio-Galaxy-NIRCam,,NIRCAM,F444W,target_level_i2d,jw12496-c1001_t000_nircam_clear-f444w_i2d.fits,mast:JWST/product/jw12496-c1001_t000_nircam_clear-f444w_i2d.fits,https://mast.stsci.edu/api/v0.1/Download/file?uri=mast%3AJWST%2Fproduct%2Fjw12496-c1001_t000_nircam_clear-f444w_i2d.fits,2888426880,PUBLIC,downloadable_public,61227.5833333,2026-07-06T13:59:59.997,201.36506291666666,-43.01911388888891,jw12496-c1001_t000_nircam_clear-f444w,378740857,https://mast.stsci.edu/api/v0/invoke,public NIRCam field on Centaurus A; severe resolved-star and dust masking expected
CenA,12496,Radio-Galaxy-NIRCam,4,NIRCAM,F090W,target_level_i2d,jw12496-o004_t004_nircam_clear-f090w_i2d.fits,mast:JWST/product/jw12496-o004_t004_nircam_clear-f090w_i2d.fits,https://mast.stsci.edu/api/v0.1/Download/file?uri=mast%3AJWST%2Fproduct%2Fjw12496-o004_t004_nircam_clear-f090w_i2d.fits,20801710080,PUBLIC,downloadable_public,61227.5833333,2026-07-06T13:59:59.997,201.36506291666666,-43.01911388888891,jw12496-o004_t004_nircam_clear-f090w,378034374,https://mast.stsci.edu/api/v0/invoke,public NIRCam field on Centaurus A; severe resolved-star and dust masking expected
CenA,12496,Radio-Galaxy-NIRCam,4,NIRCAM,F187N,target_level_i2d,jw12496-o004_t004_nircam_clear-f187n_i2d.fits,mast:JWST/product/jw12496-o004_t004_nircam_clear-f187n_i2d.fits,https://mast.stsci.edu/api/v0.1/Download/file?uri=mast%3AJWST%2Fproduct%2Fjw12496-o004_t004_nircam_clear-f187n_i2d.fits,20805200640,PUBLIC,downloadable_public,61227.5833333,2026-07-06T13:59:59.997,201.36506291666666,-43.01911388888891,jw12496-o004_t004_nircam_clear-f187n,378034331,https://mast.stsci.edu/api/v0/invoke,public NIRCam field on Centaurus A; severe resolved-star and dust masking expected
CenA,12496,Radio-Galaxy-NIRCam,4,NIRCAM,F200W,target_level_i2d,jw12496-o004_t004_nircam_clear-f200w_i2d.fits,mast:JWST/product/jw12496-o004_t004_nircam_clear-f200w_i2d.fits,https://mast.stsci.edu/api/v0.1/Download/file?uri=mast%3AJWST%2Fproduct%2Fjw12496-o004_t004_nircam_clear-f200w_i2d.fits,20813682240,PUBLIC,downloadable_public,61227.5833333,2026-07-06T13:59:59.997,201.36506291666666,-43.01911388888891,jw12496-o004_t004_nircam_clear-f200w,378023006,https://mast.stsci.edu/api/v0/invoke,public NIRCam field on Centaurus A; severe resolved-star and dust masking expected
CenA,12496,Radio-Galaxy-NIRCam,4,NIRCAM,F277W,target_level_i2d,jw12496-o004_t004_nircam_clear-f277w_i2d.fits,mast:JWST/product/jw12496-o004_t004_nircam_clear-f277w_i2d.fits,https://mast.stsci.edu/api/v0.1/Download/file?uri=mast%3AJWST%2Fproduct%2Fjw12496-o004_t004_nircam_clear-f277w_i2d.fits,2657949120,PUBLIC,downloadable_public,61227.5833333,2026-07-06T13:59:59.997,201.36506291666666,-43.01911388888891,jw12496-o004_t004_nircam_clear-f277w,378019281,https://mast.stsci.edu/api/v0/invoke,public NIRCam field on Centaurus A; severe resolved-star and dust masking expected
CenA,12496,Radio-Galaxy-NIRCam,4,NIRCAM,F335M,target_level_i2d,jw12496-o004_t004_nircam_clear-f335m_i2d.fits,mast:JWST/product/jw12496-o004_t004_nircam_clear-f335m_i2d.fits,https://mast.stsci.edu/api/v0.1/Download/file?uri=mast%3AJWST%2Fproduct%2Fjw12496-o004_t004_nircam_clear-f335m_i2d.fits,2657946240,PUBLIC,downloadable_public,61227.5833333,2026-07-06T13:59:59.997,201.36506291666666,-43.01911388888891,jw12496-o004_t004_nircam_clear-f335m,378023023,https://mast.stsci.edu/api/v0/invoke,public NIRCam field on Centaurus A; severe resolved-star and dust masking expected
CenA,12496,Radio-Galaxy-NIRCam,4,NIRCAM,F444W,target_level_i2d,jw12496-o004_t004_nircam_clear-f444w_i2d.fits,mast:JWST/product/jw12496-o004_t004_nircam_clear-f444w_i2d.fits,https://mast.stsci.edu/api/v0.1/Download/file?uri=mast%3AJWST%2Fproduct%2Fjw12496-o004_t004_nircam_clear-f444w_i2d.fits,2657615040,PUBLIC,downloadable_public,61227.5833333,2026-07-06T13:59:59.997,201.36506291666666,-43.01911388888891,jw12496-o004_t004_nircam_clear-f444w,378019295,https://mast.stsci.edu/api/v0/invoke,public NIRCam field on Centaurus A; severe resolved-star and dust masking expected
CenA,12496,Radio-Galaxy-NIRCam-Tile-2,7,NIRCAM,F090W,target_level_i2d,jw12496-o007_t006_nircam_clear-f090w_i2d.fits,mast:JWST/product/jw12496-o007_t006_nircam_clear-f090w_i2d.fits,https://mast.stsci.edu/api/v0.1/Download/file?uri=mast%3AJWST%2Fproduct%2Fjw12496-o007_t006_nircam_clear-f090w_i2d.fits,1443214080,PUBLIC,downloadable_public,61227.5833333,2026-07-06T13:59:59.997,201.37539291666664,-42.97045000000003,jw12496-o007_t006_nircam_clear-f090w,378741240,https://mast.stsci.edu/api/v0/invoke,public NIRCam field on Centaurus A; severe resolved-star and dust masking expected
CenA,12496,Radio-Galaxy-NIRCam-Tile-2,7,NIRCAM,F187N,target_level_i2d,jw12496-o007_t006_nircam_clear-f187n_i2d.fits,mast:JWST/product/jw12496-o007_t006_nircam_clear-f187n_i2d.fits,https://mast.stsci.edu/api/v0.1/Download/file?uri=mast%3AJWST%2Fproduct%2Fjw12496-o007_t006_nircam_clear-f187n_i2d.fits,1443358080,PUBLIC,downloadable_public,61227.5833333,2026-07-06T13:59:59.997,201.37539291666664,-42.97045000000003,jw12496-o007_t006_nircam_clear-f187n,378740667,https://mast.stsci.edu/api/v0/invoke,public NIRCam field on Centaurus A; severe resolved-star and dust masking expected
CenA,12496,Radio-Galaxy-NIRCam-Tile-2,7,NIRCAM,F200W,target_level_i2d,jw12496-o007_t006_nircam_clear-f200w_i2d.fits,mast:JWST/product/jw12496-o007_t006_nircam_clear-f200w_i2d.fits,https://mast.stsci.edu/api/v0.1/Download/file?uri=mast%3AJWST%2Fproduct%2Fjw12496-o007_t006_nircam_clear-f200w_i2d.fits,1445520960,PUBLIC,downloadable_public,61227.5833333,2026-07-06T13:59:59.997,201.37539291666664,-42.97045000000003,jw12496-o007_t006_nircam_clear-f200w,378740653,https://mast.stsci.edu/api/v0/invoke,public NIRCam field on Centaurus A; severe resolved-star and dust masking expected
CenA,12496,Radio-Galaxy-NIRCam-Tile-2,7,NIRCAM,F277W,target_level_i2d,jw12496-o007_t006_nircam_clear-f277w_i2d.fits,mast:JWST/product/jw12496-o007_t006_nircam_clear-f277w_i2d.fits,https://mast.stsci.edu/api/v0.1/Download/file?uri=mast%3AJWST%2Fproduct%2Fjw12496-o007_t006_nircam_clear-f277w_i2d.fits,343946880,PUBLIC,downloadable_public,61227.5833333,2026-07-06T13:59:59.997,201.37539291666664,-42.97045000000003,jw12496-o007_t006_nircam_clear-f277w,378741241,https://mast.stsci.edu/api/v0/invoke,public NIRCam field on Centaurus A; severe resolved-star and dust masking expected
CenA,12496,Radio-Galaxy-NIRCam-Tile-2,7,NIRCAM,F335M,target_level_i2d,jw12496-o007_t006_nircam_clear-f335m_i2d.fits,mast:JWST/product/jw12496-o007_t006_nircam_clear-f335m_i2d.fits,https://mast.stsci.edu/api/v0.1/Download/file?uri=mast%3AJWST%2Fproduct%2Fjw12496-o007_t006_nircam_clear-f335m_i2d.fits,343946880,PUBLIC,downloadable_public,61227.5833333,2026-07-06T13:59:59.997,201.37539291666664,-42.97045000000003,jw12496-o007_t006_nircam_clear-f335m,378740654,https://mast.stsci.edu/api/v0/invoke,public NIRCam field on Centaurus A; severe resolved-star and dust masking expected
CenA,12496,Radio-Galaxy-NIRCam-Tile-2,7,NIRCAM,F444W,target_level_i2d,jw12496-o007_t006_nircam_clear-f444w_i2d.fits,mast:JWST/product/jw12496-o007_t006_nircam_clear-f444w_i2d.fits,https://mast.stsci.edu/api/v0.1/Download/file?uri=mast%3AJWST%2Fproduct%2Fjw12496-o007_t006_nircam_clear-f444w_i2d.fits,343946880,PUBLIC,downloadable_public,61227.5833333,2026-07-06T13:59:59.997,201.37539291666664,-42.97045000000003,jw12496-o007_t006_nircam_clear-f444w,378740643,https://mast.stsci.edu/api/v0/invoke,public NIRCam field on Centaurus A; severe resolved-star and dust masking expected
GO7763_J_Virgo,7763,IC0794,48,NIRCAM,F115W,target_level_i2d,jw07763-o048_t048_nircam_clear-f115w_i2d.fits,mast:JWST/product/jw07763-o048_t048_nircam_clear-f115w_i2d.fits,https://mast.stsci.edu/api/v0.1/Download/file?uri=mast%3AJWST%2Fproduct%2Fjw07763-o048_t048_nircam_clear-f115w_i2d.fits,1216137600,PUBLIC,downloadable_public,61212.51921296,2026-06-21T12:27:40.000,187.03587208333332,12.093286111111112,jw07763-o048_t048_nircam_clear-f115w,416322670,https://mast.stsci.edu/api/v0/invoke,public Cycle-4 Treasury target-level association
GO7763_J_Virgo,7763,IC0794,48,NIRCAM,F150W,target_level_i2d,jw07763-o048_t048_nircam_clear-f150w_i2d.fits,mast:JWST/product/jw07763-o048_t048_nircam_clear-f150w_i2d.fits,https://mast.stsci.edu/api/v0.1/Download/file?uri=mast%3AJWST%2Fproduct%2Fjw07763-o048_t048_nircam_clear-f150w_i2d.fits,1216137600,PUBLIC,downloadable_public,61212.51921296,2026-06-21T12:27:40.000,187.03587208333332,12.093286111111112,jw07763-o048_t048_nircam_clear-f150w,416322617,https://mast.stsci.edu/api/v0/invoke,public Cycle-4 Treasury target-level association
GO7763_J_Virgo,7763,IC0794,48,NIRCAM,F277W,target_level_i2d,jw07763-o048_t048_nircam_clear-f277w_i2d.fits,mast:JWST/product/jw07763-o048_t048_nircam_clear-f277w_i2d.fits,https://mast.stsci.edu/api/v0.1/Download/file?uri=mast%3AJWST%2Fproduct%2Fjw07763-o048_t048_nircam_clear-f277w_i2d.fits,288912960,PUBLIC,downloadable_public,61212.51921296,2026-06-21T12:27:40.000,187.03587208333332,12.093286111111112,jw07763-o048_t048_nircam_clear-f277w,416322615,https://mast.stsci.edu/api/v0/invoke,public Cycle-4 Treasury target-level association
GO7763_J_Virgo,7763,IC0794,48,NIRISS,F115W,target_level_i2d,jw07763-o048_t048_niriss_clear-f115w_i2d.fits,mast:JWST/product/jw07763-o048_t048_niriss_clear-f115w_i2d.fits,https://mast.stsci.edu/api/v0.1/Download/file?uri=mast%3AJWST%2Fproduct%2Fjw07763-o048_t048_niriss_clear-f115w_i2d.fits,118952640,PUBLIC,downloadable_public,61212.51525459,2026-06-21T12:21:57.997,187.03587208333332,12.093286111111112,jw07763-o048_t048_niriss_clear-f115w,416322616,https://mast.stsci.edu/api/v0/invoke,public Cycle-4 Treasury target-level association
GO7763_J_Virgo,7763,IC0794,48,NIRISS,F277W,target_level_i2d,jw07763-o048_t048_niriss_clearp-f277w_i2d.fits,mast:JWST/product/jw07763-o048_t048_niriss_clearp-f277w_i2d.fits,https://mast.stsci.edu/api/v0.1/Download/file?uri=mast%3AJWST%2Fproduct%2Fjw07763-o048_t048_niriss_clearp-f277w_i2d.fits,118952640,PUBLIC,downloadable_public,61212.51525459,2026-06-21T12:21:57.997,187.03587208333332,12.093286111111112,jw07763-o048_t048_niriss_clearp-f277w,416322614,https://mast.stsci.edu/api/v0/invoke,public Cycle-4 Treasury target-level association
GO7763_J_Virgo,7763,IC3328,51,NIRCAM,F115W,target_level_i2d,jw07763-o051_t051_nircam_clear-f115w_i2d.fits,mast:JWST/product/jw07763-o051_t051_nircam_clear-f115w_i2d.fits,https://mast.stsci.edu/api/v0.1/Download/file?uri=mast%3AJWST%2Fproduct%2Fjw07763-o051_t051_nircam_clear-f115w_i2d.fits,1216137600,PUBLIC,downloadable_public,61212.68678229,2026-06-21T16:28:57.990,186.4913,10.0538,jw07763-o051_t051_nircam_clear-f115w,416322976,https://mast.stsci.edu/api/v0/invoke,public Cycle-4 Treasury target-level association
GO7763_J_Virgo,7763,IC3328,51,NIRCAM,F150W,target_level_i2d,jw07763-o051_t051_nircam_clear-f150w_i2d.fits,mast:JWST/product/jw07763-o051_t051_nircam_clear-f150w_i2d.fits,https://mast.stsci.edu/api/v0.1/Download/file?uri=mast%3AJWST%2Fproduct%2Fjw07763-o051_t051_nircam_clear-f150w_i2d.fits,1216137600,PUBLIC,downloadable_public,61212.68678229,2026-06-21T16:28:57.990,186.4913,10.0538,jw07763-o051_t051_nircam_clear-f150w,416322861,https://mast.stsci.edu/api/v0/invoke,public Cycle-4 Treasury target-level association
GO7763_J_Virgo,7763,IC3328,51,NIRCAM,F277W,target_level_i2d,jw07763-o051_t051_nircam_clear-f277w_i2d.fits,mast:JWST/product/jw07763-o051_t051_nircam_clear-f277w_i2d.fits,https://mast.stsci.edu/api/v0.1/Download/file?uri=mast%3AJWST%2Fproduct%2Fjw07763-o051_t051_nircam_clear-f277w_i2d.fits,288771840,PUBLIC,downloadable_public,61212.68678229,2026-06-21T16:28:57.990,186.4913,10.0538,jw07763-o051_t051_nircam_clear-f277w,416322977,https://mast.stsci.edu/api/v0/invoke,public Cycle-4 Treasury target-level association
GO7763_J_Virgo,7763,IC3328,51,NIRISS,F115W,target_level_i2d,jw07763-o051_t051_niriss_clear-f115w_i2d.fits,mast:JWST/product/jw07763-o051_t051_niriss_clear-f115w_i2d.fits,https://mast.stsci.edu/api/v0.1/Download/file?uri=mast%3AJWST%2Fproduct%2Fjw07763-o051_t051_niriss_clear-f115w_i2d.fits,118952640,PUBLIC,downloadable_public,61212.68458325,2026-06-21T16:25:47.993,186.4913,10.0538,jw07763-o051_t051_niriss_clear-f115w,416322840,https://mast.stsci.edu/api/v0/invoke,public Cycle-4 Treasury target-level association
GO7763_J_Virgo,7763,IC3328,51,NIRISS,F277W,target_level_i2d,jw07763-o051_t051_niriss_clearp-f277w_i2d.fits,mast:JWST/product/jw07763-o051_t051_niriss_clearp-f277w_i2d.fits,https://mast.stsci.edu/api/v0.1/Download/file?uri=mast%3AJWST%2Fproduct%2Fjw07763-o051_t051_niriss_clearp-f277w_i2d.fits,118952640,PUBLIC,downloadable_public,61212.68458325,2026-06-21T16:25:47.993,186.4913,10.0538,jw07763-o051_t051_niriss_clearp-f277w,416322841,https://mast.stsci.edu/api/v0/invoke,public Cycle-4 Treasury target-level association
GO7763_J_Virgo,7763,IC3349,56,NIRCAM,F115W,target_level_i2d,jw07763-o056_t056_nircam_clear-f115w_i2d.fits,mast:JWST/product/jw07763-o056_t056_nircam_clear-f115w_i2d.fits,https://mast.stsci.edu/api/v0.1/Download/file?uri=mast%3AJWST%2Fproduct%2Fjw07763-o056_t056_nircam_clear-f115w_i2d.fits,1216137600,PUBLIC,downloadable_public,61212.82586791,2026-06-21T19:49:14.987,186.6961,12.453969444444443,jw07763-o056_t056_nircam_clear-f115w,416323312,https://mast.stsci.edu/api/v0/invoke,public Cycle-4 Treasury target-level association
GO7763_J_Virgo,7763,IC3349,56,NIRCAM,F150W,target_level_i2d,jw07763-o056_t056_nircam_clear-f150w_i2d.fits,mast:JWST/product/jw07763-o056_t056_nircam_clear-f150w_i2d.fits,https://mast.stsci.edu/api/v0.1/Download/file?uri=mast%3AJWST%2Fproduct%2Fjw07763-o056_t056_nircam_clear-f150w_i2d.fits,1216258560,PUBLIC,downloadable_public,61212.82586791,2026-06-21T19:49:14.987,186.6961,12.453969444444443,jw07763-o056_t056_nircam_clear-f150w,416323254,https://mast.stsci.edu/api/v0/invoke,public Cycle-4 Treasury target-level association
GO7763_J_Virgo,7763,IC3349,56,NIRCAM,F277W,target_level_i2d,jw07763-o056_t056_nircam_clear-f277w_i2d.fits,mast:JWST/product/jw07763-o056_t056_nircam_clear-f277w_i2d.fits,https://mast.stsci.edu/api/v0.1/Download/file?uri=mast%3AJWST%2Fproduct%2Fjw07763-o056_t056_nircam_clear-f277w_i2d.fits,288768960,PUBLIC,downloadable_public,61212.82586791,2026-06-21T19:49:14.987,186.6961,12.453969444444443,jw07763-o056_t056_nircam_clear-f277w,416323253,https://mast.stsci.edu/api/v0/invoke,public Cycle-4 Treasury target-level association
GO7763_J_Virgo,7763,IC3349,56,NIRISS,F115W,target_level_i2d,jw07763-o056_t056_niriss_clear-f115w_i2d.fits,mast:JWST/product/jw07763-o056_t056_niriss_clear-f115w_i2d.fits,https://mast.stsci.edu/api/v0.1/Download/file?uri=mast%3AJWST%2Fproduct%2Fjw07763-o056_t056_niriss_clear-f115w_i2d.fits,118952640,PUBLIC,downloadable_public,61212.82325224,2026-06-21T19:45:28.994,186.6961,12.453969444444443,jw07763-o056_t056_niriss_clear-f115w,416323172,https://mast.stsci.edu/api/v0/invoke,public Cycle-4 Treasury target-level association
GO7763_J_Virgo,7763,IC3349,56,NIRISS,F277W,target_level_i2d,jw07763-o056_t056_niriss_clearp-f277w_i2d.fits,mast:JWST/product/jw07763-o056_t056_niriss_clearp-f277w_i2d.fits,https://mast.stsci.edu/api/v0.1/Download/file?uri=mast%3AJWST%2Fproduct%2Fjw07763-o056_t056_niriss_clearp-f277w_i2d.fits,118952640,PUBLIC,downloadable_public,61212.82325224,2026-06-21T19:45:28.994,186.6961,12.453969444444443,jw07763-o056_t056_niriss_clearp-f277w,416323171,https://mast.stsci.edu/api/v0/invoke,public Cycle-4 Treasury target-level association
GO7763_J_Virgo,7763,IC3358,49,NIRCAM,F115W,target_level_i2d,jw07763-o049_t049_nircam_clear-f115w_i2d.fits,mast:JWST/product/jw07763-o049_t049_nircam_clear-f115w_i2d.fits,https://mast.stsci.edu/api/v0.1/Download/file?uri=mast%3AJWST%2Fproduct%2Fjw07763-o049_t049_nircam_clear-f115w_i2d.fits,1216258560,PUBLIC,downloadable_public,61213.85977997,2026-06-22T20:38:04.989,186.72650291666667,11.663936111111111,jw07763-o049_t049_nircam_clear-f115w,416322661,https://mast.stsci.edu/api/v0/invoke,public Cycle-4 Treasury target-level association
GO7763_J_Virgo,7763,IC3358,49,NIRCAM,F150W,target_level_i2d,jw07763-o049_t049_nircam_clear-f150w_i2d.fits,mast:JWST/product/jw07763-o049_t049_nircam_clear-f150w_i2d.fits,https://mast.stsci.edu/api/v0.1/Download/file?uri=mast%3AJWST%2Fproduct%2Fjw07763-o049_t049_nircam_clear-f150w_i2d.fits,1216258560,PUBLIC,downloadable_public,61213.85977997,2026-06-22T20:38:04.989,186.72650291666667,11.663936111111111,jw07763-o049_t049_nircam_clear-f150w,416369264,https://mast.stsci.edu/api/v0/invoke,public Cycle-4 Treasury target-level association
GO7763_J_Virgo,7763,IC3358,49,NIRCAM,F277W,target_level_i2d,jw07763-o049_t049_nircam_clear-f277w_i2d.fits,mast:JWST/product/jw07763-o049_t049_nircam_clear-f277w_i2d.fits,https://mast.stsci.edu/api/v0.1/Download/file?uri=mast%3AJWST%2Fproduct%2Fjw07763-o049_t049_nircam_clear-f277w_i2d.fits,288771840,PUBLIC,downloadable_public,61213.85977997,2026-06-22T20:38:04.989,186.72650291666667,11.663936111111111,jw07763-o049_t049_nircam_clear-f277w,416322631,https://mast.stsci.edu/api/v0/invoke,public Cycle-4 Treasury target-level association
GO7763_J_Virgo,7763,IC3358,49,NIRISS,F115W,target_level_i2d,jw07763-o049_t049_niriss_clear-f115w_i2d.fits,mast:JWST/product/jw07763-o049_t049_niriss_clear-f115w_i2d.fits,https://mast.stsci.edu/api/v0.1/Download/file?uri=mast%3AJWST%2Fproduct%2Fjw07763-o049_t049_niriss_clear-f115w_i2d.fits,118952640,PUBLIC,downloadable_public,61212.57372674,2026-06-21T13:46:09.990,186.72650291666667,11.663936111111111,jw07763-o049_t049_niriss_clear-f115w,416322613,https://mast.stsci.edu/api/v0/invoke,public Cycle-4 Treasury target-level association
GO7763_J_Virgo,7763,IC3358,49,NIRISS,F277W,target_level_i2d,jw07763-o049_t049_niriss_clearp-f277w_i2d.fits,mast:JWST/product/jw07763-o049_t049_niriss_clearp-f277w_i2d.fits,https://mast.stsci.edu/api/v0.1/Download/file?uri=mast%3AJWST%2Fproduct%2Fjw07763-o049_t049_niriss_clearp-f277w_i2d.fits,118952640,PUBLIC,downloadable_public,61212.57372674,2026-06-21T13:46:09.990,186.72650291666667,11.663936111111111,jw07763-o049_t049_niriss_clearp-f277w,416322630,https://mast.stsci.edu/api/v0/invoke,public Cycle-4 Treasury target-level association
GO7763_J_Virgo,7763,IC3363,61,NIRCAM,F115W,target_level_i2d,jw07763-o061_t061_nircam_clear-f115w_i2d.fits,mast:JWST/product/jw07763-o061_t061_nircam_clear-f115w_i2d.fits,https://mast.stsci.edu/api/v0.1/Download/file?uri=mast%3AJWST%2Fproduct%2Fjw07763-o061_t061_nircam_clear-f115w_i2d.fits,1216137600,PUBLIC,downloadable_public,61213.01923611,2026-06-22T00:27:42.000,186.76284416666667,12.560777777777778,jw07763-o061_t061_nircam_clear-f115w,416323708,https://mast.stsci.edu/api/v0/invoke,public Cycle-4 Treasury target-level association
GO7763_J_Virgo,7763,IC3363,61,NIRCAM,F150W,target_level_i2d,jw07763-o061_t061_nircam_clear-f150w_i2d.fits,mast:JWST/product/jw07763-o061_t061_nircam_clear-f150w_i2d.fits,https://mast.stsci.edu/api/v0.1/Download/file?uri=mast%3AJWST%2Fproduct%2Fjw07763-o061_t061_nircam_clear-f150w_i2d.fits,1216258560,PUBLIC,downloadable_public,61213.01923611,2026-06-22T00:27:42.000,186.76284416666667,12.560777777777778,jw07763-o061_t061_nircam_clear-f150w,416323678,https://mast.stsci.edu/api/v0/invoke,public Cycle-4 Treasury target-level association
GO7763_J_Virgo,7763,IC3363,61,NIRCAM,F277W,target_level_i2d,jw07763-o061_t061_nircam_clear-f277w_i2d.fits,mast:JWST/product/jw07763-o061_t061_nircam_clear-f277w_i2d.fits,https://mast.stsci.edu/api/v0.1/Download/file?uri=mast%3AJWST%2Fproduct%2Fjw07763-o061_t061_nircam_clear-f277w_i2d.fits,288771840,PUBLIC,downloadable_public,61213.01923611,2026-06-22T00:27:42.000,186.76284416666667,12.560777777777778,jw07763-o061_t061_nircam_clear-f277w,416323707,https://mast.stsci.edu/api/v0/invoke,public Cycle-4 Treasury target-level association
GO7763_J_Virgo,7763,IC3363,61,NIRISS,F115W,target_level_i2d,jw07763-o061_t061_niriss_clear-f115w_i2d.fits,mast:JWST/product/jw07763-o061_t061_niriss_clear-f115w_i2d.fits,https://mast.stsci.edu/api/v0.1/Download/file?uri=mast%3AJWST%2Fproduct%2Fjw07763-o061_t061_niriss_clear-f115w_i2d.fits,118952640,PUBLIC,downloadable_public,61213.01664349,2026-06-22T00:23:57.998,186.76284416666667,12.560777777777778,jw07763-o061_t061_niriss_clear-f115w,416323568,https://mast.stsci.edu/api/v0/invoke,public Cycle-4 Treasury target-level association
GO7763_J_Virgo,7763,IC3363,61,NIRISS,F277W,target_level_i2d,jw07763-o061_t061_niriss_clearp-f277w_i2d.fits,mast:JWST/product/jw07763-o061_t061_niriss_clearp-f277w_i2d.fits,https://mast.stsci.edu/api/v0.1/Download/file?uri=mast%3AJWST%2Fproduct%2Fjw07763-o061_t061_niriss_clearp-f277w_i2d.fits,118952640,PUBLIC,downloadable_public,61213.01664349,2026-06-22T00:23:57.998,186.76284416666667,12.560777777777778,jw07763-o061_t061_niriss_clearp-f277w,416323679,https://mast.stsci.edu/api/v0/invoke,public Cycle-4 Treasury target-level association
GO7763_J_Virgo,7763,IC3381,43,NIRCAM,F115W,target_level_i2d,jw07763-o043_t043_nircam_clear-f115w_i2d.fits,mast:JWST/product/jw07763-o043_t043_nircam_clear-f115w_i2d.fits,https://mast.stsci.edu/api/v0.1/Download/file?uri=mast%3AJWST%2Fproduct%2Fjw07763-o043_t043_nircam_clear-f115w_i2d.fits,1216137600,PUBLIC,downloadable_public,61199.10244219,2026-06-08T02:27:31.005,187.06196416666666,11.789883333333334,jw07763-o043_t043_nircam_clear-f115w,408572528,https://mast.stsci.edu/api/v0/invoke,public Cycle-4 Treasury target-level association
GO7763_J_Virgo,7763,IC3381,43,NIRCAM,F150W,target_level_i2d,jw07763-o043_t043_nircam_clear-f150w_i2d.fits,mast:JWST/product/jw07763-o043_t043_nircam_clear-f150w_i2d.fits,https://mast.stsci.edu/api/v0.1/Download/file?uri=mast%3AJWST%2Fproduct%2Fjw07763-o043_t043_nircam_clear-f150w_i2d.fits,1216137600,PUBLIC,downloadable_public,61199.10244219,2026-06-08T02:27:31.005,187.06196416666666,11.789883333333334,jw07763-o043_t043_nircam_clear-f150w,408559381,https://mast.stsci.edu/api/v0/invoke,public Cycle-4 Treasury target-level association
GO7763_J_Virgo,7763,IC3381,43,NIRCAM,F277W,target_level_i2d,jw07763-o043_t043_nircam_clear-f277w_i2d.fits,mast:JWST/product/jw07763-o043_t043_nircam_clear-f277w_i2d.fits,https://mast.stsci.edu/api/v0.1/Download/file?uri=mast%3AJWST%2Fproduct%2Fjw07763-o043_t043_nircam_clear-f277w_i2d.fits,288771840,PUBLIC,downloadable_public,61199.10244219,2026-06-08T02:27:31.005,187.06196416666666,11.789883333333334,jw07763-o043_t043_nircam_clear-f277w,408572512,https://mast.stsci.edu/api/v0/invoke,public Cycle-4 Treasury target-level association
GO7763_J_Virgo,7763,IC3381,43,NIRISS,F115W,target_level_i2d,jw07763-o043_t043_niriss_clear-f115w_i2d.fits,mast:JWST/product/jw07763-o043_t043_niriss_clear-f115w_i2d.fits,https://mast.stsci.edu/api/v0.1/Download/file?uri=mast%3AJWST%2Fproduct%2Fjw07763-o043_t043_niriss_clear-f115w_i2d.fits,118952640,PUBLIC,downloadable_public,61199.09989587,2026-06-08T02:23:51.003,187.06196416666666,11.789883333333334,jw07763-o043_t043_niriss_clear-f115w,408550924,https://mast.stsci.edu/api/v0/invoke,public Cycle-4 Treasury target-level association
GO7763_J_Virgo,7763,IC3381,43,NIRISS,F277W,target_level_i2d,jw07763-o043_t043_niriss_clearp-f277w_i2d.fits,mast:JWST/product/jw07763-o043_t043_niriss_clearp-f277w_i2d.fits,https://mast.stsci.edu/api/v0.1/Download/file?uri=mast%3AJWST%2Fproduct%2Fjw07763-o043_t043_niriss_clearp-f277w_i2d.fits,118952640,PUBLIC,downloadable_public,61199.09989587,2026-06-08T02:23:51.003,187.06196416666666,11.789883333333334,jw07763-o043_t043_niriss_clearp-f277w,408550910,https://mast.stsci.edu/api/v0/invoke,public Cycle-4 Treasury target-level association
GO7763_J_Virgo,7763,IC3383,72,NIRCAM,F115W,target_level_i2d,jw07763-o072_t072_nircam_clear-f115w_i2d.fits,mast:JWST/product/jw07763-o072_t072_nircam_clear-f115w_i2d.fits,https://mast.stsci.edu/api/v0.1/Download/file?uri=mast%3AJWST%2Fproduct%2Fjw07763-o072_t072_nircam_clear-f115w_i2d.fits,1216137600,PUBLIC,downloadable_public,61215.56954846,2026-06-24T13:40:08.987,187.0513,10.2976,jw07763-o072_t072_nircam_clear-f115w,416877932,https://mast.stsci.edu/api/v0/invoke,public Cycle-4 Treasury target-level association
GO7763_J_Virgo,7763,IC3383,72,NIRCAM,F150W,target_level_i2d,jw07763-o072_t072_nircam_clear-f150w_i2d.fits,mast:JWST/product/jw07763-o072_t072_nircam_clear-f150w_i2d.fits,https://mast.stsci.edu/api/v0.1/Download/file?uri=mast%3AJWST%2Fproduct%2Fjw07763-o072_t072_nircam_clear-f150w_i2d.fits,1216258560,PUBLIC,downloadable_public,61215.56954846,2026-06-24T13:40:08.987,187.0513,10.2976,jw07763-o072_t072_nircam_clear-f150w,416877958,https://mast.stsci.edu/api/v0/invoke,public Cycle-4 Treasury target-level association
GO7763_J_Virgo,7763,IC3383,72,NIRCAM,F277W,target_level_i2d,jw07763-o072_t072_nircam_clear-f277w_i2d.fits,mast:JWST/product/jw07763-o072_t072_nircam_clear-f277w_i2d.fits,https://mast.stsci.edu/api/v0.1/Download/file?uri=mast%3AJWST%2Fproduct%2Fjw07763-o072_t072_nircam_clear-f277w_i2d.fits,288910080,PUBLIC,downloadable_public,61215.56954846,2026-06-24T13:40:08.987,187.0513,10.2976,jw07763-o072_t072_nircam_clear-f277w,416877889,https://mast.stsci.edu/api/v0/invoke,public Cycle-4 Treasury target-level association
GO7763_J_Virgo,7763,IC3383,72,NIRISS,F115W,target_level_i2d,jw07763-o072_t072_niriss_clear-f115w_i2d.fits,mast:JWST/product/jw07763-o072_t072_niriss_clear-f115w_i2d.fits,https://mast.stsci.edu/api/v0.1/Download/file?uri=mast%3AJWST%2Fproduct%2Fjw07763-o072_t072_niriss_clear-f115w_i2d.fits,118952640,PUBLIC,downloadable_public,61215.56800914,2026-06-24T13:37:55.990,187.0513,10.2976,jw07763-o072_t072_niriss_clear-f115w,416877912,https://mast.stsci.edu/api/v0/invoke,public Cycle-4 Treasury target-level association
GO7763_J_Virgo,7763,IC3383,72,NIRISS,F277W,target_level_i2d,jw07763-o072_t072_niriss_clearp-f277w_i2d.fits,mast:JWST/product/jw07763-o072_t072_niriss_clearp-f277w_i2d.fits,https://mast.stsci.edu/api/v0.1/Download/file?uri=mast%3AJWST%2Fproduct%2Fjw07763-o072_t072_niriss_clearp-f277w_i2d.fits,118952640,PUBLIC,downloadable_public,61215.56800914,2026-06-24T13:37:55.990,187.0513,10.2976,jw07763-o072_t072_niriss_clearp-f277w,416922853,https://mast.stsci.edu/api/v0/invoke,public Cycle-4 Treasury target-level association
GO7763_J_Virgo,7763,IC3388,70,NIRCAM,F115W,target_level_i2d,jw07763-o070_t070_nircam_clear-f115w_i2d.fits,mast:JWST/product/jw07763-o070_t070_nircam_clear-f115w_i2d.fits,https://mast.stsci.edu/api/v0.1/Download/file?uri=mast%3AJWST%2Fproduct%2Fjw07763-o070_t070_nircam_clear-f115w_i2d.fits,1216137600,PUBLIC,downloadable_public,61213.13249995,2026-06-22T03:10:47.996,187.116905,12.823694444444444,jw07763-o070_t070_nircam_clear-f115w,416323895,https://mast.stsci.edu/api/v0/invoke,public Cycle-4 Treasury target-level association
GO7763_J_Virgo,7763,IC3388,70,NIRCAM,F150W,target_level_i2d,jw07763-o070_t070_nircam_clear-f150w_i2d.fits,mast:JWST/product/jw07763-o070_t070_nircam_clear-f150w_i2d.fits,https://mast.stsci.edu/api/v0.1/Download/file?uri=mast%3AJWST%2Fproduct%2Fjw07763-o070_t070_nircam_clear-f150w_i2d.fits,1216137600,PUBLIC,downloadable_public,61213.13249995,2026-06-22T03:10:47.996,187.116905,12.823694444444444,jw07763-o070_t070_nircam_clear-f150w,416323847,https://mast.stsci.edu/api/v0/invoke,public Cycle-4 Treasury target-level association
GO7763_J_Virgo,7763,IC3388,70,NIRCAM,F277W,target_level_i2d,jw07763-o070_t070_nircam_clear-f277w_i2d.fits,mast:JWST/product/jw07763-o070_t070_nircam_clear-f277w_i2d.fits,https://mast.stsci.edu/api/v0.1/Download/file?uri=mast%3AJWST%2Fproduct%2Fjw07763-o070_t070_nircam_clear-f277w_i2d.fits,288711360,PUBLIC,downloadable_public,61213.13249995,2026-06-22T03:10:47.996,187.116905,12.823694444444444,jw07763-o070_t070_nircam_clear-f277w,416323848,https://mast.stsci.edu/api/v0/invoke,public Cycle-4 Treasury target-level association
GO7763_J_Virgo,7763,IC3388,70,NIRISS,F115W,target_level_i2d,jw07763-o070_t070_niriss_clear-f115w_i2d.fits,mast:JWST/product/jw07763-o070_t070_niriss_clear-f115w_i2d.fits,https://mast.stsci.edu/api/v0.1/Download/file?uri=mast%3AJWST%2Fproduct%2Fjw07763-o070_t070_niriss_clear-f115w_i2d.fits,118952640,PUBLIC,downloadable_public,61213.12991897,2026-06-22T03:07:04.999,187.116905,12.823694444444444,jw07763-o070_t070_niriss_clear-f115w,416323813,https://mast.stsci.edu/api/v0/invoke,public Cycle-4 Treasury target-level association
GO7763_J_Virgo,7763,IC3388,70,NIRISS,F277W,target_level_i2d,jw07763-o070_t070_niriss_clearp-f277w_i2d.fits,mast:JWST/product/jw07763-o070_t070_niriss_clearp-f277w_i2d.fits,https://mast.stsci.edu/api/v0.1/Download/file?uri=mast%3AJWST%2Fproduct%2Fjw07763-o070_t070_niriss_clearp-f277w_i2d.fits,118952640,PUBLIC,downloadable_public,61213.12991897,2026-06-22T03:07:04.999,187.116905,12.823694444444444,jw07763-o070_t070_niriss_clearp-f277w,416323812,https://mast.stsci.edu/api/v0/invoke,public Cycle-4 Treasury target-level association
GO7763_J_Virgo,7763,IC3393,58,NIRCAM,F115W,target_level_i2d,jw07763-o058_t058_nircam_clear-f115w_i2d.fits,mast:JWST/product/jw07763-o058_t058_nircam_clear-f115w_i2d.fits,https://mast.stsci.edu/api/v0.1/Download/file?uri=mast%3AJWST%2Fproduct%2Fjw07763-o058_t058_nircam_clear-f115w_i2d.fits,1216258560,PUBLIC,downloadable_public,61213.62857636,2026-06-22T15:05:08.998,187.17379583333332,12.915888888888889,jw07763-o058_t058_nircam_clear-f115w,416369158,https://mast.stsci.edu/api/v0/invoke,public Cycle-4 Treasury target-level association
GO7763_J_Virgo,7763,IC3393,58,NIRCAM,F150W,target_level_i2d,jw07763-o058_t058_nircam_clear-f150w_i2d.fits,mast:JWST/product/jw07763-o058_t058_nircam_clear-f150w_i2d.fits,https://mast.stsci.edu/api/v0.1/Download/file?uri=mast%3AJWST%2Fproduct%2Fjw07763-o058_t058_nircam_clear-f150w_i2d.fits,1216137600,PUBLIC,downloadable_public,61213.62857636,2026-06-22T15:05:08.998,187.17379583333332,12.915888888888889,jw07763-o058_t058_nircam_clear-f150w,416369159,https://mast.stsci.edu/api/v0/invoke,public Cycle-4 Treasury target-level association
GO7763_J_Virgo,7763,IC3393,58,NIRCAM,F277W,target_level_i2d,jw07763-o058_t058_nircam_clear-f277w_i2d.fits,mast:JWST/product/jw07763-o058_t058_nircam_clear-f277w_i2d.fits,https://mast.stsci.edu/api/v0.1/Download/file?uri=mast%3AJWST%2Fproduct%2Fjw07763-o058_t058_nircam_clear-f277w_i2d.fits,288771840,PUBLIC,downloadable_public,61213.62857636,2026-06-22T15:05:08.998,187.17379583333332,12.915888888888889,jw07763-o058_t058_nircam_clear-f277w,416369157,https://mast.stsci.edu/api/v0/invoke,public Cycle-4 Treasury target-level association
GO7763_J_Virgo,7763,IC3393,58,NIRISS,F115W,target_level_i2d,jw07763-o058_t058_niriss_clear-f115w_i2d.fits,mast:JWST/product/jw07763-o058_t058_niriss_clear-f115w_i2d.fits,https://mast.stsci.edu/api/v0.1/Download/file?uri=mast%3AJWST%2Fproduct%2Fjw07763-o058_t058_niriss_clear-f115w_i2d.fits,118952640,PUBLIC,downloadable_public,61213.62642352,2026-06-22T15:02:02.992,187.17379583333332,12.915888888888889,jw07763-o058_t058_niriss_clear-f115w,416369109,https://mast.stsci.edu/api/v0/invoke,public Cycle-4 Treasury target-level association
GO7763_J_Virgo,7763,IC3393,58,NIRISS,F277W,target_level_i2d,jw07763-o058_t058_niriss_clearp-f277w_i2d.fits,mast:JWST/product/jw07763-o058_t058_niriss_clearp-f277w_i2d.fits,https://mast.stsci.edu/api/v0.1/Download/file?uri=mast%3AJWST%2Fproduct%2Fjw07763-o058_t058_niriss_clearp-f277w_i2d.fits,118952640,PUBLIC,downloadable_public,61213.62642352,2026-06-22T15:02:02.992,187.17379583333332,12.915888888888889,jw07763-o058_t058_niriss_clearp-f277w,416369110,https://mast.stsci.edu/api/v0/invoke,public Cycle-4 Treasury target-level association
GO7763_J_Virgo,7763,IC3437,75,NIRCAM,F115W,target_level_i2d,jw07763-o075_t075_nircam_clear-f115w_i2d.fits,mast:JWST/product/jw07763-o075_t075_nircam_clear-f115w_i2d.fits,https://mast.stsci.edu/api/v0.1/Download/file?uri=mast%3AJWST%2Fproduct%2Fjw07763-o075_t075_nircam_clear-f115w_i2d.fits,1215976320,PUBLIC,downloadable_public,61215.7481828,2026-06-24T17:57:22.994,187.69129999999998,11.343200000000001,jw07763-o075_t075_nircam_clear-f115w,417097386,https://mast.stsci.edu/api/v0/invoke,public Cycle-4 Treasury target-level association
GO7763_J_Virgo,7763,IC3437,75,NIRCAM,F150W,target_level_i2d,jw07763-o075_t075_nircam_clear-f150w_i2d.fits,mast:JWST/product/jw07763-o075_t075_nircam_clear-f150w_i2d.fits,https://mast.stsci.edu/api/v0.1/Download/file?uri=mast%3AJWST%2Fproduct%2Fjw07763-o075_t075_nircam_clear-f150w_i2d.fits,1216137600,PUBLIC,downloadable_public,61215.7481828,2026-06-24T17:57:22.994,187.69129999999998,11.343200000000001,jw07763-o075_t075_nircam_clear-f150w,417097429,https://mast.stsci.edu/api/v0/invoke,public Cycle-4 Treasury target-level association
GO7763_J_Virgo,7763,IC3437,75,NIRCAM,F277W,target_level_i2d,jw07763-o075_t075_nircam_clear-f277w_i2d.fits,mast:JWST/product/jw07763-o075_t075_nircam_clear-f277w_i2d.fits,https://mast.stsci.edu/api/v0.1/Download/file?uri=mast%3AJWST%2Fproduct%2Fjw07763-o075_t075_nircam_clear-f277w_i2d.fits,288771840,PUBLIC,downloadable_public,61215.7481828,2026-06-24T17:57:22.994,187.69129999999998,11.343200000000001,jw07763-o075_t075_nircam_clear-f277w,417097483,https://mast.stsci.edu/api/v0/invoke,public Cycle-4 Treasury target-level association
GO7763_J_Virgo,7763,IC3437,75,NIRISS,F115W,target_level_i2d,jw07763-o075_t075_niriss_clear-f115w_i2d.fits,mast:JWST/product/jw07763-o075_t075_niriss_clear-f115w_i2d.fits,https://mast.stsci.edu/api/v0.1/Download/file?uri=mast%3AJWST%2Fproduct%2Fjw07763-o075_t075_niriss_clear-f115w_i2d.fits,118952640,PUBLIC,downloadable_public,61215.74638885,2026-06-24T17:54:47.997,187.69129999999998,11.343200000000001,jw07763-o075_t075_niriss_clear-f115w,417097451,https://mast.stsci.edu/api/v0/invoke,public Cycle-4 Treasury target-level association
GO7763_J_Virgo,7763,IC3437,75,NIRISS,F277W,target_level_i2d,jw07763-o075_t075_niriss_clearp-f277w_i2d.fits,mast:JWST/product/jw07763-o075_t075_niriss_clearp-f277w_i2d.fits,https://mast.stsci.edu/api/v0.1/Download/file?uri=mast%3AJWST%2Fproduct%2Fjw07763-o075_t075_niriss_clearp-f277w_i2d.fits,118952640,PUBLIC,downloadable_public,61215.74638885,2026-06-24T17:54:47.997,187.69129999999998,11.343200000000001,jw07763-o075_t075_niriss_clearp-f277w,417097354,https://mast.stsci.edu/api/v0/invoke,public Cycle-4 Treasury target-level association
GO7763_J_Virgo,7763,IC3442,55,NIRCAM,F115W,target_level_i2d,jw07763-o055_t055_nircam_clear-f115w_i2d.fits,mast:JWST/product/jw07763-o055_t055_nircam_clear-f115w_i2d.fits,https://mast.stsci.edu/api/v0.1/Download/file?uri=mast%3AJWST%2Fproduct%2Fjw07763-o055_t055_nircam_clear-f115w_i2d.fits,1216137600,PUBLIC,downloadable_public,61212.75361108,2026-06-21T18:05:11.997,187.8336,14.1154,jw07763-o055_t055_nircam_clear-f115w,416323028,https://mast.stsci.edu/api/v0/invoke,public Cycle-4 Treasury target-level association
GO7763_J_Virgo,7763,IC3442,55,NIRCAM,F150W,target_level_i2d,jw07763-o055_t055_nircam_clear-f150w_i2d.fits,mast:JWST/product/jw07763-o055_t055_nircam_clear-f150w_i2d.fits,https://mast.stsci.edu/api/v0.1/Download/file?uri=mast%3AJWST%2Fproduct%2Fjw07763-o055_t055_nircam_clear-f150w_i2d.fits,1216258560,PUBLIC,downloadable_public,61212.75361108,2026-06-21T18:05:11.997,187.8336,14.1154,jw07763-o055_t055_nircam_clear-f150w,416323002,https://mast.stsci.edu/api/v0/invoke,public Cycle-4 Treasury target-level association
GO7763_J_Virgo,7763,IC3442,55,NIRCAM,F277W,target_level_i2d,jw07763-o055_t055_nircam_clear-f277w_i2d.fits,mast:JWST/product/jw07763-o055_t055_nircam_clear-f277w_i2d.fits,https://mast.stsci.edu/api/v0.1/Download/file?uri=mast%3AJWST%2Fproduct%2Fjw07763-o055_t055_nircam_clear-f277w_i2d.fits,288768960,PUBLIC,downloadable_public,61212.75361108,2026-06-21T18:05:11.997,187.8336,14.1154,jw07763-o055_t055_nircam_clear-f277w,416323029,https://mast.stsci.edu/api/v0/invoke,public Cycle-4 Treasury target-level association
GO7763_J_Virgo,7763,IC3442,55,NIRISS,F115W,target_level_i2d,jw07763-o055_t055_niriss_clear-f115w_i2d.fits,mast:JWST/product/jw07763-o055_t055_niriss_clear-f115w_i2d.fits,https://mast.stsci.edu/api/v0.1/Download/file?uri=mast%3AJWST%2Fproduct%2Fjw07763-o055_t055_niriss_clear-f115w_i2d.fits,118952640,PUBLIC,downloadable_public,61212.75099532,2026-06-21T18:01:25.996,187.8336,14.1154,jw07763-o055_t055_niriss_clear-f115w,416323097,https://mast.stsci.edu/api/v0/invoke,public Cycle-4 Treasury target-level association
GO7763_J_Virgo,7763,IC3442,55,NIRISS,F277W,target_level_i2d,jw07763-o055_t055_niriss_clearp-f277w_i2d.fits,mast:JWST/product/jw07763-o055_t055_niriss_clearp-f277w_i2d.fits,https://mast.stsci.edu/api/v0.1/Download/file?uri=mast%3AJWST%2Fproduct%2Fjw07763-o055_t055_niriss_clearp-f277w_i2d.fits,118952640,PUBLIC,downloadable_public,61212.75099532,2026-06-21T18:01:25.996,187.8336,14.1154,jw07763-o055_t055_niriss_clearp-f277w,416323096,https://mast.stsci.edu/api/v0/invoke,public Cycle-4 Treasury target-level association
GO7763_J_Virgo,7763,IC3443,76,NIRCAM,F115W,target_level_i2d,jw07763-o076_t076_nircam_clear-f115w_i2d.fits,mast:JWST/product/jw07763-o076_t076_nircam_clear-f115w_i2d.fits,https://mast.stsci.edu/api/v0.1/Download/file?uri=mast%3AJWST%2Fproduct%2Fjw07763-o076_t076_nircam_clear-f115w_i2d.fits,1216140480,PUBLIC,downloadable_public,61215.78821754,2026-06-24T18:55:01.995,187.8155529166667,12.331769444444443,jw07763-o076_t076_nircam_clear-f115w,417194485,https://mast.stsci.edu/api/v0/invoke,public Cycle-4 Treasury target-level association
GO7763_J_Virgo,7763,IC3443,76,NIRCAM,F150W,target_level_i2d,jw07763-o076_t076_nircam_clear-f150w_i2d.fits,mast:JWST/product/jw07763-o076_t076_nircam_clear-f150w_i2d.fits,https://mast.stsci.edu/api/v0.1/Download/file?uri=mast%3AJWST%2Fproduct%2Fjw07763-o076_t076_nircam_clear-f150w_i2d.fits,1216258560,PUBLIC,downloadable_public,61215.78821754,2026-06-24T18:55:01.995,187.8155529166667,12.331769444444443,jw07763-o076_t076_nircam_clear-f150w,417124416,https://mast.stsci.edu/api/v0/invoke,public Cycle-4 Treasury target-level association
GO7763_J_Virgo,7763,IC3443,76,NIRCAM,F277W,target_level_i2d,jw07763-o076_t076_nircam_clear-f277w_i2d.fits,mast:JWST/product/jw07763-o076_t076_nircam_clear-f277w_i2d.fits,https://mast.stsci.edu/api/v0.1/Download/file?uri=mast%3AJWST%2Fproduct%2Fjw07763-o076_t076_nircam_clear-f277w_i2d.fits,288768960,PUBLIC,downloadable_public,61215.78821754,2026-06-24T18:55:01.995,187.8155529166667,12.331769444444443,jw07763-o076_t076_nircam_clear-f277w,417194486,https://mast.stsci.edu/api/v0/invoke,public Cycle-4 Treasury target-level association
GO7763_J_Virgo,7763,IC3443,76,NIRISS,F115W,target_level_i2d,jw07763-o076_t076_niriss_clear-f115w_i2d.fits,mast:JWST/product/jw07763-o076_t076_niriss_clear-f115w_i2d.fits,https://mast.stsci.edu/api/v0.1/Download/file?uri=mast%3AJWST%2Fproduct%2Fjw07763-o076_t076_niriss_clear-f115w_i2d.fits,118952640,PUBLIC,downloadable_public,61215.78586798,2026-06-24T18:51:38.993,187.8155529166667,12.331769444444443,jw07763-o076_t076_niriss_clear-f115w,417124445,https://mast.stsci.edu/api/v0/invoke,public Cycle-4 Treasury target-level association
GO7763_J_Virgo,7763,IC3443,76,NIRISS,F277W,target_level_i2d,jw07763-o076_t076_niriss_clearp-f277w_i2d.fits,mast:JWST/product/jw07763-o076_t076_niriss_clearp-f277w_i2d.fits,https://mast.stsci.edu/api/v0.1/Download/file?uri=mast%3AJWST%2Fproduct%2Fjw07763-o076_t076_niriss_clearp-f277w_i2d.fits,118952640,PUBLIC,downloadable_public,61215.78586798,2026-06-24T18:51:38.993,187.8155529166667,12.331769444444443,jw07763-o076_t076_niriss_clearp-f277w,417124354,https://mast.stsci.edu/api/v0/invoke,public Cycle-4 Treasury target-level association
GO7763_J_Virgo,7763,IC3457,57,NIRCAM,F115W,target_level_i2d,jw07763-o057_t057_nircam_clear-f115w_i2d.fits,mast:JWST/product/jw07763-o057_t057_nircam_clear-f115w_i2d.fits,https://mast.stsci.edu/api/v0.1/Download/file?uri=mast%3AJWST%2Fproduct%2Fjw07763-o057_t057_nircam_clear-f115w_i2d.fits,1216140480,PUBLIC,downloadable_public,61212.88371524,2026-06-21T21:12:32.997,187.96388291666668,12.656994444444445,jw07763-o057_t057_nircam_clear-f115w,416323362,https://mast.stsci.edu/api/v0/invoke,public Cycle-4 Treasury target-level association
GO7763_J_Virgo,7763,IC3457,57,NIRCAM,F150W,target_level_i2d,jw07763-o057_t057_nircam_clear-f150w_i2d.fits,mast:JWST/product/jw07763-o057_t057_nircam_clear-f150w_i2d.fits,https://mast.stsci.edu/api/v0.1/Download/file?uri=mast%3AJWST%2Fproduct%2Fjw07763-o057_t057_nircam_clear-f150w_i2d.fits,1216137600,PUBLIC,downloadable_public,61212.88371524,2026-06-21T21:12:32.997,187.96388291666668,12.656994444444445,jw07763-o057_t057_nircam_clear-f150w,416323363,https://mast.stsci.edu/api/v0/invoke,public Cycle-4 Treasury target-level association
GO7763_J_Virgo,7763,IC3457,57,NIRCAM,F277W,target_level_i2d,jw07763-o057_t057_nircam_clear-f277w_i2d.fits,mast:JWST/product/jw07763-o057_t057_nircam_clear-f277w_i2d.fits,https://mast.stsci.edu/api/v0.1/Download/file?uri=mast%3AJWST%2Fproduct%2Fjw07763-o057_t057_nircam_clear-f277w_i2d.fits,288771840,PUBLIC,downloadable_public,61212.88371524,2026-06-21T21:12:32.997,187.96388291666668,12.656994444444445,jw07763-o057_t057_nircam_clear-f277w,416323361,https://mast.stsci.edu/api/v0/invoke,public Cycle-4 Treasury target-level association
GO7763_J_Virgo,7763,IC3457,57,NIRISS,F115W,target_level_i2d,jw07763-o057_t057_niriss_clear-f115w_i2d.fits,mast:JWST/product/jw07763-o057_t057_niriss_clear-f115w_i2d.fits,https://mast.stsci.edu/api/v0.1/Download/file?uri=mast%3AJWST%2Fproduct%2Fjw07763-o057_t057_niriss_clear-f115w_i2d.fits,118952640,PUBLIC,downloadable_public,61212.88172453,2026-06-21T21:09:40.999,187.96388291666668,12.656994444444445,jw07763-o057_t057_niriss_clear-f115w,416323379,https://mast.stsci.edu/api/v0/invoke,public Cycle-4 Treasury target-level association
GO7763_J_Virgo,7763,IC3457,57,NIRISS,F277W,target_level_i2d,jw07763-o057_t057_niriss_clearp-f277w_i2d.fits,mast:JWST/product/jw07763-o057_t057_niriss_clearp-f277w_i2d.fits,https://mast.stsci.edu/api/v0.1/Download/file?uri=mast%3AJWST%2Fproduct%2Fjw07763-o057_t057_niriss_clearp-f277w_i2d.fits,118952640,PUBLIC,downloadable_public,61212.88172453,2026-06-21T21:09:40.999,187.96388291666668,12.656994444444445,jw07763-o057_t057_niriss_clearp-f277w,416323378,https://mast.stsci.edu/api/v0/invoke,public Cycle-4 Treasury target-level association
GO7763_J_Virgo,7763,IC3459,62,NIRCAM,F115W,target_level_i2d,jw07763-o062_t062_nircam_clear-f115w_i2d.fits,mast:JWST/product/jw07763-o062_t062_nircam_clear-f115w_i2d.fits,https://mast.stsci.edu/api/v0.1/Download/file?uri=mast%3AJWST%2Fproduct%2Fjw07763-o062_t062_nircam_clear-f115w_i2d.fits,1216137600,PUBLIC,downloadable_public,61219.88390042,2026-06-28T21:12:48.996,187.983035,12.174163888888888,jw07763-o062_t062_nircam_clear-f115w,420407474,https://mast.stsci.edu/api/v0/invoke,public Cycle-4 Treasury target-level association
GO7763_J_Virgo,7763,IC3459,62,NIRCAM,F277W,target_level_i2d,jw07763-o062_t062_nircam_clear-f277w_i2d.fits,mast:JWST/product/jw07763-o062_t062_nircam_clear-f277w_i2d.fits,https://mast.stsci.edu/api/v0.1/Download/file?uri=mast%3AJWST%2Fproduct%2Fjw07763-o062_t062_nircam_clear-f277w_i2d.fits,288725760,PUBLIC,downloadable_public,61219.88390042,2026-06-28T21:12:48.996,187.983035,12.174163888888888,jw07763-o062_t062_nircam_clear-f277w,420407473,https://mast.stsci.edu/api/v0/invoke,public Cycle-4 Treasury target-level association
GO7763_J_Virgo,7763,IC3459,62,NIRISS,F277W,target_level_i2d,jw07763-o062_t062_niriss_clearp-f277w_i2d.fits,mast:JWST/product/jw07763-o062_t062_niriss_clearp-f277w_i2d.fits,https://mast.stsci.edu/api/v0.1/Download/file?uri=mast%3AJWST%2Fproduct%2Fjw07763-o062_t062_niriss_clearp-f277w_i2d.fits,118952640,PUBLIC,downloadable_public,61219.87913192,2026-06-28T21:05:56.998,187.983035,12.174163888888888,jw07763-o062_t062_niriss_clearp-f277w,419421371,https://mast.stsci.edu/api/v0/invoke,public Cycle-4 Treasury target-level association
GO7763_J_Virgo,7763,IC3461,59,NIRCAM,F115W,target_level_i2d,jw07763-o059_t059_nircam_clear-f115w_i2d.fits,mast:JWST/product/jw07763-o059_t059_nircam_clear-f115w_i2d.fits,https://mast.stsci.edu/api/v0.1/Download/file?uri=mast%3AJWST%2Fproduct%2Fjw07763-o059_t059_nircam_clear-f115w_i2d.fits,1216137600,PUBLIC,downloadable_public,61218.99621524,2026-06-27T23:54:32.997,188.01141083333334,11.890077777777778,jw07763-o059_t059_nircam_clear-f115w,419325951,https://mast.stsci.edu/api/v0/invoke,public Cycle-4 Treasury target-level association
GO7763_J_Virgo,7763,IC3461,59,NIRCAM,F150W,target_level_i2d,jw07763-o059_t059_nircam_clear-f150w_i2d.fits,mast:JWST/product/jw07763-o059_t059_nircam_clear-f150w_i2d.fits,https://mast.stsci.edu/api/v0.1/Download/file?uri=mast%3AJWST%2Fproduct%2Fjw07763-o059_t059_nircam_clear-f150w_i2d.fits,1216258560,PUBLIC,downloadable_public,61218.99621524,2026-06-27T23:54:32.997,188.01141083333334,11.890077777777778,jw07763-o059_t059_nircam_clear-f150w,419326002,https://mast.stsci.edu/api/v0/invoke,public Cycle-4 Treasury target-level association
GO7763_J_Virgo,7763,IC3461,59,NIRCAM,F277W,target_level_i2d,jw07763-o059_t059_nircam_clear-f277w_i2d.fits,mast:JWST/product/jw07763-o059_t059_nircam_clear-f277w_i2d.fits,https://mast.stsci.edu/api/v0.1/Download/file?uri=mast%3AJWST%2Fproduct%2Fjw07763-o059_t059_nircam_clear-f277w_i2d.fits,288771840,PUBLIC,downloadable_public,61218.99621524,2026-06-27T23:54:32.997,188.01141083333334,11.890077777777778,jw07763-o059_t059_nircam_clear-f277w,419325975,https://mast.stsci.edu/api/v0/invoke,public Cycle-4 Treasury target-level association
GO7763_J_Virgo,7763,IC3461,59,NIRISS,F115W,target_level_i2d,jw07763-o059_t059_niriss_clear-f115w_i2d.fits,mast:JWST/product/jw07763-o059_t059_niriss_clear-f115w_i2d.fits,https://mast.stsci.edu/api/v0.1/Download/file?uri=mast%3AJWST%2Fproduct%2Fjw07763-o059_t059_niriss_clear-f115w_i2d.fits,118952640,PUBLIC,downloadable_public,61218.99300914,2026-06-27T23:49:55.990,188.01141083333334,11.890077777777778,jw07763-o059_t059_niriss_clear-f115w,419326033,https://mast.stsci.edu/api/v0/invoke,public Cycle-4 Treasury target-level association
GO7763_J_Virgo,7763,IC3461,59,NIRISS,F277W,target_level_i2d,jw07763-o059_t059_niriss_clearp-f277w_i2d.fits,mast:JWST/product/jw07763-o059_t059_niriss_clearp-f277w_i2d.fits,https://mast.stsci.edu/api/v0.1/Download/file?uri=mast%3AJWST%2Fproduct%2Fjw07763-o059_t059_niriss_clearp-f277w_i2d.fits,118952640,PUBLIC,downloadable_public,61218.99300914,2026-06-27T23:49:55.990,188.01141083333334,11.890077777777778,jw07763-o059_t059_niriss_clearp-f277w,419325931,https://mast.stsci.edu/api/v0/invoke,public Cycle-4 Treasury target-level association
GO7763_J_Virgo,7763,IC3466,68,NIRCAM,F115W,target_level_i2d,jw07763-o068_t068_nircam_clear-f115w_i2d.fits,mast:JWST/product/jw07763-o068_t068_nircam_clear-f115w_i2d.fits,https://mast.stsci.edu/api/v0.1/Download/file?uri=mast%3AJWST%2Fproduct%2Fjw07763-o068_t068_nircam_clear-f115w_i2d.fits,1216258560,PUBLIC,downloadable_public,61221.28935176,2026-06-30T06:56:39.992,188.02347416666666,11.817658333333332,jw07763-o068_t068_nircam_clear-f115w,421864515,https://mast.stsci.edu/api/v0/invoke,public Cycle-4 Treasury target-level association
GO7763_J_Virgo,7763,IC3466,68,NIRCAM,F150W,target_level_i2d,jw07763-o068_t068_nircam_clear-f150w_i2d.fits,mast:JWST/product/jw07763-o068_t068_nircam_clear-f150w_i2d.fits,https://mast.stsci.edu/api/v0.1/Download/file?uri=mast%3AJWST%2Fproduct%2Fjw07763-o068_t068_nircam_clear-f150w_i2d.fits,1216258560,PUBLIC,downloadable_public,61221.28935176,2026-06-30T06:56:39.992,188.02347416666666,11.817658333333332,jw07763-o068_t068_nircam_clear-f150w,421864479,https://mast.stsci.edu/api/v0/invoke,public Cycle-4 Treasury target-level association
GO7763_J_Virgo,7763,IC3466,68,NIRCAM,F277W,target_level_i2d,jw07763-o068_t068_nircam_clear-f277w_i2d.fits,mast:JWST/product/jw07763-o068_t068_nircam_clear-f277w_i2d.fits,https://mast.stsci.edu/api/v0.1/Download/file?uri=mast%3AJWST%2Fproduct%2Fjw07763-o068_t068_nircam_clear-f277w_i2d.fits,288771840,PUBLIC,downloadable_public,61221.28935176,2026-06-30T06:56:39.992,188.02347416666666,11.817658333333332,jw07763-o068_t068_nircam_clear-f277w,421864552,https://mast.stsci.edu/api/v0/invoke,public Cycle-4 Treasury target-level association
GO7763_J_Virgo,7763,IC3466,68,NIRISS,F115W,target_level_i2d,jw07763-o068_t068_niriss_clear-f115w_i2d.fits,mast:JWST/product/jw07763-o068_t068_niriss_clear-f115w_i2d.fits,https://mast.stsci.edu/api/v0.1/Download/file?uri=mast%3AJWST%2Fproduct%2Fjw07763-o068_t068_niriss_clear-f115w_i2d.fits,118952640,PUBLIC,downloadable_public,61221.27403934,2026-06-30T06:34:36.999,188.02347416666666,11.817658333333332,jw07763-o068_t068_niriss_clear-f115w,421864581,https://mast.stsci.edu/api/v0/invoke,public Cycle-4 Treasury target-level association
GO7763_J_Virgo,7763,IC3466,68,NIRISS,F277W,target_level_i2d,jw07763-o068_t068_niriss_clearp-f277w_i2d.fits,mast:JWST/product/jw07763-o068_t068_niriss_clearp-f277w_i2d.fits,https://mast.stsci.edu/api/v0.1/Download/file?uri=mast%3AJWST%2Fproduct%2Fjw07763-o068_t068_niriss_clearp-f277w_i2d.fits,118952640,PUBLIC,downloadable_public,61221.27403934,2026-06-30T06:34:36.999,188.02347416666666,11.817658333333332,jw07763-o068_t068_niriss_clearp-f277w,421864452,https://mast.stsci.edu/api/v0/invoke,public Cycle-4 Treasury target-level association
GO7763_J_Virgo,7763,IC3468,46,NIRCAM,F115W,target_level_i2d,jw07763-o046_t046_nircam_clear-f115w_i2d.fits,mast:JWST/product/jw07763-o046_t046_nircam_clear-f115w_i2d.fits,https://mast.stsci.edu/api/v0.1/Download/file?uri=mast%3AJWST%2Fproduct%2Fjw07763-o046_t046_nircam_clear-f115w_i2d.fits,1216140480,PUBLIC,downloadable_public,61214.88075225,2026-06-23T21:08:16.994,188.05919999999998,10.2515,jw07763-o046_t046_nircam_clear-f115w,416848501,https://mast.stsci.edu/api/v0/invoke,public Cycle-4 Treasury target-level association
GO7763_J_Virgo,7763,IC3468,46,NIRCAM,F150W,target_level_i2d,jw07763-o046_t046_nircam_clear-f150w_i2d.fits,mast:JWST/product/jw07763-o046_t046_nircam_clear-f150w_i2d.fits,https://mast.stsci.edu/api/v0.1/Download/file?uri=mast%3AJWST%2Fproduct%2Fjw07763-o046_t046_nircam_clear-f150w_i2d.fits,1216258560,PUBLIC,downloadable_public,61214.88075225,2026-06-23T21:08:16.994,188.05919999999998,10.2515,jw07763-o046_t046_nircam_clear-f150w,416848209,https://mast.stsci.edu/api/v0/invoke,public Cycle-4 Treasury target-level association
GO7763_J_Virgo,7763,IC3468,46,NIRCAM,F277W,target_level_i2d,jw07763-o046_t046_nircam_clear-f277w_i2d.fits,mast:JWST/product/jw07763-o046_t046_nircam_clear-f277w_i2d.fits,https://mast.stsci.edu/api/v0.1/Download/file?uri=mast%3AJWST%2Fproduct%2Fjw07763-o046_t046_nircam_clear-f277w_i2d.fits,288771840,PUBLIC,downloadable_public,61214.88075225,2026-06-23T21:08:16.994,188.05919999999998,10.2515,jw07763-o046_t046_nircam_clear-f277w,416848500,https://mast.stsci.edu/api/v0/invoke,public Cycle-4 Treasury target-level association
GO7763_J_Virgo,7763,IC3468,46,NIRISS,F115W,target_level_i2d,jw07763-o046_t046_niriss_clear-f115w_i2d.fits,mast:JWST/product/jw07763-o046_t046_niriss_clear-f115w_i2d.fits,https://mast.stsci.edu/api/v0.1/Download/file?uri=mast%3AJWST%2Fproduct%2Fjw07763-o046_t046_niriss_clear-f115w_i2d.fits,118952640,PUBLIC,downloadable_public,61214.87814807,2026-06-23T21:04:31.993,188.05919999999998,10.2515,jw07763-o046_t046_niriss_clear-f115w,416835384,https://mast.stsci.edu/api/v0/invoke,public Cycle-4 Treasury target-level association
GO7763_J_Virgo,7763,IC3468,46,NIRISS,F277W,target_level_i2d,jw07763-o046_t046_niriss_clearp-f277w_i2d.fits,mast:JWST/product/jw07763-o046_t046_niriss_clearp-f277w_i2d.fits,https://mast.stsci.edu/api/v0.1/Download/file?uri=mast%3AJWST%2Fproduct%2Fjw07763-o046_t046_niriss_clearp-f277w_i2d.fits,118952640,PUBLIC,downloadable_public,61214.87814807,2026-06-23T21:04:31.993,188.05919999999998,10.2515,jw07763-o046_t046_niriss_clearp-f277w,416835361,https://mast.stsci.edu/api/v0/invoke,public Cycle-4 Treasury target-level association
GO7763_J_Virgo,7763,IC3470,54,NIRCAM,F115W,target_level_i2d,jw07763-o054_t054_nircam_clear-f115w_i2d.fits,mast:JWST/product/jw07763-o054_t054_nircam_clear-f115w_i2d.fits,https://mast.stsci.edu/api/v0.1/Download/file?uri=mast%3AJWST%2Fproduct%2Fjw07763-o054_t054_nircam_clear-f115w_i2d.fits,1216258560,PUBLIC,downloadable_public,61218.88348376,2026-06-27T21:12:12.997,188.09750000000003,11.263,jw07763-o054_t054_nircam_clear-f115w,419218373,https://mast.stsci.edu/api/v0/invoke,public Cycle-4 Treasury target-level association
GO7763_J_Virgo,7763,IC3470,54,NIRCAM,F150W,target_level_i2d,jw07763-o054_t054_nircam_clear-f150w_i2d.fits,mast:JWST/product/jw07763-o054_t054_nircam_clear-f150w_i2d.fits,https://mast.stsci.edu/api/v0.1/Download/file?uri=mast%3AJWST%2Fproduct%2Fjw07763-o054_t054_nircam_clear-f150w_i2d.fits,1216137600,PUBLIC,downloadable_public,61218.88348376,2026-06-27T21:12:12.997,188.09750000000003,11.263,jw07763-o054_t054_nircam_clear-f150w,419218261,https://mast.stsci.edu/api/v0/invoke,public Cycle-4 Treasury target-level association
GO7763_J_Virgo,7763,IC3470,54,NIRCAM,F277W,target_level_i2d,jw07763-o054_t054_nircam_clear-f277w_i2d.fits,mast:JWST/product/jw07763-o054_t054_nircam_clear-f277w_i2d.fits,https://mast.stsci.edu/api/v0.1/Download/file?uri=mast%3AJWST%2Fproduct%2Fjw07763-o054_t054_nircam_clear-f277w_i2d.fits,288771840,PUBLIC,downloadable_public,61218.88348376,2026-06-27T21:12:12.997,188.09750000000003,11.263,jw07763-o054_t054_nircam_clear-f277w,419218302,https://mast.stsci.edu/api/v0/invoke,public Cycle-4 Treasury target-level association
GO7763_J_Virgo,7763,IC3470,54,NIRISS,F115W,target_level_i2d,jw07763-o054_t054_niriss_clear-f115w_i2d.fits,mast:JWST/product/jw07763-o054_t054_niriss_clear-f115w_i2d.fits,https://mast.stsci.edu/api/v0.1/Download/file?uri=mast%3AJWST%2Fproduct%2Fjw07763-o054_t054_niriss_clear-f115w_i2d.fits,118952640,PUBLIC,downloadable_public,61218.87988424,2026-06-27T21:07:01.998,188.09750000000003,11.263,jw07763-o054_t054_niriss_clear-f115w,419218343,https://mast.stsci.edu/api/v0/invoke,public Cycle-4 Treasury target-level association
GO7763_J_Virgo,7763,IC3470,54,NIRISS,F277W,target_level_i2d,jw07763-o054_t054_niriss_clearp-f277w_i2d.fits,mast:JWST/product/jw07763-o054_t054_niriss_clearp-f277w_i2d.fits,https://mast.stsci.edu/api/v0.1/Download/file?uri=mast%3AJWST%2Fproduct%2Fjw07763-o054_t054_niriss_clearp-f277w_i2d.fits,118952640,PUBLIC,downloadable_public,61218.87988424,2026-06-27T21:07:01.998,188.09750000000003,11.263,jw07763-o054_t054_niriss_clearp-f277w,419218397,https://mast.stsci.edu/api/v0/invoke,public Cycle-4 Treasury target-level association
GO7763_J_Virgo,7763,IC3475,47,NIRCAM,F115W,target_level_i2d,jw07763-o047_t047_nircam_clear-f115w_i2d.fits,mast:JWST/product/jw07763-o047_t047_nircam_clear-f115w_i2d.fits,https://mast.stsci.edu/api/v0.1/Download/file?uri=mast%3AJWST%2Fproduct%2Fjw07763-o047_t047_nircam_clear-f115w_i2d.fits,1216137600,PUBLIC,downloadable_public,61218.78067124,2026-06-27T18:44:09.995,188.17000916666666,12.771086111111112,jw07763-o047_t047_nircam_clear-f115w,419106859,https://mast.stsci.edu/api/v0/invoke,public Cycle-4 Treasury target-level association
GO7763_J_Virgo,7763,IC3475,47,NIRCAM,F150W,target_level_i2d,jw07763-o047_t047_nircam_clear-f150w_i2d.fits,mast:JWST/product/jw07763-o047_t047_nircam_clear-f150w_i2d.fits,https://mast.stsci.edu/api/v0.1/Download/file?uri=mast%3AJWST%2Fproduct%2Fjw07763-o047_t047_nircam_clear-f150w_i2d.fits,1216258560,PUBLIC,downloadable_public,61218.78067124,2026-06-27T18:44:09.995,188.17000916666666,12.771086111111112,jw07763-o047_t047_nircam_clear-f150w,419106833,https://mast.stsci.edu/api/v0/invoke,public Cycle-4 Treasury target-level association
GO7763_J_Virgo,7763,IC3475,47,NIRCAM,F277W,target_level_i2d,jw07763-o047_t047_nircam_clear-f277w_i2d.fits,mast:JWST/product/jw07763-o047_t047_nircam_clear-f277w_i2d.fits,https://mast.stsci.edu/api/v0.1/Download/file?uri=mast%3AJWST%2Fproduct%2Fjw07763-o047_t047_nircam_clear-f277w_i2d.fits,288912960,PUBLIC,downloadable_public,61218.78067124,2026-06-27T18:44:09.995,188.17000916666666,12.771086111111112,jw07763-o047_t047_nircam_clear-f277w,419106809,https://mast.stsci.edu/api/v0/invoke,public Cycle-4 Treasury target-level association
GO7763_J_Virgo,7763,IC3475,47,NIRISS,F115W,target_level_i2d,jw07763-o047_t047_niriss_clear-f115w_i2d.fits,mast:JWST/product/jw07763-o047_t047_niriss_clear-f115w_i2d.fits,https://mast.stsci.edu/api/v0.1/Download/file?uri=mast%3AJWST%2Fproduct%2Fjw07763-o047_t047_niriss_clear-f115w_i2d.fits,118952640,PUBLIC,downloadable_public,61218.77853007,2026-06-27T18:41:04.998,188.17000916666666,12.771086111111112,jw07763-o047_t047_niriss_clear-f115w,419106787,https://mast.stsci.edu/api/v0/invoke,public Cycle-4 Treasury target-level association
GO7763_J_Virgo,7763,IC3475,47,NIRISS,F277W,target_level_i2d,jw07763-o047_t047_niriss_clearp-f277w_i2d.fits,mast:JWST/product/jw07763-o047_t047_niriss_clearp-f277w_i2d.fits,https://mast.stsci.edu/api/v0.1/Download/file?uri=mast%3AJWST%2Fproduct%2Fjw07763-o047_t047_niriss_clearp-f277w_i2d.fits,118952640,PUBLIC,downloadable_public,61218.77853007,2026-06-27T18:41:04.998,188.17000916666666,12.771086111111112,jw07763-o047_t047_niriss_clearp-f277w,419106846,https://mast.stsci.edu/api/v0/invoke,public Cycle-4 Treasury target-level association
GO7763_J_Virgo,7763,IC3486,60,NIRCAM,F115W,target_level_i2d,jw07763-o060_t060_nircam_clear-f115w_i2d.fits,mast:JWST/product/jw07763-o060_t060_nircam_clear-f115w_i2d.fits,https://mast.stsci.edu/api/v0.1/Download/file?uri=mast%3AJWST%2Fproduct%2Fjw07763-o060_t060_nircam_clear-f115w_i2d.fits,1216137600,PUBLIC,downloadable_public,61219.0516551,2026-06-28T01:14:23.001,188.30838083333333,12.857822222222222,jw07763-o060_t060_nircam_clear-f115w,419455372,https://mast.stsci.edu/api/v0/invoke,public Cycle-4 Treasury target-level association
GO7763_J_Virgo,7763,IC3486,60,NIRCAM,F150W,target_level_i2d,jw07763-o060_t060_nircam_clear-f150w_i2d.fits,mast:JWST/product/jw07763-o060_t060_nircam_clear-f150w_i2d.fits,https://mast.stsci.edu/api/v0.1/Download/file?uri=mast%3AJWST%2Fproduct%2Fjw07763-o060_t060_nircam_clear-f150w_i2d.fits,1216137600,PUBLIC,downloadable_public,61219.0516551,2026-06-28T01:14:23.001,188.30838083333333,12.857822222222222,jw07763-o060_t060_nircam_clear-f150w,419455326,https://mast.stsci.edu/api/v0/invoke,public Cycle-4 Treasury target-level association
GO7763_J_Virgo,7763,IC3486,60,NIRCAM,F277W,target_level_i2d,jw07763-o060_t060_nircam_clear-f277w_i2d.fits,mast:JWST/product/jw07763-o060_t060_nircam_clear-f277w_i2d.fits,https://mast.stsci.edu/api/v0.1/Download/file?uri=mast%3AJWST%2Fproduct%2Fjw07763-o060_t060_nircam_clear-f277w_i2d.fits,288771840,PUBLIC,downloadable_public,61219.0516551,2026-06-28T01:14:23.001,188.30838083333333,12.857822222222222,jw07763-o060_t060_nircam_clear-f277w,419455401,https://mast.stsci.edu/api/v0/invoke,public Cycle-4 Treasury target-level association
GO7763_J_Virgo,7763,IC3486,60,NIRISS,F115W,target_level_i2d,jw07763-o060_t060_niriss_clear-f115w_i2d.fits,mast:JWST/product/jw07763-o060_t060_niriss_clear-f115w_i2d.fits,https://mast.stsci.edu/api/v0.1/Download/file?uri=mast%3AJWST%2Fproduct%2Fjw07763-o060_t060_niriss_clear-f115w_i2d.fits,118952640,PUBLIC,downloadable_public,61219.05145834,2026-06-28T01:14:06.001,188.30838083333333,12.857822222222222,jw07763-o060_t060_niriss_clear-f115w,419455386,https://mast.stsci.edu/api/v0/invoke,public Cycle-4 Treasury target-level association
GO7763_J_Virgo,7763,IC3486,60,NIRISS,F277W,target_level_i2d,jw07763-o060_t060_niriss_clearp-f277w_i2d.fits,mast:JWST/product/jw07763-o060_t060_niriss_clearp-f277w_i2d.fits,https://mast.stsci.edu/api/v0.1/Download/file?uri=mast%3AJWST%2Fproduct%2Fjw07763-o060_t060_niriss_clearp-f277w_i2d.fits,118952640,PUBLIC,downloadable_public,61219.05145834,2026-06-28T01:14:06.001,188.30838083333333,12.857822222222222,jw07763-o060_t060_niriss_clearp-f277w,419455343,https://mast.stsci.edu/api/v0/invoke,public Cycle-4 Treasury target-level association
GO7763_J_Virgo,7763,IC3492,65,NIRCAM,F115W,target_level_i2d,jw07763-o065_t065_nircam_clear-f115w_i2d.fits,mast:JWST/product/jw07763-o065_t065_nircam_clear-f115w_i2d.fits,https://mast.stsci.edu/api/v0.1/Download/file?uri=mast%3AJWST%2Fproduct%2Fjw07763-o065_t065_nircam_clear-f115w_i2d.fits,1216137600,PUBLIC,downloadable_public,61219.9412383,2026-06-28T22:35:22.989,188.33245791666667,12.85346388888889,jw07763-o065_t065_nircam_clear-f115w,419793737,https://mast.stsci.edu/api/v0/invoke,public Cycle-4 Treasury target-level association
GO7763_J_Virgo,7763,IC3492,65,NIRCAM,F150W,target_level_i2d,jw07763-o065_t065_nircam_clear-f150w_i2d.fits,mast:JWST/product/jw07763-o065_t065_nircam_clear-f150w_i2d.fits,https://mast.stsci.edu/api/v0.1/Download/file?uri=mast%3AJWST%2Fproduct%2Fjw07763-o065_t065_nircam_clear-f150w_i2d.fits,1216137600,PUBLIC,downloadable_public,61219.9412383,2026-06-28T22:35:22.989,188.33245791666667,12.85346388888889,jw07763-o065_t065_nircam_clear-f150w,419980348,https://mast.stsci.edu/api/v0/invoke,public Cycle-4 Treasury target-level association
GO7763_J_Virgo,7763,IC3492,65,NIRCAM,F277W,target_level_i2d,jw07763-o065_t065_nircam_clear-f277w_i2d.fits,mast:JWST/product/jw07763-o065_t065_nircam_clear-f277w_i2d.fits,https://mast.stsci.edu/api/v0.1/Download/file?uri=mast%3AJWST%2Fproduct%2Fjw07763-o065_t065_nircam_clear-f277w_i2d.fits,288771840,PUBLIC,downloadable_public,61219.9412383,2026-06-28T22:35:22.989,188.33245791666667,12.85346388888889,jw07763-o065_t065_nircam_clear-f277w,419980366,https://mast.stsci.edu/api/v0/invoke,public Cycle-4 Treasury target-level association
GO7763_J_Virgo,7763,IC3492,65,NIRISS,F115W,target_level_i2d,jw07763-o065_t065_niriss_clear-f115w_i2d.fits,mast:JWST/product/jw07763-o065_t065_niriss_clear-f115w_i2d.fits,https://mast.stsci.edu/api/v0.1/Download/file?uri=mast%3AJWST%2Fproduct%2Fjw07763-o065_t065_niriss_clear-f115w_i2d.fits,118952640,PUBLIC,downloadable_public,61219.93859939,2026-06-28T22:31:34.987,188.33245791666667,12.85346388888889,jw07763-o065_t065_niriss_clear-f115w,419980320,https://mast.stsci.edu/api/v0/invoke,public Cycle-4 Treasury target-level association
GO7763_J_Virgo,7763,IC3492,65,NIRISS,F277W,target_level_i2d,jw07763-o065_t065_niriss_clearp-f277w_i2d.fits,mast:JWST/product/jw07763-o065_t065_niriss_clearp-f277w_i2d.fits,https://mast.stsci.edu/api/v0.1/Download/file?uri=mast%3AJWST%2Fproduct%2Fjw07763-o065_t065_niriss_clearp-f277w_i2d.fits,118952640,PUBLIC,downloadable_public,61219.93859939,2026-06-28T22:31:34.987,188.33245791666667,12.85346388888889,jw07763-o065_t065_niriss_clearp-f277w,419793736,https://mast.stsci.edu/api/v0/invoke,public Cycle-4 Treasury target-level association
GO7763_J_Virgo,7763,IC3501,53,NIRCAM,F115W,target_level_i2d,jw07763-o053_t053_nircam_clear-f115w_i2d.fits,mast:JWST/product/jw07763-o053_t053_nircam_clear-f115w_i2d.fits,https://mast.stsci.edu/api/v0.1/Download/file?uri=mast%3AJWST%2Fproduct%2Fjw07763-o053_t053_nircam_clear-f115w_i2d.fits,1216140480,PUBLIC,downloadable_public,61218.83184017,2026-06-27T19:57:50.991,188.46507916666667,13.322463888888889,jw07763-o053_t053_nircam_clear-f115w,419180941,https://mast.stsci.edu/api/v0/invoke,public Cycle-4 Treasury target-level association
GO7763_J_Virgo,7763,IC3501,53,NIRCAM,F150W,target_level_i2d,jw07763-o053_t053_nircam_clear-f150w_i2d.fits,mast:JWST/product/jw07763-o053_t053_nircam_clear-f150w_i2d.fits,https://mast.stsci.edu/api/v0.1/Download/file?uri=mast%3AJWST%2Fproduct%2Fjw07763-o053_t053_nircam_clear-f150w_i2d.fits,1216137600,PUBLIC,downloadable_public,61218.83184017,2026-06-27T19:57:50.991,188.46507916666667,13.322463888888889,jw07763-o053_t053_nircam_clear-f150w,419180865,https://mast.stsci.edu/api/v0/invoke,public Cycle-4 Treasury target-level association
GO7763_J_Virgo,7763,IC3501,53,NIRCAM,F277W,target_level_i2d,jw07763-o053_t053_nircam_clear-f277w_i2d.fits,mast:JWST/product/jw07763-o053_t053_nircam_clear-f277w_i2d.fits,https://mast.stsci.edu/api/v0.1/Download/file?uri=mast%3AJWST%2Fproduct%2Fjw07763-o053_t053_nircam_clear-f277w_i2d.fits,288768960,PUBLIC,downloadable_public,61218.83184017,2026-06-27T19:57:50.991,188.46507916666667,13.322463888888889,jw07763-o053_t053_nircam_clear-f277w,419180892,https://mast.stsci.edu/api/v0/invoke,public Cycle-4 Treasury target-level association
GO7763_J_Virgo,7763,IC3501,53,NIRISS,F115W,target_level_i2d,jw07763-o053_t053_niriss_clear-f115w_i2d.fits,mast:JWST/product/jw07763-o053_t053_niriss_clear-f115w_i2d.fits,https://mast.stsci.edu/api/v0.1/Download/file?uri=mast%3AJWST%2Fproduct%2Fjw07763-o053_t053_niriss_clear-f115w_i2d.fits,118952640,PUBLIC,downloadable_public,61218.8317823,2026-06-27T19:57:45.991,188.46507916666667,13.322463888888889,jw07763-o053_t053_niriss_clear-f115w,419180846,https://mast.stsci.edu/api/v0/invoke,public Cycle-4 Treasury target-level association
GO7763_J_Virgo,7763,IC3501,53,NIRISS,F277W,target_level_i2d,jw07763-o053_t053_niriss_clearp-f277w_i2d.fits,mast:JWST/product/jw07763-o053_t053_niriss_clearp-f277w_i2d.fits,https://mast.stsci.edu/api/v0.1/Download/file?uri=mast%3AJWST%2Fproduct%2Fjw07763-o053_t053_niriss_clearp-f277w_i2d.fits,118952640,PUBLIC,downloadable_public,61218.8317823,2026-06-27T19:57:45.991,188.46507916666667,13.322463888888889,jw07763-o053_t053_niriss_clearp-f277w,419180966,https://mast.stsci.edu/api/v0/invoke,public Cycle-4 Treasury target-level association
GO7763_J_Virgo,7763,IC3509,67,NIRCAM,F115W,target_level_i2d,jw07763-o067_t067_nircam_clear-f115w_i2d.fits,mast:JWST/product/jw07763-o067_t067_nircam_clear-f115w_i2d.fits,https://mast.stsci.edu/api/v0.1/Download/file?uri=mast%3AJWST%2Fproduct%2Fjw07763-o067_t067_nircam_clear-f115w_i2d.fits,1216137600,PUBLIC,downloadable_public,61221.9409721,2026-06-30T22:34:59.989,188.548,12.049,jw07763-o067_t067_nircam_clear-f115w,422610496,https://mast.stsci.edu/api/v0/invoke,public Cycle-4 Treasury target-level association
GO7763_J_Virgo,7763,IC3509,67,NIRCAM,F150W,target_level_i2d,jw07763-o067_t067_nircam_clear-f150w_i2d.fits,mast:JWST/product/jw07763-o067_t067_nircam_clear-f150w_i2d.fits,https://mast.stsci.edu/api/v0.1/Download/file?uri=mast%3AJWST%2Fproduct%2Fjw07763-o067_t067_nircam_clear-f150w_i2d.fits,1216137600,PUBLIC,downloadable_public,61221.9409721,2026-06-30T22:34:59.989,188.548,12.049,jw07763-o067_t067_nircam_clear-f150w,422610541,https://mast.stsci.edu/api/v0/invoke,public Cycle-4 Treasury target-level association
GO7763_J_Virgo,7763,IC3509,67,NIRCAM,F277W,target_level_i2d,jw07763-o067_t067_nircam_clear-f277w_i2d.fits,mast:JWST/product/jw07763-o067_t067_nircam_clear-f277w_i2d.fits,https://mast.stsci.edu/api/v0.1/Download/file?uri=mast%3AJWST%2Fproduct%2Fjw07763-o067_t067_nircam_clear-f277w_i2d.fits,288771840,PUBLIC,downloadable_public,61221.9409721,2026-06-30T22:34:59.989,188.548,12.049,jw07763-o067_t067_nircam_clear-f277w,422610456,https://mast.stsci.edu/api/v0/invoke,public Cycle-4 Treasury target-level association
GO7763_J_Virgo,7763,IC3509,67,NIRISS,F115W,target_level_i2d,jw07763-o067_t067_niriss_clear-f115w_i2d.fits,mast:JWST/product/jw07763-o067_t067_niriss_clear-f115w_i2d.fits,https://mast.stsci.edu/api/v0.1/Download/file?uri=mast%3AJWST%2Fproduct%2Fjw07763-o067_t067_niriss_clear-f115w_i2d.fits,118952640,PUBLIC,downloadable_public,61221.93593743,2026-06-30T22:27:44.994,188.548,12.049,jw07763-o067_t067_niriss_clear-f115w,422610426,https://mast.stsci.edu/api/v0/invoke,public Cycle-4 Treasury target-level association
GO7763_J_Virgo,7763,IC3509,67,NIRISS,F277W,target_level_i2d,jw07763-o067_t067_niriss_clearp-f277w_i2d.fits,mast:JWST/product/jw07763-o067_t067_niriss_clearp-f277w_i2d.fits,https://mast.stsci.edu/api/v0.1/Download/file?uri=mast%3AJWST%2Fproduct%2Fjw07763-o067_t067_niriss_clearp-f277w_i2d.fits,118952640,PUBLIC,downloadable_public,61221.93593743,2026-06-30T22:27:44.994,188.548,12.049,jw07763-o067_t067_niriss_clearp-f277w,422610515,https://mast.stsci.edu/api/v0/invoke,public Cycle-4 Treasury target-level association
GO7763_J_Virgo,7763,IC3586,52,NIRCAM,F115W,target_level_i2d,jw07763-o052_t052_nircam_clear-f115w_i2d.fits,mast:JWST/product/jw07763-o052_t052_nircam_clear-f115w_i2d.fits,https://mast.stsci.edu/api/v0.1/Download/file?uri=mast%3AJWST%2Fproduct%2Fjw07763-o052_t052_nircam_clear-f115w_i2d.fits,1216137600,PUBLIC,downloadable_public,61221.29606478,2026-06-30T07:06:19.997,189.2286,12.520000000000001,jw07763-o052_t052_nircam_clear-f115w,421826039,https://mast.stsci.edu/api/v0/invoke,public Cycle-4 Treasury target-level association
GO7763_J_Virgo,7763,IC3586,52,NIRCAM,F150W,target_level_i2d,jw07763-o052_t052_nircam_clear-f150w_i2d.fits,mast:JWST/product/jw07763-o052_t052_nircam_clear-f150w_i2d.fits,https://mast.stsci.edu/api/v0.1/Download/file?uri=mast%3AJWST%2Fproduct%2Fjw07763-o052_t052_nircam_clear-f150w_i2d.fits,1216137600,PUBLIC,downloadable_public,61221.29606478,2026-06-30T07:06:19.997,189.2286,12.520000000000001,jw07763-o052_t052_nircam_clear-f150w,421825926,https://mast.stsci.edu/api/v0/invoke,public Cycle-4 Treasury target-level association
GO7763_J_Virgo,7763,IC3586,52,NIRCAM,F277W,target_level_i2d,jw07763-o052_t052_nircam_clear-f277w_i2d.fits,mast:JWST/product/jw07763-o052_t052_nircam_clear-f277w_i2d.fits,https://mast.stsci.edu/api/v0.1/Download/file?uri=mast%3AJWST%2Fproduct%2Fjw07763-o052_t052_nircam_clear-f277w_i2d.fits,288768960,PUBLIC,downloadable_public,61221.29606478,2026-06-30T07:06:19.997,189.2286,12.520000000000001,jw07763-o052_t052_nircam_clear-f277w,421825993,https://mast.stsci.edu/api/v0/invoke,public Cycle-4 Treasury target-level association
GO7763_J_Virgo,7763,IC3586,52,NIRISS,F115W,target_level_i2d,jw07763-o052_t052_niriss_clear-f115w_i2d.fits,mast:JWST/product/jw07763-o052_t052_niriss_clear-f115w_i2d.fits,https://mast.stsci.edu/api/v0.1/Download/file?uri=mast%3AJWST%2Fproduct%2Fjw07763-o052_t052_niriss_clear-f115w_i2d.fits,118952640,PUBLIC,downloadable_public,61221.27738422,2026-06-30T06:39:25.997,189.2286,12.520000000000001,jw07763-o052_t052_niriss_clear-f115w,421826065,https://mast.stsci.edu/api/v0/invoke,public Cycle-4 Treasury target-level association
GO7763_J_Virgo,7763,IC3586,52,NIRISS,F277W,target_level_i2d,jw07763-o052_t052_niriss_clearp-f277w_i2d.fits,mast:JWST/product/jw07763-o052_t052_niriss_clearp-f277w_i2d.fits,https://mast.stsci.edu/api/v0.1/Download/file?uri=mast%3AJWST%2Fproduct%2Fjw07763-o052_t052_niriss_clearp-f277w_i2d.fits,118952640,PUBLIC,downloadable_public,61221.27738422,2026-06-30T06:39:25.997,189.2286,12.520000000000001,jw07763-o052_t052_niriss_clearp-f277w,421825956,https://mast.stsci.edu/api/v0/invoke,public Cycle-4 Treasury target-level association
GO7763_J_Virgo,7763,IC3631,50,NIRCAM,F115W,target_level_i2d,jw07763-o050_t050_nircam_clear-f115w_i2d.fits,mast:JWST/product/jw07763-o050_t050_nircam_clear-f115w_i2d.fits,https://mast.stsci.edu/api/v0.1/Download/file?uri=mast%3AJWST%2Fproduct%2Fjw07763-o050_t050_nircam_clear-f115w_i2d.fits,1215976320,PUBLIC,downloadable_public,61220.78180555,2026-06-29T18:45:48.000,189.9501,12.9739,jw07763-o050_t050_nircam_clear-f115w,421638000,https://mast.stsci.edu/api/v0/invoke,public Cycle-4 Treasury target-level association
GO7763_J_Virgo,7763,IC3631,50,NIRCAM,F150W,target_level_i2d,jw07763-o050_t050_nircam_clear-f150w_i2d.fits,mast:JWST/product/jw07763-o050_t050_nircam_clear-f150w_i2d.fits,https://mast.stsci.edu/api/v0.1/Download/file?uri=mast%3AJWST%2Fproduct%2Fjw07763-o050_t050_nircam_clear-f150w_i2d.fits,1216258560,PUBLIC,downloadable_public,61220.78180555,2026-06-29T18:45:48.000,189.9501,12.9739,jw07763-o050_t050_nircam_clear-f150w,421637966,https://mast.stsci.edu/api/v0/invoke,public Cycle-4 Treasury target-level association
GO7763_J_Virgo,7763,IC3631,50,NIRCAM,F277W,target_level_i2d,jw07763-o050_t050_nircam_clear-f277w_i2d.fits,mast:JWST/product/jw07763-o050_t050_nircam_clear-f277w_i2d.fits,https://mast.stsci.edu/api/v0.1/Download/file?uri=mast%3AJWST%2Fproduct%2Fjw07763-o050_t050_nircam_clear-f277w_i2d.fits,288711360,PUBLIC,downloadable_public,61220.78180555,2026-06-29T18:45:48.000,189.9501,12.9739,jw07763-o050_t050_nircam_clear-f277w,421637999,https://mast.stsci.edu/api/v0/invoke,public Cycle-4 Treasury target-level association
GO7763_J_Virgo,7763,IC3631,50,NIRISS,F115W,target_level_i2d,jw07763-o050_t050_niriss_clear-f115w_i2d.fits,mast:JWST/product/jw07763-o050_t050_niriss_clear-f115w_i2d.fits,https://mast.stsci.edu/api/v0.1/Download/file?uri=mast%3AJWST%2Fproduct%2Fjw07763-o050_t050_niriss_clear-f115w_i2d.fits,118952640,PUBLIC,downloadable_public,61220.77932863,2026-06-29T18:42:13.994,189.9501,12.9739,jw07763-o050_t050_niriss_clear-f115w,421637988,https://mast.stsci.edu/api/v0/invoke,public Cycle-4 Treasury target-level association
GO7763_J_Virgo,7763,IC3631,50,NIRISS,F277W,target_level_i2d,jw07763-o050_t050_niriss_clearp-f277w_i2d.fits,mast:JWST/product/jw07763-o050_t050_niriss_clearp-f277w_i2d.fits,https://mast.stsci.edu/api/v0.1/Download/file?uri=mast%3AJWST%2Fproduct%2Fjw07763-o050_t050_niriss_clearp-f277w_i2d.fits,118952640,PUBLIC,downloadable_public,61220.77932863,2026-06-29T18:42:13.994,189.9501,12.9739,jw07763-o050_t050_niriss_clearp-f277w,421638002,https://mast.stsci.edu/api/v0/invoke,public Cycle-4 Treasury target-level association
GO7763_J_Virgo,7763,IC3635,69,NIRCAM,F115W,target_level_i2d,jw07763-o069_t069_nircam_clear-f115w_i2d.fits,mast:JWST/product/jw07763-o069_t069_nircam_clear-f115w_i2d.fits,https://mast.stsci.edu/api/v0.1/Download/file?uri=mast%3AJWST%2Fproduct%2Fjw07763-o069_t069_nircam_clear-f115w_i2d.fits,1216137600,PUBLIC,downloadable_public,61219.73011562,2026-06-28T17:31:21.990,190.05579999999998,12.8747,jw07763-o069_t069_nircam_clear-f115w,419980916,https://mast.stsci.edu/api/v0/invoke,public Cycle-4 Treasury target-level association
GO7763_J_Virgo,7763,IC3635,69,NIRCAM,F150W,target_level_i2d,jw07763-o069_t069_nircam_clear-f150w_i2d.fits,mast:JWST/product/jw07763-o069_t069_nircam_clear-f150w_i2d.fits,https://mast.stsci.edu/api/v0.1/Download/file?uri=mast%3AJWST%2Fproduct%2Fjw07763-o069_t069_nircam_clear-f150w_i2d.fits,1215855360,PUBLIC,downloadable_public,61219.73011562,2026-06-28T17:31:21.990,190.05579999999998,12.8747,jw07763-o069_t069_nircam_clear-f150w,419980871,https://mast.stsci.edu/api/v0/invoke,public Cycle-4 Treasury target-level association
GO7763_J_Virgo,7763,IC3635,69,NIRCAM,F277W,target_level_i2d,jw07763-o069_t069_nircam_clear-f277w_i2d.fits,mast:JWST/product/jw07763-o069_t069_nircam_clear-f277w_i2d.fits,https://mast.stsci.edu/api/v0.1/Download/file?uri=mast%3AJWST%2Fproduct%2Fjw07763-o069_t069_nircam_clear-f277w_i2d.fits,288771840,PUBLIC,downloadable_public,61219.73011562,2026-06-28T17:31:21.990,190.05579999999998,12.8747,jw07763-o069_t069_nircam_clear-f277w,419980936,https://mast.stsci.edu/api/v0/invoke,public Cycle-4 Treasury target-level association
GO7763_J_Virgo,7763,IC3635,69,NIRISS,F115W,target_level_i2d,jw07763-o069_t069_niriss_clear-f115w_i2d.fits,mast:JWST/product/jw07763-o069_t069_niriss_clear-f115w_i2d.fits,https://mast.stsci.edu/api/v0.1/Download/file?uri=mast%3AJWST%2Fproduct%2Fjw07763-o069_t069_niriss_clear-f115w_i2d.fits,118952640,PUBLIC,downloadable_public,61219.72825223,2026-06-28T17:28:40.993,190.05579999999998,12.8747,jw07763-o069_t069_niriss_clear-f115w,419980898,https://mast.stsci.edu/api/v0/invoke,public Cycle-4 Treasury target-level association
GO7763_J_Virgo,7763,IC3635,69,NIRISS,F277W,target_level_i2d,jw07763-o069_t069_niriss_clearp-f277w_i2d.fits,mast:JWST/product/jw07763-o069_t069_niriss_clearp-f277w_i2d.fits,https://mast.stsci.edu/api/v0.1/Download/file?uri=mast%3AJWST%2Fproduct%2Fjw07763-o069_t069_niriss_clearp-f277w_i2d.fits,118952640,PUBLIC,downloadable_public,61219.72825223,2026-06-28T17:28:40.993,190.05579999999998,12.8747,jw07763-o069_t069_niriss_clearp-f277w,419980854,https://mast.stsci.edu/api/v0/invoke,public Cycle-4 Treasury target-level association
GO7763_J_Virgo,7763,NGC4294,25,NIRCAM,F115W,target_level_i2d,jw07763-o025_t025_nircam_clear-f115w_i2d.fits,mast:JWST/product/jw07763-o025_t025_nircam_clear-f115w_i2d.fits,https://mast.stsci.edu/api/v0.1/Download/file?uri=mast%3AJWST%2Fproduct%2Fjw07763-o025_t025_nircam_clear-f115w_i2d.fits,1215855360,PUBLIC,downloadable_public,61199.61321754,2026-06-08T14:43:01.995,185.3242,11.5109,jw07763-o025_t025_nircam_clear-f115w,408823255,https://mast.stsci.edu/api/v0/invoke,public Cycle-4 Treasury target-level association
GO7763_J_Virgo,7763,NGC4294,25,NIRCAM,F150W,target_level_i2d,jw07763-o025_t025_nircam_clear-f150w_i2d.fits,mast:JWST/product/jw07763-o025_t025_nircam_clear-f150w_i2d.fits,https://mast.stsci.edu/api/v0.1/Download/file?uri=mast%3AJWST%2Fproduct%2Fjw07763-o025_t025_nircam_clear-f150w_i2d.fits,1216137600,PUBLIC,downloadable_public,61199.61321754,2026-06-08T14:43:01.995,185.3242,11.5109,jw07763-o025_t025_nircam_clear-f150w,408803423,https://mast.stsci.edu/api/v0/invoke,public Cycle-4 Treasury target-level association
GO7763_J_Virgo,7763,NGC4294,25,NIRCAM,F277W,target_level_i2d,jw07763-o025_t025_nircam_clear-f277w_i2d.fits,mast:JWST/product/jw07763-o025_t025_nircam_clear-f277w_i2d.fits,https://mast.stsci.edu/api/v0.1/Download/file?uri=mast%3AJWST%2Fproduct%2Fjw07763-o025_t025_nircam_clear-f277w_i2d.fits,288771840,PUBLIC,downloadable_public,61199.61321754,2026-06-08T14:43:01.995,185.3242,11.5109,jw07763-o025_t025_nircam_clear-f277w,408823256,https://mast.stsci.edu/api/v0/invoke,public Cycle-4 Treasury target-level association
GO7763_J_Virgo,7763,NGC4294,25,NIRISS,F115W,target_level_i2d,jw07763-o025_t025_niriss_clear-f115w_i2d.fits,mast:JWST/product/jw07763-o025_t025_niriss_clear-f115w_i2d.fits,https://mast.stsci.edu/api/v0.1/Download/file?uri=mast%3AJWST%2Fproduct%2Fjw07763-o025_t025_niriss_clear-f115w_i2d.fits,118952640,PUBLIC,downloadable_public,61199.61065965,2026-06-08T14:39:20.994,185.3242,11.5109,jw07763-o025_t025_niriss_clear-f115w,408794029,https://mast.stsci.edu/api/v0/invoke,public Cycle-4 Treasury target-level association
GO7763_J_Virgo,7763,NGC4294,25,NIRISS,F277W,target_level_i2d,jw07763-o025_t025_niriss_clearp-f277w_i2d.fits,mast:JWST/product/jw07763-o025_t025_niriss_clearp-f277w_i2d.fits,https://mast.stsci.edu/api/v0.1/Download/file?uri=mast%3AJWST%2Fproduct%2Fjw07763-o025_t025_niriss_clearp-f277w_i2d.fits,118952640,PUBLIC,downloadable_public,61199.61065965,2026-06-08T14:39:20.994,185.3242,11.5109,jw07763-o025_t025_niriss_clearp-f277w,408794046,https://mast.stsci.edu/api/v0/invoke,public Cycle-4 Treasury target-level association
GO7763_J_Virgo,7763,NGC4299,32,NIRCAM,F115W,target_level_i2d,jw07763-o032_t032_nircam_clear-f115w_i2d.fits,mast:JWST/product/jw07763-o032_t032_nircam_clear-f115w_i2d.fits,https://mast.stsci.edu/api/v0.1/Download/file?uri=mast%3AJWST%2Fproduct%2Fjw07763-o032_t032_nircam_clear-f115w_i2d.fits,1216258560,PUBLIC,downloadable_public,61198.87292817,2026-06-07T20:57:00.994,185.41959999999997,11.5017,jw07763-o032_t032_nircam_clear-f115w,408365704,https://mast.stsci.edu/api/v0/invoke,public Cycle-4 Treasury target-level association
GO7763_J_Virgo,7763,NGC4299,32,NIRCAM,F150W,target_level_i2d,jw07763-o032_t032_nircam_clear-f150w_i2d.fits,mast:JWST/product/jw07763-o032_t032_nircam_clear-f150w_i2d.fits,https://mast.stsci.edu/api/v0.1/Download/file?uri=mast%3AJWST%2Fproduct%2Fjw07763-o032_t032_nircam_clear-f150w_i2d.fits,1215855360,PUBLIC,downloadable_public,61198.87292817,2026-06-07T20:57:00.994,185.41959999999997,11.5017,jw07763-o032_t032_nircam_clear-f150w,408347591,https://mast.stsci.edu/api/v0/invoke,public Cycle-4 Treasury target-level association
GO7763_J_Virgo,7763,NGC4299,32,NIRCAM,F277W,target_level_i2d,jw07763-o032_t032_nircam_clear-f277w_i2d.fits,mast:JWST/product/jw07763-o032_t032_nircam_clear-f277w_i2d.fits,https://mast.stsci.edu/api/v0.1/Download/file?uri=mast%3AJWST%2Fproduct%2Fjw07763-o032_t032_nircam_clear-f277w_i2d.fits,288771840,PUBLIC,downloadable_public,61198.87292817,2026-06-07T20:57:00.994,185.41959999999997,11.5017,jw07763-o032_t032_nircam_clear-f277w,408356861,https://mast.stsci.edu/api/v0/invoke,public Cycle-4 Treasury target-level association
GO7763_J_Virgo,7763,NGC4299,32,NIRISS,F115W,target_level_i2d,jw07763-o032_t032_niriss_clear-f115w_i2d.fits,mast:JWST/product/jw07763-o032_t032_niriss_clear-f115w_i2d.fits,https://mast.stsci.edu/api/v0.1/Download/file?uri=mast%3AJWST%2Fproduct%2Fjw07763-o032_t032_niriss_clear-f115w_i2d.fits,118952640,PUBLIC,downloadable_public,61198.87032398,2026-06-07T20:53:15.992,185.41959999999997,11.5017,jw07763-o032_t032_niriss_clear-f115w,408336333,https://mast.stsci.edu/api/v0/invoke,public Cycle-4 Treasury target-level association
GO7763_J_Virgo,7763,NGC4299,32,NIRISS,F277W,target_level_i2d,jw07763-o032_t032_niriss_clearp-f277w_i2d.fits,mast:JWST/product/jw07763-o032_t032_niriss_clearp-f277w_i2d.fits,https://mast.stsci.edu/api/v0.1/Download/file?uri=mast%3AJWST%2Fproduct%2Fjw07763-o032_t032_niriss_clearp-f277w_i2d.fits,118952640,PUBLIC,downloadable_public,61198.87032398,2026-06-07T20:53:15.992,185.41959999999997,11.5017,jw07763-o032_t032_niriss_clearp-f277w,408336345,https://mast.stsci.edu/api/v0/invoke,public Cycle-4 Treasury target-level association
GO7763_J_Virgo,7763,NGC4306,38,NIRCAM,F115W,target_level_i2d,jw07763-o038_t038_nircam_clear-f115w_i2d.fits,mast:JWST/product/jw07763-o038_t038_nircam_clear-f115w_i2d.fits,https://mast.stsci.edu/api/v0.1/Download/file?uri=mast%3AJWST%2Fproduct%2Fjw07763-o038_t038_nircam_clear-f115w_i2d.fits,1216137600,PUBLIC,downloadable_public,61198.9310878,2026-06-07T22:20:45.986,185.5172,12.7875,jw07763-o038_t038_nircam_clear-f115w,408422370,https://mast.stsci.edu/api/v0/invoke,public Cycle-4 Treasury target-level association
GO7763_J_Virgo,7763,NGC4306,38,NIRCAM,F150W,target_level_i2d,jw07763-o038_t038_nircam_clear-f150w_i2d.fits,mast:JWST/product/jw07763-o038_t038_nircam_clear-f150w_i2d.fits,https://mast.stsci.edu/api/v0.1/Download/file?uri=mast%3AJWST%2Fproduct%2Fjw07763-o038_t038_nircam_clear-f150w_i2d.fits,1216258560,PUBLIC,downloadable_public,61198.9310878,2026-06-07T22:20:45.986,185.5172,12.7875,jw07763-o038_t038_nircam_clear-f150w,408393162,https://mast.stsci.edu/api/v0/invoke,public Cycle-4 Treasury target-level association
GO7763_J_Virgo,7763,NGC4306,38,NIRCAM,F277W,target_level_i2d,jw07763-o038_t038_nircam_clear-f277w_i2d.fits,mast:JWST/product/jw07763-o038_t038_nircam_clear-f277w_i2d.fits,https://mast.stsci.edu/api/v0.1/Download/file?uri=mast%3AJWST%2Fproduct%2Fjw07763-o038_t038_nircam_clear-f277w_i2d.fits,288771840,PUBLIC,downloadable_public,61198.9310878,2026-06-07T22:20:45.986,185.5172,12.7875,jw07763-o038_t038_nircam_clear-f277w,408414436,https://mast.stsci.edu/api/v0/invoke,public Cycle-4 Treasury target-level association
GO7763_J_Virgo,7763,NGC4306,38,NIRISS,F115W,target_level_i2d,jw07763-o038_t038_niriss_clear-f115w_i2d.fits,mast:JWST/product/jw07763-o038_t038_niriss_clear-f115w_i2d.fits,https://mast.stsci.edu/api/v0.1/Download/file?uri=mast%3AJWST%2Fproduct%2Fjw07763-o038_t038_niriss_clear-f115w_i2d.fits,118952640,PUBLIC,downloadable_public,61198.92866885,2026-06-07T22:17:16.989,185.5172,12.7875,jw07763-o038_t038_niriss_clear-f115w,408393164,https://mast.stsci.edu/api/v0/invoke,public Cycle-4 Treasury target-level association
GO7763_J_Virgo,7763,NGC4306,38,NIRISS,F277W,target_level_i2d,jw07763-o038_t038_niriss_clearp-f277w_i2d.fits,mast:JWST/product/jw07763-o038_t038_niriss_clearp-f277w_i2d.fits,https://mast.stsci.edu/api/v0.1/Download/file?uri=mast%3AJWST%2Fproduct%2Fjw07763-o038_t038_niriss_clearp-f277w_i2d.fits,118952640,PUBLIC,downloadable_public,61198.92866885,2026-06-07T22:17:16.989,185.5172,12.7875,jw07763-o038_t038_niriss_clearp-f277w,408393163,https://mast.stsci.edu/api/v0/invoke,public Cycle-4 Treasury target-level association
GO7763_J_Virgo,7763,NGC4313,19,NIRCAM,F115W,target_level_i2d,jw07763-o019_t019_nircam_clear-f115w_i2d.fits,mast:JWST/product/jw07763-o019_t019_nircam_clear-f115w_i2d.fits,https://mast.stsci.edu/api/v0.1/Download/file?uri=mast%3AJWST%2Fproduct%2Fjw07763-o019_t019_nircam_clear-f115w_i2d.fits,1216137600,PUBLIC,downloadable_public,61193.26074067,2026-06-02T06:15:27.994,185.6599,11.801300000000001,jw07763-o019_t019_nircam_clear-f115w,404109702,https://mast.stsci.edu/api/v0/invoke,public Cycle-4 Treasury target-level association
GO7763_J_Virgo,7763,NGC4313,19,NIRCAM,F150W,target_level_i2d,jw07763-o019_t019_nircam_clear-f150w_i2d.fits,mast:JWST/product/jw07763-o019_t019_nircam_clear-f150w_i2d.fits,https://mast.stsci.edu/api/v0.1/Download/file?uri=mast%3AJWST%2Fproduct%2Fjw07763-o019_t019_nircam_clear-f150w_i2d.fits,1216137600,PUBLIC,downloadable_public,61193.26074067,2026-06-02T06:15:27.994,185.6599,11.801300000000001,jw07763-o019_t019_nircam_clear-f150w,404109725,https://mast.stsci.edu/api/v0/invoke,public Cycle-4 Treasury target-level association
GO7763_J_Virgo,7763,NGC4313,19,NIRCAM,F277W,target_level_i2d,jw07763-o019_t019_nircam_clear-f277w_i2d.fits,mast:JWST/product/jw07763-o019_t019_nircam_clear-f277w_i2d.fits,https://mast.stsci.edu/api/v0.1/Download/file?uri=mast%3AJWST%2Fproduct%2Fjw07763-o019_t019_nircam_clear-f277w_i2d.fits,288912960,PUBLIC,downloadable_public,61193.26074067,2026-06-02T06:15:27.994,185.6599,11.801300000000001,jw07763-o019_t019_nircam_clear-f277w,404109688,https://mast.stsci.edu/api/v0/invoke,public Cycle-4 Treasury target-level association
GO7763_J_Virgo,7763,NGC4313,19,NIRISS,F115W,target_level_i2d,jw07763-o019_t019_niriss_clear-f115w_i2d.fits,mast:JWST/product/jw07763-o019_t019_niriss_clear-f115w_i2d.fits,https://mast.stsci.edu/api/v0.1/Download/file?uri=mast%3AJWST%2Fproduct%2Fjw07763-o019_t019_niriss_clear-f115w_i2d.fits,118952640,PUBLIC,downloadable_public,61193.25829852,2026-06-02T06:11:56.992,185.6599,11.801300000000001,jw07763-o019_t019_niriss_clear-f115w,404103959,https://mast.stsci.edu/api/v0/invoke,public Cycle-4 Treasury target-level association
GO7763_J_Virgo,7763,NGC4313,19,NIRISS,F277W,target_level_i2d,jw07763-o019_t019_niriss_clearp-f277w_i2d.fits,mast:JWST/product/jw07763-o019_t019_niriss_clearp-f277w_i2d.fits,https://mast.stsci.edu/api/v0.1/Download/file?uri=mast%3AJWST%2Fproduct%2Fjw07763-o019_t019_niriss_clearp-f277w_i2d.fits,118952640,PUBLIC,downloadable_public,61193.25829852,2026-06-02T06:11:56.992,185.6599,11.801300000000001,jw07763-o019_t019_niriss_clearp-f277w,404103958,https://mast.stsci.edu/api/v0/invoke,public Cycle-4 Treasury target-level association
GO7763_J_Virgo,7763,NGC4351,39,NIRCAM,F115W,target_level_i2d,jw07763-o039_t039_nircam_clear-f115w_i2d.fits,mast:JWST/product/jw07763-o039_t039_nircam_clear-f115w_i2d.fits,https://mast.stsci.edu/api/v0.1/Download/file?uri=mast%3AJWST%2Fproduct%2Fjw07763-o039_t039_nircam_clear-f115w_i2d.fits,1216137600,PUBLIC,downloadable_public,61199.05600688,2026-06-08T01:20:38.994,186.0054,12.2042,jw07763-o039_t039_nircam_clear-f115w,408531170,https://mast.stsci.edu/api/v0/invoke,public Cycle-4 Treasury target-level association
GO7763_J_Virgo,7763,NGC4351,39,NIRCAM,F150W,target_level_i2d,jw07763-o039_t039_nircam_clear-f150w_i2d.fits,mast:JWST/product/jw07763-o039_t039_nircam_clear-f150w_i2d.fits,https://mast.stsci.edu/api/v0.1/Download/file?uri=mast%3AJWST%2Fproduct%2Fjw07763-o039_t039_nircam_clear-f150w_i2d.fits,1216258560,PUBLIC,downloadable_public,61199.05600688,2026-06-08T01:20:38.994,186.0054,12.2042,jw07763-o039_t039_nircam_clear-f150w,408531188,https://mast.stsci.edu/api/v0/invoke,public Cycle-4 Treasury target-level association
GO7763_J_Virgo,7763,NGC4351,39,NIRCAM,F277W,target_level_i2d,jw07763-o039_t039_nircam_clear-f277w_i2d.fits,mast:JWST/product/jw07763-o039_t039_nircam_clear-f277w_i2d.fits,https://mast.stsci.edu/api/v0.1/Download/file?uri=mast%3AJWST%2Fproduct%2Fjw07763-o039_t039_nircam_clear-f277w_i2d.fits,288771840,PUBLIC,downloadable_public,61199.05600688,2026-06-08T01:20:38.994,186.0054,12.2042,jw07763-o039_t039_nircam_clear-f277w,408531200,https://mast.stsci.edu/api/v0/invoke,public Cycle-4 Treasury target-level association
GO7763_J_Virgo,7763,NGC4351,39,NIRISS,F115W,target_level_i2d,jw07763-o039_t039_niriss_clear-f115w_i2d.fits,mast:JWST/product/jw07763-o039_t039_niriss_clear-f115w_i2d.fits,https://mast.stsci.edu/api/v0.1/Download/file?uri=mast%3AJWST%2Fproduct%2Fjw07763-o039_t039_niriss_clear-f115w_i2d.fits,118952640,PUBLIC,downloadable_public,61199.05377312,2026-06-08T01:17:25.998,186.0054,12.2042,jw07763-o039_t039_niriss_clear-f115w,408505793,https://mast.stsci.edu/api/v0/invoke,public Cycle-4 Treasury target-level association
GO7763_J_Virgo,7763,NGC4351,39,NIRISS,F277W,target_level_i2d,jw07763-o039_t039_niriss_clearp-f277w_i2d.fits,mast:JWST/product/jw07763-o039_t039_niriss_clearp-f277w_i2d.fits,https://mast.stsci.edu/api/v0.1/Download/file?uri=mast%3AJWST%2Fproduct%2Fjw07763-o039_t039_niriss_clearp-f277w_i2d.fits,118952640,PUBLIC,downloadable_public,61199.05377312,2026-06-08T01:17:25.998,186.0054,12.2042,jw07763-o039_t039_niriss_clearp-f277w,408505803,https://mast.stsci.edu/api/v0/invoke,public Cycle-4 Treasury target-level association
GO7763_J_Virgo,7763,NGC4352,36,NIRCAM,F115W,target_level_i2d,jw07763-o036_t036_nircam_clear-f115w_i2d.fits,mast:JWST/product/jw07763-o036_t036_nircam_clear-f115w_i2d.fits,https://mast.stsci.edu/api/v0.1/Download/file?uri=mast%3AJWST%2Fproduct%2Fjw07763-o036_t036_nircam_clear-f115w_i2d.fits,1216137600,PUBLIC,downloadable_public,61209.55305547,2026-06-18T13:16:23.993,186.0207,11.2181,jw07763-o036_t036_nircam_clear-f115w,416319606,https://mast.stsci.edu/api/v0/invoke,public Cycle-4 Treasury target-level association
GO7763_J_Virgo,7763,NGC4352,36,NIRCAM,F150W,target_level_i2d,jw07763-o036_t036_nircam_clear-f150w_i2d.fits,mast:JWST/product/jw07763-o036_t036_nircam_clear-f150w_i2d.fits,https://mast.stsci.edu/api/v0.1/Download/file?uri=mast%3AJWST%2Fproduct%2Fjw07763-o036_t036_nircam_clear-f150w_i2d.fits,1216137600,PUBLIC,downloadable_public,61209.55305547,2026-06-18T13:16:23.993,186.0207,11.2181,jw07763-o036_t036_nircam_clear-f150w,416319568,https://mast.stsci.edu/api/v0/invoke,public Cycle-4 Treasury target-level association
GO7763_J_Virgo,7763,NGC4352,36,NIRCAM,F277W,target_level_i2d,jw07763-o036_t036_nircam_clear-f277w_i2d.fits,mast:JWST/product/jw07763-o036_t036_nircam_clear-f277w_i2d.fits,https://mast.stsci.edu/api/v0.1/Download/file?uri=mast%3AJWST%2Fproduct%2Fjw07763-o036_t036_nircam_clear-f277w_i2d.fits,288771840,PUBLIC,downloadable_public,61209.55305547,2026-06-18T13:16:23.993,186.0207,11.2181,jw07763-o036_t036_nircam_clear-f277w,416319607,https://mast.stsci.edu/api/v0/invoke,public Cycle-4 Treasury target-level association
GO7763_J_Virgo,7763,NGC4352,36,NIRISS,F115W,target_level_i2d,jw07763-o036_t036_niriss_clear-f115w_i2d.fits,mast:JWST/product/jw07763-o036_t036_niriss_clear-f115w_i2d.fits,https://mast.stsci.edu/api/v0.1/Download/file?uri=mast%3AJWST%2Fproduct%2Fjw07763-o036_t036_niriss_clear-f115w_i2d.fits,118952640,PUBLIC,downloadable_public,61209.54782395,2026-06-18T13:08:51.989,186.0207,11.2181,jw07763-o036_t036_niriss_clear-f115w,416319565,https://mast.stsci.edu/api/v0/invoke,public Cycle-4 Treasury target-level association
GO7763_J_Virgo,7763,NGC4352,36,NIRISS,F277W,target_level_i2d,jw07763-o036_t036_niriss_clearp-f277w_i2d.fits,mast:JWST/product/jw07763-o036_t036_niriss_clearp-f277w_i2d.fits,https://mast.stsci.edu/api/v0.1/Download/file?uri=mast%3AJWST%2Fproduct%2Fjw07763-o036_t036_niriss_clearp-f277w_i2d.fits,118952640,PUBLIC,downloadable_public,61209.54782395,2026-06-18T13:08:51.989,186.0207,11.2181,jw07763-o036_t036_niriss_clearp-f277w,416319567,https://mast.stsci.edu/api/v0/invoke,public Cycle-4 Treasury target-level association
GO7763_J_Virgo,7763,NGC4371,11,NIRCAM,F115W,target_level_i2d,jw07763-o011_t011_nircam_clear-f115w_i2d.fits,mast:JWST/product/jw07763-o011_t011_nircam_clear-f115w_i2d.fits,https://mast.stsci.edu/api/v0.1/Download/file?uri=mast%3AJWST%2Fproduct%2Fjw07763-o011_t011_nircam_clear-f115w_i2d.fits,1216137600,PUBLIC,downloadable_public,61207.80975682,2026-06-16T19:26:02.989,186.2305,11.7042,jw07763-o011_t011_nircam_clear-f115w,415374609,https://mast.stsci.edu/api/v0/invoke,public Cycle-4 Treasury target-level association
GO7763_J_Virgo,7763,NGC4371,11,NIRCAM,F150W,target_level_i2d,jw07763-o011_t011_nircam_clear-f150w_i2d.fits,mast:JWST/product/jw07763-o011_t011_nircam_clear-f150w_i2d.fits,https://mast.stsci.edu/api/v0.1/Download/file?uri=mast%3AJWST%2Fproduct%2Fjw07763-o011_t011_nircam_clear-f150w_i2d.fits,1216137600,PUBLIC,downloadable_public,61207.80975682,2026-06-16T19:26:02.989,186.2305,11.7042,jw07763-o011_t011_nircam_clear-f150w,415359054,https://mast.stsci.edu/api/v0/invoke,public Cycle-4 Treasury target-level association
GO7763_J_Virgo,7763,NGC4371,11,NIRCAM,F277W,target_level_i2d,jw07763-o011_t011_nircam_clear-f277w_i2d.fits,mast:JWST/product/jw07763-o011_t011_nircam_clear-f277w_i2d.fits,https://mast.stsci.edu/api/v0.1/Download/file?uri=mast%3AJWST%2Fproduct%2Fjw07763-o011_t011_nircam_clear-f277w_i2d.fits,288771840,PUBLIC,downloadable_public,61207.80975682,2026-06-16T19:26:02.989,186.2305,11.7042,jw07763-o011_t011_nircam_clear-f277w,415374589,https://mast.stsci.edu/api/v0/invoke,public Cycle-4 Treasury target-level association
GO7763_J_Virgo,7763,NGC4371,11,NIRISS,F115W,target_level_i2d,jw07763-o011_t011_niriss_clear-f115w_i2d.fits,mast:JWST/product/jw07763-o011_t011_niriss_clear-f115w_i2d.fits,https://mast.stsci.edu/api/v0.1/Download/file?uri=mast%3AJWST%2Fproduct%2Fjw07763-o011_t011_niriss_clear-f115w_i2d.fits,118952640,PUBLIC,downloadable_public,61207.80738411,2026-06-16T19:22:37.987,186.2305,11.7042,jw07763-o011_t011_niriss_clear-f115w,415349155,https://mast.stsci.edu/api/v0/invoke,public Cycle-4 Treasury target-level association
GO7763_J_Virgo,7763,NGC4371,11,NIRISS,F277W,target_level_i2d,jw07763-o011_t011_niriss_clearp-f277w_i2d.fits,mast:JWST/product/jw07763-o011_t011_niriss_clearp-f277w_i2d.fits,https://mast.stsci.edu/api/v0.1/Download/file?uri=mast%3AJWST%2Fproduct%2Fjw07763-o011_t011_niriss_clearp-f277w_i2d.fits,118952640,PUBLIC,downloadable_public,61207.80738411,2026-06-16T19:22:37.987,186.2305,11.7042,jw07763-o011_t011_niriss_clearp-f277w,415349178,https://mast.stsci.edu/api/v0/invoke,public Cycle-4 Treasury target-level association
GO7763_J_Virgo,7763,NGC4374,79,NIRCAM,F115W,target_level_i2d,jw07763-o079_t079_nircam_clear-f115w_i2d.fits,mast:JWST/product/jw07763-o079_t079_nircam_clear-f115w_i2d.fits,https://mast.stsci.edu/api/v0.1/Download/file?uri=mast%3AJWST%2Fproduct%2Fjw07763-o079_t079_nircam_clear-f115w_i2d.fits,1216143360,PUBLIC,downloadable_public,61172.26496524,2026-05-12T06:21:32.997,186.26559666666668,12.886983333333333,jw07763-o079_t079_nircam_clear-f115w,390970407,https://mast.stsci.edu/api/v0/invoke,public Cycle-4 Treasury target-level association
GO7763_J_Virgo,7763,NGC4374,79,NIRCAM,F277W,target_level_i2d,jw07763-o079_t079_nircam_clear-f277w_i2d.fits,mast:JWST/product/jw07763-o079_t079_nircam_clear-f277w_i2d.fits,https://mast.stsci.edu/api/v0.1/Download/file?uri=mast%3AJWST%2Fproduct%2Fjw07763-o079_t079_nircam_clear-f277w_i2d.fits,288728640,PUBLIC,downloadable_public,61172.26496524,2026-05-12T06:21:32.997,186.26559666666668,12.886983333333333,jw07763-o079_t079_nircam_clear-f277w,390970406,https://mast.stsci.edu/api/v0/invoke,public Cycle-4 Treasury target-level association
GO7763_J_Virgo,7763,NGC4374,79,NIRISS,F115W,target_level_i2d,jw07763-o079_t079_niriss_clear-f115w_i2d.fits,mast:JWST/product/jw07763-o079_t079_niriss_clear-f115w_i2d.fits,https://mast.stsci.edu/api/v0.1/Download/file?uri=mast%3AJWST%2Fproduct%2Fjw07763-o079_t079_niriss_clear-f115w_i2d.fits,118952640,PUBLIC,downloadable_public,61172.26302083,2026-05-12T06:18:45.000,186.26559666666668,12.886983333333333,jw07763-o079_t079_niriss_clear-f115w,390970404,https://mast.stsci.edu/api/v0/invoke,public Cycle-4 Treasury target-level association
GO7763_J_Virgo,7763,NGC4387,23,NIRCAM,F115W,target_level_i2d,jw07763-o023_t023_nircam_clear-f115w_i2d.fits,mast:JWST/product/jw07763-o023_t023_nircam_clear-f115w_i2d.fits,https://mast.stsci.edu/api/v0.1/Download/file?uri=mast%3AJWST%2Fproduct%2Fjw07763-o023_t023_nircam_clear-f115w_i2d.fits,1216137600,PUBLIC,downloadable_public,61196.898831,2026-06-05T21:34:18.998,186.42379999999997,12.8099,jw07763-o023_t023_nircam_clear-f115w,407635685,https://mast.stsci.edu/api/v0/invoke,public Cycle-4 Treasury target-level association
GO7763_J_Virgo,7763,NGC4387,23,NIRCAM,F150W,target_level_i2d,jw07763-o023_t023_nircam_clear-f150w_i2d.fits,mast:JWST/product/jw07763-o023_t023_nircam_clear-f150w_i2d.fits,https://mast.stsci.edu/api/v0.1/Download/file?uri=mast%3AJWST%2Fproduct%2Fjw07763-o023_t023_nircam_clear-f150w_i2d.fits,1216137600,PUBLIC,downloadable_public,61196.898831,2026-06-05T21:34:18.998,186.42379999999997,12.8099,jw07763-o023_t023_nircam_clear-f150w,407635683,https://mast.stsci.edu/api/v0/invoke,public Cycle-4 Treasury target-level association
GO7763_J_Virgo,7763,NGC4387,23,NIRCAM,F277W,target_level_i2d,jw07763-o023_t023_nircam_clear-f277w_i2d.fits,mast:JWST/product/jw07763-o023_t023_nircam_clear-f277w_i2d.fits,https://mast.stsci.edu/api/v0.1/Download/file?uri=mast%3AJWST%2Fproduct%2Fjw07763-o023_t023_nircam_clear-f277w_i2d.fits,288912960,PUBLIC,downloadable_public,61196.898831,2026-06-05T21:34:18.998,186.42379999999997,12.8099,jw07763-o023_t023_nircam_clear-f277w,407635687,https://mast.stsci.edu/api/v0/invoke,public Cycle-4 Treasury target-level association
GO7763_J_Virgo,7763,NGC4387,23,NIRISS,F115W,target_level_i2d,jw07763-o023_t023_niriss_clear-f115w_i2d.fits,mast:JWST/product/jw07763-o023_t023_niriss_clear-f115w_i2d.fits,https://mast.stsci.edu/api/v0.1/Download/file?uri=mast%3AJWST%2Fproduct%2Fjw07763-o023_t023_niriss_clear-f115w_i2d.fits,118952640,PUBLIC,downloadable_public,61196.89700223,2026-06-05T21:31:40.993,186.42379999999997,12.8099,jw07763-o023_t023_niriss_clear-f115w,407635684,https://mast.stsci.edu/api/v0/invoke,public Cycle-4 Treasury target-level association
GO7763_J_Virgo,7763,NGC4387,23,NIRISS,F277W,target_level_i2d,jw07763-o023_t023_niriss_clearp-f277w_i2d.fits,mast:JWST/product/jw07763-o023_t023_niriss_clearp-f277w_i2d.fits,https://mast.stsci.edu/api/v0.1/Download/file?uri=mast%3AJWST%2Fproduct%2Fjw07763-o023_t023_niriss_clearp-f277w_i2d.fits,118952640,PUBLIC,downloadable_public,61196.89700223,2026-06-05T21:31:40.993,186.42379999999997,12.8099,jw07763-o023_t023_niriss_clearp-f277w,407635686,https://mast.stsci.edu/api/v0/invoke,public Cycle-4 Treasury target-level association
GO7763_J_Virgo,7763,NGC4388,13,NIRCAM,F115W,target_level_i2d,jw07763-o013_t013_nircam_clear-f115w_i2d.fits,mast:JWST/product/jw07763-o013_t013_nircam_clear-f115w_i2d.fits,https://mast.stsci.edu/api/v0.1/Download/file?uri=mast%3AJWST%2Fproduct%2Fjw07763-o013_t013_nircam_clear-f115w_i2d.fits,1216140480,PUBLIC,downloadable_public,61193.20638888,2026-06-02T04:57:11.999,186.4442,12.6629,jw07763-o013_t013_nircam_clear-f115w,404081380,https://mast.stsci.edu/api/v0/invoke,public Cycle-4 Treasury target-level association
GO7763_J_Virgo,7763,NGC4388,13,NIRCAM,F150W,target_level_i2d,jw07763-o013_t013_nircam_clear-f150w_i2d.fits,mast:JWST/product/jw07763-o013_t013_nircam_clear-f150w_i2d.fits,https://mast.stsci.edu/api/v0.1/Download/file?uri=mast%3AJWST%2Fproduct%2Fjw07763-o013_t013_nircam_clear-f150w_i2d.fits,1216137600,PUBLIC,downloadable_public,61193.20638888,2026-06-02T04:57:11.999,186.4442,12.6629,jw07763-o013_t013_nircam_clear-f150w,404072185,https://mast.stsci.edu/api/v0/invoke,public Cycle-4 Treasury target-level association
GO7763_J_Virgo,7763,NGC4388,13,NIRCAM,F277W,target_level_i2d,jw07763-o013_t013_nircam_clear-f277w_i2d.fits,mast:JWST/product/jw07763-o013_t013_nircam_clear-f277w_i2d.fits,https://mast.stsci.edu/api/v0.1/Download/file?uri=mast%3AJWST%2Fproduct%2Fjw07763-o013_t013_nircam_clear-f277w_i2d.fits,288912960,PUBLIC,downloadable_public,61193.20638888,2026-06-02T04:57:11.999,186.4442,12.6629,jw07763-o013_t013_nircam_clear-f277w,404072208,https://mast.stsci.edu/api/v0/invoke,public Cycle-4 Treasury target-level association
GO7763_J_Virgo,7763,NGC4388,13,NIRISS,F115W,target_level_i2d,jw07763-o013_t013_niriss_clear-f115w_i2d.fits,mast:JWST/product/jw07763-o013_t013_niriss_clear-f115w_i2d.fits,https://mast.stsci.edu/api/v0.1/Download/file?uri=mast%3AJWST%2Fproduct%2Fjw07763-o013_t013_niriss_clear-f115w_i2d.fits,118952640,PUBLIC,downloadable_public,61193.20394673,2026-06-02T04:53:40.997,186.4442,12.6629,jw07763-o013_t013_niriss_clear-f115w,404072196,https://mast.stsci.edu/api/v0/invoke,public Cycle-4 Treasury target-level association
GO7763_J_Virgo,7763,NGC4388,13,NIRISS,F277W,target_level_i2d,jw07763-o013_t013_niriss_clearp-f277w_i2d.fits,mast:JWST/product/jw07763-o013_t013_niriss_clearp-f277w_i2d.fits,https://mast.stsci.edu/api/v0.1/Download/file?uri=mast%3AJWST%2Fproduct%2Fjw07763-o013_t013_niriss_clearp-f277w_i2d.fits,118952640,PUBLIC,downloadable_public,61193.20394673,2026-06-02T04:53:40.997,186.4442,12.6629,jw07763-o013_t013_niriss_clearp-f277w,404072177,https://mast.stsci.edu/api/v0/invoke,public Cycle-4 Treasury target-level association
GO7763_J_Virgo,7763,NGC4402,22,NIRCAM,F115W,target_level_i2d,jw07763-o022_t022_nircam_clear-f115w_i2d.fits,mast:JWST/product/jw07763-o022_t022_nircam_clear-f115w_i2d.fits,https://mast.stsci.edu/api/v0.1/Download/file?uri=mast%3AJWST%2Fproduct%2Fjw07763-o022_t022_nircam_clear-f115w_i2d.fits,1216137600,PUBLIC,downloadable_public,61196.83874995,2026-06-05T20:07:47.996,186.5306,13.112499999999999,jw07763-o022_t022_nircam_clear-f115w,407805823,https://mast.stsci.edu/api/v0/invoke,public Cycle-4 Treasury target-level association
GO7763_J_Virgo,7763,NGC4402,22,NIRCAM,F150W,target_level_i2d,jw07763-o022_t022_nircam_clear-f150w_i2d.fits,mast:JWST/product/jw07763-o022_t022_nircam_clear-f150w_i2d.fits,https://mast.stsci.edu/api/v0.1/Download/file?uri=mast%3AJWST%2Fproduct%2Fjw07763-o022_t022_nircam_clear-f150w_i2d.fits,1216137600,PUBLIC,downloadable_public,61196.83874995,2026-06-05T20:07:47.996,186.5306,13.112499999999999,jw07763-o022_t022_nircam_clear-f150w,407248009,https://mast.stsci.edu/api/v0/invoke,public Cycle-4 Treasury target-level association
GO7763_J_Virgo,7763,NGC4402,22,NIRCAM,F277W,target_level_i2d,jw07763-o022_t022_nircam_clear-f277w_i2d.fits,mast:JWST/product/jw07763-o022_t022_nircam_clear-f277w_i2d.fits,https://mast.stsci.edu/api/v0.1/Download/file?uri=mast%3AJWST%2Fproduct%2Fjw07763-o022_t022_nircam_clear-f277w_i2d.fits,288771840,PUBLIC,downloadable_public,61196.83874995,2026-06-05T20:07:47.996,186.5306,13.112499999999999,jw07763-o022_t022_nircam_clear-f277w,407805769,https://mast.stsci.edu/api/v0/invoke,public Cycle-4 Treasury target-level association
GO7763_J_Virgo,7763,NGC4402,22,NIRISS,F115W,target_level_i2d,jw07763-o022_t022_niriss_clear-f115w_i2d.fits,mast:JWST/product/jw07763-o022_t022_niriss_clear-f115w_i2d.fits,https://mast.stsci.edu/api/v0.1/Download/file?uri=mast%3AJWST%2Fproduct%2Fjw07763-o022_t022_niriss_clear-f115w_i2d.fits,118952640,PUBLIC,downloadable_public,61196.83606474,2026-06-05T20:03:55.994,186.5306,13.112499999999999,jw07763-o022_t022_niriss_clear-f115w,407247994,https://mast.stsci.edu/api/v0/invoke,public Cycle-4 Treasury target-level association
GO7763_J_Virgo,7763,NGC4402,22,NIRISS,F277W,target_level_i2d,jw07763-o022_t022_niriss_clearp-f277w_i2d.fits,mast:JWST/product/jw07763-o022_t022_niriss_clearp-f277w_i2d.fits,https://mast.stsci.edu/api/v0.1/Download/file?uri=mast%3AJWST%2Fproduct%2Fjw07763-o022_t022_niriss_clearp-f277w_i2d.fits,118952640,PUBLIC,downloadable_public,61196.83606474,2026-06-05T20:03:55.994,186.5306,13.112499999999999,jw07763-o022_t022_niriss_clearp-f277w,407247952,https://mast.stsci.edu/api/v0/invoke,public Cycle-4 Treasury target-level association
GO7763_J_Virgo,7763,NGC4406,78,NIRCAM,F115W,target_level_i2d,jw07763-o078_t078_nircam_clear-f115w_i2d.fits,mast:JWST/product/jw07763-o078_t078_nircam_clear-f115w_i2d.fits,https://mast.stsci.edu/api/v0.1/Download/file?uri=mast%3AJWST%2Fproduct%2Fjw07763-o078_t078_nircam_clear-f115w_i2d.fits,1216143360,PUBLIC,downloadable_public,61199.11760415,2026-06-08T02:49:20.999,186.549225,12.945969444444446,jw07763-o078_t078_nircam_clear-f115w,408584912,https://mast.stsci.edu/api/v0/invoke,public Cycle-4 Treasury target-level association
GO7763_J_Virgo,7763,NGC4406,78,NIRCAM,F277W,target_level_i2d,jw07763-o078_t078_nircam_clear-f277w_i2d.fits,mast:JWST/product/jw07763-o078_t078_nircam_clear-f277w_i2d.fits,https://mast.stsci.edu/api/v0.1/Download/file?uri=mast%3AJWST%2Fproduct%2Fjw07763-o078_t078_nircam_clear-f277w_i2d.fits,288728640,PUBLIC,downloadable_public,61199.11760415,2026-06-08T02:49:20.999,186.549225,12.945969444444446,jw07763-o078_t078_nircam_clear-f277w,408584874,https://mast.stsci.edu/api/v0/invoke,public Cycle-4 Treasury target-level association
GO7763_J_Virgo,7763,NGC4406,78,NIRISS,F115W,target_level_i2d,jw07763-o078_t078_niriss_clear-f115w_i2d.fits,mast:JWST/product/jw07763-o078_t078_niriss_clear-f115w_i2d.fits,https://mast.stsci.edu/api/v0.1/Download/file?uri=mast%3AJWST%2Fproduct%2Fjw07763-o078_t078_niriss_clear-f115w_i2d.fits,118952640,PUBLIC,downloadable_public,61199.11533567,2026-06-08T02:46:05.002,186.549225,12.945969444444446,jw07763-o078_t078_niriss_clear-f115w,408571023,https://mast.stsci.edu/api/v0/invoke,public Cycle-4 Treasury target-level association
GO7763_J_Virgo,7763,NGC4413,31,NIRCAM,F115W,target_level_i2d,jw07763-o031_t031_nircam_clear-f115w_i2d.fits,mast:JWST/product/jw07763-o031_t031_nircam_clear-f115w_i2d.fits,https://mast.stsci.edu/api/v0.1/Download/file?uri=mast%3AJWST%2Fproduct%2Fjw07763-o031_t031_nircam_clear-f115w_i2d.fits,1216140480,PUBLIC,downloadable_public,61208.61291656,2026-06-17T14:42:35.991,186.63439083333333,12.610708333333333,jw07763-o031_t031_nircam_clear-f115w,416003226,https://mast.stsci.edu/api/v0/invoke,public Cycle-4 Treasury target-level association
GO7763_J_Virgo,7763,NGC4413,31,NIRCAM,F150W,target_level_i2d,jw07763-o031_t031_nircam_clear-f150w_i2d.fits,mast:JWST/product/jw07763-o031_t031_nircam_clear-f150w_i2d.fits,https://mast.stsci.edu/api/v0.1/Download/file?uri=mast%3AJWST%2Fproduct%2Fjw07763-o031_t031_nircam_clear-f150w_i2d.fits,1216137600,PUBLIC,downloadable_public,61208.61291656,2026-06-17T14:42:35.991,186.63439083333333,12.610708333333333,jw07763-o031_t031_nircam_clear-f150w,416003192,https://mast.stsci.edu/api/v0/invoke,public Cycle-4 Treasury target-level association
GO7763_J_Virgo,7763,NGC4413,31,NIRCAM,F277W,target_level_i2d,jw07763-o031_t031_nircam_clear-f277w_i2d.fits,mast:JWST/product/jw07763-o031_t031_nircam_clear-f277w_i2d.fits,https://mast.stsci.edu/api/v0.1/Download/file?uri=mast%3AJWST%2Fproduct%2Fjw07763-o031_t031_nircam_clear-f277w_i2d.fits,288912960,PUBLIC,downloadable_public,61208.61291656,2026-06-17T14:42:35.991,186.63439083333333,12.610708333333333,jw07763-o031_t031_nircam_clear-f277w,416003215,https://mast.stsci.edu/api/v0/invoke,public Cycle-4 Treasury target-level association
GO7763_J_Virgo,7763,NGC4413,31,NIRISS,F115W,target_level_i2d,jw07763-o031_t031_niriss_clear-f115w_i2d.fits,mast:JWST/product/jw07763-o031_t031_niriss_clear-f115w_i2d.fits,https://mast.stsci.edu/api/v0.1/Download/file?uri=mast%3AJWST%2Fproduct%2Fjw07763-o031_t031_niriss_clear-f115w_i2d.fits,118952640,PUBLIC,downloadable_public,61208.61045132,2026-06-17T14:39:02.994,186.63439083333333,12.610708333333333,jw07763-o031_t031_niriss_clear-f115w,416003193,https://mast.stsci.edu/api/v0/invoke,public Cycle-4 Treasury target-level association
GO7763_J_Virgo,7763,NGC4413,31,NIRISS,F277W,target_level_i2d,jw07763-o031_t031_niriss_clearp-f277w_i2d.fits,mast:JWST/product/jw07763-o031_t031_niriss_clearp-f277w_i2d.fits,https://mast.stsci.edu/api/v0.1/Download/file?uri=mast%3AJWST%2Fproduct%2Fjw07763-o031_t031_niriss_clearp-f277w_i2d.fits,118952640,PUBLIC,downloadable_public,61208.61045132,2026-06-17T14:39:02.994,186.63439083333333,12.610708333333333,jw07763-o031_t031_niriss_clearp-f277w,416003191,https://mast.stsci.edu/api/v0/invoke,public Cycle-4 Treasury target-level association
GO7763_J_Virgo,7763,NGC4429,5,NIRCAM,F115W,target_level_i2d,jw07763-o005_t005_nircam_clear-f115w_i2d.fits,mast:JWST/product/jw07763-o005_t005_nircam_clear-f115w_i2d.fits,https://mast.stsci.edu/api/v0.1/Download/file?uri=mast%3AJWST%2Fproduct%2Fjw07763-o005_t005_nircam_clear-f115w_i2d.fits,1216137600,PUBLIC,downloadable_public,61178.26951384,2026-05-18T06:28:05.996,186.86069999999998,11.1077,jw07763-o005_t005_nircam_clear-f115w,393023557,https://mast.stsci.edu/api/v0/invoke,public Cycle-4 Treasury target-level association
GO7763_J_Virgo,7763,NGC4429,5,NIRCAM,F150W,target_level_i2d,jw07763-o005_t005_nircam_clear-f150w_i2d.fits,mast:JWST/product/jw07763-o005_t005_nircam_clear-f150w_i2d.fits,https://mast.stsci.edu/api/v0.1/Download/file?uri=mast%3AJWST%2Fproduct%2Fjw07763-o005_t005_nircam_clear-f150w_i2d.fits,1216137600,PUBLIC,downloadable_public,61178.26951384,2026-05-18T06:28:05.996,186.86069999999998,11.1077,jw07763-o005_t005_nircam_clear-f150w,393023494,https://mast.stsci.edu/api/v0/invoke,public Cycle-4 Treasury target-level association
GO7763_J_Virgo,7763,NGC4429,5,NIRCAM,F277W,target_level_i2d,jw07763-o005_t005_nircam_clear-f277w_i2d.fits,mast:JWST/product/jw07763-o005_t005_nircam_clear-f277w_i2d.fits,https://mast.stsci.edu/api/v0.1/Download/file?uri=mast%3AJWST%2Fproduct%2Fjw07763-o005_t005_nircam_clear-f277w_i2d.fits,288771840,PUBLIC,downloadable_public,61178.26951384,2026-05-18T06:28:05.996,186.86069999999998,11.1077,jw07763-o005_t005_nircam_clear-f277w,393023540,https://mast.stsci.edu/api/v0/invoke,public Cycle-4 Treasury target-level association
GO7763_J_Virgo,7763,NGC4429,5,NIRISS,F115W,target_level_i2d,jw07763-o005_t005_niriss_clear-f115w_i2d.fits,mast:JWST/product/jw07763-o005_t005_niriss_clear-f115w_i2d.fits,https://mast.stsci.edu/api/v0.1/Download/file?uri=mast%3AJWST%2Fproduct%2Fjw07763-o005_t005_niriss_clear-f115w_i2d.fits,118952640,PUBLIC,downloadable_public,61178.26730317,2026-05-18T06:24:54.994,186.86069999999998,11.1077,jw07763-o005_t005_niriss_clear-f115w,393023497,https://mast.stsci.edu/api/v0/invoke,public Cycle-4 Treasury target-level association
GO7763_J_Virgo,7763,NGC4429,5,NIRISS,F277W,target_level_i2d,jw07763-o005_t005_niriss_clearp-f277w_i2d.fits,mast:JWST/product/jw07763-o005_t005_niriss_clearp-f277w_i2d.fits,https://mast.stsci.edu/api/v0.1/Download/file?uri=mast%3AJWST%2Fproduct%2Fjw07763-o005_t005_niriss_clearp-f277w_i2d.fits,118952640,PUBLIC,downloadable_public,61178.26730317,2026-05-18T06:24:54.994,186.86069999999998,11.1077,jw07763-o005_t005_niriss_clearp-f277w,393023496,https://mast.stsci.edu/api/v0/invoke,public Cycle-4 Treasury target-level association
GO7763_J_Virgo,7763,NGC4431,42,NIRCAM,F115W,target_level_i2d,jw07763-o042_t042_nircam_clear-f115w_i2d.fits,mast:JWST/product/jw07763-o042_t042_nircam_clear-f115w_i2d.fits,https://mast.stsci.edu/api/v0.1/Download/file?uri=mast%3AJWST%2Fproduct%2Fjw07763-o042_t042_nircam_clear-f115w_i2d.fits,1216137600,PUBLIC,downloadable_public,61210.77980317,2026-06-19T18:42:54.994,186.86408083333333,12.290277777777778,jw07763-o042_t042_nircam_clear-f115w,416320879,https://mast.stsci.edu/api/v0/invoke,public Cycle-4 Treasury target-level association
GO7763_J_Virgo,7763,NGC4431,42,NIRCAM,F150W,target_level_i2d,jw07763-o042_t042_nircam_clear-f150w_i2d.fits,mast:JWST/product/jw07763-o042_t042_nircam_clear-f150w_i2d.fits,https://mast.stsci.edu/api/v0.1/Download/file?uri=mast%3AJWST%2Fproduct%2Fjw07763-o042_t042_nircam_clear-f150w_i2d.fits,1216258560,PUBLIC,downloadable_public,61210.77980317,2026-06-19T18:42:54.994,186.86408083333333,12.290277777777778,jw07763-o042_t042_nircam_clear-f150w,416320857,https://mast.stsci.edu/api/v0/invoke,public Cycle-4 Treasury target-level association
GO7763_J_Virgo,7763,NGC4431,42,NIRCAM,F277W,target_level_i2d,jw07763-o042_t042_nircam_clear-f277w_i2d.fits,mast:JWST/product/jw07763-o042_t042_nircam_clear-f277w_i2d.fits,https://mast.stsci.edu/api/v0.1/Download/file?uri=mast%3AJWST%2Fproduct%2Fjw07763-o042_t042_nircam_clear-f277w_i2d.fits,288771840,PUBLIC,downloadable_public,61210.77980317,2026-06-19T18:42:54.994,186.86408083333333,12.290277777777778,jw07763-o042_t042_nircam_clear-f277w,416320877,https://mast.stsci.edu/api/v0/invoke,public Cycle-4 Treasury target-level association
GO7763_J_Virgo,7763,NGC4431,42,NIRISS,F115W,target_level_i2d,jw07763-o042_t042_niriss_clear-f115w_i2d.fits,mast:JWST/product/jw07763-o042_t042_niriss_clear-f115w_i2d.fits,https://mast.stsci.edu/api/v0.1/Download/file?uri=mast%3AJWST%2Fproduct%2Fjw07763-o042_t042_niriss_clear-f115w_i2d.fits,118952640,PUBLIC,downloadable_public,61210.77716431,2026-06-19T18:39:06.996,186.86408083333333,12.290277777777778,jw07763-o042_t042_niriss_clear-f115w,416320855,https://mast.stsci.edu/api/v0/invoke,public Cycle-4 Treasury target-level association
GO7763_J_Virgo,7763,NGC4431,42,NIRISS,F277W,target_level_i2d,jw07763-o042_t042_niriss_clearp-f277w_i2d.fits,mast:JWST/product/jw07763-o042_t042_niriss_clearp-f277w_i2d.fits,https://mast.stsci.edu/api/v0.1/Download/file?uri=mast%3AJWST%2Fproduct%2Fjw07763-o042_t042_niriss_clearp-f277w_i2d.fits,118952640,PUBLIC,downloadable_public,61210.77716431,2026-06-19T18:39:06.996,186.86408083333333,12.290277777777778,jw07763-o042_t042_niriss_clearp-f277w,416320856,https://mast.stsci.edu/api/v0/invoke,public Cycle-4 Treasury target-level association
GO7763_J_Virgo,7763,NGC4435,8,NIRCAM,F115W,target_level_i2d,jw07763-o008_t008_nircam_clear-f115w_i2d.fits,mast:JWST/product/jw07763-o008_t008_nircam_clear-f115w_i2d.fits,https://mast.stsci.edu/api/v0.1/Download/file?uri=mast%3AJWST%2Fproduct%2Fjw07763-o008_t008_nircam_clear-f115w_i2d.fits,1216140480,PUBLIC,downloadable_public,61207.76950227,2026-06-16T18:28:04.996,186.91871708333332,13.078983333333333,jw07763-o008_t008_nircam_clear-f115w,415334605,https://mast.stsci.edu/api/v0/invoke,public Cycle-4 Treasury target-level association
GO7763_J_Virgo,7763,NGC4435,8,NIRCAM,F150W,target_level_i2d,jw07763-o008_t008_nircam_clear-f150w_i2d.fits,mast:JWST/product/jw07763-o008_t008_nircam_clear-f150w_i2d.fits,https://mast.stsci.edu/api/v0.1/Download/file?uri=mast%3AJWST%2Fproduct%2Fjw07763-o008_t008_nircam_clear-f150w_i2d.fits,1216137600,PUBLIC,downloadable_public,61207.76950227,2026-06-16T18:28:04.996,186.91871708333332,13.078983333333333,jw07763-o008_t008_nircam_clear-f150w,415296336,https://mast.stsci.edu/api/v0/invoke,public Cycle-4 Treasury target-level association
GO7763_J_Virgo,7763,NGC4435,8,NIRCAM,F277W,target_level_i2d,jw07763-o008_t008_nircam_clear-f277w_i2d.fits,mast:JWST/product/jw07763-o008_t008_nircam_clear-f277w_i2d.fits,https://mast.stsci.edu/api/v0.1/Download/file?uri=mast%3AJWST%2Fproduct%2Fjw07763-o008_t008_nircam_clear-f277w_i2d.fits,288912960,PUBLIC,downloadable_public,61207.76950227,2026-06-16T18:28:04.996,186.91871708333332,13.078983333333333,jw07763-o008_t008_nircam_clear-f277w,415334676,https://mast.stsci.edu/api/v0/invoke,public Cycle-4 Treasury target-level association
GO7763_J_Virgo,7763,NGC4435,8,NIRISS,F115W,target_level_i2d,jw07763-o008_t008_niriss_clear-f115w_i2d.fits,mast:JWST/product/jw07763-o008_t008_niriss_clear-f115w_i2d.fits,https://mast.stsci.edu/api/v0.1/Download/file?uri=mast%3AJWST%2Fproduct%2Fjw07763-o008_t008_niriss_clear-f115w_i2d.fits,118952640,PUBLIC,downloadable_public,61207.76732632,2026-06-16T18:24:56.994,186.91871708333332,13.078983333333333,jw07763-o008_t008_niriss_clear-f115w,415280255,https://mast.stsci.edu/api/v0/invoke,public Cycle-4 Treasury target-level association
GO7763_J_Virgo,7763,NGC4435,8,NIRISS,F277W,target_level_i2d,jw07763-o008_t008_niriss_clearp-f277w_i2d.fits,mast:JWST/product/jw07763-o008_t008_niriss_clearp-f277w_i2d.fits,https://mast.stsci.edu/api/v0.1/Download/file?uri=mast%3AJWST%2Fproduct%2Fjw07763-o008_t008_niriss_clearp-f277w_i2d.fits,118952640,PUBLIC,downloadable_public,61207.76732632,2026-06-16T18:24:56.994,186.91871708333332,13.078983333333333,jw07763-o008_t008_niriss_clearp-f277w,415280371,https://mast.stsci.edu/api/v0/invoke,public Cycle-4 Treasury target-level association
GO7763_J_Virgo,7763,NGC4436,45,NIRCAM,F115W,target_level_i2d,jw07763-o045_t045_nircam_clear-f115w_i2d.fits,mast:JWST/product/jw07763-o045_t045_nircam_clear-f115w_i2d.fits,https://mast.stsci.edu/api/v0.1/Download/file?uri=mast%3AJWST%2Fproduct%2Fjw07763-o045_t045_nircam_clear-f115w_i2d.fits,1216140480,PUBLIC,downloadable_public,61212.14122682,2026-06-21T03:23:21.997,186.92181583333334,12.315888888888889,jw07763-o045_t045_nircam_clear-f115w,416322111,https://mast.stsci.edu/api/v0/invoke,public Cycle-4 Treasury target-level association
GO7763_J_Virgo,7763,NGC4436,45,NIRCAM,F150W,target_level_i2d,jw07763-o045_t045_nircam_clear-f150w_i2d.fits,mast:JWST/product/jw07763-o045_t045_nircam_clear-f150w_i2d.fits,https://mast.stsci.edu/api/v0.1/Download/file?uri=mast%3AJWST%2Fproduct%2Fjw07763-o045_t045_nircam_clear-f150w_i2d.fits,1216137600,PUBLIC,downloadable_public,61212.14122682,2026-06-21T03:23:21.997,186.92181583333334,12.315888888888889,jw07763-o045_t045_nircam_clear-f150w,416322050,https://mast.stsci.edu/api/v0/invoke,public Cycle-4 Treasury target-level association
GO7763_J_Virgo,7763,NGC4436,45,NIRCAM,F277W,target_level_i2d,jw07763-o045_t045_nircam_clear-f277w_i2d.fits,mast:JWST/product/jw07763-o045_t045_nircam_clear-f277w_i2d.fits,https://mast.stsci.edu/api/v0.1/Download/file?uri=mast%3AJWST%2Fproduct%2Fjw07763-o045_t045_nircam_clear-f277w_i2d.fits,288912960,PUBLIC,downloadable_public,61212.14122682,2026-06-21T03:23:21.997,186.92181583333334,12.315888888888889,jw07763-o045_t045_nircam_clear-f277w,416322053,https://mast.stsci.edu/api/v0/invoke,public Cycle-4 Treasury target-level association
GO7763_J_Virgo,7763,NGC4436,45,NIRISS,F115W,target_level_i2d,jw07763-o045_t045_niriss_clear-f115w_i2d.fits,mast:JWST/product/jw07763-o045_t045_niriss_clear-f115w_i2d.fits,https://mast.stsci.edu/api/v0.1/Download/file?uri=mast%3AJWST%2Fproduct%2Fjw07763-o045_t045_niriss_clear-f115w_i2d.fits,118952640,PUBLIC,downloadable_public,61212.14179391,2026-06-21T03:24:10.994,186.92181583333334,12.315888888888889,jw07763-o045_t045_niriss_clear-f115w,416322056,https://mast.stsci.edu/api/v0/invoke,public Cycle-4 Treasury target-level association
GO7763_J_Virgo,7763,NGC4436,45,NIRISS,F277W,target_level_i2d,jw07763-o045_t045_niriss_clearp-f277w_i2d.fits,mast:JWST/product/jw07763-o045_t045_niriss_clearp-f277w_i2d.fits,https://mast.stsci.edu/api/v0.1/Download/file?uri=mast%3AJWST%2Fproduct%2Fjw07763-o045_t045_niriss_clearp-f277w_i2d.fits,118952640,PUBLIC,downloadable_public,61212.14179391,2026-06-21T03:24:10.994,186.92181583333334,12.315888888888889,jw07763-o045_t045_niriss_clearp-f277w,416322055,https://mast.stsci.edu/api/v0/invoke,public Cycle-4 Treasury target-level association
GO7763_J_Virgo,7763,NGC4438,6,NIRCAM,F115W,target_level_i2d,jw07763-o006_t006_nircam_clear-f115w_i2d.fits,mast:JWST/product/jw07763-o006_t006_nircam_clear-f115w_i2d.fits,https://mast.stsci.edu/api/v0.1/Download/file?uri=mast%3AJWST%2Fproduct%2Fjw07763-o006_t006_nircam_clear-f115w_i2d.fits,1216137600,PUBLIC,downloadable_public,61207.1835532,2026-06-16T04:24:18.996,186.94020208333333,13.008875,jw07763-o006_t006_nircam_clear-f115w,414728789,https://mast.stsci.edu/api/v0/invoke,public Cycle-4 Treasury target-level association
GO7763_J_Virgo,7763,NGC4438,6,NIRCAM,F150W,target_level_i2d,jw07763-o006_t006_nircam_clear-f150w_i2d.fits,mast:JWST/product/jw07763-o006_t006_nircam_clear-f150w_i2d.fits,https://mast.stsci.edu/api/v0.1/Download/file?uri=mast%3AJWST%2Fproduct%2Fjw07763-o006_t006_nircam_clear-f150w_i2d.fits,1216258560,PUBLIC,downloadable_public,61207.1835532,2026-06-16T04:24:18.996,186.94020208333333,13.008875,jw07763-o006_t006_nircam_clear-f150w,414713408,https://mast.stsci.edu/api/v0/invoke,public Cycle-4 Treasury target-level association
GO7763_J_Virgo,7763,NGC4438,6,NIRCAM,F277W,target_level_i2d,jw07763-o006_t006_nircam_clear-f277w_i2d.fits,mast:JWST/product/jw07763-o006_t006_nircam_clear-f277w_i2d.fits,https://mast.stsci.edu/api/v0.1/Download/file?uri=mast%3AJWST%2Fproduct%2Fjw07763-o006_t006_nircam_clear-f277w_i2d.fits,288912960,PUBLIC,downloadable_public,61207.1835532,2026-06-16T04:24:18.996,186.94020208333333,13.008875,jw07763-o006_t006_nircam_clear-f277w,414723394,https://mast.stsci.edu/api/v0/invoke,public Cycle-4 Treasury target-level association
GO7763_J_Virgo,7763,NGC4438,6,NIRISS,F115W,target_level_i2d,jw07763-o006_t006_niriss_clear-f115w_i2d.fits,mast:JWST/product/jw07763-o006_t006_niriss_clear-f115w_i2d.fits,https://mast.stsci.edu/api/v0.1/Download/file?uri=mast%3AJWST%2Fproduct%2Fjw07763-o006_t006_niriss_clear-f115w_i2d.fits,118952640,PUBLIC,downloadable_public,61207.18105318,2026-06-16T04:20:42.995,186.94020208333333,13.008875,jw07763-o006_t006_niriss_clear-f115w,414713391,https://mast.stsci.edu/api/v0/invoke,public Cycle-4 Treasury target-level association
GO7763_J_Virgo,7763,NGC4438,6,NIRISS,F277W,target_level_i2d,jw07763-o006_t006_niriss_clearp-f277w_i2d.fits,mast:JWST/product/jw07763-o006_t006_niriss_clearp-f277w_i2d.fits,https://mast.stsci.edu/api/v0.1/Download/file?uri=mast%3AJWST%2Fproduct%2Fjw07763-o006_t006_niriss_clearp-f277w_i2d.fits,118952640,PUBLIC,downloadable_public,61207.18105318,2026-06-16T04:20:42.995,186.94020208333333,13.008875,jw07763-o006_t006_niriss_clearp-f277w,414713426,https://mast.stsci.edu/api/v0/invoke,public Cycle-4 Treasury target-level association
GO7763_J_Virgo,7763,NGC4442,12,NIRCAM,F115W,target_level_i2d,jw07763-o012_t012_nircam_clear-f115w_i2d.fits,mast:JWST/product/jw07763-o012_t012_nircam_clear-f115w_i2d.fits,https://mast.stsci.edu/api/v0.1/Download/file?uri=mast%3AJWST%2Fproduct%2Fjw07763-o012_t012_nircam_clear-f115w_i2d.fits,1216137600,PUBLIC,downloadable_public,61193.0516551,2026-06-02T01:14:23.001,187.0162,9.803700000000001,jw07763-o012_t012_nircam_clear-f115w,403966056,https://mast.stsci.edu/api/v0/invoke,public Cycle-4 Treasury target-level association
GO7763_J_Virgo,7763,NGC4442,12,NIRCAM,F150W,target_level_i2d,jw07763-o012_t012_nircam_clear-f150w_i2d.fits,mast:JWST/product/jw07763-o012_t012_nircam_clear-f150w_i2d.fits,https://mast.stsci.edu/api/v0.1/Download/file?uri=mast%3AJWST%2Fproduct%2Fjw07763-o012_t012_nircam_clear-f150w_i2d.fits,1216137600,PUBLIC,downloadable_public,61193.0516551,2026-06-02T01:14:23.001,187.0162,9.803700000000001,jw07763-o012_t012_nircam_clear-f150w,403966104,https://mast.stsci.edu/api/v0/invoke,public Cycle-4 Treasury target-level association
GO7763_J_Virgo,7763,NGC4442,12,NIRCAM,F277W,target_level_i2d,jw07763-o012_t012_nircam_clear-f277w_i2d.fits,mast:JWST/product/jw07763-o012_t012_nircam_clear-f277w_i2d.fits,https://mast.stsci.edu/api/v0.1/Download/file?uri=mast%3AJWST%2Fproduct%2Fjw07763-o012_t012_nircam_clear-f277w_i2d.fits,288771840,PUBLIC,downloadable_public,61193.0516551,2026-06-02T01:14:23.001,187.0162,9.803700000000001,jw07763-o012_t012_nircam_clear-f277w,403966039,https://mast.stsci.edu/api/v0/invoke,public Cycle-4 Treasury target-level association
GO7763_J_Virgo,7763,NGC4442,12,NIRISS,F115W,target_level_i2d,jw07763-o012_t012_niriss_clear-f115w_i2d.fits,mast:JWST/product/jw07763-o012_t012_niriss_clear-f115w_i2d.fits,https://mast.stsci.edu/api/v0.1/Download/file?uri=mast%3AJWST%2Fproduct%2Fjw07763-o012_t012_niriss_clear-f115w_i2d.fits,118952640,PUBLIC,downloadable_public,61193.04920137,2026-06-02T01:10:50.998,187.0162,9.803700000000001,jw07763-o012_t012_niriss_clear-f115w,403956138,https://mast.stsci.edu/api/v0/invoke,public Cycle-4 Treasury target-level association
GO7763_J_Virgo,7763,NGC4442,12,NIRISS,F277W,target_level_i2d,jw07763-o012_t012_niriss_clearp-f277w_i2d.fits,mast:JWST/product/jw07763-o012_t012_niriss_clearp-f277w_i2d.fits,https://mast.stsci.edu/api/v0.1/Download/file?uri=mast%3AJWST%2Fproduct%2Fjw07763-o012_t012_niriss_clearp-f277w_i2d.fits,118952640,PUBLIC,downloadable_public,61193.04920137,2026-06-02T01:10:50.998,187.0162,9.803700000000001,jw07763-o012_t012_niriss_clearp-f277w,403956130,https://mast.stsci.edu/api/v0/invoke,public Cycle-4 Treasury target-level association
GO7763_J_Virgo,7763,NGC4452,33,NIRCAM,F115W,target_level_i2d,jw07763-o033_t033_nircam_clear-f115w_i2d.fits,mast:JWST/product/jw07763-o033_t033_nircam_clear-f115w_i2d.fits,https://mast.stsci.edu/api/v0.1/Download/file?uri=mast%3AJWST%2Fproduct%2Fjw07763-o033_t033_nircam_clear-f115w_i2d.fits,1216140480,PUBLIC,downloadable_public,61193.42918984,2026-06-02T10:18:02.002,187.18044708333332,11.755033333333333,jw07763-o033_t033_nircam_clear-f115w,404231132,https://mast.stsci.edu/api/v0/invoke,public Cycle-4 Treasury target-level association
GO7763_J_Virgo,7763,NGC4452,33,NIRCAM,F150W,target_level_i2d,jw07763-o033_t033_nircam_clear-f150w_i2d.fits,mast:JWST/product/jw07763-o033_t033_nircam_clear-f150w_i2d.fits,https://mast.stsci.edu/api/v0.1/Download/file?uri=mast%3AJWST%2Fproduct%2Fjw07763-o033_t033_nircam_clear-f150w_i2d.fits,1215855360,PUBLIC,downloadable_public,61193.42918984,2026-06-02T10:18:02.002,187.18044708333332,11.755033333333333,jw07763-o033_t033_nircam_clear-f150w,404231103,https://mast.stsci.edu/api/v0/invoke,public Cycle-4 Treasury target-level association
GO7763_J_Virgo,7763,NGC4452,33,NIRCAM,F277W,target_level_i2d,jw07763-o033_t033_nircam_clear-f277w_i2d.fits,mast:JWST/product/jw07763-o033_t033_nircam_clear-f277w_i2d.fits,https://mast.stsci.edu/api/v0.1/Download/file?uri=mast%3AJWST%2Fproduct%2Fjw07763-o033_t033_nircam_clear-f277w_i2d.fits,288771840,PUBLIC,downloadable_public,61193.42918984,2026-06-02T10:18:02.002,187.18044708333332,11.755033333333333,jw07763-o033_t033_nircam_clear-f277w,404231120,https://mast.stsci.edu/api/v0/invoke,public Cycle-4 Treasury target-level association
GO7763_J_Virgo,7763,NGC4452,33,NIRISS,F115W,target_level_i2d,jw07763-o033_t033_niriss_clear-f115w_i2d.fits,mast:JWST/product/jw07763-o033_t033_niriss_clear-f115w_i2d.fits,https://mast.stsci.edu/api/v0.1/Download/file?uri=mast%3AJWST%2Fproduct%2Fjw07763-o033_t033_niriss_clear-f115w_i2d.fits,118952640,PUBLIC,downloadable_public,61193.42703704,2026-06-02T10:14:56.000,187.18044708333332,11.755033333333333,jw07763-o033_t033_niriss_clear-f115w,404221313,https://mast.stsci.edu/api/v0/invoke,public Cycle-4 Treasury target-level association
GO7763_J_Virgo,7763,NGC4452,33,NIRISS,F277W,target_level_i2d,jw07763-o033_t033_niriss_clearp-f277w_i2d.fits,mast:JWST/product/jw07763-o033_t033_niriss_clearp-f277w_i2d.fits,https://mast.stsci.edu/api/v0.1/Download/file?uri=mast%3AJWST%2Fproduct%2Fjw07763-o033_t033_niriss_clearp-f277w_i2d.fits,118952640,PUBLIC,downloadable_public,61193.42703704,2026-06-02T10:14:56.000,187.18044708333332,11.755033333333333,jw07763-o033_t033_niriss_clearp-f277w,404221327,https://mast.stsci.edu/api/v0/invoke,public Cycle-4 Treasury target-level association
GO7763_J_Virgo,7763,NGC4458,21,NIRCAM,F115W,target_level_i2d,jw07763-o021_t021_nircam_clear-f115w_i2d.fits,mast:JWST/product/jw07763-o021_t021_nircam_clear-f115w_i2d.fits,https://mast.stsci.edu/api/v0.1/Download/file?uri=mast%3AJWST%2Fproduct%2Fjw07763-o021_t021_nircam_clear-f115w_i2d.fits,1216137600,PUBLIC,downloadable_public,61207.88543974,2026-06-16T21:15:01.994,187.239835,13.241933333333332,jw07763-o021_t021_nircam_clear-f115w,415453089,https://mast.stsci.edu/api/v0/invoke,public Cycle-4 Treasury target-level association
GO7763_J_Virgo,7763,NGC4458,21,NIRCAM,F150W,target_level_i2d,jw07763-o021_t021_nircam_clear-f150w_i2d.fits,mast:JWST/product/jw07763-o021_t021_nircam_clear-f150w_i2d.fits,https://mast.stsci.edu/api/v0.1/Download/file?uri=mast%3AJWST%2Fproduct%2Fjw07763-o021_t021_nircam_clear-f150w_i2d.fits,1216137600,PUBLIC,downloadable_public,61207.88543974,2026-06-16T21:15:01.994,187.239835,13.241933333333332,jw07763-o021_t021_nircam_clear-f150w,415437196,https://mast.stsci.edu/api/v0/invoke,public Cycle-4 Treasury target-level association
GO7763_J_Virgo,7763,NGC4458,21,NIRCAM,F277W,target_level_i2d,jw07763-o021_t021_nircam_clear-f277w_i2d.fits,mast:JWST/product/jw07763-o021_t021_nircam_clear-f277w_i2d.fits,https://mast.stsci.edu/api/v0.1/Download/file?uri=mast%3AJWST%2Fproduct%2Fjw07763-o021_t021_nircam_clear-f277w_i2d.fits,288912960,PUBLIC,downloadable_public,61207.88543974,2026-06-16T21:15:01.994,187.239835,13.241933333333332,jw07763-o021_t021_nircam_clear-f277w,415453018,https://mast.stsci.edu/api/v0/invoke,public Cycle-4 Treasury target-level association
GO7763_J_Virgo,7763,NGC4458,21,NIRISS,F115W,target_level_i2d,jw07763-o021_t021_niriss_clear-f115w_i2d.fits,mast:JWST/product/jw07763-o021_t021_niriss_clear-f115w_i2d.fits,https://mast.stsci.edu/api/v0.1/Download/file?uri=mast%3AJWST%2Fproduct%2Fjw07763-o021_t021_niriss_clear-f115w_i2d.fits,118952640,PUBLIC,downloadable_public,61207.88351848,2026-06-16T21:12:15.997,187.239835,13.241933333333332,jw07763-o021_t021_niriss_clear-f115w,415427128,https://mast.stsci.edu/api/v0/invoke,public Cycle-4 Treasury target-level association
GO7763_J_Virgo,7763,NGC4458,21,NIRISS,F277W,target_level_i2d,jw07763-o021_t021_niriss_clearp-f277w_i2d.fits,mast:JWST/product/jw07763-o021_t021_niriss_clearp-f277w_i2d.fits,https://mast.stsci.edu/api/v0.1/Download/file?uri=mast%3AJWST%2Fproduct%2Fjw07763-o021_t021_niriss_clearp-f277w_i2d.fits,118952640,PUBLIC,downloadable_public,61207.88351848,2026-06-16T21:12:15.997,187.239835,13.241933333333332,jw07763-o021_t021_niriss_clearp-f277w,415427189,https://mast.stsci.edu/api/v0/invoke,public Cycle-4 Treasury target-level association
GO7763_J_Virgo,7763,NGC4459,9,NIRCAM,F115W,target_level_i2d,jw07763-o009_t009_nircam_clear-f115w_i2d.fits,mast:JWST/product/jw07763-o009_t009_nircam_clear-f115w_i2d.fits,https://mast.stsci.edu/api/v0.1/Download/file?uri=mast%3AJWST%2Fproduct%2Fjw07763-o009_t009_nircam_clear-f115w_i2d.fits,1216258560,PUBLIC,downloadable_public,61193.1356365,2026-06-02T03:15:18.994,187.25029999999998,13.9784,jw07763-o009_t009_nircam_clear-f115w,404027247,https://mast.stsci.edu/api/v0/invoke,public Cycle-4 Treasury target-level association
GO7763_J_Virgo,7763,NGC4459,9,NIRCAM,F150W,target_level_i2d,jw07763-o009_t009_nircam_clear-f150w_i2d.fits,mast:JWST/product/jw07763-o009_t009_nircam_clear-f150w_i2d.fits,https://mast.stsci.edu/api/v0.1/Download/file?uri=mast%3AJWST%2Fproduct%2Fjw07763-o009_t009_nircam_clear-f150w_i2d.fits,1216137600,PUBLIC,downloadable_public,61193.1356365,2026-06-02T03:15:18.994,187.25029999999998,13.9784,jw07763-o009_t009_nircam_clear-f150w,404027207,https://mast.stsci.edu/api/v0/invoke,public Cycle-4 Treasury target-level association
GO7763_J_Virgo,7763,NGC4459,9,NIRCAM,F277W,target_level_i2d,jw07763-o009_t009_nircam_clear-f277w_i2d.fits,mast:JWST/product/jw07763-o009_t009_nircam_clear-f277w_i2d.fits,https://mast.stsci.edu/api/v0.1/Download/file?uri=mast%3AJWST%2Fproduct%2Fjw07763-o009_t009_nircam_clear-f277w_i2d.fits,288912960,PUBLIC,downloadable_public,61193.1356365,2026-06-02T03:15:18.994,187.25029999999998,13.9784,jw07763-o009_t009_nircam_clear-f277w,404027236,https://mast.stsci.edu/api/v0/invoke,public Cycle-4 Treasury target-level association
GO7763_J_Virgo,7763,NGC4459,9,NIRISS,F115W,target_level_i2d,jw07763-o009_t009_niriss_clear-f115w_i2d.fits,mast:JWST/product/jw07763-o009_t009_niriss_clear-f115w_i2d.fits,https://mast.stsci.edu/api/v0.1/Download/file?uri=mast%3AJWST%2Fproduct%2Fjw07763-o009_t009_niriss_clear-f115w_i2d.fits,118952640,PUBLIC,downloadable_public,61193.13312491,2026-06-02T03:11:41.992,187.25029999999998,13.9784,jw07763-o009_t009_niriss_clear-f115w,404015317,https://mast.stsci.edu/api/v0/invoke,public Cycle-4 Treasury target-level association
GO7763_J_Virgo,7763,NGC4459,9,NIRISS,F277W,target_level_i2d,jw07763-o009_t009_niriss_clearp-f277w_i2d.fits,mast:JWST/product/jw07763-o009_t009_niriss_clearp-f277w_i2d.fits,https://mast.stsci.edu/api/v0.1/Download/file?uri=mast%3AJWST%2Fproduct%2Fjw07763-o009_t009_niriss_clearp-f277w_i2d.fits,118952640,PUBLIC,downloadable_public,61193.13312491,2026-06-02T03:11:41.992,187.25029999999998,13.9784,jw07763-o009_t009_niriss_clearp-f277w,404015331,https://mast.stsci.edu/api/v0/invoke,public Cycle-4 Treasury target-level association
GO7763_J_Virgo,7763,NGC4461,14,NIRCAM,F115W,target_level_i2d,jw07763-o014_t014_nircam_clear-f115w_i2d.fits,mast:JWST/product/jw07763-o014_t014_nircam_clear-f115w_i2d.fits,https://mast.stsci.edu/api/v0.1/Download/file?uri=mast%3AJWST%2Fproduct%2Fjw07763-o014_t014_nircam_clear-f115w_i2d.fits,1216258560,PUBLIC,downloadable_public,61207.84445597,2026-06-16T20:16:00.996,187.26254999999998,13.1838,jw07763-o014_t014_nircam_clear-f115w,415414889,https://mast.stsci.edu/api/v0/invoke,public Cycle-4 Treasury target-level association
GO7763_J_Virgo,7763,NGC4461,14,NIRCAM,F150W,target_level_i2d,jw07763-o014_t014_nircam_clear-f150w_i2d.fits,mast:JWST/product/jw07763-o014_t014_nircam_clear-f150w_i2d.fits,https://mast.stsci.edu/api/v0.1/Download/file?uri=mast%3AJWST%2Fproduct%2Fjw07763-o014_t014_nircam_clear-f150w_i2d.fits,1216137600,PUBLIC,downloadable_public,61207.84445597,2026-06-16T20:16:00.996,187.26254999999998,13.1838,jw07763-o014_t014_nircam_clear-f150w,415389205,https://mast.stsci.edu/api/v0/invoke,public Cycle-4 Treasury target-level association
GO7763_J_Virgo,7763,NGC4461,14,NIRCAM,F277W,target_level_i2d,jw07763-o014_t014_nircam_clear-f277w_i2d.fits,mast:JWST/product/jw07763-o014_t014_nircam_clear-f277w_i2d.fits,https://mast.stsci.edu/api/v0.1/Download/file?uri=mast%3AJWST%2Fproduct%2Fjw07763-o014_t014_nircam_clear-f277w_i2d.fits,288771840,PUBLIC,downloadable_public,61207.84445597,2026-06-16T20:16:00.996,187.26254999999998,13.1838,jw07763-o014_t014_nircam_clear-f277w,415414819,https://mast.stsci.edu/api/v0/invoke,public Cycle-4 Treasury target-level association
GO7763_J_Virgo,7763,NGC4461,14,NIRISS,F115W,target_level_i2d,jw07763-o014_t014_niriss_clear-f115w_i2d.fits,mast:JWST/product/jw07763-o014_t014_niriss_clear-f115w_i2d.fits,https://mast.stsci.edu/api/v0.1/Download/file?uri=mast%3AJWST%2Fproduct%2Fjw07763-o014_t014_niriss_clear-f115w_i2d.fits,118952640,PUBLIC,downloadable_public,61207.84233789,2026-06-16T20:12:57.994,187.26254999999998,13.1838,jw07763-o014_t014_niriss_clear-f115w,415389233,https://mast.stsci.edu/api/v0/invoke,public Cycle-4 Treasury target-level association
GO7763_J_Virgo,7763,NGC4461,14,NIRISS,F277W,target_level_i2d,jw07763-o014_t014_niriss_clearp-f277w_i2d.fits,mast:JWST/product/jw07763-o014_t014_niriss_clearp-f277w_i2d.fits,https://mast.stsci.edu/api/v0.1/Download/file?uri=mast%3AJWST%2Fproduct%2Fjw07763-o014_t014_niriss_clearp-f277w_i2d.fits,118952640,PUBLIC,downloadable_public,61207.84233789,2026-06-16T20:12:57.994,187.26254999999998,13.1838,jw07763-o014_t014_niriss_clearp-f277w,415389165,https://mast.stsci.edu/api/v0/invoke,public Cycle-4 Treasury target-level association
GO7763_J_Virgo,7763,NGC4473,4,NIRCAM,F115W,target_level_i2d,jw07763-o004_t004_nircam_clear-f115w_i2d.fits,mast:JWST/product/jw07763-o004_t004_nircam_clear-f115w_i2d.fits,https://mast.stsci.edu/api/v0.1/Download/file?uri=mast%3AJWST%2Fproduct%2Fjw07763-o004_t004_nircam_clear-f115w_i2d.fits,1216140480,PUBLIC,downloadable_public,61178.21064818,2026-05-18T05:03:20.003,187.453625,13.42943611111111,jw07763-o004_t004_nircam_clear-f115w,393023432,https://mast.stsci.edu/api/v0/invoke,public Cycle-4 Treasury target-level association
GO7763_J_Virgo,7763,NGC4473,4,NIRCAM,F150W,target_level_i2d,jw07763-o004_t004_nircam_clear-f150w_i2d.fits,mast:JWST/product/jw07763-o004_t004_nircam_clear-f150w_i2d.fits,https://mast.stsci.edu/api/v0.1/Download/file?uri=mast%3AJWST%2Fproduct%2Fjw07763-o004_t004_nircam_clear-f150w_i2d.fits,1216137600,PUBLIC,downloadable_public,61178.21064818,2026-05-18T05:03:20.003,187.453625,13.42943611111111,jw07763-o004_t004_nircam_clear-f150w,393023434,https://mast.stsci.edu/api/v0/invoke,public Cycle-4 Treasury target-level association
GO7763_J_Virgo,7763,NGC4473,4,NIRCAM,F277W,target_level_i2d,jw07763-o004_t004_nircam_clear-f277w_i2d.fits,mast:JWST/product/jw07763-o004_t004_nircam_clear-f277w_i2d.fits,https://mast.stsci.edu/api/v0.1/Download/file?uri=mast%3AJWST%2Fproduct%2Fjw07763-o004_t004_nircam_clear-f277w_i2d.fits,288912960,PUBLIC,downloadable_public,61178.21064818,2026-05-18T05:03:20.003,187.453625,13.42943611111111,jw07763-o004_t004_nircam_clear-f277w,393023433,https://mast.stsci.edu/api/v0/invoke,public Cycle-4 Treasury target-level association
GO7763_J_Virgo,7763,NGC4473,4,NIRISS,F115W,target_level_i2d,jw07763-o004_t004_niriss_clear-f115w_i2d.fits,mast:JWST/product/jw07763-o004_t004_niriss_clear-f115w_i2d.fits,https://mast.stsci.edu/api/v0.1/Download/file?uri=mast%3AJWST%2Fproduct%2Fjw07763-o004_t004_niriss_clear-f115w_i2d.fits,118952640,PUBLIC,downloadable_public,61178.20822917,2026-05-18T04:59:51.000,187.453625,13.42943611111111,jw07763-o004_t004_niriss_clear-f115w,393023347,https://mast.stsci.edu/api/v0/invoke,public Cycle-4 Treasury target-level association
GO7763_J_Virgo,7763,NGC4473,4,NIRISS,F277W,target_level_i2d,jw07763-o004_t004_niriss_clearp-f277w_i2d.fits,mast:JWST/product/jw07763-o004_t004_niriss_clearp-f277w_i2d.fits,https://mast.stsci.edu/api/v0.1/Download/file?uri=mast%3AJWST%2Fproduct%2Fjw07763-o004_t004_niriss_clearp-f277w_i2d.fits,118952640,PUBLIC,downloadable_public,61178.20822917,2026-05-18T04:59:51.000,187.453625,13.42943611111111,jw07763-o004_t004_niriss_clearp-f277w,393023346,https://mast.stsci.edu/api/v0/invoke,public Cycle-4 Treasury target-level association
GO7763_J_Virgo,7763,NGC4474,20,NIRCAM,F115W,target_level_i2d,jw07763-o020_t020_nircam_clear-f115w_i2d.fits,mast:JWST/product/jw07763-o020_t020_nircam_clear-f115w_i2d.fits,https://mast.stsci.edu/api/v0.1/Download/file?uri=mast%3AJWST%2Fproduct%2Fjw07763-o020_t020_nircam_clear-f115w_i2d.fits,1216137600,PUBLIC,downloadable_public,61196.79627301,2026-06-05T19:06:37.988,187.4732,14.0686,jw07763-o020_t020_nircam_clear-f115w,407222444,https://mast.stsci.edu/api/v0/invoke,public Cycle-4 Treasury target-level association
GO7763_J_Virgo,7763,NGC4474,20,NIRCAM,F150W,target_level_i2d,jw07763-o020_t020_nircam_clear-f150w_i2d.fits,mast:JWST/product/jw07763-o020_t020_nircam_clear-f150w_i2d.fits,https://mast.stsci.edu/api/v0.1/Download/file?uri=mast%3AJWST%2Fproduct%2Fjw07763-o020_t020_nircam_clear-f150w_i2d.fits,1216137600,PUBLIC,downloadable_public,61196.79627301,2026-06-05T19:06:37.988,187.4732,14.0686,jw07763-o020_t020_nircam_clear-f150w,407209142,https://mast.stsci.edu/api/v0/invoke,public Cycle-4 Treasury target-level association
GO7763_J_Virgo,7763,NGC4474,20,NIRCAM,F277W,target_level_i2d,jw07763-o020_t020_nircam_clear-f277w_i2d.fits,mast:JWST/product/jw07763-o020_t020_nircam_clear-f277w_i2d.fits,https://mast.stsci.edu/api/v0.1/Download/file?uri=mast%3AJWST%2Fproduct%2Fjw07763-o020_t020_nircam_clear-f277w_i2d.fits,288771840,PUBLIC,downloadable_public,61196.79627301,2026-06-05T19:06:37.988,187.4732,14.0686,jw07763-o020_t020_nircam_clear-f277w,407209140,https://mast.stsci.edu/api/v0/invoke,public Cycle-4 Treasury target-level association
GO7763_J_Virgo,7763,NGC4474,20,NIRISS,F115W,target_level_i2d,jw07763-o020_t020_niriss_clear-f115w_i2d.fits,mast:JWST/product/jw07763-o020_t020_niriss_clear-f115w_i2d.fits,https://mast.stsci.edu/api/v0.1/Download/file?uri=mast%3AJWST%2Fproduct%2Fjw07763-o020_t020_niriss_clear-f115w_i2d.fits,118952640,PUBLIC,downloadable_public,61196.79354151,2026-06-05T19:02:41.986,187.4732,14.0686,jw07763-o020_t020_niriss_clear-f115w,407209143,https://mast.stsci.edu/api/v0/invoke,public Cycle-4 Treasury target-level association
GO7763_J_Virgo,7763,NGC4474,20,NIRISS,F277W,target_level_i2d,jw07763-o020_t020_niriss_clearp-f277w_i2d.fits,mast:JWST/product/jw07763-o020_t020_niriss_clearp-f277w_i2d.fits,https://mast.stsci.edu/api/v0.1/Download/file?uri=mast%3AJWST%2Fproduct%2Fjw07763-o020_t020_niriss_clearp-f277w_i2d.fits,118952640,PUBLIC,downloadable_public,61196.79354151,2026-06-05T19:02:41.986,187.4732,14.0686,jw07763-o020_t020_niriss_clearp-f277w,407209141,https://mast.stsci.edu/api/v0/invoke,public Cycle-4 Treasury target-level association
GO7763_J_Virgo,7763,NGC4476,24,NIRCAM,F115W,target_level_i2d,jw07763-o024_t024_nircam_clear-f115w_i2d.fits,mast:JWST/product/jw07763-o024_t024_nircam_clear-f115w_i2d.fits,https://mast.stsci.edu/api/v0.1/Download/file?uri=mast%3AJWST%2Fproduct%2Fjw07763-o024_t024_nircam_clear-f115w_i2d.fits,1216137600,PUBLIC,downloadable_public,61212.09960652,2026-06-21T02:23:26.003,187.49615291666666,12.348719444444445,jw07763-o024_t024_nircam_clear-f115w,416321867,https://mast.stsci.edu/api/v0/invoke,public Cycle-4 Treasury target-level association
GO7763_J_Virgo,7763,NGC4476,24,NIRCAM,F150W,target_level_i2d,jw07763-o024_t024_nircam_clear-f150w_i2d.fits,mast:JWST/product/jw07763-o024_t024_nircam_clear-f150w_i2d.fits,https://mast.stsci.edu/api/v0.1/Download/file?uri=mast%3AJWST%2Fproduct%2Fjw07763-o024_t024_nircam_clear-f150w_i2d.fits,1216258560,PUBLIC,downloadable_public,61212.09960652,2026-06-21T02:23:26.003,187.49615291666666,12.348719444444445,jw07763-o024_t024_nircam_clear-f150w,416321871,https://mast.stsci.edu/api/v0/invoke,public Cycle-4 Treasury target-level association
GO7763_J_Virgo,7763,NGC4476,24,NIRCAM,F277W,target_level_i2d,jw07763-o024_t024_nircam_clear-f277w_i2d.fits,mast:JWST/product/jw07763-o024_t024_nircam_clear-f277w_i2d.fits,https://mast.stsci.edu/api/v0.1/Download/file?uri=mast%3AJWST%2Fproduct%2Fjw07763-o024_t024_nircam_clear-f277w_i2d.fits,288771840,PUBLIC,downloadable_public,61212.09960652,2026-06-21T02:23:26.003,187.49615291666666,12.348719444444445,jw07763-o024_t024_nircam_clear-f277w,416321869,https://mast.stsci.edu/api/v0/invoke,public Cycle-4 Treasury target-level association
GO7763_J_Virgo,7763,NGC4476,24,NIRISS,F115W,target_level_i2d,jw07763-o024_t024_niriss_clear-f115w_i2d.fits,mast:JWST/product/jw07763-o024_t024_niriss_clear-f115w_i2d.fits,https://mast.stsci.edu/api/v0.1/Download/file?uri=mast%3AJWST%2Fproduct%2Fjw07763-o024_t024_niriss_clear-f115w_i2d.fits,118952640,PUBLIC,downloadable_public,61212.09832179,2026-06-21T02:21:35.003,187.49615291666666,12.348719444444445,jw07763-o024_t024_niriss_clear-f115w,416321745,https://mast.stsci.edu/api/v0/invoke,public Cycle-4 Treasury target-level association
GO7763_J_Virgo,7763,NGC4476,24,NIRISS,F277W,target_level_i2d,jw07763-o024_t024_niriss_clearp-f277w_i2d.fits,mast:JWST/product/jw07763-o024_t024_niriss_clearp-f277w_i2d.fits,https://mast.stsci.edu/api/v0.1/Download/file?uri=mast%3AJWST%2Fproduct%2Fjw07763-o024_t024_niriss_clearp-f277w_i2d.fits,118952640,PUBLIC,downloadable_public,61212.09832179,2026-06-21T02:21:35.003,187.49615291666666,12.348719444444445,jw07763-o024_t024_niriss_clearp-f277w,416321742,https://mast.stsci.edu/api/v0/invoke,public Cycle-4 Treasury target-level association
GO7763_J_Virgo,7763,NGC4477,7,NIRCAM,F115W,target_level_i2d,jw07763-o007_t007_nircam_clear-f115w_i2d.fits,mast:JWST/product/jw07763-o007_t007_nircam_clear-f115w_i2d.fits,https://mast.stsci.edu/api/v0.1/Download/file?uri=mast%3AJWST%2Fproduct%2Fjw07763-o007_t007_nircam_clear-f115w_i2d.fits,1216137600,PUBLIC,downloadable_public,61207.24270832,2026-06-16T05:49:29.999,187.5093,13.636199999999999,jw07763-o007_t007_nircam_clear-f115w,414761004,https://mast.stsci.edu/api/v0/invoke,public Cycle-4 Treasury target-level association
GO7763_J_Virgo,7763,NGC4477,7,NIRCAM,F150W,target_level_i2d,jw07763-o007_t007_nircam_clear-f150w_i2d.fits,mast:JWST/product/jw07763-o007_t007_nircam_clear-f150w_i2d.fits,https://mast.stsci.edu/api/v0.1/Download/file?uri=mast%3AJWST%2Fproduct%2Fjw07763-o007_t007_nircam_clear-f150w_i2d.fits,1216137600,PUBLIC,downloadable_public,61207.24270832,2026-06-16T05:49:29.999,187.5093,13.636199999999999,jw07763-o007_t007_nircam_clear-f150w,414749840,https://mast.stsci.edu/api/v0/invoke,public Cycle-4 Treasury target-level association
GO7763_J_Virgo,7763,NGC4477,7,NIRCAM,F277W,target_level_i2d,jw07763-o007_t007_nircam_clear-f277w_i2d.fits,mast:JWST/product/jw07763-o007_t007_nircam_clear-f277w_i2d.fits,https://mast.stsci.edu/api/v0.1/Download/file?uri=mast%3AJWST%2Fproduct%2Fjw07763-o007_t007_nircam_clear-f277w_i2d.fits,288912960,PUBLIC,downloadable_public,61207.24270832,2026-06-16T05:49:29.999,187.5093,13.636199999999999,jw07763-o007_t007_nircam_clear-f277w,414760992,https://mast.stsci.edu/api/v0/invoke,public Cycle-4 Treasury target-level association
GO7763_J_Virgo,7763,NGC4477,7,NIRISS,F115W,target_level_i2d,jw07763-o007_t007_niriss_clear-f115w_i2d.fits,mast:JWST/product/jw07763-o007_t007_niriss_clear-f115w_i2d.fits,https://mast.stsci.edu/api/v0.1/Download/file?uri=mast%3AJWST%2Fproduct%2Fjw07763-o007_t007_niriss_clear-f115w_i2d.fits,118952640,PUBLIC,downloadable_public,61207.24019682,2026-06-16T05:45:53.005,187.5093,13.636199999999999,jw07763-o007_t007_niriss_clear-f115w,414744759,https://mast.stsci.edu/api/v0/invoke,public Cycle-4 Treasury target-level association
GO7763_J_Virgo,7763,NGC4477,7,NIRISS,F277W,target_level_i2d,jw07763-o007_t007_niriss_clearp-f277w_i2d.fits,mast:JWST/product/jw07763-o007_t007_niriss_clearp-f277w_i2d.fits,https://mast.stsci.edu/api/v0.1/Download/file?uri=mast%3AJWST%2Fproduct%2Fjw07763-o007_t007_niriss_clearp-f277w_i2d.fits,118952640,PUBLIC,downloadable_public,61207.24019682,2026-06-16T05:45:53.005,187.5093,13.636199999999999,jw07763-o007_t007_niriss_clearp-f277w,414744760,https://mast.stsci.edu/api/v0/invoke,public Cycle-4 Treasury target-level association
GO7763_J_Virgo,7763,NGC4478,17,NIRCAM,F115W,target_level_i2d,jw07763-o017_t017_nircam_clear-f115w_i2d.fits,mast:JWST/product/jw07763-o017_t017_nircam_clear-f115w_i2d.fits,https://mast.stsci.edu/api/v0.1/Download/file?uri=mast%3AJWST%2Fproduct%2Fjw07763-o017_t017_nircam_clear-f115w_i2d.fits,1216261440,PUBLIC,downloadable_public,61208.56260406,2026-06-17T13:30:08.991,187.57257083333334,12.328558333333334,jw07763-o017_t017_nircam_clear-f115w,416003172,https://mast.stsci.edu/api/v0/invoke,public Cycle-4 Treasury target-level association
GO7763_J_Virgo,7763,NGC4478,17,NIRCAM,F150W,target_level_i2d,jw07763-o017_t017_nircam_clear-f150w_i2d.fits,mast:JWST/product/jw07763-o017_t017_nircam_clear-f150w_i2d.fits,https://mast.stsci.edu/api/v0.1/Download/file?uri=mast%3AJWST%2Fproduct%2Fjw07763-o017_t017_nircam_clear-f150w_i2d.fits,1216137600,PUBLIC,downloadable_public,61208.56260406,2026-06-17T13:30:08.991,187.57257083333334,12.328558333333334,jw07763-o017_t017_nircam_clear-f150w,416002912,https://mast.stsci.edu/api/v0/invoke,public Cycle-4 Treasury target-level association
GO7763_J_Virgo,7763,NGC4478,17,NIRCAM,F277W,target_level_i2d,jw07763-o017_t017_nircam_clear-f277w_i2d.fits,mast:JWST/product/jw07763-o017_t017_nircam_clear-f277w_i2d.fits,https://mast.stsci.edu/api/v0.1/Download/file?uri=mast%3AJWST%2Fproduct%2Fjw07763-o017_t017_nircam_clear-f277w_i2d.fits,288771840,PUBLIC,downloadable_public,61208.56260406,2026-06-17T13:30:08.991,187.57257083333334,12.328558333333334,jw07763-o017_t017_nircam_clear-f277w,416003173,https://mast.stsci.edu/api/v0/invoke,public Cycle-4 Treasury target-level association
GO7763_J_Virgo,7763,NGC4478,17,NIRISS,F115W,target_level_i2d,jw07763-o017_t017_niriss_clear-f115w_i2d.fits,mast:JWST/product/jw07763-o017_t017_niriss_clear-f115w_i2d.fits,https://mast.stsci.edu/api/v0.1/Download/file?uri=mast%3AJWST%2Fproduct%2Fjw07763-o017_t017_niriss_clear-f115w_i2d.fits,118952640,PUBLIC,downloadable_public,61208.55997672,2026-06-17T13:26:21.989,187.57257083333334,12.328558333333334,jw07763-o017_t017_niriss_clear-f115w,416002913,https://mast.stsci.edu/api/v0/invoke,public Cycle-4 Treasury target-level association
GO7763_J_Virgo,7763,NGC4478,17,NIRISS,F277W,target_level_i2d,jw07763-o017_t017_niriss_clearp-f277w_i2d.fits,mast:JWST/product/jw07763-o017_t017_niriss_clearp-f277w_i2d.fits,https://mast.stsci.edu/api/v0.1/Download/file?uri=mast%3AJWST%2Fproduct%2Fjw07763-o017_t017_niriss_clearp-f277w_i2d.fits,118952640,PUBLIC,downloadable_public,61208.55997672,2026-06-17T13:26:21.989,187.57257083333334,12.328558333333334,jw07763-o017_t017_niriss_clearp-f277w,416002911,https://mast.stsci.edu/api/v0/invoke,public Cycle-4 Treasury target-level association
GO7763_J_Virgo,7763,NGC4479,37,NIRCAM,F115W,target_level_i2d,jw07763-o037_t037_nircam_clear-f115w_i2d.fits,mast:JWST/product/jw07763-o037_t037_nircam_clear-f115w_i2d.fits,https://mast.stsci.edu/api/v0.1/Download/file?uri=mast%3AJWST%2Fproduct%2Fjw07763-o037_t037_nircam_clear-f115w_i2d.fits,1216258560,PUBLIC,downloadable_public,61209.63519673,2026-06-18T15:14:40.997,187.57659999999998,13.5777,jw07763-o037_t037_nircam_clear-f115w,416319653,https://mast.stsci.edu/api/v0/invoke,public Cycle-4 Treasury target-level association
GO7763_J_Virgo,7763,NGC4479,37,NIRCAM,F150W,target_level_i2d,jw07763-o037_t037_nircam_clear-f150w_i2d.fits,mast:JWST/product/jw07763-o037_t037_nircam_clear-f150w_i2d.fits,https://mast.stsci.edu/api/v0.1/Download/file?uri=mast%3AJWST%2Fproduct%2Fjw07763-o037_t037_nircam_clear-f150w_i2d.fits,1216258560,PUBLIC,downloadable_public,61209.63519673,2026-06-18T15:14:40.997,187.57659999999998,13.5777,jw07763-o037_t037_nircam_clear-f150w,416319639,https://mast.stsci.edu/api/v0/invoke,public Cycle-4 Treasury target-level association
GO7763_J_Virgo,7763,NGC4479,37,NIRCAM,F277W,target_level_i2d,jw07763-o037_t037_nircam_clear-f277w_i2d.fits,mast:JWST/product/jw07763-o037_t037_nircam_clear-f277w_i2d.fits,https://mast.stsci.edu/api/v0.1/Download/file?uri=mast%3AJWST%2Fproduct%2Fjw07763-o037_t037_nircam_clear-f277w_i2d.fits,288771840,PUBLIC,downloadable_public,61209.63519673,2026-06-18T15:14:40.997,187.57659999999998,13.5777,jw07763-o037_t037_nircam_clear-f277w,416319652,https://mast.stsci.edu/api/v0/invoke,public Cycle-4 Treasury target-level association
GO7763_J_Virgo,7763,NGC4479,37,NIRISS,F115W,target_level_i2d,jw07763-o037_t037_niriss_clear-f115w_i2d.fits,mast:JWST/product/jw07763-o037_t037_niriss_clear-f115w_i2d.fits,https://mast.stsci.edu/api/v0.1/Download/file?uri=mast%3AJWST%2Fproduct%2Fjw07763-o037_t037_niriss_clear-f115w_i2d.fits,118952640,PUBLIC,downloadable_public,61209.63298602,2026-06-18T15:11:29.992,187.57659999999998,13.5777,jw07763-o037_t037_niriss_clear-f115w,416319640,https://mast.stsci.edu/api/v0/invoke,public Cycle-4 Treasury target-level association
GO7763_J_Virgo,7763,NGC4479,37,NIRISS,F277W,target_level_i2d,jw07763-o037_t037_niriss_clearp-f277w_i2d.fits,mast:JWST/product/jw07763-o037_t037_niriss_clearp-f277w_i2d.fits,https://mast.stsci.edu/api/v0.1/Download/file?uri=mast%3AJWST%2Fproduct%2Fjw07763-o037_t037_niriss_clearp-f277w_i2d.fits,118952640,PUBLIC,downloadable_public,61209.63298602,2026-06-18T15:11:29.992,187.57659999999998,13.5777,jw07763-o037_t037_niriss_clearp-f277w,416319641,https://mast.stsci.edu/api/v0/invoke,public Cycle-4 Treasury target-level association
GO7763_J_Virgo,7763,NGC4482,41,NIRCAM,F115W,target_level_i2d,jw07763-o041_t041_nircam_clear-f115w_i2d.fits,mast:JWST/product/jw07763-o041_t041_nircam_clear-f115w_i2d.fits,https://mast.stsci.edu/api/v0.1/Download/file?uri=mast%3AJWST%2Fproduct%2Fjw07763-o041_t041_nircam_clear-f115w_i2d.fits,1216258560,PUBLIC,downloadable_public,61214.82763875,2026-06-23T19:51:47.988,187.54299999999998,10.7795,jw07763-o041_t041_nircam_clear-f115w,416795180,https://mast.stsci.edu/api/v0/invoke,public Cycle-4 Treasury target-level association
GO7763_J_Virgo,7763,NGC4482,41,NIRCAM,F150W,target_level_i2d,jw07763-o041_t041_nircam_clear-f150w_i2d.fits,mast:JWST/product/jw07763-o041_t041_nircam_clear-f150w_i2d.fits,https://mast.stsci.edu/api/v0.1/Download/file?uri=mast%3AJWST%2Fproduct%2Fjw07763-o041_t041_nircam_clear-f150w_i2d.fits,1215855360,PUBLIC,downloadable_public,61214.82763875,2026-06-23T19:51:47.988,187.54299999999998,10.7795,jw07763-o041_t041_nircam_clear-f150w,416744034,https://mast.stsci.edu/api/v0/invoke,public Cycle-4 Treasury target-level association
GO7763_J_Virgo,7763,NGC4482,41,NIRCAM,F277W,target_level_i2d,jw07763-o041_t041_nircam_clear-f277w_i2d.fits,mast:JWST/product/jw07763-o041_t041_nircam_clear-f277w_i2d.fits,https://mast.stsci.edu/api/v0.1/Download/file?uri=mast%3AJWST%2Fproduct%2Fjw07763-o041_t041_nircam_clear-f277w_i2d.fits,288771840,PUBLIC,downloadable_public,61214.82763875,2026-06-23T19:51:47.988,187.54299999999998,10.7795,jw07763-o041_t041_nircam_clear-f277w,416795120,https://mast.stsci.edu/api/v0/invoke,public Cycle-4 Treasury target-level association
GO7763_J_Virgo,7763,NGC4482,41,NIRISS,F115W,target_level_i2d,jw07763-o041_t041_niriss_clear-f115w_i2d.fits,mast:JWST/product/jw07763-o041_t041_niriss_clear-f115w_i2d.fits,https://mast.stsci.edu/api/v0.1/Download/file?uri=mast%3AJWST%2Fproduct%2Fjw07763-o041_t041_niriss_clear-f115w_i2d.fits,118952640,PUBLIC,downloadable_public,61214.82563647,2026-06-23T19:48:54.991,187.54299999999998,10.7795,jw07763-o041_t041_niriss_clear-f115w,416723403,https://mast.stsci.edu/api/v0/invoke,public Cycle-4 Treasury target-level association
GO7763_J_Virgo,7763,NGC4482,41,NIRISS,F277W,target_level_i2d,jw07763-o041_t041_niriss_clearp-f277w_i2d.fits,mast:JWST/product/jw07763-o041_t041_niriss_clearp-f277w_i2d.fits,https://mast.stsci.edu/api/v0.1/Download/file?uri=mast%3AJWST%2Fproduct%2Fjw07763-o041_t041_niriss_clearp-f277w_i2d.fits,118952640,PUBLIC,downloadable_public,61214.82563647,2026-06-23T19:48:54.991,187.54299999999998,10.7795,jw07763-o041_t041_niriss_clearp-f277w,416723378,https://mast.stsci.edu/api/v0/invoke,public Cycle-4 Treasury target-level association
GO7763_J_Virgo,7763,NGC4486,77,NIRCAM,F115W,target_level_i2d,jw07763-o077_t077_nircam_clear-f115w_i2d.fits,mast:JWST/product/jw07763-o077_t077_nircam_clear-f115w_i2d.fits,https://mast.stsci.edu/api/v0.1/Download/file?uri=mast%3AJWST%2Fproduct%2Fjw07763-o077_t077_nircam_clear-f115w_i2d.fits,1216143360,PUBLIC,downloadable_public,61215.81234938,2026-06-24T19:29:46.986,187.70589541666666,12.391169444444444,jw07763-o077_t077_nircam_clear-f115w,417181870,https://mast.stsci.edu/api/v0/invoke,public Cycle-4 Treasury target-level association
GO7763_J_Virgo,7763,NGC4486,77,NIRCAM,F277W,target_level_i2d,jw07763-o077_t077_nircam_clear-f277w_i2d.fits,mast:JWST/product/jw07763-o077_t077_nircam_clear-f277w_i2d.fits,https://mast.stsci.edu/api/v0.1/Download/file?uri=mast%3AJWST%2Fproduct%2Fjw07763-o077_t077_nircam_clear-f277w_i2d.fits,288728640,PUBLIC,downloadable_public,61215.81234938,2026-06-24T19:29:46.986,187.70589541666666,12.391169444444444,jw07763-o077_t077_nircam_clear-f277w,417181898,https://mast.stsci.edu/api/v0/invoke,public Cycle-4 Treasury target-level association
GO7763_J_Virgo,7763,NGC4486,77,NIRISS,F115W,target_level_i2d,jw07763-o077_t077_niriss_clear-f115w_i2d.fits,mast:JWST/product/jw07763-o077_t077_niriss_clear-f115w_i2d.fits,https://mast.stsci.edu/api/v0.1/Download/file?uri=mast%3AJWST%2Fproduct%2Fjw07763-o077_t077_niriss_clear-f115w_i2d.fits,118952640,PUBLIC,downloadable_public,61215.81018506,2026-06-24T19:26:39.989,187.70589541666666,12.391169444444444,jw07763-o077_t077_niriss_clear-f115w,417155465,https://mast.stsci.edu/api/v0/invoke,public Cycle-4 Treasury target-level association
GO7763_J_Virgo,7763,NGC4486A,34,NIRCAM,F115W,target_level_i2d,jw07763-o034_t034_nircam_clear-f115w_i2d.fits,mast:JWST/product/jw07763-o034_t034_nircam_clear-f115w_i2d.fits,https://mast.stsci.edu/api/v0.1/Download/file?uri=mast%3AJWST%2Fproduct%2Fjw07763-o034_t034_nircam_clear-f115w_i2d.fits,1216261440,PUBLIC,downloadable_public,61209.5478008,2026-06-18T13:08:49.989,187.74071291666667,12.270980555555557,jw07763-o034_t034_nircam_clear-f115w,416319593,https://mast.stsci.edu/api/v0/invoke,public Cycle-4 Treasury target-level association
GO7763_J_Virgo,7763,NGC4486A,34,NIRCAM,F150W,target_level_i2d,jw07763-o034_t034_nircam_clear-f150w_i2d.fits,mast:JWST/product/jw07763-o034_t034_nircam_clear-f150w_i2d.fits,https://mast.stsci.edu/api/v0.1/Download/file?uri=mast%3AJWST%2Fproduct%2Fjw07763-o034_t034_nircam_clear-f150w_i2d.fits,1216258560,PUBLIC,downloadable_public,61209.5478008,2026-06-18T13:08:49.989,187.74071291666667,12.270980555555557,jw07763-o034_t034_nircam_clear-f150w,416319566,https://mast.stsci.edu/api/v0/invoke,public Cycle-4 Treasury target-level association
GO7763_J_Virgo,7763,NGC4486A,34,NIRCAM,F277W,target_level_i2d,jw07763-o034_t034_nircam_clear-f277w_i2d.fits,mast:JWST/product/jw07763-o034_t034_nircam_clear-f277w_i2d.fits,https://mast.stsci.edu/api/v0.1/Download/file?uri=mast%3AJWST%2Fproduct%2Fjw07763-o034_t034_nircam_clear-f277w_i2d.fits,288771840,PUBLIC,downloadable_public,61209.5478008,2026-06-18T13:08:49.989,187.74071291666667,12.270980555555557,jw07763-o034_t034_nircam_clear-f277w,416319592,https://mast.stsci.edu/api/v0/invoke,public Cycle-4 Treasury target-level association
GO7763_J_Virgo,7763,NGC4486A,34,NIRISS,F115W,target_level_i2d,jw07763-o034_t034_niriss_clear-f115w_i2d.fits,mast:JWST/product/jw07763-o034_t034_niriss_clear-f115w_i2d.fits,https://mast.stsci.edu/api/v0.1/Download/file?uri=mast%3AJWST%2Fproduct%2Fjw07763-o034_t034_niriss_clear-f115w_i2d.fits,118952640,PUBLIC,downloadable_public,61209.54083325,2026-06-18T12:58:47.993,187.74071291666667,12.270980555555557,jw07763-o034_t034_niriss_clear-f115w,416319563,https://mast.stsci.edu/api/v0/invoke,public Cycle-4 Treasury target-level association
GO7763_J_Virgo,7763,NGC4486A,34,NIRISS,F277W,target_level_i2d,jw07763-o034_t034_niriss_clearp-f277w_i2d.fits,mast:JWST/product/jw07763-o034_t034_niriss_clearp-f277w_i2d.fits,https://mast.stsci.edu/api/v0.1/Download/file?uri=mast%3AJWST%2Fproduct%2Fjw07763-o034_t034_niriss_clearp-f277w_i2d.fits,118952640,PUBLIC,downloadable_public,61209.54083325,2026-06-18T12:58:47.993,187.74071291666667,12.270980555555557,jw07763-o034_t034_niriss_clearp-f277w,416319564,https://mast.stsci.edu/api/v0/invoke,public Cycle-4 Treasury target-level association
GO7763_J_Virgo,7763,NGC4486B,44,NIRCAM,F115W,target_level_i2d,jw07763-o044_t044_nircam_clear-f115w_i2d.fits,mast:JWST/product/jw07763-o044_t044_nircam_clear-f115w_i2d.fits,https://mast.stsci.edu/api/v0.1/Download/file?uri=mast%3AJWST%2Fproduct%2Fjw07763-o044_t044_nircam_clear-f115w_i2d.fits,1216140480,PUBLIC,downloadable_public,61210.80568271,2026-06-19T19:20:10.986,187.63320791666666,12.490163888888889,jw07763-o044_t044_nircam_clear-f115w,416320910,https://mast.stsci.edu/api/v0/invoke,public Cycle-4 Treasury target-level association
GO7763_J_Virgo,7763,NGC4486B,44,NIRCAM,F150W,target_level_i2d,jw07763-o044_t044_nircam_clear-f150w_i2d.fits,mast:JWST/product/jw07763-o044_t044_nircam_clear-f150w_i2d.fits,https://mast.stsci.edu/api/v0.1/Download/file?uri=mast%3AJWST%2Fproduct%2Fjw07763-o044_t044_nircam_clear-f150w_i2d.fits,1216258560,PUBLIC,downloadable_public,61210.80568271,2026-06-19T19:20:10.986,187.63320791666666,12.490163888888889,jw07763-o044_t044_nircam_clear-f150w,416320892,https://mast.stsci.edu/api/v0/invoke,public Cycle-4 Treasury target-level association
GO7763_J_Virgo,7763,NGC4486B,44,NIRCAM,F277W,target_level_i2d,jw07763-o044_t044_nircam_clear-f277w_i2d.fits,mast:JWST/product/jw07763-o044_t044_nircam_clear-f277w_i2d.fits,https://mast.stsci.edu/api/v0.1/Download/file?uri=mast%3AJWST%2Fproduct%2Fjw07763-o044_t044_nircam_clear-f277w_i2d.fits,288771840,PUBLIC,downloadable_public,61210.80568271,2026-06-19T19:20:10.986,187.63320791666666,12.490163888888889,jw07763-o044_t044_nircam_clear-f277w,416320894,https://mast.stsci.edu/api/v0/invoke,public Cycle-4 Treasury target-level association
GO7763_J_Virgo,7763,NGC4486B,44,NIRISS,F115W,target_level_i2d,jw07763-o044_t044_niriss_clear-f115w_i2d.fits,mast:JWST/product/jw07763-o044_t044_niriss_clear-f115w_i2d.fits,https://mast.stsci.edu/api/v0.1/Download/file?uri=mast%3AJWST%2Fproduct%2Fjw07763-o044_t044_niriss_clear-f115w_i2d.fits,118952640,PUBLIC,downloadable_public,61210.80315964,2026-06-19T19:16:32.993,187.63320791666666,12.490163888888889,jw07763-o044_t044_niriss_clear-f115w,416320876,https://mast.stsci.edu/api/v0/invoke,public Cycle-4 Treasury target-level association
GO7763_J_Virgo,7763,NGC4486B,44,NIRISS,F277W,target_level_i2d,jw07763-o044_t044_niriss_clearp-f277w_i2d.fits,mast:JWST/product/jw07763-o044_t044_niriss_clearp-f277w_i2d.fits,https://mast.stsci.edu/api/v0.1/Download/file?uri=mast%3AJWST%2Fproduct%2Fjw07763-o044_t044_niriss_clearp-f277w_i2d.fits,118952640,PUBLIC,downloadable_public,61210.80315964,2026-06-19T19:16:32.993,187.63320791666666,12.490163888888889,jw07763-o044_t044_niriss_clearp-f277w,416320878,https://mast.stsci.edu/api/v0/invoke,public Cycle-4 Treasury target-level association
GO7763_J_Virgo,7763,NGC4497,35,NIRCAM,F115W,target_level_i2d,jw07763-o035_t035_nircam_clear-f115w_i2d.fits,mast:JWST/product/jw07763-o035_t035_nircam_clear-f115w_i2d.fits,https://mast.stsci.edu/api/v0.1/Download/file?uri=mast%3AJWST%2Fproduct%2Fjw07763-o035_t035_nircam_clear-f115w_i2d.fits,1216137600,PUBLIC,downloadable_public,61214.78953694,2026-06-23T18:56:55.992,187.88557500000002,11.624747222222222,jw07763-o035_t035_nircam_clear-f115w,416701255,https://mast.stsci.edu/api/v0/invoke,public Cycle-4 Treasury target-level association
GO7763_J_Virgo,7763,NGC4497,35,NIRCAM,F150W,target_level_i2d,jw07763-o035_t035_nircam_clear-f150w_i2d.fits,mast:JWST/product/jw07763-o035_t035_nircam_clear-f150w_i2d.fits,https://mast.stsci.edu/api/v0.1/Download/file?uri=mast%3AJWST%2Fproduct%2Fjw07763-o035_t035_nircam_clear-f150w_i2d.fits,1216258560,PUBLIC,downloadable_public,61214.78953694,2026-06-23T18:56:55.992,187.88557500000002,11.624747222222222,jw07763-o035_t035_nircam_clear-f150w,416676550,https://mast.stsci.edu/api/v0/invoke,public Cycle-4 Treasury target-level association
GO7763_J_Virgo,7763,NGC4497,35,NIRCAM,F277W,target_level_i2d,jw07763-o035_t035_nircam_clear-f277w_i2d.fits,mast:JWST/product/jw07763-o035_t035_nircam_clear-f277w_i2d.fits,https://mast.stsci.edu/api/v0.1/Download/file?uri=mast%3AJWST%2Fproduct%2Fjw07763-o035_t035_nircam_clear-f277w_i2d.fits,288771840,PUBLIC,downloadable_public,61214.78953694,2026-06-23T18:56:55.992,187.88557500000002,11.624747222222222,jw07763-o035_t035_nircam_clear-f277w,416701197,https://mast.stsci.edu/api/v0/invoke,public Cycle-4 Treasury target-level association
GO7763_J_Virgo,7763,NGC4497,35,NIRISS,F115W,target_level_i2d,jw07763-o035_t035_niriss_clear-f115w_i2d.fits,mast:JWST/product/jw07763-o035_t035_niriss_clear-f115w_i2d.fits,https://mast.stsci.edu/api/v0.1/Download/file?uri=mast%3AJWST%2Fproduct%2Fjw07763-o035_t035_niriss_clear-f115w_i2d.fits,118952640,PUBLIC,downloadable_public,61214.7873379,2026-06-23T18:53:45.995,187.88557500000002,11.624747222222222,jw07763-o035_t035_niriss_clear-f115w,416676574,https://mast.stsci.edu/api/v0/invoke,public Cycle-4 Treasury target-level association
GO7763_J_Virgo,7763,NGC4497,35,NIRISS,F277W,target_level_i2d,jw07763-o035_t035_niriss_clearp-f277w_i2d.fits,mast:JWST/product/jw07763-o035_t035_niriss_clearp-f277w_i2d.fits,https://mast.stsci.edu/api/v0.1/Download/file?uri=mast%3AJWST%2Fproduct%2Fjw07763-o035_t035_niriss_clearp-f277w_i2d.fits,118952640,PUBLIC,downloadable_public,61214.7873379,2026-06-23T18:53:45.995,187.88557500000002,11.624747222222222,jw07763-o035_t035_niriss_clearp-f277w,416676591,https://mast.stsci.edu/api/v0/invoke,public Cycle-4 Treasury target-level association
GO7763_J_Virgo,7763,NGC4503,15,NIRCAM,F115W,target_level_i2d,jw07763-o015_t015_nircam_clear-f115w_i2d.fits,mast:JWST/product/jw07763-o015_t015_nircam_clear-f115w_i2d.fits,https://mast.stsci.edu/api/v0.1/Download/file?uri=mast%3AJWST%2Fproduct%2Fjw07763-o015_t015_nircam_clear-f115w_i2d.fits,1216137600,PUBLIC,downloadable_public,61214.16498839,2026-06-23T03:57:34.997,188.026,11.1764,jw07763-o015_t015_nircam_clear-f115w,416369916,https://mast.stsci.edu/api/v0/invoke,public Cycle-4 Treasury target-level association
GO7763_J_Virgo,7763,NGC4503,15,NIRCAM,F150W,target_level_i2d,jw07763-o015_t015_nircam_clear-f150w_i2d.fits,mast:JWST/product/jw07763-o015_t015_nircam_clear-f150w_i2d.fits,https://mast.stsci.edu/api/v0.1/Download/file?uri=mast%3AJWST%2Fproduct%2Fjw07763-o015_t015_nircam_clear-f150w_i2d.fits,1216258560,PUBLIC,downloadable_public,61214.16498839,2026-06-23T03:57:34.997,188.026,11.1764,jw07763-o015_t015_nircam_clear-f150w,416369874,https://mast.stsci.edu/api/v0/invoke,public Cycle-4 Treasury target-level association
GO7763_J_Virgo,7763,NGC4503,15,NIRCAM,F277W,target_level_i2d,jw07763-o015_t015_nircam_clear-f277w_i2d.fits,mast:JWST/product/jw07763-o015_t015_nircam_clear-f277w_i2d.fits,https://mast.stsci.edu/api/v0.1/Download/file?uri=mast%3AJWST%2Fproduct%2Fjw07763-o015_t015_nircam_clear-f277w_i2d.fits,288912960,PUBLIC,downloadable_public,61214.16498839,2026-06-23T03:57:34.997,188.026,11.1764,jw07763-o015_t015_nircam_clear-f277w,416369915,https://mast.stsci.edu/api/v0/invoke,public Cycle-4 Treasury target-level association
GO7763_J_Virgo,7763,NGC4503,15,NIRISS,F115W,target_level_i2d,jw07763-o015_t015_niriss_clear-f115w_i2d.fits,mast:JWST/product/jw07763-o015_t015_niriss_clear-f115w_i2d.fits,https://mast.stsci.edu/api/v0.1/Download/file?uri=mast%3AJWST%2Fproduct%2Fjw07763-o015_t015_niriss_clear-f115w_i2d.fits,118952640,PUBLIC,downloadable_public,61214.16261574,2026-06-23T03:54:10.000,188.026,11.1764,jw07763-o015_t015_niriss_clear-f115w,416369875,https://mast.stsci.edu/api/v0/invoke,public Cycle-4 Treasury target-level association
GO7763_J_Virgo,7763,NGC4503,15,NIRISS,F277W,target_level_i2d,jw07763-o015_t015_niriss_clearp-f277w_i2d.fits,mast:JWST/product/jw07763-o015_t015_niriss_clearp-f277w_i2d.fits,https://mast.stsci.edu/api/v0.1/Download/file?uri=mast%3AJWST%2Fproduct%2Fjw07763-o015_t015_niriss_clearp-f277w_i2d.fits,118952640,PUBLIC,downloadable_public,61214.16261574,2026-06-23T03:54:10.000,188.026,11.1764,jw07763-o015_t015_niriss_clearp-f277w,416369873,https://mast.stsci.edu/api/v0/invoke,public Cycle-4 Treasury target-level association
GO7763_J_Virgo,7763,NGC4506,40,NIRCAM,F115W,target_level_i2d,jw07763-o040_t040_nircam_clear-f115w_i2d.fits,mast:JWST/product/jw07763-o040_t040_nircam_clear-f115w_i2d.fits,https://mast.stsci.edu/api/v0.1/Download/file?uri=mast%3AJWST%2Fproduct%2Fjw07763-o040_t040_nircam_clear-f115w_i2d.fits,1216137600,PUBLIC,downloadable_public,61210.765162,2026-06-19T18:21:49.997,188.043735,13.419355555555555,jw07763-o040_t040_nircam_clear-f115w,416320880,https://mast.stsci.edu/api/v0/invoke,public Cycle-4 Treasury target-level association
GO7763_J_Virgo,7763,NGC4506,40,NIRCAM,F150W,target_level_i2d,jw07763-o040_t040_nircam_clear-f150w_i2d.fits,mast:JWST/product/jw07763-o040_t040_nircam_clear-f150w_i2d.fits,https://mast.stsci.edu/api/v0.1/Download/file?uri=mast%3AJWST%2Fproduct%2Fjw07763-o040_t040_nircam_clear-f150w_i2d.fits,1216258560,PUBLIC,downloadable_public,61210.765162,2026-06-19T18:21:49.997,188.043735,13.419355555555555,jw07763-o040_t040_nircam_clear-f150w,416320852,https://mast.stsci.edu/api/v0/invoke,public Cycle-4 Treasury target-level association
GO7763_J_Virgo,7763,NGC4506,40,NIRCAM,F277W,target_level_i2d,jw07763-o040_t040_nircam_clear-f277w_i2d.fits,mast:JWST/product/jw07763-o040_t040_nircam_clear-f277w_i2d.fits,https://mast.stsci.edu/api/v0.1/Download/file?uri=mast%3AJWST%2Fproduct%2Fjw07763-o040_t040_nircam_clear-f277w_i2d.fits,288912960,PUBLIC,downloadable_public,61210.765162,2026-06-19T18:21:49.997,188.043735,13.419355555555555,jw07763-o040_t040_nircam_clear-f277w,416320859,https://mast.stsci.edu/api/v0/invoke,public Cycle-4 Treasury target-level association
GO7763_J_Virgo,7763,NGC4506,40,NIRISS,F115W,target_level_i2d,jw07763-o040_t040_niriss_clear-f115w_i2d.fits,mast:JWST/product/jw07763-o040_t040_niriss_clear-f115w_i2d.fits,https://mast.stsci.edu/api/v0.1/Download/file?uri=mast%3AJWST%2Fproduct%2Fjw07763-o040_t040_niriss_clear-f115w_i2d.fits,118952640,PUBLIC,downloadable_public,61210.76251157,2026-06-19T18:18:01.000,188.043735,13.419355555555555,jw07763-o040_t040_niriss_clear-f115w,416320783,https://mast.stsci.edu/api/v0/invoke,public Cycle-4 Treasury target-level association
GO7763_J_Virgo,7763,NGC4506,40,NIRISS,F277W,target_level_i2d,jw07763-o040_t040_niriss_clearp-f277w_i2d.fits,mast:JWST/product/jw07763-o040_t040_niriss_clearp-f277w_i2d.fits,https://mast.stsci.edu/api/v0.1/Download/file?uri=mast%3AJWST%2Fproduct%2Fjw07763-o040_t040_niriss_clearp-f277w_i2d.fits,118952640,PUBLIC,downloadable_public,61210.76251157,2026-06-19T18:18:01.000,188.043735,13.419355555555555,jw07763-o040_t040_niriss_clearp-f277w,416320785,https://mast.stsci.edu/api/v0/invoke,public Cycle-4 Treasury target-level association
GO7763_J_Virgo,7763,NGC4528,28,NIRCAM,F115W,target_level_i2d,jw07763-o028_t028_nircam_clear-f115w_i2d.fits,mast:JWST/product/jw07763-o028_t028_nircam_clear-f115w_i2d.fits,https://mast.stsci.edu/api/v0.1/Download/file?uri=mast%3AJWST%2Fproduct%2Fjw07763-o028_t028_nircam_clear-f115w_i2d.fits,1216258560,PUBLIC,downloadable_public,61214.72231469,2026-06-23T17:20:07.989,188.5253,11.3212,jw07763-o028_t028_nircam_clear-f115w,416620237,https://mast.stsci.edu/api/v0/invoke,public Cycle-4 Treasury target-level association
GO7763_J_Virgo,7763,NGC4528,28,NIRCAM,F150W,target_level_i2d,jw07763-o028_t028_nircam_clear-f150w_i2d.fits,mast:JWST/product/jw07763-o028_t028_nircam_clear-f150w_i2d.fits,https://mast.stsci.edu/api/v0.1/Download/file?uri=mast%3AJWST%2Fproduct%2Fjw07763-o028_t028_nircam_clear-f150w_i2d.fits,1216258560,PUBLIC,downloadable_public,61214.72231469,2026-06-23T17:20:07.989,188.5253,11.3212,jw07763-o028_t028_nircam_clear-f150w,416595535,https://mast.stsci.edu/api/v0/invoke,public Cycle-4 Treasury target-level association
GO7763_J_Virgo,7763,NGC4528,28,NIRCAM,F277W,target_level_i2d,jw07763-o028_t028_nircam_clear-f277w_i2d.fits,mast:JWST/product/jw07763-o028_t028_nircam_clear-f277w_i2d.fits,https://mast.stsci.edu/api/v0.1/Download/file?uri=mast%3AJWST%2Fproduct%2Fjw07763-o028_t028_nircam_clear-f277w_i2d.fits,288771840,PUBLIC,downloadable_public,61214.72231469,2026-06-23T17:20:07.989,188.5253,11.3212,jw07763-o028_t028_nircam_clear-f277w,416620258,https://mast.stsci.edu/api/v0/invoke,public Cycle-4 Treasury target-level association
GO7763_J_Virgo,7763,NGC4528,28,NIRISS,F115W,target_level_i2d,jw07763-o028_t028_niriss_clear-f115w_i2d.fits,mast:JWST/product/jw07763-o028_t028_niriss_clear-f115w_i2d.fits,https://mast.stsci.edu/api/v0.1/Download/file?uri=mast%3AJWST%2Fproduct%2Fjw07763-o028_t028_niriss_clear-f115w_i2d.fits,118952640,PUBLIC,downloadable_public,61214.72027768,2026-06-23T17:17:11.992,188.5253,11.3212,jw07763-o028_t028_niriss_clear-f115w,416595498,https://mast.stsci.edu/api/v0/invoke,public Cycle-4 Treasury target-level association
GO7763_J_Virgo,7763,NGC4528,28,NIRISS,F277W,target_level_i2d,jw07763-o028_t028_niriss_clearp-f277w_i2d.fits,mast:JWST/product/jw07763-o028_t028_niriss_clearp-f277w_i2d.fits,https://mast.stsci.edu/api/v0.1/Download/file?uri=mast%3AJWST%2Fproduct%2Fjw07763-o028_t028_niriss_clearp-f277w_i2d.fits,118952640,PUBLIC,downloadable_public,61214.72027768,2026-06-23T17:17:11.992,188.5253,11.3212,jw07763-o028_t028_niriss_clearp-f277w,416595478,https://mast.stsci.edu/api/v0/invoke,public Cycle-4 Treasury target-level association
GO7763_J_Virgo,7763,NGC4531,18,NIRCAM,F115W,target_level_i2d,jw07763-o018_t018_nircam_clear-f115w_i2d.fits,mast:JWST/product/jw07763-o018_t018_nircam_clear-f115w_i2d.fits,https://mast.stsci.edu/api/v0.1/Download/file?uri=mast%3AJWST%2Fproduct%2Fjw07763-o018_t018_nircam_clear-f115w_i2d.fits,1216258560,PUBLIC,downloadable_public,61214.35098385,2026-06-23T08:25:25.005,188.5662,13.0754,jw07763-o018_t018_nircam_clear-f115w,416369986,https://mast.stsci.edu/api/v0/invoke,public Cycle-4 Treasury target-level association
GO7763_J_Virgo,7763,NGC4531,18,NIRCAM,F150W,target_level_i2d,jw07763-o018_t018_nircam_clear-f150w_i2d.fits,mast:JWST/product/jw07763-o018_t018_nircam_clear-f150w_i2d.fits,https://mast.stsci.edu/api/v0.1/Download/file?uri=mast%3AJWST%2Fproduct%2Fjw07763-o018_t018_nircam_clear-f150w_i2d.fits,1216258560,PUBLIC,downloadable_public,61214.35098385,2026-06-23T08:25:25.005,188.5662,13.0754,jw07763-o018_t018_nircam_clear-f150w,416369989,https://mast.stsci.edu/api/v0/invoke,public Cycle-4 Treasury target-level association
GO7763_J_Virgo,7763,NGC4531,18,NIRCAM,F277W,target_level_i2d,jw07763-o018_t018_nircam_clear-f277w_i2d.fits,mast:JWST/product/jw07763-o018_t018_nircam_clear-f277w_i2d.fits,https://mast.stsci.edu/api/v0.1/Download/file?uri=mast%3AJWST%2Fproduct%2Fjw07763-o018_t018_nircam_clear-f277w_i2d.fits,288771840,PUBLIC,downloadable_public,61214.35098385,2026-06-23T08:25:25.005,188.5662,13.0754,jw07763-o018_t018_nircam_clear-f277w,416369984,https://mast.stsci.edu/api/v0/invoke,public Cycle-4 Treasury target-level association
GO7763_J_Virgo,7763,NGC4531,18,NIRISS,F115W,target_level_i2d,jw07763-o018_t018_niriss_clear-f115w_i2d.fits,mast:JWST/product/jw07763-o018_t018_niriss_clear-f115w_i2d.fits,https://mast.stsci.edu/api/v0.1/Download/file?uri=mast%3AJWST%2Fproduct%2Fjw07763-o018_t018_niriss_clear-f115w_i2d.fits,118952640,PUBLIC,downloadable_public,61214.34829864,2026-06-23T08:21:33.002,188.5662,13.0754,jw07763-o018_t018_niriss_clear-f115w,416370042,https://mast.stsci.edu/api/v0/invoke,public Cycle-4 Treasury target-level association
GO7763_J_Virgo,7763,NGC4531,18,NIRISS,F277W,target_level_i2d,jw07763-o018_t018_niriss_clearp-f277w_i2d.fits,mast:JWST/product/jw07763-o018_t018_niriss_clearp-f277w_i2d.fits,https://mast.stsci.edu/api/v0.1/Download/file?uri=mast%3AJWST%2Fproduct%2Fjw07763-o018_t018_niriss_clearp-f277w_i2d.fits,118952640,PUBLIC,downloadable_public,61214.34829864,2026-06-23T08:21:33.002,188.5662,13.0754,jw07763-o018_t018_niriss_clearp-f277w,416369990,https://mast.stsci.edu/api/v0/invoke,public Cycle-4 Treasury target-level association
GO7763_J_Virgo,7763,NGC4548,3,NIRCAM,F115W,target_level_i2d,jw07763-o003_t003_nircam_clear-f115w_i2d.fits,mast:JWST/product/jw07763-o003_t003_nircam_clear-f115w_i2d.fits,https://mast.stsci.edu/api/v0.1/Download/file?uri=mast%3AJWST%2Fproduct%2Fjw07763-o003_t003_nircam_clear-f115w_i2d.fits,1216137600,PUBLIC,downloadable_public,61176.15988423,2026-05-16T03:50:13.997,188.86100000000002,14.4955,jw07763-o003_t003_nircam_clear-f115w,393022391,https://mast.stsci.edu/api/v0/invoke,public Cycle-4 Treasury target-level association
GO7763_J_Virgo,7763,NGC4548,3,NIRCAM,F150W,target_level_i2d,jw07763-o003_t003_nircam_clear-f150w_i2d.fits,mast:JWST/product/jw07763-o003_t003_nircam_clear-f150w_i2d.fits,https://mast.stsci.edu/api/v0.1/Download/file?uri=mast%3AJWST%2Fproduct%2Fjw07763-o003_t003_nircam_clear-f150w_i2d.fits,1216137600,PUBLIC,downloadable_public,61176.15988423,2026-05-16T03:50:13.997,188.86100000000002,14.4955,jw07763-o003_t003_nircam_clear-f150w,393022380,https://mast.stsci.edu/api/v0/invoke,public Cycle-4 Treasury target-level association
GO7763_J_Virgo,7763,NGC4548,3,NIRCAM,F277W,target_level_i2d,jw07763-o003_t003_nircam_clear-f277w_i2d.fits,mast:JWST/product/jw07763-o003_t003_nircam_clear-f277w_i2d.fits,https://mast.stsci.edu/api/v0.1/Download/file?uri=mast%3AJWST%2Fproduct%2Fjw07763-o003_t003_nircam_clear-f277w_i2d.fits,288768960,PUBLIC,downloadable_public,61176.15988423,2026-05-16T03:50:13.997,188.86100000000002,14.4955,jw07763-o003_t003_nircam_clear-f277w,393022385,https://mast.stsci.edu/api/v0/invoke,public Cycle-4 Treasury target-level association
GO7763_J_Virgo,7763,NGC4548,3,NIRISS,F115W,target_level_i2d,jw07763-o003_t003_niriss_clear-f115w_i2d.fits,mast:JWST/product/jw07763-o003_t003_niriss_clear-f115w_i2d.fits,https://mast.stsci.edu/api/v0.1/Download/file?uri=mast%3AJWST%2Fproduct%2Fjw07763-o003_t003_niriss_clear-f115w_i2d.fits,118952640,PUBLIC,downloadable_public,61176.15710643,2026-05-16T03:46:13.996,188.86100000000002,14.4955,jw07763-o003_t003_niriss_clear-f115w,393022382,https://mast.stsci.edu/api/v0/invoke,public Cycle-4 Treasury target-level association
GO7763_J_Virgo,7763,NGC4548,3,NIRISS,F277W,target_level_i2d,jw07763-o003_t003_niriss_clearp-f277w_i2d.fits,mast:JWST/product/jw07763-o003_t003_niriss_clearp-f277w_i2d.fits,https://mast.stsci.edu/api/v0.1/Download/file?uri=mast%3AJWST%2Fproduct%2Fjw07763-o003_t003_niriss_clearp-f277w_i2d.fits,118952640,PUBLIC,downloadable_public,61176.15710643,2026-05-16T03:46:13.996,188.86100000000002,14.4955,jw07763-o003_t003_niriss_clearp-f277w,393022379,https://mast.stsci.edu/api/v0/invoke,public Cycle-4 Treasury target-level association
GO7763_J_Virgo,7763,NGC4550,26,NIRCAM,F115W,target_level_i2d,jw07763-o026_t026_nircam_clear-f115w_i2d.fits,mast:JWST/product/jw07763-o026_t026_nircam_clear-f115w_i2d.fits,https://mast.stsci.edu/api/v0.1/Download/file?uri=mast%3AJWST%2Fproduct%2Fjw07763-o026_t026_nircam_clear-f115w_i2d.fits,1215976320,PUBLIC,downloadable_public,61214.71723372,2026-06-23T17:12:48.993,188.87740000000002,12.2208,jw07763-o026_t026_nircam_clear-f115w,416620281,https://mast.stsci.edu/api/v0/invoke,public Cycle-4 Treasury target-level association
GO7763_J_Virgo,7763,NGC4550,26,NIRCAM,F150W,target_level_i2d,jw07763-o026_t026_nircam_clear-f150w_i2d.fits,mast:JWST/product/jw07763-o026_t026_nircam_clear-f150w_i2d.fits,https://mast.stsci.edu/api/v0.1/Download/file?uri=mast%3AJWST%2Fproduct%2Fjw07763-o026_t026_nircam_clear-f150w_i2d.fits,1215855360,PUBLIC,downloadable_public,61214.71723372,2026-06-23T17:12:48.993,188.87740000000002,12.2208,jw07763-o026_t026_nircam_clear-f150w,416595487,https://mast.stsci.edu/api/v0/invoke,public Cycle-4 Treasury target-level association
GO7763_J_Virgo,7763,NGC4550,26,NIRCAM,F277W,target_level_i2d,jw07763-o026_t026_nircam_clear-f277w_i2d.fits,mast:JWST/product/jw07763-o026_t026_nircam_clear-f277w_i2d.fits,https://mast.stsci.edu/api/v0.1/Download/file?uri=mast%3AJWST%2Fproduct%2Fjw07763-o026_t026_nircam_clear-f277w_i2d.fits,288771840,PUBLIC,downloadable_public,61214.71723372,2026-06-23T17:12:48.993,188.87740000000002,12.2208,jw07763-o026_t026_nircam_clear-f277w,416585566,https://mast.stsci.edu/api/v0/invoke,public Cycle-4 Treasury target-level association
GO7763_J_Virgo,7763,NGC4550,26,NIRISS,F115W,target_level_i2d,jw07763-o026_t026_niriss_clear-f115w_i2d.fits,mast:JWST/product/jw07763-o026_t026_niriss_clear-f115w_i2d.fits,https://mast.stsci.edu/api/v0.1/Download/file?uri=mast%3AJWST%2Fproduct%2Fjw07763-o026_t026_niriss_clear-f115w_i2d.fits,118952640,PUBLIC,downloadable_public,61214.38208328,2026-06-23T09:10:11.995,188.87740000000002,12.2208,jw07763-o026_t026_niriss_clear-f115w,416585516,https://mast.stsci.edu/api/v0/invoke,public Cycle-4 Treasury target-level association
GO7763_J_Virgo,7763,NGC4550,26,NIRISS,F277W,target_level_i2d,jw07763-o026_t026_niriss_clearp-f277w_i2d.fits,mast:JWST/product/jw07763-o026_t026_niriss_clearp-f277w_i2d.fits,https://mast.stsci.edu/api/v0.1/Download/file?uri=mast%3AJWST%2Fproduct%2Fjw07763-o026_t026_niriss_clearp-f277w_i2d.fits,118952640,PUBLIC,downloadable_public,61214.38208328,2026-06-23T09:10:11.995,188.87740000000002,12.2208,jw07763-o026_t026_niriss_clearp-f277w,416585534,https://mast.stsci.edu/api/v0/invoke,public Cycle-4 Treasury target-level association
GO7763_J_Virgo,7763,NGC4551,29,NIRCAM,F115W,target_level_i2d,jw07763-o029_t029_nircam_clear-f115w_i2d.fits,mast:JWST/product/jw07763-o029_t029_nircam_clear-f115w_i2d.fits,https://mast.stsci.edu/api/v0.1/Download/file?uri=mast%3AJWST%2Fproduct%2Fjw07763-o029_t029_nircam_clear-f115w_i2d.fits,1216137600,PUBLIC,downloadable_public,61214.75172444,2026-06-23T18:02:28.992,188.90810000000002,12.264,jw07763-o029_t029_nircam_clear-f115w,416654561,https://mast.stsci.edu/api/v0/invoke,public Cycle-4 Treasury target-level association
GO7763_J_Virgo,7763,NGC4551,29,NIRCAM,F150W,target_level_i2d,jw07763-o029_t029_nircam_clear-f150w_i2d.fits,mast:JWST/product/jw07763-o029_t029_nircam_clear-f150w_i2d.fits,https://mast.stsci.edu/api/v0.1/Download/file?uri=mast%3AJWST%2Fproduct%2Fjw07763-o029_t029_nircam_clear-f150w_i2d.fits,1216137600,PUBLIC,downloadable_public,61214.75172444,2026-06-23T18:02:28.992,188.90810000000002,12.264,jw07763-o029_t029_nircam_clear-f150w,416630410,https://mast.stsci.edu/api/v0/invoke,public Cycle-4 Treasury target-level association
GO7763_J_Virgo,7763,NGC4551,29,NIRCAM,F277W,target_level_i2d,jw07763-o029_t029_nircam_clear-f277w_i2d.fits,mast:JWST/product/jw07763-o029_t029_nircam_clear-f277w_i2d.fits,https://mast.stsci.edu/api/v0.1/Download/file?uri=mast%3AJWST%2Fproduct%2Fjw07763-o029_t029_nircam_clear-f277w_i2d.fits,288771840,PUBLIC,downloadable_public,61214.75172444,2026-06-23T18:02:28.992,188.90810000000002,12.264,jw07763-o029_t029_nircam_clear-f277w,416654627,https://mast.stsci.edu/api/v0/invoke,public Cycle-4 Treasury target-level association
GO7763_J_Virgo,7763,NGC4551,29,NIRISS,F115W,target_level_i2d,jw07763-o029_t029_niriss_clear-f115w_i2d.fits,mast:JWST/product/jw07763-o029_t029_niriss_clear-f115w_i2d.fits,https://mast.stsci.edu/api/v0.1/Download/file?uri=mast%3AJWST%2Fproduct%2Fjw07763-o029_t029_niriss_clear-f115w_i2d.fits,118952640,PUBLIC,downloadable_public,61214.74947911,2026-06-23T17:59:14.995,188.90810000000002,12.264,jw07763-o029_t029_niriss_clear-f115w,416630441,https://mast.stsci.edu/api/v0/invoke,public Cycle-4 Treasury target-level association
GO7763_J_Virgo,7763,NGC4551,29,NIRISS,F277W,target_level_i2d,jw07763-o029_t029_niriss_clearp-f277w_i2d.fits,mast:JWST/product/jw07763-o029_t029_niriss_clearp-f277w_i2d.fits,https://mast.stsci.edu/api/v0.1/Download/file?uri=mast%3AJWST%2Fproduct%2Fjw07763-o029_t029_niriss_clearp-f277w_i2d.fits,118952640,PUBLIC,downloadable_public,61214.74947911,2026-06-23T17:59:14.995,188.90810000000002,12.264,jw07763-o029_t029_niriss_clearp-f277w,416630355,https://mast.stsci.edu/api/v0/invoke,public Cycle-4 Treasury target-level association
GO7763_J_Virgo,7763,NGC4552,80,NIRCAM,F115W,target_level_i2d,jw07763-o080_t080_nircam_clear-f115w_i2d.fits,mast:JWST/product/jw07763-o080_t080_nircam_clear-f115w_i2d.fits,https://mast.stsci.edu/api/v0.1/Download/file?uri=mast%3AJWST%2Fproduct%2Fjw07763-o080_t080_nircam_clear-f115w_i2d.fits,1216264320,PUBLIC,downloadable_public,61218.71996523,2026-06-27T17:16:44.996,188.91586375,12.556341666666667,jw07763-o080_t080_nircam_clear-f115w,419089302,https://mast.stsci.edu/api/v0/invoke,public Cycle-4 Treasury target-level association
GO7763_J_Virgo,7763,NGC4552,80,NIRCAM,F277W,target_level_i2d,jw07763-o080_t080_nircam_clear-f277w_i2d.fits,mast:JWST/product/jw07763-o080_t080_nircam_clear-f277w_i2d.fits,https://mast.stsci.edu/api/v0.1/Download/file?uri=mast%3AJWST%2Fproduct%2Fjw07763-o080_t080_nircam_clear-f277w_i2d.fits,288728640,PUBLIC,downloadable_public,61218.71996523,2026-06-27T17:16:44.996,188.91586375,12.556341666666667,jw07763-o080_t080_nircam_clear-f277w,419089344,https://mast.stsci.edu/api/v0/invoke,public Cycle-4 Treasury target-level association
GO7763_J_Virgo,7763,NGC4552,80,NIRISS,F115W,target_level_i2d,jw07763-o080_t080_niriss_clear-f115w_i2d.fits,mast:JWST/product/jw07763-o080_t080_niriss_clear-f115w_i2d.fits,https://mast.stsci.edu/api/v0.1/Download/file?uri=mast%3AJWST%2Fproduct%2Fjw07763-o080_t080_niriss_clear-f115w_i2d.fits,118952640,PUBLIC,downloadable_public,61218.71850688,2026-06-27T17:14:38.994,188.91586375,12.556341666666667,jw07763-o080_t080_niriss_clear-f115w,419089317,https://mast.stsci.edu/api/v0/invoke,public Cycle-4 Treasury target-level association
GO7763_J_Virgo,7763,NGC4564,16,NIRCAM,F115W,target_level_i2d,jw07763-o016_t016_nircam_clear-f115w_i2d.fits,mast:JWST/product/jw07763-o016_t016_nircam_clear-f115w_i2d.fits,https://mast.stsci.edu/api/v0.1/Download/file?uri=mast%3AJWST%2Fproduct%2Fjw07763-o016_t016_nircam_clear-f115w_i2d.fits,1216137600,PUBLIC,downloadable_public,61221.28347218,2026-06-30T06:48:11.996,189.11239999999998,11.4392,jw07763-o016_t016_nircam_clear-f115w,421841366,https://mast.stsci.edu/api/v0/invoke,public Cycle-4 Treasury target-level association
GO7763_J_Virgo,7763,NGC4564,16,NIRCAM,F150W,target_level_i2d,jw07763-o016_t016_nircam_clear-f150w_i2d.fits,mast:JWST/product/jw07763-o016_t016_nircam_clear-f150w_i2d.fits,https://mast.stsci.edu/api/v0.1/Download/file?uri=mast%3AJWST%2Fproduct%2Fjw07763-o016_t016_nircam_clear-f150w_i2d.fits,1216258560,PUBLIC,downloadable_public,61221.28347218,2026-06-30T06:48:11.996,189.11239999999998,11.4392,jw07763-o016_t016_nircam_clear-f150w,421841429,https://mast.stsci.edu/api/v0/invoke,public Cycle-4 Treasury target-level association
GO7763_J_Virgo,7763,NGC4564,16,NIRCAM,F277W,target_level_i2d,jw07763-o016_t016_nircam_clear-f277w_i2d.fits,mast:JWST/product/jw07763-o016_t016_nircam_clear-f277w_i2d.fits,https://mast.stsci.edu/api/v0.1/Download/file?uri=mast%3AJWST%2Fproduct%2Fjw07763-o016_t016_nircam_clear-f277w_i2d.fits,288771840,PUBLIC,downloadable_public,61221.28347218,2026-06-30T06:48:11.996,189.11239999999998,11.4392,jw07763-o016_t016_nircam_clear-f277w,421841471,https://mast.stsci.edu/api/v0/invoke,public Cycle-4 Treasury target-level association
GO7763_J_Virgo,7763,NGC4564,16,NIRISS,F115W,target_level_i2d,jw07763-o016_t016_niriss_clear-f115w_i2d.fits,mast:JWST/product/jw07763-o016_t016_niriss_clear-f115w_i2d.fits,https://mast.stsci.edu/api/v0.1/Download/file?uri=mast%3AJWST%2Fproduct%2Fjw07763-o016_t016_niriss_clear-f115w_i2d.fits,118952640,PUBLIC,downloadable_public,61221.27732635,2026-06-30T06:39:20.997,189.11239999999998,11.4392,jw07763-o016_t016_niriss_clear-f115w,421841307,https://mast.stsci.edu/api/v0/invoke,public Cycle-4 Treasury target-level association
GO7763_J_Virgo,7763,NGC4564,16,NIRISS,F277W,target_level_i2d,jw07763-o016_t016_niriss_clearp-f277w_i2d.fits,mast:JWST/product/jw07763-o016_t016_niriss_clearp-f277w_i2d.fits,https://mast.stsci.edu/api/v0.1/Download/file?uri=mast%3AJWST%2Fproduct%2Fjw07763-o016_t016_niriss_clearp-f277w_i2d.fits,118952640,PUBLIC,downloadable_public,61221.27732635,2026-06-30T06:39:20.997,189.11239999999998,11.4392,jw07763-o016_t016_niriss_clearp-f277w,421841281,https://mast.stsci.edu/api/v0/invoke,public Cycle-4 Treasury target-level association
GO7763_J_Virgo,7763,NGC4569,2,NIRCAM,F115W,target_level_i2d,jw07763-o002_t002_nircam_clear-f115w_i2d.fits,mast:JWST/product/jw07763-o002_t002_nircam_clear-f115w_i2d.fits,https://mast.stsci.edu/api/v0.1/Download/file?uri=mast%3AJWST%2Fproduct%2Fjw07763-o002_t002_nircam_clear-f115w_i2d.fits,1216137600,PUBLIC,downloadable_public,61174.86518515,2026-05-14T20:45:51.997,189.2088,13.1653,jw07763-o002_t002_nircam_clear-f115w,392052407,https://mast.stsci.edu/api/v0/invoke,public Cycle-4 Treasury target-level association
GO7763_J_Virgo,7763,NGC4569,2,NIRCAM,F150W,target_level_i2d,jw07763-o002_t002_nircam_clear-f150w_i2d.fits,mast:JWST/product/jw07763-o002_t002_nircam_clear-f150w_i2d.fits,https://mast.stsci.edu/api/v0.1/Download/file?uri=mast%3AJWST%2Fproduct%2Fjw07763-o002_t002_nircam_clear-f150w_i2d.fits,1216258560,PUBLIC,downloadable_public,61174.86518515,2026-05-14T20:45:51.997,189.2088,13.1653,jw07763-o002_t002_nircam_clear-f150w,392052408,https://mast.stsci.edu/api/v0/invoke,public Cycle-4 Treasury target-level association
GO7763_J_Virgo,7763,NGC4569,2,NIRCAM,F277W,target_level_i2d,jw07763-o002_t002_nircam_clear-f277w_i2d.fits,mast:JWST/product/jw07763-o002_t002_nircam_clear-f277w_i2d.fits,https://mast.stsci.edu/api/v0.1/Download/file?uri=mast%3AJWST%2Fproduct%2Fjw07763-o002_t002_nircam_clear-f277w_i2d.fits,288768960,PUBLIC,downloadable_public,61174.86518515,2026-05-14T20:45:51.997,189.2088,13.1653,jw07763-o002_t002_nircam_clear-f277w,392042381,https://mast.stsci.edu/api/v0/invoke,public Cycle-4 Treasury target-level association
GO7763_J_Virgo,7763,NGC4569,2,NIRISS,F115W,target_level_i2d,jw07763-o002_t002_niriss_clear-f115w_i2d.fits,mast:JWST/product/jw07763-o002_t002_niriss_clear-f115w_i2d.fits,https://mast.stsci.edu/api/v0.1/Download/file?uri=mast%3AJWST%2Fproduct%2Fjw07763-o002_t002_niriss_clear-f115w_i2d.fits,118952640,PUBLIC,downloadable_public,61174.86273138,2026-05-14T20:42:19.991,189.2088,13.1653,jw07763-o002_t002_niriss_clear-f115w,392033558,https://mast.stsci.edu/api/v0/invoke,public Cycle-4 Treasury target-level association
GO7763_J_Virgo,7763,NGC4569,2,NIRISS,F277W,target_level_i2d,jw07763-o002_t002_niriss_clearp-f277w_i2d.fits,mast:JWST/product/jw07763-o002_t002_niriss_clearp-f277w_i2d.fits,https://mast.stsci.edu/api/v0.1/Download/file?uri=mast%3AJWST%2Fproduct%2Fjw07763-o002_t002_niriss_clearp-f277w_i2d.fits,118952640,PUBLIC,downloadable_public,61174.86273138,2026-05-14T20:42:19.991,189.2088,13.1653,jw07763-o002_t002_niriss_clearp-f277w,392033560,https://mast.stsci.edu/api/v0/invoke,public Cycle-4 Treasury target-level association
GO7763_J_Virgo,7763,NGC4571,10,NIRCAM,F115W,target_level_i2d,jw07763-o010_t010_nircam_clear-f115w_i2d.fits,mast:JWST/product/jw07763-o010_t010_nircam_clear-f115w_i2d.fits,https://mast.stsci.edu/api/v0.1/Download/file?uri=mast%3AJWST%2Fproduct%2Fjw07763-o010_t010_nircam_clear-f115w_i2d.fits,1216137600,PUBLIC,downloadable_public,61214.10615745,2026-06-23T02:32:52.004,189.2345,14.2178,jw07763-o010_t010_nircam_clear-f115w,416369819,https://mast.stsci.edu/api/v0/invoke,public Cycle-4 Treasury target-level association
GO7763_J_Virgo,7763,NGC4571,10,NIRCAM,F150W,target_level_i2d,jw07763-o010_t010_nircam_clear-f150w_i2d.fits,mast:JWST/product/jw07763-o010_t010_nircam_clear-f150w_i2d.fits,https://mast.stsci.edu/api/v0.1/Download/file?uri=mast%3AJWST%2Fproduct%2Fjw07763-o010_t010_nircam_clear-f150w_i2d.fits,1216258560,PUBLIC,downloadable_public,61214.10615745,2026-06-23T02:32:52.004,189.2345,14.2178,jw07763-o010_t010_nircam_clear-f150w,416369856,https://mast.stsci.edu/api/v0/invoke,public Cycle-4 Treasury target-level association
GO7763_J_Virgo,7763,NGC4571,10,NIRCAM,F277W,target_level_i2d,jw07763-o010_t010_nircam_clear-f277w_i2d.fits,mast:JWST/product/jw07763-o010_t010_nircam_clear-f277w_i2d.fits,https://mast.stsci.edu/api/v0.1/Download/file?uri=mast%3AJWST%2Fproduct%2Fjw07763-o010_t010_nircam_clear-f277w_i2d.fits,288771840,PUBLIC,downloadable_public,61214.10615745,2026-06-23T02:32:52.004,189.2345,14.2178,jw07763-o010_t010_nircam_clear-f277w,416369818,https://mast.stsci.edu/api/v0/invoke,public Cycle-4 Treasury target-level association
GO7763_J_Virgo,7763,NGC4571,10,NIRISS,F115W,target_level_i2d,jw07763-o010_t010_niriss_clear-f115w_i2d.fits,mast:JWST/product/jw07763-o010_t010_niriss_clear-f115w_i2d.fits,https://mast.stsci.edu/api/v0.1/Download/file?uri=mast%3AJWST%2Fproduct%2Fjw07763-o010_t010_niriss_clear-f115w_i2d.fits,118952640,PUBLIC,downloadable_public,61214.1037847,2026-06-23T02:29:26.998,189.2345,14.2178,jw07763-o010_t010_niriss_clear-f115w,416369854,https://mast.stsci.edu/api/v0/invoke,public Cycle-4 Treasury target-level association
GO7763_J_Virgo,7763,NGC4571,10,NIRISS,F277W,target_level_i2d,jw07763-o010_t010_niriss_clearp-f277w_i2d.fits,mast:JWST/product/jw07763-o010_t010_niriss_clearp-f277w_i2d.fits,https://mast.stsci.edu/api/v0.1/Download/file?uri=mast%3AJWST%2Fproduct%2Fjw07763-o010_t010_niriss_clearp-f277w_i2d.fits,118952640,PUBLIC,downloadable_public,61214.1037847,2026-06-23T02:29:26.998,189.2345,14.2178,jw07763-o010_t010_niriss_clearp-f277w,416369855,https://mast.stsci.edu/api/v0/invoke,public Cycle-4 Treasury target-level association
GO7763_J_Virgo,7763,NGC4579,1,NIRCAM,F115W,target_level_i2d,jw07763-o001_t001_nircam_clear-f115w_i2d.fits,mast:JWST/product/jw07763-o001_t001_nircam_clear-f115w_i2d.fits,https://mast.stsci.edu/api/v0.1/Download/file?uri=mast%3AJWST%2Fproduct%2Fjw07763-o001_t001_nircam_clear-f115w_i2d.fits,1216137600,PUBLIC,downloadable_public,61174.8450231,2026-05-14T20:16:49.996,189.43099999999998,11.8182,jw07763-o001_t001_nircam_clear-f115w,392047346,https://mast.stsci.edu/api/v0/invoke,public Cycle-4 Treasury target-level association
GO7763_J_Virgo,7763,NGC4579,1,NIRCAM,F150W,target_level_i2d,jw07763-o001_t001_nircam_clear-f150w_i2d.fits,mast:JWST/product/jw07763-o001_t001_nircam_clear-f150w_i2d.fits,https://mast.stsci.edu/api/v0.1/Download/file?uri=mast%3AJWST%2Fproduct%2Fjw07763-o001_t001_nircam_clear-f150w_i2d.fits,1216137600,PUBLIC,downloadable_public,61174.8450231,2026-05-14T20:16:49.996,189.43099999999998,11.8182,jw07763-o001_t001_nircam_clear-f150w,392007802,https://mast.stsci.edu/api/v0/invoke,public Cycle-4 Treasury target-level association
GO7763_J_Virgo,7763,NGC4579,1,NIRCAM,F277W,target_level_i2d,jw07763-o001_t001_nircam_clear-f277w_i2d.fits,mast:JWST/product/jw07763-o001_t001_nircam_clear-f277w_i2d.fits,https://mast.stsci.edu/api/v0.1/Download/file?uri=mast%3AJWST%2Fproduct%2Fjw07763-o001_t001_nircam_clear-f277w_i2d.fits,288910080,PUBLIC,downloadable_public,61174.8450231,2026-05-14T20:16:49.996,189.43099999999998,11.8182,jw07763-o001_t001_nircam_clear-f277w,392033559,https://mast.stsci.edu/api/v0/invoke,public Cycle-4 Treasury target-level association
GO7763_J_Virgo,7763,NGC4579,1,NIRISS,F115W,target_level_i2d,jw07763-o001_t001_niriss_clear-f115w_i2d.fits,mast:JWST/product/jw07763-o001_t001_niriss_clear-f115w_i2d.fits,https://mast.stsci.edu/api/v0.1/Download/file?uri=mast%3AJWST%2Fproduct%2Fjw07763-o001_t001_niriss_clear-f115w_i2d.fits,118952640,PUBLIC,downloadable_public,61174.84260405,2026-05-14T20:13:20.990,189.43099999999998,11.8182,jw07763-o001_t001_niriss_clear-f115w,391991855,https://mast.stsci.edu/api/v0/invoke,public Cycle-4 Treasury target-level association
GO7763_J_Virgo,7763,NGC4579,1,NIRISS,F277W,target_level_i2d,jw07763-o001_t001_niriss_clearp-f277w_i2d.fits,mast:JWST/product/jw07763-o001_t001_niriss_clearp-f277w_i2d.fits,https://mast.stsci.edu/api/v0.1/Download/file?uri=mast%3AJWST%2Fproduct%2Fjw07763-o001_t001_niriss_clearp-f277w_i2d.fits,118952640,PUBLIC,downloadable_public,61174.84260405,2026-05-14T20:13:20.990,189.43099999999998,11.8182,jw07763-o001_t001_niriss_clearp-f277w,391991866,https://mast.stsci.edu/api/v0/invoke,public Cycle-4 Treasury target-level association
GO7763_J_Virgo,7763,NGC4606,30,NIRCAM,F115W,target_level_i2d,jw07763-o030_t030_nircam_clear-f115w_i2d.fits,mast:JWST/product/jw07763-o030_t030_nircam_clear-f115w_i2d.fits,https://mast.stsci.edu/api/v0.1/Download/file?uri=mast%3AJWST%2Fproduct%2Fjw07763-o030_t030_nircam_clear-f115w_i2d.fits,1216137600,PUBLIC,downloadable_public,61220.77836797,2026-06-29T18:40:50.993,190.24009999999998,11.9121,jw07763-o030_t030_nircam_clear-f115w,421623914,https://mast.stsci.edu/api/v0/invoke,public Cycle-4 Treasury target-level association
GO7763_J_Virgo,7763,NGC4606,30,NIRCAM,F150W,target_level_i2d,jw07763-o030_t030_nircam_clear-f150w_i2d.fits,mast:JWST/product/jw07763-o030_t030_nircam_clear-f150w_i2d.fits,https://mast.stsci.edu/api/v0.1/Download/file?uri=mast%3AJWST%2Fproduct%2Fjw07763-o030_t030_nircam_clear-f150w_i2d.fits,1216137600,PUBLIC,downloadable_public,61220.77836797,2026-06-29T18:40:50.993,190.24009999999998,11.9121,jw07763-o030_t030_nircam_clear-f150w,421624041,https://mast.stsci.edu/api/v0/invoke,public Cycle-4 Treasury target-level association
GO7763_J_Virgo,7763,NGC4606,30,NIRCAM,F277W,target_level_i2d,jw07763-o030_t030_nircam_clear-f277w_i2d.fits,mast:JWST/product/jw07763-o030_t030_nircam_clear-f277w_i2d.fits,https://mast.stsci.edu/api/v0.1/Download/file?uri=mast%3AJWST%2Fproduct%2Fjw07763-o030_t030_nircam_clear-f277w_i2d.fits,288771840,PUBLIC,downloadable_public,61220.77836797,2026-06-29T18:40:50.993,190.24009999999998,11.9121,jw07763-o030_t030_nircam_clear-f277w,421623946,https://mast.stsci.edu/api/v0/invoke,public Cycle-4 Treasury target-level association
GO7763_J_Virgo,7763,NGC4606,30,NIRISS,F115W,target_level_i2d,jw07763-o030_t030_niriss_clear-f115w_i2d.fits,mast:JWST/product/jw07763-o030_t030_niriss_clear-f115w_i2d.fits,https://mast.stsci.edu/api/v0.1/Download/file?uri=mast%3AJWST%2Fproduct%2Fjw07763-o030_t030_niriss_clear-f115w_i2d.fits,118952640,PUBLIC,downloadable_public,61220.77832168,2026-06-29T18:40:46.993,190.24009999999998,11.9121,jw07763-o030_t030_niriss_clear-f115w,421623976,https://mast.stsci.edu/api/v0/invoke,public Cycle-4 Treasury target-level association
GO7763_J_Virgo,7763,NGC4606,30,NIRISS,F277W,target_level_i2d,jw07763-o030_t030_niriss_clearp-f277w_i2d.fits,mast:JWST/product/jw07763-o030_t030_niriss_clearp-f277w_i2d.fits,https://mast.stsci.edu/api/v0.1/Download/file?uri=mast%3AJWST%2Fproduct%2Fjw07763-o030_t030_niriss_clearp-f277w_i2d.fits,118952640,PUBLIC,downloadable_public,61220.77832168,2026-06-29T18:40:46.993,190.24009999999998,11.9121,jw07763-o030_t030_niriss_clearp-f277w,421624013,https://mast.stsci.edu/api/v0/invoke,public Cycle-4 Treasury target-level association
GO7763_J_Virgo,7763,PGC040707,71,NIRCAM,F115W,target_level_i2d,jw07763-o071_t071_nircam_clear-f115w_i2d.fits,mast:JWST/product/jw07763-o071_t071_nircam_clear-f115w_i2d.fits,https://mast.stsci.edu/api/v0.1/Download/file?uri=mast%3AJWST%2Fproduct%2Fjw07763-o071_t071_nircam_clear-f115w_i2d.fits,1216140480,PUBLIC,downloadable_public,61213.19666668,2026-06-22T04:43:12.001,186.63836500000002,12.742980555555555,jw07763-o071_t071_nircam_clear-f115w,416323901,https://mast.stsci.edu/api/v0/invoke,public Cycle-4 Treasury target-level association
GO7763_J_Virgo,7763,PGC040707,71,NIRCAM,F150W,target_level_i2d,jw07763-o071_t071_nircam_clear-f150w_i2d.fits,mast:JWST/product/jw07763-o071_t071_nircam_clear-f150w_i2d.fits,https://mast.stsci.edu/api/v0.1/Download/file?uri=mast%3AJWST%2Fproduct%2Fjw07763-o071_t071_nircam_clear-f150w_i2d.fits,1216137600,PUBLIC,downloadable_public,61213.19666668,2026-06-22T04:43:12.001,186.63836500000002,12.742980555555555,jw07763-o071_t071_nircam_clear-f150w,416323939,https://mast.stsci.edu/api/v0/invoke,public Cycle-4 Treasury target-level association
GO7763_J_Virgo,7763,PGC040707,71,NIRCAM,F277W,target_level_i2d,jw07763-o071_t071_nircam_clear-f277w_i2d.fits,mast:JWST/product/jw07763-o071_t071_nircam_clear-f277w_i2d.fits,https://mast.stsci.edu/api/v0.1/Download/file?uri=mast%3AJWST%2Fproduct%2Fjw07763-o071_t071_nircam_clear-f277w_i2d.fits,288912960,PUBLIC,downloadable_public,61213.19666668,2026-06-22T04:43:12.001,186.63836500000002,12.742980555555555,jw07763-o071_t071_nircam_clear-f277w,416323900,https://mast.stsci.edu/api/v0/invoke,public Cycle-4 Treasury target-level association
GO7763_J_Virgo,7763,PGC040707,71,NIRISS,F115W,target_level_i2d,jw07763-o071_t071_niriss_clear-f115w_i2d.fits,mast:JWST/product/jw07763-o071_t071_niriss_clear-f115w_i2d.fits,https://mast.stsci.edu/api/v0.1/Download/file?uri=mast%3AJWST%2Fproduct%2Fjw07763-o071_t071_niriss_clear-f115w_i2d.fits,118952640,PUBLIC,downloadable_public,61213.19478004,2026-06-22T04:40:28.995,186.63836500000002,12.742980555555555,jw07763-o071_t071_niriss_clear-f115w,416323934,https://mast.stsci.edu/api/v0/invoke,public Cycle-4 Treasury target-level association
GO7763_J_Virgo,7763,PGC040707,71,NIRISS,F277W,target_level_i2d,jw07763-o071_t071_niriss_clearp-f277w_i2d.fits,mast:JWST/product/jw07763-o071_t071_niriss_clearp-f277w_i2d.fits,https://mast.stsci.edu/api/v0.1/Download/file?uri=mast%3AJWST%2Fproduct%2Fjw07763-o071_t071_niriss_clearp-f277w_i2d.fits,118952640,PUBLIC,downloadable_public,61213.19478004,2026-06-22T04:40:28.995,186.63836500000002,12.742980555555555,jw07763-o071_t071_niriss_clearp-f277w,416323933,https://mast.stsci.edu/api/v0/invoke,public Cycle-4 Treasury target-level association
GO7763_J_Virgo,7763,PGC040723,74,NIRCAM,F115W,target_level_i2d,jw07763-o074_t074_nircam_clear-f115w_i2d.fits,mast:JWST/product/jw07763-o074_t074_nircam_clear-f115w_i2d.fits,https://mast.stsci.edu/api/v0.1/Download/file?uri=mast%3AJWST%2Fproduct%2Fjw07763-o074_t074_nircam_clear-f115w_i2d.fits,1216140480,PUBLIC,downloadable_public,61215.6902082,2026-06-24T16:33:53.988,186.66589291666668,12.513552777777777,jw07763-o074_t074_nircam_clear-f115w,417084573,https://mast.stsci.edu/api/v0/invoke,public Cycle-4 Treasury target-level association
GO7763_J_Virgo,7763,PGC040723,74,NIRCAM,F150W,target_level_i2d,jw07763-o074_t074_nircam_clear-f150w_i2d.fits,mast:JWST/product/jw07763-o074_t074_nircam_clear-f150w_i2d.fits,https://mast.stsci.edu/api/v0.1/Download/file?uri=mast%3AJWST%2Fproduct%2Fjw07763-o074_t074_nircam_clear-f150w_i2d.fits,1216258560,PUBLIC,downloadable_public,61215.6902082,2026-06-24T16:33:53.988,186.66589291666668,12.513552777777777,jw07763-o074_t074_nircam_clear-f150w,417084626,https://mast.stsci.edu/api/v0/invoke,public Cycle-4 Treasury target-level association
GO7763_J_Virgo,7763,PGC040723,74,NIRCAM,F277W,target_level_i2d,jw07763-o074_t074_nircam_clear-f277w_i2d.fits,mast:JWST/product/jw07763-o074_t074_nircam_clear-f277w_i2d.fits,https://mast.stsci.edu/api/v0.1/Download/file?uri=mast%3AJWST%2Fproduct%2Fjw07763-o074_t074_nircam_clear-f277w_i2d.fits,288768960,PUBLIC,downloadable_public,61215.6902082,2026-06-24T16:33:53.988,186.66589291666668,12.513552777777777,jw07763-o074_t074_nircam_clear-f277w,417084650,https://mast.stsci.edu/api/v0/invoke,public Cycle-4 Treasury target-level association
GO7763_J_Virgo,7763,PGC040723,74,NIRISS,F115W,target_level_i2d,jw07763-o074_t074_niriss_clear-f115w_i2d.fits,mast:JWST/product/jw07763-o074_t074_niriss_clear-f115w_i2d.fits,https://mast.stsci.edu/api/v0.1/Download/file?uri=mast%3AJWST%2Fproduct%2Fjw07763-o074_t074_niriss_clear-f115w_i2d.fits,118952640,PUBLIC,downloadable_public,61215.68609947,2026-06-24T16:27:58.994,186.66589291666668,12.513552777777777,jw07763-o074_t074_niriss_clear-f115w,417084546,https://mast.stsci.edu/api/v0/invoke,public Cycle-4 Treasury target-level association
GO7763_J_Virgo,7763,PGC040723,74,NIRISS,F277W,target_level_i2d,jw07763-o074_t074_niriss_clearp-f277w_i2d.fits,mast:JWST/product/jw07763-o074_t074_niriss_clearp-f277w_i2d.fits,https://mast.stsci.edu/api/v0.1/Download/file?uri=mast%3AJWST%2Fproduct%2Fjw07763-o074_t074_niriss_clearp-f277w_i2d.fits,118952640,PUBLIC,downloadable_public,61215.68609947,2026-06-24T16:27:58.994,186.66589291666668,12.513552777777777,jw07763-o074_t074_niriss_clearp-f277w,417084595,https://mast.stsci.edu/api/v0/invoke,public Cycle-4 Treasury target-level association
GO7763_J_Virgo,7763,PGC041156,63,NIRCAM,F115W,target_level_i2d,jw07763-o063_t063_nircam_clear-f115w_i2d.fits,mast:JWST/product/jw07763-o063_t063_nircam_clear-f115w_i2d.fits,https://mast.stsci.edu/api/v0.1/Download/file?uri=mast%3AJWST%2Fproduct%2Fjw07763-o063_t063_nircam_clear-f115w_i2d.fits,1216140480,PUBLIC,downloadable_public,61213.06188651,2026-06-22T01:29:06.994,187.34798499999997,12.450802777777778,jw07763-o063_t063_nircam_clear-f115w,416323704,https://mast.stsci.edu/api/v0/invoke,public Cycle-4 Treasury target-level association
GO7763_J_Virgo,7763,PGC041156,63,NIRCAM,F150W,target_level_i2d,jw07763-o063_t063_nircam_clear-f150w_i2d.fits,mast:JWST/product/jw07763-o063_t063_nircam_clear-f150w_i2d.fits,https://mast.stsci.edu/api/v0.1/Download/file?uri=mast%3AJWST%2Fproduct%2Fjw07763-o063_t063_nircam_clear-f150w_i2d.fits,1216258560,PUBLIC,downloadable_public,61213.06188651,2026-06-22T01:29:06.994,187.34798499999997,12.450802777777778,jw07763-o063_t063_nircam_clear-f150w,416323706,https://mast.stsci.edu/api/v0/invoke,public Cycle-4 Treasury target-level association
GO7763_J_Virgo,7763,PGC041156,63,NIRCAM,F277W,target_level_i2d,jw07763-o063_t063_nircam_clear-f277w_i2d.fits,mast:JWST/product/jw07763-o063_t063_nircam_clear-f277w_i2d.fits,https://mast.stsci.edu/api/v0.1/Download/file?uri=mast%3AJWST%2Fproduct%2Fjw07763-o063_t063_nircam_clear-f277w_i2d.fits,288768960,PUBLIC,downloadable_public,61213.06188651,2026-06-22T01:29:06.994,187.34798499999997,12.450802777777778,jw07763-o063_t063_nircam_clear-f277w,416323705,https://mast.stsci.edu/api/v0/invoke,public Cycle-4 Treasury target-level association
GO7763_J_Virgo,7763,PGC041156,63,NIRISS,F115W,target_level_i2d,jw07763-o063_t063_niriss_clear-f115w_i2d.fits,mast:JWST/product/jw07763-o063_t063_niriss_clear-f115w_i2d.fits,https://mast.stsci.edu/api/v0.1/Download/file?uri=mast%3AJWST%2Fproduct%2Fjw07763-o063_t063_niriss_clear-f115w_i2d.fits,118952640,PUBLIC,downloadable_public,61213.05681712,2026-06-22T01:21:48.999,187.34798499999997,12.450802777777778,jw07763-o063_t063_niriss_clear-f115w,416323677,https://mast.stsci.edu/api/v0/invoke,public Cycle-4 Treasury target-level association
GO7763_J_Virgo,7763,PGC041156,63,NIRISS,F277W,target_level_i2d,jw07763-o063_t063_niriss_clearp-f277w_i2d.fits,mast:JWST/product/jw07763-o063_t063_niriss_clearp-f277w_i2d.fits,https://mast.stsci.edu/api/v0.1/Download/file?uri=mast%3AJWST%2Fproduct%2Fjw07763-o063_t063_niriss_clearp-f277w_i2d.fits,118952640,PUBLIC,downloadable_public,61213.05681712,2026-06-22T01:21:48.999,187.34798499999997,12.450802777777778,jw07763-o063_t063_niriss_clearp-f277w,416323676,https://mast.stsci.edu/api/v0/invoke,public Cycle-4 Treasury target-level association
GO7763_J_Virgo,7763,PGC041723,64,NIRCAM,F115W,target_level_i2d,jw07763-o064_t064_nircam_clear-f115w_i2d.fits,mast:JWST/product/jw07763-o064_t064_nircam_clear-f115w_i2d.fits,https://mast.stsci.edu/api/v0.1/Download/file?uri=mast%3AJWST%2Fproduct%2Fjw07763-o064_t064_nircam_clear-f115w_i2d.fits,1216137600,PUBLIC,downloadable_public,61219.89525454,2026-06-28T21:29:09.992,188.39430000000002,11.2619,jw07763-o064_t064_nircam_clear-f115w,419680463,https://mast.stsci.edu/api/v0/invoke,public Cycle-4 Treasury target-level association
GO7763_J_Virgo,7763,PGC041723,64,NIRCAM,F150W,target_level_i2d,jw07763-o064_t064_nircam_clear-f150w_i2d.fits,mast:JWST/product/jw07763-o064_t064_nircam_clear-f150w_i2d.fits,https://mast.stsci.edu/api/v0.1/Download/file?uri=mast%3AJWST%2Fproduct%2Fjw07763-o064_t064_nircam_clear-f150w_i2d.fits,1216258560,PUBLIC,downloadable_public,61219.89525454,2026-06-28T21:29:09.992,188.39430000000002,11.2619,jw07763-o064_t064_nircam_clear-f150w,420235645,https://mast.stsci.edu/api/v0/invoke,public Cycle-4 Treasury target-level association
GO7763_J_Virgo,7763,PGC041723,64,NIRCAM,F277W,target_level_i2d,jw07763-o064_t064_nircam_clear-f277w_i2d.fits,mast:JWST/product/jw07763-o064_t064_nircam_clear-f277w_i2d.fits,https://mast.stsci.edu/api/v0.1/Download/file?uri=mast%3AJWST%2Fproduct%2Fjw07763-o064_t064_nircam_clear-f277w_i2d.fits,288771840,PUBLIC,downloadable_public,61219.89525454,2026-06-28T21:29:09.992,188.39430000000002,11.2619,jw07763-o064_t064_nircam_clear-f277w,420235704,https://mast.stsci.edu/api/v0/invoke,public Cycle-4 Treasury target-level association
GO7763_J_Virgo,7763,PGC041723,64,NIRISS,F115W,target_level_i2d,jw07763-o064_t064_niriss_clear-f115w_i2d.fits,mast:JWST/product/jw07763-o064_t064_niriss_clear-f115w_i2d.fits,https://mast.stsci.edu/api/v0.1/Download/file?uri=mast%3AJWST%2Fproduct%2Fjw07763-o064_t064_niriss_clear-f115w_i2d.fits,118952640,PUBLIC,downloadable_public,61219.21293981,2026-06-28T05:06:38.000,188.39430000000002,11.2619,jw07763-o064_t064_niriss_clear-f115w,419680498,https://mast.stsci.edu/api/v0/invoke,public Cycle-4 Treasury target-level association
GO7763_J_Virgo,7763,PGC041723,64,NIRISS,F277W,target_level_i2d,jw07763-o064_t064_niriss_clearp-f277w_i2d.fits,mast:JWST/product/jw07763-o064_t064_niriss_clearp-f277w_i2d.fits,https://mast.stsci.edu/api/v0.1/Download/file?uri=mast%3AJWST%2Fproduct%2Fjw07763-o064_t064_niriss_clearp-f277w_i2d.fits,118952640,PUBLIC,downloadable_public,61219.21293981,2026-06-28T05:06:38.000,188.39430000000002,11.2619,jw07763-o064_t064_niriss_clearp-f277w,419680481,https://mast.stsci.edu/api/v0/invoke,public Cycle-4 Treasury target-level association
GO7763_J_Virgo,7763,PGC041782,73,NIRCAM,F115W,target_level_i2d,jw07763-o073_t073_nircam_clear-f115w_i2d.fits,mast:JWST/product/jw07763-o073_t073_nircam_clear-f115w_i2d.fits,https://mast.stsci.edu/api/v0.1/Download/file?uri=mast%3AJWST%2Fproduct%2Fjw07763-o073_t073_nircam_clear-f115w_i2d.fits,1216140480,PUBLIC,downloadable_public,61215.63325222,2026-06-24T15:11:52.992,188.52809791666667,12.74157222222222,jw07763-o073_t073_nircam_clear-f115w,417073256,https://mast.stsci.edu/api/v0/invoke,public Cycle-4 Treasury target-level association
GO7763_J_Virgo,7763,PGC041782,73,NIRCAM,F150W,target_level_i2d,jw07763-o073_t073_nircam_clear-f150w_i2d.fits,mast:JWST/product/jw07763-o073_t073_nircam_clear-f150w_i2d.fits,https://mast.stsci.edu/api/v0.1/Download/file?uri=mast%3AJWST%2Fproduct%2Fjw07763-o073_t073_nircam_clear-f150w_i2d.fits,1216258560,PUBLIC,downloadable_public,61215.63325222,2026-06-24T15:11:52.992,188.52809791666667,12.74157222222222,jw07763-o073_t073_nircam_clear-f150w,417073180,https://mast.stsci.edu/api/v0/invoke,public Cycle-4 Treasury target-level association
GO7763_J_Virgo,7763,PGC041782,73,NIRCAM,F277W,target_level_i2d,jw07763-o073_t073_nircam_clear-f277w_i2d.fits,mast:JWST/product/jw07763-o073_t073_nircam_clear-f277w_i2d.fits,https://mast.stsci.edu/api/v0.1/Download/file?uri=mast%3AJWST%2Fproduct%2Fjw07763-o073_t073_nircam_clear-f277w_i2d.fits,288771840,PUBLIC,downloadable_public,61215.63325222,2026-06-24T15:11:52.992,188.52809791666667,12.74157222222222,jw07763-o073_t073_nircam_clear-f277w,417073190,https://mast.stsci.edu/api/v0/invoke,public Cycle-4 Treasury target-level association
GO7763_J_Virgo,7763,PGC041782,73,NIRISS,F115W,target_level_i2d,jw07763-o073_t073_niriss_clear-f115w_i2d.fits,mast:JWST/product/jw07763-o073_t073_niriss_clear-f115w_i2d.fits,https://mast.stsci.edu/api/v0.1/Download/file?uri=mast%3AJWST%2Fproduct%2Fjw07763-o073_t073_niriss_clear-f115w_i2d.fits,118952640,PUBLIC,downloadable_public,61215.63324065,2026-06-24T15:11:51.992,188.52809791666667,12.74157222222222,jw07763-o073_t073_niriss_clear-f115w,417073215,https://mast.stsci.edu/api/v0/invoke,public Cycle-4 Treasury target-level association
GO7763_J_Virgo,7763,PGC041782,73,NIRISS,F277W,target_level_i2d,jw07763-o073_t073_niriss_clearp-f277w_i2d.fits,mast:JWST/product/jw07763-o073_t073_niriss_clearp-f277w_i2d.fits,https://mast.stsci.edu/api/v0.1/Download/file?uri=mast%3AJWST%2Fproduct%2Fjw07763-o073_t073_niriss_clearp-f277w_i2d.fits,118952640,PUBLIC,downloadable_public,61215.63324065,2026-06-24T15:11:51.992,188.52809791666667,12.74157222222222,jw07763-o073_t073_niriss_clearp-f277w,417073181,https://mast.stsci.edu/api/v0/invoke,public Cycle-4 Treasury target-level association
GO7763_J_Virgo,7763,PGC041959,66,NIRCAM,F115W,target_level_i2d,jw07763-o066_t066_nircam_clear-f115w_i2d.fits,mast:JWST/product/jw07763-o066_t066_nircam_clear-f115w_i2d.fits,https://mast.stsci.edu/api/v0.1/Download/file?uri=mast%3AJWST%2Fproduct%2Fjw07763-o066_t066_nircam_clear-f115w_i2d.fits,1216258560,PUBLIC,downloadable_public,61219.61087956,2026-06-28T14:39:39.994,188.9052,12.382,jw07763-o066_t066_nircam_clear-f115w,419793738,https://mast.stsci.edu/api/v0/invoke,public Cycle-4 Treasury target-level association
GO7763_J_Virgo,7763,PGC041959,66,NIRCAM,F150W,target_level_i2d,jw07763-o066_t066_nircam_clear-f150w_i2d.fits,mast:JWST/product/jw07763-o066_t066_nircam_clear-f150w_i2d.fits,https://mast.stsci.edu/api/v0.1/Download/file?uri=mast%3AJWST%2Fproduct%2Fjw07763-o066_t066_nircam_clear-f150w_i2d.fits,1216137600,PUBLIC,downloadable_public,61219.61087956,2026-06-28T14:39:39.994,188.9052,12.382,jw07763-o066_t066_nircam_clear-f150w,419793742,https://mast.stsci.edu/api/v0/invoke,public Cycle-4 Treasury target-level association
GO7763_J_Virgo,7763,PGC041959,66,NIRCAM,F277W,target_level_i2d,jw07763-o066_t066_nircam_clear-f277w_i2d.fits,mast:JWST/product/jw07763-o066_t066_nircam_clear-f277w_i2d.fits,https://mast.stsci.edu/api/v0.1/Download/file?uri=mast%3AJWST%2Fproduct%2Fjw07763-o066_t066_nircam_clear-f277w_i2d.fits,288912960,PUBLIC,downloadable_public,61219.61087956,2026-06-28T14:39:39.994,188.9052,12.382,jw07763-o066_t066_nircam_clear-f277w,419793739,https://mast.stsci.edu/api/v0/invoke,public Cycle-4 Treasury target-level association
GO7763_J_Virgo,7763,PGC041959,66,NIRISS,F115W,target_level_i2d,jw07763-o066_t066_niriss_clear-f115w_i2d.fits,mast:JWST/product/jw07763-o066_t066_niriss_clear-f115w_i2d.fits,https://mast.stsci.edu/api/v0.1/Download/file?uri=mast%3AJWST%2Fproduct%2Fjw07763-o066_t066_niriss_clear-f115w_i2d.fits,118952640,PUBLIC,downloadable_public,61219.607905,2026-06-28T14:35:22.992,188.9052,12.382,jw07763-o066_t066_niriss_clear-f115w,419793741,https://mast.stsci.edu/api/v0/invoke,public Cycle-4 Treasury target-level association
GO7763_J_Virgo,7763,PGC041959,66,NIRISS,F277W,target_level_i2d,jw07763-o066_t066_niriss_clearp-f277w_i2d.fits,mast:JWST/product/jw07763-o066_t066_niriss_clearp-f277w_i2d.fits,https://mast.stsci.edu/api/v0.1/Download/file?uri=mast%3AJWST%2Fproduct%2Fjw07763-o066_t066_niriss_clearp-f277w_i2d.fits,118952640,PUBLIC,downloadable_public,61219.607905,2026-06-28T14:35:22.992,188.9052,12.382,jw07763-o066_t066_niriss_clearp-f277w,419793740,https://mast.stsci.edu/api/v0/invoke,public Cycle-4 Treasury target-level association
GO8277_embargo,8277,NGC3379,13,NIRCAM,F115W,target_level_i2d,jw08277-o013_t008_nircam_clear-f115w_i2d.fits,mast:JWST/product/jw08277-o013_t008_nircam_clear-f115w_i2d.fits,https://mast.stsci.edu/api/v0.1/Download/file?uri=mast%3AJWST%2Fproduct%2Fjw08277-o013_t008_nircam_clear-f115w_i2d.fits,1289960640,EXCLUSIVE_ACCESS,exclusive_access_not_downloadable,61534.86621515,2027-05-09T20:47:20.989,161.95665291666666,12.58163888888889,jw08277-o013_t008_nircam_clear-f115w,390655728,https://mast.stsci.edu/api/v0/invoke,12-month exclusive-access period; filename/size are metadata only until release
GO8277_embargo,8277,NGC3379,13,NIRCAM,F200W,target_level_i2d,jw08277-o013_t008_nircam_clear-f200w_i2d.fits,mast:JWST/product/jw08277-o013_t008_nircam_clear-f200w_i2d.fits,https://mast.stsci.edu/api/v0.1/Download/file?uri=mast%3AJWST%2Fproduct%2Fjw08277-o013_t008_nircam_clear-f200w_i2d.fits,1292178240,EXCLUSIVE_ACCESS,exclusive_access_not_downloadable,61534.86621515,2027-05-09T20:47:20.989,161.95665291666666,12.58163888888889,jw08277-o013_t008_nircam_clear-f200w,390655672,https://mast.stsci.edu/api/v0/invoke,12-month exclusive-access period; filename/size are metadata only until release
GO8277_embargo,8277,NGC3379,13,NIRCAM,F277W,target_level_i2d,jw08277-o013_t008_nircam_clear-f277w_i2d.fits,mast:JWST/product/jw08277-o013_t008_nircam_clear-f277w_i2d.fits,https://mast.stsci.edu/api/v0.1/Download/file?uri=mast%3AJWST%2Fproduct%2Fjw08277-o013_t008_nircam_clear-f277w_i2d.fits,306616320,EXCLUSIVE_ACCESS,exclusive_access_not_downloadable,61534.86621515,2027-05-09T20:47:20.989,161.95665291666666,12.58163888888889,jw08277-o013_t008_nircam_clear-f277w,390655729,https://mast.stsci.edu/api/v0/invoke,12-month exclusive-access period; filename/size are metadata only until release
GO8277_embargo,8277,NGC3379,13,NIRISS,F115W,target_level_i2d,jw08277-o013_t008_niriss_clear-f115w_i2d.fits,mast:JWST/product/jw08277-o013_t008_niriss_clear-f115w_i2d.fits,https://mast.stsci.edu/api/v0.1/Download/file?uri=mast%3AJWST%2Fproduct%2Fjw08277-o013_t008_niriss_clear-f115w_i2d.fits,128972160,EXCLUSIVE_ACCESS,exclusive_access_not_downloadable,61534.86100687,2027-05-09T20:39:50.994,161.95665291666666,12.58163888888889,jw08277-o013_t008_niriss_clear-f115w,390655605,https://mast.stsci.edu/api/v0/invoke,12-month exclusive-access period; filename/size are metadata only until release
GO8277_embargo,8277,NGC3379,13,NIRISS,F200W,target_level_i2d,jw08277-o013_t008_niriss_clear-f200w_i2d.fits,mast:JWST/product/jw08277-o013_t008_niriss_clear-f200w_i2d.fits,https://mast.stsci.edu/api/v0.1/Download/file?uri=mast%3AJWST%2Fproduct%2Fjw08277-o013_t008_niriss_clear-f200w_i2d.fits,128972160,EXCLUSIVE_ACCESS,exclusive_access_not_downloadable,61534.86100687,2027-05-09T20:39:50.994,161.95665291666666,12.58163888888889,jw08277-o013_t008_niriss_clear-f200w,390655606,https://mast.stsci.edu/api/v0/invoke,12-month exclusive-access period; filename/size are metadata only until release
GO8277_embargo,8277,NGC3379,14,NIRCAM,F115W,target_level_i2d,jw08277-o014_t008_nircam_clear-f115w_i2d.fits,mast:JWST/product/jw08277-o014_t008_nircam_clear-f115w_i2d.fits,https://mast.stsci.edu/api/v0.1/Download/file?uri=mast%3AJWST%2Fproduct%2Fjw08277-o014_t008_nircam_clear-f115w_i2d.fits,1289960640,EXCLUSIVE_ACCESS,exclusive_access_not_downloadable,61534.87851849,2027-05-09T21:05:03.998,161.95665291666666,12.58163888888889,jw08277-o014_t008_nircam_clear-f115w,390655733,https://mast.stsci.edu/api/v0/invoke,12-month exclusive-access period; filename/size are metadata only until release
GO8277_embargo,8277,NGC3379,14,NIRCAM,F200W,target_level_i2d,jw08277-o014_t008_nircam_clear-f200w_i2d.fits,mast:JWST/product/jw08277-o014_t008_nircam_clear-f200w_i2d.fits,https://mast.stsci.edu/api/v0.1/Download/file?uri=mast%3AJWST%2Fproduct%2Fjw08277-o014_t008_nircam_clear-f200w_i2d.fits,1292178240,EXCLUSIVE_ACCESS,exclusive_access_not_downloadable,61534.87851849,2027-05-09T21:05:03.998,161.95665291666666,12.58163888888889,jw08277-o014_t008_nircam_clear-f200w,390655696,https://mast.stsci.edu/api/v0/invoke,12-month exclusive-access period; filename/size are metadata only until release
GO8277_embargo,8277,NGC3379,14,NIRCAM,F277W,target_level_i2d,jw08277-o014_t008_nircam_clear-f277w_i2d.fits,mast:JWST/product/jw08277-o014_t008_nircam_clear-f277w_i2d.fits,https://mast.stsci.edu/api/v0.1/Download/file?uri=mast%3AJWST%2Fproduct%2Fjw08277-o014_t008_nircam_clear-f277w_i2d.fits,306616320,EXCLUSIVE_ACCESS,exclusive_access_not_downloadable,61534.87851849,2027-05-09T21:05:03.998,161.95665291666666,12.58163888888889,jw08277-o014_t008_nircam_clear-f277w,390655731,https://mast.stsci.edu/api/v0/invoke,12-month exclusive-access period; filename/size are metadata only until release
GO8277_embargo,8277,NGC3379,14,NIRISS,F115W,target_level_i2d,jw08277-o014_t008_niriss_clear-f115w_i2d.fits,mast:JWST/product/jw08277-o014_t008_niriss_clear-f115w_i2d.fits,https://mast.stsci.edu/api/v0.1/Download/file?uri=mast%3AJWST%2Fproduct%2Fjw08277-o014_t008_niriss_clear-f115w_i2d.fits,128972160,EXCLUSIVE_ACCESS,exclusive_access_not_downloadable,61534.87339113,2027-05-09T20:57:40.994,161.95665291666666,12.58163888888889,jw08277-o014_t008_niriss_clear-f115w,390655697,https://mast.stsci.edu/api/v0/invoke,12-month exclusive-access period; filename/size are metadata only until release
GO8277_embargo,8277,NGC3379,14,NIRISS,F200W,target_level_i2d,jw08277-o014_t008_niriss_clear-f200w_i2d.fits,mast:JWST/product/jw08277-o014_t008_niriss_clear-f200w_i2d.fits,https://mast.stsci.edu/api/v0.1/Download/file?uri=mast%3AJWST%2Fproduct%2Fjw08277-o014_t008_niriss_clear-f200w_i2d.fits,128972160,EXCLUSIVE_ACCESS,exclusive_access_not_downloadable,61534.87339113,2027-05-09T20:57:40.994,161.95665291666666,12.58163888888889,jw08277-o014_t008_niriss_clear-f200w,390655698,https://mast.stsci.edu/api/v0/invoke,12-month exclusive-access period; filename/size are metadata only until release
GO8277_embargo,8277,NGC4278,24,NIRCAM,F115W,target_level_i2d,jw08277-o024_t013_nircam_clear-f115w_i2d.fits,mast:JWST/product/jw08277-o024_t013_nircam_clear-f115w_i2d.fits,https://mast.stsci.edu/api/v0.1/Download/file?uri=mast%3AJWST%2Fproduct%2Fjw08277-o024_t013_nircam_clear-f115w_i2d.fits,1290525120,EXCLUSIVE_ACCESS,exclusive_access_not_downloadable,61565.65644675,2027-06-09T15:45:16.999,185.02826416666667,29.280638888888888,jw08277-o024_t013_nircam_clear-f115w,409544609,https://mast.stsci.edu/api/v0/invoke,12-month exclusive-access period; filename/size are metadata only until release
GO8277_embargo,8277,NGC4278,24,NIRCAM,F200W,target_level_i2d,jw08277-o024_t013_nircam_clear-f200w_i2d.fits,mast:JWST/product/jw08277-o024_t013_nircam_clear-f200w_i2d.fits,https://mast.stsci.edu/api/v0.1/Download/file?uri=mast%3AJWST%2Fproduct%2Fjw08277-o024_t013_nircam_clear-f200w_i2d.fits,1292601600,EXCLUSIVE_ACCESS,exclusive_access_not_downloadable,61565.65644675,2027-06-09T15:45:16.999,185.02826416666667,29.280638888888888,jw08277-o024_t013_nircam_clear-f200w,409528319,https://mast.stsci.edu/api/v0/invoke,12-month exclusive-access period; filename/size are metadata only until release
GO8277_embargo,8277,NGC4278,24,NIRCAM,F277W,target_level_i2d,jw08277-o024_t013_nircam_clear-f277w_i2d.fits,mast:JWST/product/jw08277-o024_t013_nircam_clear-f277w_i2d.fits,https://mast.stsci.edu/api/v0.1/Download/file?uri=mast%3AJWST%2Fproduct%2Fjw08277-o024_t013_nircam_clear-f277w_i2d.fits,306616320,EXCLUSIVE_ACCESS,exclusive_access_not_downloadable,61565.65644675,2027-06-09T15:45:16.999,185.02826416666667,29.280638888888888,jw08277-o024_t013_nircam_clear-f277w,409544610,https://mast.stsci.edu/api/v0/invoke,12-month exclusive-access period; filename/size are metadata only until release
GO8277_embargo,8277,NGC4278,24,NIRISS,F115W,target_level_i2d,jw08277-o024_t013_niriss_clear-f115w_i2d.fits,mast:JWST/product/jw08277-o024_t013_niriss_clear-f115w_i2d.fits,https://mast.stsci.edu/api/v0.1/Download/file?uri=mast%3AJWST%2Fproduct%2Fjw08277-o024_t013_niriss_clear-f115w_i2d.fits,128972160,EXCLUSIVE_ACCESS,exclusive_access_not_downloadable,61565.65377312,2027-06-09T15:41:25.998,185.02826416666667,29.280638888888888,jw08277-o024_t013_niriss_clear-f115w,409517366,https://mast.stsci.edu/api/v0/invoke,12-month exclusive-access period; filename/size are metadata only until release
GO8277_embargo,8277,NGC4278,24,NIRISS,F200W,target_level_i2d,jw08277-o024_t013_niriss_clear-f200w_i2d.fits,mast:JWST/product/jw08277-o024_t013_niriss_clear-f200w_i2d.fits,https://mast.stsci.edu/api/v0.1/Download/file?uri=mast%3AJWST%2Fproduct%2Fjw08277-o024_t013_niriss_clear-f200w_i2d.fits,128972160,EXCLUSIVE_ACCESS,exclusive_access_not_downloadable,61565.65377312,2027-06-09T15:41:25.998,185.02826416666667,29.280638888888888,jw08277-o024_t013_niriss_clear-f200w,409517314,https://mast.stsci.edu/api/v0/invoke,12-month exclusive-access period; filename/size are metadata only until release
M104,6565,Lenticular_Galaxy,2,NIRCAM,F090W,target_level_i2d,jw06565-o002_t001_nircam_clear-f090w_i2d.fits,mast:JWST/product/jw06565-o002_t001_nircam_clear-f090w_i2d.fits,https://mast.stsci.edu/api/v0.1/Download/file?uri=mast%3AJWST%2Fproduct%2Fjw06565-o002_t001_nircam_clear-f090w_i2d.fits,3536245440,PUBLIC,downloadable_public,60829.5833333,2025-06-03T13:59:59.997,189.99740375000002,-11.622650000000021,jw06565-o002_t001_nircam_clear-f090w,215753831,https://mast.stsci.edu/api/v0/invoke,public NIRCam Sombrero field; F200W exists but no F150W in this program
M104,6565,Lenticular_Galaxy,2,NIRCAM,F200W,target_level_i2d,jw06565-o002_t001_nircam_clear-f200w_i2d.fits,mast:JWST/product/jw06565-o002_t001_nircam_clear-f200w_i2d.fits,https://mast.stsci.edu/api/v0.1/Download/file?uri=mast%3AJWST%2Fproduct%2Fjw06565-o002_t001_nircam_clear-f200w_i2d.fits,3539643840,PUBLIC,downloadable_public,60829.5833333,2025-06-03T13:59:59.997,189.99740375000002,-11.622650000000021,jw06565-o002_t001_nircam_clear-f200w,215704078,https://mast.stsci.edu/api/v0/invoke,public NIRCam Sombrero field; F200W exists but no F150W in this program
M104,6565,Lenticular_Galaxy,2,NIRCAM,F212N,target_level_i2d,jw06565-o002_t001_nircam_clear-f212n_i2d.fits,mast:JWST/product/jw06565-o002_t001_nircam_clear-f212n_i2d.fits,https://mast.stsci.edu/api/v0.1/Download/file?uri=mast%3AJWST%2Fproduct%2Fjw06565-o002_t001_nircam_clear-f212n_i2d.fits,3535519680,PUBLIC,downloadable_public,60829.5833333,2025-06-03T13:59:59.997,189.99740375000002,-11.622650000000021,jw06565-o002_t001_nircam_clear-f212n,215753830,https://mast.stsci.edu/api/v0/invoke,public NIRCam Sombrero field; F200W exists but no F150W in this program
M104,6565,Lenticular_Galaxy,2,NIRCAM,F277W,target_level_i2d,jw06565-o002_t001_nircam_clear-f277w_i2d.fits,mast:JWST/product/jw06565-o002_t001_nircam_clear-f277w_i2d.fits,https://mast.stsci.edu/api/v0.1/Download/file?uri=mast%3AJWST%2Fproduct%2Fjw06565-o002_t001_nircam_clear-f277w_i2d.fits,660335040,PUBLIC,downloadable_public,60829.5833333,2025-06-03T13:59:59.997,189.99740375000002,-11.622650000000021,jw06565-o002_t001_nircam_clear-f277w,215753829,https://mast.stsci.edu/api/v0/invoke,public NIRCam Sombrero field; F200W exists but no F150W in this program
M104,6565,Lenticular_Galaxy,2,NIRCAM,F335M,target_level_i2d,jw06565-o002_t001_nircam_clear-f335m_i2d.fits,mast:JWST/product/jw06565-o002_t001_nircam_clear-f335m_i2d.fits,https://mast.stsci.edu/api/v0.1/Download/file?uri=mast%3AJWST%2Fproduct%2Fjw06565-o002_t001_nircam_clear-f335m_i2d.fits,660214080,PUBLIC,downloadable_public,60829.5833333,2025-06-03T13:59:59.997,189.99740375000002,-11.622650000000021,jw06565-o002_t001_nircam_clear-f335m,215753661,https://mast.stsci.edu/api/v0/invoke,public NIRCam Sombrero field; F200W exists but no F150W in this program
M104,6565,Lenticular_Galaxy,2,NIRCAM,F444W,target_level_i2d,jw06565-o002_t001_nircam_clear-f444w_i2d.fits,mast:JWST/product/jw06565-o002_t001_nircam_clear-f444w_i2d.fits,https://mast.stsci.edu/api/v0.1/Download/file?uri=mast%3AJWST%2Fproduct%2Fjw06565-o002_t001_nircam_clear-f444w_i2d.fits,660335040,PUBLIC,downloadable_public,60829.5833333,2025-06-03T13:59:59.997,189.99740375000002,-11.622650000000021,jw06565-o002_t001_nircam_clear-f444w,215753494,https://mast.stsci.edu/api/v0/invoke,public NIRCam Sombrero field; F200W exists but no F150W in this program
M104,6565,Lenticular_Galaxy,3,NIRCAM,F090W,target_level_i2d,jw06565-o003_t001_nircam_clear-f090w_i2d.fits,mast:JWST/product/jw06565-o003_t001_nircam_clear-f090w_i2d.fits,https://mast.stsci.edu/api/v0.1/Download/file?uri=mast%3AJWST%2Fproduct%2Fjw06565-o003_t001_nircam_clear-f090w_i2d.fits,1733679360,PUBLIC,downloadable_public,60829.5833333,2025-06-03T13:59:59.997,189.99740375000002,-11.622650000000021,jw06565-o003_t001_nircam_clear-f090w,234684998,https://mast.stsci.edu/api/v0/invoke,public NIRCam Sombrero field; F200W exists but no F150W in this program
M104,6565,Lenticular_Galaxy,3,NIRCAM,F200W,target_level_i2d,jw06565-o003_t001_nircam_clear-f200w_i2d.fits,mast:JWST/product/jw06565-o003_t001_nircam_clear-f200w_i2d.fits,https://mast.stsci.edu/api/v0.1/Download/file?uri=mast%3AJWST%2Fproduct%2Fjw06565-o003_t001_nircam_clear-f200w_i2d.fits,1736838720,PUBLIC,downloadable_public,60829.5833333,2025-06-03T13:59:59.997,189.99740375000002,-11.622650000000021,jw06565-o003_t001_nircam_clear-f200w,234685684,https://mast.stsci.edu/api/v0/invoke,public NIRCam Sombrero field; F200W exists but no F150W in this program
M104,6565,Lenticular_Galaxy,3,NIRCAM,F212N,target_level_i2d,jw06565-o003_t001_nircam_clear-f212n_i2d.fits,mast:JWST/product/jw06565-o003_t001_nircam_clear-f212n_i2d.fits,https://mast.stsci.edu/api/v0.1/Download/file?uri=mast%3AJWST%2Fproduct%2Fjw06565-o003_t001_nircam_clear-f212n_i2d.fits,1734189120,PUBLIC,downloadable_public,60829.5833333,2025-06-03T13:59:59.997,189.99740375000002,-11.622650000000021,jw06565-o003_t001_nircam_clear-f212n,234685681,https://mast.stsci.edu/api/v0/invoke,public NIRCam Sombrero field; F200W exists but no F150W in this program
M104,6565,Lenticular_Galaxy,3,NIRCAM,F277W,target_level_i2d,jw06565-o003_t001_nircam_clear-f277w_i2d.fits,mast:JWST/product/jw06565-o003_t001_nircam_clear-f277w_i2d.fits,https://mast.stsci.edu/api/v0.1/Download/file?uri=mast%3AJWST%2Fproduct%2Fjw06565-o003_t001_nircam_clear-f277w_i2d.fits,360279360,PUBLIC,downloadable_public,60829.5833333,2025-06-03T13:59:59.997,189.99740375000002,-11.622650000000021,jw06565-o003_t001_nircam_clear-f277w,234685680,https://mast.stsci.edu/api/v0/invoke,public NIRCam Sombrero field; F200W exists but no F150W in this program
M104,6565,Lenticular_Galaxy,3,NIRCAM,F335M,target_level_i2d,jw06565-o003_t001_nircam_clear-f335m_i2d.fits,mast:JWST/product/jw06565-o003_t001_nircam_clear-f335m_i2d.fits,https://mast.stsci.edu/api/v0.1/Download/file?uri=mast%3AJWST%2Fproduct%2Fjw06565-o003_t001_nircam_clear-f335m_i2d.fits,360279360,PUBLIC,downloadable_public,60829.5833333,2025-06-03T13:59:59.997,189.99740375000002,-11.622650000000021,jw06565-o003_t001_nircam_clear-f335m,234685683,https://mast.stsci.edu/api/v0/invoke,public NIRCam Sombrero field; F200W exists but no F150W in this program
M104,6565,Lenticular_Galaxy,3,NIRCAM,F444W,target_level_i2d,jw06565-o003_t001_nircam_clear-f444w_i2d.fits,mast:JWST/product/jw06565-o003_t001_nircam_clear-f444w_i2d.fits,https://mast.stsci.edu/api/v0.1/Download/file?uri=mast%3AJWST%2Fproduct%2Fjw06565-o003_t001_nircam_clear-f444w_i2d.fits,360279360,PUBLIC,downloadable_public,60829.5833333,2025-06-03T13:59:59.997,189.99740375000002,-11.622650000000021,jw06565-o003_t001_nircam_clear-f444w,234685682,https://mast.stsci.edu/api/v0/invoke,public NIRCam Sombrero field; F200W exists but no F150W in this program
M104,6565,Lenticular_Galaxy_Tile,5,NIRCAM,F090W,target_level_i2d,jw06565-o005_t002_nircam_clear-f090w_i2d.fits,mast:JWST/product/jw06565-o005_t002_nircam_clear-f090w_i2d.fits,https://mast.stsci.edu/api/v0.1/Download/file?uri=mast%3AJWST%2Fproduct%2Fjw06565-o005_t002_nircam_clear-f090w_i2d.fits,1734120000,PUBLIC,downloadable_public,60829.5833333,2025-06-03T13:59:59.997,189.9653583333333,-11.613269444444427,jw06565-o005_t002_nircam_clear-f090w,266333805,https://mast.stsci.edu/api/v0/invoke,public NIRCam Sombrero field; F200W exists but no F150W in this program
M104,6565,Lenticular_Galaxy_Tile,5,NIRCAM,F200W,target_level_i2d,jw06565-o005_t002_nircam_clear-f200w_i2d.fits,mast:JWST/product/jw06565-o005_t002_nircam_clear-f200w_i2d.fits,https://mast.stsci.edu/api/v0.1/Download/file?uri=mast%3AJWST%2Fproduct%2Fjw06565-o005_t002_nircam_clear-f200w_i2d.fits,1736769600,PUBLIC,downloadable_public,60829.5833333,2025-06-03T13:59:59.997,189.9653583333333,-11.613269444444427,jw06565-o005_t002_nircam_clear-f200w,266333803,https://mast.stsci.edu/api/v0/invoke,public NIRCam Sombrero field; F200W exists but no F150W in this program
M104,6565,Lenticular_Galaxy_Tile,5,NIRCAM,F212N,target_level_i2d,jw06565-o005_t002_nircam_clear-f212n_i2d.fits,mast:JWST/product/jw06565-o005_t002_nircam_clear-f212n_i2d.fits,https://mast.stsci.edu/api/v0.1/Download/file?uri=mast%3AJWST%2Fproduct%2Fjw06565-o005_t002_nircam_clear-f212n_i2d.fits,1734120000,PUBLIC,downloadable_public,60829.5833333,2025-06-03T13:59:59.997,189.9653583333333,-11.613269444444427,jw06565-o005_t002_nircam_clear-f212n,266333804,https://mast.stsci.edu/api/v0/invoke,public NIRCam Sombrero field; F200W exists but no F150W in this program
M104,6565,Lenticular_Galaxy_Tile,5,NIRCAM,F277W,target_level_i2d,jw06565-o005_t002_nircam_clear-f277w_i2d.fits,mast:JWST/product/jw06565-o005_t002_nircam_clear-f277w_i2d.fits,https://mast.stsci.edu/api/v0.1/Download/file?uri=mast%3AJWST%2Fproduct%2Fjw06565-o005_t002_nircam_clear-f277w_i2d.fits,360360000,PUBLIC,downloadable_public,60829.5833333,2025-06-03T13:59:59.997,189.9653583333333,-11.613269444444427,jw06565-o005_t002_nircam_clear-f277w,266333795,https://mast.stsci.edu/api/v0/invoke,public NIRCam Sombrero field; F200W exists but no F150W in this program
M104,6565,Lenticular_Galaxy_Tile,5,NIRCAM,F335M,target_level_i2d,jw06565-o005_t002_nircam_clear-f335m_i2d.fits,mast:JWST/product/jw06565-o005_t002_nircam_clear-f335m_i2d.fits,https://mast.stsci.edu/api/v0.1/Download/file?uri=mast%3AJWST%2Fproduct%2Fjw06565-o005_t002_nircam_clear-f335m_i2d.fits,360360000,PUBLIC,downloadable_public,60829.5833333,2025-06-03T13:59:59.997,189.9653583333333,-11.613269444444427,jw06565-o005_t002_nircam_clear-f335m,266333796,https://mast.stsci.edu/api/v0/invoke,public NIRCam Sombrero field; F200W exists but no F150W in this program
M104,6565,Lenticular_Galaxy_Tile,5,NIRCAM,F444W,target_level_i2d,jw06565-o005_t002_nircam_clear-f444w_i2d.fits,mast:JWST/product/jw06565-o005_t002_nircam_clear-f444w_i2d.fits,https://mast.stsci.edu/api/v0.1/Download/file?uri=mast%3AJWST%2Fproduct%2Fjw06565-o005_t002_nircam_clear-f444w_i2d.fits,360360000,PUBLIC,downloadable_public,60829.5833333,2025-06-03T13:59:59.997,189.9653583333333,-11.613269444444427,jw06565-o005_t002_nircam_clear-f444w,266333794,https://mast.stsci.edu/api/v0/invoke,public NIRCam Sombrero field; F200W exists but no F150W in this program
VV191_PEARLS_context,1176,VV-191,341,NIRCAM,F090W,target_level_i2d,jw01176-o341_t005_nircam_clear-f090w_i2d.fits,mast:JWST/product/jw01176-o341_t005_nircam_clear-f090w_i2d.fits,https://mast.stsci.edu/api/v0.1/Download/file?uri=mast%3AJWST%2Fproduct%2Fjw01176-o341_t005_nircam_clear-f090w_i2d.fits,1211987520,PUBLIC,downloadable_public,60125,2023-06-30T00:00:00.000,207.09208,25.677780555555557,jw01176-o341_t005_nircam_clear-f090w,87623673,https://mast.stsci.edu/api/v0/invoke,"VV-191 is current MAST GTO-1176 data; PEARLS is analysis context, not program 2738 attribution"
VV191_PEARLS_context,1176,VV-191,341,NIRCAM,F150W,target_level_i2d,jw01176-o341_t005_nircam_clear-f150w_i2d.fits,mast:JWST/product/jw01176-o341_t005_nircam_clear-f150w_i2d.fits,https://mast.stsci.edu/api/v0.1/Download/file?uri=mast%3AJWST%2Fproduct%2Fjw01176-o341_t005_nircam_clear-f150w_i2d.fits,1212108480,PUBLIC,downloadable_public,60125,2023-06-30T00:00:00.000,207.09208,25.677780555555557,jw01176-o341_t005_nircam_clear-f150w,87623670,https://mast.stsci.edu/api/v0/invoke,"VV-191 is current MAST GTO-1176 data; PEARLS is analysis context, not program 2738 attribution"
VV191_PEARLS_context,1176,VV-191,341,NIRCAM,F356W,target_level_i2d,jw01176-o341_t005_nircam_clear-f356w_i2d.fits,mast:JWST/product/jw01176-o341_t005_nircam_clear-f356w_i2d.fits,https://mast.stsci.edu/api/v0.1/Download/file?uri=mast%3AJWST%2Fproduct%2Fjw01176-o341_t005_nircam_clear-f356w_i2d.fits,287749440,PUBLIC,downloadable_public,60125,2023-06-30T00:00:00.000,207.09208,25.677780555555557,jw01176-o341_t005_nircam_clear-f356w,87623674,https://mast.stsci.edu/api/v0/invoke,"VV-191 is current MAST GTO-1176 data; PEARLS is analysis context, not program 2738 attribution"
VV191_PEARLS_context,1176,VV-191,341,NIRCAM,F444W,target_level_i2d,jw01176-o341_t005_nircam_clear-f444w_i2d.fits,mast:JWST/product/jw01176-o341_t005_nircam_clear-f444w_i2d.fits,https://mast.stsci.edu/api/v0.1/Download/file?uri=mast%3AJWST%2Fproduct%2Fjw01176-o341_t005_nircam_clear-f444w_i2d.fits,287688960,PUBLIC,downloadable_public,60125,2023-06-30T00:00:00.000,207.09208,25.677780555555557,jw01176-o341_t005_nircam_clear-f444w,87623671,https://mast.stsci.edu/api/v0/invoke,"VV-191 is current MAST GTO-1176 data; PEARLS is analysis context, not program 2738 attribution"
