model,degree,in_sample_wrms,leave_one_out_wrms
constant,0,0.09077718149820174,0.10225000549107414
linear,1,0.05947068081925062,0.07247746074734532
quadratic,2,0.059455979543208054,0.08406893076301765
