model,n,n_parameters,color_center,intercept,slope,curvature,slope_change,sigma_int,log_likelihood,aic,aicc,use_color_errors,color_error_column,use_extinction_covariance,use_shared_anchor_covariance
constant,14,2,0.567460681637547,-3.224394556743532,0.0,,,0.06696905864837985,16.634982976886995,-29.26996595377399,-28.1790568628649,True,sigma_color_stat_mag,True,False
constant,14,2,0.567460681637547,-3.196076588083983,0.0,,,0.06320003215740036,17.344083152624552,-30.688166305249105,-29.597257214340015,True,sigma_color_stat_mag,True,False
constant,14,2,0.567460681637547,-3.2002219650669796,0.0,,,0.07381205724763062,15.397008567878524,-26.79401713575705,-25.70310804484796,True,sigma_color_stat_mag,True,False
constant,14,2,0.567460681637547,-3.1760492409066714,0.0,,,0.07536683404361903,15.243190543026069,-26.486381086052138,-25.395471995143048,True,sigma_color_stat_mag,True,False
constant,14,2,0.567460681637547,-3.2187949464536514,0.0,,,0.0690917605683922,16.176525790353434,-28.353051580706868,-27.262142489797778,True,sigma_color_stat_mag,True,False
constant,14,2,0.567460681637547,-3.203484047906831,0.0,,,0.0814007667596505,14.249834186438433,-24.499668372876865,-23.408759281967775,True,sigma_color_stat_mag,True,False
constant,14,2,0.567460681637547,-3.236779968118904,0.0,,,0.05094956616252081,19.523910954563064,-35.04782190912613,-33.956912818217035,True,sigma_color_stat_mag,True,False
constant,14,2,0.567460681637547,-3.216041911320102,0.0,,,0.10205776687511217,11.460419468423803,-18.920838936847606,-17.829929845938516,True,sigma_color_stat_mag,True,False
constant,14,2,0.567460681637547,-3.250573822007369,0.0,,,0.08063535957450192,14.423230283433647,-24.846460566867293,-23.755551475958203,True,sigma_color_stat_mag,True,False
constant,14,2,0.567460681637547,-3.2155967101862006,0.0,,,0.06262163319602015,17.42544702492646,-30.85089404985292,-29.75998495894383,True,sigma_color_stat_mag,True,False
constant,14,2,0.567460681637547,-3.252087378870157,0.0,,,0.054988503954283285,18.725017545498467,-33.450035090996934,-32.35912600008784,True,sigma_color_stat_mag,True,False
constant,14,2,0.567460681637547,-3.235912489112596,0.0,,,0.08775253976192322,13.34421477017586,-22.68842954035172,-21.59752044944263,True,sigma_color_stat_mag,True,False
constant,14,2,0.567460681637547,-3.2156441697834097,0.0,,,0.08252753205351833,14.122271708037287,-24.244543416074574,-23.153634325165484,True,sigma_color_stat_mag,True,False
constant,14,2,0.567460681637547,-3.2047637053226126,0.0,,,0.0717493286166883,15.636903197317192,-27.273806394634384,-26.182897303725294,True,sigma_color_stat_mag,True,False
constant,14,2,0.567460681637547,-3.2049156694829795,0.0,,,0.08136764995894882,14.241227570534937,-24.482455141069874,-23.391546050160784,True,sigma_color_stat_mag,True,False
constant,14,2,0.567460681637547,-3.203326707434118,0.0,,,0.09514599891480119,12.346290596224218,-20.692581192448436,-19.601672101539346,True,sigma_color_stat_mag,True,False
constant,14,2,0.567460681637547,-3.260405634309951,0.0,,,0.040605140978799664,21.71222164144595,-39.4244432828919,-38.33353419198281,True,sigma_color_stat_mag,True,False
constant,14,2,0.567460681637547,-3.21108353314147,0.0,,,0.07392201080320844,15.365892527036383,-26.731785054072766,-25.640875963163676,True,sigma_color_stat_mag,True,False
constant,14,2,0.567460681637547,-3.2083916008786186,0.0,,,0.05805095697993321,18.35768134968833,-32.71536269937666,-31.624453608467572,True,sigma_color_stat_mag,True,False
constant,14,2,0.567460681637547,-3.1859799236380324,0.0,,,0.06465760024245154,17.055171196027807,-30.110342392055614,-29.019433301146524,True,sigma_color_stat_mag,True,False
constant,14,2,0.567460681637547,-3.240862338677871,0.0,,,0.07520799462122135,15.217264088849149,-26.434528177698297,-25.343619086789207,True,sigma_color_stat_mag,True,False
constant,14,2,0.567460681637547,-3.199409753755667,0.0,,,0.09613382989929783,12.205476338655386,-20.41095267731077,-19.32004358640168,True,sigma_color_stat_mag,True,False
constant,14,2,0.567460681637547,-3.1566767779236447,0.0,,,0.06862120880571387,16.282487371274538,-28.564974742549076,-27.474065651639986,True,sigma_color_stat_mag,True,False
constant,14,2,0.567460681637547,-3.2332364624588044,0.0,,,0.07511495848100294,15.329950101872383,-26.659900203744765,-25.568991112835675,True,sigma_color_stat_mag,True,False
constant,14,2,0.567460681637547,-3.2238039655591018,0.0,,,0.09024773910703873,13.023941282882484,-22.04788256576497,-20.95697347485588,True,sigma_color_stat_mag,True,False
constant,14,2,0.567460681637547,-3.1987391330925172,0.0,,,0.06876799819449829,16.27696696768798,-28.55393393537596,-27.46302484446687,True,sigma_color_stat_mag,True,False
constant,14,2,0.567460681637547,-3.204991286024661,0.0,,,0.08749118114458379,13.449943459879037,-22.899886919758075,-21.808977828848985,True,sigma_color_stat_mag,True,False
constant,14,2,0.567460681637547,-3.234953974271095,0.0,,,0.08861138183690863,13.264350518347628,-22.528701036695256,-21.437791945786167,True,sigma_color_stat_mag,True,False
constant,14,2,0.567460681637547,-3.234043929410542,0.0,,,0.08705611298782845,13.431007204485706,-22.86201440897141,-21.77110531806232,True,sigma_color_stat_mag,True,False
constant,14,2,0.567460681637547,-3.1997550968972504,0.0,,,0.08789590348940056,13.332932577666023,-22.665865155332046,-21.574956064422956,True,sigma_color_stat_mag,True,False
constant,14,2,0.567460681637547,-3.217750378074071,0.0,,,0.08266723236356575,14.125566207768975,-24.25113241553795,-23.16022332462886,True,sigma_color_stat_mag,True,False
constant,14,2,0.567460681637547,-3.195014301969087,0.0,,,0.08263684421358954,14.18016479561378,-24.36032959122756,-23.26942050031847,True,sigma_color_stat_mag,True,False
constant,14,2,0.567460681637547,-3.212143122974709,0.0,,,0.06365016123628493,17.184210785467833,-30.368421570935666,-29.277512480026576,True,sigma_color_stat_mag,True,False
constant,14,2,0.567460681637547,-3.229305222142716,0.0,,,0.08689701359072793,13.496211385937091,-22.992422771874182,-21.901513680965092,True,sigma_color_stat_mag,True,False
constant,14,2,0.567460681637547,-3.1984935889905124,0.0,,,0.06030932976346192,17.897981525306538,-31.795963050613075,-30.705053959703985,True,sigma_color_stat_mag,True,False
constant,14,2,0.567460681637547,-3.2059375019242378,0.0,,,0.09116765070297728,12.878262370716559,-21.756524741433118,-20.66561565052403,True,sigma_color_stat_mag,True,False
constant,14,2,0.567460681637547,-3.227440470422329,0.0,,,0.0724254612406426,15.715151202453244,-27.430302404906488,-26.339393313997398,True,sigma_color_stat_mag,True,False
constant,14,2,0.567460681637547,-3.1790032715357506,0.0,,,0.08281487020552471,13.974287284033675,-23.94857456806735,-22.85766547715826,True,sigma_color_stat_mag,True,False
constant,14,2,0.567460681637547,-3.1798353055062742,0.0,,,0.09593999111782422,12.181819098517552,-20.363638197035105,-19.272729106126015,True,sigma_color_stat_mag,True,False
constant,14,2,0.567460681637547,-3.1682335757279563,0.0,,,0.051172912091153516,19.52235104713978,-35.04470209427956,-33.953793003370464,True,sigma_color_stat_mag,True,False
constant,14,2,0.567460681637547,-3.216956654124185,0.0,,,0.08082356592572755,14.389569327217533,-24.779138654435066,-23.688229563525976,True,sigma_color_stat_mag,True,False
constant,14,2,0.567460681637547,-3.189591489967702,0.0,,,0.09307599892832434,12.591805131744955,-21.18361026348991,-20.09270117258082,True,sigma_color_stat_mag,True,False
constant,14,2,0.567460681637547,-3.2239904042548853,0.0,,,0.03321251217050476,23.21898376400059,-42.43796752800118,-41.34705843709209,True,sigma_color_stat_mag,True,False
constant,14,2,0.567460681637547,-3.200467443849601,0.0,,,0.07385938838116625,15.49501894442856,-26.99003788885712,-25.89912879794803,True,sigma_color_stat_mag,True,False
constant,14,2,0.567460681637547,-3.182540994939652,0.0,,,0.08348673994055819,13.918172911150286,-23.836345822300572,-22.745436731391482,True,sigma_color_stat_mag,True,False
constant,14,2,0.567460681637547,-3.248585248460886,0.0,,,0.05862281397474011,18.198844892339597,-32.397689784679194,-31.306780693770104,True,sigma_color_stat_mag,True,False
constant,14,2,0.567460681637547,-3.2309695345375733,0.0,,,0.07224701506213416,15.665993741387352,-27.331987482774704,-26.241078391865614,True,sigma_color_stat_mag,True,False
constant,14,2,0.567460681637547,-3.2389796251694505,0.0,,,0.07670394824438584,15.052523755501806,-26.10504751100361,-25.014138420094522,True,sigma_color_stat_mag,True,False
constant,14,2,0.567460681637547,-3.228287836384623,0.0,,,0.05942351654504018,17.93451263927303,-31.86902527854606,-30.77811618763697,True,sigma_color_stat_mag,True,False
constant,14,2,0.567460681637547,-3.262956196770085,0.0,,,0.07157428956022686,15.789950838061706,-27.579901676123413,-26.488992585214323,True,sigma_color_stat_mag,True,False
constant,14,2,0.567460681637547,-3.2227396888276414,0.0,,,0.0744784009059894,15.42150061582074,-26.84300123164148,-25.75209214073239,True,sigma_color_stat_mag,True,False
constant,14,2,0.567460681637547,-3.21175145258271,0.0,,,0.06541581436173023,16.909713424400557,-29.819426848801115,-28.728517757892025,True,sigma_color_stat_mag,True,False
constant,14,2,0.567460681637547,-3.246094565526607,0.0,,,0.0724330182323164,15.78274136011914,-27.56548272023828,-26.47457362932919,True,sigma_color_stat_mag,True,False
constant,14,2,0.567460681637547,-3.1889305158197074,0.0,,,0.07555739132036775,15.180404987227028,-26.360809974454057,-25.269900883544967,True,sigma_color_stat_mag,True,False
constant,14,2,0.567460681637547,-3.1740284098319425,0.0,,,0.04434195138105951,20.643929553089375,-37.28785910617875,-36.19695001526966,True,sigma_color_stat_mag,True,False
constant,14,2,0.567460681637547,-3.213882413870989,0.0,,,0.07495310362859382,15.340215771226204,-26.680431542452407,-25.589522451543317,True,sigma_color_stat_mag,True,False
constant,14,2,0.567460681637547,-3.192916127862954,0.0,,,0.0807550540263607,14.397398265737582,-24.794796531475164,-23.703887440566074,True,sigma_color_stat_mag,True,False
constant,14,2,0.567460681637547,-3.2411597649608606,0.0,,,0.06288581616130258,17.301452811345623,-30.602905622691246,-29.511996531782156,True,sigma_color_stat_mag,True,False
constant,14,2,0.567460681637547,-3.169507370642821,0.0,,,0.07794258180955602,14.694916940221558,-25.389833880443117,-24.298924789534027,True,sigma_color_stat_mag,True,False
constant,14,2,0.567460681637547,-3.1830528248858014,0.0,,,0.07546660884865948,15.259945161620184,-26.519890323240368,-25.428981232331278,True,sigma_color_stat_mag,True,False
constant,14,2,0.567460681637547,-3.1982833537201953,0.0,,,0.06239497164153696,17.533825033839662,-31.067650067679324,-29.976740976770234,True,sigma_color_stat_mag,True,False
constant,14,2,0.567460681637547,-3.2207190168877053,0.0,,,0.06391983305462821,17.2420877685754,-30.484175537150797,-29.393266446241707,True,sigma_color_stat_mag,True,False
constant,14,2,0.567460681637547,-3.210296423603241,0.0,,,0.07096678115739119,15.8723643165091,-27.7447286330182,-26.65381954210911,True,sigma_color_stat_mag,True,False
constant,14,2,0.567460681637547,-3.1902967812661425,0.0,,,0.08321425341575858,13.945709930321646,-23.891419860643293,-22.800510769734203,True,sigma_color_stat_mag,True,False
constant,14,2,0.567460681637547,-3.1711622576786453,0.0,,,0.057535570878486715,17.961758225516725,-31.92351645103345,-30.83260736012436,True,sigma_color_stat_mag,True,False
constant,14,2,0.567460681637547,-3.171084491078019,0.0,,,0.07303429292328861,15.538893966918618,-27.077787933837236,-25.986878842928146,True,sigma_color_stat_mag,True,False
constant,14,2,0.567460681637547,-3.2125471718812593,0.0,,,0.042695168785582376,21.415596806735348,-38.831193613470695,-37.7402845225616,True,sigma_color_stat_mag,True,False
constant,14,2,0.567460681637547,-3.2241313181687326,0.0,,,0.08360665080064297,13.962358424254159,-23.924716848508318,-22.833807757599228,True,sigma_color_stat_mag,True,False
constant,14,2,0.567460681637547,-3.214094500979525,0.0,,,0.05891797899628789,17.95405341698003,-31.908106833960062,-30.817197743050972,True,sigma_color_stat_mag,True,False
constant,14,2,0.567460681637547,-3.132890376610947,0.0,,,0.055034250203725675,18.151146400846407,-32.302292801692815,-31.211383710783725,True,sigma_color_stat_mag,True,False
constant,14,2,0.567460681637547,-3.1751405673091275,0.0,,,0.07157301508026262,15.792405740913798,-27.584811481827597,-26.493902390918507,True,sigma_color_stat_mag,True,False
constant,14,2,0.567460681637547,-3.212506317724862,0.0,,,0.08128894735072552,14.313921888582163,-24.627843777164326,-23.536934686255236,True,sigma_color_stat_mag,True,False
constant,14,2,0.567460681637547,-3.2201709161811314,0.0,,,0.06801433272611149,16.40041450154429,-28.80082900308858,-27.70991991217949,True,sigma_color_stat_mag,True,False
constant,14,2,0.567460681637547,-3.201802921729465,0.0,,,0.06138295564118718,17.373658258731,-30.747316517461996,-29.656407426552907,True,sigma_color_stat_mag,True,False
constant,14,2,0.567460681637547,-3.204649698017083,0.0,,,0.07171377004985946,15.78267077055711,-27.56534154111422,-26.47443245020513,True,sigma_color_stat_mag,True,False
constant,14,2,0.567460681637547,-3.2239069450590128,0.0,,,0.07995597870108574,14.557238228316766,-25.114476456633533,-24.023567365724443,True,sigma_color_stat_mag,True,False
constant,14,2,0.567460681637547,-3.194265053246851,0.0,,,0.07310327965953259,15.712486757616391,-27.424973515232782,-26.334064424323692,True,sigma_color_stat_mag,True,False
constant,14,2,0.567460681637547,-3.1776098635291046,0.0,,,0.08588785185987116,13.576951317689248,-23.153902635378497,-22.062993544469407,True,sigma_color_stat_mag,True,False
constant,14,2,0.567460681637547,-3.1692858209293773,0.0,,,0.10213929355055376,11.424682266261186,-18.849364532522372,-17.758455441613282,True,sigma_color_stat_mag,True,False
constant,14,2,0.567460681637547,-3.205391151722971,0.0,,,0.07447006076837855,15.331840774769802,-26.663681549539604,-25.572772458630514,True,sigma_color_stat_mag,True,False
constant,14,2,0.567460681637547,-3.203269135040971,0.0,,,0.08193641246811396,14.254379930116476,-24.508759860232953,-23.417850769323863,True,sigma_color_stat_mag,True,False
constant,14,2,0.567460681637547,-3.2165192422757203,0.0,,,0.07102497526173045,15.835699103694663,-27.671398207389327,-26.580489116480237,True,sigma_color_stat_mag,True,False
constant,14,2,0.567460681637547,-3.2287419616785042,0.0,,,0.07240803113623749,15.629254841350525,-27.25850968270105,-26.16760059179196,True,sigma_color_stat_mag,True,False
constant,14,2,0.567460681637547,-3.232257030069297,0.0,,,0.06928637635231001,16.208642688299843,-28.417285376599686,-27.326376285690596,True,sigma_color_stat_mag,True,False
constant,14,2,0.567460681637547,-3.2289337598976346,0.0,,,0.08097187051633299,14.39548766233822,-24.79097532467644,-23.70006623376735,True,sigma_color_stat_mag,True,False
constant,14,2,0.567460681637547,-3.1987885404029,0.0,,,0.05422783265580372,18.84963100744549,-33.69926201489098,-32.60835292398188,True,sigma_color_stat_mag,True,False
constant,14,2,0.567460681637547,-3.1886180926386074,0.0,,,0.08051648805740928,14.330823547647249,-24.661647095294498,-23.570738004385408,True,sigma_color_stat_mag,True,False
constant,14,2,0.567460681637547,-3.24276323946134,0.0,,,0.07469175636276547,15.277211641297413,-26.554423282594826,-25.463514191685736,True,sigma_color_stat_mag,True,False
constant,14,2,0.567460681637547,-3.237588076202427,0.0,,,0.0773648655395397,14.962168965542364,-25.92433793108473,-24.83342884017564,True,sigma_color_stat_mag,True,False
constant,14,2,0.567460681637547,-3.199941526399784,0.0,,,0.07805626699731598,14.830097292079547,-25.660194584159093,-24.569285493250003,True,sigma_color_stat_mag,True,False
constant,14,2,0.567460681637547,-3.243568218712986,0.0,,,0.06522638289705038,16.88236387412854,-29.76472774825708,-28.67381865734799,True,sigma_color_stat_mag,True,False
constant,14,2,0.567460681637547,-3.189076630819965,0.0,,,0.08621170707717847,13.556328580213858,-23.112657160427716,-22.021748069518626,True,sigma_color_stat_mag,True,False
constant,14,2,0.567460681637547,-3.209867118759848,0.0,,,0.07416566995682669,15.40867140000537,-26.81734280001074,-25.72643370910165,True,sigma_color_stat_mag,True,False
constant,14,2,0.567460681637547,-3.2127043396839654,0.0,,,0.1002332658868475,11.681918775253486,-19.36383755050697,-18.272928459597882,True,sigma_color_stat_mag,True,False
constant,14,2,0.567460681637547,-3.1744179041419307,0.0,,,0.0393714337711392,21.865764512822174,-39.73152902564435,-38.640619934735255,True,sigma_color_stat_mag,True,False
constant,14,2,0.567460681637547,-3.219251188139013,0.0,,,0.08587298387850262,13.63696414688806,-23.27392829377612,-22.18301920286703,True,sigma_color_stat_mag,True,False
constant,14,2,0.567460681637547,-3.1667710896589387,0.0,,,0.05758074140170046,18.253644786495098,-32.507289572990196,-31.416380482081106,True,sigma_color_stat_mag,True,False
constant,14,2,0.567460681637547,-3.1699289771629777,0.0,,,0.05347301722338439,18.677519901621476,-33.35503980324295,-32.26413071233386,True,sigma_color_stat_mag,True,False
constant,14,2,0.567460681637547,-3.2109272475346424,0.0,,,0.075068639745209,15.25044678339185,-26.5008935667837,-25.40998447587461,True,sigma_color_stat_mag,True,False
constant,14,2,0.567460681637547,-3.1992414074958564,0.0,,,0.06859945817540877,16.277310262018286,-28.554620524036572,-27.463711433127482,True,sigma_color_stat_mag,True,False
constant,14,2,0.567460681637547,-3.1945954777216197,0.0,,,0.09245626866449257,12.685166521953702,-21.370333043907404,-20.279423952998314,True,sigma_color_stat_mag,True,False
constant,14,2,0.567460681637547,-3.188812613785407,0.0,,,0.06740393631651315,16.67608381372596,-29.35216762745192,-28.26125853654283,True,sigma_color_stat_mag,True,False
constant,14,2,0.567460681637547,-3.19969921871288,0.0,,,0.06035661164680105,17.818283026698815,-31.63656605339763,-30.54565696248854,True,sigma_color_stat_mag,True,False
constant,14,2,0.567460681637547,-3.2019295014255165,0.0,,,0.05752404445563615,18.37339859806414,-32.74679719612828,-31.655888105219187,True,sigma_color_stat_mag,True,False
constant,14,2,0.567460681637547,-3.1831568389837517,0.0,,,0.09163792722639223,12.862890254967928,-21.725780509935856,-20.634871419026766,True,sigma_color_stat_mag,True,False
constant,14,2,0.567460681637547,-3.221999342455228,0.0,,,0.043496846893502576,21.308426545912234,-38.61685309182447,-37.52594400091537,True,sigma_color_stat_mag,True,False
constant,14,2,0.567460681637547,-3.2238055950661173,0.0,,,0.097527763110697,12.029017756395238,-20.058035512790475,-18.967126421881385,True,sigma_color_stat_mag,True,False
constant,14,2,0.567460681637547,-3.215537312671544,0.0,,,0.06666932390433175,16.608987673416177,-29.217975346832354,-28.127066255923264,True,sigma_color_stat_mag,True,False
constant,14,2,0.567460681637547,-3.2277301711828827,0.0,,,0.0899898134349446,13.058927306273693,-22.117854612547386,-21.026945521638297,True,sigma_color_stat_mag,True,False
constant,14,2,0.567460681637547,-3.2262368615053614,0.0,,,0.08001401222531894,14.536709203194512,-25.073418406389024,-23.982509315479934,True,sigma_color_stat_mag,True,False
constant,14,2,0.567460681637547,-3.2015147566717106,0.0,,,0.07508674379951177,15.229844078784138,-26.459688157568277,-25.368779066659187,True,sigma_color_stat_mag,True,False
constant,14,2,0.567460681637547,-3.2579874706174103,0.0,,,0.04488656428526656,20.91336491637845,-37.8267298327569,-36.7358207418478,True,sigma_color_stat_mag,True,False
constant,14,2,0.567460681637547,-3.2463013011255093,0.0,,,0.06990872732760901,16.19397867791663,-28.387957355833258,-27.297048264924168,True,sigma_color_stat_mag,True,False
constant,14,2,0.567460681637547,-3.2241245273083714,0.0,,,0.0655487086822714,16.83477535839191,-29.669550716783817,-28.578641625874727,True,sigma_color_stat_mag,True,False
constant,14,2,0.567460681637547,-3.1904859758617032,0.0,,,0.0907333980665429,12.974035128465383,-21.948070256930766,-20.857161166021676,True,sigma_color_stat_mag,True,False
constant,14,2,0.567460681637547,-3.235814236501672,0.0,,,0.08568092919566656,13.69373789154941,-23.38747578309882,-22.29656669218973,True,sigma_color_stat_mag,True,False
constant,14,2,0.567460681637547,-3.191328648563198,0.0,,,0.09999128300392357,11.726711988268248,-19.453423976536495,-18.362514885627405,True,sigma_color_stat_mag,True,False
constant,14,2,0.567460681637547,-3.207663780908715,0.0,,,0.07987936854005764,14.502911715652013,-25.005823431304027,-23.914914340394937,True,sigma_color_stat_mag,True,False
constant,14,2,0.567460681637547,-3.2242963046031057,0.0,,,0.09680169495269485,12.12434023951518,-20.24868047903036,-19.15777138812127,True,sigma_color_stat_mag,True,False
constant,14,2,0.567460681637547,-3.224728147420653,0.0,,,0.06985671347218265,16.132414387179445,-28.26482877435889,-27.1739196834498,True,sigma_color_stat_mag,True,False
constant,14,2,0.567460681637547,-3.252036568378195,0.0,,,0.05970491536767559,17.826214337603588,-31.652428675207176,-30.561519584298086,True,sigma_color_stat_mag,True,False
constant,14,2,0.567460681637547,-3.1914615815875553,0.0,,,0.0763393911546523,15.072284387810702,-26.144568775621405,-25.053659684712315,True,sigma_color_stat_mag,True,False
constant,14,2,0.567460681637547,-3.184882211796416,0.0,,,0.09106584373468364,12.954867645759805,-21.90973529151961,-20.81882620061052,True,sigma_color_stat_mag,True,False
constant,14,2,0.567460681637547,-3.2083588975565958,0.0,,,0.0824561945706102,14.163733839931318,-24.327467679862636,-23.236558588953546,True,sigma_color_stat_mag,True,False
constant,14,2,0.567460681637547,-3.2040665869449048,0.0,,,0.08447626975190367,13.869684356401567,-23.739368712803135,-22.648459621894045,True,sigma_color_stat_mag,True,False
constant,14,2,0.567460681637547,-3.2218937264404284,0.0,,,0.07311516948534554,15.578881239711075,-27.15776247942215,-26.06685338851306,True,sigma_color_stat_mag,True,False
constant,14,2,0.567460681637547,-3.2099798159202244,0.0,,,0.061294524487001935,17.470500894685504,-30.941001789371008,-29.850092698461918,True,sigma_color_stat_mag,True,False
constant,14,2,0.567460681637547,-3.181901407226353,0.0,,,0.056717783645354305,18.384682284466315,-32.76936456893263,-31.67845547802354,True,sigma_color_stat_mag,True,False
constant,14,2,0.567460681637547,-3.2002246508736736,0.0,,,0.08483469535718215,13.711800147042299,-23.423600294084597,-22.332691203175507,True,sigma_color_stat_mag,True,False
constant,14,2,0.567460681637547,-3.206003823330248,0.0,,,0.08480812449813747,13.728342359091338,-23.456684718182675,-22.365775627273585,True,sigma_color_stat_mag,True,False
constant,14,2,0.567460681637547,-3.1807871074296177,0.0,,,0.08199347088558882,14.192343246757025,-24.38468649351405,-23.29377740260496,True,sigma_color_stat_mag,True,False
constant,14,2,0.567460681637547,-3.216911277019185,0.0,,,0.09189833111914095,12.759505086464145,-21.51901017292829,-20.4281010820192,True,sigma_color_stat_mag,True,False
constant,14,2,0.567460681637547,-3.2011980608665556,0.0,,,0.07211502898706348,15.867866320899267,-27.735732641798535,-26.644823550889445,True,sigma_color_stat_mag,True,False
constant,14,2,0.567460681637547,-3.230730999795594,0.0,,,0.08593431500856434,13.58481465658622,-23.16962931317244,-22.07872022226335,True,sigma_color_stat_mag,True,False
constant,14,2,0.567460681637547,-3.211047956059013,0.0,,,0.06983542855942144,16.22584655221173,-28.451693104423462,-27.360784013514373,True,sigma_color_stat_mag,True,False
constant,14,2,0.567460681637547,-3.2199733929959793,0.0,,,0.07527774508878798,15.183868027039786,-26.36773605407957,-25.276826963170482,True,sigma_color_stat_mag,True,False
constant,14,2,0.567460681637547,-3.1859608159248163,0.0,,,0.0913317761626507,12.864082339191551,-21.728164678383102,-20.637255587474012,True,sigma_color_stat_mag,True,False
constant,14,2,0.567460681637547,-3.243034267706056,0.0,,,0.08207893732328038,14.17810502542212,-24.35621005084424,-23.26530095993515,True,sigma_color_stat_mag,True,False
constant,14,2,0.567460681637547,-3.186588189013152,0.0,,,0.0832798265945571,14.026545552171092,-24.053091104342183,-22.962182013433093,True,sigma_color_stat_mag,True,False
constant,14,2,0.567460681637547,-3.2284068657399145,0.0,,,0.08301615637137243,14.061456614105374,-24.12291322821075,-23.03200413730166,True,sigma_color_stat_mag,True,False
constant,14,2,0.567460681637547,-3.1900908369664993,0.0,,,0.07606404138067718,15.023392587235783,-26.046785174471566,-24.955876083562476,True,sigma_color_stat_mag,True,False
constant,14,2,0.567460681637547,-3.201072722442598,0.0,,,0.09028867678840219,13.040314981843625,-22.08062996368725,-20.98972087277816,True,sigma_color_stat_mag,True,False
constant,14,2,0.567460681637547,-3.1969306203619445,0.0,,,0.08683356447302212,13.514990941346424,-23.029981882692848,-21.939072791783758,True,sigma_color_stat_mag,True,False
constant,14,2,0.567460681637547,-3.1979943001038533,0.0,,,0.08619849910552797,13.639231084453256,-23.27846216890651,-22.18755307799742,True,sigma_color_stat_mag,True,False
constant,14,2,0.567460681637547,-3.226749224824787,0.0,,,0.09934863459135798,11.818726882143022,-19.637453764286043,-18.546544673376953,True,sigma_color_stat_mag,True,False
constant,14,2,0.567460681637547,-3.203557630204099,0.0,,,0.08682336808136767,13.533256982410888,-23.066513964821777,-21.975604873912687,True,sigma_color_stat_mag,True,False
constant,14,2,0.567460681637547,-3.20085833422816,0.0,,,0.0758598090858856,15.130965405652109,-26.261930811304218,-25.171021720395128,True,sigma_color_stat_mag,True,False
constant,14,2,0.567460681637547,-3.221730034322944,0.0,,,0.09490532061454066,12.40136743655482,-20.80273487310964,-19.71182578220055,True,sigma_color_stat_mag,True,False
constant,14,2,0.567460681637547,-3.2144413956917783,0.0,,,0.0657014014679184,16.9008011629222,-29.8016023258444,-28.71069323493531,True,sigma_color_stat_mag,True,False
constant,14,2,0.567460681637547,-3.22790812856565,0.0,,,0.07719523597672441,14.972881719531989,-25.945763439063978,-24.854854348154888,True,sigma_color_stat_mag,True,False
constant,14,2,0.567460681637547,-3.2374158089229215,0.0,,,0.07330594293968944,15.537100195188655,-27.07420039037731,-25.98329129946822,True,sigma_color_stat_mag,True,False
constant,14,2,0.567460681637547,-3.2321442584192885,0.0,,,0.08563671033509573,13.633596481234022,-23.267192962468044,-22.176283871558955,True,sigma_color_stat_mag,True,False
constant,14,2,0.567460681637547,-3.2475883868628563,0.0,,,0.07439599540269172,15.394127695126219,-26.788255390252438,-25.697346299343348,True,sigma_color_stat_mag,True,False
constant,14,2,0.567460681637547,-3.173934360893901,0.0,,,0.08074979127916276,14.357152821796182,-24.714305643592365,-23.623396552683275,True,sigma_color_stat_mag,True,False
constant,14,2,0.567460681637547,-3.189954266928066,0.0,,,0.06604816167054194,16.658993171729158,-29.317986343458315,-28.227077252549226,True,sigma_color_stat_mag,True,False
constant,14,2,0.567460681637547,-3.185504352559807,0.0,,,0.07730220505504697,14.964511491963314,-25.92902298392663,-24.83811389301754,True,sigma_color_stat_mag,True,False
constant,14,2,0.567460681637547,-3.209966686929134,0.0,,,0.08611693972113625,13.616264811005987,-23.232529622011974,-22.141620531102884,True,sigma_color_stat_mag,True,False
constant,14,2,0.567460681637547,-3.2353513115257995,0.0,,,0.05566985142114918,18.734472314802687,-33.468944629605375,-32.37803553869628,True,sigma_color_stat_mag,True,False
constant,14,2,0.567460681637547,-3.2158797379061395,0.0,,,0.07838110714865999,14.804032844537403,-25.608065689074806,-24.517156598165716,True,sigma_color_stat_mag,True,False
constant,14,2,0.567460681637547,-3.2275936134922363,0.0,,,0.06163347811075856,17.41280220575263,-30.82560441150526,-29.73469532059617,True,sigma_color_stat_mag,True,False
constant,14,2,0.567460681637547,-3.195893502987035,0.0,,,0.08978201207677725,13.073975170534245,-22.14795034106849,-21.0570412501594,True,sigma_color_stat_mag,True,False
constant,14,2,0.567460681637547,-3.2043120970358543,0.0,,,0.07408128692083946,15.318768532924338,-26.637537065848676,-25.546627974939586,True,sigma_color_stat_mag,True,False
constant,14,2,0.567460681637547,-3.2158644371925003,0.0,,,0.06506990864510295,16.850862251394886,-29.701724502789773,-28.610815411880683,True,sigma_color_stat_mag,True,False
constant,14,2,0.567460681637547,-3.237766993215139,0.0,,,0.06457118965538165,17.042142784968664,-30.08428556993733,-28.99337647902824,True,sigma_color_stat_mag,True,False
constant,14,2,0.567460681637547,-3.199423432622875,0.0,,,0.04910307989249705,20.12106351561127,-36.24212703122254,-35.151217940313444,True,sigma_color_stat_mag,True,False
constant,14,2,0.567460681637547,-3.2405426840990432,0.0,,,0.0719797383324705,15.743798976505122,-27.487597953010244,-26.396688862101154,True,sigma_color_stat_mag,True,False
constant,14,2,0.567460681637547,-3.2163010013981768,0.0,,,0.0876687214193363,13.384027742756118,-22.768055485512235,-21.677146394603145,True,sigma_color_stat_mag,True,False
constant,14,2,0.567460681637547,-3.196512427575426,0.0,,,0.07167740050591621,15.783999818357135,-27.56799963671427,-26.47709054580518,True,sigma_color_stat_mag,True,False
constant,14,2,0.567460681637547,-3.2149843201069697,0.0,,,0.07679495969247438,14.978735063712676,-25.957470127425353,-24.866561036516263,True,sigma_color_stat_mag,True,False
constant,14,2,0.567460681637547,-3.2235113271165496,0.0,,,0.08092720614121142,14.40404910003147,-24.80809820006294,-23.71718910915385,True,sigma_color_stat_mag,True,False
constant,14,2,0.567460681637547,-3.213718224572396,0.0,,,0.06970470778212444,16.012900253118953,-28.025800506237907,-26.934891415328817,True,sigma_color_stat_mag,True,False
constant,14,2,0.567460681637547,-3.172788106270564,0.0,,,0.09623674975989255,12.198682583646619,-20.397365167293238,-19.306456076384148,True,sigma_color_stat_mag,True,False
constant,14,2,0.567460681637547,-3.2262603920018007,0.0,,,0.06776300503017162,16.514740127379834,-29.02948025475967,-27.93857116385058,True,sigma_color_stat_mag,True,False
constant,14,2,0.567460681637547,-3.2159367628272655,0.0,,,0.08561162517353461,13.679851179518042,-23.359702359036085,-22.268793268126995,True,sigma_color_stat_mag,True,False
constant,14,2,0.567460681637547,-3.198828048570403,0.0,,,0.09886626816144128,11.827653129598536,-19.655306259197072,-18.564397168287982,True,sigma_color_stat_mag,True,False
constant,14,2,0.567460681637547,-3.240544354918374,0.0,,,0.0639866449850046,17.105789633584987,-30.211579267169974,-29.120670176260884,True,sigma_color_stat_mag,True,False
constant,14,2,0.567460681637547,-3.23285765759079,0.0,,,0.05062666260386558,19.47335369893421,-34.94670739786842,-33.85579830695933,True,sigma_color_stat_mag,True,False
constant,14,2,0.567460681637547,-3.1794905237725986,0.0,,,0.08030563993068068,14.325797240045024,-24.651594480090047,-23.560685389180957,True,sigma_color_stat_mag,True,False
constant,14,2,0.567460681637547,-3.1501998830950906,0.0,,,0.06733720571760883,16.332648861623543,-28.665297723247086,-27.574388632337996,True,sigma_color_stat_mag,True,False
constant,14,2,0.567460681637547,-3.1946168836114857,0.0,,,0.07923215229742177,14.606344955374068,-25.212689910748136,-24.121780819839046,True,sigma_color_stat_mag,True,False
constant,14,2,0.567460681637547,-3.2428033458924572,0.0,,,0.08056061394954642,14.375897969968575,-24.75179593993715,-23.66088684902806,True,sigma_color_stat_mag,True,False
constant,14,2,0.567460681637547,-3.199655969682399,0.0,,,0.07627104770022583,15.153005660514085,-26.30601132102817,-25.21510223011908,True,sigma_color_stat_mag,True,False
constant,14,2,0.567460681637547,-3.212865307110335,0.0,,,0.09205376764879268,12.759340235586924,-21.518680471173848,-20.42777138026476,True,sigma_color_stat_mag,True,False
constant,14,2,0.567460681637547,-3.2128563127481176,0.0,,,0.0716950705793675,15.8325899243614,-27.6651798487228,-26.57427075781371,True,sigma_color_stat_mag,True,False
constant,14,2,0.567460681637547,-3.2209871869927,0.0,,,0.08256162075969141,14.102404547985381,-24.204809095970763,-23.113900005061673,True,sigma_color_stat_mag,True,False
constant,14,2,0.567460681637547,-3.2442339801631594,0.0,,,0.06046075332405975,17.794327675072278,-31.588655350144556,-30.497746259235466,True,sigma_color_stat_mag,True,False
constant,14,2,0.567460681637547,-3.2080152897698615,0.0,,,0.08170381788009008,14.265978680756712,-24.531957361513424,-23.441048270604334,True,sigma_color_stat_mag,True,False
constant,14,2,0.567460681637547,-3.2279985332021517,0.0,,,0.07977368650092223,14.59279947926425,-25.1855989585285,-24.09468986761941,True,sigma_color_stat_mag,True,False
constant,14,2,0.567460681637547,-3.1961536727632813,0.0,,,0.09165247890284539,12.836281977800809,-21.672563955601618,-20.581654864692528,True,sigma_color_stat_mag,True,False
constant,14,2,0.567460681637547,-3.222482151203233,0.0,,,0.07737008334910969,14.921293144966807,-25.842586289933614,-24.751677199024524,True,sigma_color_stat_mag,True,False
constant,14,2,0.567460681637547,-3.232195594146099,0.0,,,0.0844862532324748,13.921654924870142,-23.843309849740283,-22.752400758831193,True,sigma_color_stat_mag,True,False
constant,14,2,0.567460681637547,-3.2275216709709627,0.0,,,0.0896428477592916,13.112725438266754,-22.225450876533507,-21.134541785624418,True,sigma_color_stat_mag,True,False
constant,14,2,0.567460681637547,-3.2253284328018017,0.0,,,0.08398899585371973,13.897338781914977,-23.794677563829953,-22.703768472920864,True,sigma_color_stat_mag,True,False
constant,14,2,0.567460681637547,-3.1883654324966013,0.0,,,0.09694791005362635,12.099205660526565,-20.19841132105313,-19.10750223014404,True,sigma_color_stat_mag,True,False
constant,14,2,0.567460681637547,-3.2021723232114327,0.0,,,0.08154456772466985,14.268245147318131,-24.536490294636263,-23.445581203727173,True,sigma_color_stat_mag,True,False
constant,14,2,0.567460681637547,-3.195733653436598,0.0,,,0.0933084194994858,12.613703563112605,-21.22740712622521,-20.13649803531612,True,sigma_color_stat_mag,True,False
constant,14,2,0.567460681637547,-3.2533079203132234,0.0,,,0.07441717824547385,15.467479085188613,-26.934958170377225,-25.844049079468135,True,sigma_color_stat_mag,True,False
constant,14,2,0.567460681637547,-3.1882805610332645,0.0,,,0.05013778931199345,19.626065648002193,-35.252131296004386,-34.16122220509529,True,sigma_color_stat_mag,True,False
constant,14,2,0.567460681637547,-3.215023381671207,0.0,,,0.08159116427976695,14.242046965084825,-24.48409393016965,-23.39318483926056,True,sigma_color_stat_mag,True,False
constant,14,2,0.567460681637547,-3.23005519848236,0.0,,,0.06544243959911042,16.90490491654197,-29.80980983308394,-28.71890074217485,True,sigma_color_stat_mag,True,False
constant,14,2,0.567460681637547,-3.22296656932351,0.0,,,0.07054144944059235,16.03357708252718,-28.06715416505436,-26.97624507414527,True,sigma_color_stat_mag,True,False
constant,14,2,0.567460681637547,-3.2019917516768324,0.0,,,0.07336486139154368,15.491721618757019,-26.983443237514038,-25.892534146604948,True,sigma_color_stat_mag,True,False
constant,14,2,0.567460681637547,-3.1820081334069026,0.0,,,0.08247558202908462,14.177144990252671,-24.354289980505342,-23.263380889596252,True,sigma_color_stat_mag,True,False
constant,14,2,0.567460681637547,-3.226116345278545,0.0,,,0.07854812233029057,14.779534703245893,-25.559069406491787,-24.468160315582697,True,sigma_color_stat_mag,True,False
constant,14,2,0.567460681637547,-3.1978680706739318,0.0,,,0.07148009578941553,15.991134101491769,-27.982268202983537,-26.891359112074447,True,sigma_color_stat_mag,True,False
constant,14,2,0.567460681637547,-3.215194929377226,0.0,,,0.07888587390159472,14.67837303182446,-25.35674606364892,-24.26583697273983,True,sigma_color_stat_mag,True,False
constant,14,2,0.567460681637547,-3.1856787109672657,0.0,,,0.050854712219872374,19.529128769891628,-35.058257539783256,-33.96734844887416,True,sigma_color_stat_mag,True,False
constant,14,2,0.567460681637547,-3.24063980580108,0.0,,,0.07624021321314123,15.09995299952133,-26.19990599904266,-25.10899690813357,True,sigma_color_stat_mag,True,False
constant,14,2,0.567460681637547,-3.1921639076893733,0.0,,,0.04928617401149122,19.714593528866818,-35.429187057733635,-34.33827796682454,True,sigma_color_stat_mag,True,False
constant,14,2,0.567460681637547,-3.212813180109179,0.0,,,0.10121737396300955,11.59911535624365,-19.1982307124873,-18.107321621578212,True,sigma_color_stat_mag,True,False
constant,14,2,0.567460681637547,-3.1940963960597246,0.0,,,0.07226323798156922,15.594787126238803,-27.189574252477605,-26.098665161568515,True,sigma_color_stat_mag,True,False
constant,14,2,0.567460681637547,-3.13986781589209,0.0,,,0.055376058971630435,17.88718645393518,-31.774372907870358,-30.683463816961268,True,sigma_color_stat_mag,True,False
constant,14,2,0.567460681637547,-3.180115260672333,0.0,,,0.08675837527234895,13.455658475329962,-22.911316950659923,-21.820407859750834,True,sigma_color_stat_mag,True,False
constant,14,2,0.567460681637547,-3.2017952800647325,0.0,,,0.0843780547603774,13.882779270811945,-23.76555854162389,-22.6746494507148,True,sigma_color_stat_mag,True,False
constant,14,2,0.567460681637547,-3.176880513886095,0.0,,,0.07648807467510843,14.939517992981978,-25.879035985963956,-24.788126895054866,True,sigma_color_stat_mag,True,False
constant,14,2,0.567460681637547,-3.2365907488335135,0.0,,,0.0859471669110103,13.607198512306393,-23.214397024612786,-22.123487933703696,True,sigma_color_stat_mag,True,False
constant,14,2,0.567460681637547,-3.2123270658035383,0.0,,,0.08900648129891518,13.194350724074113,-22.388701448148225,-21.297792357239135,True,sigma_color_stat_mag,True,False
constant,14,2,0.567460681637547,-3.229446875917995,0.0,,,0.07513527529659661,15.297586611219375,-26.59517322243875,-25.50426413152966,True,sigma_color_stat_mag,True,False
constant,14,2,0.567460681637547,-3.1901696460670164,0.0,,,0.0817671375483005,14.155482357539976,-24.31096471507995,-23.22005562417086,True,sigma_color_stat_mag,True,False
constant,14,2,0.567460681637547,-3.1560039922403234,0.0,,,0.05756559759783562,17.94858456791941,-31.897169135838823,-30.806260044929733,True,sigma_color_stat_mag,True,False
constant,14,2,0.567460681637547,-3.1856014072623213,0.0,,,0.06693167864809929,16.527383705213186,-29.054767410426372,-27.963858319517282,True,sigma_color_stat_mag,True,False
constant,14,2,0.567460681637547,-3.1927099981622744,0.0,,,0.07669174017234405,14.924142367831744,-25.848284735663487,-24.757375644754397,True,sigma_color_stat_mag,True,False
constant,14,2,0.567460681637547,-3.168290305490186,0.0,,,0.08156826173138956,14.365043250665522,-24.730086501331044,-23.639177410421954,True,sigma_color_stat_mag,True,False
constant,14,2,0.567460681637547,-3.2548044213648346,0.0,,,0.07679295850345534,14.986630948307152,-25.973261896614304,-24.882352805705214,True,sigma_color_stat_mag,True,False
constant,14,2,0.567460681637547,-3.1939349545260933,0.0,,,0.08177609456371722,14.1966430929567,-24.3932861859134,-23.30237709500431,True,sigma_color_stat_mag,True,False
constant,14,2,0.567460681637547,-3.1996992187054887,0.0,,,0.060356613108896257,17.818283026698783,-31.636566053397566,-30.545656962488476,True,sigma_color_stat_mag,True,False
constant,14,2,0.567460681637547,-3.2053507373603236,0.0,,,0.0709836819573508,15.880958026138963,-27.761916052277925,-26.671006961368835,True,sigma_color_stat_mag,True,False
constant,14,2,0.567460681637547,-3.2125459457012293,0.0,,,0.06246450209036395,17.423499281899158,-30.846998563798316,-29.756089472889226,True,sigma_color_stat_mag,True,False
constant,14,2,0.567460681637547,-3.1729313994304813,0.0,,,0.06857093753955575,16.46913515567877,-28.93827031135754,-27.84736122044845,True,sigma_color_stat_mag,True,False
constant,14,2,0.567460681637547,-3.1496576919302517,0.0,,,0.079540830321036,14.570148196748388,-25.140296393496776,-24.049387302587686,True,sigma_color_stat_mag,True,False
constant,14,2,0.567460681637547,-3.171636611175411,0.0,,,0.07754322820465831,14.896606510811997,-25.793213021623995,-24.702303930714905,True,sigma_color_stat_mag,True,False
constant,14,2,0.567460681637547,-3.2251819931626264,0.0,,,0.08862419231011234,13.223238082222094,-22.44647616444419,-21.3555670735351,True,sigma_color_stat_mag,True,False
constant,14,2,0.567460681637547,-3.195647895910541,0.0,,,0.08244702395401234,14.19724269696404,-24.39448539392808,-23.30357630301899,True,sigma_color_stat_mag,True,False
constant,14,2,0.567460681637547,-3.179872155554979,0.0,,,0.07057940577777062,15.800167488128864,-27.600334976257727,-26.509425885348637,True,sigma_color_stat_mag,True,False
constant,14,2,0.567460681637547,-3.1899012445734694,0.0,,,0.06756760781313279,16.45443925271647,-28.908878505432938,-27.817969414523848,True,sigma_color_stat_mag,True,False
constant,14,2,0.567460681637547,-3.199584582137248,0.0,,,0.11356503523298947,10.073441841797747,-16.146883683595494,-15.055974592686404,True,sigma_color_stat_mag,True,False
constant,14,2,0.567460681637547,-3.1565305172101237,0.0,,,0.0559061665482673,18.518420660189605,-33.03684132037921,-31.94593222947012,True,sigma_color_stat_mag,True,False
constant,14,2,0.567460681637547,-3.220018432141197,0.0,,,0.08409475439288465,13.942865721960144,-23.88573144392029,-22.7948223530112,True,sigma_color_stat_mag,True,False
constant,14,2,0.567460681637547,-3.216028458585752,0.0,,,0.06635321532691509,16.728672767007275,-29.45734553401455,-28.36643644310546,True,sigma_color_stat_mag,True,False
constant,14,2,0.567460681637547,-3.2221299855229946,0.0,,,0.07820236609791574,14.745663798095583,-25.491327596191166,-24.400418505282076,True,sigma_color_stat_mag,True,False
constant,14,2,0.567460681637547,-3.188080963189408,0.0,,,0.06918984450478295,16.24899784288764,-28.49799568577528,-27.40708659486619,True,sigma_color_stat_mag,True,False
constant,14,2,0.567460681637547,-3.1956151421739425,0.0,,,0.10438771786947651,11.130024558460295,-18.26004911692059,-17.1691400260115,True,sigma_color_stat_mag,True,False
constant,14,2,0.567460681637547,-3.1946993917680095,0.0,,,0.08448148595119923,13.862519547664453,-23.725039095328906,-22.634130004419816,True,sigma_color_stat_mag,True,False
constant,14,2,0.567460681637547,-3.1578144488949738,0.0,,,0.0371035880190592,22.171705782407404,-40.34341156481481,-39.252502473905714,True,sigma_color_stat_mag,True,False
constant,14,2,0.567460681637547,-3.194410636830454,0.0,,,0.07613592410841488,15.047052914846546,-26.094105829693092,-25.003196738784002,True,sigma_color_stat_mag,True,False
constant,14,2,0.567460681637547,-3.2316668891997034,0.0,,,0.061644876981438904,17.62626676689894,-31.25253353379788,-30.16162444288879,True,sigma_color_stat_mag,True,False
constant,14,2,0.567460681637547,-3.216981877323723,0.0,,,0.06434117921019508,17.150872350139267,-30.301744700278533,-29.210835609369443,True,sigma_color_stat_mag,True,False
constant,14,2,0.567460681637547,-3.1936375083651183,0.0,,,0.09669739932432667,12.123980321290125,-20.24796064258025,-19.15705155167116,True,sigma_color_stat_mag,True,False
constant,14,2,0.567460681637547,-3.2212233721524797,0.0,,,0.07981008725961083,14.503213805167004,-25.006427610334008,-23.915518519424918,True,sigma_color_stat_mag,True,False
constant,14,2,0.567460681637547,-3.19274207226497,0.0,,,0.09676639787716955,12.137810604019936,-20.275621208039873,-19.184712117130783,True,sigma_color_stat_mag,True,False
constant,14,2,0.567460681637547,-3.2090279652860945,0.0,,,0.09030986510977455,13.054863084737406,-22.10972616947481,-21.01881707856572,True,sigma_color_stat_mag,True,False
constant,14,2,0.567460681637547,-3.1800640125355,0.0,,,0.07727050549768244,14.957232669033008,-25.914465338066016,-24.823556247156926,True,sigma_color_stat_mag,True,False
constant,14,2,0.567460681637547,-3.2013211474785606,0.0,,,0.0873839480754075,13.381713428285419,-22.763426856570838,-21.67251776566175,True,sigma_color_stat_mag,True,False
constant,14,2,0.567460681637547,-3.2349179349729082,0.0,,,0.08385260646924717,13.912618514847663,-23.825237029695327,-22.734327938786237,True,sigma_color_stat_mag,True,False
constant,14,2,0.567460681637547,-3.2418637556823104,0.0,,,0.07749095384198412,14.900928720711143,-25.801857441422285,-24.710948350513195,True,sigma_color_stat_mag,True,False
constant,14,2,0.567460681637547,-3.183780776303734,0.0,,,0.09279926972356858,12.679837281578976,-21.359674563157952,-20.268765472248862,True,sigma_color_stat_mag,True,False
constant,14,2,0.567460681637547,-3.1816384284164445,0.0,,,0.07325671863192908,15.503800965654074,-27.007601931308148,-25.916692840399058,True,sigma_color_stat_mag,True,False
constant,14,2,0.567460681637547,-3.237190914745406,0.0,,,0.09769329171886841,12.038225099090148,-20.076450198180297,-18.985541107271207,True,sigma_color_stat_mag,True,False
constant,14,2,0.567460681637547,-3.181108002324538,0.0,,,0.053588913813284886,18.866223344958488,-33.732446689916976,-32.64153759900788,True,sigma_color_stat_mag,True,False
constant,14,2,0.567460681637547,-3.226682467340983,0.0,,,0.0673244356725241,16.532606290466905,-29.06521258093381,-27.97430349002472,True,sigma_color_stat_mag,True,False
constant,14,2,0.567460681637547,-3.2334623148457133,0.0,,,0.07852588305766345,14.761711108071804,-25.523422216143608,-24.432513125234518,True,sigma_color_stat_mag,True,False
constant,14,2,0.567460681637547,-3.200675632859672,0.0,,,0.09561616093435696,12.292661123203153,-20.585322246406307,-19.494413155497217,True,sigma_color_stat_mag,True,False
constant,14,2,0.567460681637547,-3.1894589412284398,0.0,,,0.07679152557428286,15.052761511548914,-26.105523023097827,-25.014613932188738,True,sigma_color_stat_mag,True,False
constant,14,2,0.567460681637547,-3.250979069462466,0.0,,,0.07738183921905831,14.91802687937088,-25.83605375874176,-24.74514466783267,True,sigma_color_stat_mag,True,False
constant,14,2,0.567460681637547,-3.190136327763112,0.0,,,0.06505854299748752,16.83666166252976,-29.67332332505952,-28.58241423415043,True,sigma_color_stat_mag,True,False
constant,14,2,0.567460681637547,-3.213604425214893,0.0,,,0.07359944171500309,15.550158035849128,-27.100316071698256,-26.009406980789166,True,sigma_color_stat_mag,True,False
constant,14,2,0.567460681637547,-3.21229529372006,0.0,,,0.05638644948807885,18.497354775727025,-32.99470955145405,-31.90380046054496,True,sigma_color_stat_mag,True,False
constant,14,2,0.567460681637547,-3.1787876944718625,0.0,,,0.06872571951307037,16.123044087053973,-28.246088174107946,-27.155179083198856,True,sigma_color_stat_mag,True,False
constant,14,2,0.567460681637547,-3.2266170208685687,0.0,,,0.0715515753570021,15.843227313171875,-27.68645462634375,-26.59554553543466,True,sigma_color_stat_mag,True,False
constant,14,2,0.567460681637547,-3.2019402783171502,0.0,,,0.07873658143668999,14.666411759627216,-25.332823519254433,-24.241914428345343,True,sigma_color_stat_mag,True,False
constant,14,2,0.567460681637547,-3.227080489928403,0.0,,,0.07301266475721084,15.66771908348546,-27.33543816697092,-26.24452907606183,True,sigma_color_stat_mag,True,False
constant,14,2,0.567460681637547,-3.2287653051451026,0.0,,,0.05839270428470415,18.13411660385445,-32.2682332077089,-31.177324116799813,True,sigma_color_stat_mag,True,False
constant,14,2,0.567460681637547,-3.214729914265701,0.0,,,0.08317593399315526,13.999828748229813,-23.999657496459626,-22.908748405550536,True,sigma_color_stat_mag,True,False
constant,14,2,0.567460681637547,-3.2238857226969584,0.0,,,0.07273407402287664,15.657455812655638,-27.314911625311275,-26.224002534402185,True,sigma_color_stat_mag,True,False
constant,14,2,0.567460681637547,-3.2222629383508448,0.0,,,0.08757665298806919,13.381708453381545,-22.76341690676309,-21.672507815854,True,sigma_color_stat_mag,True,False
constant,14,2,0.567460681637547,-3.1802182777031454,0.0,,,0.07331707207644027,15.528667278820038,-27.057334557640075,-25.966425466730986,True,sigma_color_stat_mag,True,False
constant,14,2,0.567460681637547,-3.2326574713742393,0.0,,,0.07005039754180814,16.038464176786945,-28.07692835357389,-26.9860192626648,True,sigma_color_stat_mag,True,False
constant,14,2,0.567460681637547,-3.223202524869961,0.0,,,0.06595283060215124,16.90372298277225,-29.807445965544503,-28.716536874635413,True,sigma_color_stat_mag,True,False
constant,14,2,0.567460681637547,-3.2027226257206167,0.0,,,0.06803159401698883,16.38421593966263,-28.768431879325263,-27.677522788416173,True,sigma_color_stat_mag,True,False
constant,14,2,0.567460681637547,-3.2192420432768247,0.0,,,0.06443132775809927,17.10036733258232,-30.20073466516464,-29.10982557425555,True,sigma_color_stat_mag,True,False
constant,14,2,0.567460681637547,-3.2307147639584857,0.0,,,0.08291027874054321,14.071520824246953,-24.143041648493906,-23.052132557584816,True,sigma_color_stat_mag,True,False
constant,14,2,0.567460681637547,-3.2413301442692264,0.0,,,0.057643144107285264,18.184886734952272,-32.369773469904544,-31.278864378995454,True,sigma_color_stat_mag,True,False
constant,14,2,0.567460681637547,-3.193753965587498,0.0,,,0.08243812516515558,14.120430580994675,-24.24086116198935,-23.14995207108026,True,sigma_color_stat_mag,True,False
constant,14,2,0.567460681637547,-3.152596664389011,0.0,,,0.06584210800645686,16.420089601999663,-28.840179203999327,-27.749270113090237,True,sigma_color_stat_mag,True,False
constant,14,2,0.567460681637547,-3.2108604207792513,0.0,,,0.07138419881463572,15.811488236288266,-27.622976472576532,-26.532067381667442,True,sigma_color_stat_mag,True,False
constant,14,2,0.567460681637547,-3.196092929438039,0.0,,,0.06619388671445095,16.58171255947137,-29.16342511894274,-28.07251602803365,True,sigma_color_stat_mag,True,False
constant,14,2,0.567460681637547,-3.2109069216433075,0.0,,,0.10579486829577706,11.026758207362574,-18.05351641472515,-16.96260732381606,True,sigma_color_stat_mag,True,False
constant,14,2,0.567460681637547,-3.1868626214862523,0.0,,,0.08909048010687026,13.108793318047788,-22.217586636095575,-21.126677545186485,True,sigma_color_stat_mag,True,False
constant,14,2,0.567460681637547,-3.1922637826325095,0.0,,,0.08103668167329331,14.362014867824179,-24.724029735648358,-23.633120644739268,True,sigma_color_stat_mag,True,False
constant,14,2,0.567460681637547,-3.221521701046649,0.0,,,0.0760943131652957,15.191753697885376,-26.383507395770753,-25.292598304861663,True,sigma_color_stat_mag,True,False
constant,14,2,0.567460681637547,-3.1895418265264937,0.0,,,0.0779897030677112,14.81682019765384,-25.63364039530768,-24.54273130439859,True,sigma_color_stat_mag,True,False
constant,14,2,0.567460681637547,-3.2104232846730327,0.0,,,0.09151212059508919,12.841668944015117,-21.683337888030234,-20.592428797121144,True,sigma_color_stat_mag,True,False
constant,14,2,0.567460681637547,-3.1602465645542397,0.0,,,0.06571257457905479,16.80336951403246,-29.606739028064922,-28.515829937155832,True,sigma_color_stat_mag,True,False
constant,14,2,0.567460681637547,-3.2233837617775305,0.0,,,0.06940023786754163,16.120947406540754,-28.241894813081508,-27.15098572217242,True,sigma_color_stat_mag,True,False
constant,14,2,0.567460681637547,-3.199058367831798,0.0,,,0.08801310941443449,13.333802060735723,-22.667604121471445,-21.576695030562355,True,sigma_color_stat_mag,True,False
constant,14,2,0.567460681637547,-3.228285962054261,0.0,,,0.09232435058212086,12.786754427010314,-21.573508854020627,-20.482599763111537,True,sigma_color_stat_mag,True,False
constant,14,2,0.567460681637547,-3.198702374028429,0.0,,,0.07344253358852434,15.593955734927034,-27.18791146985407,-26.09700237894498,True,sigma_color_stat_mag,True,False
constant,14,2,0.567460681637547,-3.2039056538684485,0.0,,,0.09077160566433534,12.955941104831467,-21.911882209662934,-20.820973118753844,True,sigma_color_stat_mag,True,False
constant,14,2,0.567460681637547,-3.2192219300189886,0.0,,,0.07942346285866003,14.585638357553242,-25.171276715106483,-24.080367624197393,True,sigma_color_stat_mag,True,False
constant,14,2,0.567460681637547,-3.2401084260962025,0.0,,,0.09204422337313567,12.778901490786238,-21.557802981572475,-20.466893890663385,True,sigma_color_stat_mag,True,False
constant,14,2,0.567460681637547,-3.229141082824126,0.0,,,0.07245691861821109,15.67188357833025,-27.3437671566605,-26.25285806575141,True,sigma_color_stat_mag,True,False
constant,14,2,0.567460681637547,-3.1832464848231132,0.0,,,0.06760267206397819,16.45192725353859,-28.903854507077178,-27.812945416168088,True,sigma_color_stat_mag,True,False
constant,14,2,0.567460681637547,-3.169510166532253,0.0,,,0.07109403475292592,15.851515000744762,-27.703030001489523,-26.612120910580433,True,sigma_color_stat_mag,True,False
constant,14,2,0.567460681637547,-3.178583981616943,0.0,,,0.057767334732215014,18.290547349438537,-32.581094698877074,-31.490185607967984,True,sigma_color_stat_mag,True,False
constant,14,2,0.567460681637547,-3.2325602538167457,0.0,,,0.05779103665944677,18.27756316170608,-32.55512632341216,-31.46421723250307,True,sigma_color_stat_mag,True,False
constant,14,2,0.567460681637547,-3.210204178038819,0.0,,,0.07362264553058596,15.4156161464155,-26.831232292831,-25.74032320192191,True,sigma_color_stat_mag,True,False
constant,14,2,0.567460681637547,-3.2289264006994536,0.0,,,0.08957855558484246,13.095313325547574,-22.190626651095148,-21.099717560186058,True,sigma_color_stat_mag,True,False
constant,14,2,0.567460681637547,-3.196497614911007,0.0,,,0.0706072014594681,15.853536353440667,-27.707072706881334,-26.616163615972244,True,sigma_color_stat_mag,True,False
constant,14,2,0.567460681637547,-3.2079022297731243,0.0,,,0.06356040158230387,17.229992347827384,-30.459984695654768,-29.369075604745678,True,sigma_color_stat_mag,True,False
constant,14,2,0.567460681637547,-3.196302275552871,0.0,,,0.07004258166728965,16.18896342604384,-28.377926852087683,-27.287017761178593,True,sigma_color_stat_mag,True,False
constant,14,2,0.567460681637547,-3.1842782704672765,0.0,,,0.06517824898883644,16.768352406691378,-29.536704813382755,-28.445795722473665,True,sigma_color_stat_mag,True,False
constant,14,2,0.567460681637547,-3.1660036275566203,0.0,,,0.07794571719985442,14.779510933904719,-25.559021867809438,-24.468112776900348,True,sigma_color_stat_mag,True,False
constant,14,2,0.567460681637547,-3.171383603037878,0.0,,,0.08497372071564087,13.612270404109667,-23.224540808219334,-22.133631717310244,True,sigma_color_stat_mag,True,False
constant,14,2,0.567460681637547,-3.2276941212732235,0.0,,,0.08085113171847333,14.363794991751012,-24.727589983502025,-23.636680892592935,True,sigma_color_stat_mag,True,False
constant,14,2,0.567460681637547,-3.2218137261726447,0.0,,,0.07847095054724261,14.726915036668014,-25.45383007333603,-24.36292098242694,True,sigma_color_stat_mag,True,False
constant,14,2,0.567460681637547,-3.2005079912866434,0.0,,,0.06450102189047076,17.002464411797856,-30.004928823595712,-28.914019732686622,True,sigma_color_stat_mag,True,False
constant,14,2,0.567460681637547,-3.21619229132635,0.0,,,0.08220987758489998,14.215900581532793,-24.431801163065586,-23.340892072156496,True,sigma_color_stat_mag,True,False
constant,14,2,0.567460681637547,-3.2076217351732845,0.0,,,0.09340638598436021,12.585383182242547,-21.170766364485093,-20.079857273576003,True,sigma_color_stat_mag,True,False
constant,14,2,0.567460681637547,-3.219598697487945,0.0,,,0.07492367679934377,15.251124306837777,-26.502248613675555,-25.411339522766465,True,sigma_color_stat_mag,True,False
constant,14,2,0.567460681637547,-3.2407663126260458,0.0,,,0.08054577606186016,14.400626364864088,-24.801252729728176,-23.710343638819086,True,sigma_color_stat_mag,True,False
constant,14,2,0.567460681637547,-3.1821877293622634,0.0,,,0.08380687710610464,13.981965450306728,-23.963930900613455,-22.873021809704365,True,sigma_color_stat_mag,True,False
constant,14,2,0.567460681637547,-3.2095040234213594,0.0,,,0.05759533230298948,18.098680137305244,-32.19736027461049,-31.1064511837014,True,sigma_color_stat_mag,True,False
constant,14,2,0.567460681637547,-3.204550679517182,0.0,,,0.07829808767902656,14.748478769691683,-25.496957539383367,-24.406048448474277,True,sigma_color_stat_mag,True,False
constant,14,2,0.567460681637547,-3.1670611253437206,0.0,,,0.07512553866174428,15.172715706084064,-26.34543141216813,-25.25452232125904,True,sigma_color_stat_mag,True,False
constant,14,2,0.567460681637547,-3.2046296745573715,0.0,,,0.04848362847580056,20.009709399092017,-36.019418798184034,-34.92850970727494,True,sigma_color_stat_mag,True,False
constant,14,2,0.567460681637547,-3.1777140496467555,0.0,,,0.06626633639160069,16.67365808293922,-29.34731616587844,-28.25640707496935,True,sigma_color_stat_mag,True,False
constant,14,2,0.567460681637547,-3.189243355751742,0.0,,,0.09362731294645851,12.607501668558971,-21.215003337117942,-20.124094246208852,True,sigma_color_stat_mag,True,False
constant,14,2,0.567460681637547,-3.244624312130481,0.0,,,0.07391262031026635,15.39769498987535,-26.7953899797507,-25.70448088884161,True,sigma_color_stat_mag,True,False
constant,14,2,0.567460681637547,-3.193414974677033,0.0,,,0.07092898911744108,15.866324027040655,-27.73264805408131,-26.64173896317222,True,sigma_color_stat_mag,True,False
constant,14,2,0.567460681637547,-3.2044484628985606,0.0,,,0.05923086008614647,17.946133791128474,-31.89226758225695,-30.80135849134786,True,sigma_color_stat_mag,True,False
constant,14,2,0.567460681637547,-3.21506771631526,0.0,,,0.09228458104081806,12.759749526131053,-21.519499052262105,-20.428589961353016,True,sigma_color_stat_mag,True,False
constant,14,2,0.567460681637547,-3.2378507051068217,0.0,,,0.08341553851206973,14.038824405790168,-24.077648811580335,-22.986739720671245,True,sigma_color_stat_mag,True,False
constant,14,2,0.567460681637547,-3.2123370711961905,0.0,,,0.06996842185982281,16.12207127065644,-28.244142541312883,-27.153233450403793,True,sigma_color_stat_mag,True,False
constant,14,2,0.567460681637547,-3.234807430456466,0.0,,,0.08107087172335889,14.383798094428538,-24.767596188857077,-23.676687097947987,True,sigma_color_stat_mag,True,False
constant,14,2,0.567460681637547,-3.216151046853643,0.0,,,0.10641720596487882,10.950570351950137,-17.901140703900275,-16.810231612991185,True,sigma_color_stat_mag,True,False
constant,14,2,0.567460681637547,-3.2546458495248847,0.0,,,0.05638551766156496,18.59073167046231,-33.18146334092462,-32.09055425001553,True,sigma_color_stat_mag,True,False
constant,14,2,0.567460681637547,-3.2141524137344404,0.0,,,0.06973272622609113,16.081840015824344,-28.16368003164869,-27.0727709407396,True,sigma_color_stat_mag,True,False
constant,14,2,0.567460681637547,-3.1715263342650406,0.0,,,0.09412101855402388,12.491866510384554,-20.983733020769108,-19.89282392986002,True,sigma_color_stat_mag,True,False
constant,14,2,0.567460681637547,-3.20747818120393,0.0,,,0.09749460839385982,12.047204134131947,-20.094408268263894,-19.003499177354804,True,sigma_color_stat_mag,True,False
constant,14,2,0.567460681637547,-3.152848494718877,0.0,,,0.07029162408712827,16.01744586814655,-28.034891736293098,-26.943982645384008,True,sigma_color_stat_mag,True,False
constant,14,2,0.567460681637547,-3.2119355035199857,0.0,,,0.08146001582689405,14.313144428853818,-24.626288857707635,-23.535379766798545,True,sigma_color_stat_mag,True,False
constant,14,2,0.567460681637547,-3.183298235321594,0.0,,,0.06832462229677538,16.406144329864475,-28.81228865972895,-27.72137956881986,True,sigma_color_stat_mag,True,False
constant,14,2,0.567460681637547,-3.181484261439057,0.0,,,0.08204740627656774,14.199024485263006,-24.398048970526013,-23.307139879616923,True,sigma_color_stat_mag,True,False
constant,14,2,0.567460681637547,-3.2275238668894715,0.0,,,0.0925220379619637,12.706975598910164,-21.413951197820328,-20.323042106911238,True,sigma_color_stat_mag,True,False
constant,14,2,0.567460681637547,-3.219142389082763,0.0,,,0.07574428029863003,15.186967656638855,-26.37393531327771,-25.28302622236862,True,sigma_color_stat_mag,True,False
constant,14,2,0.567460681637547,-3.214815899357993,0.0,,,0.06618307484849062,16.72064160937685,-29.441283218753703,-28.350374127844614,True,sigma_color_stat_mag,True,False
constant,14,2,0.567460681637547,-3.2221128300159907,0.0,,,0.06667400559188759,16.61476997684492,-29.229539953689837,-28.138630862780747,True,sigma_color_stat_mag,True,False
constant,14,2,0.567460681637547,-3.194784283959076,0.0,,,0.08013567906977943,14.525665405475705,-25.05133081095141,-23.96042172004232,True,sigma_color_stat_mag,True,False
constant,14,2,0.567460681637547,-3.173832263613227,0.0,,,0.08428159538932738,13.90404028077533,-23.80808056155066,-22.71717147064157,True,sigma_color_stat_mag,True,False
constant,14,2,0.567460681637547,-3.1928731990463173,0.0,,,0.0837193336416798,13.94089447967791,-23.88178895935582,-22.79087986844673,True,sigma_color_stat_mag,True,False
constant,14,2,0.567460681637547,-3.205623898570536,0.0,,,0.07774903498789691,14.855256994118735,-25.71051398823747,-24.61960489732838,True,sigma_color_stat_mag,True,False
constant,14,2,0.567460681637547,-3.2028036117895082,0.0,,,0.08121768291351884,14.314632270523393,-24.629264541046787,-23.538355450137697,True,sigma_color_stat_mag,True,False
constant,14,2,0.567460681637547,-3.257497673829447,0.0,,,0.06269341483707079,17.220610977108915,-30.44122195421783,-29.35031286330874,True,sigma_color_stat_mag,True,False
constant,14,2,0.567460681637547,-3.202701566752025,0.0,,,0.07429526212739287,15.413519923152885,-26.82703984630577,-25.73613075539668,True,sigma_color_stat_mag,True,False
constant,14,2,0.567460681637547,-3.2158234516692468,0.0,,,0.07421749864120816,15.383670356304291,-26.767340712608583,-25.676431621699493,True,sigma_color_stat_mag,True,False
constant,14,2,0.567460681637547,-3.197715276865874,0.0,,,0.07741624257052769,14.981803843158634,-25.963607686317268,-24.872698595408178,True,sigma_color_stat_mag,True,False
constant,14,2,0.567460681637547,-3.221813807857161,0.0,,,0.08097757755386266,14.340830464156866,-24.681660928313732,-23.590751837404643,True,sigma_color_stat_mag,True,False
constant,14,2,0.567460681637547,-3.2332034997853185,0.0,,,0.0848665039303967,13.76484598260932,-23.52969196521864,-22.43878287430955,True,sigma_color_stat_mag,True,False
constant,14,2,0.567460681637547,-3.1947723871543467,0.0,,,0.06469067701112309,16.855851549405855,-29.71170309881171,-28.62079400790262,True,sigma_color_stat_mag,True,False
constant,14,2,0.567460681637547,-3.2405800615167344,0.0,,,0.08829463005063067,13.286985668908986,-22.573971337817973,-21.483062246908883,True,sigma_color_stat_mag,True,False
constant,14,2,0.567460681637547,-3.2272831787644956,0.0,,,0.09305827101530102,12.610646129609275,-21.22129225921855,-20.13038316830946,True,sigma_color_stat_mag,True,False
constant,14,2,0.567460681637547,-3.246851070190459,0.0,,,0.0776543431254119,14.871882198583487,-25.743764397166974,-24.652855306257884,True,sigma_color_stat_mag,True,False
constant,14,2,0.567460681637547,-3.187888691973664,0.0,,,0.06787585723467333,16.42181521619808,-28.84363043239616,-27.75272134148707,True,sigma_color_stat_mag,True,False
constant,14,2,0.567460681637547,-3.235939540848501,0.0,,,0.07307298576610098,15.60133050053323,-27.20266100106646,-26.11175191015737,True,sigma_color_stat_mag,True,False
constant,14,2,0.567460681637547,-3.2205284880521887,0.0,,,0.08288322127721462,14.071239666906576,-24.142479333813153,-23.051570242904063,True,sigma_color_stat_mag,True,False
constant,14,2,0.567460681637547,-3.231760881890225,0.0,,,0.06501764585430567,16.98673642199032,-29.973472843980637,-28.882563753071548,True,sigma_color_stat_mag,True,False
constant,14,2,0.567460681637547,-3.2320103205318897,0.0,,,0.08852372125667342,13.258326881140361,-22.516653762280722,-21.425744671371632,True,sigma_color_stat_mag,True,False
constant,14,2,0.567460681637547,-3.2224063574283477,0.0,,,0.08010985130195136,14.441681626892073,-24.883363253784147,-23.792454162875057,True,sigma_color_stat_mag,True,False
constant,14,2,0.567460681637547,-3.2090197521331842,0.0,,,0.07554099282266227,15.234670432301293,-26.469340864602586,-25.378431773693496,True,sigma_color_stat_mag,True,False
constant,14,2,0.567460681637547,-3.207582737965104,0.0,,,0.06220536213775457,17.275505983358162,-30.551011966716324,-29.460102875807234,True,sigma_color_stat_mag,True,False
constant,14,2,0.567460681637547,-3.225390579935038,0.0,,,0.06709714474861904,16.740068003073233,-29.480136006146466,-28.389226915237376,True,sigma_color_stat_mag,True,False
constant,14,2,0.567460681637547,-3.2191366740152665,0.0,,,0.06829209118861003,16.452727787191623,-28.905455574383247,-27.814546483474157,True,sigma_color_stat_mag,True,False
constant,14,2,0.567460681637547,-3.2418269004407625,0.0,,,0.06918264183214175,16.25758748992054,-28.515174979841078,-27.424265888931988,True,sigma_color_stat_mag,True,False
constant,14,2,0.567460681637547,-3.235679847990356,0.0,,,0.09425283326650934,12.472178307376419,-20.944356614752838,-19.853447523843748,True,sigma_color_stat_mag,True,False
constant,14,2,0.567460681637547,-3.2147248676351454,0.0,,,0.08142514176137758,14.317877503033941,-24.635755006067882,-23.544845915158792,True,sigma_color_stat_mag,True,False
constant,14,2,0.567460681637547,-3.230805397011491,0.0,,,0.09072581645390446,13.031513596821066,-22.06302719364213,-20.97211810273304,True,sigma_color_stat_mag,True,False
constant,14,2,0.567460681637547,-3.237365501949754,0.0,,,0.09532757245780743,12.307084199053383,-20.614168398106766,-19.523259307197677,True,sigma_color_stat_mag,True,False
constant,14,2,0.567460681637547,-3.1816179111175003,0.0,,,0.0754511164056761,15.22929322021393,-26.45858644042786,-25.36767734951877,True,sigma_color_stat_mag,True,False
constant,14,2,0.567460681637547,-3.2064584551742152,0.0,,,0.07413422594663639,15.362526257707062,-26.725052515414124,-25.634143424505034,True,sigma_color_stat_mag,True,False
constant,14,2,0.567460681637547,-3.2172624793796154,0.0,,,0.06898923873774149,16.111521428436117,-28.223042856872233,-27.132133765963143,True,sigma_color_stat_mag,True,False
constant,14,2,0.567460681637547,-3.204587899713186,0.0,,,0.07299079554029815,15.66447500520992,-27.32895001041984,-26.238040919510752,True,sigma_color_stat_mag,True,False
constant,14,2,0.567460681637547,-3.2385922298944436,0.0,,,0.05969501379693553,18.006280853880785,-32.01256170776157,-30.92165261685248,True,sigma_color_stat_mag,True,False
constant,14,2,0.567460681637547,-3.213816454993337,0.0,,,0.06732141008762407,16.652379237267215,-29.30475847453443,-28.21384938362534,True,sigma_color_stat_mag,True,False
constant,14,2,0.567460681637547,-3.189494718548501,0.0,,,0.08030682282385951,14.465573769534926,-24.93114753906985,-23.84023844816076,True,sigma_color_stat_mag,True,False
constant,14,2,0.567460681637547,-3.19889495166382,0.0,,,0.09693171537547257,12.081174901182209,-20.162349802364417,-19.071440711455327,True,sigma_color_stat_mag,True,False
constant,14,2,0.567460681637547,-3.199820252174018,0.0,,,0.06470172707176793,16.980757336293635,-29.96151467258727,-28.87060558167818,True,sigma_color_stat_mag,True,False
constant,14,2,0.567460681637547,-3.212883028572619,0.0,,,0.0757445006725361,15.115857204723904,-26.231714409447807,-25.140805318538717,True,sigma_color_stat_mag,True,False
constant,14,2,0.567460681637547,-3.227874271720127,0.0,,,0.07756647881406564,14.887313352575703,-25.774626705151405,-24.683717614242315,True,sigma_color_stat_mag,True,False
constant,14,2,0.567460681637547,-3.2131712504898413,0.0,,,0.07298991002435012,15.568049092491382,-27.136098184982764,-26.045189094073674,True,sigma_color_stat_mag,True,False
constant,14,2,0.567460681637547,-3.203547591447606,0.0,,,0.08329753023120583,14.007660237670839,-24.015320475341678,-22.924411384432588,True,sigma_color_stat_mag,True,False
constant,14,2,0.567460681637547,-3.226803741120334,0.0,,,0.06670270686725774,16.655886071993315,-29.31177214398663,-28.22086305307754,True,sigma_color_stat_mag,True,False
constant,14,2,0.567460681637547,-3.1946221899222964,0.0,,,0.06712990917826842,16.576033251415147,-29.152066502830294,-28.061157411921204,True,sigma_color_stat_mag,True,False
constant,14,2,0.567460681637547,-3.1785226480594604,0.0,,,0.07908898225101624,14.596434413164513,-25.192868826329025,-24.101959735419936,True,sigma_color_stat_mag,True,False
constant,14,2,0.567460681637547,-3.2126968014042525,0.0,,,0.08432373115106846,13.892431592014571,-23.784863184029142,-22.693954093120052,True,sigma_color_stat_mag,True,False
constant,14,2,0.567460681637547,-3.184826697868154,0.0,,,0.06953320269229679,15.99453131835602,-27.98906263671204,-26.89815354580295,True,sigma_color_stat_mag,True,False
constant,14,2,0.567460681637547,-3.2559277913148663,0.0,,,0.07660091987020516,15.073949485437737,-26.147898970875474,-25.056989879966384,True,sigma_color_stat_mag,True,False
constant,14,2,0.567460681637547,-3.2638878622801637,0.0,,,0.04790617022634558,20.209340949190175,-36.41868189838035,-35.327772807471256,True,sigma_color_stat_mag,True,False
constant,14,2,0.567460681637547,-3.1937088507490006,0.0,,,0.0840618377505023,13.842122360340188,-23.684244720680375,-22.593335629771286,True,sigma_color_stat_mag,True,False
constant,14,2,0.567460681637547,-3.201318893050448,0.0,,,0.07192730539450404,15.69524622016409,-27.39049244032818,-26.29958334941909,True,sigma_color_stat_mag,True,False
constant,14,2,0.567460681637547,-3.2148079817242707,0.0,,,0.07585725411450465,15.141538322040255,-26.28307664408051,-25.19216755317142,True,sigma_color_stat_mag,True,False
constant,14,2,0.567460681637547,-3.2212418515007153,0.0,,,0.08230637046069994,14.126394795854027,-24.252789591708055,-23.161880500798965,True,sigma_color_stat_mag,True,False
constant,14,2,0.567460681637547,-3.2067832292339746,0.0,,,0.07955420965725535,14.580471909996517,-25.160943819993033,-24.070034729083943,True,sigma_color_stat_mag,True,False
constant,14,2,0.567460681637547,-3.20280857940254,0.0,,,0.08880492922055352,13.17099426800154,-22.34198853600308,-21.25107944509399,True,sigma_color_stat_mag,True,False
constant,14,2,0.567460681637547,-3.1918948669554505,0.0,,,0.06962712963685282,16.106146279610538,-28.212292559221076,-27.121383468311986,True,sigma_color_stat_mag,True,False
constant,14,2,0.567460681637547,-3.224669405499781,0.0,,,0.04713031344191253,20.4543671928572,-36.9087343857144,-35.81782529480531,True,sigma_color_stat_mag,True,False
constant,14,2,0.567460681637547,-3.214489463684508,0.0,,,0.09190806621574055,12.818953458769112,-21.637906917538224,-20.546997826629134,True,sigma_color_stat_mag,True,False
constant,14,2,0.567460681637547,-3.218078960597453,0.0,,,0.08229554969539957,14.149590367095264,-24.29918073419053,-23.20827164328144,True,sigma_color_stat_mag,True,False
constant,14,2,0.567460681637547,-3.2079911363757527,0.0,,,0.07275084766301551,15.582807313968644,-27.165614627937288,-26.074705537028198,True,sigma_color_stat_mag,True,False
constant,14,2,0.567460681637547,-3.22332039819698,0.0,,,0.0874262501105439,13.40689997493646,-22.81379994987292,-21.72289085896383,True,sigma_color_stat_mag,True,False
constant,14,2,0.567460681637547,-3.2232971922664504,0.0,,,0.07159937366063439,15.819137360080097,-27.638274720160194,-26.547365629251104,True,sigma_color_stat_mag,True,False
constant,14,2,0.567460681637547,-3.2245224936874837,0.0,,,0.09076431664889811,12.937895814971629,-21.875791629943258,-20.784882539034168,True,sigma_color_stat_mag,True,False
constant,14,2,0.567460681637547,-3.2038486465776477,0.0,,,0.09452383004329684,12.436478036499409,-20.872956072998818,-19.782046982089728,True,sigma_color_stat_mag,True,False
constant,14,2,0.567460681637547,-3.207988039333207,0.0,,,0.07339856720589852,15.468341203698639,-26.936682407397278,-25.845773316488188,True,sigma_color_stat_mag,True,False
constant,14,2,0.567460681637547,-3.237362179030769,0.0,,,0.07372618567628104,15.457854999774813,-26.915709999549627,-25.824800908640537,True,sigma_color_stat_mag,True,False
constant,14,2,0.567460681637547,-3.2116772277935377,0.0,,,0.0849824528298758,13.760395957603842,-23.520791915207685,-22.429882824298595,True,sigma_color_stat_mag,True,False
constant,14,2,0.567460681637547,-3.163905641586376,0.0,,,0.07936150562689505,14.613883987890933,-25.227767975781866,-24.136858884872776,True,sigma_color_stat_mag,True,False
constant,14,2,0.567460681637547,-3.2007164682236544,0.0,,,0.09688236982437586,12.127692261861682,-20.255384523723365,-19.164475432814275,True,sigma_color_stat_mag,True,False
constant,14,2,0.567460681637547,-3.2181511692144142,0.0,,,0.08432989757887502,13.874802345155535,-23.74960469031107,-22.65869559940198,True,sigma_color_stat_mag,True,False
constant,14,2,0.567460681637547,-3.218067011324702,0.0,,,0.06427275483068112,17.089138398673956,-30.178276797347912,-29.087367706438823,True,sigma_color_stat_mag,True,False
constant,14,2,0.567460681637547,-3.2046870928203104,0.0,,,0.06954573744260206,16.043064073442174,-28.08612814688435,-26.99521905597526,True,sigma_color_stat_mag,True,False
constant,14,2,0.567460681637547,-3.227720996606717,0.0,,,0.0808404674122546,14.377029804817264,-24.754059609634528,-23.663150518725438,True,sigma_color_stat_mag,True,False
constant,14,2,0.567460681637547,-3.196247184484709,0.0,,,0.10032038372305659,11.67911270604279,-19.35822541208558,-18.26731632117649,True,sigma_color_stat_mag,True,False
constant,14,2,0.567460681637547,-3.1989876948656124,0.0,,,0.07193772556267233,15.761385363507342,-27.522770727014684,-26.431861636105594,True,sigma_color_stat_mag,True,False
constant,14,2,0.567460681637547,-3.162335994331704,0.0,,,0.05979832948744839,17.669519465626475,-31.33903893125295,-30.24812984034386,True,sigma_color_stat_mag,True,False
constant,14,2,0.567460681637547,-3.2324532866832074,0.0,,,0.07048166576655006,16.04950790843516,-28.09901581687032,-27.00810672596123,True,sigma_color_stat_mag,True,False
constant,14,2,0.567460681637547,-3.1738525851961117,0.0,,,0.08677484429653018,13.444929691172959,-22.889859382345918,-21.798950291436828,True,sigma_color_stat_mag,True,False
constant,14,2,0.567460681637547,-3.1925587101785484,0.0,,,0.07221002250100053,15.746550666844868,-27.493101333689737,-26.402192242780647,True,sigma_color_stat_mag,True,False
constant,14,2,0.567460681637547,-3.2170535877349056,0.0,,,0.0646222594788346,16.91875965889681,-29.83751931779362,-28.74661022688453,True,sigma_color_stat_mag,True,False
constant,14,2,0.567460681637547,-3.1723999286383515,0.0,,,0.07797125272345042,14.796318696239544,-25.592637392479087,-24.501728301569997,True,sigma_color_stat_mag,True,False
constant,14,2,0.567460681637547,-3.2045910883872666,0.0,,,0.0948369079159978,12.445411299429692,-20.890822598859383,-19.799913507950293,True,sigma_color_stat_mag,True,False
constant,14,2,0.567460681637547,-3.1902355876031208,0.0,,,0.07260537662697007,15.56315247357288,-27.12630494714576,-26.03539585623667,True,sigma_color_stat_mag,True,False
constant,14,2,0.567460681637547,-3.2020162959334386,0.0,,,0.09035089602983287,13.02661210570503,-22.05322421141006,-20.96231512050097,True,sigma_color_stat_mag,True,False
constant,14,2,0.567460681637547,-3.2289514001294766,0.0,,,0.07102839098436062,15.823727609097428,-27.647455218194857,-26.556546127285767,True,sigma_color_stat_mag,True,False
constant,14,2,0.567460681637547,-3.1527567360792017,0.0,,,0.08119520033847633,14.343262953072431,-24.686525906144862,-23.595616815235772,True,sigma_color_stat_mag,True,False
constant,14,2,0.567460681637547,-3.2374165988216155,0.0,,,0.08352268439748896,13.972392820262252,-23.944785640524504,-22.853876549615414,True,sigma_color_stat_mag,True,False
constant,14,2,0.567460681637547,-3.2334625482368824,0.0,,,0.08825274604017598,13.245635700480516,-22.491271400961033,-21.400362310051943,True,sigma_color_stat_mag,True,False
constant,14,2,0.567460681637547,-3.1743534300687752,0.0,,,0.08401826909167871,13.806662156451893,-23.613324312903785,-22.522415221994695,True,sigma_color_stat_mag,True,False
constant,14,2,0.567460681637547,-3.191541587360079,0.0,,,0.07883643290666395,14.694747342730693,-25.389494685461386,-24.298585594552296,True,sigma_color_stat_mag,True,False
constant,14,2,0.567460681637547,-3.1881659670963995,0.0,,,0.08823957146629417,13.311635553193948,-22.623271106387897,-21.532362015478807,True,sigma_color_stat_mag,True,False
constant,14,2,0.567460681637547,-3.227776704164508,0.0,,,0.06956510835742571,16.175063161022404,-28.350126322044808,-27.259217231135718,True,sigma_color_stat_mag,True,False
constant,14,2,0.567460681637547,-3.223843160027414,0.0,,,0.05700867914760247,18.260779936371375,-32.52155987274275,-31.43065078183366,True,sigma_color_stat_mag,True,False
constant,14,2,0.567460681637547,-3.229061574507491,0.0,,,0.06536988482824471,16.947694830909207,-29.895389661818413,-28.804480570909323,True,sigma_color_stat_mag,True,False
constant,14,2,0.567460681637547,-3.235312340884681,0.0,,,0.06074385899683373,17.697558964115156,-31.395117928230313,-30.304208837321223,True,sigma_color_stat_mag,True,False
constant,14,2,0.567460681637547,-3.194124632214582,0.0,,,0.07662224012970711,15.052641128672983,-26.105282257345966,-25.014373166436876,True,sigma_color_stat_mag,True,False
constant,14,2,0.567460681637547,-3.16364504774832,0.0,,,0.07624065990439062,15.100603351226754,-26.201206702453508,-25.110297611544418,True,sigma_color_stat_mag,True,False
constant,14,2,0.567460681637547,-3.2368428632124564,0.0,,,0.0678226808979881,16.51376277938549,-29.027525558770982,-27.936616467861892,True,sigma_color_stat_mag,True,False
constant,14,2,0.567460681637547,-3.195525644415137,0.0,,,0.060701673180743515,17.60910009399239,-31.218200187984777,-30.127291097075688,True,sigma_color_stat_mag,True,False
constant,14,2,0.567460681637547,-3.1800012840786938,0.0,,,0.09788653557447341,11.972568986746724,-19.94513797349345,-18.85422888258436,True,sigma_color_stat_mag,True,False
constant,14,2,0.567460681637547,-3.1787868500223557,0.0,,,0.06558504276314087,16.873222704139682,-29.746445408279364,-28.655536317370274,True,sigma_color_stat_mag,True,False
constant,14,2,0.567460681637547,-3.2031377285800824,0.0,,,0.09847019094366397,11.923474422581302,-19.846948845162604,-18.756039754253514,True,sigma_color_stat_mag,True,False
constant,14,2,0.567460681637547,-3.2374587270661723,0.0,,,0.0655832805925901,16.900029937808632,-29.800059875617265,-28.709150784708175,True,sigma_color_stat_mag,True,False
constant,14,2,0.567460681637547,-3.2355328379116055,0.0,,,0.07352785327646874,15.493682465929062,-26.987364931858124,-25.896455840949034,True,sigma_color_stat_mag,True,False
constant,14,2,0.567460681637547,-3.242580407891227,0.0,,,0.08458211313775651,13.811410197453213,-23.622820394906427,-22.531911303997337,True,sigma_color_stat_mag,True,False
constant,14,2,0.567460681637547,-3.220102843419334,0.0,,,0.07879752869045563,14.640247205587288,-25.280494411174576,-24.189585320265486,True,sigma_color_stat_mag,True,False
constant,14,2,0.567460681637547,-3.2095324147728594,0.0,,,0.08470899545890634,13.879772864412102,-23.759545728824204,-22.668636637915114,True,sigma_color_stat_mag,True,False
constant,14,2,0.567460681637547,-3.2089203670461584,0.0,,,0.07393056212826406,15.504564554495655,-27.00912910899131,-25.91822001808222,True,sigma_color_stat_mag,True,False
constant,14,2,0.567460681637547,-3.2416408711399303,0.0,,,0.05632118623973597,18.573876911793676,-33.14775382358735,-32.05684473267826,True,sigma_color_stat_mag,True,False
constant,14,2,0.567460681637547,-3.2459378342568592,0.0,,,0.08720744930724443,13.442020539611676,-22.88404107922335,-21.79313198831426,True,sigma_color_stat_mag,True,False
constant,14,2,0.567460681637547,-3.2120093003520878,0.0,,,0.07434011305263889,15.363783159551405,-26.72756631910281,-25.63665722819372,True,sigma_color_stat_mag,True,False
constant,14,2,0.567460681637547,-3.150158498431006,0.0,,,0.04597018861645269,20.026055150098806,-36.05211030019761,-34.96120120928852,True,sigma_color_stat_mag,True,False
constant,14,2,0.567460681637547,-3.2004383742734865,0.0,,,0.08394497930625859,13.876398659021184,-23.75279731804237,-22.66188822713328,True,sigma_color_stat_mag,True,False
constant,14,2,0.567460681637547,-3.238802901691613,0.0,,,0.05639449005919688,18.528930224683187,-33.05786044936637,-31.966951358457283,True,sigma_color_stat_mag,True,False
constant,14,2,0.567460681637547,-3.2161916379591005,0.0,,,0.08523540933491425,13.761666200601558,-23.523332401203117,-22.432423310294027,True,sigma_color_stat_mag,True,False
constant,14,2,0.567460681637547,-3.181802848020356,0.0,,,0.08543289755327602,13.748195791934815,-23.49639158386963,-22.40548249296054,True,sigma_color_stat_mag,True,False
constant,14,2,0.567460681637547,-3.190841687846444,0.0,,,0.08963111817706125,13.081427394346006,-22.162854788692012,-21.071945697782922,True,sigma_color_stat_mag,True,False
constant,14,2,0.567460681637547,-3.2084996519510653,0.0,,,0.09364985609975207,12.574149249885014,-21.14829849977003,-20.05738940886094,True,sigma_color_stat_mag,True,False
constant,14,2,0.567460681637547,-3.23152079658006,0.0,,,0.06801007819404092,16.408458595629618,-28.816917191259236,-27.726008100350146,True,sigma_color_stat_mag,True,False
constant,14,2,0.567460681637547,-3.2104393921557453,0.0,,,0.06212158033483834,17.427398393029584,-30.85479678605917,-29.76388769515008,True,sigma_color_stat_mag,True,False
constant,14,2,0.567460681637547,-3.222066788486609,0.0,,,0.07690539469328228,14.99393622685627,-25.98787245371254,-24.89696336280345,True,sigma_color_stat_mag,True,False
constant,14,2,0.567460681637547,-3.262585084869098,0.0,,,0.042334735542574414,21.139112716108734,-38.27822543221747,-37.187316341308374,True,sigma_color_stat_mag,True,False
constant,14,2,0.567460681637547,-3.180110898407785,0.0,,,0.09071856961770608,12.9299510680442,-21.8599021360884,-20.76899304517931,True,sigma_color_stat_mag,True,False
constant,14,2,0.567460681637547,-3.1951519015822782,0.0,,,0.08240956878035806,14.126073360105895,-24.25214672021179,-23.1612376293027,True,sigma_color_stat_mag,True,False
constant,14,2,0.567460681637547,-3.233655204632685,0.0,,,0.06778253393317005,16.461164076593526,-28.922328153187053,-27.831419062277963,True,sigma_color_stat_mag,True,False
constant,14,2,0.567460681637547,-3.1788134556057073,0.0,,,0.06876107742696322,16.349300716688283,-28.698601433376567,-27.607692342467477,True,sigma_color_stat_mag,True,False
constant,14,2,0.567460681637547,-3.2313864165978305,0.0,,,0.05931385321819208,18.035269479733238,-32.070538959466475,-30.979629868557385,True,sigma_color_stat_mag,True,False
constant,14,2,0.567460681637547,-3.224534531858602,0.0,,,0.07422516674365834,15.40113366207255,-26.8022673241451,-25.71135823323601,True,sigma_color_stat_mag,True,False
constant,14,2,0.567460681637547,-3.159313662494849,0.0,,,0.039546814986461544,21.754511975737937,-39.509023951475875,-38.41811486056678,True,sigma_color_stat_mag,True,False
constant,14,2,0.567460681637547,-3.2061592581159766,0.0,,,0.0861250368595463,13.647152180048232,-23.294304360096465,-22.203395269187375,True,sigma_color_stat_mag,True,False
constant,14,2,0.567460681637547,-3.2137723362311776,0.0,,,0.09060643735564201,12.92953712660495,-21.8590742532099,-20.76816516230081,True,sigma_color_stat_mag,True,False
constant,14,2,0.567460681637547,-3.236114685976322,0.0,,,0.06003987241563316,17.83075674712005,-31.661513494240097,-30.570604403331007,True,sigma_color_stat_mag,True,False
constant,14,2,0.567460681637547,-3.242089326005504,0.0,,,0.057916232039285254,18.21379656890801,-32.42759313781602,-31.336684046906928,True,sigma_color_stat_mag,True,False
constant,14,2,0.567460681637547,-3.191390714105603,0.0,,,0.0690777379504141,16.393251948991214,-28.786503897982428,-27.695594807073338,True,sigma_color_stat_mag,True,False
constant,14,2,0.567460681637547,-3.1811363755215805,0.0,,,0.06690782297129771,16.682449449402746,-29.364898898805492,-28.273989807896402,True,sigma_color_stat_mag,True,False
constant,14,2,0.567460681637547,-3.2122561647367807,0.0,,,0.07316721870002994,15.572848426474186,-27.145696852948372,-26.054787762039282,True,sigma_color_stat_mag,True,False
constant,14,2,0.567460681637547,-3.201980035973197,0.0,,,0.08660144167824298,13.524860606526602,-23.049721213053203,-21.958812122144113,True,sigma_color_stat_mag,True,False
constant,14,2,0.567460681637547,-3.1911328753008488,0.0,,,0.0505585984635162,19.664905466584717,-35.32981093316943,-34.23890184226034,True,sigma_color_stat_mag,True,False
constant,14,2,0.567460681637547,-3.2035331747307243,0.0,,,0.07623268404065832,15.071352736826013,-26.142705473652025,-25.051796382742936,True,sigma_color_stat_mag,True,False
constant,14,2,0.567460681637547,-3.2176808862939983,0.0,,,0.08587608832720403,13.638953201202266,-23.277906402404533,-22.186997311495443,True,sigma_color_stat_mag,True,False
constant,14,2,0.567460681637547,-3.2038949559601972,0.0,,,0.085218937428533,13.71386699773021,-23.42773399546042,-22.33682490455133,True,sigma_color_stat_mag,True,False
constant,14,2,0.567460681637547,-3.1943495543723652,0.0,,,0.07722303775739094,14.99129049787815,-25.9825809957563,-24.89167190484721,True,sigma_color_stat_mag,True,False
constant,14,2,0.567460681637547,-3.2553447534003435,0.0,,,0.07262205325079779,15.731571671621383,-27.463143343242766,-26.372234252333676,True,sigma_color_stat_mag,True,False
constant,14,2,0.567460681637547,-3.217889640071611,0.0,,,0.06879425752135135,16.327788816475092,-28.655577632950184,-27.564668542041094,True,sigma_color_stat_mag,True,False
constant,14,2,0.567460681637547,-3.2238134259955764,0.0,,,0.05438508707071221,19.047994425748445,-34.09598885149689,-33.0050797605878,True,sigma_color_stat_mag,True,False
constant,14,2,0.567460681637547,-3.259991571169457,0.0,,,0.0633720796465875,17.31904273219641,-30.638085464392823,-29.547176373483733,True,sigma_color_stat_mag,True,False
constant,14,2,0.567460681637547,-3.1946881659021438,0.0,,,0.09148499798584392,12.80539122121064,-21.61078244242128,-20.51987335151219,True,sigma_color_stat_mag,True,False
constant,14,2,0.567460681637547,-3.1612991018887096,0.0,,,0.06217203777421961,17.41605353809018,-30.832107076180357,-29.741197985271267,True,sigma_color_stat_mag,True,False
constant,14,2,0.567460681637547,-3.2084407383140867,0.0,,,0.07740905675907357,14.924044398522273,-25.848088797044547,-24.757179706135457,True,sigma_color_stat_mag,True,False
constant,14,2,0.567460681637547,-3.2133475093454837,0.0,,,0.09759448470976931,12.011283150121313,-20.022566300242627,-18.931657209333537,True,sigma_color_stat_mag,True,False
constant,14,2,0.567460681637547,-3.219967108466334,0.0,,,0.08165615085281887,14.206601948749299,-24.413203897498597,-23.322294806589507,True,sigma_color_stat_mag,True,False
constant,14,2,0.567460681637547,-3.199153898316845,0.0,,,0.07892386853813796,14.765788243675647,-25.531576487351295,-24.440667396442205,True,sigma_color_stat_mag,True,False
constant,14,2,0.567460681637547,-3.2137099753709535,0.0,,,0.07426144135186818,15.375668464511842,-26.751336929023683,-25.660427838114593,True,sigma_color_stat_mag,True,False
constant,14,2,0.567460681637547,-3.2249879059181796,0.0,,,0.08950884104201626,13.139630194379862,-22.279260388759724,-21.188351297850634,True,sigma_color_stat_mag,True,False
constant,14,2,0.567460681637547,-3.184868867754039,0.0,,,0.07348313593222176,15.470280372376095,-26.94056074475219,-25.8496516538431,True,sigma_color_stat_mag,True,False
constant,14,2,0.567460681637547,-3.225096542998172,0.0,,,0.05263535926423536,19.19790626218129,-34.39581252436258,-33.30490343345349,True,sigma_color_stat_mag,True,False
constant,14,2,0.567460681637547,-3.229755184275826,0.0,,,0.08534798617957595,13.768835120365324,-23.537670240730648,-22.44676114982156,True,sigma_color_stat_mag,True,False
constant,14,2,0.567460681637547,-3.1877495116422887,0.0,,,0.0923782065072662,12.69762254596074,-21.39524509192148,-20.30433600101239,True,sigma_color_stat_mag,True,False
constant,14,2,0.567460681637547,-3.2087132792160844,0.0,,,0.07462682470318058,15.379902709333852,-26.759805418667703,-25.668896327758613,True,sigma_color_stat_mag,True,False
constant,14,2,0.567460681637547,-3.218787332506976,0.0,,,0.06955838221831843,16.199315954784755,-28.39863190956951,-27.30772281866042,True,sigma_color_stat_mag,True,False
constant,14,2,0.567460681637547,-3.191378480316496,0.0,,,0.08348881273101025,13.955005264157414,-23.910010528314828,-22.819101437405738,True,sigma_color_stat_mag,True,False
constant,14,2,0.567460681637547,-3.2041020834717684,0.0,,,0.09227212694066088,12.732042624412669,-21.464085248825338,-20.373176157916248,True,sigma_color_stat_mag,True,False
constant,14,2,0.567460681637547,-3.18014354785949,0.0,,,0.0900554119146528,13.050086407822022,-22.100172815644044,-21.009263724734954,True,sigma_color_stat_mag,True,False
constant,14,2,0.567460681637547,-3.2084272610412983,0.0,,,0.094019180364461,12.48254163728008,-20.96508327456016,-19.87417418365107,True,sigma_color_stat_mag,True,False
constant,14,2,0.567460681637547,-3.164118638941953,0.0,,,0.08109215741400426,14.359180973749382,-24.718361947498764,-23.627452856589674,True,sigma_color_stat_mag,True,False
constant,14,2,0.567460681637547,-3.1979403297568902,0.0,,,0.070013193094423,16.2201080267082,-28.4402160534164,-27.34930696250731,True,sigma_color_stat_mag,True,False
constant,14,2,0.567460681637547,-3.194561704498366,0.0,,,0.08212031190804343,14.207942420832586,-24.41588484166517,-23.32497575075608,True,sigma_color_stat_mag,True,False
constant,14,2,0.567460681637547,-3.1990577803412976,0.0,,,0.0791207628559373,14.577381577222642,-25.154763154445284,-24.063854063536194,True,sigma_color_stat_mag,True,False
constant,14,2,0.567460681637547,-3.213455065026822,0.0,,,0.08362090815479951,13.956628906106303,-23.913257812212606,-22.822348721303516,True,sigma_color_stat_mag,True,False
constant,14,2,0.567460681637547,-3.224377031402743,0.0,,,0.06708095557238704,16.606913094578605,-29.21382618915721,-28.12291709824812,True,sigma_color_stat_mag,True,False
constant,14,2,0.567460681637547,-3.2314365115791026,0.0,,,0.0749599602485772,15.231202354230758,-26.462404708461516,-25.371495617552426,True,sigma_color_stat_mag,True,False
constant,14,2,0.567460681637547,-3.1986494752392005,0.0,,,0.07080414276249151,16.003211645636704,-28.006423291273407,-26.915514200364317,True,sigma_color_stat_mag,True,False
constant,14,2,0.567460681637547,-3.2198801180834256,0.0,,,0.06482600243111794,17.128676698349587,-30.257353396699173,-29.166444305790083,True,sigma_color_stat_mag,True,False
constant,14,2,0.567460681637547,-3.2123279799086357,0.0,,,0.07451633942946802,15.456108734710373,-26.912217469420746,-25.821308378511656,True,sigma_color_stat_mag,True,False
constant,14,2,0.567460681637547,-3.1832832603974257,0.0,,,0.07726588505921209,14.960765059792978,-25.921530119585956,-24.830621028676866,True,sigma_color_stat_mag,True,False
constant,14,2,0.567460681637547,-3.167244185644218,0.0,,,0.07758732829764922,14.737756568230465,-25.47551313646093,-24.38460404555184,True,sigma_color_stat_mag,True,False
constant,14,2,0.567460681637547,-3.2114269520670793,0.0,,,0.08923454597924475,13.174868689935591,-22.349737379871183,-21.258828288962093,True,sigma_color_stat_mag,True,False
constant,14,2,0.567460681637547,-3.178985451157303,0.0,,,0.0899749923919242,13.02237941551277,-22.04475883102554,-20.95384974011645,True,sigma_color_stat_mag,True,False
constant,14,2,0.567460681637547,-3.2130462922438103,0.0,,,0.0741706834099632,15.450567261678628,-26.901134523357257,-25.810225432448167,True,sigma_color_stat_mag,True,False
constant,14,2,0.567460681637547,-3.2017029619377086,0.0,,,0.09175430387110338,12.81235457133813,-21.62470914267626,-20.53380005176717,True,sigma_color_stat_mag,True,False
constant,14,2,0.567460681637547,-3.2290446788315195,0.0,,,0.07028394866483167,16.098548561944952,-28.197097123889904,-27.106188032980814,True,sigma_color_stat_mag,True,False
constant,14,2,0.567460681637547,-3.213232389731979,0.0,,,0.0872848554003172,13.418054468359445,-22.83610893671889,-21.7451998458098,True,sigma_color_stat_mag,True,False
constant,14,2,0.567460681637547,-3.218434207161995,0.0,,,0.09537468580064033,12.32481760191173,-20.64963520382346,-19.55872611291437,True,sigma_color_stat_mag,True,False
constant,14,2,0.567460681637547,-3.193621479539859,0.0,,,0.0844634738130081,13.763858798189064,-23.527717596378128,-22.43680850546904,True,sigma_color_stat_mag,True,False
constant,14,2,0.567460681637547,-3.204337327609264,0.0,,,0.07303317330898819,15.676594950008132,-27.353189900016265,-26.262280809107175,True,sigma_color_stat_mag,True,False
constant,14,2,0.567460681637547,-3.215551042131553,0.0,,,0.08658818938866787,13.497791225656105,-22.99558245131221,-21.90467336040312,True,sigma_color_stat_mag,True,False
constant,14,2,0.567460681637547,-3.2140119348193443,0.0,,,0.09430421034859485,12.429448535122603,-20.858897070245206,-19.767987979336116,True,sigma_color_stat_mag,True,False
constant,14,2,0.567460681637547,-3.1995931275856844,0.0,,,0.05010389080645725,19.751445079344272,-35.502890158688544,-34.41198106777945,True,sigma_color_stat_mag,True,False
constant,14,2,0.567460681637547,-3.2013142859161543,0.0,,,0.0680729421145913,16.40857201715327,-28.817144034306537,-27.726234943397447,True,sigma_color_stat_mag,True,False
constant,14,2,0.567460681637547,-3.209198370135656,0.0,,,0.08282897035985436,14.064560951419931,-24.129121902839863,-23.038212811930773,True,sigma_color_stat_mag,True,False
constant,14,2,0.567460681637547,-3.2252981737181825,0.0,,,0.05321703363739256,19.13125669803391,-34.26251339606782,-33.17160430515872,True,sigma_color_stat_mag,True,False
constant,14,2,0.567460681637547,-3.233962168222483,0.0,,,0.0947337486377355,12.434060510945141,-20.868121021890282,-19.777211930981192,True,sigma_color_stat_mag,True,False
constant,14,2,0.567460681637547,-3.170154167472563,0.0,,,0.07799749952907085,14.775674538307474,-25.551349076614947,-24.460439985705857,True,sigma_color_stat_mag,True,False
constant,14,2,0.567460681637547,-3.150875215466153,0.0,,,0.06629490949896193,16.853335790880557,-29.706671581761114,-28.615762490852024,True,sigma_color_stat_mag,True,False
constant,14,2,0.567460681637547,-3.189752183987722,0.0,,,0.07490090688365725,15.238484223959265,-26.47696844791853,-25.38605935700944,True,sigma_color_stat_mag,True,False
constant,14,2,0.567460681637547,-3.214084221977893,0.0,,,0.07158748146373621,15.911730270675479,-27.823460541350958,-26.732551450441868,True,sigma_color_stat_mag,True,False
constant,14,2,0.567460681637547,-3.2415172362677627,0.0,,,0.08044208075317487,14.49035959147375,-24.9807191829475,-23.88981009203841,True,sigma_color_stat_mag,True,False
constant,14,2,0.567460681637547,-3.242951472145672,0.0,,,0.08518673601358485,13.750130923704152,-23.500261847408304,-22.409352756499214,True,sigma_color_stat_mag,True,False
constant,14,2,0.567460681637547,-3.21127149840409,0.0,,,0.07215130725333685,15.659914181599033,-27.319828363198067,-26.228919272288977,True,sigma_color_stat_mag,True,False
constant,14,2,0.567460681637547,-3.22608963710823,0.0,,,0.04464231308407732,20.631293451588597,-37.262586903177194,-36.1716778122681,True,sigma_color_stat_mag,True,False
constant,14,2,0.567460681637547,-3.1779499737785595,0.0,,,0.09454510549893247,12.3178210057642,-20.6356420115284,-19.54473292061931,True,sigma_color_stat_mag,True,False
constant,14,2,0.567460681637547,-3.1829886223939905,0.0,,,0.06820271613958381,16.25872712302269,-28.517454246045382,-27.426545155136292,True,sigma_color_stat_mag,True,False
constant,14,2,0.567460681637547,-3.219266966021653,0.0,,,0.0721102661408515,15.80641891684224,-27.61283783368448,-26.52192874277539,True,sigma_color_stat_mag,True,False
constant,14,2,0.567460681637547,-3.237020751909802,0.0,,,0.07689583405988133,15.011574408141819,-26.023148816283637,-24.932239725374547,True,sigma_color_stat_mag,True,False
constant,14,2,0.567460681637547,-3.2062141309495322,0.0,,,0.08289043722537634,14.101350726901138,-24.202701453802277,-23.111792362893187,True,sigma_color_stat_mag,True,False
constant,14,2,0.567460681637547,-3.184645294391485,0.0,,,0.07398027811498048,15.364133145325633,-26.728266290651266,-25.637357199742176,True,sigma_color_stat_mag,True,False
constant,14,2,0.567460681637547,-3.2035312902462394,0.0,,,0.08339624915744723,13.950626312190337,-23.901252624380675,-22.810343533471585,True,sigma_color_stat_mag,True,False
constant,14,2,0.567460681637547,-3.2099833489890326,0.0,,,0.07147776152364586,15.835208973863285,-27.67041794772657,-26.57950885681748,True,sigma_color_stat_mag,True,False
constant,14,2,0.567460681637547,-3.2369440142419506,0.0,,,0.07609032786037598,15.14677676824334,-26.29355353648668,-25.20264444557759,True,sigma_color_stat_mag,True,False
constant,14,2,0.567460681637547,-3.2056613121656103,0.0,,,0.050704253809026184,19.494646226674853,-34.989292453349705,-33.89838336244061,True,sigma_color_stat_mag,True,False
constant,14,2,0.567460681637547,-3.2137327189452116,0.0,,,0.08597546525622576,13.685052961790806,-23.37010592358161,-22.279196832672522,True,sigma_color_stat_mag,True,False
constant,14,2,0.567460681637547,-3.208697398105741,0.0,,,0.06270059262980167,17.267189171723764,-30.53437834344753,-29.44346925253844,True,sigma_color_stat_mag,True,False
constant,14,2,0.567460681637547,-3.178270943283684,0.0,,,0.06823818021438721,16.41127154592359,-28.82254309184718,-27.73163400093809,True,sigma_color_stat_mag,True,False
constant,14,2,0.567460681637547,-3.231377032978113,0.0,,,0.07091532601186183,15.978258049427215,-27.95651609885443,-26.86560700794534,True,sigma_color_stat_mag,True,False
constant,14,2,0.567460681637547,-3.264253639744676,0.0,,,0.07251949865702034,15.657687185907577,-27.315374371815153,-26.224465280906063,True,sigma_color_stat_mag,True,False
constant,14,2,0.567460681637547,-3.2260355306799102,0.0,,,0.07816292828197763,14.75211169192338,-25.50422338384676,-24.41331429293767,True,sigma_color_stat_mag,True,False
constant,14,2,0.567460681637547,-3.1999163216963438,0.0,,,0.07128456956132821,15.843591737285506,-27.68718347457101,-26.59627438366192,True,sigma_color_stat_mag,True,False
constant,14,2,0.567460681637547,-3.2556687885140105,0.0,,,0.0733209689881111,15.52630746030136,-27.05261492060272,-25.96170582969363,True,sigma_color_stat_mag,True,False
constant,14,2,0.567460681637547,-3.208983611089906,0.0,,,0.07298909385217182,15.549438317254745,-27.09887663450949,-26.0079675436004,True,sigma_color_stat_mag,True,False
constant,14,2,0.567460681637547,-3.190767252753941,0.0,,,0.06045031546847018,17.7770621282964,-31.5541242565928,-30.46321516568371,True,sigma_color_stat_mag,True,False
constant,14,2,0.567460681637547,-3.1856599945924,0.0,,,0.09495871130865045,12.364217006205749,-20.728434012411498,-19.637524921502408,True,sigma_color_stat_mag,True,False
constant,14,2,0.567460681637547,-3.2002997786352814,0.0,,,0.091320572507469,12.897241931775316,-21.79448386355063,-20.70357477264154,True,sigma_color_stat_mag,True,False
constant,14,2,0.567460681637547,-3.1960039952838075,0.0,,,0.07991335883879448,14.460104753293798,-24.920209506587597,-23.829300415678507,True,sigma_color_stat_mag,True,False
constant,14,2,0.567460681637547,-3.1977164044928883,0.0,,,0.08620721582871992,13.600597847908826,-23.201195695817653,-22.110286604908563,True,sigma_color_stat_mag,True,False
constant,14,2,0.567460681637547,-3.223934080978159,0.0,,,0.07004495882073158,16.14543448928088,-28.29086897856176,-27.19995988765267,True,sigma_color_stat_mag,True,False
constant,14,2,0.567460681637547,-3.198340819795269,0.0,,,0.08696546942588648,13.450968233382092,-22.901936466764184,-21.811027375855094,True,sigma_color_stat_mag,True,False
constant,14,2,0.567460681637547,-3.221256420521673,0.0,,,0.08040453662919937,14.547671547207305,-25.09534309441461,-24.00443400350552,True,sigma_color_stat_mag,True,False
constant,14,2,0.567460681637547,-3.2436604435660477,0.0,,,0.07127817281841592,15.88719528671636,-27.77439057343272,-26.68348148252363,True,sigma_color_stat_mag,True,False
constant,14,2,0.567460681637547,-3.2038177344481067,0.0,,,0.08882582037746413,13.242994395121944,-22.485988790243887,-21.395079699334797,True,sigma_color_stat_mag,True,False
constant,14,2,0.567460681637547,-3.194882580426574,0.0,,,0.07861435707721118,14.681509223777336,-25.363018447554673,-24.272109356645583,True,sigma_color_stat_mag,True,False
constant,14,2,0.567460681637547,-3.2075847315842303,0.0,,,0.06535630815571376,16.967319043008253,-29.934638086016506,-28.843728995107416,True,sigma_color_stat_mag,True,False
constant,14,2,0.567460681637547,-3.2228079963447813,0.0,,,0.07257296965331207,15.742847744630009,-27.485695489260017,-26.394786398350927,True,sigma_color_stat_mag,True,False
constant,14,2,0.567460681637547,-3.1963067233801907,0.0,,,0.08496507194760258,13.751768485823858,-23.503536971647716,-22.412627880738626,True,sigma_color_stat_mag,True,False
constant,14,2,0.567460681637547,-3.1724631736442337,0.0,,,0.05824356351920437,17.84519494900222,-31.69038989800444,-30.59948080709535,True,sigma_color_stat_mag,True,False
constant,14,2,0.567460681637547,-3.2169065216401918,0.0,,,0.09513991240006581,12.349671447896425,-20.69934289579285,-19.60843380488376,True,sigma_color_stat_mag,True,False
constant,14,2,0.567460681637547,-3.238558873228004,0.0,,,0.08594481587191574,13.642585627670744,-23.28517125534149,-22.1942621644324,True,sigma_color_stat_mag,True,False
constant,14,2,0.567460681637547,-3.210986704789327,0.0,,,0.0822443865974443,14.130363942948085,-24.26072788589617,-23.16981879498708,True,sigma_color_stat_mag,True,False
constant,14,2,0.567460681637547,-3.1696776363988564,0.0,,,0.09128413015511616,12.856891171337127,-21.713782342674254,-20.622873251765164,True,sigma_color_stat_mag,True,False
constant,14,2,0.567460681637547,-3.19899481804135,0.0,,,0.057772609927719105,18.21313891082116,-32.42627782164232,-31.335368730733233,True,sigma_color_stat_mag,True,False
constant,14,2,0.567460681637547,-3.202670875761212,0.0,,,0.06650428727786639,16.67614442664445,-29.352288853288897,-28.261379762379807,True,sigma_color_stat_mag,True,False
constant,14,2,0.567460681637547,-3.1976470030525257,0.0,,,0.05764881322158788,18.323653536372802,-32.647307072745605,-31.556397981836515,True,sigma_color_stat_mag,True,False
constant,14,2,0.567460681637547,-3.199353494845745,0.0,,,0.06749926943919986,16.464284920458848,-28.928569840917696,-27.837660750008606,True,sigma_color_stat_mag,True,False
constant,14,2,0.567460681637547,-3.233948894383449,0.0,,,0.056231178549491743,18.491522835992843,-32.983045671985685,-31.892136581076596,True,sigma_color_stat_mag,True,False
constant,14,2,0.567460681637547,-3.2617944380278847,0.0,,,0.061639834818796646,17.657495443850156,-31.31499088770031,-30.22408179679122,True,sigma_color_stat_mag,True,False
constant,14,2,0.567460681637547,-3.215899226373458,0.0,,,0.06441782313984362,16.925813767907425,-29.85162753581485,-28.76071844490576,True,sigma_color_stat_mag,True,False
constant,14,2,0.567460681637547,-3.2451747683484644,0.0,,,0.06164463131482929,17.538794893666132,-31.077589787332265,-29.986680696423175,True,sigma_color_stat_mag,True,False
constant,14,2,0.567460681637547,-3.2034314147049843,0.0,,,0.10304530324451364,11.329198464374905,-18.65839692874981,-17.56748783784072,True,sigma_color_stat_mag,True,False
constant,14,2,0.567460681637547,-3.20933061820207,0.0,,,0.08173800861304244,14.319509563327625,-24.63901912665525,-23.54811003574616,True,sigma_color_stat_mag,True,False
constant,14,2,0.567460681637547,-3.21414821214529,0.0,,,0.06573727787746757,16.88154583545992,-29.76309167091984,-28.67218258001075,True,sigma_color_stat_mag,True,False
constant,14,2,0.567460681637547,-3.212042164347183,0.0,,,0.07534915410351499,15.195729145675124,-26.391458291350247,-25.300549200441157,True,sigma_color_stat_mag,True,False
constant,14,2,0.567460681637547,-3.1769901274829344,0.0,,,0.08806318196166259,13.356691169095527,-22.713382338191053,-21.622473247281963,True,sigma_color_stat_mag,True,False
constant,14,2,0.567460681637547,-3.207803359167721,0.0,,,0.07657549964881025,15.011627138648839,-26.023254277297678,-24.932345186388588,True,sigma_color_stat_mag,True,False
constant,14,2,0.567460681637547,-3.2150969268617557,0.0,,,0.09094342288438122,12.974229695088642,-21.948459390177284,-20.857550299268194,True,sigma_color_stat_mag,True,False
constant,14,2,0.567460681637547,-3.2117990713871847,0.0,,,0.0507982420918034,19.49852896239792,-34.99705792479584,-33.906148833886746,True,sigma_color_stat_mag,True,False
constant,14,2,0.567460681637547,-3.1965202952666503,0.0,,,0.06663096164162968,16.746402189850127,-29.492804379700253,-28.401895288791163,True,sigma_color_stat_mag,True,False
constant,14,2,0.567460681637547,-3.2442825115294487,0.0,,,0.0599789488464061,17.7729120566819,-31.5458241133638,-30.45491502245471,True,sigma_color_stat_mag,True,False
constant,14,2,0.567460681637547,-3.1930637409936726,0.0,,,0.08623543315614329,13.611323887031602,-23.222647774063205,-22.131738683154115,True,sigma_color_stat_mag,True,False
constant,14,2,0.567460681637547,-3.233118645817072,0.0,,,0.06863289736006967,16.22281485027239,-28.445629700544778,-27.354720609635688,True,sigma_color_stat_mag,True,False
constant,14,2,0.567460681637547,-3.2544708239767144,0.0,,,0.06968576705033903,16.169351915619927,-28.338703831239854,-27.247794740330765,True,sigma_color_stat_mag,True,False
constant,14,2,0.567460681637547,-3.1900010715109164,0.0,,,0.08048713952169942,14.527344884301229,-25.054689768602458,-23.963780677693368,True,sigma_color_stat_mag,True,False
constant,14,2,0.567460681637547,-3.2367903037783092,0.0,,,0.06240120520256116,17.334188418243997,-30.668376836487994,-29.577467745578904,True,sigma_color_stat_mag,True,False
constant,14,2,0.567460681637547,-3.2450340685113264,0.0,,,0.05095762924094335,19.668659223523715,-35.33731844704743,-34.24640935613834,True,sigma_color_stat_mag,True,False
constant,14,2,0.567460681637547,-3.2543404032286185,0.0,,,0.05755204884392139,18.19905511648323,-32.39811023296646,-31.30720114205737,True,sigma_color_stat_mag,True,False
constant,14,2,0.567460681637547,-3.22295067210901,0.0,,,0.08588377624212509,13.613313090258263,-23.226626180516526,-22.135717089607436,True,sigma_color_stat_mag,True,False
constant,14,2,0.567460681637547,-3.202692288957985,0.0,,,0.06855507540305332,16.34487279094164,-28.68974558188328,-27.59883649097419,True,sigma_color_stat_mag,True,False
constant,14,2,0.567460681637547,-3.194571056431007,0.0,,,0.06586179710256151,16.824067116372056,-29.648134232744113,-28.557225141835023,True,sigma_color_stat_mag,True,False
constant,14,2,0.567460681637547,-3.167989821599596,0.0,,,0.06713588806320585,16.581483231156234,-29.16296646231247,-28.07205737140338,True,sigma_color_stat_mag,True,False
constant,14,2,0.567460681637547,-3.219796728062616,0.0,,,0.09048518562287956,12.96542203217238,-21.93084406434476,-20.83993497343567,True,sigma_color_stat_mag,True,False
constant,14,2,0.567460681637547,-3.229791157310396,0.0,,,0.08408620714433536,13.956022682544036,-23.912045365088073,-22.821136274178983,True,sigma_color_stat_mag,True,False
constant,14,2,0.567460681637547,-3.2372951425291023,0.0,,,0.06137983937868206,17.55638554537633,-31.11277109075266,-30.02186199984357,True,sigma_color_stat_mag,True,False
constant,14,2,0.567460681637547,-3.18831685454334,0.0,,,0.08388499365213661,13.848009415992378,-23.696018831984755,-22.605109741075665,True,sigma_color_stat_mag,True,False
constant,14,2,0.567460681637547,-3.205912285765453,0.0,,,0.0852304143754015,13.720945396696761,-23.441890793393522,-22.350981702484432,True,sigma_color_stat_mag,True,False
constant,14,2,0.567460681637547,-3.1856394852493444,0.0,,,0.06937456339998668,16.17438517850753,-28.348770357015063,-27.257861266105973,True,sigma_color_stat_mag,True,False
constant,14,2,0.567460681637547,-3.17191680971387,0.0,,,0.06602677109306108,16.677340598515322,-29.354681197030644,-28.263772106121554,True,sigma_color_stat_mag,True,False
constant,14,2,0.567460681637547,-3.193763952572602,0.0,,,0.08683214432063291,13.512905649988129,-23.025811299976258,-21.934902209067168,True,sigma_color_stat_mag,True,False
constant,14,2,0.567460681637547,-3.2118096903648587,0.0,,,0.076879377170077,14.888376023251315,-25.77675204650263,-24.68584295559354,True,sigma_color_stat_mag,True,False
constant,14,2,0.567460681637547,-3.224891686473115,0.0,,,0.07950507626027689,14.629632002113254,-25.25926400422651,-24.16835491331742,True,sigma_color_stat_mag,True,False
constant,14,2,0.567460681637547,-3.16441923257822,0.0,,,0.044153319593174645,20.54482721780695,-37.0896544356139,-35.99874534470481,True,sigma_color_stat_mag,True,False
constant,14,2,0.567460681637547,-3.1949080769004103,0.0,,,0.07081646500698101,15.857857284107771,-27.715714568215542,-26.624805477306452,True,sigma_color_stat_mag,True,False
constant,14,2,0.567460681637547,-3.219125966184164,0.0,,,0.08471900117885549,13.885504214708174,-23.771008429416348,-22.680099338507258,True,sigma_color_stat_mag,True,False
constant,14,2,0.567460681637547,-3.2422220773663515,0.0,,,0.06731074036728485,16.566941351299416,-29.133882702598832,-28.042973611689742,True,sigma_color_stat_mag,True,False
constant,14,2,0.567460681637547,-3.1984325360291486,0.0,,,0.08376934873169606,13.938193550012544,-23.876387100025088,-22.785478009115998,True,sigma_color_stat_mag,True,False
constant,14,2,0.567460681637547,-3.2541993055341365,0.0,,,0.07294269807435347,15.623526649680205,-27.24705329936041,-26.15614420845132,True,sigma_color_stat_mag,True,False
constant,14,2,0.567460681637547,-3.1997604697909874,0.0,,,0.07519861931992944,15.264547062123095,-26.52909412424619,-25.4381850333371,True,sigma_color_stat_mag,True,False
constant,14,2,0.567460681637547,-3.1821178617351165,0.0,,,0.09006100836608145,13.086643161488759,-22.173286322977518,-21.082377232068428,True,sigma_color_stat_mag,True,False
constant,14,2,0.567460681637547,-3.227842593479854,0.0,,,0.08754689129482264,13.410926871881523,-22.821853743763047,-21.730944652853957,True,sigma_color_stat_mag,True,False
constant,14,2,0.567460681637547,-3.219812551273189,0.0,,,0.07316488769411156,15.518027098940028,-27.036054197880055,-25.945145106970966,True,sigma_color_stat_mag,True,False
constant,14,2,0.567460681637547,-3.1965706737398403,0.0,,,0.08477419411969243,13.776043364194498,-23.552086728388996,-22.461177637479906,True,sigma_color_stat_mag,True,False
constant,14,2,0.567460681637547,-3.1792431408399686,0.0,,,0.04926179787113145,19.5430964530814,-35.0861929061628,-33.99528381525371,True,sigma_color_stat_mag,True,False
constant,14,2,0.567460681637547,-3.2498106721010824,0.0,,,0.07581626520192325,15.196279003847145,-26.39255800769429,-25.3016489167852,True,sigma_color_stat_mag,True,False
constant,14,2,0.567460681637547,-3.228711171214603,0.0,,,0.060041197125007995,17.904348107963777,-31.808696215927554,-30.717787125018464,True,sigma_color_stat_mag,True,False
constant,14,2,0.567460681637547,-3.2107771401583918,0.0,,,0.07316504847954335,15.695407458898067,-27.390814917796135,-26.299905826887045,True,sigma_color_stat_mag,True,False
constant,14,2,0.567460681637547,-3.2325943240232626,0.0,,,0.06250380585086118,17.382399706843223,-30.764799413686447,-29.673890322777357,True,sigma_color_stat_mag,True,False
constant,14,2,0.567460681637547,-3.215838785719689,0.0,,,0.05314192380209427,19.211715222339897,-34.423430444679795,-33.3325213537707,True,sigma_color_stat_mag,True,False
constant,14,2,0.567460681637547,-3.2014792395406575,0.0,,,0.08345698961781911,13.94634964005958,-23.89269928011916,-22.80179018921007,True,sigma_color_stat_mag,True,False
constant,14,2,0.567460681637547,-3.2221868669689333,0.0,,,0.06466109593447411,17.156168672380332,-30.312337344760664,-29.221428253851574,True,sigma_color_stat_mag,True,False
constant,14,2,0.567460681637547,-3.253539202177031,0.0,,,0.07913331605849243,14.662307851641408,-25.324615703282817,-24.233706612373727,True,sigma_color_stat_mag,True,False
constant,14,2,0.567460681637547,-3.204052562839348,0.0,,,0.07532739182900387,15.34845511867014,-26.69691023734028,-25.60600114643119,True,sigma_color_stat_mag,True,False
constant,14,2,0.567460681637547,-3.1942438780993587,0.0,,,0.08990706424712588,13.104915820678068,-22.209831641356136,-21.118922550447046,True,sigma_color_stat_mag,True,False
constant,14,2,0.567460681637547,-3.2099462278642776,0.0,,,0.07273563598659108,15.711637988731182,-27.423275977462364,-26.332366886553274,True,sigma_color_stat_mag,True,False
constant,14,2,0.567460681637547,-3.200201775530539,0.0,,,0.07000340316561232,16.106345518861414,-28.212691037722827,-27.121781946813737,True,sigma_color_stat_mag,True,False
constant,14,2,0.567460681637547,-3.2099304111426714,0.0,,,0.06712795446617091,16.599461532955477,-29.198923065910954,-28.108013975001864,True,sigma_color_stat_mag,True,False
constant,14,2,0.567460681637547,-3.1941892512289534,0.0,,,0.07633328078958766,15.098433474583675,-26.19686694916735,-25.10595785825826,True,sigma_color_stat_mag,True,False
constant,14,2,0.567460681637547,-3.2416656308085168,0.0,,,0.08234073105195985,14.120262738630359,-24.240525477260718,-23.149616386351628,True,sigma_color_stat_mag,True,False
constant,14,2,0.567460681637547,-3.243250666159861,0.0,,,0.07193479129929013,15.801472784807412,-27.602945569614825,-26.512036478705735,True,sigma_color_stat_mag,True,False
constant,14,2,0.567460681637547,-3.175352282276017,0.0,,,0.06597610261053122,16.82611836088719,-29.65223672177438,-28.56132763086529,True,sigma_color_stat_mag,True,False
constant,14,2,0.567460681637547,-3.233641140649564,0.0,,,0.08045495107174269,14.474131791916324,-24.94826358383265,-23.85735449292356,True,sigma_color_stat_mag,True,False
constant,14,2,0.567460681637547,-3.207287614769828,0.0,,,0.08662405344980233,13.514214315250445,-23.02842863050089,-21.9375195395918,True,sigma_color_stat_mag,True,False
constant,14,2,0.567460681637547,-3.2206003237339575,0.0,,,0.0875133213589915,13.374567075660016,-22.749134151320032,-21.658225060410942,True,sigma_color_stat_mag,True,False
constant,14,2,0.567460681637547,-3.182720638119937,0.0,,,0.07374226009404991,15.51967046589691,-27.03934093179382,-25.94843184088473,True,sigma_color_stat_mag,True,False
constant,14,2,0.567460681637547,-3.218012800885257,0.0,,,0.07296412969337608,15.520372227054862,-27.040744454109724,-25.949835363200634,True,sigma_color_stat_mag,True,False
constant,14,2,0.567460681637547,-3.2072854751734523,0.0,,,0.06738800375135506,16.490465165605997,-28.980930331211994,-27.890021240302904,True,sigma_color_stat_mag,True,False
constant,14,2,0.567460681637547,-3.185226079244366,0.0,,,0.09390696196533567,12.53147086626601,-21.06294173253202,-19.97203264162293,True,sigma_color_stat_mag,True,False
constant,14,2,0.567460681637547,-3.229533368744617,0.0,,,0.07039241363574372,16.010127996497463,-28.020255992994926,-26.929346902085836,True,sigma_color_stat_mag,True,False
constant,14,2,0.567460681637547,-3.221136263770148,0.0,,,0.08928791751262381,13.181143211097712,-22.362286422195425,-21.271377331286335,True,sigma_color_stat_mag,True,False
constant,14,2,0.567460681637547,-3.206707221947317,0.0,,,0.07200612333822264,15.724889344322285,-27.44977868864457,-26.35886959773548,True,sigma_color_stat_mag,True,False
constant,14,2,0.567460681637547,-3.2141538017265883,0.0,,,0.07788264509605909,14.813540141320788,-25.627080282641575,-24.536171191732485,True,sigma_color_stat_mag,True,False
constant,14,2,0.567460681637547,-3.2136973577413706,0.0,,,0.06920506789382037,16.20582607862481,-28.41165215724962,-27.32074306634053,True,sigma_color_stat_mag,True,False
constant,14,2,0.567460681637547,-3.2270297303474953,0.0,,,0.08097960269755071,14.372358482133983,-24.744716964267965,-23.653807873358875,True,sigma_color_stat_mag,True,False
constant,14,2,0.567460681637547,-3.2001126389308214,0.0,,,0.09556709423427602,12.298185824496167,-20.596371648992335,-19.505462558083245,True,sigma_color_stat_mag,True,False
constant,14,2,0.567460681637547,-3.2637210786936652,0.0,,,0.0776398853003131,14.83688743307189,-25.67377486614378,-24.58286577523469,True,sigma_color_stat_mag,True,False
constant,14,2,0.567460681637547,-3.2151949039521077,0.0,,,0.07189424265674837,15.791631396220227,-27.583262792440454,-26.492353701531364,True,sigma_color_stat_mag,True,False
constant,14,2,0.567460681637547,-3.1932618501755377,0.0,,,0.07572391861092201,15.172832209548146,-26.34566441909629,-25.2547553281872,True,sigma_color_stat_mag,True,False
constant,14,2,0.567460681637547,-3.246327758277942,0.0,,,0.08196399071636185,14.208076602102638,-24.416153204205276,-23.325244113296186,True,sigma_color_stat_mag,True,False
constant,14,2,0.567460681637547,-3.2229918172216343,0.0,,,0.06892471530196484,16.16992315684875,-28.3398463136975,-27.24893722278841,True,sigma_color_stat_mag,True,False
constant,14,2,0.567460681637547,-3.180848637749427,0.0,,,0.07431774150005391,15.319862358837506,-26.639724717675012,-25.548815626765922,True,sigma_color_stat_mag,True,False
constant,14,2,0.567460681637547,-3.2351594822101175,0.0,,,0.0769268114911589,14.994653348112685,-25.98930669622537,-24.89839760531628,True,sigma_color_stat_mag,True,False
constant,14,2,0.567460681637547,-3.2223139588457945,0.0,,,0.08602636789322837,13.55568504431347,-23.11137008862694,-22.02046099771785,True,sigma_color_stat_mag,True,False
constant,14,2,0.567460681637547,-3.2258210736366784,0.0,,,0.09010402595376618,13.012605772564775,-22.02521154512955,-20.93430245422046,True,sigma_color_stat_mag,True,False
constant,14,2,0.567460681637547,-3.187572909315382,0.0,,,0.09115038371235716,12.914680109588549,-21.829360219177097,-20.738451128268007,True,sigma_color_stat_mag,True,False
constant,14,2,0.567460681637547,-3.2104879899935543,0.0,,,0.07107863757195704,15.86651050473152,-27.73302100946304,-26.64211191855395,True,sigma_color_stat_mag,True,False
constant,14,2,0.567460681637547,-3.226819207336906,0.0,,,0.06470984755098165,17.062892932271406,-30.125785864542813,-29.034876773633723,True,sigma_color_stat_mag,True,False
constant,14,2,0.567460681637547,-3.2345911950712427,0.0,,,0.07007154015097442,16.137715900906258,-28.275431801812516,-27.184522710903426,True,sigma_color_stat_mag,True,False
constant,14,2,0.567460681637547,-3.215888633413029,0.0,,,0.07483030200913243,15.317956710027708,-26.635913420055417,-25.545004329146327,True,sigma_color_stat_mag,True,False
constant,14,2,0.567460681637547,-3.199874229498296,0.0,,,0.09818263042264554,11.956541344939973,-19.913082689879946,-18.822173598970856,True,sigma_color_stat_mag,True,False
constant,14,2,0.567460681637547,-3.1892167433989793,0.0,,,0.1050819857422796,11.082542942716167,-18.165085885432333,-17.074176794523243,True,sigma_color_stat_mag,True,False
constant,14,2,0.567460681637547,-3.2116550543150217,0.0,,,0.060599191303422055,17.748969859303912,-31.497939718607824,-30.407030627698735,True,sigma_color_stat_mag,True,False
constant,14,2,0.567460681637547,-3.186476394980754,0.0,,,0.05744897674645266,18.00181841750274,-32.00363683500548,-30.91272774409639,True,sigma_color_stat_mag,True,False
constant,14,2,0.567460681637547,-3.169397291029703,0.0,,,0.0364993437852329,22.4649944639187,-40.9299889278374,-39.839079836928306,True,sigma_color_stat_mag,True,False
constant,14,2,0.567460681637547,-3.2444662248603744,0.0,,,0.07164236775837912,15.76268839784077,-27.52537679568154,-26.43446770477245,True,sigma_color_stat_mag,True,False
constant,14,2,0.567460681637547,-3.20131950491937,0.0,,,0.0796848662643302,14.569313221959058,-25.138626443918117,-24.047717353009027,True,sigma_color_stat_mag,True,False
constant,14,2,0.567460681637547,-3.24458807313761,0.0,,,0.06395880588367296,17.030183223463823,-30.060366446927645,-28.969457356018555,True,sigma_color_stat_mag,True,False
constant,14,2,0.567460681637547,-3.1636099874982304,0.0,,,0.08379771717084272,13.750311148956929,-23.500622297913857,-22.409713207004767,True,sigma_color_stat_mag,True,False
constant,14,2,0.567460681637547,-3.221151342140907,0.0,,,0.07384176554213397,15.499326612207877,-26.998653224415754,-25.907744133506664,True,sigma_color_stat_mag,True,False
constant,14,2,0.567460681637547,-3.1909687284047874,0.0,,,0.07678199676273753,14.942957013867755,-25.88591402773551,-24.79500493682642,True,sigma_color_stat_mag,True,False
constant,14,2,0.567460681637547,-3.194577320996884,0.0,,,0.07309190886688391,15.604059320929101,-27.208118641858203,-26.117209550949113,True,sigma_color_stat_mag,True,False
constant,14,2,0.567460681637547,-3.182175127935372,0.0,,,0.06812984763111041,16.262751600263424,-28.52550320052685,-27.43459410961776,True,sigma_color_stat_mag,True,False
constant,14,2,0.567460681637547,-3.171473877087549,0.0,,,0.06863602579629133,16.459800258577573,-28.919600517155146,-27.828691426246056,True,sigma_color_stat_mag,True,False
constant,14,2,0.567460681637547,-3.22239661980828,0.0,,,0.04955430299070716,19.934879247312974,-35.86975849462595,-34.778849403716855,True,sigma_color_stat_mag,True,False
constant,14,2,0.567460681637547,-3.197206234514364,0.0,,,0.08129489667699119,14.299086719200861,-24.598173438401723,-23.507264347492633,True,sigma_color_stat_mag,True,False
constant,14,2,0.567460681637547,-3.2041503481935747,0.0,,,0.08445035329003253,13.745700694830186,-23.49140138966037,-22.40049229875128,True,sigma_color_stat_mag,True,False
constant,14,2,0.567460681637547,-3.1896911901639053,0.0,,,0.08431480641567324,13.808287044917982,-23.616574089835964,-22.525664998926874,True,sigma_color_stat_mag,True,False
constant,14,2,0.567460681637547,-3.240325356735915,0.0,,,0.0746814568736194,15.382755167224072,-26.765510334448145,-25.674601243539055,True,sigma_color_stat_mag,True,False
constant,14,2,0.567460681637547,-3.200449105807956,0.0,,,0.10087556281656848,11.630345035424426,-19.260690070848852,-18.169780979939762,True,sigma_color_stat_mag,True,False
constant,14,2,0.567460681637547,-3.235062245056408,0.0,,,0.07310868121257927,15.536328910564013,-27.072657821128026,-25.981748730218936,True,sigma_color_stat_mag,True,False
constant,14,2,0.567460681637547,-3.2078657567604774,0.0,,,0.09257321452407358,12.698008511863714,-21.396017023727428,-20.305107932818338,True,sigma_color_stat_mag,True,False
constant,14,2,0.567460681637547,-3.180531272517334,0.0,,,0.09820812752298268,11.96052144855603,-19.92104289711206,-18.83013380620297,True,sigma_color_stat_mag,True,False
constant,14,2,0.567460681637547,-3.2361056880279815,0.0,,,0.08026276783734909,14.482764265257467,-24.965528530514934,-23.874619439605844,True,sigma_color_stat_mag,True,False
constant,14,2,0.567460681637547,-3.2071128528811275,0.0,,,0.07980479333072422,14.529343094850658,-25.058686189701316,-23.967777098792226,True,sigma_color_stat_mag,True,False
constant,14,2,0.567460681637547,-3.2139352068091074,0.0,,,0.08112029008632002,14.33969737524706,-24.67939475049412,-23.58848565958503,True,sigma_color_stat_mag,True,False
constant,14,2,0.567460681637547,-3.2616094407023217,0.0,,,0.07091111453329502,15.863470857797942,-27.726941715595885,-26.636032624686795,True,sigma_color_stat_mag,True,False
constant,14,2,0.567460681637547,-3.212038996718212,0.0,,,0.04652749383454081,20.19689521093037,-36.39379042186074,-35.30288133095165,True,sigma_color_stat_mag,True,False
constant,14,2,0.567460681637547,-3.200360769612265,0.0,,,0.06144091790311759,17.563300826882507,-31.126601653765015,-30.035692562855925,True,sigma_color_stat_mag,True,False
constant,14,2,0.567460681637547,-3.217798019393856,0.0,,,0.08157205634022881,14.263021291759944,-24.52604258351989,-23.4351334926108,True,sigma_color_stat_mag,True,False
constant,14,2,0.567460681637547,-3.254808446107888,0.0,,,0.06975646193885228,16.1601864727295,-28.320372945459,-27.22946385454991,True,sigma_color_stat_mag,True,False
constant,14,2,0.567460681637547,-3.232087156414226,0.0,,,0.10121031447284606,11.552794216964607,-19.105588433929213,-18.014679343020124,True,sigma_color_stat_mag,True,False
constant,14,2,0.567460681637547,-3.1900264384859196,0.0,,,0.08191666868864227,14.167746214930208,-24.335492429860416,-23.244583338951326,True,sigma_color_stat_mag,True,False
constant,14,2,0.567460681637547,-3.2104746419843426,0.0,,,0.09747139984214043,11.991508213116138,-19.983016426232275,-18.892107335323185,True,sigma_color_stat_mag,True,False
constant,14,2,0.567460681637547,-3.241283555667662,0.0,,,0.07528248822442268,15.273332938243652,-26.546665876487303,-25.455756785578213,True,sigma_color_stat_mag,True,False
constant,14,2,0.567460681637547,-3.207982223844536,0.0,,,0.06449788476066398,16.975713119390377,-29.951426238780755,-28.860517147871665,True,sigma_color_stat_mag,True,False
constant,14,2,0.567460681637547,-3.239283665586397,0.0,,,0.06413953352178492,17.140878605016766,-30.281757210033533,-29.190848119124443,True,sigma_color_stat_mag,True,False
constant,14,2,0.567460681637547,-3.1596113117210973,0.0,,,0.06339084988150019,17.373608222926254,-30.74721644585251,-29.65630735494342,True,sigma_color_stat_mag,True,False
constant,14,2,0.567460681637547,-3.2133306124306147,0.0,,,0.07496172732230114,15.275986585797765,-26.55197317159553,-25.46106408068644,True,sigma_color_stat_mag,True,False
constant,14,2,0.567460681637547,-3.232561980597225,0.0,,,0.05551703421783857,18.66997553096643,-33.33995106193286,-32.249041971023765,True,sigma_color_stat_mag,True,False
constant,14,2,0.567460681637547,-3.2079463735488174,0.0,,,0.061170016578223275,17.779723438235195,-31.55944687647039,-30.4685377855613,True,sigma_color_stat_mag,True,False
constant,14,2,0.567460681637547,-3.209634292994324,0.0,,,0.07723533188147476,14.905072680685088,-25.810145361370175,-24.719236270461085,True,sigma_color_stat_mag,True,False
constant,14,2,0.567460681637547,-3.2128818895068627,0.0,,,0.07741244211158721,14.868510897225427,-25.737021794450854,-24.646112703541764,True,sigma_color_stat_mag,True,False
constant,14,2,0.567460681637547,-3.189791204389546,0.0,,,0.09371299564039551,12.465427207058655,-20.93085441411731,-19.83994532320822,True,sigma_color_stat_mag,True,False
constant,14,2,0.567460681637547,-3.2047112077723745,0.0,,,0.0737841530856541,15.54389775493858,-27.08779550987716,-25.99688641896807,True,sigma_color_stat_mag,True,False
constant,14,2,0.567460681637547,-3.2289069842010143,0.0,,,0.08082672539904903,14.37069958984557,-24.74139917969114,-23.65049008878205,True,sigma_color_stat_mag,True,False
constant,14,2,0.567460681637547,-3.1744063985909814,0.0,,,0.051321645596416984,19.089379146433654,-34.17875829286731,-33.087849201958214,True,sigma_color_stat_mag,True,False
constant,14,2,0.567460681637547,-3.1815434848865167,0.0,,,0.08724809848523003,13.47268643049177,-22.94537286098354,-21.85446377007445,True,sigma_color_stat_mag,True,False
constant,14,2,0.567460681637547,-3.201419751365032,0.0,,,0.06775350569703488,16.596623149489414,-29.193246298978828,-28.102337208069738,True,sigma_color_stat_mag,True,False
constant,14,2,0.567460681637547,-3.2048854449894497,0.0,,,0.09886620132852048,11.852395519371822,-19.704791038743643,-18.613881947834553,True,sigma_color_stat_mag,True,False
constant,14,2,0.567460681637547,-3.2143912011614444,0.0,,,0.08835723162244198,13.27145902453596,-22.54291804907192,-21.45200895816283,True,sigma_color_stat_mag,True,False
constant,14,2,0.567460681637547,-3.199611468158452,0.0,,,0.06529788971945628,16.947287854380434,-29.89457570876087,-28.80366661785178,True,sigma_color_stat_mag,True,False
constant,14,2,0.567460681637547,-3.1897263179468722,0.0,,,0.07703672896442085,14.959562412168452,-25.919124824336905,-24.828215733427815,True,sigma_color_stat_mag,True,False
constant,14,2,0.567460681637547,-3.218458318497123,0.0,,,0.0862146131998603,13.641230091564026,-23.28246018312805,-22.191551092218962,True,sigma_color_stat_mag,True,False
constant,14,2,0.567460681637547,-3.246508788452107,0.0,,,0.07414366916155588,15.338255506918149,-26.676511013836297,-25.585601922927207,True,sigma_color_stat_mag,True,False
constant,14,2,0.567460681637547,-3.213647447713637,0.0,,,0.07576104022558502,15.108659695639057,-26.217319391278114,-25.126410300369024,True,sigma_color_stat_mag,True,False
constant,14,2,0.567460681637547,-3.206911706734974,0.0,,,0.08720180463557288,13.453942076671709,-22.907884153343417,-21.816975062434327,True,sigma_color_stat_mag,True,False
constant,14,2,0.567460681637547,-3.1960387464183797,0.0,,,0.07620586383446872,15.093910419796586,-26.187820839593172,-25.096911748684082,True,sigma_color_stat_mag,True,False
constant,14,2,0.567460681637547,-3.1717420118744397,0.0,,,0.06769630290144438,16.508443400712636,-29.016886801425272,-27.925977710516182,True,sigma_color_stat_mag,True,False
constant,14,2,0.567460681637547,-3.1936255753163927,0.0,,,0.08706943562023829,13.430929094303822,-22.861858188607645,-21.770949097698555,True,sigma_color_stat_mag,True,False
constant,14,2,0.567460681637547,-3.2384906069854438,0.0,,,0.07241520688931526,15.743379315162263,-27.486758630324527,-26.395849539415437,True,sigma_color_stat_mag,True,False
constant,14,2,0.567460681637547,-3.2172938978295416,0.0,,,0.07670826776505663,15.074802917171779,-26.149605834343557,-25.058696743434467,True,sigma_color_stat_mag,True,False
constant,14,2,0.567460681637547,-3.2141499073918083,0.0,,,0.08756002523746827,13.359714976913539,-22.719429953827078,-21.628520862917988,True,sigma_color_stat_mag,True,False
constant,14,2,0.567460681637547,-3.1932619735277177,0.0,,,0.0865992720281497,13.544004696846152,-23.088009393692303,-21.997100302783213,True,sigma_color_stat_mag,True,False
constant,14,2,0.567460681637547,-3.194593530522878,0.0,,,0.0782621319601815,14.680948029425972,-25.361896058851944,-24.270986967942854,True,sigma_color_stat_mag,True,False
constant,14,2,0.567460681637547,-3.2172993186103724,0.0,,,0.06494648537965188,17.021702251895952,-30.043404503791905,-28.952495412882815,True,sigma_color_stat_mag,True,False
constant,14,2,0.567460681637547,-3.1447970027299332,0.0,,,0.05996103521189596,17.69784196485608,-31.395683929712163,-30.304774838803073,True,sigma_color_stat_mag,True,False
constant,14,2,0.567460681637547,-3.2156244032332677,0.0,,,0.09577295198386038,12.289362848826467,-20.578725697652935,-19.487816606743845,True,sigma_color_stat_mag,True,False
constant,14,2,0.567460681637547,-3.2205104449918784,0.0,,,0.07000212474225104,16.17349996987305,-28.346999939746098,-27.256090848837008,True,sigma_color_stat_mag,True,False
constant,14,2,0.567460681637547,-3.194304712689948,0.0,,,0.09061352724210046,12.921321436136083,-21.842642872272165,-20.751733781363075,True,sigma_color_stat_mag,True,False
constant,14,2,0.567460681637547,-3.2485403763337604,0.0,,,0.05642116724557678,18.415208236294003,-32.830416472588006,-31.739507381678916,True,sigma_color_stat_mag,True,False
constant,14,2,0.567460681637547,-3.182819034070779,0.0,,,0.08097170595422552,14.3365725185035,-24.673145037007,-23.58223594609791,True,sigma_color_stat_mag,True,False
constant,14,2,0.567460681637547,-3.1978593077733515,0.0,,,0.07467490163209137,15.282375998950648,-26.564751997901297,-25.473842906992207,True,sigma_color_stat_mag,True,False
constant,14,2,0.567460681637547,-3.2182760592718744,0.0,,,0.07549841959856052,15.259939658565514,-26.51987931713103,-25.42897022622194,True,sigma_color_stat_mag,True,False
constant,14,2,0.567460681637547,-3.217917381342808,0.0,,,0.08325537366416809,13.976496223626638,-23.952992447253276,-22.862083356344186,True,sigma_color_stat_mag,True,False
constant,14,2,0.567460681637547,-3.2004586047756454,0.0,,,0.08925163468938607,13.127176358129379,-22.254352716258758,-21.163443625349668,True,sigma_color_stat_mag,True,False
constant,14,2,0.567460681637547,-3.196285008935823,0.0,,,0.08567799824131116,13.725713918569962,-23.451427837139924,-22.360518746230834,True,sigma_color_stat_mag,True,False
constant,14,2,0.567460681637547,-3.2274811882098153,0.0,,,0.07585315502263044,15.24444700504386,-26.48889401008772,-25.39798491917863,True,sigma_color_stat_mag,True,False
constant,14,2,0.567460681637547,-3.218941733603936,0.0,,,0.10249160379261818,11.43287847156261,-18.86575694312522,-17.77484785221613,True,sigma_color_stat_mag,True,False
constant,14,2,0.567460681637547,-3.1721964889307266,0.0,,,0.0733151602136216,15.498906891292417,-26.997813782584835,-25.906904691675745,True,sigma_color_stat_mag,True,False
constant,14,2,0.567460681637547,-3.243725739667318,0.0,,,0.06588045699538818,16.854404597871216,-29.708809195742433,-28.617900104833343,True,sigma_color_stat_mag,True,False
constant,14,2,0.567460681637547,-3.189306822849841,0.0,,,0.10440156190486555,11.165915948530133,-18.331831897060265,-17.240922806151175,True,sigma_color_stat_mag,True,False
constant,14,2,0.567460681637547,-3.2239875973812735,0.0,,,0.11118503282393133,10.38057619094881,-16.76115238189762,-15.67024329098853,True,sigma_color_stat_mag,True,False
constant,14,2,0.567460681637547,-3.200831016617195,0.0,,,0.07792871783646123,14.8115195611289,-25.6230391222578,-24.53213003134871,True,sigma_color_stat_mag,True,False
constant,14,2,0.567460681637547,-3.189830973122287,0.0,,,0.0792182693620551,14.726993597592847,-25.453987195185693,-24.363078104276603,True,sigma_color_stat_mag,True,False
constant,14,2,0.567460681637547,-3.2106004080643484,0.0,,,0.08768921864180769,13.390678285704608,-22.781356571409216,-21.690447480500126,True,sigma_color_stat_mag,True,False
constant,14,2,0.567460681637547,-3.1517205145588574,0.0,,,0.0731115127293954,15.722042567495546,-27.44408513499109,-26.353176044082,True,sigma_color_stat_mag,True,False
constant,14,2,0.567460681637547,-3.2407868622172797,0.0,,,0.06314586542428019,17.385181609948816,-30.770363219897632,-29.679454128988542,True,sigma_color_stat_mag,True,False
constant,14,2,0.567460681637547,-3.229058429214419,0.0,,,0.08084878263103672,14.36103234009796,-24.72206468019592,-23.63115558928683,True,sigma_color_stat_mag,True,False
constant,14,2,0.567460681637547,-3.2144205311043654,0.0,,,0.08523739047892884,13.755708290373335,-23.51141658074667,-22.42050748983758,True,sigma_color_stat_mag,True,False
constant,14,2,0.567460681637547,-3.185780346974998,0.0,,,0.07704496725759438,14.96118445839715,-25.9223689167943,-24.83145982588521,True,sigma_color_stat_mag,True,False
constant,14,2,0.567460681637547,-3.2065194957949354,0.0,,,0.053504415119262745,18.931166649159508,-33.862333298319015,-32.77142420740992,True,sigma_color_stat_mag,True,False
constant,14,2,0.567460681637547,-3.1747664503742925,0.0,,,0.061174810325020035,17.458463684043984,-30.91692736808797,-29.82601827717888,True,sigma_color_stat_mag,True,False
constant,14,2,0.567460681637547,-3.2133953271223166,0.0,,,0.08810701438022253,13.239297570073674,-22.47859514014735,-21.38768604923826,True,sigma_color_stat_mag,True,False
constant,14,2,0.567460681637547,-3.2491285603127524,0.0,,,0.09554903752672199,12.306614596634542,-20.613229193269085,-19.522320102359995,True,sigma_color_stat_mag,True,False
constant,14,2,0.567460681637547,-3.1825811547100935,0.0,,,0.10332860811234502,11.289145689478126,-18.57829137895625,-17.48738228804716,True,sigma_color_stat_mag,True,False
constant,14,2,0.567460681637547,-3.2011711648327337,0.0,,,0.07582901153615323,15.174513625550095,-26.34902725110019,-25.2581181601911,True,sigma_color_stat_mag,True,False
constant,14,2,0.567460681637547,-3.1815043040546995,0.0,,,0.07290256877302174,15.457813058956955,-26.91562611791391,-25.82471702700482,True,sigma_color_stat_mag,True,False
constant,14,2,0.567460681637547,-3.1907529291979873,0.0,,,0.0809628797095711,14.45743307328561,-24.91486614657122,-23.82395705566213,True,sigma_color_stat_mag,True,False
constant,14,2,0.567460681637547,-3.2235691723633937,0.0,,,0.07965733989385118,14.575111382080008,-25.150222764160016,-24.059313673250927,True,sigma_color_stat_mag,True,False
constant,14,2,0.567460681637547,-3.231819688085355,0.0,,,0.09173209269679318,12.817814791997572,-21.635629583995144,-20.544720493086054,True,sigma_color_stat_mag,True,False
constant,14,2,0.567460681637547,-3.2218932390986805,0.0,,,0.08388187061794251,13.910610813461737,-23.821221626923474,-22.730312536014385,True,sigma_color_stat_mag,True,False
constant,14,2,0.567460681637547,-3.153552820713055,0.0,,,0.10046598428272883,11.645166450293445,-19.29033290058689,-18.1994238096778,True,sigma_color_stat_mag,True,False
constant,14,2,0.567460681637547,-3.207895618152937,0.0,,,0.056936018440197446,18.581058513138984,-33.16211702627797,-32.071207935368875,True,sigma_color_stat_mag,True,False
constant,14,2,0.567460681637547,-3.186227904246413,0.0,,,0.07665112465250414,15.076020482716745,-26.15204096543349,-25.0611318745244,True,sigma_color_stat_mag,True,False
constant,14,2,0.567460681637547,-3.159182112063579,0.0,,,0.08012295267089717,14.591270300870733,-25.182540601741465,-24.091631510832375,True,sigma_color_stat_mag,True,False
constant,14,2,0.567460681637547,-3.2103662850058345,0.0,,,0.0809683211721394,14.400295095754117,-24.800590191508235,-23.709681100599145,True,sigma_color_stat_mag,True,False
constant,14,2,0.567460681637547,-3.236325996762395,0.0,,,0.06368715649705009,17.14562435300355,-30.291248706007103,-29.200339615098013,True,sigma_color_stat_mag,True,False
constant,14,2,0.567460681637547,-3.203648086501681,0.0,,,0.057882632428986724,18.35082616201053,-32.70165232402106,-31.61074323311197,True,sigma_color_stat_mag,True,False
constant,14,2,0.567460681637547,-3.173247687519335,0.0,,,0.08922581496782585,13.167188810289018,-22.334377620578035,-21.243468529668945,True,sigma_color_stat_mag,True,False
constant,14,2,0.567460681637547,-3.2186553786191223,0.0,,,0.08822744010345829,13.289092081017294,-22.57818416203459,-21.4872750711255,True,sigma_color_stat_mag,True,False
constant,14,2,0.567460681637547,-3.226127321396216,0.0,,,0.06044563407620777,17.87600805734349,-31.75201611468698,-30.66110702377789,True,sigma_color_stat_mag,True,False
constant,14,2,0.567460681637547,-3.221190094448793,0.0,,,0.08035612009130544,14.41302818010683,-24.82605636021366,-23.73514726930457,True,sigma_color_stat_mag,True,False
constant,14,2,0.567460681637547,-3.2196138591376586,0.0,,,0.0756475201597594,15.172329119409952,-26.344658238819903,-25.253749147910813,True,sigma_color_stat_mag,True,False
constant,14,2,0.567460681637547,-3.2189822028268145,0.0,,,0.08318099334482493,14.026690558330046,-24.05338111666009,-22.962472025751,True,sigma_color_stat_mag,True,False
constant,14,2,0.567460681637547,-3.1700855368248915,0.0,,,0.08374965890181602,13.899735660603882,-23.799471321207765,-22.708562230298675,True,sigma_color_stat_mag,True,False
constant,14,2,0.567460681637547,-3.1750138672775354,0.0,,,0.05977918786521955,17.917204171247157,-31.834408342494314,-30.743499251585224,True,sigma_color_stat_mag,True,False
constant,14,2,0.567460681637547,-3.1578894214427917,0.0,,,0.06355516390968015,17.01569909289547,-30.03139818579094,-28.94048909488185,True,sigma_color_stat_mag,True,False
constant,14,2,0.567460681637547,-3.2387582648045408,0.0,,,0.08141331740527304,14.314919336087195,-24.62983867217439,-23.5389295812653,True,sigma_color_stat_mag,True,False
constant,14,2,0.567460681637547,-3.1718687097846785,0.0,,,0.09050956403942054,13.014451981287422,-22.028903962574844,-20.937994871665754,True,sigma_color_stat_mag,True,False
constant,14,2,0.567460681637547,-3.207571583216899,0.0,,,0.07275056357034178,15.647846951955936,-27.29569390391187,-26.20478481300278,True,sigma_color_stat_mag,True,False
constant,14,2,0.567460681637547,-3.183754035554559,0.0,,,0.07761905887011049,14.753423721480479,-25.506847442960957,-24.415938352051867,True,sigma_color_stat_mag,True,False
constant,14,2,0.567460681637547,-3.2251028216250197,0.0,,,0.0629182183879406,17.346643193089836,-30.693286386179672,-29.602377295270582,True,sigma_color_stat_mag,True,False
constant,14,2,0.567460681637547,-3.2182975176389057,0.0,,,0.09040858243125785,12.97062519515247,-21.94125039030494,-20.85034129939585,True,sigma_color_stat_mag,True,False
constant,14,2,0.567460681637547,-3.1871462575588856,0.0,,,0.07283270391309135,15.609415185769064,-27.21883037153813,-26.12792128062904,True,sigma_color_stat_mag,True,False
constant,14,2,0.567460681637547,-3.210512850298654,0.0,,,0.08319037825015087,13.97712000225653,-23.95424000451306,-22.86333091360397,True,sigma_color_stat_mag,True,False
constant,14,2,0.567460681637547,-3.1827318139047733,0.0,,,0.06560447249075461,16.69468342292016,-29.38936684584032,-28.29845775493123,True,sigma_color_stat_mag,True,False
constant,14,2,0.567460681637547,-3.1924116721794316,0.0,,,0.08570068358253749,13.635709959045561,-23.271419918091123,-22.180510827182033,True,sigma_color_stat_mag,True,False
constant,14,2,0.567460681637547,-3.2266287843206,0.0,,,0.07630444718593135,15.038409199004422,-26.076818398008843,-24.985909307099753,True,sigma_color_stat_mag,True,False
constant,14,2,0.567460681637547,-3.2049274903961025,0.0,,,0.09245821440031976,12.66715576578926,-21.33431153157852,-20.24340244066943,True,sigma_color_stat_mag,True,False
constant,14,2,0.567460681637547,-3.235408105827863,0.0,,,0.053339239446331316,19.109934129475732,-34.219868258951465,-33.12895916804237,True,sigma_color_stat_mag,True,False
constant,14,2,0.567460681637547,-3.180608868292167,0.0,,,0.04862990389138215,20.108640391565764,-36.21728078313153,-35.126371692222435,True,sigma_color_stat_mag,True,False
constant,14,2,0.567460681637547,-3.198233392408435,0.0,,,0.0808321344915483,14.395534754131235,-24.79106950826247,-23.70016041735338,True,sigma_color_stat_mag,True,False
constant,14,2,0.567460681637547,-3.214495896381934,0.0,,,0.06924150904298239,16.130371228279387,-28.260742456558773,-27.169833365649684,True,sigma_color_stat_mag,True,False
constant,14,2,0.567460681637547,-3.1823054030609823,0.0,,,0.08869242493254523,13.221400789569564,-22.44280157913913,-21.35189248823004,True,sigma_color_stat_mag,True,False
constant,14,2,0.567460681637547,-3.2360406826996178,0.0,,,0.06501224024332172,16.914010981774,-29.828021963547997,-28.737112872638907,True,sigma_color_stat_mag,True,False
constant,14,2,0.567460681637547,-3.2188539447538402,0.0,,,0.09312143454208899,12.583474445967632,-21.166948891935263,-20.076039801026173,True,sigma_color_stat_mag,True,False
constant,14,2,0.567460681637547,-3.2271065206896106,0.0,,,0.08708397693340164,13.470734214370285,-22.94146842874057,-21.85055933783148,True,sigma_color_stat_mag,True,False
constant,14,2,0.567460681637547,-3.21117035148502,0.0,,,0.07627572148271476,15.101683471674693,-26.203366943349387,-25.112457852440297,True,sigma_color_stat_mag,True,False
constant,14,2,0.567460681637547,-3.2179344370933145,0.0,,,0.07743843498244139,14.859286917271124,-25.718573834542248,-24.627664743633158,True,sigma_color_stat_mag,True,False
constant,14,2,0.567460681637547,-3.218470909482236,0.0,,,0.09321096827932145,12.608093569282659,-21.216187138565317,-20.125278047656227,True,sigma_color_stat_mag,True,False
constant,14,2,0.567460681637547,-3.1744618210944684,0.0,,,0.07567118371509304,15.208217568494781,-26.416435136989563,-25.325526046080473,True,sigma_color_stat_mag,True,False
constant,14,2,0.567460681637547,-3.148024483319808,0.0,,,0.05560811397863484,18.553768992568173,-33.10753798513635,-32.01662889422725,True,sigma_color_stat_mag,True,False
constant,14,2,0.567460681637547,-3.2260948765038524,0.0,,,0.0741245067297214,15.376518013217716,-26.75303602643543,-25.66212693552634,True,sigma_color_stat_mag,True,False
constant,14,2,0.567460681637547,-3.1752636482805405,0.0,,,0.0750515809158114,15.075799019207187,-26.151598038414374,-25.060688947505284,True,sigma_color_stat_mag,True,False
constant,14,2,0.567460681637547,-3.190007649333228,0.0,,,0.06501340855421858,17.087826412797114,-30.175652825594227,-29.084743734685137,True,sigma_color_stat_mag,True,False
constant,14,2,0.567460681637547,-3.2133749033873915,0.0,,,0.0655271734133574,16.87639605221265,-29.752792104425303,-28.661883013516213,True,sigma_color_stat_mag,True,False
constant,14,2,0.567460681637547,-3.21896839364528,0.0,,,0.0750971660998308,15.291132204768733,-26.582264409537466,-25.491355318628376,True,sigma_color_stat_mag,True,False
constant,14,2,0.567460681637547,-3.1900581370370853,0.0,,,0.07889520431563017,14.668824205596918,-25.337648411193836,-24.246739320284746,True,sigma_color_stat_mag,True,False
constant,14,2,0.567460681637547,-3.224209058359393,0.0,,,0.08485408745046953,13.792285880242858,-23.584571760485716,-22.493662669576626,True,sigma_color_stat_mag,True,False
constant,14,2,0.567460681637547,-3.201318330809304,0.0,,,0.05921864475405828,17.92765107061243,-31.85530214122486,-30.76439305031577,True,sigma_color_stat_mag,True,False
constant,14,2,0.567460681637547,-3.2482309113731134,0.0,,,0.0666828756738979,16.666046900418923,-29.332093800837846,-28.241184709928756,True,sigma_color_stat_mag,True,False
constant,14,2,0.567460681637547,-3.2102877656295847,0.0,,,0.08949872268230545,13.135023875867446,-22.270047751734893,-21.179138660825803,True,sigma_color_stat_mag,True,False
constant,14,2,0.567460681637547,-3.2092709574778033,0.0,,,0.07369332312827608,15.564410857664685,-27.12882171532937,-26.03791262442028,True,sigma_color_stat_mag,True,False
constant,14,2,0.567460681637547,-3.193424983320262,0.0,,,0.08312931189424275,14.01094836082725,-24.0218967216545,-22.93098763074541,True,sigma_color_stat_mag,True,False
constant,14,2,0.567460681637547,-3.198848059740075,0.0,,,0.07344986340509772,15.522780901238932,-27.045561802477863,-25.954652711568773,True,sigma_color_stat_mag,True,False
constant,14,2,0.567460681637547,-3.2262971868133152,0.0,,,0.08625894134934947,13.56363679616192,-23.12727359232384,-22.03636450141475,True,sigma_color_stat_mag,True,False
constant,14,2,0.567460681637547,-3.183486446766611,0.0,,,0.0839184085304866,13.836706790125193,-23.673413580250386,-22.582504489341297,True,sigma_color_stat_mag,True,False
constant,14,2,0.567460681637547,-3.185570367209437,0.0,,,0.07270031397555556,15.625401152302434,-27.250802304604868,-26.159893213695778,True,sigma_color_stat_mag,True,False
constant,14,2,0.567460681637547,-3.1847949641367386,0.0,,,0.05472259075544786,18.46096547061037,-32.92193094122074,-31.831021850311647,True,sigma_color_stat_mag,True,False
constant,14,2,0.567460681637547,-3.2201880814239807,0.0,,,0.052228885630324955,19.360163248205062,-34.720326496410124,-33.62941740550103,True,sigma_color_stat_mag,True,False
constant,14,2,0.567460681637547,-3.2087255649978728,0.0,,,0.07447915681216179,15.381246983853554,-26.76249396770711,-25.67158487679802,True,sigma_color_stat_mag,True,False
constant,14,2,0.567460681637547,-3.220231612109149,0.0,,,0.08102014170676082,14.348887206916714,-24.69777441383343,-23.60686532292434,True,sigma_color_stat_mag,True,False
constant,14,2,0.567460681637547,-3.1922672214808574,0.0,,,0.08608041086782292,13.667440127051231,-23.334880254102462,-22.243971163193372,True,sigma_color_stat_mag,True,False
constant,14,2,0.567460681637547,-3.207232697347432,0.0,,,0.06787906965125387,16.40308536717446,-28.806170734348918,-27.715261643439828,True,sigma_color_stat_mag,True,False
constant,14,2,0.567460681637547,-3.20256664005878,0.0,,,0.07299200327747409,15.534304150183326,-27.06860830036665,-25.977699209457562,True,sigma_color_stat_mag,True,False
constant,14,2,0.567460681637547,-3.1988150795439734,0.0,,,0.07304999789096459,15.518745325683652,-27.037490651367303,-25.946581560458213,True,sigma_color_stat_mag,True,False
constant,14,2,0.567460681637547,-3.213358622851765,0.0,,,0.07068835095038196,16.021659162962166,-28.043318325924332,-26.952409235015242,True,sigma_color_stat_mag,True,False
constant,14,2,0.567460681637547,-3.195376047212249,0.0,,,0.07735937691289929,14.8423132547051,-25.6846265094102,-24.59371741850111,True,sigma_color_stat_mag,True,False
constant,14,2,0.567460681637547,-3.2172326376873195,0.0,,,0.07802011579026298,14.785959631488314,-25.57191926297663,-24.48101017206754,True,sigma_color_stat_mag,True,False
constant,14,2,0.567460681637547,-3.2026812053333487,0.0,,,0.04525713766490592,20.65989138746864,-37.31978277493728,-36.22887368402819,True,sigma_color_stat_mag,True,False
constant,14,2,0.567460681637547,-3.191601890114414,0.0,,,0.09035489489001,13.022634823111058,-22.045269646222117,-20.954360555313027,True,sigma_color_stat_mag,True,False
constant,14,2,0.567460681637547,-3.236018075560319,0.0,,,0.08052611580336255,14.434066532365016,-24.86813306473003,-23.77722397382094,True,sigma_color_stat_mag,True,False
constant,14,2,0.567460681637547,-3.237292182558738,0.0,,,0.050736921446237385,19.82696897784582,-35.65393795569164,-34.563028864782545,True,sigma_color_stat_mag,True,False
constant,14,2,0.567460681637547,-3.2381963051180374,0.0,,,0.07795554342434528,14.82648773259972,-25.65297546519944,-24.56206637429035,True,sigma_color_stat_mag,True,False
constant,14,2,0.567460681637547,-3.2292799717691936,0.0,,,0.08002143568042014,14.508723967599607,-25.017447935199215,-23.926538844290125,True,sigma_color_stat_mag,True,False
constant,14,2,0.567460681637547,-3.2008248137528397,0.0,,,0.08005014569112175,14.512168862942813,-25.024337725885626,-23.933428634976536,True,sigma_color_stat_mag,True,False
constant,14,2,0.567460681637547,-3.232639585440094,0.0,,,0.0772086702900044,14.952370155041194,-25.90474031008239,-24.8138312191733,True,sigma_color_stat_mag,True,False
constant,14,2,0.567460681637547,-3.2605071787335906,0.0,,,0.07119466104018596,15.908513729369231,-27.817027458738462,-26.726118367829372,True,sigma_color_stat_mag,True,False
constant,14,2,0.567460681637547,-3.2118386520734816,0.0,,,0.0884734088788613,13.297388645024522,-22.594777290049045,-21.503868199139955,True,sigma_color_stat_mag,True,False
constant,14,2,0.567460681637547,-3.19400330218888,0.0,,,0.09074951281468245,12.972925289238702,-21.945850578477405,-20.854941487568315,True,sigma_color_stat_mag,True,False
constant,14,2,0.567460681637547,-3.199336793997084,0.0,,,0.08543532011958516,13.642513932750674,-23.28502786550135,-22.19411877459226,True,sigma_color_stat_mag,True,False
constant,14,2,0.567460681637547,-3.1899752218530395,0.0,,,0.08569513196346028,13.620163671626054,-23.24032734325211,-22.14941825234302,True,sigma_color_stat_mag,True,False
constant,14,2,0.567460681637547,-3.1915606317122593,0.0,,,0.06828071075769529,16.397611681967195,-28.79522336393439,-27.7043142730253,True,sigma_color_stat_mag,True,False
constant,14,2,0.567460681637547,-3.195135688115843,0.0,,,0.08264202234440485,14.079472253466903,-24.158944506933807,-23.068035416024717,True,sigma_color_stat_mag,True,False
constant,14,2,0.567460681637547,-3.1976280375813158,0.0,,,0.07516958461041585,15.374766530537093,-26.749533061074185,-25.658623970165095,True,sigma_color_stat_mag,True,False
constant,14,2,0.567460681637547,-3.2232271870430282,0.0,,,0.0896181490505187,13.126560824968566,-22.253121649937132,-21.162212559028042,True,sigma_color_stat_mag,True,False
constant,14,2,0.567460681637547,-3.1909249936196287,0.0,,,0.08801699873727882,13.34125489501343,-22.68250979002686,-21.59160069911777,True,sigma_color_stat_mag,True,False
constant,14,2,0.567460681637547,-3.1859994923609,0.0,,,0.08709379824869837,13.427899301029484,-22.855798602058968,-21.764889511149878,True,sigma_color_stat_mag,True,False
constant,14,2,0.567460681637547,-3.2236383120811944,0.0,,,0.08104573649438285,14.427035799533002,-24.854071599066003,-23.763162508156913,True,sigma_color_stat_mag,True,False
constant,14,2,0.567460681637547,-3.22060609335518,0.0,,,0.09678732580477503,12.132550401018252,-20.265100802036503,-19.174191711127413,True,sigma_color_stat_mag,True,False
constant,14,2,0.567460681637547,-3.205237663598391,0.0,,,0.09982208852712504,11.755772810359632,-19.511545620719264,-18.420636529810174,True,sigma_color_stat_mag,True,False
constant,14,2,0.567460681637547,-3.2053399535396196,0.0,,,0.07829636515471004,14.794240687147244,-25.58848137429449,-24.4975722833854,True,sigma_color_stat_mag,True,False
constant,14,2,0.567460681637547,-3.2455409167575877,0.0,,,0.08312787204395156,14.037590620354528,-24.075181240709057,-22.984272149799967,True,sigma_color_stat_mag,True,False
constant,14,2,0.567460681637547,-3.2216466373336035,0.0,,,0.09177463828425819,12.820985510565405,-21.64197102113081,-20.55106193022172,True,sigma_color_stat_mag,True,False
constant,14,2,0.567460681637547,-3.1705302172781598,0.0,,,0.08301571393530488,13.96763943861,-23.93527887722,-22.84436978631091,True,sigma_color_stat_mag,True,False
constant,14,2,0.567460681637547,-3.219350957844061,0.0,,,0.07666019078961647,14.934481387420522,-25.868962774841044,-24.778053683931955,True,sigma_color_stat_mag,True,False
constant,14,2,0.567460681637547,-3.213071111819673,0.0,,,0.07377299147105901,15.468184818675116,-26.936369637350232,-25.845460546441142,True,sigma_color_stat_mag,True,False
constant,14,2,0.567460681637547,-3.235898481265941,0.0,,,0.08271535784998493,14.090375897296376,-24.18075179459275,-23.08984270368366,True,sigma_color_stat_mag,True,False
constant,14,2,0.567460681637547,-3.223007331835058,0.0,,,0.07597159252204064,15.236398126586913,-26.472796253173826,-25.381887162264736,True,sigma_color_stat_mag,True,False
constant,14,2,0.567460681637547,-3.231076180341372,0.0,,,0.050393615722558696,19.897000567150805,-35.79400113430161,-34.703092043392516,True,sigma_color_stat_mag,True,False
constant,14,2,0.567460681637547,-3.2035895820354527,0.0,,,0.06570677303089048,16.91752407897587,-29.83504815795174,-28.74413906704265,True,sigma_color_stat_mag,True,False
constant,14,2,0.567460681637547,-3.1935797768545693,0.0,,,0.0553615719222445,18.598463300577283,-33.196926601154566,-32.10601751024547,True,sigma_color_stat_mag,True,False
constant,14,2,0.567460681637547,-3.206877748982358,0.0,,,0.08012097100416662,14.514196783500667,-25.028393567001334,-23.937484476092244,True,sigma_color_stat_mag,True,False
constant,14,2,0.567460681637547,-3.2176818693846223,0.0,,,0.09139001724153496,12.81050425893312,-21.62100851786624,-20.53009942695715,True,sigma_color_stat_mag,True,False
constant,14,2,0.567460681637547,-3.2261484001301337,0.0,,,0.0815177656061898,14.2666146046577,-24.5332292093154,-23.44232011840631,True,sigma_color_stat_mag,True,False
constant,14,2,0.567460681637547,-3.2216087571784775,0.0,,,0.0756611391244006,15.214640052934879,-26.429280105869758,-25.338371014960668,True,sigma_color_stat_mag,True,False
constant,14,2,0.567460681637547,-3.1937712565676306,0.0,,,0.08655412383053927,13.56833653862443,-23.13667307724886,-22.04576398633977,True,sigma_color_stat_mag,True,False
constant,14,2,0.567460681637547,-3.1890164938583943,0.0,,,0.0806196230661204,14.402120880926194,-24.80424176185239,-23.7133326709433,True,sigma_color_stat_mag,True,False
constant,14,2,0.567460681637547,-3.1928444491851007,0.0,,,0.09183350725950166,12.81176824476732,-21.62353648953464,-20.53262739862555,True,sigma_color_stat_mag,True,False
constant,14,2,0.567460681637547,-3.2120754757038026,0.0,,,0.06960580875705735,16.144114012905,-28.28822802581,-27.19731893490091,True,sigma_color_stat_mag,True,False
constant,14,2,0.567460681637547,-3.1540070647645533,0.0,,,0.04634098565188276,20.66465695556966,-37.32931391113932,-36.23840482023023,True,sigma_color_stat_mag,True,False
constant,14,2,0.567460681637547,-3.2492756855366944,0.0,,,0.07866166618424043,14.687419476258677,-25.374838952517354,-24.283929861608264,True,sigma_color_stat_mag,True,False
constant,14,2,0.567460681637547,-3.2314654237250435,0.0,,,0.0775502054115773,14.825259021287643,-25.650518042575285,-24.559608951666196,True,sigma_color_stat_mag,True,False
constant,14,2,0.567460681637547,-3.2331357149189963,0.0,,,0.06985558447021233,16.110736023951873,-28.221472047903745,-27.130562956994655,True,sigma_color_stat_mag,True,False
constant,14,2,0.567460681637547,-3.17846742406746,0.0,,,0.07560621698574425,15.156779211113019,-26.313558422226038,-25.222649331316948,True,sigma_color_stat_mag,True,False
constant,14,2,0.567460681637547,-3.2406438912836903,0.0,,,0.08865523353190997,13.225560766419092,-22.451121532838183,-21.360212441929093,True,sigma_color_stat_mag,True,False
constant,14,2,0.567460681637547,-3.1981124531672407,0.0,,,0.06422193683697669,17.056662384222733,-30.113324768445466,-29.022415677536376,True,sigma_color_stat_mag,True,False
constant,14,2,0.567460681637547,-3.194798389296338,0.0,,,0.04795150362331712,19.65415300775772,-35.30830601551544,-34.21739692460635,True,sigma_color_stat_mag,True,False
constant,14,2,0.567460681637547,-3.24126746374318,0.0,,,0.07531592078160515,15.248697237353253,-26.497394474706507,-25.406485383797417,True,sigma_color_stat_mag,True,False
constant,14,2,0.567460681637547,-3.209197295821682,0.0,,,0.0631685267087566,17.12873906595196,-30.257478131903923,-29.166569040994833,True,sigma_color_stat_mag,True,False
constant,14,2,0.567460681637547,-3.1959016853599227,0.0,,,0.07259455447100305,15.66271975547358,-27.32543951094716,-26.23453042003807,True,sigma_color_stat_mag,True,False
constant,14,2,0.567460681637547,-3.1861726426670947,0.0,,,0.09296787337147731,12.685934812177106,-21.37186962435421,-20.28096053344512,True,sigma_color_stat_mag,True,False
constant,14,2,0.567460681637547,-3.1916149207506166,0.0,,,0.06089094534734483,17.790168852804563,-31.580337705609125,-30.489428614700035,True,sigma_color_stat_mag,True,False
constant,14,2,0.567460681637547,-3.1916630899838068,0.0,,,0.07455187294335548,15.370280135248255,-26.74056027049651,-25.64965117958742,True,sigma_color_stat_mag,True,False
constant,14,2,0.567460681637547,-3.190603274694808,0.0,,,0.07652555404187036,14.97281876537551,-25.94563753075102,-24.85472843984193,True,sigma_color_stat_mag,True,False
constant,14,2,0.567460681637547,-3.1832240456624854,0.0,,,0.08363391521836049,13.870748262247243,-23.741496524494487,-22.650587433585397,True,sigma_color_stat_mag,True,False
constant,14,2,0.567460681637547,-3.213857989109792,0.0,,,0.07292436152271208,15.501614101306133,-27.003228202612267,-25.912319111703177,True,sigma_color_stat_mag,True,False
constant,14,2,0.567460681637547,-3.231500648319983,0.0,,,0.09143459048160914,12.886804375147863,-21.773608750295725,-20.682699659386635,True,sigma_color_stat_mag,True,False
constant,14,2,0.567460681637547,-3.171482376796114,0.0,,,0.08476285957737029,13.83950215201902,-23.67900430403804,-22.58809521312895,True,sigma_color_stat_mag,True,False
constant,14,2,0.567460681637547,-3.1889985687810216,0.0,,,0.08802755628460852,13.248015593786228,-22.496031187572456,-21.405122096663366,True,sigma_color_stat_mag,True,False
constant,14,2,0.567460681637547,-3.2337003816639482,0.0,,,0.08100331662889103,14.345976995859548,-24.691953991719096,-23.601044900810006,True,sigma_color_stat_mag,True,False
constant,14,2,0.567460681637547,-3.1712476948349044,0.0,,,0.0755411642443018,15.208945635251144,-26.417891270502288,-25.326982179593198,True,sigma_color_stat_mag,True,False
constant,14,2,0.567460681637547,-3.237602777209298,0.0,,,0.0604645908908214,17.827935881844517,-31.655871763689035,-30.564962672779945,True,sigma_color_stat_mag,True,False
constant,14,2,0.567460681637547,-3.197161729509529,0.0,,,0.08214686211228252,14.150830628905679,-24.301661257811357,-23.210752166902267,True,sigma_color_stat_mag,True,False
constant,14,2,0.567460681637547,-3.16340055300403,0.0,,,0.05252222282009289,19.468079220152898,-34.936158440305796,-33.8452493493967,True,sigma_color_stat_mag,True,False
constant,14,2,0.567460681637547,-3.203804052577792,0.0,,,0.04721617179080431,19.924502190731594,-35.84900438146319,-34.758095290554095,True,sigma_color_stat_mag,True,False
constant,14,2,0.567460681637547,-3.261652926963038,0.0,,,0.06317961658186534,17.257806617837808,-30.515613235675616,-29.424704144766526,True,sigma_color_stat_mag,True,False
constant,14,2,0.567460681637547,-3.1801413308562583,0.0,,,0.09036051995518322,12.956203581047768,-21.912407162095537,-20.821498071186447,True,sigma_color_stat_mag,True,False
constant,14,2,0.567460681637547,-3.191328267863985,0.0,,,0.07824817281376709,14.777037795342189,-25.554075590684377,-24.463166499775287,True,sigma_color_stat_mag,True,False
constant,14,2,0.567460681637547,-3.186784736310943,0.0,,,0.07937685416354105,14.608411318371514,-25.21682263674303,-24.12591354583394,True,sigma_color_stat_mag,True,False
constant,14,2,0.567460681637547,-3.216093672705481,0.0,,,0.06857603894256253,16.283749572742718,-28.567499145485435,-27.476590054576345,True,sigma_color_stat_mag,True,False
constant,14,2,0.567460681637547,-3.220482685378233,0.0,,,0.07519464183631948,15.316473480152332,-26.632946960304665,-25.542037869395575,True,sigma_color_stat_mag,True,False
constant,14,2,0.567460681637547,-3.2746721557040828,0.0,,,0.06122531660114692,17.580462539817844,-31.16092507963569,-30.0700159887266,True,sigma_color_stat_mag,True,False
constant,14,2,0.567460681637547,-3.1944963774119683,0.0,,,0.06115312504678157,17.612285540033973,-31.224571080067946,-30.133661989158856,True,sigma_color_stat_mag,True,False
constant,14,2,0.567460681637547,-3.17647441513691,0.0,,,0.09837624970313956,11.873667822696593,-19.747335645393186,-18.656426554484096,True,sigma_color_stat_mag,True,False
constant,14,2,0.567460681637547,-3.2193759383546445,0.0,,,0.05446692385633162,18.899497893953797,-33.79899578790759,-32.7080866969985,True,sigma_color_stat_mag,True,False
constant,14,2,0.567460681637547,-3.18804591635981,0.0,,,0.06797383237981731,16.423071154597864,-28.846142309195727,-27.755233218286637,True,sigma_color_stat_mag,True,False
constant,14,2,0.567460681637547,-3.241187124427179,0.0,,,0.0715212393397336,15.87216610892492,-27.74433221784984,-26.65342312694075,True,sigma_color_stat_mag,True,False
constant,14,2,0.567460681637547,-3.195950404406279,0.0,,,0.07775875484003035,14.753627215448681,-25.507254430897362,-24.416345339988272,True,sigma_color_stat_mag,True,False
constant,14,2,0.567460681637547,-3.2057674494379023,0.0,,,0.07208067419792365,15.774890865090276,-27.549781730180552,-26.458872639271462,True,sigma_color_stat_mag,True,False
constant,14,2,0.567460681637547,-3.2170845699330792,0.0,,,0.0686340757758771,16.30224531666217,-28.60449063332434,-27.51358154241525,True,sigma_color_stat_mag,True,False
constant,14,2,0.567460681637547,-3.2045241114850795,0.0,,,0.08586288701372626,13.642495923190499,-23.284991846380997,-22.194082755471907,True,sigma_color_stat_mag,True,False
constant,14,2,0.567460681637547,-3.2161474684341065,0.0,,,0.09628924749618042,12.214592107606318,-20.429184215212636,-19.338275124303546,True,sigma_color_stat_mag,True,False
constant,14,2,0.567460681637547,-3.2078110923629937,0.0,,,0.07491463372792995,15.33977336423929,-26.67954672847858,-25.58863763756949,True,sigma_color_stat_mag,True,False
constant,14,2,0.567460681637547,-3.2202691456695365,0.0,,,0.09029490004883504,13.032189619684063,-22.064379239368126,-20.973470148459036,True,sigma_color_stat_mag,True,False
constant,14,2,0.567460681637547,-3.20888772818782,0.0,,,0.07712413503203747,14.91050733133503,-25.82101466267006,-24.73010557176097,True,sigma_color_stat_mag,True,False
constant,14,2,0.567460681637547,-3.221096817971276,0.0,,,0.07067849695044005,16.10332657730116,-28.20665315460232,-27.11574406369323,True,sigma_color_stat_mag,True,False
constant,14,2,0.567460681637547,-3.223091652496746,0.0,,,0.07581930122531885,15.092929270645048,-26.185858541290095,-25.094949450381005,True,sigma_color_stat_mag,True,False
constant,14,2,0.567460681637547,-3.1763224266025047,0.0,,,0.07959600812295715,14.59770485282051,-25.19540970564102,-24.10450061473193,True,sigma_color_stat_mag,True,False
constant,14,2,0.567460681637547,-3.218286774452573,0.0,,,0.06036586624580291,17.647116418727702,-31.294232837455404,-30.203323746546314,True,sigma_color_stat_mag,True,False
constant,14,2,0.567460681637547,-3.1888813356703176,0.0,,,0.07993066943878231,14.616701000137574,-25.23340200027515,-24.14249290936606,True,sigma_color_stat_mag,True,False
constant,14,2,0.567460681637547,-3.222818235257269,0.0,,,0.0899750499870036,13.060812770291312,-22.121625540582624,-21.030716449673534,True,sigma_color_stat_mag,True,False
constant,14,2,0.567460681637547,-3.2276573199226397,0.0,,,0.07645719961399015,15.154252572053164,-26.308505144106327,-25.217596053197237,True,sigma_color_stat_mag,True,False
constant,14,2,0.567460681637547,-3.2285301114451452,0.0,,,0.09328356748059886,12.628629779687184,-21.25725955937437,-20.16635046846528,True,sigma_color_stat_mag,True,False
constant,14,2,0.567460681637547,-3.236129719960995,0.0,,,0.08553003757067916,13.722141686896654,-23.444283373793308,-22.353374282884218,True,sigma_color_stat_mag,True,False
constant,14,2,0.567460681637547,-3.151236769144306,0.0,,,0.06783827387063268,16.41303011518742,-28.826060230374843,-27.735151139465753,True,sigma_color_stat_mag,True,False
constant,14,2,0.567460681637547,-3.159774255673481,0.0,,,0.04441144408647466,20.713697781585992,-37.427395563171984,-36.33648647226289,True,sigma_color_stat_mag,True,False
constant,14,2,0.567460681637547,-3.248108645795068,0.0,,,0.06638672556947163,16.73857729469658,-29.47715458939316,-28.38624549848407,True,sigma_color_stat_mag,True,False
constant,14,2,0.567460681637547,-3.194566074587747,0.0,,,0.08522566693922762,13.773532896401512,-23.547065792803025,-22.456156701893935,True,sigma_color_stat_mag,True,False
constant,14,2,0.567460681637547,-3.249722988541862,0.0,,,0.07256417932333391,15.65315152975502,-27.30630305951004,-26.21539396860095,True,sigma_color_stat_mag,True,False
constant,14,2,0.567460681637547,-3.2516896757725426,0.0,,,0.07012447770424234,16.065112500411658,-28.130225000823316,-27.039315909914226,True,sigma_color_stat_mag,True,False
constant,14,2,0.567460681637547,-3.2395646857109566,0.0,,,0.06784302718662409,16.460516819503745,-28.92103363900749,-27.8301245480984,True,sigma_color_stat_mag,True,False
constant,14,2,0.567460681637547,-3.203424958523088,0.0,,,0.04865760798422418,20.03081567898825,-36.0616313579765,-34.97072226706741,True,sigma_color_stat_mag,True,False
constant,14,2,0.567460681637547,-3.2181681218576856,0.0,,,0.05982348208814977,17.832923244516614,-31.66584648903323,-30.57493739812414,True,sigma_color_stat_mag,True,False
constant,14,2,0.567460681637547,-3.180077726277872,0.0,,,0.07210151526466684,15.717121294550632,-27.434242589101263,-26.343333498192173,True,sigma_color_stat_mag,True,False
constant,14,2,0.567460681637547,-3.228201028721979,0.0,,,0.07447211988575092,15.374122479826447,-26.748244959652894,-25.657335868743804,True,sigma_color_stat_mag,True,False
constant,14,2,0.567460681637547,-3.2028341098363877,0.0,,,0.06997380835800923,16.164955992688014,-28.32991198537603,-27.23900289446694,True,sigma_color_stat_mag,True,False
constant,14,2,0.567460681637547,-3.2188373655387723,0.0,,,0.0924305894249954,12.701053955346453,-21.402107910692905,-20.311198819783815,True,sigma_color_stat_mag,True,False
constant,14,2,0.567460681637547,-3.1974135168721705,0.0,,,0.04882766492325709,19.72281295463474,-35.44562590926948,-34.35471681836039,True,sigma_color_stat_mag,True,False
constant,14,2,0.567460681637547,-3.1994871175554875,0.0,,,0.06993596846587594,16.1654026866801,-28.3308053733602,-27.23989628245111,True,sigma_color_stat_mag,True,False
constant,14,2,0.567460681637547,-3.2166150589578546,0.0,,,0.07713930558892317,14.93778458078023,-25.87556916156046,-24.78466007065137,True,sigma_color_stat_mag,True,False
constant,14,2,0.567460681637547,-3.2161342627155403,0.0,,,0.08455643838850893,13.843484774356046,-23.686969548712092,-22.596060457803002,True,sigma_color_stat_mag,True,False
constant,14,2,0.567460681637547,-3.1925124712276918,0.0,,,0.08296384962186275,13.916469398708237,-23.832938797416475,-22.742029706507385,True,sigma_color_stat_mag,True,False
constant,14,2,0.567460681637547,-3.2172765781300092,0.0,,,0.07214509106968506,15.71516734954327,-27.43033469908654,-26.33942560817745,True,sigma_color_stat_mag,True,False
constant,14,2,0.567460681637547,-3.1958454982461086,0.0,,,0.08157520386736751,14.265496746058373,-24.530993492116746,-23.440084401207656,True,sigma_color_stat_mag,True,False
constant,14,2,0.567460681637547,-3.1995547986368065,0.0,,,0.07840617032661078,14.725150729103564,-25.45030145820713,-24.35939236729804,True,sigma_color_stat_mag,True,False
constant,14,2,0.567460681637547,-3.1967959251534945,0.0,,,0.07350331970098564,15.533058382306196,-27.066116764612392,-25.975207673703302,True,sigma_color_stat_mag,True,False
constant,14,2,0.567460681637547,-3.1529691327238907,0.0,,,0.06808626566016532,16.529164618784534,-29.05832923756907,-27.96742014665998,True,sigma_color_stat_mag,True,False
constant,14,2,0.567460681637547,-3.199065950248907,0.0,,,0.09485167709858844,12.423265196418672,-20.846530392837344,-19.755621301928254,True,sigma_color_stat_mag,True,False
constant,14,2,0.567460681637547,-3.2373968868007306,0.0,,,0.0683962060226216,16.371547931499112,-28.743095862998224,-27.652186772089134,True,sigma_color_stat_mag,True,False
constant,14,2,0.567460681637547,-3.1577176134822578,0.0,,,0.06917971690991283,15.98741822052943,-27.97483644105886,-26.88392735014977,True,sigma_color_stat_mag,True,False
constant,14,2,0.567460681637547,-3.216789481300692,0.0,,,0.08248089276702475,14.132649583820324,-24.26529916764065,-23.17439007673156,True,sigma_color_stat_mag,True,False
constant,14,2,0.567460681637547,-3.1823128110768955,0.0,,,0.08162672550120571,14.249640745035864,-24.499281490071727,-23.408372399162637,True,sigma_color_stat_mag,True,False
constant,14,2,0.567460681637547,-3.2067386384812187,0.0,,,0.0762184257455578,15.133182902682316,-26.266365805364632,-25.175456714455542,True,sigma_color_stat_mag,True,False
constant,14,2,0.567460681637547,-3.241360873992852,0.0,,,0.07436941651477706,15.408239216485173,-26.816478432970346,-25.725569342061256,True,sigma_color_stat_mag,True,False
constant,14,2,0.567460681637547,-3.216994253245801,0.0,,,0.0733035106125193,15.51210618338536,-27.02421236677072,-25.93330327586163,True,sigma_color_stat_mag,True,False
constant,14,2,0.567460681637547,-3.243263002250929,0.0,,,0.05804368921932391,18.26993953720644,-32.53987907441288,-31.44896998350379,True,sigma_color_stat_mag,True,False
constant,14,2,0.567460681637547,-3.2006033651914083,0.0,,,0.08179843584180055,14.325895848350301,-24.651791696700602,-23.560882605791512,True,sigma_color_stat_mag,True,False
constant,14,2,0.567460681637547,-3.1971134840431614,0.0,,,0.09450586509644136,12.48686740840579,-20.97373481681158,-19.88282572590249,True,sigma_color_stat_mag,True,False
constant,14,2,0.567460681637547,-3.211980476438639,0.0,,,0.0863688089357121,13.560948988819213,-23.121897977638426,-22.030988886729336,True,sigma_color_stat_mag,True,False
constant,14,2,0.567460681637547,-3.1977931163002413,0.0,,,0.05999238260782921,17.83368426430597,-31.667368528611938,-30.576459437702848,True,sigma_color_stat_mag,True,False
constant,14,2,0.567460681637547,-3.2293914503293366,0.0,,,0.07623052946221573,15.162209072182083,-26.324418144364166,-25.233509053455077,True,sigma_color_stat_mag,True,False
constant,14,2,0.567460681637547,-3.2077564901102074,0.0,,,0.09113298150743263,12.879779996615063,-21.759559993230127,-20.668650902321037,True,sigma_color_stat_mag,True,False
constant,14,2,0.567460681637547,-3.2244772205080827,0.0,,,0.05485881205904265,18.633495555173003,-33.266991110346005,-32.17608201943691,True,sigma_color_stat_mag,True,False
constant,14,2,0.567460681637547,-3.2094673608764572,0.0,,,0.06205212740311979,17.41523293490582,-30.83046586981164,-29.73955677890255,True,sigma_color_stat_mag,True,False
constant,14,2,0.567460681637547,-3.2666631946290843,0.0,,,0.06584317182551415,16.78476462554331,-29.56952925108662,-28.47862016017753,True,sigma_color_stat_mag,True,False
constant,14,2,0.567460681637547,-3.1986184573386707,0.0,,,0.06875977530092013,16.207604099968663,-28.415208199937325,-27.324299109028235,True,sigma_color_stat_mag,True,False
constant,14,2,0.567460681637547,-3.2236321864157773,0.0,,,0.07692218534428376,15.065292934616425,-26.13058586923285,-25.03967677832376,True,sigma_color_stat_mag,True,False
constant,14,2,0.567460681637547,-3.250150185653273,0.0,,,0.07634191815649155,15.044399184655227,-26.088798369310453,-24.997889278401363,True,sigma_color_stat_mag,True,False
constant,14,2,0.567460681637547,-3.1850799243269523,0.0,,,0.06802939772911026,16.351890139898167,-28.703780279796334,-27.612871188887244,True,sigma_color_stat_mag,True,False
constant,14,2,0.567460681637547,-3.191390652129465,0.0,,,0.07863318717402089,14.656859357292737,-25.313718714585473,-24.222809623676383,True,sigma_color_stat_mag,True,False
constant,14,2,0.567460681637547,-3.21277635713155,0.0,,,0.07292584730879915,15.591718873914582,-27.183437747829164,-26.092528656920074,True,sigma_color_stat_mag,True,False
constant,14,2,0.567460681637547,-3.25252974817383,0.0,,,0.05792741218888402,18.256969165589176,-32.51393833117835,-31.423029240269262,True,sigma_color_stat_mag,True,False
constant,14,2,0.567460681637547,-3.201622490599044,0.0,,,0.08771206444867045,13.365546681252981,-22.731093362505963,-21.640184271596873,True,sigma_color_stat_mag,True,False
constant,14,2,0.567460681637547,-3.245188231193575,0.0,,,0.08182078629234132,14.238469680664942,-24.476939361329883,-23.386030270420793,True,sigma_color_stat_mag,True,False
constant,14,2,0.567460681637547,-3.162245279560576,0.0,,,0.05693732017159563,18.342046378482927,-32.68409275696585,-31.593183666056763,True,sigma_color_stat_mag,True,False
constant,14,2,0.567460681637547,-3.218231657304267,0.0,,,0.09199772846217863,12.771786151584143,-21.543572303168286,-20.452663212259196,True,sigma_color_stat_mag,True,False
constant,14,2,0.567460681637547,-3.1954840407055958,0.0,,,0.08294403871794342,14.065422934385172,-24.130845868770344,-23.039936777861254,True,sigma_color_stat_mag,True,False
constant,14,2,0.567460681637547,-3.1693044815707125,0.0,,,0.06994071682274913,15.98782906529895,-27.9756581305979,-26.88474903968881,True,sigma_color_stat_mag,True,False
constant,14,2,0.567460681637547,-3.1572397359391733,0.0,,,0.0728767147927992,15.634562401548902,-27.269124803097803,-26.178215712188713,True,sigma_color_stat_mag,True,False
constant,14,2,0.567460681637547,-3.1969783239089833,0.0,,,0.08557030120317982,13.697786441353601,-23.395572882707203,-22.304663791798113,True,sigma_color_stat_mag,True,False
constant,14,2,0.567460681637547,-3.192877864903131,0.0,,,0.08231245359672172,14.181708531349527,-24.363417062699053,-23.272507971789963,True,sigma_color_stat_mag,True,False
constant,14,2,0.567460681637547,-3.1727887495223284,0.0,,,0.07997618040254734,14.488573388193664,-24.97714677638733,-23.88623768547824,True,sigma_color_stat_mag,True,False
constant,14,2,0.567460681637547,-3.2181760803493953,0.0,,,0.0889442693605724,13.240009647594308,-22.480019295188615,-21.389110204279525,True,sigma_color_stat_mag,True,False
constant,14,2,0.567460681637547,-3.2290315827391516,0.0,,,0.07555178991782707,15.251984568756978,-26.503969137513955,-25.413060046604866,True,sigma_color_stat_mag,True,False
constant,14,2,0.567460681637547,-3.2404195058212455,0.0,,,0.06498820548792483,16.898489151595033,-29.796978303190066,-28.706069212280976,True,sigma_color_stat_mag,True,False
constant,14,2,0.567460681637547,-3.145724616354091,0.0,,,0.05543848473905151,18.526388979947903,-33.052777959895806,-31.961868868986716,True,sigma_color_stat_mag,True,False
constant,14,2,0.567460681637547,-3.200563850976508,0.0,,,0.09473118452827925,12.373058783827302,-20.746117567654604,-19.655208476745514,True,sigma_color_stat_mag,True,False
constant,14,2,0.567460681637547,-3.201244484784006,0.0,,,0.0952107911610229,12.377233598360219,-20.754467196720437,-19.663558105811347,True,sigma_color_stat_mag,True,False
constant,14,2,0.567460681637547,-3.186130410494336,0.0,,,0.0752451217196164,15.10533240774507,-26.21066481549014,-25.11975572458105,True,sigma_color_stat_mag,True,False
constant,14,2,0.567460681637547,-3.1875371452758645,0.0,,,0.07980391452451581,14.493711792038788,-24.987423584077575,-23.896514493168485,True,sigma_color_stat_mag,True,False
constant,14,2,0.567460681637547,-3.1806919179055675,0.0,,,0.06883655596822028,15.975428796116232,-27.950857592232463,-26.859948501323373,True,sigma_color_stat_mag,True,False
constant,14,2,0.567460681637547,-3.1659106799964714,0.0,,,0.080810931768901,14.39945091450076,-24.79890182900152,-23.70799273809243,True,sigma_color_stat_mag,True,False
constant,14,2,0.567460681637547,-3.1902954249072852,0.0,,,0.09128073101874663,12.849553135672679,-21.699106271345357,-20.608197180436267,True,sigma_color_stat_mag,True,False
constant,14,2,0.567460681637547,-3.2072896922106944,0.0,,,0.08477064445836902,13.740387146691797,-23.480774293383593,-22.389865202474503,True,sigma_color_stat_mag,True,False
constant,14,2,0.567460681637547,-3.2174390885537414,0.0,,,0.0655081136280559,16.843270764773173,-29.686541529546346,-28.595632438637256,True,sigma_color_stat_mag,True,False
constant,14,2,0.567460681637547,-3.2102098674271446,0.0,,,0.09297634584116066,12.677381549620277,-21.354763099240554,-20.263854008331464,True,sigma_color_stat_mag,True,False
constant,14,2,0.567460681637547,-3.2035651423615086,0.0,,,0.0827970606483313,14.05250189103677,-24.10500378207354,-23.01409469116445,True,sigma_color_stat_mag,True,False
constant,14,2,0.567460681637547,-3.175917408336971,0.0,,,0.0859309556375182,13.62353673549687,-23.24707347099374,-22.15616438008465,True,sigma_color_stat_mag,True,False
constant,14,2,0.567460681637547,-3.2153112454432007,0.0,,,0.08292778847023347,14.070563495481938,-24.141126990963876,-23.050217900054786,True,sigma_color_stat_mag,True,False
constant,14,2,0.567460681637547,-3.200029629589632,0.0,,,0.09620042989480396,12.1690956356521,-20.3381912713042,-19.24728218039511,True,sigma_color_stat_mag,True,False
constant,14,2,0.567460681637547,-3.214133852118224,0.0,,,0.07327998218756034,15.476501689957503,-26.953003379915007,-25.862094289005917,True,sigma_color_stat_mag,True,False
constant,14,2,0.567460681637547,-3.203554871155834,0.0,,,0.09284627837804352,12.687306754966151,-21.374613509932303,-20.283704419023213,True,sigma_color_stat_mag,True,False
constant,14,2,0.567460681637547,-3.218317698980874,0.0,,,0.08350921411104906,13.978810030575012,-23.957620061150024,-22.866710970240934,True,sigma_color_stat_mag,True,False
constant,14,2,0.567460681637547,-3.19942564700499,0.0,,,0.08457716643599675,13.7284811434548,-23.4569622869096,-22.36605319600051,True,sigma_color_stat_mag,True,False
constant,14,2,0.567460681637547,-3.1996696691239594,0.0,,,0.0921230452617293,12.736352087372572,-21.472704174745143,-20.381795083836053,True,sigma_color_stat_mag,True,False
constant,14,2,0.567460681637547,-3.182757573874648,0.0,,,0.07263759664059452,15.801470142716436,-27.602940285432872,-26.512031194523782,True,sigma_color_stat_mag,True,False
constant,14,2,0.567460681637547,-3.1992112316924644,0.0,,,0.051669298365214784,19.41374872881539,-34.82749745763078,-33.73658836672168,True,sigma_color_stat_mag,True,False
constant,14,2,0.567460681637547,-3.2178471298929066,0.0,,,0.07924355541586424,14.63020279082225,-25.2604055816445,-24.16949649073541,True,sigma_color_stat_mag,True,False
constant,14,2,0.567460681637547,-3.18606633605177,0.0,,,0.07564940604950049,15.13246047304449,-26.26492094608898,-25.17401185517989,True,sigma_color_stat_mag,True,False
constant,14,2,0.567460681637547,-3.2029243309430786,0.0,,,0.08997777497629729,12.978654369183001,-21.957308738366002,-20.866399647456912,True,sigma_color_stat_mag,True,False
constant,14,2,0.567460681637547,-3.2241966195311944,0.0,,,0.08036368564033937,14.475254503053026,-24.950509006106053,-23.859599915196963,True,sigma_color_stat_mag,True,False
constant,14,2,0.567460681637547,-3.2241624408343896,0.0,,,0.062235617650221876,17.473493462222827,-30.946986924445653,-29.856077833536563,True,sigma_color_stat_mag,True,False
constant,14,2,0.567460681637547,-3.1600326537089325,0.0,,,0.07993155796753995,14.478496651420336,-24.956993302840672,-23.866084211931582,True,sigma_color_stat_mag,True,False
constant,14,2,0.567460681637547,-3.174568612851473,0.0,,,0.09763214537008957,12.02123106540096,-20.04246213080192,-18.95155303989283,True,sigma_color_stat_mag,True,False
constant,14,2,0.567460681637547,-3.256062324456675,0.0,,,0.08865435515121421,13.259679288217518,-22.519358576435035,-21.428449485525945,True,sigma_color_stat_mag,True,False
constant,14,2,0.567460681637547,-3.1955208716262202,0.0,,,0.07310917442848608,15.706903636159415,-27.41380727231883,-26.32289818140974,True,sigma_color_stat_mag,True,False
constant,14,2,0.567460681637547,-3.218817997092791,0.0,,,0.07397008309419394,15.451550590341578,-26.903101180683155,-25.812192089774065,True,sigma_color_stat_mag,True,False
constant,14,2,0.567460681637547,-3.184477454070949,0.0,,,0.09398104509592933,12.48063750416018,-20.96127500832036,-19.87036591741127,True,sigma_color_stat_mag,True,False
constant,14,2,0.567460681637547,-3.2356168602837907,0.0,,,0.07171414838631919,15.787930658451215,-27.57586131690243,-26.48495222599334,True,sigma_color_stat_mag,True,False
constant,14,2,0.567460681637547,-3.2220712085277983,0.0,,,0.09375106270668646,12.548056268912594,-21.09611253782519,-20.0052034469161,True,sigma_color_stat_mag,True,False
constant,14,2,0.567460681637547,-3.2166343339236025,0.0,,,0.07759656433096991,14.87568378224722,-25.75136756449444,-24.66045847358535,True,sigma_color_stat_mag,True,False
constant,14,2,0.567460681637547,-3.1901339572773013,0.0,,,0.07723413193377156,14.897679063198112,-25.795358126396223,-24.704449035487134,True,sigma_color_stat_mag,True,False
constant,14,2,0.567460681637547,-3.1972837101253035,0.0,,,0.06844544069792349,16.35575013180124,-28.71150026360248,-27.62059117269339,True,sigma_color_stat_mag,True,False
constant,14,2,0.567460681637547,-3.1944779999838415,0.0,,,0.09299116928220647,12.691836019340574,-21.383672038681148,-20.292762947772058,True,sigma_color_stat_mag,True,False
constant,14,2,0.567460681637547,-3.2558493880061548,0.0,,,0.07944834495863172,14.626586077131513,-25.253172154263027,-24.162263063353937,True,sigma_color_stat_mag,True,False
constant,14,2,0.567460681637547,-3.1987824408795835,0.0,,,0.07325383332243075,15.620284174968464,-27.24056834993693,-26.14965925902784,True,sigma_color_stat_mag,True,False
constant,14,2,0.567460681637547,-3.2126071988811424,0.0,,,0.08160184760349003,14.180128232449823,-24.360256464899646,-23.269347373990556,True,sigma_color_stat_mag,True,False
constant,14,2,0.567460681637547,-3.2229186541110644,0.0,,,0.08516665961013602,13.73137017949711,-23.46274035899422,-22.37183126808513,True,sigma_color_stat_mag,True,False
constant,14,2,0.567460681637547,-3.1692825587791518,0.0,,,0.06415282950474585,16.865554119018054,-29.731108238036107,-28.640199147127017,True,sigma_color_stat_mag,True,False
constant,14,2,0.567460681637547,-3.201617369941421,0.0,,,0.07368278377316793,15.497214231669215,-26.99442846333843,-25.90351937242934,True,sigma_color_stat_mag,True,False
constant,14,2,0.567460681637547,-3.2077561202579066,0.0,,,0.06939026680143662,16.343997710117034,-28.687995420234067,-27.597086329324977,True,sigma_color_stat_mag,True,False
constant,14,2,0.567460681637547,-3.180362375022438,0.0,,,0.06486063872075362,16.906360515438067,-29.812721030876133,-28.721811939967044,True,sigma_color_stat_mag,True,False
constant,14,2,0.567460681637547,-3.1699822570361524,0.0,,,0.07361526373449441,15.522854413013878,-27.045708826027756,-25.954799735118666,True,sigma_color_stat_mag,True,False
constant,14,2,0.567460681637547,-3.226695282672075,0.0,,,0.07334684718145419,15.593002832772713,-27.186005665545427,-26.095096574636337,True,sigma_color_stat_mag,True,False
constant,14,2,0.567460681637547,-3.242838619668394,0.0,,,0.07614659820811703,15.192293589941146,-26.384587179882292,-25.293678088973202,True,sigma_color_stat_mag,True,False
constant,14,2,0.567460681637547,-3.226133266095375,0.0,,,0.09588768468256983,12.233848946293806,-20.467697892587612,-19.376788801678522,True,sigma_color_stat_mag,True,False
constant,14,2,0.567460681637547,-3.211698621854344,0.0,,,0.08912231335917244,13.124310955188971,-22.248621910377942,-21.157712819468852,True,sigma_color_stat_mag,True,False
constant,14,2,0.567460681637547,-3.220018751656948,0.0,,,0.08356766527266167,13.956927123990905,-23.91385424798181,-22.82294515707272,True,sigma_color_stat_mag,True,False
constant,14,2,0.567460681637547,-3.1995905298238547,0.0,,,0.07923757226982803,14.634689030035464,-25.269378060070927,-24.178468969161838,True,sigma_color_stat_mag,True,False
constant,14,2,0.567460681637547,-3.240127309041655,0.0,,,0.08497794088724848,13.754511384471604,-23.509022768943208,-22.418113678034118,True,sigma_color_stat_mag,True,False
constant,14,2,0.567460681637547,-3.2003748650355677,0.0,,,0.06959285174313555,15.999356586593516,-27.99871317318703,-26.90780408227794,True,sigma_color_stat_mag,True,False
constant,14,2,0.567460681637547,-3.1908336376168944,0.0,,,0.09247366429194075,12.737268556979268,-21.474537113958537,-20.383628023049447,True,sigma_color_stat_mag,True,False
constant,14,2,0.567460681637547,-3.2309418480563257,0.0,,,0.08402488728763992,13.913761038598283,-23.827522077196566,-22.736612986287476,True,sigma_color_stat_mag,True,False
constant,14,2,0.567460681637547,-3.191550271596511,0.0,,,0.07625658376797573,14.97933590830387,-25.95867181660774,-24.86776272569865,True,sigma_color_stat_mag,True,False
constant,14,2,0.567460681637547,-3.2013230690144017,0.0,,,0.08090694587253756,14.385959893251126,-24.771919786502252,-23.681010695593162,True,sigma_color_stat_mag,True,False
constant,14,2,0.567460681637547,-3.218768862064796,0.0,,,0.05285686159731261,19.2436816969794,-34.4873633939588,-33.39645430304971,True,sigma_color_stat_mag,True,False
constant,14,2,0.567460681637547,-3.2412866425465623,0.0,,,0.06382074535259863,17.11274596909611,-30.22549193819222,-29.13458284728313,True,sigma_color_stat_mag,True,False
constant,14,2,0.567460681637547,-3.1995830251424886,0.0,,,0.08223084514318407,14.175670271901824,-24.351340543803648,-23.260431452894558,True,sigma_color_stat_mag,True,False
constant,14,2,0.567460681637547,-3.1999614690682288,0.0,,,0.08413765608216524,13.901498588426394,-23.802997176852788,-22.712088085943698,True,sigma_color_stat_mag,True,False
constant,14,2,0.567460681637547,-3.2130281545015564,0.0,,,0.077537763360783,14.96036315730741,-25.92072631461482,-24.82981722370573,True,sigma_color_stat_mag,True,False
constant,14,2,0.567460681637547,-3.1713111171780413,0.0,,,0.068320560300593,16.300470492907852,-28.600940985815704,-27.510031894906614,True,sigma_color_stat_mag,True,False
constant,14,2,0.567460681637547,-3.2121772371777833,0.0,,,0.07202862650195219,15.690047086325883,-27.380094172651766,-26.289185081742676,True,sigma_color_stat_mag,True,False
constant,14,2,0.567460681637547,-3.1906430735866067,0.0,,,0.09589739230864291,12.235773450062037,-20.471546900124075,-19.380637809214985,True,sigma_color_stat_mag,True,False
constant,14,2,0.567460681637547,-3.204495814227045,0.0,,,0.07936387970934931,14.587374208386036,-25.174748416772072,-24.083839325862982,True,sigma_color_stat_mag,True,False
constant,14,2,0.567460681637547,-3.1636514691633386,0.0,,,0.0611473339561162,17.48888649538337,-30.977772990766738,-29.886863899857648,True,sigma_color_stat_mag,True,False
constant,14,2,0.567460681637547,-3.229066199724473,0.0,,,0.07280185764649194,15.59295112150947,-27.18590224301894,-26.09499315210985,True,sigma_color_stat_mag,True,False
constant,14,2,0.567460681637547,-3.2107215826514155,0.0,,,0.06990898235484728,16.10350750814541,-28.207015016290818,-27.116105925381728,True,sigma_color_stat_mag,True,False
constant,14,2,0.567460681637547,-3.2355361617268534,0.0,,,0.08794797678763425,13.362263514739302,-22.724527029478605,-21.633617938569515,True,sigma_color_stat_mag,True,False
constant,14,2,0.567460681637547,-3.1878868893227947,0.0,,,0.07886122355310701,14.722618104660105,-25.44523620932021,-24.35432711841112,True,sigma_color_stat_mag,True,False
constant,14,2,0.567460681637547,-3.1715963061158097,0.0,,,0.09168226151834559,12.812569451811468,-21.625138903622936,-20.534229812713846,True,sigma_color_stat_mag,True,False
constant,14,2,0.567460681637547,-3.232653250229061,0.0,,,0.062002214515896305,17.55538178808321,-31.11076357616642,-30.01985448525733,True,sigma_color_stat_mag,True,False
constant,14,2,0.567460681637547,-3.1820801980442095,0.0,,,0.09516343218824956,12.334614818876966,-20.669229637753933,-19.578320546844843,True,sigma_color_stat_mag,True,False
constant,14,2,0.567460681637547,-3.226431125653518,0.0,,,0.08091965381407794,14.40152216392975,-24.8030443278595,-23.71213523695041,True,sigma_color_stat_mag,True,False
constant,14,2,0.567460681637547,-3.1847539633682165,0.0,,,0.09776269505128918,11.994409277231647,-19.988818554463293,-18.897909463554203,True,sigma_color_stat_mag,True,False
constant,14,2,0.567460681637547,-3.180125220061133,0.0,,,0.0710726751504283,16.039878770579858,-28.079757541159715,-26.988848450250625,True,sigma_color_stat_mag,True,False
constant,14,2,0.567460681637547,-3.194313542399001,0.0,,,0.07258591232219087,15.654460342949932,-27.308920685899864,-26.218011594990774,True,sigma_color_stat_mag,True,False
constant,14,2,0.567460681637547,-3.202356905926597,0.0,,,0.08511404408104865,13.813053739931625,-23.62610747986325,-22.53519838895416,True,sigma_color_stat_mag,True,False
constant,14,2,0.567460681637547,-3.2008951209160528,0.0,,,0.07503972879787678,15.340163668155611,-26.680327336311223,-25.589418245402133,True,sigma_color_stat_mag,True,False
constant,14,2,0.567460681637547,-3.181617083077662,0.0,,,0.07975190772146648,14.447946259532253,-24.895892519064507,-23.804983428155417,True,sigma_color_stat_mag,True,False
constant,14,2,0.567460681637547,-3.1991565464822167,0.0,,,0.06728866891382343,16.57792179780914,-29.15584359561828,-28.06493450470919,True,sigma_color_stat_mag,True,False
constant,14,2,0.567460681637547,-3.250711337447056,0.0,,,0.07594789181431498,15.122073464405878,-26.244146928811755,-25.153237837902665,True,sigma_color_stat_mag,True,False
constant,14,2,0.567460681637547,-3.2309789930540664,0.0,,,0.09566450815152398,12.269686554694472,-20.539373109388944,-19.448464018479854,True,sigma_color_stat_mag,True,False
constant,14,2,0.567460681637547,-3.1674307846447864,0.0,,,0.09603719288372443,12.282589464551252,-20.565178929102505,-19.474269838193415,True,sigma_color_stat_mag,True,False
constant,14,2,0.567460681637547,-3.1797877843955265,0.0,,,0.014560150941337982,26.164829304021975,-48.32965860804395,-47.238749517134856,True,sigma_color_stat_mag,True,False
constant,14,2,0.567460681637547,-3.251729072847923,0.0,,,0.06796824333473296,16.453885030860068,-28.907770061720136,-27.816860970811046,True,sigma_color_stat_mag,True,False
constant,14,2,0.567460681637547,-3.2177707202114263,0.0,,,0.07444544384372506,15.309272422488542,-26.618544844977084,-25.527635754067994,True,sigma_color_stat_mag,True,False
constant,14,2,0.567460681637547,-3.205855068679296,0.0,,,0.06128358577713518,17.70100936293364,-31.40201872586728,-30.31110963495819,True,sigma_color_stat_mag,True,False
constant,14,2,0.567460681637547,-3.187252985765953,0.0,,,0.08128855332477174,14.301915016428953,-24.603830032857907,-23.512920941948817,True,sigma_color_stat_mag,True,False
constant,14,2,0.567460681637547,-3.203944293429534,0.0,,,0.08158466467723706,14.321782335402967,-24.643564670805933,-23.552655579896843,True,sigma_color_stat_mag,True,False
constant,14,2,0.567460681637547,-3.219947780410811,0.0,,,0.06589136560022973,16.814665333637002,-29.629330667274004,-28.538421576364915,True,sigma_color_stat_mag,True,False
constant,14,2,0.567460681637547,-3.171608519929526,0.0,,,0.07592522063000977,15.166868396170887,-26.333736792341774,-25.242827701432685,True,sigma_color_stat_mag,True,False
constant,14,2,0.567460681637547,-3.18838589161829,0.0,,,0.059218673473372084,17.859777452237772,-31.719554904475544,-30.628645813566454,True,sigma_color_stat_mag,True,False
constant,14,2,0.567460681637547,-3.1848047690482444,0.0,,,0.08145167985980437,14.273192592832645,-24.54638518566529,-23.4554760947562,True,sigma_color_stat_mag,True,False
constant,14,2,0.567460681637547,-3.1836071550673886,0.0,,,0.08037195581146532,14.483014819322108,-24.966029638644216,-23.875120547735126,True,sigma_color_stat_mag,True,False
constant,14,2,0.567460681637547,-3.2301061060101337,0.0,,,0.06986619564662522,16.213134277799412,-28.426268555598824,-27.335359464689734,True,sigma_color_stat_mag,True,False
constant,14,2,0.567460681637547,-3.2075220769967148,0.0,,,0.077430823524284,14.953919877040377,-25.907839754080754,-24.816930663171664,True,sigma_color_stat_mag,True,False
constant,14,2,0.567460681637547,-3.1798075986108727,0.0,,,0.06948357962936606,16.11662482470638,-28.233249649412762,-27.142340558503673,True,sigma_color_stat_mag,True,False
constant,14,2,0.567460681637547,-3.204825175657232,0.0,,,0.06638299359532103,16.772180962752202,-29.544361925504404,-28.453452834595314,True,sigma_color_stat_mag,True,False
constant,14,2,0.567460681637547,-3.221474270405887,0.0,,,0.06429196612423019,17.03180590879319,-30.063611817586377,-28.972702726677287,True,sigma_color_stat_mag,True,False
constant,14,2,0.567460681637547,-3.257964159331459,0.0,,,0.0715633568717754,15.87664305524271,-27.75328611048542,-26.66237701957633,True,sigma_color_stat_mag,True,False
constant,14,2,0.567460681637547,-3.2176072689022535,0.0,,,0.07024003162659238,16.094991230200133,-28.189982460400266,-27.099073369491176,True,sigma_color_stat_mag,True,False
constant,14,2,0.567460681637547,-3.2206631137931963,0.0,,,0.0916533914127086,12.827494893932663,-21.654989787865325,-20.564080696956236,True,sigma_color_stat_mag,True,False
constant,14,2,0.567460681637547,-3.1696187393231927,0.0,,,0.06348413747969771,17.108245044604075,-30.21649008920815,-29.12558099829906,True,sigma_color_stat_mag,True,False
constant,14,2,0.567460681637547,-3.1808759901633463,0.0,,,0.08173319803039969,14.198044858370759,-24.396089716741518,-23.305180625832428,True,sigma_color_stat_mag,True,False
constant,14,2,0.567460681637547,-3.2206217482906543,0.0,,,0.08082832973497463,14.337709627512291,-24.675419255024583,-23.584510164115493,True,sigma_color_stat_mag,True,False
constant,14,2,0.567460681637547,-3.2116789139198128,0.0,,,0.08710431677968233,13.478062427428084,-22.956124854856167,-21.865215763947077,True,sigma_color_stat_mag,True,False
constant,14,2,0.567460681637547,-3.183346539299238,0.0,,,0.0769077146805682,14.901380625833323,-25.802761251666645,-24.711852160757555,True,sigma_color_stat_mag,True,False
constant,14,2,0.567460681637547,-3.2064004789419456,0.0,,,0.06150580572624939,17.653068626664613,-31.306137253329226,-30.215228162420136,True,sigma_color_stat_mag,True,False
constant,14,2,0.567460681637547,-3.203249641048125,0.0,,,0.08426762643703865,13.87204513692949,-23.74409027385898,-22.65318118294989,True,sigma_color_stat_mag,True,False
constant,14,2,0.567460681637547,-3.1736121826239265,0.0,,,0.08302039895613364,14.015143668247196,-24.030287336494393,-22.939378245585303,True,sigma_color_stat_mag,True,False
constant,14,2,0.567460681637547,-3.1652922053712733,0.0,,,0.10100750716624052,11.592742577414962,-19.185485154829923,-18.094576063920833,True,sigma_color_stat_mag,True,False
constant,14,2,0.567460681637547,-3.176837976247695,0.0,,,0.0831154806518579,14.03197013270352,-24.06394026540704,-22.97303117449795,True,sigma_color_stat_mag,True,False
constant,14,2,0.567460681637547,-3.1770156298061907,0.0,,,0.07407721657145205,15.36802447446633,-26.73604894893266,-25.64513985802357,True,sigma_color_stat_mag,True,False
constant,14,2,0.567460681637547,-3.214542579023413,0.0,,,0.06701399500879135,16.578830834938977,-29.157661669877953,-28.066752578968863,True,sigma_color_stat_mag,True,False
constant,14,2,0.567460681637547,-3.212659049627352,0.0,,,0.07933599303264935,14.54690696685534,-25.09381393371068,-24.00290484280159,True,sigma_color_stat_mag,True,False
constant,14,2,0.567460681637547,-3.2384060877808603,0.0,,,0.06914777149657664,16.152714318788437,-28.305428637576874,-27.214519546667784,True,sigma_color_stat_mag,True,False
constant,14,2,0.567460681637547,-3.2212748002822713,0.0,,,0.07725917455602464,14.917335773186995,-25.83467154637399,-24.7437624554649,True,sigma_color_stat_mag,True,False
constant,14,2,0.567460681637547,-3.223858431847806,0.0,,,0.06296114706727587,17.25338297412943,-30.50676594825886,-29.41585685734977,True,sigma_color_stat_mag,True,False
constant,14,2,0.567460681637547,-3.1980851843588853,0.0,,,0.0812461952027682,14.353150890822365,-24.70630178164473,-23.61539269073564,True,sigma_color_stat_mag,True,False
constant,14,2,0.567460681637547,-3.2309600622180006,0.0,,,0.08999717665125928,13.068958833874174,-22.137917667748347,-21.047008576839257,True,sigma_color_stat_mag,True,False
constant,14,2,0.567460681637547,-3.1756780519045313,0.0,,,0.07388182639741077,15.320879089580757,-26.641758179161513,-25.550849088252424,True,sigma_color_stat_mag,True,False
constant,14,2,0.567460681637547,-3.1831489031113787,0.0,,,0.09543402742174081,12.311300629386235,-20.62260125877247,-19.53169216786338,True,sigma_color_stat_mag,True,False
constant,14,2,0.567460681637547,-3.210033737006379,0.0,,,0.08188569812292289,14.241166946767075,-24.48233389353415,-23.39142480262506,True,sigma_color_stat_mag,True,False
constant,14,2,0.567460681637547,-3.244488754678174,0.0,,,0.06542053619568348,16.918029932375116,-29.836059864750233,-28.745150773841143,True,sigma_color_stat_mag,True,False
constant,14,2,0.567460681637547,-3.230297529097437,0.0,,,0.07593095401112897,15.112688584507827,-26.225377169015655,-25.134468078106565,True,sigma_color_stat_mag,True,False
constant,14,2,0.567460681637547,-3.193807308522248,0.0,,,0.06729369694868206,16.62098664682162,-29.24197329364324,-28.15106420273415,True,sigma_color_stat_mag,True,False
constant,14,2,0.567460681637547,-3.1568710605491717,0.0,,,0.07476652976283607,15.112749997658057,-26.225499995316113,-25.134590904407023,True,sigma_color_stat_mag,True,False
constant,14,2,0.567460681637547,-3.2125995485608803,0.0,,,0.0571368507295956,18.228478505548583,-32.45695701109717,-31.366047920188077,True,sigma_color_stat_mag,True,False
constant,14,2,0.567460681637547,-3.2162472631220895,0.0,,,0.094741500664794,12.429342815909866,-20.858685631819732,-19.767776540910642,True,sigma_color_stat_mag,True,False
constant,14,2,0.567460681637547,-3.1659705399689213,0.0,,,0.07345177629027984,15.533164114548663,-27.066328229097326,-25.975419138188236,True,sigma_color_stat_mag,True,False
constant,14,2,0.567460681637547,-3.2012070354520077,0.0,,,0.06563604039011657,16.67730519371781,-29.35461038743562,-28.26370129652653,True,sigma_color_stat_mag,True,False
constant,14,2,0.567460681637547,-3.216782502660056,0.0,,,0.09261782796625326,12.71289199127687,-21.42578398255374,-20.33487489164465,True,sigma_color_stat_mag,True,False
constant,14,2,0.567460681637547,-3.2063729199990783,0.0,,,0.0681396517602065,16.326770545305596,-28.653541090611192,-27.562631999702102,True,sigma_color_stat_mag,True,False
constant,14,2,0.567460681637547,-3.1843578483914334,0.0,,,0.05969228403299741,17.963127182004065,-31.92625436400813,-30.83534527309904,True,sigma_color_stat_mag,True,False
constant,14,2,0.567460681637547,-3.1879185740079166,0.0,,,0.08065776698016358,14.372641501409333,-24.745283002818667,-23.654373911909577,True,sigma_color_stat_mag,True,False
constant,14,2,0.567460681637547,-3.2240912355566387,0.0,,,0.07657569367478285,15.035566624036079,-26.071133248072158,-24.980224157163068,True,sigma_color_stat_mag,True,False
constant,14,2,0.567460681637547,-3.2276332825830085,0.0,,,0.07812986649223864,14.81015494593696,-25.62030989187392,-24.52940080096483,True,sigma_color_stat_mag,True,False
constant,14,2,0.567460681637547,-3.196082682660564,0.0,,,0.0757115385685506,15.24413383025048,-26.48826766050096,-25.39735856959187,True,sigma_color_stat_mag,True,False
constant,14,2,0.567460681637547,-3.231988705137075,0.0,,,0.06853203184123294,16.35631979546523,-28.712639590930458,-27.621730500021368,True,sigma_color_stat_mag,True,False
constant,14,2,0.567460681637547,-3.24090182231836,0.0,,,0.08817607845575001,13.341876365776635,-22.68375273155327,-21.59284364064418,True,sigma_color_stat_mag,True,False
constant,14,2,0.567460681637547,-3.1658907361386532,0.0,,,0.07357385561717598,15.393982841593761,-26.787965683187522,-25.697056592278432,True,sigma_color_stat_mag,True,False
constant,14,2,0.567460681637547,-3.2213492671629744,0.0,,,0.08978717418540405,13.130278570349455,-22.26055714069891,-21.16964804978982,True,sigma_color_stat_mag,True,False
constant,14,2,0.567460681637547,-3.1953899688690175,0.0,,,0.10583976024563577,10.979845977648269,-17.959691955296538,-16.86878286438745,True,sigma_color_stat_mag,True,False
constant,14,2,0.567460681637547,-3.1480061714605334,0.0,,,0.07288100138882109,15.596155957759475,-27.19231191551895,-26.10140282460986,True,sigma_color_stat_mag,True,False
constant,14,2,0.567460681637547,-3.203752048728309,0.0,,,0.08260652258233252,14.043690812012386,-24.087381624024772,-22.996472533115682,True,sigma_color_stat_mag,True,False
constant,14,2,0.567460681637547,-3.240472787806374,0.0,,,0.086871689349302,13.481879680038169,-22.963759360076338,-21.872850269167248,True,sigma_color_stat_mag,True,False
constant,14,2,0.567460681637547,-3.2010854751046485,0.0,,,0.08249480574131737,14.10417213877174,-24.20834427754348,-23.11743518663439,True,sigma_color_stat_mag,True,False
constant,14,2,0.567460681637547,-3.2275905823250057,0.0,,,0.08228188262332133,14.131747033960078,-24.263494067920156,-23.172584977011066,True,sigma_color_stat_mag,True,False
constant,14,2,0.567460681637547,-3.2104270337235707,0.0,,,0.08702372993705113,13.429776215573796,-22.85955243114759,-21.7686433402385,True,sigma_color_stat_mag,True,False
constant,14,2,0.567460681637547,-3.2083453349046556,0.0,,,0.07223339643844309,15.853108766727185,-27.70621753345437,-26.61530844254528,True,sigma_color_stat_mag,True,False
constant,14,2,0.567460681637547,-3.202299194929684,0.0,,,0.07347036796257761,15.619678684488255,-27.23935736897651,-26.14844827806742,True,sigma_color_stat_mag,True,False
constant,14,2,0.567460681637547,-3.2472697955126484,0.0,,,0.07633479726494621,15.102661448099665,-26.20532289619933,-25.11441380529024,True,sigma_color_stat_mag,True,False
constant,14,2,0.567460681637547,-3.214739475491904,0.0,,,0.06476790647138207,16.931106746158076,-29.86221349231615,-28.77130440140706,True,sigma_color_stat_mag,True,False
constant,14,2,0.567460681637547,-3.2262986682467973,0.0,,,0.07546051585228815,15.182375133621616,-26.36475026724323,-25.27384117633414,True,sigma_color_stat_mag,True,False
constant,14,2,0.567460681637547,-3.204761859068309,0.0,,,0.059938016411029874,17.708150586287942,-31.416301172575885,-30.325392081666795,True,sigma_color_stat_mag,True,False
constant,14,2,0.567460681637547,-3.221790275200892,0.0,,,0.07769114322102628,14.880399546992727,-25.760799093985455,-24.669890003076365,True,sigma_color_stat_mag,True,False
constant,14,2,0.567460681637547,-3.2068563642438557,0.0,,,0.05902975399795701,17.860069543000588,-31.720139086001176,-30.629229995092086,True,sigma_color_stat_mag,True,False
constant,14,2,0.567460681637547,-3.227241494483527,0.0,,,0.0759892461428814,15.143388686381071,-26.286777372762142,-25.195868281853052,True,sigma_color_stat_mag,True,False
constant,14,2,0.567460681637547,-3.2430189287824156,0.0,,,0.06999665690099019,16.08576633859835,-28.1715326771967,-27.08062358628761,True,sigma_color_stat_mag,True,False
constant,14,2,0.567460681637547,-3.2051953993414672,0.0,,,0.08147583380919572,14.261824023857447,-24.523648047714893,-23.432738956805803,True,sigma_color_stat_mag,True,False
constant,14,2,0.567460681637547,-3.21353875738055,0.0,,,0.06833870328344979,16.386182717352945,-28.77236543470589,-27.6814563437968,True,sigma_color_stat_mag,True,False
constant,14,2,0.567460681637547,-3.1708728672825433,0.0,,,0.056048310625425674,18.438027831666883,-32.876055663333766,-31.785146572424676,True,sigma_color_stat_mag,True,False
constant,14,2,0.567460681637547,-3.205250490039763,0.0,,,0.08777635131127932,13.39465654435159,-22.78931308870318,-21.69840399779409,True,sigma_color_stat_mag,True,False
constant,14,2,0.567460681637547,-3.2075840861109777,0.0,,,0.07217324990795577,15.809349434671066,-27.618698869342133,-26.527789778433043,True,sigma_color_stat_mag,True,False
constant,14,2,0.567460681637547,-3.2670378333265204,0.0,,,0.06707149647632597,16.502375165654033,-29.004750331308067,-27.913841240398977,True,sigma_color_stat_mag,True,False
constant,14,2,0.567460681637547,-3.200566070335167,0.0,,,0.074929364737491,15.232150280458955,-26.46430056091791,-25.37339147000882,True,sigma_color_stat_mag,True,False
constant,14,2,0.567460681637547,-3.260704040115223,0.0,,,0.06914393745650206,16.249085892418854,-28.49817178483771,-27.40726269392862,True,sigma_color_stat_mag,True,False
constant,14,2,0.567460681637547,-3.199568780347683,0.0,,,0.07030402661397031,16.027052762406473,-28.054105524812947,-26.963196433903857,True,sigma_color_stat_mag,True,False
constant,14,2,0.567460681637547,-3.1525817571294414,0.0,,,0.07340996382033248,15.67269118805058,-27.34538237610116,-26.25447328519207,True,sigma_color_stat_mag,True,False
constant,14,2,0.567460681637547,-3.2469398140960832,0.0,,,0.07737586350776991,14.899054970160927,-25.798109940321854,-24.707200849412764,True,sigma_color_stat_mag,True,False
constant,14,2,0.567460681637547,-3.253001572339925,0.0,,,0.06618718206479342,16.725274733467497,-29.450549466934994,-28.359640376025904,True,sigma_color_stat_mag,True,False
constant,14,2,0.567460681637547,-3.190480958223254,0.0,,,0.07871035378488406,14.687683920043874,-25.375367840087748,-24.284458749178658,True,sigma_color_stat_mag,True,False
constant,14,2,0.567460681637547,-3.1658996352737954,0.0,,,0.0852974199023396,13.761639132696,-23.523278265392,-22.43236917448291,True,sigma_color_stat_mag,True,False
constant,14,2,0.567460681637547,-3.190403152973758,0.0,,,0.08768718478157102,13.427262531631174,-22.854525063262347,-21.763615972353257,True,sigma_color_stat_mag,True,False
constant,14,2,0.567460681637547,-3.1898518083256047,0.0,,,0.0545727506639491,18.72124452207654,-33.44248904415308,-32.351579953243984,True,sigma_color_stat_mag,True,False
constant,14,2,0.567460681637547,-3.1821017367886197,0.0,,,0.0751903309475469,15.28510068980274,-26.57020137960548,-25.47929228869639,True,sigma_color_stat_mag,True,False
constant,14,2,0.567460681637547,-3.2463898683929777,0.0,,,0.06280037448394432,17.3623135901075,-30.724627180215002,-29.633718089305912,True,sigma_color_stat_mag,True,False
constant,14,2,0.567460681637547,-3.1845076867860707,0.0,,,0.09090725915426652,12.96644289846103,-21.93288579692206,-20.84197670601297,True,sigma_color_stat_mag,True,False
constant,14,2,0.567460681637547,-3.2068169289207935,0.0,,,0.10118978828365843,11.560869317705814,-19.121738635411628,-18.030829544502538,True,sigma_color_stat_mag,True,False
constant,14,2,0.567460681637547,-3.1738053761947915,0.0,,,0.07523255589030635,15.219298138285406,-26.438596276570813,-25.347687185661723,True,sigma_color_stat_mag,True,False
constant,14,2,0.567460681637547,-3.2117223794606966,0.0,,,0.059803219369736,17.84560851279137,-31.691217025582738,-30.600307934673648,True,sigma_color_stat_mag,True,False
constant,14,2,0.567460681637547,-3.2222757665283543,0.0,,,0.07633488475589473,15.162685319001412,-26.325370638002823,-25.234461547093733,True,sigma_color_stat_mag,True,False
constant,14,2,0.567460681637547,-3.1834131034574065,0.0,,,0.06518203502326698,16.88201089252475,-29.7640217850495,-28.67311269414041,True,sigma_color_stat_mag,True,False
constant,14,2,0.567460681637547,-3.219036669227421,0.0,,,0.0859251599037738,13.653830410696738,-23.307660821393476,-22.216751730484386,True,sigma_color_stat_mag,True,False
constant,14,2,0.567460681637547,-3.254617502836931,0.0,,,0.06792088278093458,16.417403016103318,-28.834806032206636,-27.743896941297546,True,sigma_color_stat_mag,True,False
constant,14,2,0.567460681637547,-3.2346901723807777,0.0,,,0.08224056330855709,14.191267332652094,-24.38253466530419,-23.2916255743951,True,sigma_color_stat_mag,True,False
constant,14,2,0.567460681637547,-3.2151384039144077,0.0,,,0.06503879812784676,17.036656991241433,-30.073313982482865,-28.982404891573776,True,sigma_color_stat_mag,True,False
constant,14,2,0.567460681637547,-3.231217289779786,0.0,,,0.07764568207595043,14.88727285705942,-25.77454571411884,-24.68363662320975,True,sigma_color_stat_mag,True,False
constant,14,2,0.567460681637547,-3.1670901381770578,0.0,,,0.05177804558515224,19.154436753194695,-34.30887350638939,-33.217964415480296,True,sigma_color_stat_mag,True,False
constant,14,2,0.567460681637547,-3.209214623693929,0.0,,,0.08332921183530646,14.008796625268735,-24.01759325053747,-22.92668415962838,True,sigma_color_stat_mag,True,False
constant,14,2,0.567460681637547,-3.209480923975311,0.0,,,0.09216619768901671,12.726237845840737,-21.452475691681475,-20.361566600772385,True,sigma_color_stat_mag,True,False
constant,14,2,0.567460681637547,-3.1964538478539333,0.0,,,0.07263537814495323,15.683243581443874,-27.366487162887747,-26.275578071978657,True,sigma_color_stat_mag,True,False
constant,14,2,0.567460681637547,-3.1665554584699778,0.0,,,0.0810806591704693,14.381303667939607,-24.762607335879213,-23.671698244970123,True,sigma_color_stat_mag,True,False
constant,14,2,0.567460681637547,-3.1875678093109046,0.0,,,0.0797590400527457,14.645887284819288,-25.291774569638577,-24.200865478729487,True,sigma_color_stat_mag,True,False
constant,14,2,0.567460681637547,-3.2348331178254055,0.0,,,0.09187080263599144,12.81516319842177,-21.63032639684354,-20.53941730593445,True,sigma_color_stat_mag,True,False
constant,14,2,0.567460681637547,-3.2411899962095942,0.0,,,0.06653882162430758,16.653607218134496,-29.307214436268993,-28.216305345359903,True,sigma_color_stat_mag,True,False
constant,14,2,0.567460681637547,-3.2190320565131736,0.0,,,0.06451157217318945,17.079752314628262,-30.159504629256524,-29.068595538347434,True,sigma_color_stat_mag,True,False
constant,14,2,0.567460681637547,-3.22615666074756,0.0,,,0.06620239035757747,16.783189584890486,-29.566379169780973,-28.475470078871883,True,sigma_color_stat_mag,True,False
constant,14,2,0.567460681637547,-3.2472288140805636,0.0,,,0.07978757215259295,14.56132171111483,-25.12264342222966,-24.03173433132057,True,sigma_color_stat_mag,True,False
constant,14,2,0.567460681637547,-3.1728565849739065,0.0,,,0.0632954182633359,17.193039446478085,-30.38607889295617,-29.29516980204708,True,sigma_color_stat_mag,True,False
constant,14,2,0.567460681637547,-3.213015909037572,0.0,,,0.08879329408024453,13.15752304126287,-22.31504608252574,-21.22413699161665,True,sigma_color_stat_mag,True,False
constant,14,2,0.567460681637547,-3.2432610685576138,0.0,,,0.08490383575531021,13.821976447996775,-23.64395289599355,-22.55304380508446,True,sigma_color_stat_mag,True,False
constant,14,2,0.567460681637547,-3.2204504076620486,0.0,,,0.08192748655543045,14.196086438985873,-24.392172877971745,-23.301263787062656,True,sigma_color_stat_mag,True,False
constant,14,2,0.567460681637547,-3.1860500527995166,0.0,,,0.09561232570922996,12.30769030301203,-20.61538060602406,-19.52447151511497,True,sigma_color_stat_mag,True,False
constant,14,2,0.567460681637547,-3.1879499401167344,0.0,,,0.09048066107065245,12.969255667547941,-21.938511335095882,-20.847602244186792,True,sigma_color_stat_mag,True,False
constant,14,2,0.567460681637547,-3.1974610423725625,0.0,,,0.06913608914711832,16.30193363588286,-28.603867271765722,-27.512958180856632,True,sigma_color_stat_mag,True,False
constant,14,2,0.567460681637547,-3.2087666492878153,0.0,,,0.07437738399415102,15.351041269115633,-26.702082538231267,-25.611173447322177,True,sigma_color_stat_mag,True,False
constant,14,2,0.567460681637547,-3.2146935225182705,0.0,,,0.07110901903512508,15.95039139291193,-27.90078278582386,-26.80987369491477,True,sigma_color_stat_mag,True,False
constant,14,2,0.567460681637547,-3.2147615434775347,0.0,,,0.07881768088738952,14.6416950570853,-25.2833901141706,-24.19248102326151,True,sigma_color_stat_mag,True,False
constant,14,2,0.567460681637547,-3.2042260511521476,0.0,,,0.09128348959229791,12.882626908385024,-21.76525381677005,-20.67434472586096,True,sigma_color_stat_mag,True,False
constant,14,2,0.567460681637547,-3.232914859262063,0.0,,,0.07313837529041524,15.647587455605553,-27.295174911211106,-26.204265820302016,True,sigma_color_stat_mag,True,False
constant,14,2,0.567460681637547,-3.2007687208727194,0.0,,,0.07340563058624294,15.610913737722175,-27.22182747544435,-26.13091838453526,True,sigma_color_stat_mag,True,False
constant,14,2,0.567460681637547,-3.198466099757625,0.0,,,0.054497009152823184,18.988819021058468,-33.977638042116936,-32.88672895120784,True,sigma_color_stat_mag,True,False
constant,14,2,0.567460681637547,-3.2113719798948024,0.0,,,0.07441496699230096,15.316186081777682,-26.632372163555363,-25.541463072646273,True,sigma_color_stat_mag,True,False
constant,14,2,0.567460681637547,-3.197028114136457,0.0,,,0.07370788052945854,15.4867863610076,-26.9735727220152,-25.88266363110611,True,sigma_color_stat_mag,True,False
constant,14,2,0.567460681637547,-3.175983843328109,0.0,,,0.0638892810555873,17.009243186788993,-30.018486373577986,-28.927577282668896,True,sigma_color_stat_mag,True,False
constant,14,2,0.567460681637547,-3.239540362308126,0.0,,,0.05633580188520131,18.597287971856485,-33.19457594371297,-32.103666852803876,True,sigma_color_stat_mag,True,False
constant,14,2,0.567460681637547,-3.222339038284302,0.0,,,0.05722028206927959,18.264806264541978,-32.529612529083956,-31.438703438174866,True,sigma_color_stat_mag,True,False
constant,14,2,0.567460681637547,-3.190287350228909,0.0,,,0.0916793756482861,12.773346722608004,-21.546693445216007,-20.455784354306918,True,sigma_color_stat_mag,True,False
constant,14,2,0.567460681637547,-3.220522695987611,0.0,,,0.06888243329037264,16.284775383568412,-28.569550767136825,-27.478641676227735,True,sigma_color_stat_mag,True,False
constant,14,2,0.567460681637547,-3.1868330121481976,0.0,,,0.06332731194336463,17.06411769943878,-30.128235398877557,-29.037326307968467,True,sigma_color_stat_mag,True,False
constant,14,2,0.567460681637547,-3.193203983638973,0.0,,,0.07092480849613848,15.919555296188284,-27.839110592376567,-26.748201501467477,True,sigma_color_stat_mag,True,False
constant,14,2,0.567460681637547,-3.257460776631343,0.0,,,0.05872875969104437,17.929637737711218,-31.859275475422436,-30.768366384513346,True,sigma_color_stat_mag,True,False
constant,14,2,0.567460681637547,-3.1954302558758934,0.0,,,0.09148138328644828,12.846342219361402,-21.692684438722804,-20.601775347813714,True,sigma_color_stat_mag,True,False
constant,14,2,0.567460681637547,-3.2172039885893877,0.0,,,0.10609141781455503,10.9804845993862,-17.9609691987724,-16.87006010786331,True,sigma_color_stat_mag,True,False
constant,14,2,0.567460681637547,-3.2141479578743195,0.0,,,0.06636272124173823,16.73486200816006,-29.46972401632012,-28.37881492541103,True,sigma_color_stat_mag,True,False
constant,14,2,0.567460681637547,-3.1776297176581245,0.0,,,0.07386346448884896,15.488034254248658,-26.976068508497317,-25.885159417588227,True,sigma_color_stat_mag,True,False
constant,14,2,0.567460681637547,-3.2399288875613914,0.0,,,0.0905859996862211,12.991929383546708,-21.983858767093416,-20.892949676184326,True,sigma_color_stat_mag,True,False
constant,14,2,0.567460681637547,-3.2342292073776098,0.0,,,0.06935512579750001,16.207396307821373,-28.414792615642746,-27.323883524733656,True,sigma_color_stat_mag,True,False
constant,14,2,0.567460681637547,-3.2139032820105555,0.0,,,0.07237095617112019,15.724408721998124,-27.448817443996248,-26.357908353087158,True,sigma_color_stat_mag,True,False
constant,14,2,0.567460681637547,-3.205853936717478,0.0,,,0.08662738311272064,13.562482876208808,-23.124965752417616,-22.034056661508526,True,sigma_color_stat_mag,True,False
constant,14,2,0.567460681637547,-3.264584426878981,0.0,,,0.06453320095802051,17.09936813885828,-30.198736277716563,-29.107827186807473,True,sigma_color_stat_mag,True,False
constant,14,2,0.567460681637547,-3.1888640609049985,0.0,,,0.09329536600431877,12.64303001350722,-21.28606002701444,-20.19515093610535,True,sigma_color_stat_mag,True,False
constant,14,2,0.567460681637547,-3.1928854716090442,0.0,,,0.06807711190426659,16.263314868835003,-28.526629737670007,-27.435720646760917,True,sigma_color_stat_mag,True,False
constant,14,2,0.567460681637547,-3.1941190916312467,0.0,,,0.07302396385443416,15.587475814898959,-27.174951629797917,-26.084042538888827,True,sigma_color_stat_mag,True,False
constant,14,2,0.567460681637547,-3.2076710902824876,0.0,,,0.06786146317199432,16.430973430212223,-28.861946860424446,-27.771037769515356,True,sigma_color_stat_mag,True,False
constant,14,2,0.567460681637547,-3.203784347564452,0.0,,,0.09766684730744715,11.999101846494366,-19.99820369298873,-18.90729460207964,True,sigma_color_stat_mag,True,False
constant,14,2,0.567460681637547,-3.214097986213855,0.0,,,0.0647201600021661,16.968612487492592,-29.937224974985185,-28.846315884076095,True,sigma_color_stat_mag,True,False
constant,14,2,0.567460681637547,-3.1813356793167182,0.0,,,0.06800290796057104,16.379067562436337,-28.758135124872673,-27.667226033963583,True,sigma_color_stat_mag,True,False
constant,14,2,0.567460681637547,-3.1810602442254683,0.0,,,0.0863840904542432,13.467129475219275,-22.93425895043855,-21.84334985952946,True,sigma_color_stat_mag,True,False
constant,14,2,0.567460681637547,-3.2693243262155653,0.0,,,0.05503147208769322,18.856384855296106,-33.71276971059221,-32.62186061968312,True,sigma_color_stat_mag,True,False
constant,14,2,0.567460681637547,-3.2466755271527035,0.0,,,0.07808282307020571,14.80904321672732,-25.61808643345464,-24.52717734254555,True,sigma_color_stat_mag,True,False
constant,14,2,0.567460681637547,-3.1845079406608066,0.0,,,0.08051898216615369,14.411172655300135,-24.82234531060027,-23.73143621969118,True,sigma_color_stat_mag,True,False
constant,14,2,0.567460681637547,-3.2104921661091574,0.0,,,0.07913432425437507,14.633383576063988,-25.266767152127976,-24.175858061218886,True,sigma_color_stat_mag,True,False
constant,14,2,0.567460681637547,-3.2151467560636764,0.0,,,0.07265129823677309,15.669686464939222,-27.339372929878444,-26.248463838969354,True,sigma_color_stat_mag,True,False
constant,14,2,0.567460681637547,-3.210428469880536,0.0,,,0.07544422223600802,15.26379364036987,-26.52758728073974,-25.43667818983065,True,sigma_color_stat_mag,True,False
constant,14,2,0.567460681637547,-3.221080487125626,0.0,,,0.08805268528490884,13.270164993558064,-22.540329987116127,-21.449420896207037,True,sigma_color_stat_mag,True,False
constant,14,2,0.567460681637547,-3.18298786216656,0.0,,,0.057208832746711166,18.28575953019668,-32.57151906039336,-31.480609969484274,True,sigma_color_stat_mag,True,False
constant,14,2,0.567460681637547,-3.2217240437826367,0.0,,,0.03899246416431283,21.701092387343557,-39.402184774687115,-38.31127568377802,True,sigma_color_stat_mag,True,False
constant,14,2,0.567460681637547,-3.200619133122069,0.0,,,0.08087097732695198,14.334759696545628,-24.669519393091257,-23.578610302182167,True,sigma_color_stat_mag,True,False
constant,14,2,0.567460681637547,-3.2134582652845727,0.0,,,0.08479722285269305,13.72931210769351,-23.45862421538702,-22.36771512447793,True,sigma_color_stat_mag,True,False
constant,14,2,0.567460681637547,-3.2057406431342166,0.0,,,0.08311002345063699,13.970784711234346,-23.941569422468692,-22.850660331559602,True,sigma_color_stat_mag,True,False
constant,14,2,0.567460681637547,-3.2245999470792412,0.0,,,0.08761898477490011,13.378148286156128,-22.756296572312255,-21.665387481403165,True,sigma_color_stat_mag,True,False
constant,14,2,0.567460681637547,-3.212782688341959,0.0,,,0.09157684374214588,12.790874304003603,-21.581748608007207,-20.490839517098117,True,sigma_color_stat_mag,True,False
constant,14,2,0.567460681637547,-3.214904242664932,0.0,,,0.07637840878482335,15.110312012614123,-26.220624025228247,-25.129714934319157,True,sigma_color_stat_mag,True,False
constant,14,2,0.567460681637547,-3.24520026005324,0.0,,,0.05760915822371759,18.225928078238315,-32.45185615647663,-31.36094706556754,True,sigma_color_stat_mag,True,False
constant,14,2,0.567460681637547,-3.267879751554837,0.0,,,0.05310170588516613,18.95890044214526,-33.91780088429052,-32.82689179338143,True,sigma_color_stat_mag,True,False
constant,14,2,0.567460681637547,-3.2095103333652872,0.0,,,0.0755316234144967,15.205609797229172,-26.411219594458345,-25.320310503549255,True,sigma_color_stat_mag,True,False
constant,14,2,0.567460681637547,-3.165647164053366,0.0,,,0.041174632432121445,20.484391148156558,-36.968782296313115,-35.87787320540402,True,sigma_color_stat_mag,True,False
constant,14,2,0.567460681637547,-3.1866671916701335,0.0,,,0.08374081293881691,13.949685918938908,-23.899371837877815,-22.808462746968726,True,sigma_color_stat_mag,True,False
constant,14,2,0.567460681637547,-3.205892249216361,0.0,,,0.07811458775737555,14.695514051791273,-25.391028103582546,-24.300119012673456,True,sigma_color_stat_mag,True,False
constant,14,2,0.567460681637547,-3.1873913571889134,0.0,,,0.08569420789978235,13.746907642954278,-23.493815285908557,-22.402906194999467,True,sigma_color_stat_mag,True,False
constant,14,2,0.567460681637547,-3.1984816989139073,0.0,,,0.07316860308155608,15.511401351509226,-27.022802703018453,-25.931893612109363,True,sigma_color_stat_mag,True,False
constant,14,2,0.567460681637547,-3.21027125181557,0.0,,,0.0840796016043553,13.89280803153137,-23.78561606306274,-22.69470697215365,True,sigma_color_stat_mag,True,False
constant,14,2,0.567460681637547,-3.212657929186558,0.0,,,0.09447191322108901,12.44918351448738,-20.89836702897476,-19.80745793806567,True,sigma_color_stat_mag,True,False
constant,14,2,0.567460681637547,-3.2081801314101694,0.0,,,0.0918426424272326,12.822698386452775,-21.64539677290555,-20.55448768199646,True,sigma_color_stat_mag,True,False
constant,14,2,0.567460681637547,-3.207301416951797,0.0,,,0.0898297440244826,13.082016484718446,-22.164032969436892,-21.073123878527802,True,sigma_color_stat_mag,True,False
constant,14,2,0.567460681637547,-3.264998474660711,0.0,,,0.06557088202303028,16.789356093465873,-29.578712186931746,-28.487803096022656,True,sigma_color_stat_mag,True,False
constant,14,2,0.567460681637547,-3.2014332203625444,0.0,,,0.09261979202380101,12.713218683340633,-21.426437366681267,-20.335528275772177,True,sigma_color_stat_mag,True,False
constant,14,2,0.567460681637547,-3.1974915158605204,0.0,,,0.08332715612964238,13.974469376076854,-23.94893875215371,-22.85802966124462,True,sigma_color_stat_mag,True,False
constant,14,2,0.567460681637547,-3.211399957564238,0.0,,,0.05912725108130334,17.905359617188093,-31.810719234376187,-30.719810143467097,True,sigma_color_stat_mag,True,False
constant,14,2,0.567460681637547,-3.19760399044539,0.0,,,0.08391245783004714,13.930255608474377,-23.860511216948755,-22.769602126039665,True,sigma_color_stat_mag,True,False
constant,14,2,0.567460681637547,-3.208658251647591,0.0,,,0.08568107900099203,13.670867449850162,-23.341734899700324,-22.250825808791234,True,sigma_color_stat_mag,True,False
constant,14,2,0.567460681637547,-3.2289382929936497,0.0,,,0.08543550611661871,13.689841830189534,-23.37968366037907,-22.28877456946998,True,sigma_color_stat_mag,True,False
constant,14,2,0.567460681637547,-3.240473222560267,0.0,,,0.06301272028232932,17.205148095546807,-30.410296191093614,-29.319387100184525,True,sigma_color_stat_mag,True,False
constant,14,2,0.567460681637547,-3.2119652325019827,0.0,,,0.04241827626397731,21.130736156304543,-38.26147231260909,-37.17056322169999,True,sigma_color_stat_mag,True,False
constant,14,2,0.567460681637547,-3.198198898364967,0.0,,,0.07156985141653537,15.74152409543947,-27.48304819087894,-26.39213909996985,True,sigma_color_stat_mag,True,False
constant,14,2,0.567460681637547,-3.1939876482084015,0.0,,,0.08470732429295037,13.727750871428,-23.455501742856,-22.36459265194691,True,sigma_color_stat_mag,True,False
constant,14,2,0.567460681637547,-3.1920994317039164,0.0,,,0.06491676964784544,16.933671807686814,-29.867343615373628,-28.776434524464538,True,sigma_color_stat_mag,True,False
constant,14,2,0.567460681637547,-3.2089045497963,0.0,,,0.0859734815892669,13.696897710239085,-23.39379542047817,-22.30288632956908,True,sigma_color_stat_mag,True,False
constant,14,2,0.567460681637547,-3.2092986428752366,0.0,,,0.07439612596160332,15.409959398732656,-26.819918797465313,-25.729009706556223,True,sigma_color_stat_mag,True,False
constant,14,2,0.567460681637547,-3.173358517707718,0.0,,,0.06030322982924128,17.862601732126578,-31.725203464253156,-30.634294373344066,True,sigma_color_stat_mag,True,False
constant,14,2,0.567460681637547,-3.2567004016096193,0.0,,,0.06438678216673793,17.020206741445147,-30.040413482890294,-28.949504391981204,True,sigma_color_stat_mag,True,False
constant,14,2,0.567460681637547,-3.204593402067464,0.0,,,0.06088767338164576,17.66988786355481,-31.33977572710962,-30.24886663620053,True,sigma_color_stat_mag,True,False
constant,14,2,0.567460681637547,-3.2089822083666437,0.0,,,0.08108218625401888,14.2995735915504,-24.5991471831008,-23.50823809219171,True,sigma_color_stat_mag,True,False
constant,14,2,0.567460681637547,-3.2297621364327225,0.0,,,0.0642577106814976,17.055336579962102,-30.110673159924204,-29.019764069015114,True,sigma_color_stat_mag,True,False
constant,14,2,0.567460681637547,-3.21382314825955,0.0,,,0.09650224432802902,12.163686077041042,-20.327372154082084,-19.236463063172994,True,sigma_color_stat_mag,True,False
constant,14,2,0.567460681637547,-3.2008041508251965,0.0,,,0.08454731136510704,13.69539170222197,-23.39078340444394,-22.29987431353485,True,sigma_color_stat_mag,True,False
constant,14,2,0.567460681637547,-3.154933766746891,0.0,,,0.07773453366545668,14.859896143515963,-25.719792287031925,-24.628883196122835,True,sigma_color_stat_mag,True,False
constant,14,2,0.567460681637547,-3.1606397859074864,0.0,,,0.06521036512569661,16.868956794452583,-29.737913588905165,-28.647004497996075,True,sigma_color_stat_mag,True,False
constant,14,2,0.567460681637547,-3.237349923314657,0.0,,,0.07684415995927898,14.990559348387222,-25.981118696774445,-24.890209605865355,True,sigma_color_stat_mag,True,False
constant,14,2,0.567460681637547,-3.196272997085261,0.0,,,0.09576191386338907,12.24805652246896,-20.49611304493792,-19.40520395402883,True,sigma_color_stat_mag,True,False
constant,14,2,0.567460681637547,-3.2089869768592885,0.0,,,0.09206712676016027,12.766806475547373,-21.533612951094746,-20.442703860185656,True,sigma_color_stat_mag,True,False
constant,14,2,0.567460681637547,-3.219793149367719,0.0,,,0.06485886102283549,16.929376525275067,-29.858753050550135,-28.767843959641045,True,sigma_color_stat_mag,True,False
constant,14,2,0.567460681637547,-3.2227292200555726,0.0,,,0.06605920150464198,16.90508281895709,-29.81016563791418,-28.71925654700509,True,sigma_color_stat_mag,True,False
constant,14,2,0.567460681637547,-3.1987910066376766,0.0,,,0.06818168960696269,16.34388607424859,-28.68777214849718,-27.59686305758809,True,sigma_color_stat_mag,True,False
constant,14,2,0.567460681637547,-3.1942589910157344,0.0,,,0.0858426238774465,13.587568783333735,-23.17513756666747,-22.08422847575838,True,sigma_color_stat_mag,True,False
constant,14,2,0.567460681637547,-3.260353207143216,0.0,,,0.07522260819378625,15.287877524521349,-26.575755049042698,-25.484845958133608,True,sigma_color_stat_mag,True,False
constant,14,2,0.567460681637547,-3.201746222556263,0.0,,,0.07505255872652893,15.2306441488235,-26.461288297647,-25.37037920673791,True,sigma_color_stat_mag,True,False
constant,14,2,0.567460681637547,-3.2015350710201003,0.0,,,0.08175516895921407,14.211658477541693,-24.423316955083386,-23.332407864174296,True,sigma_color_stat_mag,True,False
constant,14,2,0.567460681637547,-3.194450246171078,0.0,,,0.0652044260007021,16.897930687531467,-29.795861375062934,-28.704952284153844,True,sigma_color_stat_mag,True,False
constant,14,2,0.567460681637547,-3.2405044988472462,0.0,,,0.0794916647340119,14.56492538064031,-25.12985076128062,-24.03894167037153,True,sigma_color_stat_mag,True,False
constant,14,2,0.567460681637547,-3.235276529849228,0.0,,,0.09304028718839863,12.672932195151946,-21.34586439030389,-20.2549552993948,True,sigma_color_stat_mag,True,False
constant,14,2,0.567460681637547,-3.1798353195012306,0.0,,,0.061775774658550726,17.399512172694976,-30.799024345389952,-29.708115254480862,True,sigma_color_stat_mag,True,False
constant,14,2,0.567460681637547,-3.1806846308198904,0.0,,,0.06482024536236328,16.926849681156625,-29.85369936231325,-28.76279027140416,True,sigma_color_stat_mag,True,False
constant,14,2,0.567460681637547,-3.2150259356457145,0.0,,,0.08060994426337527,14.404726160442715,-24.80945232088543,-23.71854322997634,True,sigma_color_stat_mag,True,False
constant,14,2,0.567460681637547,-3.221492208607765,0.0,,,0.05836070750592126,18.246934913445465,-32.49386982689093,-31.40296073598184,True,sigma_color_stat_mag,True,False
constant,14,2,0.567460681637547,-3.206923790353758,0.0,,,0.07480891480975514,15.39122295048816,-26.78244590097632,-25.69153681006723,True,sigma_color_stat_mag,True,False
constant,14,2,0.567460681637547,-3.198320314881657,0.0,,,0.06405050734113625,17.188309478139427,-30.376618956278854,-29.285709865369764,True,sigma_color_stat_mag,True,False
constant,14,2,0.567460681637547,-3.161188554366999,0.0,,,0.08203965306874514,14.067663442856553,-24.135326885713106,-23.044417794804016,True,sigma_color_stat_mag,True,False
constant,14,2,0.567460681637547,-3.1708211823548575,0.0,,,0.046859458748877196,20.05892630110746,-36.11785260221492,-35.026943511305824,True,sigma_color_stat_mag,True,False
constant,14,2,0.567460681637547,-3.20633968807087,0.0,,,0.0769284077855746,14.949484780487417,-25.898969560974834,-24.808060470065744,True,sigma_color_stat_mag,True,False
constant,14,2,0.567460681637547,-3.240944344295528,0.0,,,0.07073569819024805,15.983757606832533,-27.967515213665067,-26.876606122755977,True,sigma_color_stat_mag,True,False
constant,14,2,0.567460681637547,-3.207216052058364,0.0,,,0.06988165416219767,16.164097830295745,-28.32819566059149,-27.2372865696824,True,sigma_color_stat_mag,True,False
constant,14,2,0.567460681637547,-3.2162600242912576,0.0,,,0.06867503823114553,16.26137383145808,-28.52274766291616,-27.43183857200707,True,sigma_color_stat_mag,True,False
constant,14,2,0.567460681637547,-3.2257055215663453,0.0,,,0.06623523092607117,16.704193460207968,-29.408386920415936,-28.317477829506846,True,sigma_color_stat_mag,True,False
constant,14,2,0.567460681637547,-3.2008718958074316,0.0,,,0.08080101146068602,14.363552484710574,-24.72710496942115,-23.63619587851206,True,sigma_color_stat_mag,True,False
constant,14,2,0.567460681637547,-3.1598909991530024,0.0,,,0.07340269387765007,15.555977653042396,-27.11195530608479,-26.0210462151757,True,sigma_color_stat_mag,True,False
constant,14,2,0.567460681637547,-3.188403400029823,0.0,,,0.07892897635177294,14.600260635685501,-25.200521271371002,-24.109612180461912,True,sigma_color_stat_mag,True,False
constant,14,2,0.567460681637547,-3.183523308357022,0.0,,,0.07939763167899934,14.632623584506064,-25.265247169012127,-24.174338078103037,True,sigma_color_stat_mag,True,False
constant,14,2,0.567460681637547,-3.175048466531049,0.0,,,0.05544102014015207,18.744482579698303,-33.48896515939661,-32.39805606848751,True,sigma_color_stat_mag,True,False
constant,14,2,0.567460681637547,-3.226688466128373,0.0,,,0.09575415518436589,12.27207380722228,-20.54414761444456,-19.45323852353547,True,sigma_color_stat_mag,True,False
constant,14,2,0.567460681637547,-3.233662280248985,0.0,,,0.0851161848765052,13.739080181308292,-23.478160362616585,-22.387251271707495,True,sigma_color_stat_mag,True,False
constant,14,2,0.567460681637547,-3.2103351045972315,0.0,,,0.0554788578381671,18.714489206999882,-33.428978413999765,-32.33806932309067,True,sigma_color_stat_mag,True,False
constant,14,2,0.567460681637547,-3.2260050985553974,0.0,,,0.06732360926918657,16.535150577331027,-29.070301154662054,-27.979392063752965,True,sigma_color_stat_mag,True,False
constant,14,2,0.567460681637547,-3.2342720664665183,0.0,,,0.08222284205032941,14.207172898174399,-24.414345796348798,-23.323436705439708,True,sigma_color_stat_mag,True,False
constant,14,2,0.567460681637547,-3.167432955244268,0.0,,,0.0626169275172496,17.073892662078293,-30.147785324156587,-29.056876233247497,True,sigma_color_stat_mag,True,False
constant,14,2,0.567460681637547,-3.1768842927277325,0.0,,,0.07392073000678111,15.47930825080881,-26.95861650161762,-25.86770741070853,True,sigma_color_stat_mag,True,False
constant,14,2,0.567460681637547,-3.199001585980041,0.0,,,0.054426219606920186,18.563834233506984,-33.12766846701397,-32.036759376104875,True,sigma_color_stat_mag,True,False
constant,14,2,0.567460681637547,-3.186992740373456,0.0,,,0.07289497039637356,15.411796921139626,-26.82359384227925,-25.73268475137016,True,sigma_color_stat_mag,True,False
constant,14,2,0.567460681637547,-3.240443889571243,0.0,,,0.07412110396995569,15.345599132677272,-26.691198265354544,-25.600289174445454,True,sigma_color_stat_mag,True,False
constant,14,2,0.567460681637547,-3.190372280493233,0.0,,,0.07829278895847606,14.821133014055029,-25.642266028110058,-24.551356937200968,True,sigma_color_stat_mag,True,False
constant,14,2,0.567460681637547,-3.226068371562475,0.0,,,0.06079080371443229,17.692369633212657,-31.384739266425314,-30.293830175516224,True,sigma_color_stat_mag,True,False
constant,14,2,0.567460681637547,-3.2217893333017034,0.0,,,0.07243636915372677,15.672768273773773,-27.345536547547546,-26.254627456638456,True,sigma_color_stat_mag,True,False
constant,14,2,0.567460681637547,-3.1844462032703618,0.0,,,0.07235374306066034,15.635780275342427,-27.271560550684853,-26.180651459775763,True,sigma_color_stat_mag,True,False
constant,14,2,0.567460681637547,-3.1726848023690075,0.0,,,0.07535152347926712,15.014165180382115,-26.02833036076423,-24.93742126985514,True,sigma_color_stat_mag,True,False
constant,14,2,0.567460681637547,-3.212319460917776,0.0,,,0.09059424972425738,12.944197037120274,-21.888394074240548,-20.797484983331458,True,sigma_color_stat_mag,True,False
constant,14,2,0.567460681637547,-3.172083115448537,0.0,,,0.07815364604003427,14.818185800261032,-25.636371600522065,-24.545462509612975,True,sigma_color_stat_mag,True,False
constant,14,2,0.567460681637547,-3.2206323042313665,0.0,,,0.0769587735904689,14.922519029052786,-25.845038058105573,-24.754128967196483,True,sigma_color_stat_mag,True,False
constant,14,2,0.567460681637547,-3.174109092506394,0.0,,,0.06207447703836662,17.33034400386026,-30.660688007720523,-29.569778916811433,True,sigma_color_stat_mag,True,False
constant,14,2,0.567460681637547,-3.230421801070267,0.0,,,0.060854339721557967,17.661490754172856,-31.322981508345713,-30.232072417436623,True,sigma_color_stat_mag,True,False
constant,14,2,0.567460681637547,-3.203669948330341,0.0,,,0.08975699076271881,13.104710880026635,-22.20942176005327,-21.11851266914418,True,sigma_color_stat_mag,True,False
constant,14,2,0.567460681637547,-3.198344515930036,0.0,,,0.07912400384361921,14.551262117192934,-25.102524234385868,-24.011615143476778,True,sigma_color_stat_mag,True,False
constant,14,2,0.567460681637547,-3.2560275886959498,0.0,,,0.0776078453118771,14.888038599879284,-25.776077199758568,-24.685168108849478,True,sigma_color_stat_mag,True,False
constant,14,2,0.567460681637547,-3.1655055429811756,0.0,,,0.06678502411783234,16.393408501582243,-28.786817003164487,-27.695907912255397,True,sigma_color_stat_mag,True,False
constant,14,2,0.567460681637547,-3.222158794971083,0.0,,,0.05258346787962762,19.437322449993623,-34.874644899987246,-33.78373580907815,True,sigma_color_stat_mag,True,False
constant,14,2,0.567460681637547,-3.234355199559586,0.0,,,0.07965760390394439,14.53381527366861,-25.06763054733722,-23.97672145642813,True,sigma_color_stat_mag,True,False
constant,14,2,0.567460681637547,-3.205061665077497,0.0,,,0.07944686809440983,14.629317466155225,-25.25863493231045,-24.16772584140136,True,sigma_color_stat_mag,True,False
constant,14,2,0.567460681637547,-3.2091552554240383,0.0,,,0.0770417106049268,15.00017872969651,-26.00035745939302,-24.90944836848393,True,sigma_color_stat_mag,True,False
constant,14,2,0.567460681637547,-3.209345301732829,0.0,,,0.09930243546039727,11.811946588625679,-19.623893177251357,-18.532984086342267,True,sigma_color_stat_mag,True,False
constant,14,2,0.567460681637547,-3.235417184815977,0.0,,,0.07893368412704624,14.662804911520803,-25.325609823041606,-24.234700732132517,True,sigma_color_stat_mag,True,False
constant,14,2,0.567460681637547,-3.1671234486080917,0.0,,,0.08025786101817037,14.407446054940051,-24.814892109880102,-23.723983018971012,True,sigma_color_stat_mag,True,False
constant,14,2,0.567460681637547,-3.172201059095073,0.0,,,0.0678724967177423,16.249873490194336,-28.49974698038867,-27.40883788947958,True,sigma_color_stat_mag,True,False
constant,14,2,0.567460681637547,-3.1829015671272867,0.0,,,0.07202528938980489,15.599323727240861,-27.198647454481723,-26.107738363572633,True,sigma_color_stat_mag,True,False
constant,14,2,0.567460681637547,-3.235762566908198,0.0,,,0.07947340922105049,14.638174235955846,-25.276348471911692,-24.185439381002602,True,sigma_color_stat_mag,True,False
constant,14,2,0.567460681637547,-3.2164516779052064,0.0,,,0.06577953231895095,16.852505447840148,-29.705010895680296,-28.614101804771206,True,sigma_color_stat_mag,True,False
constant,14,2,0.567460681637547,-3.191127405257935,0.0,,,0.09388490119232748,12.500774429604645,-21.00154885920929,-19.9106397683002,True,sigma_color_stat_mag,True,False
constant,14,2,0.567460681637547,-3.2043416291057762,0.0,,,0.05966750441749964,17.72203161372343,-31.44406322744686,-30.35315413653777,True,sigma_color_stat_mag,True,False
constant,14,2,0.567460681637547,-3.195463571998287,0.0,,,0.08191735816599563,14.271304661038052,-24.542609322076103,-23.451700231167013,True,sigma_color_stat_mag,True,False
constant,14,2,0.567460681637547,-3.190381277669638,0.0,,,0.0807675373999225,14.338409934149091,-24.676819868298182,-23.585910777389092,True,sigma_color_stat_mag,True,False
constant,14,2,0.567460681637547,-3.172589605654024,0.0,,,0.09801827415302286,12.006530945526073,-20.013061891052146,-18.922152800143056,True,sigma_color_stat_mag,True,False
constant,14,2,0.567460681637547,-3.1910582708637203,0.0,,,0.10171650276931102,11.502974963271711,-19.005949926543423,-17.915040835634333,True,sigma_color_stat_mag,True,False
constant,14,2,0.567460681637547,-3.2204995900165296,0.0,,,0.06381771632353361,17.241192376406836,-30.482384752813672,-29.391475661904582,True,sigma_color_stat_mag,True,False
constant,14,2,0.567460681637547,-3.1719465415054224,0.0,,,0.06696418815973018,16.46859938777923,-28.937198775558457,-27.846289684649367,True,sigma_color_stat_mag,True,False
constant,14,2,0.567460681637547,-3.2283037744561764,0.0,,,0.061085674422054634,17.612431828162656,-31.22486365632531,-30.13395456541622,True,sigma_color_stat_mag,True,False
constant,14,2,0.567460681637547,-3.204717979061378,0.0,,,0.08739666427229074,13.417021466370018,-22.834042932740036,-21.743133841830947,True,sigma_color_stat_mag,True,False
constant,14,2,0.567460681637547,-3.215265415574028,0.0,,,0.07086879453778148,15.879384987421155,-27.75876997484231,-26.66786088393322,True,sigma_color_stat_mag,True,False
constant,14,2,0.567460681637547,-3.2332801658019394,0.0,,,0.057355560745866924,18.380132983556685,-32.76026596711337,-31.66935687620428,True,sigma_color_stat_mag,True,False
constant,14,2,0.567460681637547,-3.1925820810873207,0.0,,,0.09700031258879571,12.096825136771615,-20.19365027354323,-19.10274118263414,True,sigma_color_stat_mag,True,False
constant,14,2,0.567460681637547,-3.202027891767481,0.0,,,0.0968298215429222,12.153282424528804,-20.306564849057608,-19.215655758148518,True,sigma_color_stat_mag,True,False
constant,14,2,0.567460681637547,-3.177303342211114,0.0,,,0.07917261591742562,14.678310555711457,-25.356621111422914,-24.265712020513824,True,sigma_color_stat_mag,True,False
constant,14,2,0.567460681637547,-3.1868117539272633,0.0,,,0.061878095473702446,17.54500592420154,-31.09001184840308,-29.99910275749399,True,sigma_color_stat_mag,True,False
constant,14,2,0.567460681637547,-3.1767686512071136,0.0,,,0.08808620888636867,13.259966286988,-22.519932573976,-21.42902348306691,True,sigma_color_stat_mag,True,False
constant,14,2,0.567460681637547,-3.2202075757027573,0.0,,,0.05510192971888331,18.707666772272386,-33.41533354454477,-32.32442445363568,True,sigma_color_stat_mag,True,False
constant,14,2,0.567460681637547,-3.1980680586969705,0.0,,,0.07349002284492358,15.465843945830324,-26.931687891660648,-25.840778800751558,True,sigma_color_stat_mag,True,False
constant,14,2,0.567460681637547,-3.204001640609673,0.0,,,0.09927502533348558,11.842962774108516,-19.685925548217032,-18.595016457307942,True,sigma_color_stat_mag,True,False
constant,14,2,0.567460681637547,-3.1887016538283377,0.0,,,0.08093771756589503,14.33257325770317,-24.66514651540634,-23.57423742449725,True,sigma_color_stat_mag,True,False
constant,14,2,0.567460681637547,-3.1655311499434395,0.0,,,0.07886279112588539,14.616004359809443,-25.232008719618886,-24.141099628709796,True,sigma_color_stat_mag,True,False
constant,14,2,0.567460681637547,-3.194740465426035,0.0,,,0.09354541720405428,12.53486984179374,-21.06973968358748,-19.97883059267839,True,sigma_color_stat_mag,True,False
constant,14,2,0.567460681637547,-3.2251783525742725,0.0,,,0.09674142563013598,12.182628572934094,-20.36525714586819,-19.2743480549591,True,sigma_color_stat_mag,True,False
constant,14,2,0.567460681637547,-3.2079960232570146,0.0,,,0.09001443648129857,13.053684088310298,-22.107368176620597,-21.016459085711507,True,sigma_color_stat_mag,True,False
constant,14,2,0.567460681637547,-3.225873746315406,0.0,,,0.07931458704879915,14.560016333018405,-25.12003266603681,-24.02912357512772,True,sigma_color_stat_mag,True,False
constant,14,2,0.567460681637547,-3.1706858665676205,0.0,,,0.06009989010711121,17.716086652782533,-31.432173305565065,-30.341264214655975,True,sigma_color_stat_mag,True,False
constant,14,2,0.567460681637547,-3.2407349339229747,0.0,,,0.05702839034035536,18.37086248279372,-32.74172496558744,-31.650815874678347,True,sigma_color_stat_mag,True,False
constant,14,2,0.567460681637547,-3.1915205013858676,0.0,,,0.10210165519221799,11.414898120736057,-18.829796241472113,-17.738887150563023,True,sigma_color_stat_mag,True,False
constant,14,2,0.567460681637547,-3.156109409704993,0.0,,,0.05087271607531442,19.420354763284138,-34.840709526568276,-33.74980043565918,True,sigma_color_stat_mag,True,False
constant,14,2,0.567460681637547,-3.2507573390606943,0.0,,,0.06980781952233106,16.165606561462326,-28.33121312292465,-27.240304032015562,True,sigma_color_stat_mag,True,False
constant,14,2,0.567460681637547,-3.249203866393487,0.0,,,0.06667463964724768,16.59117080438768,-29.18234160877536,-28.09143251786627,True,sigma_color_stat_mag,True,False
constant,14,2,0.567460681637547,-3.22856330118682,0.0,,,0.08933398338280288,13.176444193954227,-22.352888387908454,-21.261979296999364,True,sigma_color_stat_mag,True,False
constant,14,2,0.567460681637547,-3.2084613804824382,0.0,,,0.07013106530929558,16.18158318548002,-28.363166370960037,-27.272257280050948,True,sigma_color_stat_mag,True,False
constant,14,2,0.567460681637547,-3.1798654056932896,0.0,,,0.06226128876128232,17.227588506997094,-30.455177013994188,-29.364267923085098,True,sigma_color_stat_mag,True,False
constant,14,2,0.567460681637547,-3.236052289410681,0.0,,,0.0830262003492808,14.03830273694555,-24.0766054738911,-22.98569638298201,True,sigma_color_stat_mag,True,False
constant,14,2,0.567460681637547,-3.199776741328198,0.0,,,0.08350619356445434,13.966151040522815,-23.93230208104563,-22.84139299013654,True,sigma_color_stat_mag,True,False
constant,14,2,0.567460681637547,-3.175508467346596,0.0,,,0.0862171667229677,13.572937508599507,-23.145875017199014,-22.054965926289924,True,sigma_color_stat_mag,True,False
constant,14,2,0.567460681637547,-3.2219626539709254,0.0,,,0.09004471954746897,13.038393815482003,-22.076787630964006,-20.985878540054916,True,sigma_color_stat_mag,True,False
constant,14,2,0.567460681637547,-3.179194858026205,0.0,,,0.0768483580458451,14.956960939344317,-25.913921878688633,-24.823012787779543,True,sigma_color_stat_mag,True,False
constant,14,2,0.567460681637547,-3.1971722057129695,0.0,,,0.08509172802120657,13.698784453104357,-23.397568906208715,-22.306659815299625,True,sigma_color_stat_mag,True,False
constant,14,2,0.567460681637547,-3.2278127635858405,0.0,,,0.09101205976134813,12.938903100056088,-21.877806200112175,-20.786897109203085,True,sigma_color_stat_mag,True,False
constant,14,2,0.567460681637547,-3.209630603551828,0.0,,,0.0944464813730397,12.429195219706513,-20.858390439413025,-19.767481348503935,True,sigma_color_stat_mag,True,False
constant,14,2,0.567460681637547,-3.2405747762354427,0.0,,,0.05675446393876938,18.395257618970295,-32.79051523794059,-31.6996061470315,True,sigma_color_stat_mag,True,False
constant,14,2,0.567460681637547,-3.1932397488374535,0.0,,,0.08625098159098447,13.560021522479484,-23.12004304495897,-22.02913395404988,True,sigma_color_stat_mag,True,False
constant,14,2,0.567460681637547,-3.239266191929709,0.0,,,0.057790468025650694,18.390706729159128,-32.781413458318255,-31.690504367409165,True,sigma_color_stat_mag,True,False
constant,14,2,0.567460681637547,-3.215569133367356,0.0,,,0.08657806705746512,13.56030920609331,-23.12061841218662,-22.02970932127753,True,sigma_color_stat_mag,True,False
constant,14,2,0.567460681637547,-3.1891162216608304,0.0,,,0.08785840606260666,13.350071056022111,-22.700142112044222,-21.609233021135132,True,sigma_color_stat_mag,True,False
constant,14,2,0.567460681637547,-3.229329940661463,0.0,,,0.08607113767876816,13.566007720149338,-23.132015440298677,-22.041106349389587,True,sigma_color_stat_mag,True,False
constant,14,2,0.567460681637547,-3.2082664714540248,0.0,,,0.07291062552409201,15.612411203669181,-27.224822407338362,-26.133913316429272,True,sigma_color_stat_mag,True,False
constant,14,2,0.567460681637547,-3.2181004895457894,0.0,,,0.08344385766502149,14.052955560781562,-24.105911121563125,-23.015002030654035,True,sigma_color_stat_mag,True,False
constant,14,2,0.567460681637547,-3.156960799542333,0.0,,,0.07627070391372168,15.095161426445372,-26.190322852890745,-25.099413761981655,True,sigma_color_stat_mag,True,False
constant,14,2,0.567460681637547,-3.187259384722946,0.0,,,0.08707282803499121,13.515934385518998,-23.031868771037995,-21.940959680128906,True,sigma_color_stat_mag,True,False
constant,14,2,0.567460681637547,-3.1652269913740585,0.0,,,0.06026499049476716,17.608274821735986,-31.21654964347197,-30.12564055256288,True,sigma_color_stat_mag,True,False
constant,14,2,0.567460681637547,-3.2146078475760818,0.0,,,0.0975813457411479,12.069740448019099,-20.139480896038197,-19.048571805129107,True,sigma_color_stat_mag,True,False
constant,14,2,0.567460681637547,-3.239642066083083,0.0,,,0.060005250850727984,17.894989577335892,-31.789979154671784,-30.699070063762694,True,sigma_color_stat_mag,True,False
constant,14,2,0.567460681637547,-3.207336625245922,0.0,,,0.07458474973754392,15.408423162065851,-26.816846324131703,-25.725937233222613,True,sigma_color_stat_mag,True,False
constant,14,2,0.567460681637547,-3.1838391582444756,0.0,,,0.08282091914683731,14.092939946723344,-24.18587989344669,-23.0949708025376,True,sigma_color_stat_mag,True,False
constant,14,2,0.567460681637547,-3.203477041414061,0.0,,,0.07948113417311883,14.538283301074133,-25.076566602148265,-23.985657511239175,True,sigma_color_stat_mag,True,False
constant,14,2,0.567460681637547,-3.21186512482769,0.0,,,0.08651075818197522,13.468528107683003,-22.937056215366006,-21.846147124456916,True,sigma_color_stat_mag,True,False
constant,14,2,0.567460681637547,-3.2138073984331483,0.0,,,0.08762435592847441,13.373648980869998,-22.747297961739996,-21.656388870830906,True,sigma_color_stat_mag,True,False
constant,14,2,0.567460681637547,-3.1450321018411653,0.0,,,0.07289753624662113,15.553125398620727,-27.106250797241454,-26.015341706332364,True,sigma_color_stat_mag,True,False
constant,14,2,0.567460681637547,-3.238510228587574,0.0,,,0.0588756792639256,18.1222792118753,-32.2445584237506,-31.153649332841507,True,sigma_color_stat_mag,True,False
constant,14,2,0.567460681637547,-3.208738348008536,0.0,,,0.08483188823709557,13.774128135930047,-23.548256271860094,-22.457347180951004,True,sigma_color_stat_mag,True,False
constant,14,2,0.567460681637547,-3.2332794426154625,0.0,,,0.06440631004916542,17.117306331975797,-30.234612663951594,-29.143703573042504,True,sigma_color_stat_mag,True,False
constant,14,2,0.567460681637547,-3.1856467010458758,0.0,,,0.06824270965068373,16.36553467647607,-28.73106935295214,-27.64016026204305,True,sigma_color_stat_mag,True,False
constant,14,2,0.567460681637547,-3.193661997005481,0.0,,,0.08622640582873291,13.566107888425138,-23.132215776850277,-22.041306685941187,True,sigma_color_stat_mag,True,False
constant,14,2,0.567460681637547,-3.2311749307506736,0.0,,,0.07275069660534242,15.605876029096242,-27.211752058192484,-26.120842967283394,True,sigma_color_stat_mag,True,False
constant,14,2,0.567460681637547,-3.189276703570688,0.0,,,0.09570395867144364,12.288374554636505,-20.57674910927301,-19.48584001836392,True,sigma_color_stat_mag,True,False
constant,14,2,0.567460681637547,-3.24241428715423,0.0,,,0.07212108654052721,15.73479925734824,-27.46959851469648,-26.37868942378739,True,sigma_color_stat_mag,True,False
constant,14,2,0.567460681637547,-3.205417064765497,0.0,,,0.09649032530130035,12.2201527761959,-20.4403055523918,-19.34939646148271,True,sigma_color_stat_mag,True,False
constant,14,2,0.567460681637547,-3.1899941163501246,0.0,,,0.056114419518900595,18.712040282816545,-33.42408056563309,-32.333171474724,True,sigma_color_stat_mag,True,False
constant,14,2,0.567460681637547,-3.210805138083561,0.0,,,0.07123657340007175,15.961168134222163,-27.922336268444326,-26.831427177535236,True,sigma_color_stat_mag,True,False
constant,14,2,0.567460681637547,-3.2081094853394987,0.0,,,0.08887704251203327,13.231284358405551,-22.462568716811102,-21.371659625902012,True,sigma_color_stat_mag,True,False
constant,14,2,0.567460681637547,-3.180232698508316,0.0,,,0.08302859394187316,13.938211548032413,-23.876423096064826,-22.785514005155736,True,sigma_color_stat_mag,True,False
constant,14,2,0.567460681637547,-3.2496837865615555,0.0,,,0.07801815668079032,14.81581233160675,-25.6316246632135,-24.54071557230441,True,sigma_color_stat_mag,True,False
constant,14,2,0.567460681637547,-3.2275432787907095,0.0,,,0.07580178774078414,15.10974162673791,-26.21948325347582,-25.12857416256673,True,sigma_color_stat_mag,True,False
constant,14,2,0.567460681637547,-3.2427891329672542,0.0,,,0.07944112442585434,14.628459008958478,-25.256918017916956,-24.166008927007866,True,sigma_color_stat_mag,True,False
constant,14,2,0.567460681637547,-3.2381820582323986,0.0,,,0.07632946239415152,15.117556272699519,-26.235112545399037,-25.144203454489947,True,sigma_color_stat_mag,True,False
constant,14,2,0.567460681637547,-3.180123483589579,0.0,,,0.055951226073595615,18.512030637187863,-33.024061274375725,-31.933152183466635,True,sigma_color_stat_mag,True,False
constant,14,2,0.567460681637547,-3.22743803555182,0.0,,,0.05570419758756029,18.610298916630303,-33.220597833260605,-32.12968874235151,True,sigma_color_stat_mag,True,False
constant,14,2,0.567460681637547,-3.2172664788414904,0.0,,,0.07025410457133287,15.982153364728656,-27.964306729457313,-26.873397638548223,True,sigma_color_stat_mag,True,False
constant,14,2,0.567460681637547,-3.241760323697298,0.0,,,0.06764181631948839,16.56218293532192,-29.124365870643842,-28.033456779734752,True,sigma_color_stat_mag,True,False
constant,14,2,0.567460681637547,-3.1755513339330377,0.0,,,0.09012435314326647,12.938793814206019,-21.877587628412037,-20.786678537502947,True,sigma_color_stat_mag,True,False
constant,14,2,0.567460681637547,-3.170213863833486,0.0,,,0.08983347964232727,13.107171662802184,-22.214343325604368,-21.123434234695278,True,sigma_color_stat_mag,True,False
constant,14,2,0.567460681637547,-3.219923814968963,0.0,,,0.0742725325138641,15.358481061763488,-26.716962123526976,-25.626053032617886,True,sigma_color_stat_mag,True,False
constant,14,2,0.567460681637547,-3.1876196905898486,0.0,,,0.06688949353709432,16.523606923902,-29.047213847804002,-27.956304756894912,True,sigma_color_stat_mag,True,False
constant,14,2,0.567460681637547,-3.1850601414594166,0.0,,,0.08709073890543456,13.417119463729966,-22.834238927459932,-21.743329836550842,True,sigma_color_stat_mag,True,False
constant,14,2,0.567460681637547,-3.198556909277984,0.0,,,0.07648257489973152,15.099276401390494,-26.198552802780988,-25.107643711871898,True,sigma_color_stat_mag,True,False
constant,14,2,0.567460681637547,-3.190211378049448,0.0,,,0.08102604127008209,14.446250211534144,-24.892500423068288,-23.801591332159198,True,sigma_color_stat_mag,True,False
constant,14,2,0.567460681637547,-3.1690247986539513,0.0,,,0.07633317752021174,15.082388355661529,-26.164776711323057,-25.073867620413967,True,sigma_color_stat_mag,True,False
constant,14,2,0.567460681637547,-3.221337214294707,0.0,,,0.07228051417107803,15.697646005081435,-27.39529201016287,-26.30438291925378,True,sigma_color_stat_mag,True,False
constant,14,2,0.567460681637547,-3.1723047766473713,0.0,,,0.07544954626004852,15.263240198842634,-26.52648039768527,-25.43557130677618,True,sigma_color_stat_mag,True,False
constant,14,2,0.567460681637547,-3.248281045940015,0.0,,,0.08195021406706916,14.255082559519433,-24.510165119038867,-23.419256028129777,True,sigma_color_stat_mag,True,False
constant,14,2,0.567460681637547,-3.1856432002990793,0.0,,,0.08108173163901765,14.351947690577495,-24.70389538115499,-23.6129862902459,True,sigma_color_stat_mag,True,False
constant,14,2,0.567460681637547,-3.217798895202925,0.0,,,0.07713230927288967,14.974091454837437,-25.948182909674873,-24.857273818765783,True,sigma_color_stat_mag,True,False
constant,14,2,0.567460681637547,-3.261380940067915,0.0,,,0.0804383210564421,14.429223495956277,-24.858446991912555,-23.767537901003465,True,sigma_color_stat_mag,True,False
constant,14,2,0.567460681637547,-3.1887696828015204,0.0,,,0.07991637334467762,14.560921952300472,-25.121843904600944,-24.030934813691854,True,sigma_color_stat_mag,True,False
constant,14,2,0.567460681637547,-3.168984516523748,0.0,,,0.07660826690473835,14.981817845553698,-25.963635691107395,-24.872726600198305,True,sigma_color_stat_mag,True,False
constant,14,2,0.567460681637547,-3.206566508977772,0.0,,,0.08198918186793219,14.20986860601031,-24.41973721202062,-23.32882812111153,True,sigma_color_stat_mag,True,False
constant,14,2,0.567460681637547,-3.183754536387114,0.0,,,0.08646525638192526,13.383954940470346,-22.767909880940692,-21.677000790031602,True,sigma_color_stat_mag,True,False
constant,14,2,0.567460681637547,-3.1878297880806383,0.0,,,0.08177198809672458,14.164579363050143,-24.329158726100285,-23.238249635191195,True,sigma_color_stat_mag,True,False
constant,14,2,0.567460681637547,-3.205937472586451,0.0,,,0.07154437015287866,15.828738069668955,-27.65747613933791,-26.56656704842882,True,sigma_color_stat_mag,True,False
constant,14,2,0.567460681637547,-3.216825263990135,0.0,,,0.09182464234801915,12.76599691498454,-21.53199382996908,-20.44108473905999,True,sigma_color_stat_mag,True,False
constant,14,2,0.567460681637547,-3.166885093524557,0.0,,,0.07123399269812222,15.719016830785685,-27.43803366157137,-26.34712457066228,True,sigma_color_stat_mag,True,False
constant,14,2,0.567460681637547,-3.21686476151395,0.0,,,0.07238610850364594,15.755294142916037,-27.510588285832075,-26.419679194922985,True,sigma_color_stat_mag,True,False
constant,14,2,0.567460681637547,-3.2276881635674877,0.0,,,0.09200179080305952,12.791929954252119,-21.583859908504238,-20.492950817595148,True,sigma_color_stat_mag,True,False
constant,14,2,0.567460681637547,-3.21989437106498,0.0,,,0.08895183204854887,13.181509632826083,-22.363019265652166,-21.272110174743077,True,sigma_color_stat_mag,True,False
constant,14,2,0.567460681637547,-3.2139439931953757,0.0,,,0.09171398521486385,12.829521123602026,-21.659042247204052,-20.568133156294962,True,sigma_color_stat_mag,True,False
constant,14,2,0.567460681637547,-3.2196546169746085,0.0,,,0.06691398455965307,16.47549029930578,-28.950980598611558,-27.860071507702468,True,sigma_color_stat_mag,True,False
constant,14,2,0.567460681637547,-3.260411172458975,0.0,,,0.0667704590204704,16.654672429229997,-29.309344858459994,-28.218435767550904,True,sigma_color_stat_mag,True,False
constant,14,2,0.567460681637547,-3.2196747918471753,0.0,,,0.06679095214603231,16.575995087426545,-29.15199017485309,-28.061081083944,True,sigma_color_stat_mag,True,False
constant,14,2,0.567460681637547,-3.1815497052373787,0.0,,,0.061254437390159185,17.646849622742216,-31.293699245484433,-30.202790154575343,True,sigma_color_stat_mag,True,False
constant,14,2,0.567460681637547,-3.166657222992325,0.0,,,0.08503969549251325,13.712492158348313,-23.424984316696627,-22.334075225787537,True,sigma_color_stat_mag,True,False
constant,14,2,0.567460681637547,-3.216112451022712,0.0,,,0.09499837065250066,12.374529231466783,-20.749058462933565,-19.658149372024475,True,sigma_color_stat_mag,True,False
constant,14,2,0.567460681637547,-3.2196478755978406,0.0,,,0.08766083617559305,13.319328454841356,-22.638656909682712,-21.547747818773622,True,sigma_color_stat_mag,True,False
constant,14,2,0.567460681637547,-3.1936935650999896,0.0,,,0.07752006223614995,14.799713718256777,-25.599427436513555,-24.508518345604465,True,sigma_color_stat_mag,True,False
constant,14,2,0.567460681637547,-3.2236752195935265,0.0,,,0.062334920315610866,17.554000239171643,-31.108000478343286,-30.017091387434196,True,sigma_color_stat_mag,True,False
constant,14,2,0.567460681637547,-3.258075495635381,0.0,,,0.06207732824763985,17.502624478303453,-31.005248956606906,-29.914339865697816,True,sigma_color_stat_mag,True,False
constant,14,2,0.567460681637547,-3.199820287185617,0.0,,,0.09299462652467536,12.631698018187901,-21.263396036375802,-20.172486945466712,True,sigma_color_stat_mag,True,False
constant,14,2,0.567460681637547,-3.2227567555494967,0.0,,,0.06883581429552336,16.22156230693684,-28.443124613873678,-27.35221552296459,True,sigma_color_stat_mag,True,False
constant,14,2,0.567460681637547,-3.208943348496482,0.0,,,0.08121160676311581,14.337771826818031,-24.675543653636062,-23.584634562726972,True,sigma_color_stat_mag,True,False
constant,14,2,0.567460681637547,-3.1612427702826706,0.0,,,0.07126358901690555,15.618087272041569,-27.236174544083138,-26.145265453174048,True,sigma_color_stat_mag,True,False
constant,14,2,0.567460681637547,-3.236812059706664,0.0,,,0.08131456854411716,14.279546038875505,-24.55909207775101,-23.46818298684192,True,sigma_color_stat_mag,True,False
constant,14,2,0.567460681637547,-3.165562207354703,0.0,,,0.07740989596513985,14.756743464460754,-25.51348692892151,-24.42257783801242,True,sigma_color_stat_mag,True,False
constant,14,2,0.567460681637547,-3.200374215189963,0.0,,,0.09145077917551234,12.881069862086001,-21.762139724172002,-20.671230633262912,True,sigma_color_stat_mag,True,False
constant,14,2,0.567460681637547,-3.2050172251727567,0.0,,,0.07534192181214171,15.25671369067108,-26.51342738134216,-25.42251829043307,True,sigma_color_stat_mag,True,False
constant,14,2,0.567460681637547,-3.192027503780631,0.0,,,0.08585590207566668,13.611982715316147,-23.223965430632294,-22.133056339723204,True,sigma_color_stat_mag,True,False
constant,14,2,0.567460681637547,-3.201424277957978,0.0,,,0.08662709991795814,13.549356898309368,-23.098713796618735,-22.007804705709646,True,sigma_color_stat_mag,True,False
constant,14,2,0.567460681637547,-3.2349928619383896,0.0,,,0.07287566032127672,15.642151324100086,-27.28430264820017,-26.19339355729108,True,sigma_color_stat_mag,True,False
constant,14,2,0.567460681637547,-3.2013409050560586,0.0,,,0.05318827522056024,19.267288985794426,-34.53457797158885,-33.44366888067976,True,sigma_color_stat_mag,True,False
constant,14,2,0.567460681637547,-3.2094143467913443,0.0,,,0.09326478770403586,12.597212223065629,-21.194424446131258,-20.103515355222168,True,sigma_color_stat_mag,True,False
constant,14,2,0.567460681637547,-3.209220086356726,0.0,,,0.07501102791434865,15.240845973402449,-26.481691946804897,-25.390782855895807,True,sigma_color_stat_mag,True,False
constant,14,2,0.567460681637547,-3.2069611441048735,0.0,,,0.08857693437291912,13.252961432528902,-22.505922865057805,-21.415013774148715,True,sigma_color_stat_mag,True,False
constant,14,2,0.567460681637547,-3.18381709292966,0.0,,,0.08336254836167893,14.04295439894647,-24.08590879789294,-22.99499970698385,True,sigma_color_stat_mag,True,False
constant,14,2,0.567460681637547,-3.177374326885215,0.0,,,0.07336466918940275,15.655474719943342,-27.310949439886684,-26.220040348977594,True,sigma_color_stat_mag,True,False
constant,14,2,0.567460681637547,-3.2341120763286533,0.0,,,0.05919878664692064,17.894158016223095,-31.78831603244619,-30.6974069415371,True,sigma_color_stat_mag,True,False
constant,14,2,0.567460681637547,-3.1878432929463547,0.0,,,0.07944650202465967,14.522225438783403,-25.044450877566806,-23.953541786657716,True,sigma_color_stat_mag,True,False
constant,14,2,0.567460681637547,-3.2014566545354883,0.0,,,0.08856618602724575,13.238583315174967,-22.477166630349934,-21.386257539440845,True,sigma_color_stat_mag,True,False
constant,14,2,0.567460681637547,-3.1616704825515574,0.0,,,0.08723137247322088,13.32483343316404,-22.64966686632808,-21.55875777541899,True,sigma_color_stat_mag,True,False
constant,14,2,0.567460681637547,-3.233759296283393,0.0,,,0.07483156199339365,15.28409046695143,-26.56818093390286,-25.47727184299377,True,sigma_color_stat_mag,True,False
constant,14,2,0.567460681637547,-3.2283852039547027,0.0,,,0.07362457888747026,15.505220797628963,-27.010441595257927,-25.919532504348837,True,sigma_color_stat_mag,True,False
constant,14,2,0.567460681637547,-3.2242431342426645,0.0,,,0.0794076183170854,14.644528443281033,-25.289056886562065,-24.198147795652975,True,sigma_color_stat_mag,True,False
constant,14,2,0.567460681637547,-3.171368394574999,0.0,,,0.05515740954102031,18.759503613660073,-33.519007227320145,-32.42809813641105,True,sigma_color_stat_mag,True,False
constant,14,2,0.567460681637547,-3.204401906570891,0.0,,,0.0850528861718389,13.770834975871018,-23.541669951742037,-22.450760860832947,True,sigma_color_stat_mag,True,False
constant,14,2,0.567460681637547,-3.216401268625908,0.0,,,0.09144114821430055,12.838849797559629,-21.677699595119257,-20.586790504210168,True,sigma_color_stat_mag,True,False
constant,14,2,0.567460681637547,-3.198467536818247,0.0,,,0.07506225492749963,15.293252511307267,-26.586505022614535,-25.495595931705445,True,sigma_color_stat_mag,True,False
constant,14,2,0.567460681637547,-3.2042608757524076,0.0,,,0.047201714307576845,20.150863036019054,-36.30172607203811,-35.210816981129014,True,sigma_color_stat_mag,True,False
constant,14,2,0.567460681637547,-3.208083127593705,0.0,,,0.0806040005614012,14.391580991188464,-24.783161982376928,-23.692252891467838,True,sigma_color_stat_mag,True,False
constant,14,2,0.567460681637547,-3.2239226305244255,0.0,,,0.0683652078355955,16.349015211738635,-28.69803042347727,-27.60712133256818,True,sigma_color_stat_mag,True,False
constant,14,2,0.567460681637547,-3.2470005218108633,0.0,,,0.06967714125528549,16.202455831174085,-28.40491166234817,-27.31400257143908,True,sigma_color_stat_mag,True,False
constant,14,2,0.567460681637547,-3.1933520940615234,0.0,,,0.08958488788601957,13.159174348348294,-22.31834869669659,-21.2274396057875,True,sigma_color_stat_mag,True,False
constant,14,2,0.567460681637547,-3.2275130559031537,0.0,,,0.0837432489532972,13.95245220956644,-23.90490441913288,-22.81399532822379,True,sigma_color_stat_mag,True,False
constant,14,2,0.567460681637547,-3.22955784544917,0.0,,,0.08537578751582917,13.67801901871099,-23.35603803742198,-22.26512894651289,True,sigma_color_stat_mag,True,False
constant,14,2,0.567460681637547,-3.2245732226024217,0.0,,,0.0847595200673487,13.812725714450433,-23.625451428900867,-22.534542337991777,True,sigma_color_stat_mag,True,False
constant,14,2,0.567460681637547,-3.183682740476797,0.0,,,0.07827064711241491,14.793204652552511,-25.586409305105022,-24.495500214195932,True,sigma_color_stat_mag,True,False
constant,14,2,0.567460681637547,-3.2124063959062754,0.0,,,0.06637106152211147,16.664933383606925,-29.32986676721385,-28.23895767630476,True,sigma_color_stat_mag,True,False
constant,14,2,0.567460681637547,-3.2121735086509497,0.0,,,0.07678478215536498,14.962652026114194,-25.925304052228388,-24.834394961319298,True,sigma_color_stat_mag,True,False
constant,14,2,0.567460681637547,-3.1849660593758276,0.0,,,0.07651289358216812,15.013282290255834,-26.026564580511668,-24.935655489602578,True,sigma_color_stat_mag,True,False
constant,14,2,0.567460681637547,-3.237656703152714,0.0,,,0.06412482141170568,17.21723513570633,-30.434470271412657,-29.343561180503567,True,sigma_color_stat_mag,True,False
constant,14,2,0.567460681637547,-3.1674309612956772,0.0,,,0.08570217710854636,13.634317375388127,-23.268634750776254,-22.177725659867164,True,sigma_color_stat_mag,True,False
constant,14,2,0.567460681637547,-3.2012774505352524,0.0,,,0.052738288613170405,19.325254445314943,-34.65050889062989,-33.55959979972079,True,sigma_color_stat_mag,True,False
constant,14,2,0.567460681637547,-3.23422184704209,0.0,,,0.0597860064064806,17.85485584983986,-31.709711699679723,-30.618802608770633,True,sigma_color_stat_mag,True,False
constant,14,2,0.567460681637547,-3.2312567679386057,0.0,,,0.08210129457666411,14.148947703518203,-24.297895407036407,-23.206986316127317,True,sigma_color_stat_mag,True,False
constant,14,2,0.567460681637547,-3.2238173475452916,0.0,,,0.060977175172273294,17.596644195117612,-31.193288390235224,-30.102379299326135,True,sigma_color_stat_mag,True,False
constant,14,2,0.567460681637547,-3.2040209378472264,0.0,,,0.07193954127169067,15.85051430642403,-27.70102861284806,-26.61011952193897,True,sigma_color_stat_mag,True,False
constant,14,2,0.567460681637547,-3.250670436226131,0.0,,,0.07089099679022774,15.91360122164564,-27.82720244329128,-26.73629335238219,True,sigma_color_stat_mag,True,False
constant,14,2,0.567460681637547,-3.2250230127620902,0.0,,,0.06666891114754642,16.7409648882892,-29.481929776578397,-28.391020685669307,True,sigma_color_stat_mag,True,False
constant,14,2,0.567460681637547,-3.193888148513831,0.0,,,0.07102723128939564,15.881597741656918,-27.763195483313837,-26.672286392404747,True,sigma_color_stat_mag,True,False
constant,14,2,0.567460681637547,-3.191474109083251,0.0,,,0.07915581437522289,14.681725589176637,-25.363451178353273,-24.272542087444183,True,sigma_color_stat_mag,True,False
constant,14,2,0.567460681637547,-3.1838216580203893,0.0,,,0.0839608149743778,13.95362647058147,-23.90725294116294,-22.81634385025385,True,sigma_color_stat_mag,True,False
constant,14,2,0.567460681637547,-3.188574395023173,0.0,,,0.04991201418629868,19.73556853136319,-35.47113706272638,-34.380227971817284,True,sigma_color_stat_mag,True,False
constant,14,2,0.567460681637547,-3.2309676444408804,0.0,,,0.08771352368931999,13.38236971494496,-22.76473942988992,-21.67383033898083,True,sigma_color_stat_mag,True,False
constant,14,2,0.567460681637547,-3.190936061895428,0.0,,,0.0712783759716076,15.887932351109775,-27.77586470221955,-26.68495561131046,True,sigma_color_stat_mag,True,False
constant,14,2,0.567460681637547,-3.214321274494201,0.0,,,0.06152657238624632,17.5687733536976,-31.137546707395202,-30.046637616486112,True,sigma_color_stat_mag,True,False
constant,14,2,0.567460681637547,-3.227027767739792,0.0,,,0.09372112070703717,12.515893899778202,-21.031787799556405,-19.940878708647315,True,sigma_color_stat_mag,True,False
constant,14,2,0.567460681637547,-3.229906012179757,0.0,,,0.08677190678430106,13.490441806619911,-22.980883613239822,-21.889974522330732,True,sigma_color_stat_mag,True,False
constant,14,2,0.567460681637547,-3.173271443673356,0.0,,,0.0753644285617051,15.063709709278276,-26.127419418556553,-25.036510327647463,True,sigma_color_stat_mag,True,False
constant,14,2,0.567460681637547,-3.161277073407255,0.0,,,0.050777665145976605,19.69173966381177,-35.38347932762354,-34.29257023671445,True,sigma_color_stat_mag,True,False
constant,14,2,0.567460681637547,-3.157130670247927,0.0,,,0.03467295731110252,22.259882760734943,-40.519765521469886,-39.42885643056079,True,sigma_color_stat_mag,True,False
constant,14,2,0.567460681637547,-3.2267340425701807,0.0,,,0.09642979657922998,12.214688110422445,-20.42937622084489,-19.3384671299358,True,sigma_color_stat_mag,True,False
constant,14,2,0.567460681637547,-3.224257840024037,0.0,,,0.07210171887125633,15.704244941661075,-27.40848988332215,-26.31758079241306,True,sigma_color_stat_mag,True,False
constant,14,2,0.567460681637547,-3.1631979867569986,0.0,,,0.04578340829218001,20.63574215558385,-37.2714843111677,-36.1805752202586,True,sigma_color_stat_mag,True,False
constant,14,2,0.567460681637547,-3.2453618707509646,0.0,,,0.060398138485311365,17.849332614305375,-31.69866522861075,-30.60775613770166,True,sigma_color_stat_mag,True,False
constant,14,2,0.567460681637547,-3.2050300566708936,0.0,,,0.09225024302309874,12.730636518216151,-21.461273036432303,-20.370363945523213,True,sigma_color_stat_mag,True,False
constant,14,2,0.567460681637547,-3.1535777134749066,0.0,,,0.0652611813108036,17.052979018710552,-30.105958037421104,-29.015048946512014,True,sigma_color_stat_mag,True,False
constant,14,2,0.567460681637547,-3.2177187893953647,0.0,,,0.07846078463321543,14.822832759567198,-25.645665519134397,-24.554756428225307,True,sigma_color_stat_mag,True,False
constant,14,2,0.567460681637547,-3.205886577250524,0.0,,,0.06792421253992065,16.442139840061138,-28.884279680122276,-27.793370589213186,True,sigma_color_stat_mag,True,False
constant,14,2,0.567460681637547,-3.234870912624169,0.0,,,0.07563706514621156,15.164802637486147,-26.329605274972295,-25.238696184063205,True,sigma_color_stat_mag,True,False
constant,14,2,0.567460681637547,-3.2135570201196493,0.0,,,0.07117368226987662,15.892635031874423,-27.785270063748847,-26.694360972839757,True,sigma_color_stat_mag,True,False
constant,14,2,0.567460681637547,-3.2168418337679574,0.0,,,0.07328033848878926,15.612353521369695,-27.22470704273939,-26.1337979518303,True,sigma_color_stat_mag,True,False
constant,14,2,0.567460681637547,-3.1971952501820566,0.0,,,0.05873715632406506,17.821796529813106,-31.643593059626212,-30.552683968717123,True,sigma_color_stat_mag,True,False
constant,14,2,0.567460681637547,-3.217984371041763,0.0,,,0.07730426619571863,14.895909397686667,-25.791818795373334,-24.700909704464244,True,sigma_color_stat_mag,True,False
constant,14,2,0.567460681637547,-3.2165277115113664,0.0,,,0.08229649284459543,14.18071932888031,-24.36143865776062,-23.27052956685153,True,sigma_color_stat_mag,True,False
constant,14,2,0.567460681637547,-3.2064443895246537,0.0,,,0.07510304670691945,15.247904142010444,-26.49580828402089,-25.4048991931118,True,sigma_color_stat_mag,True,False
constant,14,2,0.567460681637547,-3.2034484163386256,0.0,,,0.07663751179307741,14.990082448480383,-25.980164896960765,-24.889255806051676,True,sigma_color_stat_mag,True,False
constant,14,2,0.567460681637547,-3.144920740992994,0.0,,,0.0780625073229076,14.688396152717088,-25.376792305434176,-24.285883214525086,True,sigma_color_stat_mag,True,False
constant,14,2,0.567460681637547,-3.1996130053851353,0.0,,,0.08482383137803136,13.739875099390797,-23.479750198781595,-22.388841107872505,True,sigma_color_stat_mag,True,False
constant,14,2,0.567460681637547,-3.1904096516491087,0.0,,,0.08359784608190025,14.02440942899646,-24.04881885799292,-22.95790976708383,True,sigma_color_stat_mag,True,False
constant,14,2,0.567460681637547,-3.1782566069612255,0.0,,,0.09980029144813998,11.750036611748635,-19.50007322349727,-18.40916413258818,True,sigma_color_stat_mag,True,False
constant,14,2,0.567460681637547,-3.2040111466365464,0.0,,,0.06670598234798464,16.58706991397824,-29.17413982795648,-28.08323073704739,True,sigma_color_stat_mag,True,False
constant,14,2,0.567460681637547,-3.242822931924828,0.0,,,0.09788313616245561,12.007287938618854,-20.014575877237707,-18.923666786328617,True,sigma_color_stat_mag,True,False
constant,14,2,0.567460681637547,-3.2226016078287265,0.0,,,0.08061683370517438,14.473505903537362,-24.947011807074723,-23.856102716165633,True,sigma_color_stat_mag,True,False
constant,14,2,0.567460681637547,-3.2352407693573304,0.0,,,0.07343750751363969,15.538455275778883,-27.076910551557766,-25.986001460648676,True,sigma_color_stat_mag,True,False
constant,14,2,0.567460681637547,-3.1821847505158876,0.0,,,0.0854450985219803,13.61648985809909,-23.23297971619818,-22.14207062528909,True,sigma_color_stat_mag,True,False
constant,14,2,0.567460681637547,-3.216298513563666,0.0,,,0.07846612681621508,14.760722198876127,-25.521444397752255,-24.430535306843165,True,sigma_color_stat_mag,True,False
constant,14,2,0.567460681637547,-3.226037385814785,0.0,,,0.050369560277809304,19.359367600974945,-34.71873520194989,-33.6278261110408,True,sigma_color_stat_mag,True,False
constant,14,2,0.567460681637547,-3.2368899740051105,0.0,,,0.08962356855164709,13.131103455005848,-22.262206910011695,-21.171297819102605,True,sigma_color_stat_mag,True,False
constant,14,2,0.567460681637547,-3.216631297702192,0.0,,,0.07748252868515305,14.876172191546045,-25.75234438309209,-24.661435292183,True,sigma_color_stat_mag,True,False
constant,14,2,0.567460681637547,-3.1895562833265716,0.0,,,0.08373728269700596,13.922800019806237,-23.845600039612474,-22.754690948703384,True,sigma_color_stat_mag,True,False
constant,14,2,0.567460681637547,-3.2237293133528055,0.0,,,0.06888208598335638,16.260830451668767,-28.521660903337533,-27.430751812428444,True,sigma_color_stat_mag,True,False
constant,14,2,0.567460681637547,-3.229140484699566,0.0,,,0.08212861434801394,14.235153703404329,-24.470307406808658,-23.379398315899568,True,sigma_color_stat_mag,True,False
constant,14,2,0.567460681637547,-3.2048689310479883,0.0,,,0.08025253786751782,14.393845737427323,-24.787691474854647,-23.696782383945557,True,sigma_color_stat_mag,True,False
constant,14,2,0.567460681637547,-3.2353186084951,0.0,,,0.07452101054548169,15.309222869629226,-26.61844573925845,-25.52753664834936,True,sigma_color_stat_mag,True,False
constant,14,2,0.567460681637547,-3.1743509823410787,0.0,,,0.09289938544870033,12.738671493553523,-21.477342987107047,-20.386433896197957,True,sigma_color_stat_mag,True,False
constant,14,2,0.567460681637547,-3.2222837094028454,0.0,,,0.08279570799155475,14.10375504712071,-24.20751009424142,-23.11660100333233,True,sigma_color_stat_mag,True,False
constant,14,2,0.567460681637547,-3.1907777805026454,0.0,,,0.08181619959976356,14.219186037203649,-24.438372074407297,-23.347462983498207,True,sigma_color_stat_mag,True,False
constant,14,2,0.567460681637547,-3.213091060186149,0.0,,,0.0837991089641585,13.952295965168481,-23.904591930336963,-22.813682839427873,True,sigma_color_stat_mag,True,False
constant,14,2,0.567460681637547,-3.194279849803339,0.0,,,0.08652129211374432,13.524880960994732,-23.049761921989464,-21.958852831080375,True,sigma_color_stat_mag,True,False
constant,14,2,0.567460681637547,-3.2130711820930427,0.0,,,0.08313437549863416,14.001693738023176,-24.003387476046353,-22.912478385137263,True,sigma_color_stat_mag,True,False
constant,14,2,0.567460681637547,-3.2058628214403635,0.0,,,0.09506953243929016,12.339474126473485,-20.67894825294697,-19.58803916203788,True,sigma_color_stat_mag,True,False
constant,14,2,0.567460681637547,-3.1742793694991858,0.0,,,0.1013420794160891,11.52517654187345,-19.0503530837469,-17.95944399283781,True,sigma_color_stat_mag,True,False
constant,14,2,0.567460681637547,-3.2151130123685485,0.0,,,0.0679690424141218,16.440614552632955,-28.88122910526591,-27.79032001435682,True,sigma_color_stat_mag,True,False
constant,14,2,0.567460681637547,-3.1777985017749795,0.0,,,0.05631164437861913,18.37881380790875,-32.7576276158175,-31.666718524908408,True,sigma_color_stat_mag,True,False
constant,14,2,0.567460681637547,-3.1974191242358057,0.0,,,0.06085137952106452,17.585360950206077,-31.170721900412154,-30.079812809503064,True,sigma_color_stat_mag,True,False
constant,14,2,0.567460681637547,-3.224895934506972,0.0,,,0.0676456788287352,16.41807367147303,-28.836147342946063,-27.745238252036973,True,sigma_color_stat_mag,True,False
constant,14,2,0.567460681637547,-3.204180263878614,0.0,,,0.0823633052644051,14.128056907254766,-24.256113814509533,-23.165204723600443,True,sigma_color_stat_mag,True,False
constant,14,2,0.567460681637547,-3.220154220621202,0.0,,,0.0744882621631872,15.296157755916637,-26.592315511833274,-25.501406420924184,True,sigma_color_stat_mag,True,False
constant,14,2,0.567460681637547,-3.222374422617029,0.0,,,0.07935444731258015,14.600642693276452,-25.201285386552904,-24.110376295643814,True,sigma_color_stat_mag,True,False
constant,14,2,0.567460681637547,-3.182734971724061,0.0,,,0.06224477404023761,17.48162743982344,-30.963254879646883,-29.872345788737793,True,sigma_color_stat_mag,True,False
constant,14,2,0.567460681637547,-3.164831363784471,0.0,,,0.0794926544748991,14.41092406634896,-24.82184813269792,-23.73093904178883,True,sigma_color_stat_mag,True,False
constant,14,2,0.567460681637547,-3.2160750778820706,0.0,,,0.09069945283596538,12.999497641580051,-21.998995283160102,-20.908086192251012,True,sigma_color_stat_mag,True,False
constant,14,2,0.567460681637547,-3.190139018267662,0.0,,,0.08437944620715916,13.912287795508904,-23.82457559101781,-22.73366650010872,True,sigma_color_stat_mag,True,False
constant,14,2,0.567460681637547,-3.163232861476654,0.0,,,0.07795481549029276,14.751984289429664,-25.50396857885933,-24.41305948795024,True,sigma_color_stat_mag,True,False
constant,14,2,0.567460681637547,-3.203626089403584,0.0,,,0.07093829557556688,15.87419403151006,-27.74838806302012,-26.65747897211103,True,sigma_color_stat_mag,True,False
constant,14,2,0.567460681637547,-3.1845950303250237,0.0,,,0.07168442665201417,15.803903798691469,-27.607807597382937,-26.516898506473847,True,sigma_color_stat_mag,True,False
constant,14,2,0.567460681637547,-3.195045500306241,0.0,,,0.07585957131786024,15.218377162205222,-26.436754324410444,-25.345845233501354,True,sigma_color_stat_mag,True,False
constant,14,2,0.567460681637547,-3.235711019398931,0.0,,,0.06357757534267966,17.207265936090252,-30.414531872180504,-29.323622781271414,True,sigma_color_stat_mag,True,False
constant,14,2,0.567460681637547,-3.2094918765256213,0.0,,,0.08590560030064351,13.667416006127503,-23.334832012255006,-22.243922921345916,True,sigma_color_stat_mag,True,False
constant,14,2,0.567460681637547,-3.1929912955089814,0.0,,,0.08265348330537307,13.970252896613966,-23.94050579322793,-22.84959670231884,True,sigma_color_stat_mag,True,False
constant,14,2,0.567460681637547,-3.20765344953599,0.0,,,0.08178300969888797,14.155993241931967,-24.311986483863933,-23.221077392954843,True,sigma_color_stat_mag,True,False
constant,14,2,0.567460681637547,-3.1610263395442106,0.0,,,0.08988666811553901,13.148073555872102,-22.296147111744204,-21.205238020835115,True,sigma_color_stat_mag,True,False
constant,14,2,0.567460681637547,-3.2173640970277124,0.0,,,0.08893335463587093,13.231789617580416,-22.463579235160832,-21.372670144251742,True,sigma_color_stat_mag,True,False
constant,14,2,0.567460681637547,-3.2124547772024923,0.0,,,0.07430051189982634,15.436673896142013,-26.873347792284026,-25.782438701374936,True,sigma_color_stat_mag,True,False
constant,14,2,0.567460681637547,-3.189127707468419,0.0,,,0.08339575977390495,14.03607171819383,-24.07214343638766,-22.98123434547857,True,sigma_color_stat_mag,True,False
constant,14,2,0.567460681637547,-3.2038101150804317,0.0,,,0.05698808875778155,18.50294048908559,-33.00588097817118,-31.914971887262087,True,sigma_color_stat_mag,True,False
constant,14,2,0.567460681637547,-3.2279247084781613,0.0,,,0.08086176834749559,14.34238912899346,-24.68477825798692,-23.59386916707783,True,sigma_color_stat_mag,True,False
constant,14,2,0.567460681637547,-3.206579322521311,0.0,,,0.08110256846202213,14.301749366486309,-24.603498732972618,-23.512589642063528,True,sigma_color_stat_mag,True,False
constant,14,2,0.567460681637547,-3.200842000748811,0.0,,,0.08203512916444226,14.176484485232585,-24.35296897046517,-23.26205987955608,True,sigma_color_stat_mag,True,False
constant,14,2,0.567460681637547,-3.207688467896867,0.0,,,0.08128055432332328,14.24514106198897,-24.49028212397794,-23.39937303306885,True,sigma_color_stat_mag,True,False
constant,14,2,0.567460681637547,-3.2434841215822696,0.0,,,0.07372179440854654,15.470767261432947,-26.941534522865894,-25.850625431956804,True,sigma_color_stat_mag,True,False
constant,14,2,0.567460681637547,-3.2217781827976673,0.0,,,0.08017068486049982,14.46001564154129,-24.92003128308258,-23.82912219217349,True,sigma_color_stat_mag,True,False
constant,14,2,0.567460681637547,-3.2339396422207507,0.0,,,0.0797244133059623,14.52983137003103,-25.05966274006206,-23.96875364915297,True,sigma_color_stat_mag,True,False
constant,14,2,0.567460681637547,-3.2103050521118512,0.0,,,0.08025843109756094,14.522712219887486,-25.045424439774973,-23.954515348865883,True,sigma_color_stat_mag,True,False
constant,14,2,0.567460681637547,-3.1783953001875314,0.0,,,0.049251944645320754,19.875012072279578,-35.750024144559156,-34.65911505365006,True,sigma_color_stat_mag,True,False
constant,14,2,0.567460681637547,-3.2041576155668374,0.0,,,0.08172215651479983,14.219518808883015,-24.43903761776603,-23.34812852685694,True,sigma_color_stat_mag,True,False
constant,14,2,0.567460681637547,-3.2057168560272675,0.0,,,0.05010154680419808,19.881224235123202,-35.762448470246404,-34.67153937933731,True,sigma_color_stat_mag,True,False
constant,14,2,0.567460681637547,-3.223234476917739,0.0,,,0.07633180927943542,15.073196338639345,-26.14639267727869,-25.0554835863696,True,sigma_color_stat_mag,True,False
constant,14,2,0.567460681637547,-3.232695773752583,0.0,,,0.0731716865045416,15.60660914159837,-27.21321828319674,-26.12230919228765,True,sigma_color_stat_mag,True,False
constant,14,2,0.567460681637547,-3.2015136858002284,0.0,,,0.08028822854980829,14.473181808018955,-24.94636361603791,-23.85545452512882,True,sigma_color_stat_mag,True,False
constant,14,2,0.567460681637547,-3.195272075130609,0.0,,,0.10032786770963872,11.680056100898803,-19.360112201797605,-18.269203110888515,True,sigma_color_stat_mag,True,False
constant,14,2,0.567460681637547,-3.2040397764487905,0.0,,,0.08743763607873335,13.457475983890923,-22.914951967781846,-21.824042876872756,True,sigma_color_stat_mag,True,False
constant,14,2,0.567460681637547,-3.184841027275094,0.0,,,0.08685694060862763,13.442380525280619,-22.884761050561238,-21.793851959652148,True,sigma_color_stat_mag,True,False
constant,14,2,0.567460681637547,-3.243016022451882,0.0,,,0.08190857362669736,14.21851305406523,-24.43702610813046,-23.34611701722137,True,sigma_color_stat_mag,True,False
constant,14,2,0.567460681637547,-3.195538121488284,0.0,,,0.08546668928610807,13.711216986214811,-23.422433972429623,-22.331524881520533,True,sigma_color_stat_mag,True,False
constant,14,2,0.567460681637547,-3.19892897222977,0.0,,,0.08003838933770477,14.567189209812181,-25.134378419624362,-24.043469328715272,True,sigma_color_stat_mag,True,False
constant,14,2,0.567460681637547,-3.2197290783844257,0.0,,,0.07325023483242336,15.591043515078603,-27.182087030157206,-26.091177939248116,True,sigma_color_stat_mag,True,False
constant,14,2,0.567460681637547,-3.1793553202751488,0.0,,,0.07247178013530538,15.625641163173695,-27.25128232634739,-26.1603732354383,True,sigma_color_stat_mag,True,False
constant,14,2,0.567460681637547,-3.2174001487296784,0.0,,,0.07705307878714827,14.979532267098456,-25.959064534196912,-24.868155443287822,True,sigma_color_stat_mag,True,False
constant,14,2,0.567460681637547,-3.18928059174108,0.0,,,0.08186551592523811,14.19686793286945,-24.3937358657389,-23.30282677482981,True,sigma_color_stat_mag,True,False
constant,14,2,0.567460681637547,-3.229664915409125,0.0,,,0.059208671756941764,18.091866201852326,-32.18373240370465,-31.092823312795563,True,sigma_color_stat_mag,True,False
constant,14,2,0.567460681637547,-3.2079327070246335,0.0,,,0.08587900359705332,13.63806637924749,-23.27613275849498,-22.18522366758589,True,sigma_color_stat_mag,True,False
constant,14,2,0.567460681637547,-3.2367978291301327,0.0,,,0.06647183128082766,16.73607861290661,-29.47215722581322,-28.38124813490413,True,sigma_color_stat_mag,True,False
constant,14,2,0.567460681637547,-3.220915985356779,0.0,,,0.10198014229346009,11.458290176664894,-18.91658035332979,-17.8256712624207,True,sigma_color_stat_mag,True,False
constant,14,2,0.567460681637547,-3.2529857903458734,0.0,,,0.07792308544516158,14.861776916868084,-25.72355383373617,-24.63264474282708,True,sigma_color_stat_mag,True,False
constant,14,2,0.567460681637547,-3.2253229249643525,0.0,,,0.07423757477625717,15.378515760691014,-26.75703152138203,-25.66612243047294,True,sigma_color_stat_mag,True,False
constant,14,2,0.567460681637547,-3.2410952679663665,0.0,,,0.06053008019455306,17.76023079683391,-31.520461593667818,-30.429552502758728,True,sigma_color_stat_mag,True,False
constant,14,2,0.567460681637547,-3.2056622509978494,0.0,,,0.0777420603131418,14.88235622607181,-25.76471245214362,-24.67380336123453,True,sigma_color_stat_mag,True,False
constant,14,2,0.567460681637547,-3.2052924267219693,0.0,,,0.05816185173823426,18.04202261539271,-32.08404523078542,-30.99313613987633,True,sigma_color_stat_mag,True,False
constant,14,2,0.567460681637547,-3.2161194647781315,0.0,,,0.04478482333865039,20.942326028545644,-37.88465205709129,-36.793742966182194,True,sigma_color_stat_mag,True,False
constant,14,2,0.567460681637547,-3.235118845947582,0.0,,,0.050836707307568646,19.41191744894601,-34.82383489789202,-33.73292580698293,True,sigma_color_stat_mag,True,False
constant,14,2,0.567460681637547,-3.2108020385966567,0.0,,,0.08794707632770356,13.340590379489804,-22.681180758979608,-21.590271668070518,True,sigma_color_stat_mag,True,False
constant,14,2,0.567460681637547,-3.2065694139585963,0.0,,,0.0943021369311485,12.512354745965744,-21.02470949193149,-19.9338004010224,True,sigma_color_stat_mag,True,False
constant,14,2,0.567460681637547,-3.2531960106950346,0.0,,,0.06912801031677737,16.18598550103935,-28.371971002078702,-27.281061911169612,True,sigma_color_stat_mag,True,False
constant,14,2,0.567460681637547,-3.2051122087232597,0.0,,,0.06884560491925429,16.4334084933687,-28.866816986737398,-27.775907895828308,True,sigma_color_stat_mag,True,False
constant,14,2,0.567460681637547,-3.2064329518496124,0.0,,,0.08208695047681958,14.185906980589625,-24.37181396117925,-23.28090487027016,True,sigma_color_stat_mag,True,False
constant,14,2,0.567460681637547,-3.198947518136754,0.0,,,0.06212196216437828,17.488973002367434,-30.977946004734868,-29.887036913825778,True,sigma_color_stat_mag,True,False
constant,14,2,0.567460681637547,-3.2038462833579873,0.0,,,0.07430475164804067,15.308932631592572,-26.617865263185145,-25.526956172276055,True,sigma_color_stat_mag,True,False
constant,14,2,0.567460681637547,-3.2046489987198346,0.0,,,0.07162045150733244,15.862960933975469,-27.725921867950937,-26.635012777041847,True,sigma_color_stat_mag,True,False
constant,14,2,0.567460681637547,-3.2450224878692273,0.0,,,0.05818673429775373,18.035613915071128,-32.071227830142256,-30.980318739233166,True,sigma_color_stat_mag,True,False
constant,14,2,0.567460681637547,-3.2177608369986674,0.0,,,0.08337224987398958,14.038312442426424,-24.076624884852848,-22.985715793943758,True,sigma_color_stat_mag,True,False
constant,14,2,0.567460681637547,-3.2061837794535766,0.0,,,0.07863207949329253,14.693324679989804,-25.386649359979607,-24.295740269070517,True,sigma_color_stat_mag,True,False
constant,14,2,0.567460681637547,-3.2043604769495935,0.0,,,0.09307709732130127,12.596809213852364,-21.193618427704727,-20.102709336795638,True,sigma_color_stat_mag,True,False
constant,14,2,0.567460681637547,-3.2375685583682206,0.0,,,0.083441599971404,14.046878880430885,-24.09375776086177,-23.00284866995268,True,sigma_color_stat_mag,True,False
constant,14,2,0.567460681637547,-3.2057389936735787,0.0,,,0.08046356558486045,14.393643642700178,-24.787287285400357,-23.696378194491267,True,sigma_color_stat_mag,True,False
constant,14,2,0.567460681637547,-3.1748284967237836,0.0,,,0.08167662030865042,14.22358628341559,-24.44717256683118,-23.35626347592209,True,sigma_color_stat_mag,True,False
constant,14,2,0.567460681637547,-3.244662043295363,0.0,,,0.08097433800671114,14.366655764165188,-24.733311528330375,-23.642402437421286,True,sigma_color_stat_mag,True,False
constant,14,2,0.567460681637547,-3.2007737437193255,0.0,,,0.08343479868045027,13.952645595560057,-23.905291191120114,-22.814382100211024,True,sigma_color_stat_mag,True,False
constant,14,2,0.567460681637547,-3.247025659203754,0.0,,,0.07494062789315425,15.303522187814703,-26.607044375629407,-25.516135284720317,True,sigma_color_stat_mag,True,False
constant,14,2,0.567460681637547,-3.2295371229503975,0.0,,,0.0700551616771609,16.147824719766156,-28.295649439532312,-27.204740348623222,True,sigma_color_stat_mag,True,False
constant,14,2,0.567460681637547,-3.1955294983234865,0.0,,,0.07743998382654459,14.763566470057977,-25.527132940115955,-24.436223849206865,True,sigma_color_stat_mag,True,False
constant,14,2,0.567460681637547,-3.2324015217307487,0.0,,,0.0925172105089228,12.718990127253532,-21.437980254507064,-20.347071163597974,True,sigma_color_stat_mag,True,False
constant,14,2,0.567460681637547,-3.2278269899198877,0.0,,,0.08582600595262145,13.575425203872516,-23.150850407745033,-22.059941316835943,True,sigma_color_stat_mag,True,False
constant,14,2,0.567460681637547,-3.1996150034661457,0.0,,,0.07220529406360664,15.64255968638641,-27.28511937277282,-26.19421028186373,True,sigma_color_stat_mag,True,False
constant,14,2,0.567460681637547,-3.2173045062837065,0.0,,,0.06591663204654369,16.790206731238733,-29.580413462477466,-28.489504371568376,True,sigma_color_stat_mag,True,False
constant,14,2,0.567460681637547,-3.2447380067921796,0.0,,,0.08234625501967116,14.181749245260098,-24.363498490520197,-23.272589399611107,True,sigma_color_stat_mag,True,False
constant,14,2,0.567460681637547,-3.230578572129604,0.0,,,0.058455141453613225,18.11345250554391,-32.22690501108782,-31.135995920178733,True,sigma_color_stat_mag,True,False
constant,14,2,0.567460681637547,-3.2151919992523124,0.0,,,0.08175971818478245,14.207725548295679,-24.415451096591358,-23.324542005682268,True,sigma_color_stat_mag,True,False
constant,14,2,0.567460681637547,-3.2155036526159804,0.0,,,0.08912089244154152,13.235061569011803,-22.470123138023606,-21.379214047114516,True,sigma_color_stat_mag,True,False
constant,14,2,0.567460681637547,-3.220585801105273,0.0,,,0.08369007906900826,13.969386411117256,-23.93877282223451,-22.847863731325422,True,sigma_color_stat_mag,True,False
constant,14,2,0.567460681637547,-3.212147363380798,0.0,,,0.07875681571020372,14.667304557851585,-25.33460911570317,-24.24370002479408,True,sigma_color_stat_mag,True,False
constant,14,2,0.567460681637547,-3.2125980356212427,0.0,,,0.08952702054865105,13.125861751288136,-22.251723502576272,-21.160814411667182,True,sigma_color_stat_mag,True,False
constant,14,2,0.567460681637547,-3.1981027804800717,0.0,,,0.059589684748645844,17.929325076497577,-31.858650152995153,-30.767741062086063,True,sigma_color_stat_mag,True,False
constant,14,2,0.567460681637547,-3.2128261285138393,0.0,,,0.07901152104197305,14.642695165125058,-25.285390330250117,-24.194481239341027,True,sigma_color_stat_mag,True,False
constant,14,2,0.567460681637547,-3.2004668893523487,0.0,,,0.06929356856537391,16.223102437665432,-28.446204875330864,-27.355295784421774,True,sigma_color_stat_mag,True,False
constant,14,2,0.567460681637547,-3.2303370627738137,0.0,,,0.0917447860920152,12.843372722454678,-21.686745444909356,-20.595836354000266,True,sigma_color_stat_mag,True,False
constant,14,2,0.567460681637547,-3.2488627014929836,0.0,,,0.07884985623390363,14.71633225980768,-25.43266451961536,-24.34175542870627,True,sigma_color_stat_mag,True,False
constant,14,2,0.567460681637547,-3.2213258428793394,0.0,,,0.06468343003499968,17.09024940364863,-30.180498807297262,-29.089589716388172,True,sigma_color_stat_mag,True,False
constant,14,2,0.567460681637547,-3.2060735370462337,0.0,,,0.09767596789555921,12.006450622250586,-20.012901244501172,-18.921992153592083,True,sigma_color_stat_mag,True,False
constant,14,2,0.567460681637547,-3.17960304087472,0.0,,,0.06970308246723823,15.99755572064365,-27.9951114412873,-26.90420235037821,True,sigma_color_stat_mag,True,False
constant,14,2,0.567460681637547,-3.1684076502247738,0.0,,,0.08789144511363146,13.307890319522043,-22.615780639044086,-21.524871548134996,True,sigma_color_stat_mag,True,False
constant,14,2,0.567460681637547,-3.2155103605123743,0.0,,,0.05247685883164557,19.316645778884954,-34.63329155776991,-33.542382466860815,True,sigma_color_stat_mag,True,False
constant,14,2,0.567460681637547,-3.224604012446002,0.0,,,0.0793412044116591,14.64936762591628,-25.29873525183256,-24.20782616092347,True,sigma_color_stat_mag,True,False
constant,14,2,0.567460681637547,-3.22703609782527,0.0,,,0.08487953076895474,13.833522500469192,-23.667045000938383,-22.576135910029294,True,sigma_color_stat_mag,True,False
constant,14,2,0.567460681637547,-3.1738630547812674,0.0,,,0.09589498210937804,12.17359543049909,-20.34719086099818,-19.25628177008909,True,sigma_color_stat_mag,True,False
constant,14,2,0.567460681637547,-3.1996050832059364,0.0,,,0.08141109256797271,14.25773540630481,-24.51547081260962,-23.42456172170053,True,sigma_color_stat_mag,True,False
constant,14,2,0.567460681637547,-3.2044113615442007,0.0,,,0.07760326541113703,14.83685339041209,-25.67370678082418,-24.58279768991509,True,sigma_color_stat_mag,True,False
constant,14,2,0.567460681637547,-3.183822991531053,0.0,,,0.08528148984261878,13.625997857383679,-23.251995714767357,-22.161086623858267,True,sigma_color_stat_mag,True,False
constant,14,2,0.567460681637547,-3.2480691310240393,0.0,,,0.050837932425054286,19.55186618576794,-35.10373237153588,-34.01282328062678,True,sigma_color_stat_mag,True,False
constant,14,2,0.567460681637547,-3.1992008469829747,0.0,,,0.06690897422321057,16.64904567963794,-29.29809135927588,-28.20718226836679,True,sigma_color_stat_mag,True,False
constant,14,2,0.567460681637547,-3.2203342472491987,0.0,,,0.0787762815668819,14.650579503636983,-25.301159007273966,-24.210249916364877,True,sigma_color_stat_mag,True,False
constant,14,2,0.567460681637547,-3.191601763052101,0.0,,,0.05717282804730601,18.229575450530206,-32.45915090106041,-31.36824181015132,True,sigma_color_stat_mag,True,False
constant,14,2,0.567460681637547,-3.2506856213010367,0.0,,,0.08789711761244283,13.333122602525979,-22.666245205051958,-21.575336114142868,True,sigma_color_stat_mag,True,False
constant,14,2,0.567460681637547,-3.2138438887851537,0.0,,,0.06285787223189022,17.449050928890195,-30.89810185778039,-29.8071927668713,True,sigma_color_stat_mag,True,False
constant,14,2,0.567460681637547,-3.176404670164376,0.0,,,0.06930934558487052,16.17892662905511,-28.357853258110218,-27.266944167201128,True,sigma_color_stat_mag,True,False
constant,14,2,0.567460681637547,-3.2035775974915506,0.0,,,0.07248582907641067,15.826555201984043,-27.653110403968086,-26.562201313058996,True,sigma_color_stat_mag,True,False
constant,14,2,0.567460681637547,-3.2087463468784128,0.0,,,0.06543382134841912,16.866026892671684,-29.732053785343368,-28.641144694434278,True,sigma_color_stat_mag,True,False
constant,14,2,0.567460681637547,-3.243698436635883,0.0,,,0.06061796411889632,17.80348892178751,-31.606977843575017,-30.516068752665927,True,sigma_color_stat_mag,True,False
constant,14,2,0.567460681637547,-3.1844034723061845,0.0,,,0.05126156872161753,19.75382441871334,-35.50764883742668,-34.416739746517585,True,sigma_color_stat_mag,True,False
constant,14,2,0.567460681637547,-3.2085886706979174,0.0,,,0.08167850594048455,14.253749338428367,-24.507498676856734,-23.416589585947644,True,sigma_color_stat_mag,True,False
constant,14,2,0.567460681637547,-3.259076092428213,0.0,,,0.07716302139430659,14.957288211159971,-25.914576422319943,-24.823667331410853,True,sigma_color_stat_mag,True,False
constant,14,2,0.567460681637547,-3.2078600071353853,0.0,,,0.08737329130170629,13.406375212504209,-22.812750425008417,-21.721841334099327,True,sigma_color_stat_mag,True,False
constant,14,2,0.567460681637547,-3.2017595806754615,0.0,,,0.0759087726464835,15.044379623358305,-26.08875924671661,-24.99785015580752,True,sigma_color_stat_mag,True,False
constant,14,2,0.567460681637547,-3.2073735472407896,0.0,,,0.08975228708507778,13.113956352017782,-22.227912704035564,-21.137003613126474,True,sigma_color_stat_mag,True,False
constant,14,2,0.567460681637547,-3.2224643790000433,0.0,,,0.06810682232746913,16.385022470406586,-28.77004494081317,-27.679135849904082,True,sigma_color_stat_mag,True,False
constant,14,2,0.567460681637547,-3.231569192294353,0.0,,,0.06778869270172083,16.453604080161377,-28.907208160322753,-27.816299069413663,True,sigma_color_stat_mag,True,False
constant,14,2,0.567460681637547,-3.2034748087205265,0.0,,,0.10049318724029924,11.661783547503534,-19.323567095007068,-18.232658004097978,True,sigma_color_stat_mag,True,False
constant,14,2,0.567460681637547,-3.1858740615321346,0.0,,,0.07197722593247943,15.678632661465919,-27.357265322931838,-26.266356232022748,True,sigma_color_stat_mag,True,False
constant,14,2,0.567460681637547,-3.232004346061598,0.0,,,0.07036777997489753,16.037233359937265,-28.07446671987453,-26.98355762896544,True,sigma_color_stat_mag,True,False
constant,14,2,0.567460681637547,-3.219491229699038,0.0,,,0.07319557425355577,15.507009586108852,-27.014019172217704,-25.923110081308614,True,sigma_color_stat_mag,True,False
constant,14,2,0.567460681637547,-3.177266979705247,0.0,,,0.08194023208300544,14.198929487238722,-24.397858974477444,-23.306949883568354,True,sigma_color_stat_mag,True,False
constant,14,2,0.567460681637547,-3.1983994957848823,0.0,,,0.0908178957754845,12.927230523244923,-21.854461046489845,-20.763551955580756,True,sigma_color_stat_mag,True,False
constant,14,2,0.567460681637547,-3.159306848303257,0.0,,,0.050417602719507716,19.05924466017549,-34.11848932035098,-33.02758022944189,True,sigma_color_stat_mag,True,False
constant,14,2,0.567460681637547,-3.2280684647007796,0.0,,,0.08805063315473556,13.335547621935326,-22.671095243870653,-21.580186152961563,True,sigma_color_stat_mag,True,False
constant,14,2,0.567460681637547,-3.2112419731183746,0.0,,,0.07797256863442457,14.706380657764846,-25.412761315529693,-24.321852224620603,True,sigma_color_stat_mag,True,False
constant,14,2,0.567460681637547,-3.154443044114013,0.0,,,0.07997491164726934,14.52207891206754,-25.04415782413508,-23.95324873322599,True,sigma_color_stat_mag,True,False
constant,14,2,0.567460681637547,-3.157816915999275,0.0,,,0.06498613181192661,16.919359405797003,-29.838718811594006,-28.747809720684916,True,sigma_color_stat_mag,True,False
constant,14,2,0.567460681637547,-3.2409785693141964,0.0,,,0.06909417800437834,16.251291209474623,-28.502582418949245,-27.411673328040155,True,sigma_color_stat_mag,True,False
constant,14,2,0.567460681637547,-3.2625642904018473,0.0,,,0.07371142686474574,15.493800035422254,-26.987600070844508,-25.896690979935418,True,sigma_color_stat_mag,True,False
constant,14,2,0.567460681637547,-3.2473328840843614,0.0,,,0.08097904272924243,14.359295323073344,-24.718590646146687,-23.627681555237597,True,sigma_color_stat_mag,True,False
constant,14,2,0.567460681637547,-3.1959491715028743,0.0,,,0.09778055130933785,12.055496241526273,-20.110992483052545,-19.020083392143455,True,sigma_color_stat_mag,True,False
constant,14,2,0.567460681637547,-3.194230035240427,0.0,,,0.08722478439193043,13.378624579703544,-22.75724915940709,-21.666340068498,True,sigma_color_stat_mag,True,False
constant,14,2,0.567460681637547,-3.235266446672758,0.0,,,0.08778877615941233,13.415919763666178,-22.831839527332356,-21.740930436423266,True,sigma_color_stat_mag,True,False
constant,14,2,0.567460681637547,-3.1969132758356027,0.0,,,0.08472616730010449,13.820763252382951,-23.641526504765903,-22.550617413856813,True,sigma_color_stat_mag,True,False
constant,14,2,0.567460681637547,-3.22682173507698,0.0,,,0.08158216655594272,14.249158919098914,-24.498317838197828,-23.407408747288738,True,sigma_color_stat_mag,True,False
constant,14,2,0.567460681637547,-3.2017721208372922,0.0,,,0.07650010111575044,15.05110838386622,-26.10221676773244,-25.01130767682335,True,sigma_color_stat_mag,True,False
constant,14,2,0.567460681637547,-3.1971284677634246,0.0,,,0.074977696518871,15.29075852714747,-26.58151705429494,-25.49060796338585,True,sigma_color_stat_mag,True,False
constant,14,2,0.567460681637547,-3.1926180656368373,0.0,,,0.09040928071132182,13.013972831991621,-22.027945663983242,-20.937036573074153,True,sigma_color_stat_mag,True,False
constant,14,2,0.567460681637547,-3.2005283767232267,0.0,,,0.0716055010636402,15.838858011288224,-27.677716022576448,-26.586806931667358,True,sigma_color_stat_mag,True,False
constant,14,2,0.567460681637547,-3.2208876138448663,0.0,,,0.08467648597950303,13.788123852518593,-23.576247705037186,-22.485338614128096,True,sigma_color_stat_mag,True,False
constant,14,2,0.567460681637547,-3.2231147707638947,0.0,,,0.08602073447435771,13.625796303325892,-23.251592606651784,-22.160683515742694,True,sigma_color_stat_mag,True,False
constant,14,2,0.567460681637547,-3.201199982692193,0.0,,,0.07137279410283272,15.896040147189657,-27.792080294379314,-26.701171203470224,True,sigma_color_stat_mag,True,False
constant,14,2,0.567460681637547,-3.2014439093474016,0.0,,,0.06345227126780424,17.270296266638194,-30.54059253327639,-29.4496834423673,True,sigma_color_stat_mag,True,False
constant,14,2,0.567460681637547,-3.1980083480489565,0.0,,,0.09551549796016877,12.346828189811756,-20.693656379623512,-19.602747288714422,True,sigma_color_stat_mag,True,False
constant,14,2,0.567460681637547,-3.229378546487034,0.0,,,0.05950155341808063,18.020572123721035,-32.04114424744207,-30.95023515653298,True,sigma_color_stat_mag,True,False
constant,14,2,0.567460681637547,-3.218217223752073,0.0,,,0.06251279461053556,17.452779139072025,-30.90555827814405,-29.81464918723496,True,sigma_color_stat_mag,True,False
constant,14,2,0.567460681637547,-3.2354787926191015,0.0,,,0.08836655254224722,13.304491117485068,-22.608982234970135,-21.518073144061045,True,sigma_color_stat_mag,True,False
constant,14,2,0.567460681637547,-3.229215974298458,0.0,,,0.0809392098297003,14.394798153704764,-24.78959630740953,-23.69868721650044,True,sigma_color_stat_mag,True,False
constant,14,2,0.567460681637547,-3.2083297668869104,0.0,,,0.08598612016847473,13.620430512885184,-23.240861025770368,-22.149951934861278,True,sigma_color_stat_mag,True,False
constant,14,2,0.567460681637547,-3.1867139286211295,0.0,,,0.08106537872068068,14.287841122036912,-24.575682244073825,-23.484773153164735,True,sigma_color_stat_mag,True,False
constant,14,2,0.567460681637547,-3.22082591153574,0.0,,,0.08390219931021196,13.8813460379803,-23.7626920759606,-22.67178298505151,True,sigma_color_stat_mag,True,False
constant,14,2,0.567460681637547,-3.1883283633163515,0.0,,,0.06393492796433642,17.091407705092863,-30.182815410185725,-29.091906319276635,True,sigma_color_stat_mag,True,False
constant,14,2,0.567460681637547,-3.2130955760140716,0.0,,,0.0548264404074086,18.70668387554136,-33.41336775108272,-32.32245866017362,True,sigma_color_stat_mag,True,False
constant,14,2,0.567460681637547,-3.164522824164307,0.0,,,0.09661604407260853,12.144731837481158,-20.289463674962317,-19.198554584053227,True,sigma_color_stat_mag,True,False
constant,14,2,0.567460681637547,-3.2096754880418623,0.0,,,0.07514941406660433,15.260738698015077,-26.521477396030154,-25.430568305121064,True,sigma_color_stat_mag,True,False
constant,14,2,0.567460681637547,-3.184804117493992,0.0,,,0.07038349555108088,15.953427419971966,-27.906854839943932,-26.815945749034842,True,sigma_color_stat_mag,True,False
constant,14,2,0.567460681637547,-3.1744897731944888,0.0,,,0.08575008438755713,13.588891254368066,-23.177782508736133,-22.086873417827043,True,sigma_color_stat_mag,True,False
constant,14,2,0.567460681637547,-3.1963616841301303,0.0,,,0.09020287380327514,13.009998384511137,-22.019996769022274,-20.929087678113184,True,sigma_color_stat_mag,True,False
constant,14,2,0.567460681637547,-3.215469203112082,0.0,,,0.08393793506335517,13.955705401825178,-23.911410803650355,-22.820501712741265,True,sigma_color_stat_mag,True,False
constant,14,2,0.567460681637547,-3.2187356678867753,0.0,,,0.0745864289563442,15.40314585270906,-26.80629170541812,-25.71538261450903,True,sigma_color_stat_mag,True,False
constant,14,2,0.567460681637547,-3.202292586976354,0.0,,,0.07766811858765267,14.856523843367523,-25.713047686735045,-24.622138595825955,True,sigma_color_stat_mag,True,False
constant,14,2,0.567460681637547,-3.203564157578153,0.0,,,0.09009019954063005,13.041638272074156,-22.083276544148312,-20.992367453239222,True,sigma_color_stat_mag,True,False
constant,14,2,0.567460681637547,-3.2378016911586904,0.0,,,0.0666929255104525,16.58961891405773,-29.17923782811546,-28.08832873720637,True,sigma_color_stat_mag,True,False
constant,14,2,0.567460681637547,-3.1788565102093633,0.0,,,0.05608409782818292,18.493811984239848,-32.987623968479696,-31.896714877570606,True,sigma_color_stat_mag,True,False
constant,14,2,0.567460681637547,-3.1967194664706255,0.0,,,0.08187462066350629,14.236418853970113,-24.472837707940226,-23.381928617031136,True,sigma_color_stat_mag,True,False
constant,14,2,0.567460681637547,-3.18396116600655,0.0,,,0.095893704342682,12.252842078501349,-20.505684157002698,-19.414775066093608,True,sigma_color_stat_mag,True,False
constant,14,2,0.567460681637547,-3.1710048726909372,0.0,,,0.06758677548123466,16.295258998402293,-28.590517996804586,-27.499608905895496,True,sigma_color_stat_mag,True,False
constant,14,2,0.567460681637547,-3.18882561342676,0.0,,,0.0761824066285315,15.118220191992195,-26.23644038398439,-25.1455312930753,True,sigma_color_stat_mag,True,False
constant,14,2,0.567460681637547,-3.2453564590977977,0.0,,,0.07606400462256734,15.095860243671044,-26.19172048734209,-25.100811396433,True,sigma_color_stat_mag,True,False
constant,14,2,0.567460681637547,-3.191133340195771,0.0,,,0.07754728135712294,14.933888287692719,-25.867776575385438,-24.776867484476348,True,sigma_color_stat_mag,True,False
constant,14,2,0.567460681637547,-3.158925189119002,0.0,,,0.082867057273037,13.993736362099842,-23.987472724199684,-22.896563633290594,True,sigma_color_stat_mag,True,False
constant,14,2,0.567460681637547,-3.193347933118839,0.0,,,0.07856041764590774,14.740282268912232,-25.480564537824463,-24.389655446915373,True,sigma_color_stat_mag,True,False
constant,14,2,0.567460681637547,-3.244350007990523,0.0,,,0.08792055507217378,13.351290334338024,-22.70258066867605,-21.61167157776696,True,sigma_color_stat_mag,True,False
constant,14,2,0.567460681637547,-3.210638345196936,0.0,,,0.08090403930306918,14.393870070924224,-24.78774014184845,-23.69683105093936,True,sigma_color_stat_mag,True,False
constant,14,2,0.567460681637547,-3.176216471474814,0.0,,,0.07251434366849241,15.646465367574466,-27.292930735148932,-26.202021644239842,True,sigma_color_stat_mag,True,False
constant,14,2,0.567460681637547,-3.2053534178226553,0.0,,,0.08029288789501705,14.501714561617277,-25.003429123234554,-23.912520032325464,True,sigma_color_stat_mag,True,False
constant,14,2,0.567460681637547,-3.233390173567732,0.0,,,0.07233185870918621,15.760596612044331,-27.521193224088663,-26.430284133179573,True,sigma_color_stat_mag,True,False
constant,14,2,0.567460681637547,-3.1710552925200974,0.0,,,0.04171599498870461,21.068675369999077,-38.137350739998155,-37.04644164908906,True,sigma_color_stat_mag,True,False
constant,14,2,0.567460681637547,-3.2342683255001083,0.0,,,0.07857926572078627,14.7296035674279,-25.4592071348558,-24.36829804394671,True,sigma_color_stat_mag,True,False
constant,14,2,0.567460681637547,-3.2648428262004745,0.0,,,0.05663229351188138,18.487419005808427,-32.97483801161685,-31.883928920707763,True,sigma_color_stat_mag,True,False
constant,14,2,0.567460681637547,-3.190521369595564,0.0,,,0.08411188843294631,13.912135889585285,-23.82427177917057,-22.73336268826148,True,sigma_color_stat_mag,True,False
constant,14,2,0.567460681637547,-3.185698345069927,0.0,,,0.08393076201598294,13.98120026719603,-23.96240053439206,-22.87149144348297,True,sigma_color_stat_mag,True,False
constant,14,2,0.567460681637547,-3.216503515777406,0.0,,,0.0792303238599989,14.629384275284394,-25.25876855056879,-24.1678594596597,True,sigma_color_stat_mag,True,False
constant,14,2,0.567460681637547,-3.2218355972638566,0.0,,,0.09381277748145936,12.524910722574196,-21.049821445148392,-19.958912354239303,True,sigma_color_stat_mag,True,False
constant,14,2,0.567460681637547,-3.152433828436904,0.0,,,0.06913614734739303,16.06933133305077,-28.13866266610154,-27.04775357519245,True,sigma_color_stat_mag,True,False
constant,14,2,0.567460681637547,-3.2195971716059852,0.0,,,0.07248820229893486,15.65991538082998,-27.31983076165996,-26.22892167075087,True,sigma_color_stat_mag,True,False
constant,14,2,0.567460681637547,-3.236389842085169,0.0,,,0.06490402574190811,17.051340355056755,-30.10268071011351,-29.01177161920442,True,sigma_color_stat_mag,True,False
constant,14,2,0.567460681637547,-3.224766872143519,0.0,,,0.07160501727089429,15.89614521560722,-27.79229043121444,-26.70138134030535,True,sigma_color_stat_mag,True,False
constant,14,2,0.567460681637547,-3.2152935178270714,0.0,,,0.09095032055475283,12.918009871400557,-21.836019742801113,-20.745110651892023,True,sigma_color_stat_mag,True,False
constant,14,2,0.567460681637547,-3.1640555725155086,0.0,,,0.08537821135482548,13.67452034818428,-23.34904069636856,-22.25813160545947,True,sigma_color_stat_mag,True,False
constant,14,2,0.567460681637547,-3.2061952461014185,0.0,,,0.07967046996385183,14.488611167482839,-24.977222334965678,-23.886313244056588,True,sigma_color_stat_mag,True,False
constant,14,2,0.567460681637547,-3.216868510776682,0.0,,,0.08344739854749932,13.968004327258244,-23.93600865451649,-22.8450995636074,True,sigma_color_stat_mag,True,False
constant,14,2,0.567460681637547,-3.1776527731933624,0.0,,,0.07549910514856012,15.148670869120163,-26.297341738240327,-25.206432647331237,True,sigma_color_stat_mag,True,False
constant,14,2,0.567460681637547,-3.2195522158986734,0.0,,,0.09795331909562752,11.995722236470556,-19.99144447294111,-18.90053538203202,True,sigma_color_stat_mag,True,False
constant,14,2,0.567460681637547,-3.2374499343199226,0.0,,,0.06412206262434329,17.15581361914697,-30.311627238293937,-29.220718147384847,True,sigma_color_stat_mag,True,False
constant,14,2,0.567460681637547,-3.180686747874123,0.0,,,0.07378762437705258,15.303785658446447,-26.607571316892894,-25.516662225983804,True,sigma_color_stat_mag,True,False
constant,14,2,0.567460681637547,-3.1964502253931766,0.0,,,0.0935833769767053,12.554168160631985,-21.10833632126397,-20.01742723035488,True,sigma_color_stat_mag,True,False
constant,14,2,0.567460681637547,-3.1789696019597717,0.0,,,0.07595474372111681,15.177666458060973,-26.355332916121945,-25.264423825212855,True,sigma_color_stat_mag,True,False
constant,14,2,0.567460681637547,-3.2022185715660365,0.0,,,0.08272802963535658,14.060139826295547,-24.120279652591094,-23.029370561682004,True,sigma_color_stat_mag,True,False
constant,14,2,0.567460681637547,-3.1824285266519,0.0,,,0.07520951854381959,15.222394099732806,-26.444788199465613,-25.353879108556523,True,sigma_color_stat_mag,True,False
constant,14,2,0.567460681637547,-3.1756626715684733,0.0,,,0.07596811999729229,15.158895827609859,-26.317791655219718,-25.22688256431063,True,sigma_color_stat_mag,True,False
constant,14,2,0.567460681637547,-3.2039661123891263,0.0,,,0.08319721767847134,13.963720507685505,-23.92744101537101,-22.83653192446192,True,sigma_color_stat_mag,True,False
constant,14,2,0.567460681637547,-3.2036571910444187,0.0,,,0.08852294016121047,13.206322335039316,-22.41264467007863,-21.32173557916954,True,sigma_color_stat_mag,True,False
constant,14,2,0.567460681637547,-3.1637882086894185,0.0,,,0.09254155619396788,12.67063705150049,-21.34127410300098,-20.25036501209189,True,sigma_color_stat_mag,True,False
constant,14,2,0.567460681637547,-3.2265193056771615,0.0,,,0.0824184204114907,14.141909067842398,-24.283818135684797,-23.192909044775707,True,sigma_color_stat_mag,True,False
constant,14,2,0.567460681637547,-3.186955795684294,0.0,,,0.057108297489388976,18.44830443885742,-32.89660887771484,-31.80569978680575,True,sigma_color_stat_mag,True,False
constant,14,2,0.567460681637547,-3.1945877906464277,0.0,,,0.0818237539745735,14.203422305361887,-24.406844610723773,-23.315935519814683,True,sigma_color_stat_mag,True,False
constant,14,2,0.567460681637547,-3.1700577646684653,0.0,,,0.08207901333954293,14.219172374923806,-24.438344749847612,-23.347435658938522,True,sigma_color_stat_mag,True,False
constant,14,2,0.567460681637547,-3.2038724368081235,0.0,,,0.06448519939986154,17.01615362954629,-30.032307259092583,-28.941398168183493,True,sigma_color_stat_mag,True,False
constant,14,2,0.567460681637547,-3.1484232758348907,0.0,,,0.08056182442611046,14.455926814418765,-24.91185362883753,-23.82094453792844,True,sigma_color_stat_mag,True,False
constant,14,2,0.567460681637547,-3.1746984413248187,0.0,,,0.07227020499466959,15.776002697938518,-27.552005395877035,-26.461096304967946,True,sigma_color_stat_mag,True,False
constant,14,2,0.567460681637547,-3.2245206470590326,0.0,,,0.06616335816478272,16.71660008979404,-29.433200179588077,-28.342291088678987,True,sigma_color_stat_mag,True,False
constant,14,2,0.567460681637547,-3.2150276902388533,0.0,,,0.08578566004222071,13.608898152414566,-23.217796304829132,-22.126887213920043,True,sigma_color_stat_mag,True,False
constant,14,2,0.567460681637547,-3.169531630432002,0.0,,,0.051104289654874506,19.568681627628777,-35.137363255257554,-34.04645416434846,True,sigma_color_stat_mag,True,False
constant,14,2,0.567460681637547,-3.219978113725591,0.0,,,0.08004631382185098,14.401104997412652,-24.802209994825304,-23.711300903916214,True,sigma_color_stat_mag,True,False
constant,14,2,0.567460681637547,-3.19427102241845,0.0,,,0.07864321685179071,14.570141952519677,-25.140283905039354,-24.049374814130264,True,sigma_color_stat_mag,True,False
constant,14,2,0.567460681637547,-3.22895095892737,0.0,,,0.0536381110910358,19.146200739416837,-34.292401478833675,-33.20149238792458,True,sigma_color_stat_mag,True,False
constant,14,2,0.567460681637547,-3.213403898745938,0.0,,,0.065385312313029,16.7768686486972,-29.5537372973944,-28.46282820648531,True,sigma_color_stat_mag,True,False
constant,14,2,0.567460681637547,-3.245989300599354,0.0,,,0.07078210189549636,15.9750646720572,-27.9501293441144,-26.85922025320531,True,sigma_color_stat_mag,True,False
constant,14,2,0.567460681637547,-3.1663463359009025,0.0,,,0.06836588871632027,16.370823678464163,-28.741647356928326,-27.650738266019236,True,sigma_color_stat_mag,True,False
constant,14,2,0.567460681637547,-3.215245715751585,0.0,,,0.06396212032103903,17.013945509669917,-30.027891019339833,-28.936981928430743,True,sigma_color_stat_mag,True,False
constant,14,2,0.567460681637547,-3.269079178237039,0.0,,,0.04620461118537809,20.40807596711727,-36.81615193423454,-35.72524284332545,True,sigma_color_stat_mag,True,False
constant,14,2,0.567460681637547,-3.2225197067625273,0.0,,,0.08823277037435816,13.31430455058275,-22.6286091011655,-21.537700010256412,True,sigma_color_stat_mag,True,False
constant,14,2,0.567460681637547,-3.2015133332361128,0.0,,,0.06482242415001051,16.887792925328778,-29.775585850657556,-28.684676759748466,True,sigma_color_stat_mag,True,False
constant,14,2,0.567460681637547,-3.2331144600408286,0.0,,,0.08192031805690228,14.238281233099942,-24.476562466199884,-23.385653375290794,True,sigma_color_stat_mag,True,False
constant,14,2,0.567460681637547,-3.2313550243738134,0.0,,,0.06345293380525267,17.307719014333113,-30.615438028666226,-29.524528937757136,True,sigma_color_stat_mag,True,False
constant,14,2,0.567460681637547,-3.215499724697298,0.0,,,0.09976924690473338,11.725844966918213,-19.451689933836427,-18.360780842927337,True,sigma_color_stat_mag,True,False
constant,14,2,0.567460681637547,-3.23542175415115,0.0,,,0.06994721286131089,16.120835930046272,-28.241671860092545,-27.150762769183455,True,sigma_color_stat_mag,True,False
constant,14,2,0.567460681637547,-3.18342977860094,0.0,,,0.08992483045202913,13.032685247143355,-22.06537049428671,-20.97446140337762,True,sigma_color_stat_mag,True,False
constant,14,2,0.567460681637547,-3.202123749135555,0.0,,,0.07644960009400369,15.064631414173398,-26.129262828346796,-25.038353737437706,True,sigma_color_stat_mag,True,False
constant,14,2,0.567460681637547,-3.1966218581476435,0.0,,,0.08329337832700928,13.94632075910109,-23.89264151820218,-22.80173242729309,True,sigma_color_stat_mag,True,False
constant,14,2,0.567460681637547,-3.21829910911412,0.0,,,0.08099525009766036,14.333351342768854,-24.666702685537707,-23.575793594628617,True,sigma_color_stat_mag,True,False
constant,14,2,0.567460681637547,-3.262437140938898,0.0,,,0.07493052819591954,15.323763913025989,-26.647527826051977,-25.556618735142887,True,sigma_color_stat_mag,True,False
constant,14,2,0.567460681637547,-3.2197549460073738,0.0,,,0.08321061929774337,14.012206479845641,-24.024412959691283,-22.933503868782193,True,sigma_color_stat_mag,True,False
constant,14,2,0.567460681637547,-3.218233496281844,0.0,,,0.08814931564540711,13.322806328886115,-22.64561265777223,-21.55470356686314,True,sigma_color_stat_mag,True,False
constant,14,2,0.567460681637547,-3.217003397051562,0.0,,,0.08912961819448054,13.198721492186454,-22.39744298437291,-21.30653389346382,True,sigma_color_stat_mag,True,False
constant,14,2,0.567460681637547,-3.2419120439999407,0.0,,,0.07527655186475816,15.280294710363183,-26.560589420726366,-25.469680329817276,True,sigma_color_stat_mag,True,False
constant,14,2,0.567460681637547,-3.2002196897637902,0.0,,,0.0561614629145439,18.663999468620435,-33.32799893724087,-32.23708984633178,True,sigma_color_stat_mag,True,False
constant,14,2,0.567460681637547,-3.196607734632234,0.0,,,0.09452342109585506,12.407441609612755,-20.81488321922551,-19.72397412831642,True,sigma_color_stat_mag,True,False
constant,14,2,0.567460681637547,-3.2034923184606083,0.0,,,0.05001271379111973,19.942924591464635,-35.88584918292927,-34.79494009202018,True,sigma_color_stat_mag,True,False
constant,14,2,0.567460681637547,-3.2396208140575604,0.0,,,0.07187476844126925,15.836142662086363,-27.672285324172726,-26.581376233263637,True,sigma_color_stat_mag,True,False
constant,14,2,0.567460681637547,-3.1926891283096857,0.0,,,0.09696728846922179,12.067011503617927,-20.134023007235854,-19.043113916326764,True,sigma_color_stat_mag,True,False
constant,14,2,0.567460681637547,-3.174010337088073,0.0,,,0.0787765642024424,14.783708484222647,-25.567416968445293,-24.476507877536203,True,sigma_color_stat_mag,True,False
constant,14,2,0.567460681637547,-3.1697559328271194,0.0,,,0.08614755986414149,13.613415764403038,-23.226831528806077,-22.135922437896987,True,sigma_color_stat_mag,True,False
constant,14,2,0.567460681637547,-3.2323629990287546,0.0,,,0.06352944978274984,17.38455970970278,-30.769119419405563,-29.678210328496473,True,sigma_color_stat_mag,True,False
constant,14,2,0.567460681637547,-3.162423899162415,0.0,,,0.05673654330326507,18.429785923166953,-32.85957184633391,-31.768662755424817,True,sigma_color_stat_mag,True,False
constant,14,2,0.567460681637547,-3.2457674967016126,0.0,,,0.06962971260756964,16.2112272719951,-28.4224545439902,-27.33154545308111,True,sigma_color_stat_mag,True,False
constant,14,2,0.567460681637547,-3.215521570198915,0.0,,,0.07105391395768877,15.988317257771856,-27.97663451554371,-26.88572542463462,True,sigma_color_stat_mag,True,False
constant,14,2,0.567460681637547,-3.2097387047451025,0.0,,,0.09048009375121717,12.994907068513266,-21.98981413702653,-20.89890504611744,True,sigma_color_stat_mag,True,False
constant,14,2,0.567460681637547,-3.254668603621618,0.0,,,0.06638146040942919,16.67599840091978,-29.35199680183956,-28.26108771093047,True,sigma_color_stat_mag,True,False
constant,14,2,0.567460681637547,-3.185297423463671,0.0,,,0.0750870976243423,15.241271133292141,-26.482542266584282,-25.391633175675192,True,sigma_color_stat_mag,True,False
constant,14,2,0.567460681637547,-3.195346903500826,0.0,,,0.07581836187181966,15.190707984372585,-26.38141596874517,-25.29050687783608,True,sigma_color_stat_mag,True,False
constant,14,2,0.567460681637547,-3.2140849353149927,0.0,,,0.06225906934896496,17.370636364473146,-30.741272728946292,-29.650363638037202,True,sigma_color_stat_mag,True,False
constant,14,2,0.567460681637547,-3.2403282790597205,0.0,,,0.07002812513228963,16.11378899469388,-28.22757798938776,-27.13666889847867,True,sigma_color_stat_mag,True,False
constant,14,2,0.567460681637547,-3.215626866348337,0.0,,,0.06997901825136332,16.08968466804879,-28.17936933609758,-27.08846024518849,True,sigma_color_stat_mag,True,False
constant,14,2,0.567460681637547,-3.219640078829973,0.0,,,0.0748834733024351,15.306209499961662,-26.612418999923324,-25.521509909014235,True,sigma_color_stat_mag,True,False
constant,14,2,0.567460681637547,-3.1855849948372845,0.0,,,0.07444033629181898,15.262479395167368,-26.524958790334736,-25.434049699425646,True,sigma_color_stat_mag,True,False
constant,14,2,0.567460681637547,-3.1913596953235186,0.0,,,0.06879723439327999,16.068842857688637,-28.137685715377273,-27.046776624468183,True,sigma_color_stat_mag,True,False
constant,14,2,0.567460681637547,-3.2070695611542557,0.0,,,0.08675092573642869,13.505895972604586,-23.011791945209172,-21.920882854300082,True,sigma_color_stat_mag,True,False
constant,14,2,0.567460681637547,-3.249272510530501,0.0,,,0.07526520920772925,15.203874779273857,-26.407749558547714,-25.316840467638624,True,sigma_color_stat_mag,True,False
constant,14,2,0.567460681637547,-3.2147040387013766,0.0,,,0.09345436542950102,12.62702921683131,-21.25405843366262,-20.16314934275353,True,sigma_color_stat_mag,True,False
constant,14,2,0.567460681637547,-3.189677038061422,0.0,,,0.09670438602965496,12.132876986160243,-20.265753972320486,-19.174844881411396,True,sigma_color_stat_mag,True,False
constant,14,2,0.567460681637547,-3.194063778880518,0.0,,,0.06839860962897827,16.44516082363829,-28.89032164727658,-27.79941255636749,True,sigma_color_stat_mag,True,False
constant,14,2,0.567460681637547,-3.1980407325456,0.0,,,0.08559755338454764,13.67407332352949,-23.34814664705898,-22.25723755614989,True,sigma_color_stat_mag,True,False
constant,14,2,0.567460681637547,-3.202899974963268,0.0,,,0.07760347328688387,14.88149140414043,-25.76298280828086,-24.67207371737177,True,sigma_color_stat_mag,True,False
constant,14,2,0.567460681637547,-3.205600732936373,0.0,,,0.08046840974287078,14.412957029937235,-24.82591405987447,-23.73500496896538,True,sigma_color_stat_mag,True,False
constant,14,2,0.567460681637547,-3.2334477681078644,0.0,,,0.0595373628417377,17.996385531278154,-31.992771062556308,-30.901861971647218,True,sigma_color_stat_mag,True,False
constant,14,2,0.567460681637547,-3.2115539557395416,0.0,,,0.08974168914023388,13.136504872991944,-22.273009745983888,-21.182100655074798,True,sigma_color_stat_mag,True,False
constant,14,2,0.567460681637547,-3.196873136369702,0.0,,,0.08153596138492457,14.23505687024399,-24.47011374048798,-23.37920464957889,True,sigma_color_stat_mag,True,False
constant,14,2,0.567460681637547,-3.169938635746574,0.0,,,0.07534622146323214,15.177595756695087,-26.355191513390174,-25.264282422481084,True,sigma_color_stat_mag,True,False
constant,14,2,0.567460681637547,-3.2496544715848157,0.0,,,0.07682518129375746,14.99018976986892,-25.98037953973784,-24.88947044882875,True,sigma_color_stat_mag,True,False
constant,14,2,0.567460681637547,-3.217555795045157,0.0,,,0.06688648735949837,16.59975724260119,-29.19951448520238,-28.10860539429329,True,sigma_color_stat_mag,True,False
constant,14,2,0.567460681637547,-3.2276545067316653,0.0,,,0.0808631124120401,14.349144221693784,-24.69828844338757,-23.60737935247848,True,sigma_color_stat_mag,True,False
constant,14,2,0.567460681637547,-3.2225940927494148,0.0,,,0.06397401470747319,17.031523757587003,-30.063047515174006,-28.972138424264916,True,sigma_color_stat_mag,True,False
constant,14,2,0.567460681637547,-3.159764095660694,0.0,,,0.07445604248936469,15.275496339668077,-26.550992679336154,-25.460083588427064,True,sigma_color_stat_mag,True,False
constant,14,2,0.567460681637547,-3.24683972833084,0.0,,,0.07997615615256284,14.545254437982765,-25.09050887596553,-23.99959978505644,True,sigma_color_stat_mag,True,False
constant,14,2,0.567460681637547,-3.1976353571958684,0.0,,,0.07125289539763323,15.910275003314853,-27.820550006629706,-26.729640915720616,True,sigma_color_stat_mag,True,False
constant,14,2,0.567460681637547,-3.192060704796819,0.0,,,0.07893908986963465,14.612588515624319,-25.225177031248638,-24.134267940339548,True,sigma_color_stat_mag,True,False
constant,14,2,0.567460681637547,-3.1914355492050395,0.0,,,0.07659473883581838,14.906267728990041,-25.812535457980083,-24.721626367070993,True,sigma_color_stat_mag,True,False
constant,14,2,0.567460681637547,-3.2219360040707863,0.0,,,0.07411831431756363,15.475216280118708,-26.950432560237417,-25.859523469328327,True,sigma_color_stat_mag,True,False
constant,14,2,0.567460681637547,-3.1937444582585752,0.0,,,0.06395309338534864,16.989114653382124,-29.97822930676425,-28.88732021585516,True,sigma_color_stat_mag,True,False
constant,14,2,0.567460681637547,-3.216922929725008,0.0,,,0.09392145221277506,12.570112548251931,-21.140225096503862,-20.049316005594772,True,sigma_color_stat_mag,True,False
constant,14,2,0.567460681637547,-3.210772857029243,0.0,,,0.08984068658442071,13.086685508909087,-22.173371017818173,-21.082461926909083,True,sigma_color_stat_mag,True,False
constant,14,2,0.567460681637547,-3.2195807735878392,0.0,,,0.0784881837676888,14.72224700173971,-25.44449400347942,-24.35358491257033,True,sigma_color_stat_mag,True,False
constant,14,2,0.567460681637547,-3.2230716983964625,0.0,,,0.07687358836733732,14.99748349605524,-25.99496699211048,-24.90405790120139,True,sigma_color_stat_mag,True,False
constant,14,2,0.567460681637547,-3.2508512910160308,0.0,,,0.05477232949419907,18.897397302804517,-33.794794605609034,-32.70388551469994,True,sigma_color_stat_mag,True,False
constant,14,2,0.567460681637547,-3.1815411460434695,0.0,,,0.06535160566893819,16.890089838636726,-29.780179677273452,-28.689270586364362,True,sigma_color_stat_mag,True,False
constant,14,2,0.567460681637547,-3.2053131580755507,0.0,,,0.08130834980846191,14.331030011182055,-24.66206002236411,-23.57115093145502,True,sigma_color_stat_mag,True,False
constant,14,2,0.567460681637547,-3.1719572083640712,0.0,,,0.07525593995150066,15.190494234250627,-26.380988468501254,-25.290079377592164,True,sigma_color_stat_mag,True,False
constant,14,2,0.567460681637547,-3.201775452078257,0.0,,,0.08003863106435177,14.450111120372444,-24.90022224074489,-23.8093131498358,True,sigma_color_stat_mag,True,False
constant,14,2,0.567460681637547,-3.189421440114002,0.0,,,0.0640149304026825,17.036861859195362,-30.073723718390724,-28.982814627481634,True,sigma_color_stat_mag,True,False
constant,14,2,0.567460681637547,-3.2026833967485655,0.0,,,0.05582810137937576,18.74509537052518,-33.49019074105036,-32.39928165014127,True,sigma_color_stat_mag,True,False
constant,14,2,0.567460681637547,-3.2086098743888845,0.0,,,0.04298223119966897,21.05260519552707,-38.10521039105414,-37.01430130014505,True,sigma_color_stat_mag,True,False
constant,14,2,0.567460681637547,-3.248254838433155,0.0,,,0.06693368764229259,16.625414566421394,-29.25082913284279,-28.1599200419337,True,sigma_color_stat_mag,True,False
constant,14,2,0.567460681637547,-3.191516141170097,0.0,,,0.05923335528066116,17.96027521814502,-31.920550436290043,-30.829641345380953,True,sigma_color_stat_mag,True,False
constant,14,2,0.567460681637547,-3.216311973209599,0.0,,,0.09092766281499313,12.931728831026534,-21.86345766205307,-20.77254857114398,True,sigma_color_stat_mag,True,False
constant,14,2,0.567460681637547,-3.1695516100213785,0.0,,,0.08954412592017254,13.09687131859737,-22.19374263719474,-21.102833546285652,True,sigma_color_stat_mag,True,False
constant,14,2,0.567460681637547,-3.2437052054118287,0.0,,,0.06450473652651866,17.089749122868128,-30.179498245736255,-29.088589154827165,True,sigma_color_stat_mag,True,False
constant,14,2,0.567460681637547,-3.141558030552938,0.0,,,0.055913238816577594,18.674782412192787,-33.349564824385574,-32.25865573347648,True,sigma_color_stat_mag,True,False
constant,14,2,0.567460681637547,-3.2020778670233203,0.0,,,0.07183230223675324,15.712761356852523,-27.425522713705046,-26.334613622795956,True,sigma_color_stat_mag,True,False
constant,14,2,0.567460681637547,-3.2223379543124144,0.0,,,0.08007028810695767,14.496300828209439,-24.992601656418877,-23.901692565509787,True,sigma_color_stat_mag,True,False
constant,14,2,0.567460681637547,-3.193929279613453,0.0,,,0.0630611555470323,17.380286528527606,-30.76057305705521,-29.66966396614612,True,sigma_color_stat_mag,True,False
constant,14,2,0.567460681637547,-3.2380001987450577,0.0,,,0.06944017295827914,16.12051371351526,-28.241027427030517,-27.150118336121427,True,sigma_color_stat_mag,True,False
constant,14,2,0.567460681637547,-3.2292929933956054,0.0,,,0.08729222704983326,13.466509711162011,-22.933019422324023,-21.842110331414933,True,sigma_color_stat_mag,True,False
constant,14,2,0.567460681637547,-3.2166461756308387,0.0,,,0.0622677170517091,17.366865868469862,-30.733731736939724,-29.642822646030634,True,sigma_color_stat_mag,True,False
constant,14,2,0.567460681637547,-3.2076132403995063,0.0,,,0.09477750402316408,12.380028490351023,-20.760056980702046,-19.669147889792956,True,sigma_color_stat_mag,True,False
constant,14,2,0.567460681637547,-3.2322755423830944,0.0,,,0.08626780176417848,13.56709129587764,-23.13418259175528,-22.04327350084619,True,sigma_color_stat_mag,True,False
constant,14,2,0.567460681637547,-3.235310405359317,0.0,,,0.0651107053317552,17.0616635485568,-30.123327097113602,-29.032418006204512,True,sigma_color_stat_mag,True,False
constant,14,2,0.567460681637547,-3.209186158034332,0.0,,,0.08009136613734208,14.447278537832565,-24.89455707566513,-23.80364798475604,True,sigma_color_stat_mag,True,False
constant,14,2,0.567460681637547,-3.2300742998728866,0.0,,,0.07438890050382037,15.408594122116767,-26.817188244233535,-25.726279153324445,True,sigma_color_stat_mag,True,False
constant,14,2,0.567460681637547,-3.2070292031402565,0.0,,,0.08289447940534397,14.062633322399028,-24.125266644798057,-23.034357553888967,True,sigma_color_stat_mag,True,False
constant,14,2,0.567460681637547,-3.217089285011372,0.0,,,0.07455365918701624,15.319410354023757,-26.638820708047515,-25.547911617138425,True,sigma_color_stat_mag,True,False
constant,14,2,0.567460681637547,-3.1917403153471438,0.0,,,0.08602428229532619,13.521988553821501,-23.043977107643002,-21.953068016733912,True,sigma_color_stat_mag,True,False
constant,14,2,0.567460681637547,-3.192541455380114,0.0,,,0.09829284643596059,11.952853721548507,-19.905707443097015,-18.814798352187925,True,sigma_color_stat_mag,True,False
constant,14,2,0.567460681637547,-3.2206627806362595,0.0,,,0.09990608766020741,11.744047378594452,-19.488094757188904,-18.397185666279814,True,sigma_color_stat_mag,True,False
constant,14,2,0.567460681637547,-3.231905405994574,0.0,,,0.06813973239331458,16.387120829577857,-28.774241659155713,-27.683332568246623,True,sigma_color_stat_mag,True,False
constant,14,2,0.567460681637547,-3.2285166886780643,0.0,,,0.08658842480459372,13.577141136128677,-23.154282272257355,-22.063373181348265,True,sigma_color_stat_mag,True,False
constant,14,2,0.567460681637547,-3.1911953199169787,0.0,,,0.056022650543585475,18.609931814958543,-33.219863629917086,-32.12895453900799,True,sigma_color_stat_mag,True,False
constant,14,2,0.567460681637547,-3.206234230823954,0.0,,,0.07816041699230888,14.807339714440195,-25.61467942888039,-24.5237703379713,True,sigma_color_stat_mag,True,False
constant,14,2,0.567460681637547,-3.2064248175860275,0.0,,,0.08365993598176552,13.97055247450634,-23.94110494901268,-22.85019585810359,True,sigma_color_stat_mag,True,False
constant,14,2,0.567460681637547,-3.1887603502860813,0.0,,,0.0713394509291918,15.98022359234801,-27.96044718469602,-26.86953809378693,True,sigma_color_stat_mag,True,False
constant,14,2,0.567460681637547,-3.207725648396208,0.0,,,0.05161711744121614,19.50220677194437,-35.00441354388874,-33.913504452979645,True,sigma_color_stat_mag,True,False
constant,14,2,0.567460681637547,-3.203773955162205,0.0,,,0.07955850018151252,14.474553138818525,-24.94910627763705,-23.85819718672796,True,sigma_color_stat_mag,True,False
constant,14,2,0.567460681637547,-3.2287934917573917,0.0,,,0.10283497682322845,11.35725433186963,-18.71450866373926,-17.62359957283017,True,sigma_color_stat_mag,True,False
constant,14,2,0.567460681637547,-3.250428503201832,0.0,,,0.07257091721083359,15.681581905477948,-27.363163810955896,-26.272254720046806,True,sigma_color_stat_mag,True,False
constant,14,2,0.567460681637547,-3.1953137005395034,0.0,,,0.09584419560494689,12.24945981241025,-20.4989196248205,-19.40801053391141,True,sigma_color_stat_mag,True,False
constant,14,2,0.567460681637547,-3.1885693226407885,0.0,,,0.06389587115452194,17.27651499010419,-30.55302998020838,-29.46212088929929,True,sigma_color_stat_mag,True,False
constant,14,2,0.567460681637547,-3.198425013763104,0.0,,,0.08399272609884113,13.911063634650159,-23.822127269300317,-22.731218178391227,True,sigma_color_stat_mag,True,False
constant,14,2,0.567460681637547,-3.2379935486993516,0.0,,,0.08490696518139733,13.78790334151815,-23.5758066830363,-22.48489759212721,True,sigma_color_stat_mag,True,False
constant,14,2,0.567460681637547,-3.249828625536979,0.0,,,0.06356210730795618,17.1687955513212,-30.3375911026424,-29.24668201173331,True,sigma_color_stat_mag,True,False
constant,14,2,0.567460681637547,-3.218628416280328,0.0,,,0.0882220875410296,13.310347182128199,-22.620694364256398,-21.529785273347308,True,sigma_color_stat_mag,True,False
constant,14,2,0.567460681637547,-3.237663016476027,0.0,,,0.07476080371507751,15.403627052070046,-26.807254104140092,-25.716345013231003,True,sigma_color_stat_mag,True,False
constant,14,2,0.567460681637547,-3.185317850601473,0.0,,,0.0613481563996035,17.443391948488962,-30.886783896977924,-29.795874806068834,True,sigma_color_stat_mag,True,False
constant,14,2,0.567460681637547,-3.1958902114235905,0.0,,,0.08017024814038,14.477673400959892,-24.955346801919784,-23.864437711010694,True,sigma_color_stat_mag,True,False
constant,14,2,0.567460681637547,-3.1937751328067914,0.0,,,0.07372045257192363,15.335717091094825,-26.67143418218965,-25.58052509128056,True,sigma_color_stat_mag,True,False
constant,14,2,0.567460681637547,-3.245653793769366,0.0,,,0.07833342180796245,14.790488353820312,-25.580976707640623,-24.490067616731533,True,sigma_color_stat_mag,True,False
constant,14,2,0.567460681637547,-3.1976893600496465,0.0,,,0.08114801324228585,14.264380627172425,-24.52876125434485,-23.43785216343576,True,sigma_color_stat_mag,True,False
constant,14,2,0.567460681637547,-3.228530168524374,0.0,,,0.09285678732832486,12.65555239154616,-21.31110478309232,-20.22019569218323,True,sigma_color_stat_mag,True,False
constant,14,2,0.567460681637547,-3.165982944287369,0.0,,,0.06661425126824681,16.522852079573553,-29.045704159147107,-27.954795068238017,True,sigma_color_stat_mag,True,False
constant,14,2,0.567460681637547,-3.2351107092202946,0.0,,,0.06311293385827017,17.21391705738725,-30.427834114774498,-29.33692502386541,True,sigma_color_stat_mag,True,False
constant,14,2,0.567460681637547,-3.2015205123121184,0.0,,,0.09148643016854335,12.83649547425366,-21.67299094850732,-20.58208185759823,True,sigma_color_stat_mag,True,False
constant,14,2,0.567460681637547,-3.2471550303237766,0.0,,,0.0830511862925831,14.02779398043792,-24.05558796087584,-22.96467886996675,True,sigma_color_stat_mag,True,False
constant,14,2,0.567460681637547,-3.221581986327343,0.0,,,0.08517560505514922,13.754828030664633,-23.509656061329267,-22.418746970420177,True,sigma_color_stat_mag,True,False
constant,14,2,0.567460681637547,-3.1827802833728334,0.0,,,0.07348172236094525,15.352977343514379,-26.705954687028758,-25.615045596119668,True,sigma_color_stat_mag,True,False
constant,14,2,0.567460681637547,-3.199314771892506,0.0,,,0.06502019303888587,16.82062326396512,-29.641246527930242,-28.550337437021152,True,sigma_color_stat_mag,True,False
constant,14,2,0.567460681637547,-3.2109033250790784,0.0,,,0.10583151911982976,10.983766626490292,-17.967533252980584,-16.876624162071494,True,sigma_color_stat_mag,True,False
constant,14,2,0.567460681637547,-3.1916914973310377,0.0,,,0.06234511029408976,17.32625453852937,-30.65250907705874,-29.56159998614965,True,sigma_color_stat_mag,True,False
constant,14,2,0.567460681637547,-3.1748688660454696,0.0,,,0.08401652464396636,13.907681047257336,-23.815362094514672,-22.724453003605582,True,sigma_color_stat_mag,True,False
constant,14,2,0.567460681637547,-3.2036889147892285,0.0,,,0.09598004141224412,12.278292113473835,-20.55658422694767,-19.46567513603858,True,sigma_color_stat_mag,True,False
constant,14,2,0.567460681637547,-3.1635343293571925,0.0,,,0.07768667976037483,14.968159911411885,-25.93631982282377,-24.84541073191468,True,sigma_color_stat_mag,True,False
constant,14,2,0.567460681637547,-3.213191482517276,0.0,,,0.06853569752780551,16.403593965618644,-28.807187931237287,-27.716278840328197,True,sigma_color_stat_mag,True,False
constant,14,2,0.567460681637547,-3.268875628731495,0.0,,,0.07301805957449699,15.626359740132626,-27.252719480265252,-26.161810389356162,True,sigma_color_stat_mag,True,False
constant,14,2,0.567460681637547,-3.2274065610095124,0.0,,,0.0782930236541428,14.783822434873313,-25.567644869746626,-24.476735778837536,True,sigma_color_stat_mag,True,False
constant,14,2,0.567460681637547,-3.241453909389135,0.0,,,0.0767925237910779,14.998390643234604,-25.996781286469208,-24.905872195560118,True,sigma_color_stat_mag,True,False
constant,14,2,0.567460681637547,-3.2119382966062533,0.0,,,0.07232589904122706,15.66412942927657,-27.32825885855314,-26.23734976764405,True,sigma_color_stat_mag,True,False
constant,14,2,0.567460681637547,-3.1851134648852897,0.0,,,0.09190795282634485,12.71838610297196,-21.43677220594392,-20.34586311503483,True,sigma_color_stat_mag,True,False
constant,14,2,0.567460681637547,-3.192552458451879,0.0,,,0.0840827266335749,13.88482976994287,-23.76965953988574,-22.67875044897665,True,sigma_color_stat_mag,True,False
constant,14,2,0.567460681637547,-3.2143083174486695,0.0,,,0.07217840387070537,15.807953633887951,-27.615907267775903,-26.524998176866813,True,sigma_color_stat_mag,True,False
constant,14,2,0.567460681637547,-3.2021520369942547,0.0,,,0.07471158347659122,15.3677169502231,-26.7354339004462,-25.64452480953711,True,sigma_color_stat_mag,True,False
constant,14,2,0.567460681637547,-3.21180498691653,0.0,,,0.07590856752467058,15.118038774286754,-26.23607754857351,-25.14516845766442,True,sigma_color_stat_mag,True,False
constant,14,2,0.567460681637547,-3.210344832481662,0.0,,,0.08549220758432746,13.664501674868445,-23.32900334973689,-22.2380942588278,True,sigma_color_stat_mag,True,False
constant,14,2,0.567460681637547,-3.205194792799763,0.0,,,0.08005008643915916,14.5360376897295,-25.072075379459,-23.98116628854991,True,sigma_color_stat_mag,True,False
constant,14,2,0.567460681637547,-3.1784089141410696,0.0,,,0.07765268464189304,14.888724012104642,-25.777448024209285,-24.686538933300195,True,sigma_color_stat_mag,True,False
constant,14,2,0.567460681637547,-3.184546693849073,0.0,,,0.0792580727009899,14.525614461396476,-25.05122892279295,-23.96031983188386,True,sigma_color_stat_mag,True,False
constant,14,2,0.567460681637547,-3.190790135695463,0.0,,,0.08373679321801515,13.913010188107567,-23.826020376215133,-22.735111285306044,True,sigma_color_stat_mag,True,False
constant,14,2,0.567460681637547,-3.19831456949747,0.0,,,0.08414185575913867,13.89205302974565,-23.7841060594913,-22.69319696858221,True,sigma_color_stat_mag,True,False
constant,14,2,0.567460681637547,-3.171709240171456,0.0,,,0.08319057588637188,14.008314061464219,-24.016628122928438,-22.925719032019348,True,sigma_color_stat_mag,True,False
constant,14,2,0.567460681637547,-3.2053494214080613,0.0,,,0.07365961764548219,15.466709969131463,-26.933419938262926,-25.842510847353836,True,sigma_color_stat_mag,True,False
constant,14,2,0.567460681637547,-3.253371362139107,0.0,,,0.09253658660977002,12.695089348701813,-21.390178697403627,-20.299269606494537,True,sigma_color_stat_mag,True,False
constant,14,2,0.567460681637547,-3.2465234448088243,0.0,,,0.07874850277310995,14.738514664700315,-25.47702932940063,-24.38612023849154,True,sigma_color_stat_mag,True,False
constant,14,2,0.567460681637547,-3.2612964352020475,0.0,,,0.08058529291942199,14.394005492669073,-24.788010985338147,-23.697101894429057,True,sigma_color_stat_mag,True,False
constant,14,2,0.567460681637547,-3.1615976685946907,0.0,,,0.07804558867087005,14.725600634364548,-25.451201268729097,-24.360292177820007,True,sigma_color_stat_mag,True,False
constant,14,2,0.567460681637547,-3.2173229387046005,0.0,,,0.0864303488414448,13.54053847882038,-23.08107695764076,-21.99016786673167,True,sigma_color_stat_mag,True,False
constant,14,2,0.567460681637547,-3.19694894700851,0.0,,,0.09926205417578397,11.869592507169848,-19.739185014339697,-18.648275923430607,True,sigma_color_stat_mag,True,False
constant,14,2,0.567460681637547,-3.220208151512348,0.0,,,0.0627550431033038,17.310651102822046,-30.621302205644092,-29.530393114735002,True,sigma_color_stat_mag,True,False
constant,14,2,0.567460681637547,-3.2152296311426123,0.0,,,0.0905788525337961,12.972553426916615,-21.94510685383323,-20.85419776292414,True,sigma_color_stat_mag,True,False
constant,14,2,0.567460681637547,-3.2107193039896913,0.0,,,0.07400493999077015,15.3635711985028,-26.7271423970056,-25.63623330609651,True,sigma_color_stat_mag,True,False
constant,14,2,0.567460681637547,-3.2306011374716666,0.0,,,0.05386332469029338,19.096360614124645,-34.19272122824929,-33.1018121373402,True,sigma_color_stat_mag,True,False
constant,14,2,0.567460681637547,-3.2057679773759005,0.0,,,0.04325647562062213,20.942001204931753,-37.884002409863506,-36.79309331895441,True,sigma_color_stat_mag,True,False
constant,14,2,0.567460681637547,-3.2173737337336177,0.0,,,0.07540033487075117,15.232457033076317,-26.464914066152634,-25.374004975243544,True,sigma_color_stat_mag,True,False
constant,14,2,0.567460681637547,-3.2130772996891137,0.0,,,0.0947454987718058,12.421975912065944,-20.84395182413189,-19.7530427332228,True,sigma_color_stat_mag,True,False
constant,14,2,0.567460681637547,-3.188328297420036,0.0,,,0.08889834018190573,13.242000326347691,-22.484000652695382,-21.393091561786292,True,sigma_color_stat_mag,True,False
constant,14,2,0.567460681637547,-3.2165046405351094,0.0,,,0.06239786145760109,17.456889222170293,-30.913778444340586,-29.822869353431496,True,sigma_color_stat_mag,True,False
constant,14,2,0.567460681637547,-3.1935981403126465,0.0,,,0.07091771816064388,15.96294747275689,-27.92589494551378,-26.83498585460469,True,sigma_color_stat_mag,True,False
constant,14,2,0.567460681637547,-3.1854779401415887,0.0,,,0.0807439973569967,14.335051292643458,-24.670102585286916,-23.579193494377826,True,sigma_color_stat_mag,True,False
constant,14,2,0.567460681637547,-3.210843442226193,0.0,,,0.07393299257422276,15.379096842644435,-26.75819368528887,-25.66728459437978,True,sigma_color_stat_mag,True,False
constant,14,2,0.567460681637547,-3.2197029246026307,0.0,,,0.07987845915051904,14.44610661957204,-24.89221323914408,-23.80130414823499,True,sigma_color_stat_mag,True,False
constant,14,2,0.567460681637547,-3.231070786930401,0.0,,,0.07851416389684668,14.717222851577086,-25.43444570315417,-24.34353661224508,True,sigma_color_stat_mag,True,False
constant,14,2,0.567460681637547,-3.205635189585549,0.0,,,0.0732693581271857,15.623607793779994,-27.24721558755999,-26.1563064966509,True,sigma_color_stat_mag,True,False
constant,14,2,0.567460681637547,-3.2019922391335416,0.0,,,0.08961818930882261,13.082478084218572,-22.164956168437143,-21.074047077528054,True,sigma_color_stat_mag,True,False
constant,14,2,0.567460681637547,-3.256536244364679,0.0,,,0.04429223565667105,20.910057838389932,-37.820115676779864,-36.72920658587077,True,sigma_color_stat_mag,True,False
constant,14,2,0.567460681637547,-3.1922675898005717,0.0,,,0.07659828619539268,15.086113733462568,-26.172227466925136,-25.081318376016046,True,sigma_color_stat_mag,True,False
constant,14,2,0.567460681637547,-3.233760295138249,0.0,,,0.06839254013581587,16.52993228316598,-29.05986456633196,-27.96895547542287,True,sigma_color_stat_mag,True,False
constant,14,2,0.567460681637547,-3.205017183176725,0.0,,,0.07539695191624846,15.193150568498295,-26.38630113699659,-25.2953920460875,True,sigma_color_stat_mag,True,False
constant,14,2,0.567460681637547,-3.2004476121809424,0.0,,,0.08577856507796125,13.608985973047266,-23.217971946094533,-22.127062855185443,True,sigma_color_stat_mag,True,False
constant,14,2,0.567460681637547,-3.2008302104058464,0.0,,,0.10056002118369858,11.635416406256347,-19.270832812512694,-18.179923721603604,True,sigma_color_stat_mag,True,False
constant,14,2,0.567460681637547,-3.2196559079207923,0.0,,,0.0555370646505687,18.580528985205856,-33.16105797041171,-32.07014887950262,True,sigma_color_stat_mag,True,False
constant,14,2,0.567460681637547,-3.153501988565337,0.0,,,0.06805424813934804,16.37060620100336,-28.741212402006717,-27.650303311097627,True,sigma_color_stat_mag,True,False
constant,14,2,0.567460681637547,-3.2042387495222733,0.0,,,0.08022865896714677,14.486708973690764,-24.973417947381527,-23.882508856472437,True,sigma_color_stat_mag,True,False
constant,14,2,0.567460681637547,-3.1806495993930155,0.0,,,0.07268919227573284,15.679113879449126,-27.358227758898252,-26.267318667989162,True,sigma_color_stat_mag,True,False
