{
  "experiment": "exp06_fitted_splice_best_k",
  "model_variant": "fitted_splice",
  "main_k": [
    0.01,
    0.25
  ],
  "region_k_windows": [
    [
      0.005,
      0.2
    ],
    [
      0.01,
      0.25
    ]
  ],
  "elliptical_corrected_mbar": 27.5099740869455,
  "circular_inner_corrected_mbar": 27.584720435275855,
  "circular_outer_corrected_mbar": 27.282868113532555,
  "weighted_corrected_mbar": 27.463220900478998,
  "formal_sigma": 0.04065683847832833,
  "annulus_scatter": 0.15092616087165034,
  "adopted_sigma": 0.15092616087165034,
  "recommended_kmin": 0.005,
  "recommended_kmax": 0.2,
  "residual_regions": {
    "elliptical_chosen": {
      "region": "elliptical_chosen",
      "n_use": 204253,
      "resid_median": -0.05862812325358391,
      "resid_mean": -0.0027825406286865473,
      "resid_std": 0.6386792659759521,
      "resid_p01": -1.2584091424942017,
      "resid_p99": 1.7759593725204468,
      "model_mean": 8.092418670654297,
      "science_resid_name": "resid_full_clip_3p5sigma",
      "science_model_name": "model_full"
    },
    "circular_inner_lit": {
      "region": "circular_inner_lit",
      "n_use": 649914,
      "resid_median": -0.06439672410488129,
      "resid_mean": -0.012298248708248138,
      "resid_std": 0.8343077301979065,
      "resid_p01": -1.8543204069137573,
      "resid_p99": 2.020131826400757,
      "model_mean": 14.633037567138672,
      "science_resid_name": "resid_full_clip_3p5sigma",
      "science_model_name": "model_full"
    },
    "circular_outer_lit": {
      "region": "circular_outer_lit",
      "n_use": 2559047,
      "resid_median": -0.18057282269001007,
      "resid_mean": -0.11490533500909805,
      "resid_std": 0.5300610065460205,
      "resid_p01": -1.1235682964324951,
      "resid_p99": 1.5249156951904297,
      "model_mean": 4.907878398895264,
      "science_resid_name": "resid_full_clip_3p5sigma",
      "science_model_name": "model_full"
    }
  },
  "zero_cross_circle_px": 159.10880459735918,
  "zero_cross_ellipse_px": 196.67677864609485
}