kmin,kmax,mbar_inner_raw,mbar_inner,sigma_inner,Pr_inner,Pr_over_P0_inner,mbar_outer_raw,mbar_outer,sigma_outer,Pr_outer,Pr_over_P0_outer,mbar_weighted_raw,mbar_weighted,sigma_weighted_formal,annulus_scatter,sigma_adopted,notes
0.01,0.25,26.648123902702615,26.664031506668444,0.036245410535849246,0.8962788026917158,0.014544634564073603,26.42412173481459,26.4549987631348,0.05723459399111107,0.8188659593103568,0.028038217830565256,26.584004392900248,26.6041969203589,0.03062157978207081,0.10451637176682205,0.10451637176682205,"inner+outer weighted; no pipeline systematic yet; sigma_inner=max(k-window MAD, fit covariance); sigma_outer=max(k-window MAD, fit covariance)"
0.03,0.25,26.741553365022792,26.758901948312776,0.03617193388172104,0.8962788026917158,0.01585165453593258,26.561199397477257,26.596299377941147,0.05723459399111107,0.8188659593103568,0.03181130389718796,26.690077353998387,26.712492480204272,0.030577234130467694,0.08130128518581436,0.08130128518581436,"inner+outer weighted; no pipeline systematic yet; sigma_inner=max(k-window MAD, fit covariance); sigma_outer=max(k-window MAD, fit covariance)"
0.04,0.25,26.76555994973436,26.783299583468395,0.03617193388172104,0.8962788026917158,0.01620605217689085,26.59855417811492,26.634903582710546,0.05723459399111107,0.8188659593103568,0.03292481798706015,26.717893735023278,26.740944905747984,0.030577234130467694,0.07419800037892443,0.07419800037892443,"inner+outer weighted; no pipeline systematic yet; sigma_inner=max(k-window MAD, fit covariance); sigma_outer=max(k-window MAD, fit covariance)"
