model,n,n_parameters,color_center,intercept,slope,curvature,slope_change,sigma_int,log_likelihood,aic,aicc,use_color_errors,color_error_column,use_extinction_covariance
constant,14,2,0.5674536233634047,-3.1971697114623807,0.0,,,0.0701647448229008,16.076475247419985,-28.15295049483997,-27.06204140393088,True,sigma_color_stat_mag,True
constant,14,2,0.5674536233634047,-3.159003745472872,0.0,,,0.07046940104475038,16.09503949335435,-28.1900789867087,-27.09916989579961,True,sigma_color_stat_mag,True
constant,14,2,0.5674536233634047,-3.153193267425859,0.0,,,0.07530340375078524,15.19453066548242,-26.38906133096484,-25.29815224005575,True,sigma_color_stat_mag,True
constant,14,2,0.5674536233634047,-3.149331613093956,0.0,,,0.08193713602340426,14.236325821737758,-24.472651643475515,-23.381742552566426,True,sigma_color_stat_mag,True
constant,14,2,0.5674536233634047,-3.1768186082304872,0.0,,,0.0821253412906265,14.170794973187707,-24.341589946375414,-23.250680855466324,True,sigma_color_stat_mag,True
constant,14,2,0.5674536233634047,-3.1642463656244697,0.0,,,0.07990191471084893,14.478222146042437,-24.956444292084875,-23.865535201175785,True,sigma_color_stat_mag,True
constant,14,2,0.5674536233634047,-3.196240601969988,0.0,,,0.06006756516634317,17.747607276782784,-31.495214553565567,-30.404305462656477,True,sigma_color_stat_mag,True
constant,14,2,0.5674536233634047,-3.184964989328956,0.0,,,0.10798723107514055,10.739076821868002,-17.478153643736004,-16.387244552826914,True,sigma_color_stat_mag,True
constant,14,2,0.5674536233634047,-3.2155316446518283,0.0,,,0.09519801592199453,12.370199424338807,-20.740398848677614,-19.649489757768524,True,sigma_color_stat_mag,True
constant,14,2,0.5674536233634047,-3.1745868526503815,0.0,,,0.061563356763814685,17.628530411301206,-31.257060822602412,-30.166151731693322,True,sigma_color_stat_mag,True
constant,14,2,0.5674536233634047,-3.2214903493586227,0.0,,,0.05569261678704981,18.445628740699256,-32.89125748139851,-31.80034839048942,True,sigma_color_stat_mag,True
constant,14,2,0.5674536233634047,-3.198755782601062,0.0,,,0.09075410272071467,12.928168709487457,-21.856337418974913,-20.765428328065823,True,sigma_color_stat_mag,True
constant,14,2,0.5674536233634047,-3.1881189546495246,0.0,,,0.08275487338289868,14.084826460628177,-24.169652921256354,-23.078743830347264,True,sigma_color_stat_mag,True
constant,14,2,0.5674536233634047,-3.1595724667451663,0.0,,,0.07550079052211775,15.093372172783388,-26.186744345566776,-25.095835254657686,True,sigma_color_stat_mag,True
constant,14,2,0.5674536233634047,-3.164000977471,0.0,,,0.08813566105496126,13.277115196012717,-22.554230392025435,-21.463321301116345,True,sigma_color_stat_mag,True
constant,14,2,0.5674536233634047,-3.166427219457788,0.0,,,0.0983279963255927,11.946874138453754,-19.89374827690751,-18.80283918599842,True,sigma_color_stat_mag,True
constant,14,2,0.5674536233634047,-3.222930447715786,0.0,,,0.03245698382147175,23.332063133295364,-42.66412626659073,-41.573217175681634,True,sigma_color_stat_mag,True
constant,14,2,0.5674536233634047,-3.173798435606735,0.0,,,0.07366981849909257,15.42775616502926,-26.85551233005852,-25.76460323914943,True,sigma_color_stat_mag,True
constant,14,2,0.5674536233634047,-3.1752958394275486,0.0,,,0.07423391504481613,15.517447397387787,-27.034894794775575,-25.943985703866485,True,sigma_color_stat_mag,True
constant,14,2,0.5674536233634047,-3.1541759179340794,0.0,,,0.06717352463115667,16.636323785284418,-29.272647570568836,-28.181738479659746,True,sigma_color_stat_mag,True
constant,14,2,0.5674536233634047,-3.2074028663795384,0.0,,,0.07236734055375489,15.625331355623196,-27.25066271124639,-26.159753620337302,True,sigma_color_stat_mag,True
constant,14,2,0.5674536233634047,-3.164213243446518,0.0,,,0.0921200546279954,12.753486000489854,-21.506972000979708,-20.416062910070618,True,sigma_color_stat_mag,True
constant,14,2,0.5674536233634047,-3.122184897525147,0.0,,,0.07833277085575563,14.731234645744554,-25.462469291489107,-24.371560200580017,True,sigma_color_stat_mag,True
constant,14,2,0.5674536233634047,-3.2003433823486405,0.0,,,0.08877343906282507,13.27918203375561,-22.55836406751122,-21.46745497660213,True,sigma_color_stat_mag,True
constant,14,2,0.5674536233634047,-3.1789544400359193,0.0,,,0.10556028016103763,11.039210952622419,-18.078421905244838,-16.987512814335748,True,sigma_color_stat_mag,True
constant,14,2,0.5674536233634047,-3.1614375825302283,0.0,,,0.0790845230395309,14.648643666957874,-25.297287333915747,-24.206378243006657,True,sigma_color_stat_mag,True
constant,14,2,0.5674536233634047,-3.1808767823221578,0.0,,,0.08961232299997822,13.149484851471803,-22.298969702943605,-21.208060612034515,True,sigma_color_stat_mag,True
constant,14,2,0.5674536233634047,-3.200843636140867,0.0,,,0.09479596400763458,12.412275127849526,-20.82455025569905,-19.73364116478996,True,sigma_color_stat_mag,True
constant,14,2,0.5674536233634047,-3.1990599017995773,0.0,,,0.0835418961546963,13.93368851341451,-23.86737702682902,-22.77646793591993,True,sigma_color_stat_mag,True
constant,14,2,0.5674536233634047,-3.1660143005615224,0.0,,,0.09745131625765051,12.050484474507842,-20.100968949015684,-19.010059858106594,True,sigma_color_stat_mag,True
constant,14,2,0.5674536233634047,-3.1860532520189357,0.0,,,0.08086705905017968,14.398860931517367,-24.797721863034734,-23.706812772125645,True,sigma_color_stat_mag,True
constant,14,2,0.5674536233634047,-3.1450245050107397,0.0,,,0.0959799667673361,12.316646505348974,-20.633293010697948,-19.542383919788858,True,sigma_color_stat_mag,True
constant,14,2,0.5674536233634047,-3.1645312909117616,0.0,,,0.08047820949497582,14.476568131626653,-24.953136263253306,-23.862227172344216,True,sigma_color_stat_mag,True
constant,14,2,0.5674536233634047,-3.189813578503027,0.0,,,0.09892933248724267,11.86435759116051,-19.72871518232102,-18.63780609141193,True,sigma_color_stat_mag,True
constant,14,2,0.5674536233634047,-3.165680915854921,0.0,,,0.06564992291661331,16.95819977856247,-29.91639955712494,-28.82549046621585,True,sigma_color_stat_mag,True
constant,14,2,0.5674536233634047,-3.1788335692076197,0.0,,,0.09272961783587581,12.670037352986743,-21.340074705973485,-20.249165615064395,True,sigma_color_stat_mag,True
constant,14,2,0.5674536233634047,-3.1858791235153037,0.0,,,0.07647328103179118,15.083064181789322,-26.166128363578643,-25.075219272669553,True,sigma_color_stat_mag,True
constant,14,2,0.5674536233634047,-3.1415491525937447,0.0,,,0.0806492190773462,14.34610952028072,-24.69221904056144,-23.60130994965235,True,sigma_color_stat_mag,True
constant,14,2,0.5674536233634047,-3.150518709607126,0.0,,,0.09628952090679865,12.163167355279825,-20.32633471055965,-19.23542561965056,True,sigma_color_stat_mag,True
constant,14,2,0.5674536233634047,-3.1340146115653544,0.0,,,0.051873296388975705,19.480983092954048,-34.961966185908096,-33.871057094999,True,sigma_color_stat_mag,True
constant,14,2,0.5674536233634047,-3.181962117935085,0.0,,,0.08564121895469813,13.689285674087866,-23.378571348175733,-22.287662257266643,True,sigma_color_stat_mag,True
constant,14,2,0.5674536233634047,-3.161297429291072,0.0,,,0.10024304980861082,11.662731767759022,-19.325463535518043,-18.234554444608953,True,sigma_color_stat_mag,True
constant,14,2,0.5674536233634047,-3.2001203373246203,0.0,,,0.03921797839338732,21.879967340784308,-39.759934681568616,-38.66902559065952,True,sigma_color_stat_mag,True
constant,14,2,0.5674536233634047,-3.17036187785576,0.0,,,0.07162704365997344,15.887020687391459,-27.774041374782918,-26.683132283873828,True,sigma_color_stat_mag,True
constant,14,2,0.5674536233634047,-3.1516184185357896,0.0,,,0.08456010286697117,13.820559447751306,-23.64111889550261,-22.55020980459352,True,sigma_color_stat_mag,True
constant,14,2,0.5674536233634047,-3.211624830929121,0.0,,,0.06464443411747246,17.129325807993162,-30.258651615986324,-29.167742525077234,True,sigma_color_stat_mag,True
constant,14,2,0.5674536233634047,-3.1868875799946714,0.0,,,0.09284672159389981,12.642215796515849,-21.284431593031698,-20.193522502122608,True,sigma_color_stat_mag,True
constant,14,2,0.5674536233634047,-3.2005296549103393,0.0,,,0.07831062407236904,14.805427737361933,-25.610855474723866,-24.519946383814776,True,sigma_color_stat_mag,True
constant,14,2,0.5674536233634047,-3.192762066482599,0.0,,,0.06403595236374132,17.135778490039502,-30.271556980079005,-29.180647889169915,True,sigma_color_stat_mag,True
constant,14,2,0.5674536233634047,-3.2213491854228176,0.0,,,0.08483545629153201,13.69028972488208,-23.38057944976416,-22.28967035885507,True,sigma_color_stat_mag,True
constant,14,2,0.5674536233634047,-3.1942536592691417,0.0,,,0.07333040283753357,15.608958558724602,-27.217917117449204,-26.127008026540114,True,sigma_color_stat_mag,True
constant,14,2,0.5674536233634047,-3.1701991641988894,0.0,,,0.06790588600897962,16.520283608474088,-29.040567216948176,-27.949658126039086,True,sigma_color_stat_mag,True
constant,14,2,0.5674536233634047,-3.2085654143892652,0.0,,,0.08584353344657057,13.711800354968062,-23.423600709936125,-22.332691619027035,True,sigma_color_stat_mag,True
constant,14,2,0.5674536233634047,-3.1525482531380704,0.0,,,0.08745246630027298,13.429988069019377,-22.859976138038753,-21.769067047129663,True,sigma_color_stat_mag,True
constant,14,2,0.5674536233634047,-3.1440916937644876,0.0,,,0.045731011551065355,20.66909165307176,-37.33818330614352,-36.24727421523443,True,sigma_color_stat_mag,True
constant,14,2,0.5674536233634047,-3.1660015650920745,0.0,,,0.0780386318329299,14.842357487473793,-25.684714974947585,-24.593805884038495,True,sigma_color_stat_mag,True
constant,14,2,0.5674536233634047,-3.1530806806775558,0.0,,,0.0946385769204611,12.447421999904078,-20.894843999808156,-19.803934908899066,True,sigma_color_stat_mag,True
constant,14,2,0.5674536233634047,-3.215895086344141,0.0,,,0.06418089535135198,17.092196856672643,-30.184393713345287,-29.093484622436197,True,sigma_color_stat_mag,True
constant,14,2,0.5674536233634047,-3.12943162368601,0.0,,,0.07498369204438193,15.236628894597777,-26.473257789195554,-25.382348698286464,True,sigma_color_stat_mag,True
constant,14,2,0.5674536233634047,-3.1497592943587454,0.0,,,0.07568758180167515,15.238678688861627,-26.477357377723255,-25.386448286814165,True,sigma_color_stat_mag,True
constant,14,2,0.5674536233634047,-3.165782946515634,0.0,,,0.0664120415987473,16.82275380302155,-29.645507606043097,-28.554598515134007,True,sigma_color_stat_mag,True
constant,14,2,0.5674536233634047,-3.1802720141191676,0.0,,,0.06299081747286878,17.417995737221894,-30.835991474443787,-29.745082383534697,True,sigma_color_stat_mag,True
constant,14,2,0.5674536233634047,-3.1749874394396054,0.0,,,0.07416773575329663,15.391745617250528,-26.783491234501057,-25.692582143591967,True,sigma_color_stat_mag,True
constant,14,2,0.5674536233634047,-3.1481019659167044,0.0,,,0.08343964591146398,13.935559816704167,-23.871119633408334,-22.780210542499244,True,sigma_color_stat_mag,True
constant,14,2,0.5674536233634047,-3.1346389958790017,0.0,,,0.05669762572454639,18.334629262157108,-32.669258524314216,-31.578349433405126,True,sigma_color_stat_mag,True
constant,14,2,0.5674536233634047,-3.1247205144832173,0.0,,,0.07774208615914978,14.876799246545303,-25.753598493090607,-24.662689402181517,True,sigma_color_stat_mag,True
constant,14,2,0.5674536233634047,-3.182585356610252,0.0,,,0.04053760429967261,21.912631296793798,-39.825262593587595,-38.7343535026785,True,sigma_color_stat_mag,True
constant,14,2,0.5674536233634047,-3.1923679577377873,0.0,,,0.08327697382721248,14.00431588576776,-24.00863177153552,-22.91772268062643,True,sigma_color_stat_mag,True
constant,14,2,0.5674536233634047,-3.1743925806081252,0.0,,,0.06161115669456432,17.528262281758355,-31.05652456351671,-29.96561547260762,True,sigma_color_stat_mag,True
constant,14,2,0.5674536233634047,-3.101426490532306,0.0,,,0.05415317223313327,18.69093492206593,-33.38186984413186,-32.29096075322277,True,sigma_color_stat_mag,True
constant,14,2,0.5674536233634047,-3.130762606645825,0.0,,,0.07082382944925775,16.001203378411,-28.002406756821998,-26.911497665912908,True,sigma_color_stat_mag,True
constant,14,2,0.5674536233634047,-3.173803430743403,0.0,,,0.09055036008171663,12.994527722309458,-21.989055444618916,-20.898146353709826,True,sigma_color_stat_mag,True
constant,14,2,0.5674536233634047,-3.1795775617794297,0.0,,,0.07316626514509438,15.562191995634398,-27.124383991268797,-26.033474900359707,True,sigma_color_stat_mag,True
constant,14,2,0.5674536233634047,-3.157325671462497,0.0,,,0.0695161362097577,16.063337908206933,-28.126675816413865,-27.035766725504775,True,sigma_color_stat_mag,True
constant,14,2,0.5674536233634047,-3.162657774313543,0.0,,,0.0878069447071649,13.367720632397932,-22.735441264795863,-21.644532173886773,True,sigma_color_stat_mag,True
constant,14,2,0.5674536233634047,-3.185549983866892,0.0,,,0.0827134160498182,14.133234199579572,-24.266468399159145,-23.175559308250055,True,sigma_color_stat_mag,True
constant,14,2,0.5674536233634047,-3.159921295237765,0.0,,,0.07567408582359968,15.281959631876154,-26.563919263752307,-25.473010172843217,True,sigma_color_stat_mag,True
constant,14,2,0.5674536233634047,-3.13890644420392,0.0,,,0.07627792940477642,15.065883139195316,-26.131766278390632,-25.040857187481542,True,sigma_color_stat_mag,True
constant,14,2,0.5674536233634047,-3.140494824290173,0.0,,,0.1019605492067025,11.451293749481787,-18.902587498963573,-17.811678408054483,True,sigma_color_stat_mag,True
constant,14,2,0.5674536233634047,-3.1741443347555025,0.0,,,0.08000300469609468,14.505235803214626,-25.010471606429252,-23.919562515520163,True,sigma_color_stat_mag,True
constant,14,2,0.5674536233634047,-3.1650516310412895,0.0,,,0.08013988948698107,14.536548912823044,-25.073097825646087,-23.982188734736997,True,sigma_color_stat_mag,True
constant,14,2,0.5674536233634047,-3.1881448255526466,0.0,,,0.07179138853471274,15.724878649137795,-27.44975729827559,-26.3588482073665,True,sigma_color_stat_mag,True
constant,14,2,0.5674536233634047,-3.19247644115664,0.0,,,0.06889507563177182,16.170597460278923,-28.341194920557847,-27.250285829648757,True,sigma_color_stat_mag,True
constant,14,2,0.5674536233634047,-3.1958244337467803,0.0,,,0.0751059549036434,15.252029849764583,-26.504059699529165,-25.413150608620075,True,sigma_color_stat_mag,True
constant,14,2,0.5674536233634047,-3.194627638385035,0.0,,,0.07962642987345572,14.597870017139948,-25.195740034279897,-24.104830943370807,True,sigma_color_stat_mag,True
constant,14,2,0.5674536233634047,-3.163749840434532,0.0,,,0.0662800796636372,16.728437176189004,-29.45687435237801,-28.36596526146892,True,sigma_color_stat_mag,True
constant,14,2,0.5674536233634047,-3.1538364172546434,0.0,,,0.07502972304811581,15.213089096135763,-26.426178192271525,-25.335269101362435,True,sigma_color_stat_mag,True
constant,14,2,0.5674536233634047,-3.2124574105798795,0.0,,,0.07255421387953594,15.598830393402178,-27.197660786804356,-26.106751695895266,True,sigma_color_stat_mag,True
constant,14,2,0.5674536233634047,-3.2005864076613832,0.0,,,0.09108040505192667,12.952064880609889,-21.904129761219778,-20.813220670310688,True,sigma_color_stat_mag,True
constant,14,2,0.5674536233634047,-3.1588003711397383,0.0,,,0.07674004134790594,15.066260195208542,-26.132520390417085,-25.041611299507995,True,sigma_color_stat_mag,True
constant,14,2,0.5674536233634047,-3.2014230663774055,0.0,,,0.07827385723512378,14.749267231491396,-25.498534462982793,-24.407625372073703,True,sigma_color_stat_mag,True
constant,14,2,0.5674536233634047,-3.1543652423725073,0.0,,,0.08851207510047103,13.22767329663132,-22.45534659326264,-21.36443750235355,True,sigma_color_stat_mag,True
constant,14,2,0.5674536233634047,-3.177957227795632,0.0,,,0.07406853278308977,15.433748386972837,-26.867496773945675,-25.776587683036585,True,sigma_color_stat_mag,True
constant,14,2,0.5674536233634047,-3.167271036448401,0.0,,,0.11629170442822999,9.76437670169399,-15.52875340338798,-14.43784431247889,True,sigma_color_stat_mag,True
constant,14,2,0.5674536233634047,-3.13656604603529,0.0,,,0.06096255634725579,17.697873078665232,-31.395746157330464,-30.304837066421374,True,sigma_color_stat_mag,True
constant,14,2,0.5674536233634047,-3.189266207365334,0.0,,,0.09021494023217486,13.03099190238096,-22.06198380476192,-20.97107471385283,True,sigma_color_stat_mag,True
constant,14,2,0.5674536233634047,-3.131614177592561,0.0,,,0.06562899669399336,16.851004304001776,-29.702008608003553,-28.611099517094463,True,sigma_color_stat_mag,True
constant,14,2,0.5674536233634047,-3.138763610580102,0.0,,,0.049259599112558235,19.765061083312794,-35.53012216662559,-34.439213075716495,True,sigma_color_stat_mag,True
constant,14,2,0.5674536233634047,-3.1591792749531438,0.0,,,0.08961848915884775,13.105242970448897,-22.210485940897794,-21.119576849988704,True,sigma_color_stat_mag,True
constant,14,2,0.5674536233634047,-3.163717849961189,0.0,,,0.07112638163456306,15.915947325408936,-27.831894650817873,-26.740985559908783,True,sigma_color_stat_mag,True
constant,14,2,0.5674536233634047,-3.1603018715606304,0.0,,,0.09300894641597378,12.625160593627129,-21.250321187254258,-20.159412096345168,True,sigma_color_stat_mag,True
constant,14,2,0.5674536233634047,-3.162637868190231,0.0,,,0.06806224023700101,16.552648045205316,-29.105296090410633,-28.014386999501543,True,sigma_color_stat_mag,True
constant,14,2,0.5674536233634047,-3.1636161901791273,0.0,,,0.06504890788808323,17.042126566379917,-30.084253132759834,-28.993344041850744,True,sigma_color_stat_mag,True
constant,14,2,0.5674536233634047,-3.1524195402699733,0.0,,,0.06497249016369593,17.059700521580798,-30.119401043161595,-29.028491952252505,True,sigma_color_stat_mag,True
constant,14,2,0.5674536233634047,-3.1543141111025044,0.0,,,0.0993169708335994,11.841372422028709,-19.682744844057417,-18.591835753148327,True,sigma_color_stat_mag,True
constant,14,2,0.5674536233634047,-3.1843178686816356,0.0,,,0.04713903958699865,20.49357503217943,-36.98715006435886,-35.896240973449764,True,sigma_color_stat_mag,True
constant,14,2,0.5674536233634047,-3.1854336307404116,0.0,,,0.09844986417969047,11.903657346357065,-19.80731469271413,-18.71640560180504,True,sigma_color_stat_mag,True
constant,14,2,0.5674536233634047,-3.178595601302096,0.0,,,0.07170582094410957,15.793278445380675,-27.58655689076135,-26.49564779985226,True,sigma_color_stat_mag,True
constant,14,2,0.5674536233634047,-3.185925799919634,0.0,,,0.09220824118618579,12.758758254180904,-21.51751650836181,-20.42660741745272,True,sigma_color_stat_mag,True
constant,14,2,0.5674536233634047,-3.1875547473516903,0.0,,,0.07297806462293221,15.646155932846554,-27.292311865693108,-26.201402774784018,True,sigma_color_stat_mag,True
constant,14,2,0.5674536233634047,-3.1662126012205984,0.0,,,0.07833958952224679,14.746632790686055,-25.49326558137211,-24.40235649046302,True,sigma_color_stat_mag,True
constant,14,2,0.5674536233634047,-3.2252397862371787,0.0,,,0.05352021440079897,19.188736300594726,-34.37747260118945,-33.28656351028036,True,sigma_color_stat_mag,True
constant,14,2,0.5674536233634047,-3.199865478352636,0.0,,,0.0780162420420046,14.873399659131406,-25.746799318262813,-24.655890227353723,True,sigma_color_stat_mag,True
constant,14,2,0.5674536233634047,-3.1957617266156717,0.0,,,0.062253877565930586,17.406760234296062,-30.813520468592124,-29.722611377683034,True,sigma_color_stat_mag,True
constant,14,2,0.5674536233634047,-3.1580980685069084,0.0,,,0.0876959481328839,13.42719002701689,-22.85438005403378,-21.76347096312469,True,sigma_color_stat_mag,True
constant,14,2,0.5674536233634047,-3.1969740808772595,0.0,,,0.09493847221249821,12.426299555936463,-20.852599111872927,-19.761690020963837,True,sigma_color_stat_mag,True
constant,14,2,0.5674536233634047,-3.158436739608406,0.0,,,0.09478555885863031,12.429718603649865,-20.85943720729973,-19.76852811639064,True,sigma_color_stat_mag,True
constant,14,2,0.5674536233634047,-3.1804667036659837,0.0,,,0.0828306171597302,14.07194844827506,-24.14389689655012,-23.05298780564103,True,sigma_color_stat_mag,True
constant,14,2,0.5674536233634047,-3.192478532983617,0.0,,,0.09591004779769678,12.234943428420515,-20.46988685684103,-19.37897776593194,True,sigma_color_stat_mag,True
constant,14,2,0.5674536233634047,-3.1874320448560023,0.0,,,0.07395567994261257,15.467548825715163,-26.935097651430326,-25.844188560521236,True,sigma_color_stat_mag,True
constant,14,2,0.5674536233634047,-3.221716917164731,0.0,,,0.05823072398968656,18.04656098496248,-32.09312196992496,-31.002212879015868,True,sigma_color_stat_mag,True
constant,14,2,0.5674536233634047,-3.1534863106224353,0.0,,,0.07405187838935653,15.460393774104299,-26.920787548208597,-25.829878457299507,True,sigma_color_stat_mag,True
constant,14,2,0.5674536233634047,-3.15141477629125,0.0,,,0.09300894720269694,12.692536929725911,-21.385073859451822,-20.294164768542732,True,sigma_color_stat_mag,True
constant,14,2,0.5674536233634047,-3.1777220956702847,0.0,,,0.08687088844742784,13.525009176454905,-23.05001835290981,-21.95910926200072,True,sigma_color_stat_mag,True
constant,14,2,0.5674536233634047,-3.175656462239837,0.0,,,0.08411027262339031,13.945313060360174,-23.89062612072035,-22.79971702981126,True,sigma_color_stat_mag,True
constant,14,2,0.5674536233634047,-3.1896685769908633,0.0,,,0.08170415800433971,14.250715881809716,-24.501431763619433,-23.410522672710343,True,sigma_color_stat_mag,True
constant,14,2,0.5674536233634047,-3.163710619707115,0.0,,,0.06959495550917934,16.10268233244984,-28.205364664899683,-27.114455573990593,True,sigma_color_stat_mag,True
constant,14,2,0.5674536233634047,-3.1403768611556866,0.0,,,0.060694140927032104,17.7338153339589,-31.467630667917803,-30.376721577008713,True,sigma_color_stat_mag,True
constant,14,2,0.5674536233634047,-3.1587880591663304,0.0,,,0.08345130700731082,13.93669643348663,-23.87339286697326,-22.78248377606417,True,sigma_color_stat_mag,True
constant,14,2,0.5674536233634047,-3.1629078806908346,0.0,,,0.09098454930101847,12.880132626728853,-21.760265253457707,-20.669356162548617,True,sigma_color_stat_mag,True
constant,14,2,0.5674536233634047,-3.1395744712331783,0.0,,,0.09240837343896659,12.725274671129329,-21.450549342258658,-20.359640251349568,True,sigma_color_stat_mag,True
constant,14,2,0.5674536233634047,-3.1813576148427978,0.0,,,0.09787442154147007,11.969758158524773,-19.939516317049545,-18.848607226140455,True,sigma_color_stat_mag,True
constant,14,2,0.5674536233634047,-3.162739920358671,0.0,,,0.08041660435480633,14.53870627752385,-25.0774125550477,-23.98650346413861,True,sigma_color_stat_mag,True
constant,14,2,0.5674536233634047,-3.1889794683858512,0.0,,,0.09433448043141762,12.43641479846633,-20.87282959693266,-19.78192050602357,True,sigma_color_stat_mag,True
constant,14,2,0.5674536233634047,-3.1771157865146464,0.0,,,0.07430257424113441,15.472125474816405,-26.94425094963281,-25.85334185872372,True,sigma_color_stat_mag,True
constant,14,2,0.5674536233634047,-3.177611344291703,0.0,,,0.08591230967150029,13.59749409652728,-23.19498819305456,-22.10407910214547,True,sigma_color_stat_mag,True
constant,14,2,0.5674536233634047,-3.157705075400657,0.0,,,0.09793557401084464,11.988657741818088,-19.977315483636175,-18.886406392727086,True,sigma_color_stat_mag,True
constant,14,2,0.5674536233634047,-3.2058732708693864,0.0,,,0.07911403997188113,14.598738793115714,-25.19747758623143,-24.10656849532234,True,sigma_color_stat_mag,True
constant,14,2,0.5674536233634047,-3.1510729670423485,0.0,,,0.08516745301245159,13.78118086698508,-23.56236173397016,-22.47145264306107,True,sigma_color_stat_mag,True
constant,14,2,0.5674536233634047,-3.198332237831266,0.0,,,0.08852677176068212,13.274350275109263,-22.548700550218527,-21.457791459309437,True,sigma_color_stat_mag,True
constant,14,2,0.5674536233634047,-3.1516057865948643,0.0,,,0.09086396128783765,12.903993209872292,-21.807986419744584,-20.717077328835494,True,sigma_color_stat_mag,True
constant,14,2,0.5674536233634047,-3.171834362000234,0.0,,,0.0905480355549249,13.01288838908839,-22.02577677817678,-20.93486768726769,True,sigma_color_stat_mag,True
constant,14,2,0.5674536233634047,-3.1690834655207705,0.0,,,0.0872341789983394,13.453184707942144,-22.90636941588429,-21.8154603249752,True,sigma_color_stat_mag,True
constant,14,2,0.5674536233634047,-3.1674690994500176,0.0,,,0.08170277957303748,14.303115198963248,-24.606230397926495,-23.515321307017405,True,sigma_color_stat_mag,True
constant,14,2,0.5674536233634047,-3.1954405218868565,0.0,,,0.1054080652856791,11.063204325064131,-18.126408650128262,-17.035499559219172,True,sigma_color_stat_mag,True
constant,14,2,0.5674536233634047,-3.1713621296852077,0.0,,,0.08087170014347626,14.419240837149246,-24.838481674298492,-23.747572583389402,True,sigma_color_stat_mag,True
constant,14,2,0.5674536233634047,-3.1634486448309973,0.0,,,0.07495577207918384,15.28637164053926,-26.57274328107852,-25.48183419016943,True,sigma_color_stat_mag,True
constant,14,2,0.5674536233634047,-3.19087615274835,0.0,,,0.09567127619096187,12.29970819647951,-20.59941639295902,-19.50850730204993,True,sigma_color_stat_mag,True
constant,14,2,0.5674536233634047,-3.1713932803445664,0.0,,,0.07127401719558092,15.960257088812526,-27.92051417762505,-26.82960508671596,True,sigma_color_stat_mag,True
constant,14,2,0.5674536233634047,-3.19681015197204,0.0,,,0.0746712430897492,15.378466097633,-26.756932195266,-25.66602310435691,True,sigma_color_stat_mag,True
constant,14,2,0.5674536233634047,-3.193836601027773,0.0,,,0.07059051175017925,15.935919536189184,-27.871839072378368,-26.780929981469278,True,sigma_color_stat_mag,True
constant,14,2,0.5674536233634047,-3.18289027165996,0.0,,,0.09984520443025936,11.713264213239539,-19.426528426479077,-18.335619335569987,True,sigma_color_stat_mag,True
constant,14,2,0.5674536233634047,-3.2210736827945676,0.0,,,0.0770921750600944,14.933997685150862,-25.867995370301724,-24.777086279392634,True,sigma_color_stat_mag,True
constant,14,2,0.5674536233634047,-3.132481202616813,0.0,,,0.09232358525979753,12.740406284038265,-21.48081256807653,-20.38990347716744,True,sigma_color_stat_mag,True
constant,14,2,0.5674536233634047,-3.1557134628250547,0.0,,,0.06943126227625791,16.176527566663804,-28.353055133327608,-27.262146042418518,True,sigma_color_stat_mag,True
constant,14,2,0.5674536233634047,-3.145500198224519,0.0,,,0.0881863374737328,13.34317652615545,-22.6863530523109,-21.59544396140181,True,sigma_color_stat_mag,True
constant,14,2,0.5674536233634047,-3.1721139376579206,0.0,,,0.08926825332980406,13.180094822626714,-22.360189645253428,-21.269280554344338,True,sigma_color_stat_mag,True
constant,14,2,0.5674536233634047,-3.204902922633235,0.0,,,0.05011932869304752,19.797695756128547,-35.595391512257095,-34.504482421348,True,sigma_color_stat_mag,True
constant,14,2,0.5674536233634047,-3.175481811065179,0.0,,,0.07789081281929812,14.888440595533083,-25.776881191066167,-24.685972100157077,True,sigma_color_stat_mag,True
constant,14,2,0.5674536233634047,-3.1986994046157466,0.0,,,0.06251566427686911,17.235407182709125,-30.47081436541825,-29.37990527450916,True,sigma_color_stat_mag,True
constant,14,2,0.5674536233634047,-3.1562934615466034,0.0,,,0.09552070771380457,12.31270685709104,-20.62541371418208,-19.53450462327299,True,sigma_color_stat_mag,True
constant,14,2,0.5674536233634047,-3.1713745842336576,0.0,,,0.08200635420507893,14.134462030710566,-24.26892406142113,-23.17801497051204,True,sigma_color_stat_mag,True
constant,14,2,0.5674536233634047,-3.182910688680935,0.0,,,0.05936248680648343,17.86798704247487,-31.73597408494974,-30.64506499404065,True,sigma_color_stat_mag,True
constant,14,2,0.5674536233634047,-3.1974110097043136,0.0,,,0.05653253032167099,18.470599613281852,-32.941199226563704,-31.850290135654614,True,sigma_color_stat_mag,True
constant,14,2,0.5674536233634047,-3.1593386290729626,0.0,,,0.057967540403795516,18.35822139862607,-32.71644279725214,-31.625533706343052,True,sigma_color_stat_mag,True
constant,14,2,0.5674536233634047,-3.201153732125065,0.0,,,0.06948860919139463,16.100953684748212,-28.201907369496425,-27.110998278587335,True,sigma_color_stat_mag,True
constant,14,2,0.5674536233634047,-3.1806597447048,0.0,,,0.09260096409751076,12.714061006779044,-21.428122013558088,-20.337212922648998,True,sigma_color_stat_mag,True
constant,14,2,0.5674536233634047,-3.153714629578866,0.0,,,0.07872734891331243,14.710530860357679,-25.421061720715358,-24.330152629806268,True,sigma_color_stat_mag,True
constant,14,2,0.5674536233634047,-3.171584146387938,0.0,,,0.09219564114610596,12.764090334974677,-21.528180669949354,-20.437271579040264,True,sigma_color_stat_mag,True
constant,14,2,0.5674536233634047,-3.1823260526106103,0.0,,,0.09227945387934726,12.775271460030227,-21.550542920060455,-20.459633829151365,True,sigma_color_stat_mag,True
constant,14,2,0.5674536233634047,-3.1770111713146885,0.0,,,0.06491460794173966,16.837335919862642,-29.674671839725285,-28.583762748816195,True,sigma_color_stat_mag,True
constant,14,2,0.5674536233634047,-3.1393756001266024,0.0,,,0.0974150750220467,12.065411844717229,-20.130823689434457,-19.039914598525367,True,sigma_color_stat_mag,True
constant,14,2,0.5674536233634047,-3.187379389396685,0.0,,,0.0642185990503068,17.13644267332438,-30.272885346648764,-29.181976255739674,True,sigma_color_stat_mag,True
constant,14,2,0.5674536233634047,-3.1676569911692836,0.0,,,0.0850614400663408,13.78630597280911,-23.57261194561822,-22.48170285470913,True,sigma_color_stat_mag,True
constant,14,2,0.5674536233634047,-3.1606475918982015,0.0,,,0.10269933763065399,11.372667206558917,-18.745334413117835,-17.654425322208745,True,sigma_color_stat_mag,True
constant,14,2,0.5674536233634047,-3.203434740916252,0.0,,,0.07887148368176036,14.671743070667489,-25.343486141334978,-24.252577050425888,True,sigma_color_stat_mag,True
constant,14,2,0.5674536233634047,-3.1938238222951125,0.0,,,0.057436651560896,18.19518340987416,-32.39036681974832,-31.299457728839233,True,sigma_color_stat_mag,True
constant,14,2,0.5674536233634047,-3.138413881298988,0.0,,,0.08316111766296241,13.944444419749777,-23.888888839499554,-22.797979748590464,True,sigma_color_stat_mag,True
constant,14,2,0.5674536233634047,-3.119005667872787,0.0,,,0.07177061718415607,15.711740474942047,-27.423480949884095,-26.332571858975005,True,sigma_color_stat_mag,True
constant,14,2,0.5674536233634047,-3.1668829089642667,0.0,,,0.08631480274192341,13.567410779768693,-23.134821559537386,-22.043912468628296,True,sigma_color_stat_mag,True
constant,14,2,0.5674536233634047,-3.2044657852757865,0.0,,,0.08653440411123173,13.501127945399071,-23.002255890798143,-21.911346799889053,True,sigma_color_stat_mag,True
constant,14,2,0.5674536233634047,-3.162708913077394,0.0,,,0.07386823654760792,15.53313754882457,-27.06627509764914,-25.97536600674005,True,sigma_color_stat_mag,True
constant,14,2,0.5674536233634047,-3.1696201108678186,0.0,,,0.09803606256783538,11.978531023114764,-19.957062046229527,-18.866152955320437,True,sigma_color_stat_mag,True
constant,14,2,0.5674536233634047,-3.173931588639667,0.0,,,0.06258276959809453,17.408661993825064,-30.817323987650127,-29.726414896741037,True,sigma_color_stat_mag,True
constant,14,2,0.5674536233634047,-3.19000382100695,0.0,,,0.0814378056462213,14.271190505444178,-24.542381010888356,-23.451471919979266,True,sigma_color_stat_mag,True
constant,14,2,0.5674536233634047,-3.2130164995767525,0.0,,,0.05709047369194744,18.395617049013907,-32.791234098027815,-31.700325007118725,True,sigma_color_stat_mag,True
constant,14,2,0.5674536233634047,-3.1669183556597904,0.0,,,0.08236317412965453,14.19235866789753,-24.38471733579506,-23.29380824488597,True,sigma_color_stat_mag,True
constant,14,2,0.5674536233634047,-3.189574818833704,0.0,,,0.08856601855635993,13.301751235609256,-22.603502471218512,-21.512593380309422,True,sigma_color_stat_mag,True
constant,14,2,0.5674536233634047,-3.163949384970103,0.0,,,0.09644588358035458,12.189678636468003,-20.379357272936005,-19.288448182026915,True,sigma_color_stat_mag,True
constant,14,2,0.5674536233634047,-3.1753828357025613,0.0,,,0.08297742567179764,14.067523752723826,-24.135047505447652,-23.044138414538562,True,sigma_color_stat_mag,True
constant,14,2,0.5674536233634047,-3.2014301736434363,0.0,,,0.09186331313204088,12.8692456124939,-21.7384912249878,-20.64758213407871,True,sigma_color_stat_mag,True
constant,14,2,0.5674536233634047,-3.195697019302291,0.0,,,0.10330453847330692,11.320758403712777,-18.641516807425553,-17.550607716516463,True,sigma_color_stat_mag,True
constant,14,2,0.5674536233634047,-3.1910976440263985,0.0,,,0.09467693565636806,12.42283722575447,-20.84567445150894,-19.75476536059985,True,sigma_color_stat_mag,True
constant,14,2,0.5674536233634047,-3.1573217412746803,0.0,,,0.10134895590234892,11.541687155511626,-19.083374311023253,-17.992465220114163,True,sigma_color_stat_mag,True
constant,14,2,0.5674536233634047,-3.168347744401944,0.0,,,0.07717000166511367,14.940946859253415,-25.88189371850683,-24.79098462759774,True,sigma_color_stat_mag,True
constant,14,2,0.5674536233634047,-3.1649368497104886,0.0,,,0.09856756918553272,11.924821070394398,-19.849642140788795,-18.758733049879705,True,sigma_color_stat_mag,True
constant,14,2,0.5674536233634047,-3.2245072039348734,0.0,,,0.07228356986971579,15.835592695094329,-27.671185390188658,-26.580276299279568,True,sigma_color_stat_mag,True
constant,14,2,0.5674536233634047,-3.1535225455692517,0.0,,,0.05783009746105952,18.27343779717048,-32.54687559434096,-31.45596650343187,True,sigma_color_stat_mag,True
constant,14,2,0.5674536233634047,-3.171689344526413,0.0,,,0.08939843331138499,13.139899696225001,-22.279799392450002,-21.188890301540912,True,sigma_color_stat_mag,True
constant,14,2,0.5674536233634047,-3.1903157923704946,0.0,,,0.07572906549956279,15.195299810740043,-26.390599621480085,-25.299690530570995,True,sigma_color_stat_mag,True
constant,14,2,0.5674536233634047,-3.1934125726121856,0.0,,,0.06794565354395347,16.515544338121057,-29.031088676242113,-27.940179585333023,True,sigma_color_stat_mag,True
constant,14,2,0.5674536233634047,-3.160653943364977,0.0,,,0.06289863038430268,17.289142889337256,-30.578285778674513,-29.487376687765423,True,sigma_color_stat_mag,True
constant,14,2,0.5674536233634047,-3.1520241517233183,0.0,,,0.08247984786260917,14.17001282047446,-24.34002564094892,-23.24911655003983,True,sigma_color_stat_mag,True
constant,14,2,0.5674536233634047,-3.1832884103910564,0.0,,,0.0769344788040094,15.033969872079275,-26.06793974415855,-24.97703065324946,True,sigma_color_stat_mag,True
constant,14,2,0.5674536233634047,-3.164566269302395,0.0,,,0.08185060548404312,14.331080298481849,-24.662160596963698,-23.571251506054608,True,sigma_color_stat_mag,True
constant,14,2,0.5674536233634047,-3.1845317805504902,0.0,,,0.07791427423319285,14.834009691827173,-25.668019383654347,-24.577110292745257,True,sigma_color_stat_mag,True
constant,14,2,0.5674536233634047,-3.1434781388136006,0.0,,,0.0593258836380713,18.03753988777165,-32.0750797755433,-30.98417068463421,True,sigma_color_stat_mag,True
constant,14,2,0.5674536233634047,-3.2002752211565686,0.0,,,0.08315822422857673,14.032930071057402,-24.065860142114804,-22.974951051205714,True,sigma_color_stat_mag,True
constant,14,2,0.5674536233634047,-3.1601203605031363,0.0,,,0.059214934315388386,17.918631656803466,-31.837263313606933,-30.746354222697843,True,sigma_color_stat_mag,True
constant,14,2,0.5674536233634047,-3.176540797172714,0.0,,,0.10349199464373782,11.315685272452708,-18.631370544905415,-17.540461453996326,True,sigma_color_stat_mag,True
constant,14,2,0.5674536233634047,-3.1615806862376292,0.0,,,0.06845649739253441,16.257781782856352,-28.515563565712704,-27.424654474803614,True,sigma_color_stat_mag,True
constant,14,2,0.5674536233634047,-3.092825455312896,0.0,,,0.055965180813288065,18.150167324851704,-32.30033464970341,-31.20942555879432,True,sigma_color_stat_mag,True
constant,14,2,0.5674536233634047,-3.144743991592079,0.0,,,0.08065585852884098,14.383080887841336,-24.766161775682672,-23.675252684773582,True,sigma_color_stat_mag,True
constant,14,2,0.5674536233634047,-3.165949651898113,0.0,,,0.08649660886686156,13.597988551735604,-23.195977103471208,-22.105068012562118,True,sigma_color_stat_mag,True
constant,14,2,0.5674536233634047,-3.139290694838524,0.0,,,0.0799776769447473,14.485721284142233,-24.971442568284466,-23.880533477375376,True,sigma_color_stat_mag,True
constant,14,2,0.5674536233634047,-3.2036065076116147,0.0,,,0.09282322160751322,12.641368591977342,-21.282737183954684,-20.191828093045594,True,sigma_color_stat_mag,True
constant,14,2,0.5674536233634047,-3.1816485159475048,0.0,,,0.09461534096743685,12.436562776872492,-20.873125553744984,-19.782216462835894,True,sigma_color_stat_mag,True
constant,14,2,0.5674536233634047,-3.1954555261481894,0.0,,,0.0811548599329593,14.363715829286866,-24.72743165857373,-23.63652256766464,True,sigma_color_stat_mag,True
constant,14,2,0.5674536233634047,-3.1491321042677365,0.0,,,0.08145064989109078,14.241826097375032,-24.483652194750064,-23.392743103840974,True,sigma_color_stat_mag,True
constant,14,2,0.5674536233634047,-3.119208180680449,0.0,,,0.06544791109715634,16.78975620566928,-29.579512411338563,-28.488603320429473,True,sigma_color_stat_mag,True
constant,14,2,0.5674536233634047,-3.1426976349466043,0.0,,,0.06275634196979277,17.378422454736402,-30.756844909472804,-29.665935818563714,True,sigma_color_stat_mag,True
constant,14,2,0.5674536233634047,-3.1535933817228536,0.0,,,0.07913152593920852,14.60614327076029,-25.21228654152058,-24.12137745061149,True,sigma_color_stat_mag,True
constant,14,2,0.5674536233634047,-3.1412907607807528,0.0,,,0.0818651060965687,14.31471735044132,-24.62943470088264,-23.53852560997355,True,sigma_color_stat_mag,True
constant,14,2,0.5674536233634047,-3.2183565846836357,0.0,,,0.07343070013556126,15.471188204662864,-26.94237640932573,-25.85146731841664,True,sigma_color_stat_mag,True
constant,14,2,0.5674536233634047,-3.1603019566422663,0.0,,,0.08834320903906767,13.271651662809719,-22.543303325619437,-21.452394234710347,True,sigma_color_stat_mag,True
constant,14,2,0.5674536233634047,-3.163616190335852,0.0,,,0.06504890733776658,17.042126566379892,-30.084253132759784,-28.993344041850694,True,sigma_color_stat_mag,True
constant,14,2,0.5674536233634047,-3.1708681420237927,0.0,,,0.07365218340494428,15.471473684539532,-26.942947369079064,-25.852038278169974,True,sigma_color_stat_mag,True
constant,14,2,0.5674536233634047,-3.1818305475927886,0.0,,,0.053032060728907364,19.213452413049207,-34.426904826098415,-33.33599573518932,True,sigma_color_stat_mag,True
constant,14,2,0.5674536233634047,-3.1138724777345526,0.0,,,0.08511145938082301,13.827821256770331,-23.655642513540663,-22.564733422631573,True,sigma_color_stat_mag,True
constant,14,2,0.5674536233634047,-3.1136151182089096,0.0,,,0.07391646632782636,15.508300573786734,-27.016601147573468,-25.925692056664378,True,sigma_color_stat_mag,True
constant,14,2,0.5674536233634047,-3.1442633006740675,0.0,,,0.07707575535013035,14.958377423294015,-25.91675484658803,-24.82584575567894,True,sigma_color_stat_mag,True
constant,14,2,0.5674536233634047,-3.1883948207979365,0.0,,,0.08670596322285552,13.4749456771576,-22.9498913543152,-21.85898226340611,True,sigma_color_stat_mag,True
constant,14,2,0.5674536233634047,-3.159522233401909,0.0,,,0.08203464013392478,14.262491412600662,-24.524982825201324,-23.434073734292234,True,sigma_color_stat_mag,True
constant,14,2,0.5674536233634047,-3.1279849075069612,0.0,,,0.07978425156016172,14.411374958145258,-24.822749916290515,-23.731840825381425,True,sigma_color_stat_mag,True
constant,14,2,0.5674536233634047,-3.162544961232138,0.0,,,0.06599037095588205,16.762444347834876,-29.524888695669752,-28.433979604760662,True,sigma_color_stat_mag,True
constant,14,2,0.5674536233634047,-3.1692337148628096,0.0,,,0.11105958066104253,10.35791073242466,-16.71582146484932,-15.62491237394023,True,sigma_color_stat_mag,True
constant,14,2,0.5674536233634047,-3.127167783020104,0.0,,,0.05802930789846991,18.262306392134203,-32.524612784268406,-31.433703693359316,True,sigma_color_stat_mag,True
constant,14,2,0.5674536233634047,-3.18569225785678,0.0,,,0.08353420810125417,14.032487049613794,-24.064974099227587,-22.974065008318497,True,sigma_color_stat_mag,True
constant,14,2,0.5674536233634047,-3.1774541599181525,0.0,,,0.06918372994604212,16.2778217838217,-28.5556435676434,-27.46473447673431,True,sigma_color_stat_mag,True
constant,14,2,0.5674536233634047,-3.185490240592873,0.0,,,0.0844334500998878,13.831502471150708,-23.663004942301416,-22.572095851392326,True,sigma_color_stat_mag,True
constant,14,2,0.5674536233634047,-3.15553915516743,0.0,,,0.08152326170503864,14.295796075085752,-24.591592150171504,-23.500683059262414,True,sigma_color_stat_mag,True
constant,14,2,0.5674536233634047,-3.163646622092763,0.0,,,0.10384793246204412,11.208657252869386,-18.417314505738773,-17.326405414829683,True,sigma_color_stat_mag,True
constant,14,2,0.5674536233634047,-3.159062096005696,0.0,,,0.08708200338515334,13.502112075909936,-23.004224151819873,-21.913315060910783,True,sigma_color_stat_mag,True
constant,14,2,0.5674536233634047,-3.1176292843806737,0.0,,,0.052803005328791425,19.161923610556784,-34.32384722111357,-33.232938130204474,True,sigma_color_stat_mag,True
constant,14,2,0.5674536233634047,-3.162005511634702,0.0,,,0.0806519670132751,14.381727907760524,-24.76345581552105,-23.67254672461196,True,sigma_color_stat_mag,True
constant,14,2,0.5674536233634047,-3.200351218556245,0.0,,,0.05934400227663351,18.03276507321732,-32.06553014643464,-30.97462105552555,True,sigma_color_stat_mag,True
constant,14,2,0.5674536233634047,-3.182903272676173,0.0,,,0.06653335973515727,16.778225724551362,-29.556451449102724,-28.465542358193634,True,sigma_color_stat_mag,True
constant,14,2,0.5674536233634047,-3.149323716770763,0.0,,,0.09847780978078298,11.906577579539706,-19.81315515907941,-18.72224606817032,True,sigma_color_stat_mag,True
constant,14,2,0.5674536233634047,-3.179965349823899,0.0,,,0.08157842250044393,14.246641199397173,-24.493282398794346,-23.402373307885256,True,sigma_color_stat_mag,True
constant,14,2,0.5674536233634047,-3.1613793123075316,0.0,,,0.0936716275258795,12.553172205713837,-21.106344411427674,-20.015435320518584,True,sigma_color_stat_mag,True
constant,14,2,0.5674536233634047,-3.1772501273705815,0.0,,,0.0924281819765812,12.759855329967099,-21.519710659934198,-20.428801569025108,True,sigma_color_stat_mag,True
constant,14,2,0.5674536233634047,-3.1525203298762023,0.0,,,0.07220078348566207,15.745648594839025,-27.49129718967805,-26.40038809876896,True,sigma_color_stat_mag,True
constant,14,2,0.5674536233634047,-3.1625467148399777,0.0,,,0.09369077291204622,12.541648824392203,-21.083297648784406,-19.992388557875316,True,sigma_color_stat_mag,True
constant,14,2,0.5674536233634047,-3.19849638367991,0.0,,,0.0960559430607839,12.226585016384085,-20.45317003276817,-19.36226094185908,True,sigma_color_stat_mag,True
constant,14,2,0.5674536233634047,-3.2045237126211563,0.0,,,0.07495361939335578,15.257259735944757,-26.514519471889514,-25.423610380980424,True,sigma_color_stat_mag,True
constant,14,2,0.5674536233634047,-3.149890843967499,0.0,,,0.08874660740861887,13.252715355674212,-22.505430711348424,-21.414521620439334,True,sigma_color_stat_mag,True
constant,14,2,0.5674536233634047,-3.1551469634709233,0.0,,,0.07452392289008651,15.318915543099429,-26.637831086198858,-25.546921995289768,True,sigma_color_stat_mag,True
constant,14,2,0.5674536233634047,-3.1939871096299357,0.0,,,0.10764063317677273,10.79225201319782,-17.58450402639564,-16.49359493548655,True,sigma_color_stat_mag,True
constant,14,2,0.5674536233634047,-3.149944720898388,0.0,,,0.062066940668804894,17.413140702448672,-30.826281404897344,-29.735372313988254,True,sigma_color_stat_mag,True
constant,14,2,0.5674536233634047,-3.194361574752875,0.0,,,0.06564716667891096,16.800196805166255,-29.60039361033251,-28.50948451942342,True,sigma_color_stat_mag,True
constant,14,2,0.5674536233634047,-3.2052961621088203,0.0,,,0.07587898921439937,15.20295929104723,-26.40591858209446,-25.31500949118537,True,sigma_color_stat_mag,True
constant,14,2,0.5674536233634047,-3.1716728096493645,0.0,,,0.09412485286415981,12.491822036747985,-20.98364407349597,-19.89273498258688,True,sigma_color_stat_mag,True
constant,14,2,0.5674536233634047,-3.1579195140611387,0.0,,,0.08440439905620946,13.922320599205339,-23.844641198410677,-22.753732107501587,True,sigma_color_stat_mag,True
constant,14,2,0.5674536233634047,-3.2178919382799025,0.0,,,0.07776843393862778,14.80049102783034,-25.60098205566068,-24.51007296475159,True,sigma_color_stat_mag,True
constant,14,2,0.5674536233634047,-3.1542435048417263,0.0,,,0.06781821468699052,16.470547773243567,-28.941095546487134,-27.850186455578044,True,sigma_color_stat_mag,True
constant,14,2,0.5674536233634047,-3.187551683162353,0.0,,,0.0750290392279476,15.33798311740083,-26.67596623480166,-25.58505714389257,True,sigma_color_stat_mag,True
constant,14,2,0.5674536233634047,-3.18373380827774,0.0,,,0.05759294693353458,18.321501991203295,-32.64300398240659,-31.5520948914975,True,sigma_color_stat_mag,True
constant,14,2,0.5674536233634047,-3.1459310281501165,0.0,,,0.07383402094396893,15.404385365993736,-26.808770731987472,-25.717861641078382,True,sigma_color_stat_mag,True
constant,14,2,0.5674536233634047,-3.1902554033476385,0.0,,,0.06703148527880774,16.588662635173236,-29.177325270346472,-28.086416179437382,True,sigma_color_stat_mag,True
constant,14,2,0.5674536233634047,-3.164707414254712,0.0,,,0.08406977134702677,13.888019543137219,-23.776039086274437,-22.685129995365347,True,sigma_color_stat_mag,True
constant,14,2,0.5674536233634047,-3.1915431386278583,0.0,,,0.06993930744071095,16.17117162219001,-28.342343244380018,-27.251434153470928,True,sigma_color_stat_mag,True
constant,14,2,0.5674536233634047,-3.18952742504152,0.0,,,0.07317900780796023,15.590924300472626,-27.18184860094525,-26.09093951003616,True,sigma_color_stat_mag,True
constant,14,2,0.5674536233634047,-3.176241505789138,0.0,,,0.07950125287361905,14.558309231613855,-25.11661846322771,-24.02570937231862,True,sigma_color_stat_mag,True
constant,14,2,0.5674536233634047,-3.184409251908072,0.0,,,0.06105519250294051,17.664602306727236,-31.329204613454472,-30.238295522545382,True,sigma_color_stat_mag,True
constant,14,2,0.5674536233634047,-3.180967593449232,0.0,,,0.09519545993820323,12.353653082909545,-20.70730616581909,-19.61639707491,True,sigma_color_stat_mag,True
constant,14,2,0.5674536233634047,-3.1450050497467834,0.0,,,0.0702472036842199,16.050448641202188,-28.100897282404375,-27.009988191495285,True,sigma_color_stat_mag,True
constant,14,2,0.5674536233634047,-3.196602349394084,0.0,,,0.076350767207932,15.023883774742153,-26.047767549484306,-24.956858458575216,True,sigma_color_stat_mag,True
constant,14,2,0.5674536233634047,-3.173372419358273,0.0,,,0.071744410463,15.913227153063206,-27.82645430612641,-26.73554521521732,True,sigma_color_stat_mag,True
constant,14,2,0.5674536233634047,-3.1674119369554448,0.0,,,0.07357500684359644,15.509217027735119,-27.018434055470237,-25.927524964561147,True,sigma_color_stat_mag,True
constant,14,2,0.5674536233634047,-3.1740841418964854,0.0,,,0.08327838151473384,14.058518235066838,-24.117036470133677,-23.026127379224587,True,sigma_color_stat_mag,True
constant,14,2,0.5674536233634047,-3.193645593114354,0.0,,,0.09316848718534221,12.62306781181388,-21.24613562362776,-20.15522653271867,True,sigma_color_stat_mag,True
constant,14,2,0.5674536233634047,-3.2063371918640935,0.0,,,0.05562868236495595,18.463097291584624,-32.92619458316925,-31.83528549226016,True,sigma_color_stat_mag,True
constant,14,2,0.5674536233634047,-3.1588346828748786,0.0,,,0.08789949385218451,13.371953921267878,-22.743907842535755,-21.652998751626665,True,sigma_color_stat_mag,True
constant,14,2,0.5674536233634047,-3.1159355991028166,0.0,,,0.06274760378669196,17.134711171449332,-30.269422342898665,-29.178513251989575,True,sigma_color_stat_mag,True
constant,14,2,0.5674536233634047,-3.1739508449757348,0.0,,,0.07574103127565911,15.145619113203765,-26.29123822640753,-25.20032913549844,True,sigma_color_stat_mag,True
constant,14,2,0.5674536233634047,-3.1653726564469458,0.0,,,0.06851637410656569,16.289276363246707,-28.578552726493413,-27.487643635584323,True,sigma_color_stat_mag,True
constant,14,2,0.5674536233634047,-3.181285024156473,0.0,,,0.10401939458320428,11.245273644513386,-18.49054728902677,-17.39963819811768,True,sigma_color_stat_mag,True
constant,14,2,0.5674536233634047,-3.1513670980008603,0.0,,,0.09344060703151784,12.554475054598429,-21.108950109196858,-20.018041018287768,True,sigma_color_stat_mag,True
constant,14,2,0.5674536233634047,-3.152908533991859,0.0,,,0.08351621853375187,14.010978908111953,-24.021957816223907,-22.931048725314817,True,sigma_color_stat_mag,True
constant,14,2,0.5674536233634047,-3.189517404028517,0.0,,,0.07103581237294929,16.016012236743496,-28.03202447348699,-26.9411153825779,True,sigma_color_stat_mag,True
constant,14,2,0.5674536233634047,-3.1520512175935327,0.0,,,0.07645904385967212,15.080719335800183,-26.161438671600365,-25.070529580691275,True,sigma_color_stat_mag,True
constant,14,2,0.5674536233634047,-3.1689632219557575,0.0,,,0.09154522093856284,12.84777915208881,-21.69555830417762,-20.60464921326853,True,sigma_color_stat_mag,True
constant,14,2,0.5674536233634047,-3.12951999563097,0.0,,,0.06625554829712708,16.79984119378624,-29.59968238757248,-28.50877329666339,True,sigma_color_stat_mag,True
constant,14,2,0.5674536233634047,-3.1898595303721167,0.0,,,0.0672087834955074,16.46139999988652,-28.92279999977304,-27.83189090886395,True,sigma_color_stat_mag,True
constant,14,2,0.5674536233634047,-3.1665380866302484,0.0,,,0.10079192703631108,11.629469754887072,-19.258939509774144,-18.168030418865055,True,sigma_color_stat_mag,True
constant,14,2,0.5674536233634047,-3.2025722479491656,0.0,,,0.09333014956019815,12.647684607334233,-21.295369214668465,-20.204460123759375,True,sigma_color_stat_mag,True
constant,14,2,0.5674536233634047,-3.1647915915911957,0.0,,,0.08641289377093753,13.608698817581573,-23.217397635163145,-22.126488544254055,True,sigma_color_stat_mag,True
constant,14,2,0.5674536233634047,-3.165727443769715,0.0,,,0.08480655547258194,13.799350497636368,-23.598700995272736,-22.507791904363646,True,sigma_color_stat_mag,True
constant,14,2,0.5674536233634047,-3.1909520857156144,0.0,,,0.08894137627461535,13.204218342111027,-22.408436684222053,-21.317527593312963,True,sigma_color_stat_mag,True
constant,14,2,0.5674536233634047,-3.1948883652772824,0.0,,,0.10044359038265989,11.671136427074291,-19.342272854148582,-18.251363763239492,True,sigma_color_stat_mag,True
constant,14,2,0.5674536233634047,-3.195325948732532,0.0,,,0.07137052984271736,15.842838366947424,-27.685676733894848,-26.594767642985758,True,sigma_color_stat_mag,True
constant,14,2,0.5674536233634047,-3.1476787028746656,0.0,,,0.07552269195817127,15.199763571489843,-26.399527142979686,-25.308618052070596,True,sigma_color_stat_mag,True
constant,14,2,0.5674536233634047,-3.13500722888772,0.0,,,0.07215267285638938,15.761654676531997,-27.523309353063993,-26.432400262154903,True,sigma_color_stat_mag,True
constant,14,2,0.5674536233634047,-3.1491046725660867,0.0,,,0.05594599281508455,18.706747570647263,-33.413495141294526,-32.32258605038543,True,sigma_color_stat_mag,True
constant,14,2,0.5674536233634047,-3.184179337033208,0.0,,,0.07708790520453666,14.969437513783166,-25.938875027566333,-24.847965936657243,True,sigma_color_stat_mag,True
constant,14,2,0.5674536233634047,-3.178810192419205,0.0,,,0.07773122123864452,14.801192130034552,-25.602384260069105,-24.511475169160015,True,sigma_color_stat_mag,True
constant,14,2,0.5674536233634047,-3.201721809060686,0.0,,,0.09791384638668836,11.984651146258452,-19.969302292516904,-18.878393201607814,True,sigma_color_stat_mag,True
constant,14,2,0.5674536233634047,-3.1530385075901584,0.0,,,0.0866457362472817,13.481302068594188,-22.962604137188375,-21.871695046279285,True,sigma_color_stat_mag,True
constant,14,2,0.5674536233634047,-3.1762084673756767,0.0,,,0.05723326113081468,18.422840742416476,-32.84568148483295,-31.75477239392386,True,sigma_color_stat_mag,True
constant,14,2,0.5674536233634047,-3.1565302995430384,0.0,,,0.07879636121247628,14.792901475302642,-25.585802950605284,-24.494893859696194,True,sigma_color_stat_mag,True
constant,14,2,0.5674536233634047,-3.144512996082528,0.0,,,0.07189082432844314,15.732787806844538,-27.465575613689076,-26.374666522779986,True,sigma_color_stat_mag,True
constant,14,2,0.5674536233634047,-3.131123834611566,0.0,,,0.06576350574482387,16.8158416740756,-29.6316833481512,-28.54077425724211,True,sigma_color_stat_mag,True
constant,14,2,0.5674536233634047,-3.136295896069639,0.0,,,0.08786659313144878,13.271883541172079,-22.543767082344157,-21.452857991435067,True,sigma_color_stat_mag,True
constant,14,2,0.5674536233634047,-3.206342479884404,0.0,,,0.08334370500330326,13.998977656666373,-23.997955313332746,-22.907046222423656,True,sigma_color_stat_mag,True
constant,14,2,0.5674536233634047,-3.183606927942426,0.0,,,0.08403161860675891,13.903857107694405,-23.80771421538881,-22.71680512447972,True,sigma_color_stat_mag,True
constant,14,2,0.5674536233634047,-3.1611170354709026,0.0,,,0.07636756647511053,15.101938900775625,-26.20387780155125,-25.11296871064216,True,sigma_color_stat_mag,True
constant,14,2,0.5674536233634047,-3.175797270655113,0.0,,,0.09871635120925366,11.925259870922972,-19.850519741845943,-18.759610650936853,True,sigma_color_stat_mag,True
constant,14,2,0.5674536233634047,-3.1755343108626612,0.0,,,0.09625290403500893,12.209042712342512,-20.418085424685025,-19.327176333775935,True,sigma_color_stat_mag,True
constant,14,2,0.5674536233634047,-3.185849705573545,0.0,,,0.06967070689153845,16.10584698911307,-28.211693978226137,-27.120784887317047,True,sigma_color_stat_mag,True
constant,14,2,0.5674536233634047,-3.1929747121791023,0.0,,,0.08984631832044633,13.052231288460362,-22.104462576920724,-21.013553486011634,True,sigma_color_stat_mag,True
constant,14,2,0.5674536233634047,-3.145813479179528,0.0,,,0.08516454981477659,13.81157577956513,-23.62315155913026,-22.53224246822117,True,sigma_color_stat_mag,True
constant,14,2,0.5674536233634047,-3.173064785142339,0.0,,,0.07356652232595313,15.448749692704181,-26.897499385408363,-25.806590294499273,True,sigma_color_stat_mag,True
constant,14,2,0.5674536233634047,-3.1717012352555813,0.0,,,0.08502317225103574,13.772128513748722,-23.544257027497444,-22.453347936588354,True,sigma_color_stat_mag,True
constant,14,2,0.5674536233634047,-3.134533741585319,0.0,,,0.07828068590597798,14.757456004988606,-25.514912009977213,-24.424002919068123,True,sigma_color_stat_mag,True
constant,14,2,0.5674536233634047,-3.1716650687479953,0.0,,,0.06004254801999512,17.879511032637975,-31.75902206527595,-30.66811297436686,True,sigma_color_stat_mag,True
constant,14,2,0.5674536233634047,-3.133695468697274,0.0,,,0.07286397843006119,15.636652441994768,-27.273304883989535,-26.182395793080445,True,sigma_color_stat_mag,True
constant,14,2,0.5674536233634047,-3.1561775017789797,0.0,,,0.09654550339908095,12.235380733667672,-20.470761467335343,-19.379852376426253,True,sigma_color_stat_mag,True
constant,14,2,0.5674536233634047,-3.2152086761573604,0.0,,,0.07094824786626348,15.842387366761457,-27.684774733522914,-26.593865642613824,True,sigma_color_stat_mag,True
constant,14,2,0.5674536233634047,-3.165031789643399,0.0,,,0.07232318200526727,15.703298267581111,-27.406596535162222,-26.315687444253133,True,sigma_color_stat_mag,True
constant,14,2,0.5674536233634047,-3.169680130550308,0.0,,,0.06605505777735193,16.81133319031934,-29.622666380638677,-28.531757289729587,True,sigma_color_stat_mag,True
constant,14,2,0.5674536233634047,-3.182771150236909,0.0,,,0.09253821657923117,12.73009657754201,-21.46019315508402,-20.36928406417493,True,sigma_color_stat_mag,True
constant,14,2,0.5674536233634047,-3.206876916294027,0.0,,,0.09006271426789837,13.08995504106965,-22.1799100821393,-21.08900099123021,True,sigma_color_stat_mag,True
constant,14,2,0.5674536233634047,-3.163901305343796,0.0,,,0.082645644560486,14.136089673892341,-24.272179347784682,-23.181270256875592,True,sigma_color_stat_mag,True
constant,14,2,0.5674536233634047,-3.1986398227473285,0.0,,,0.09504617939523638,12.401118621130708,-20.802237242261416,-19.711328151352326,True,sigma_color_stat_mag,True
constant,14,2,0.5674536233634047,-3.1871076503468503,0.0,,,0.11392069084378596,10.06592310693504,-16.13184621387008,-15.04093712296099,True,sigma_color_stat_mag,True
constant,14,2,0.5674536233634047,-3.2213714526778934,0.0,,,0.06659230825142325,16.698531061694297,-29.397062123388594,-28.306153032479504,True,sigma_color_stat_mag,True
constant,14,2,0.5674536233634047,-3.181256754246245,0.0,,,0.06187173032707535,17.46264761618981,-30.925295232379618,-29.834386141470528,True,sigma_color_stat_mag,True
constant,14,2,0.5674536233634047,-3.1322972593134812,0.0,,,0.08248686192483876,14.156787088438778,-24.313574176877555,-23.222665085968465,True,sigma_color_stat_mag,True
constant,14,2,0.5674536233634047,-3.181997489075022,0.0,,,0.09945556944725997,11.800230194777104,-19.600460389554208,-18.509551298645118,True,sigma_color_stat_mag,True
constant,14,2,0.5674536233634047,-3.1235215575647453,0.0,,,0.06764747491830596,16.546760799302135,-29.09352159860427,-28.00261250769518,True,sigma_color_stat_mag,True
constant,14,2,0.5674536233634047,-3.1770184053613457,0.0,,,0.07776809898646819,14.898406324007517,-25.796812648015035,-24.705903557105945,True,sigma_color_stat_mag,True
constant,14,2,0.5674536233634047,-3.1508608653602486,0.0,,,0.07386524377173548,15.523979685540443,-27.047959371080886,-25.957050280171796,True,sigma_color_stat_mag,True
constant,14,2,0.5674536233634047,-3.139848474049544,0.0,,,0.08616410259878111,13.627582887660635,-23.25516577532127,-22.16425668441218,True,sigma_color_stat_mag,True
constant,14,2,0.5674536233634047,-3.1902833265193493,0.0,,,0.11005922169168716,10.494923601840483,-16.989847203680966,-15.898938112771877,True,sigma_color_stat_mag,True
constant,14,2,0.5674536233634047,-3.1806516139093417,0.0,,,0.08494695535510917,13.820330620930498,-23.640661241860997,-22.549752150951907,True,sigma_color_stat_mag,True
constant,14,2,0.5674536233634047,-3.180418848975527,0.0,,,0.08154995416441563,14.274159564422366,-24.54831912884473,-23.45741003793564,True,sigma_color_stat_mag,True
constant,14,2,0.5674536233634047,-3.1805665455225482,0.0,,,0.05698701139580724,18.339388883236502,-32.678777766473004,-31.587868675563914,True,sigma_color_stat_mag,True
constant,14,2,0.5674536233634047,-3.166383943663024,0.0,,,0.08105627929359044,14.37913618679613,-24.75827237359226,-23.66736328268317,True,sigma_color_stat_mag,True
constant,14,2,0.5674536233634047,-3.1443257919533716,0.0,,,0.08316111623398523,14.062450777063804,-24.124901554127607,-23.033992463218517,True,sigma_color_stat_mag,True
constant,14,2,0.5674536233634047,-3.164507161462912,0.0,,,0.08465116979096497,13.7983934670599,-23.5967869341198,-22.505877843210712,True,sigma_color_stat_mag,True
constant,14,2,0.5674536233634047,-3.1559474638927845,0.0,,,0.08525149635678779,13.758863109108484,-23.517726218216968,-22.426817127307878,True,sigma_color_stat_mag,True
constant,14,2,0.5674536233634047,-3.1631331522162567,0.0,,,0.08201343643495748,14.20126292805778,-24.40252585611556,-23.31161676520647,True,sigma_color_stat_mag,True
constant,14,2,0.5674536233634047,-3.219991580333123,0.0,,,0.06445888421631993,16.716942019088606,-29.43388403817721,-28.34297494726812,True,sigma_color_stat_mag,True
constant,14,2,0.5674536233634047,-3.163857140112555,0.0,,,0.07985279960163197,14.542808151440271,-25.085616302880542,-23.994707211971452,True,sigma_color_stat_mag,True
constant,14,2,0.5674536233634047,-3.175700550090178,0.0,,,0.08513616998151481,13.753554201987829,-23.507108403975657,-22.416199313066567,True,sigma_color_stat_mag,True
constant,14,2,0.5674536233634047,-3.1584805325168515,0.0,,,0.07463195207860396,15.442604606512884,-26.885209213025767,-25.794300122116677,True,sigma_color_stat_mag,True
constant,14,2,0.5674536233634047,-3.1880007983533245,0.0,,,0.07727952696073781,14.88610897914721,-25.77221795829442,-24.68130886738533,True,sigma_color_stat_mag,True
constant,14,2,0.5674536233634047,-3.190568946676245,0.0,,,0.08645288830016408,13.540618990594146,-23.08123798118829,-21.9903288902792,True,sigma_color_stat_mag,True
constant,14,2,0.5674536233634047,-3.1543925948063025,0.0,,,0.06998063082020264,16.065346021224425,-28.13069204244885,-27.03978295153976,True,sigma_color_stat_mag,True
constant,14,2,0.5674536233634047,-3.203463349805456,0.0,,,0.09451823945836192,12.435290044934803,-20.870580089869605,-19.779670998960516,True,sigma_color_stat_mag,True
constant,14,2,0.5674536233634047,-3.1933966385840886,0.0,,,0.08753987537103948,13.373603441223597,-22.747206882447195,-21.656297791538105,True,sigma_color_stat_mag,True
constant,14,2,0.5674536233634047,-3.2036858352178905,0.0,,,0.08174123535783925,14.247990383490926,-24.49598076698185,-23.40507167607276,True,sigma_color_stat_mag,True
constant,14,2,0.5674536233634047,-3.147162474949695,0.0,,,0.08343122804842862,14.006025328049672,-24.012050656099344,-22.921141565190254,True,sigma_color_stat_mag,True
constant,14,2,0.5674536233634047,-3.2056081722703076,0.0,,,0.08219938951253562,14.19740689842478,-24.39481379684956,-23.30390470594047,True,sigma_color_stat_mag,True
constant,14,2,0.5674536233634047,-3.183621981534893,0.0,,,0.08622162694595306,13.593617022850347,-23.187234045700695,-22.096324954791605,True,sigma_color_stat_mag,True
constant,14,2,0.5674536233634047,-3.1964404378551836,0.0,,,0.07022461797433624,16.075981536457864,-28.151963072915727,-27.061053982006637,True,sigma_color_stat_mag,True
constant,14,2,0.5674536233634047,-3.1935269424639765,0.0,,,0.09414448872241757,12.481359596301974,-20.96271919260395,-19.87181010169486,True,sigma_color_stat_mag,True
constant,14,2,0.5674536233634047,-3.1912457598492727,0.0,,,0.07825920290378054,14.709785426141451,-25.419570852282902,-24.328661761373812,True,sigma_color_stat_mag,True
constant,14,2,0.5674536233634047,-3.1718560877990076,0.0,,,0.07601701750286956,15.181569078397708,-26.363138156795415,-25.272229065886325,True,sigma_color_stat_mag,True
constant,14,2,0.5674536233634047,-3.1798303348665944,0.0,,,0.06384935613324907,17.02298740801297,-30.04597481602594,-28.95506572511685,True,sigma_color_stat_mag,True
constant,14,2,0.5674536233634047,-3.1987974481835164,0.0,,,0.06910362618767314,16.38452074017632,-28.76904148035264,-27.67813238944355,True,sigma_color_stat_mag,True
constant,14,2,0.5674536233634047,-3.1820353522799105,0.0,,,0.07162807744508017,15.903917883028862,-27.807835766057725,-26.716926675148635,True,sigma_color_stat_mag,True
constant,14,2,0.5674536233634047,-3.2032250749976847,0.0,,,0.07406917272191903,15.442968135890201,-26.885936271780402,-25.795027180871312,True,sigma_color_stat_mag,True
constant,14,2,0.5674536233634047,-3.2089956872512464,0.0,,,0.09699950532213027,12.09813722311284,-20.19627444622568,-19.10536535531659,True,sigma_color_stat_mag,True
constant,14,2,0.5674536233634047,-3.18250060000435,0.0,,,0.08426302403377794,13.890913315675668,-23.781826631351336,-22.690917540442246,True,sigma_color_stat_mag,True
constant,14,2,0.5674536233634047,-3.2010921840118773,0.0,,,0.09127445914132165,12.96029019716566,-21.92058039433132,-20.82967130342223,True,sigma_color_stat_mag,True
constant,14,2,0.5674536233634047,-3.195442662605874,0.0,,,0.10066631998622926,11.600923534872443,-19.201847069744886,-18.110937978835796,True,sigma_color_stat_mag,True
constant,14,2,0.5674536233634047,-3.1573079320725768,0.0,,,0.07857961750056885,14.739961807436517,-25.479923614873034,-24.389014523963944,True,sigma_color_stat_mag,True
constant,14,2,0.5674536233634047,-3.1796892874258833,0.0,,,0.08267497677846229,14.081207644949961,-24.162415289899922,-23.071506198990832,True,sigma_color_stat_mag,True
constant,14,2,0.5674536233634047,-3.174610429736992,0.0,,,0.06991169796177665,15.987842132738052,-27.975684265476104,-26.884775174567014,True,sigma_color_stat_mag,True
constant,14,2,0.5674536233634047,-3.166749831884923,0.0,,,0.0911897893329467,12.934061111218224,-21.868122222436448,-20.777213131527358,True,sigma_color_stat_mag,True
constant,14,2,0.5674536233634047,-3.2017565372829186,0.0,,,0.07558903820118341,15.260804985194573,-26.521609970389147,-25.430700879480057,True,sigma_color_stat_mag,True
constant,14,2,0.5674536233634047,-3.1847117629616872,0.0,,,0.062117635613183654,17.591971061089946,-31.183942122179893,-30.093033031270803,True,sigma_color_stat_mag,True
constant,14,2,0.5674536233634047,-3.157002017279449,0.0,,,0.08618403288722708,13.623698419771772,-23.247396839543544,-22.156487748634454,True,sigma_color_stat_mag,True
constant,14,2,0.5674536233634047,-3.1569532879075846,0.0,,,0.0951664343789552,12.33364669462576,-20.66729338925152,-19.57638429834243,True,sigma_color_stat_mag,True
constant,14,2,0.5674536233634047,-3.1518967579001234,0.0,,,0.07818580206997416,14.827106146375026,-25.654212292750053,-24.563303201840963,True,sigma_color_stat_mag,True
constant,14,2,0.5674536233634047,-3.176978519326683,0.0,,,0.07978350991966131,14.501772860045271,-25.003545720090543,-23.912636629181453,True,sigma_color_stat_mag,True
constant,14,2,0.5674536233634047,-3.1981591419860878,0.0,,,0.07708644689324855,14.945526189683228,-25.891052379366457,-24.800143288457367,True,sigma_color_stat_mag,True
constant,14,2,0.5674536233634047,-3.176917194998381,0.0,,,0.07789210024266374,14.821636366688562,-25.643272733377124,-24.552363642468034,True,sigma_color_stat_mag,True
constant,14,2,0.5674536233634047,-3.163271757792963,0.0,,,0.09080455615526745,12.954365185013849,-21.908730370027698,-20.817821279118608,True,sigma_color_stat_mag,True
constant,14,2,0.5674536233634047,-3.1880755353905466,0.0,,,0.06927833187803868,16.204565550607118,-28.409131101214236,-27.318222010305146,True,sigma_color_stat_mag,True
constant,14,2,0.5674536233634047,-3.1674850161714003,0.0,,,0.06772145962901965,16.530513086429465,-29.06102617285893,-27.97011708194984,True,sigma_color_stat_mag,True
constant,14,2,0.5674536233634047,-3.14988343146968,0.0,,,0.07761527301568942,14.847331494454888,-25.694662988909776,-24.603753898000686,True,sigma_color_stat_mag,True
constant,14,2,0.5674536233634047,-3.1734272953222873,0.0,,,0.0931512705010458,12.654286299169886,-21.308572598339772,-20.217663507430682,True,sigma_color_stat_mag,True
constant,14,2,0.5674536233634047,-3.1424993387968385,0.0,,,0.06496933476620792,16.886151948333744,-29.772303896667488,-28.681394805758398,True,sigma_color_stat_mag,True
constant,14,2,0.5674536233634047,-3.2272303468707197,0.0,,,0.07710486055038485,14.997907495305997,-25.995814990611994,-24.904905899702904,True,sigma_color_stat_mag,True
constant,14,2,0.5674536233634047,-3.2221235483602935,0.0,,,0.05957625689275802,17.872852328593417,-31.745704657186835,-30.654795566277745,True,sigma_color_stat_mag,True
constant,14,2,0.5674536233634047,-3.1561041039937874,0.0,,,0.07864696705922439,14.711940031893745,-25.42388006378749,-24.3329709728784,True,sigma_color_stat_mag,True
constant,14,2,0.5674536233634047,-3.162037554884187,0.0,,,0.0709610821269369,15.873471919454976,-27.746943838909953,-26.656034748000863,True,sigma_color_stat_mag,True
constant,14,2,0.5674536233634047,-3.182567387640435,0.0,,,0.07122118653009955,15.883115480879477,-27.766230961758954,-26.675321870849864,True,sigma_color_stat_mag,True
constant,14,2,0.5674536233634047,-3.185091075979816,0.0,,,0.07755330113443439,14.823484828631965,-25.64696965726393,-24.55606056635484,True,sigma_color_stat_mag,True
constant,14,2,0.5674536233634047,-3.172813411631023,0.0,,,0.08288312209096323,14.115369661591684,-24.230739323183368,-23.139830232274278,True,sigma_color_stat_mag,True
constant,14,2,0.5674536233634047,-3.1699744496723703,0.0,,,0.08644050762511993,13.5351987452486,-23.0703974904972,-21.97948839958811,True,sigma_color_stat_mag,True
constant,14,2,0.5674536233634047,-3.155229685806122,0.0,,,0.07430860389203887,15.449491484004207,-26.898982968008415,-25.808073877099325,True,sigma_color_stat_mag,True
constant,14,2,0.5674536233634047,-3.1868469364652974,0.0,,,0.06356338846618648,17.2850496875488,-30.5700993750976,-29.47919028418851,True,sigma_color_stat_mag,True
constant,14,2,0.5674536233634047,-3.1789199162455573,0.0,,,0.09089216117971848,12.956645110528571,-21.913290221057142,-20.822381130148052,True,sigma_color_stat_mag,True
constant,14,2,0.5674536233634047,-3.1859675947480937,0.0,,,0.07882595206564891,14.680439688658051,-25.360879377316103,-24.269970286407013,True,sigma_color_stat_mag,True
constant,14,2,0.5674536233634047,-3.1725563736560622,0.0,,,0.07301907407954597,15.565295465760943,-27.130590931521887,-26.039681840612797,True,sigma_color_stat_mag,True
constant,14,2,0.5674536233634047,-3.189025185477222,0.0,,,0.08430965420463886,13.845894292729579,-23.691788585459157,-22.600879494550068,True,sigma_color_stat_mag,True
constant,14,2,0.5674536233634047,-3.182620272474365,0.0,,,0.08467110813251016,13.821292658040921,-23.642585316081842,-22.551676225172752,True,sigma_color_stat_mag,True
constant,14,2,0.5674536233634047,-3.189994753918431,0.0,,,0.08737698900274013,13.41570043892465,-22.8314008778493,-21.74049178694021,True,sigma_color_stat_mag,True
constant,14,2,0.5674536233634047,-3.1699502126030064,0.0,,,0.09777897865854211,12.009621860014597,-20.019243720029195,-18.928334629120105,True,sigma_color_stat_mag,True
constant,14,2,0.5674536233634047,-3.171955590149363,0.0,,,0.07081524309790715,15.963230822873124,-27.926461645746247,-26.835552554837157,True,sigma_color_stat_mag,True
constant,14,2,0.5674536233634047,-3.202236656122796,0.0,,,0.06985472528370683,16.056190165431165,-28.11238033086233,-27.02147123995324,True,sigma_color_stat_mag,True
constant,14,2,0.5674536233634047,-3.1819993212976314,0.0,,,0.0920663536832656,12.775129892155338,-21.550259784310676,-20.459350693401586,True,sigma_color_stat_mag,True
constant,14,2,0.5674536233634047,-3.122411779984711,0.0,,,0.07847593501702448,14.786496727067561,-25.572993454135123,-24.482084363226033,True,sigma_color_stat_mag,True
constant,14,2,0.5674536233634047,-3.1589608690570508,0.0,,,0.09991384457866696,11.743152598407542,-19.486305196815085,-18.395396105905995,True,sigma_color_stat_mag,True
constant,14,2,0.5674536233634047,-3.1790871607050177,0.0,,,0.08251256771812679,14.13734250044103,-24.27468500088206,-23.18377590997297,True,sigma_color_stat_mag,True
constant,14,2,0.5674536233634047,-3.1735775838713094,0.0,,,0.08091053584287755,14.387914616053939,-24.775829232107878,-23.684920141198788,True,sigma_color_stat_mag,True
constant,14,2,0.5674536233634047,-3.149470366879196,0.0,,,0.08351711930044428,13.931616547207845,-23.86323309441569,-22.7723240035066,True,sigma_color_stat_mag,True
constant,14,2,0.5674536233634047,-3.193355782608097,0.0,,,0.08446742062039307,13.848280086745369,-23.696560173490738,-22.605651082581648,True,sigma_color_stat_mag,True
constant,14,2,0.5674536233634047,-3.1630556203216305,0.0,,,0.10264140099037918,11.388268294954559,-18.776536589909117,-17.685627499000027,True,sigma_color_stat_mag,True
constant,14,2,0.5674536233634047,-3.1672075430800235,0.0,,,0.07465123150605442,15.330762860115941,-26.661525720231882,-25.570616629322792,True,sigma_color_stat_mag,True
constant,14,2,0.5674536233634047,-3.1287627291679168,0.0,,,0.061743006448899566,17.458784265071156,-30.91756853014231,-29.82665943923322,True,sigma_color_stat_mag,True
constant,14,2,0.5674536233634047,-3.200048415436917,0.0,,,0.06828941568930617,16.39840646624609,-28.79681293249218,-27.70590384158309,True,sigma_color_stat_mag,True
constant,14,2,0.5674536233634047,-3.1327596577278074,0.0,,,0.09133175064664993,12.845770095220512,-21.691540190441025,-20.600631099531935,True,sigma_color_stat_mag,True
constant,14,2,0.5674536233634047,-3.156308317067156,0.0,,,0.07330393982694124,15.61296258806746,-27.22592517613492,-26.13501608522583,True,sigma_color_stat_mag,True
constant,14,2,0.5674536233634047,-3.1856711199528562,0.0,,,0.06399955725295893,17.009357700575727,-30.018715401151454,-28.927806310242364,True,sigma_color_stat_mag,True
constant,14,2,0.5674536233634047,-3.1292955689781077,0.0,,,0.07829106217243112,14.792778483666247,-25.585556967332494,-24.494647876423404,True,sigma_color_stat_mag,True
constant,14,2,0.5674536233634047,-3.178948213758862,0.0,,,0.09531223735191398,12.379493281993323,-20.758986563986646,-19.668077473077556,True,sigma_color_stat_mag,True
constant,14,2,0.5674536233634047,-3.162730374861853,0.0,,,0.07210474131090659,15.691090357222322,-27.382180714444644,-26.291271623535554,True,sigma_color_stat_mag,True
constant,14,2,0.5674536233634047,-3.1619095185215755,0.0,,,0.0944263408108935,12.472592237949058,-20.945184475898117,-19.854275384989027,True,sigma_color_stat_mag,True
constant,14,2,0.5674536233634047,-3.193150977402933,0.0,,,0.07113255941770835,15.783168711614227,-27.566337423228454,-26.475428332319364,True,sigma_color_stat_mag,True
constant,14,2,0.5674536233634047,-3.117883324144918,0.0,,,0.07959484542114169,14.59333431438534,-25.18666862877068,-24.09575953786159,True,sigma_color_stat_mag,True
constant,14,2,0.5674536233634047,-3.1976709345072774,0.0,,,0.08773760590672627,13.348200368739654,-22.69640073747931,-21.60549164657022,True,sigma_color_stat_mag,True
constant,14,2,0.5674536233634047,-3.1998877996772137,0.0,,,0.09497419930797393,12.329528201056908,-20.659056402113816,-19.568147311204726,True,sigma_color_stat_mag,True
constant,14,2,0.5674536233634047,-3.1438240548499214,0.0,,,0.09004902202367561,12.996169846939285,-21.99233969387857,-20.90143060296948,True,sigma_color_stat_mag,True
constant,14,2,0.5674536233634047,-3.15816028103847,0.0,,,0.06955036999257709,16.191592656925213,-28.383185313850426,-27.292276222941336,True,sigma_color_stat_mag,True
constant,14,2,0.5674536233634047,-3.149572314602818,0.0,,,0.09315811283425648,12.635490619678716,-21.270981239357432,-20.180072148448343,True,sigma_color_stat_mag,True
constant,14,2,0.5674536233634047,-3.1958754232341944,0.0,,,0.0649730213912325,16.942752939542004,-29.885505879084008,-28.794596788174918,True,sigma_color_stat_mag,True
constant,14,2,0.5674536233634047,-3.1912694348841413,0.0,,,0.054408614666160884,18.772561912994057,-33.545123825988114,-32.45421473507902,True,sigma_color_stat_mag,True
constant,14,2,0.5674536233634047,-3.1879699799172667,0.0,,,0.07341838738657312,15.616787346878114,-27.23357469375623,-26.14266560284714,True,sigma_color_stat_mag,True
constant,14,2,0.5674536233634047,-3.1987899715687322,0.0,,,0.06711774389428156,16.581726756031813,-29.163453512063626,-28.072544421154536,True,sigma_color_stat_mag,True
constant,14,2,0.5674536233634047,-3.1550434587030582,0.0,,,0.07351191110398766,15.583807103014413,-27.167614206028826,-26.076705115119736,True,sigma_color_stat_mag,True
constant,14,2,0.5674536233634047,-3.1351037315654295,0.0,,,0.07450015404638956,15.364095671917948,-26.728191343835896,-25.637282252926806,True,sigma_color_stat_mag,True
constant,14,2,0.5674536233634047,-3.1890600140040677,0.0,,,0.08592187366461666,13.666131504832814,-23.332263009665628,-22.241353918756538,True,sigma_color_stat_mag,True
constant,14,2,0.5674536233634047,-3.1599424311948994,0.0,,,0.05529005992011022,18.69871788160143,-33.39743576320286,-32.306526672293764,True,sigma_color_stat_mag,True
constant,14,2,0.5674536233634047,-3.148347898527723,0.0,,,0.09506488484489813,12.362545843303044,-20.72509168660609,-19.634182595697,True,sigma_color_stat_mag,True
constant,14,2,0.5674536233634047,-3.1502781792349763,0.0,,,0.06031679486183081,17.823905571304625,-31.64781114260925,-30.55690205170016,True,sigma_color_stat_mag,True
constant,14,2,0.5674536233634047,-3.1684423847456533,0.0,,,0.10750756957695853,10.802948575415286,-17.60589715083057,-16.514988059921482,True,sigma_color_stat_mag,True
constant,14,2,0.5674536233634047,-3.197844369153794,0.0,,,0.07129957997385838,15.9144448188705,-27.828889637741,-26.73798054683191,True,sigma_color_stat_mag,True
constant,14,2,0.5674536233634047,-3.1973136380277403,0.0,,,0.07006483650855863,16.033931425554606,-28.06786285110921,-26.97695376020012,True,sigma_color_stat_mag,True
constant,14,2,0.5674536233634047,-3.207442332860638,0.0,,,0.08735786748787003,13.374696584997237,-22.749393169994473,-21.658484079085383,True,sigma_color_stat_mag,True
constant,14,2,0.5674536233634047,-3.1814211063602285,0.0,,,0.07910977368988699,14.606601480192634,-25.213202960385267,-24.122293869476177,True,sigma_color_stat_mag,True
constant,14,2,0.5674536233634047,-3.1757971828697467,0.0,,,0.08863505516871838,13.31789026060691,-22.63578052121382,-21.54487143030473,True,sigma_color_stat_mag,True
constant,14,2,0.5674536233634047,-3.1695178499618164,0.0,,,0.07312649756571815,15.645651599112416,-27.29130319822483,-26.20039410731574,True,sigma_color_stat_mag,True
constant,14,2,0.5674536233634047,-3.193481244378198,0.0,,,0.07164026679388437,15.849708999067978,-27.699417998135957,-26.608508907226867,True,sigma_color_stat_mag,True
constant,14,2,0.5674536233634047,-3.213293262542226,0.0,,,0.10052355355333449,11.664827138135884,-19.329654276271768,-18.238745185362678,True,sigma_color_stat_mag,True
constant,14,2,0.5674536233634047,-3.1839351878250572,0.0,,,0.07519691774217308,15.238047361731862,-26.476094723463724,-25.385185632554634,True,sigma_color_stat_mag,True
constant,14,2,0.5674536233634047,-3.1156445976929366,0.0,,,0.04019269159866355,21.638363362026524,-39.27672672405305,-38.185817633143955,True,sigma_color_stat_mag,True
constant,14,2,0.5674536233634047,-3.155033831366293,0.0,,,0.09427162640941529,12.474224184334261,-20.948448368668522,-19.857539277759432,True,sigma_color_stat_mag,True
constant,14,2,0.5674536233634047,-3.203629177015111,0.0,,,0.06546787570442547,16.847741802565803,-29.695483605131606,-28.604574514222517,True,sigma_color_stat_mag,True
constant,14,2,0.5674536233634047,-3.1836943953765138,0.0,,,0.08929577984610135,13.186901709651634,-22.373803419303268,-21.28289432839418,True,sigma_color_stat_mag,True
constant,14,2,0.5674536233634047,-3.150548631692319,0.0,,,0.08392971378909879,13.998789694375384,-23.99757938875077,-22.90667029784168,True,sigma_color_stat_mag,True
constant,14,2,0.5674536233634047,-3.1588643829407212,0.0,,,0.08579392111519063,13.625034911634094,-23.250069823268188,-22.159160732359098,True,sigma_color_stat_mag,True
constant,14,2,0.5674536233634047,-3.1748562851084445,0.0,,,0.09922489446181382,11.837688831708384,-19.675377663416768,-18.584468572507678,True,sigma_color_stat_mag,True
constant,14,2,0.5674536233634047,-3.1912401196091515,0.0,,,0.07222528184163604,15.710336136592794,-27.420672273185588,-26.329763182276498,True,sigma_color_stat_mag,True
constant,14,2,0.5674536233634047,-3.1730065406681662,0.0,,,0.06939715719001487,16.238395034968722,-28.476790069937444,-27.385880979028354,True,sigma_color_stat_mag,True
constant,14,2,0.5674536233634047,-3.185639589913096,0.0,,,0.085642089543516,13.698021891009828,-23.396043782019657,-22.305134691110567,True,sigma_color_stat_mag,True
constant,14,2,0.5674536233634047,-3.227544289281737,0.0,,,0.04810289248704361,19.559352157074898,-35.118704314149795,-34.0277952232407,True,sigma_color_stat_mag,True
constant,14,2,0.5674536233634047,-3.1377237257635495,0.0,,,0.09296432361432087,12.65935770440607,-21.31871540881214,-20.22780631790305,True,sigma_color_stat_mag,True
constant,14,2,0.5674536233634047,-3.1587578593578134,0.0,,,0.08054063440988554,14.44323840532664,-24.88647681065328,-23.79556771974419,True,sigma_color_stat_mag,True
constant,14,2,0.5674536233634047,-3.1965282868759113,0.0,,,0.07917821036947784,14.600685353311299,-25.201370706622598,-24.110461615713508,True,sigma_color_stat_mag,True
constant,14,2,0.5674536233634047,-3.134562445336384,0.0,,,0.0759657695148995,15.1886627563415,-26.377325512683,-25.28641642177391,True,sigma_color_stat_mag,True
constant,14,2,0.5674536233634047,-3.1921675713071687,0.0,,,0.05817678444563679,18.28114827116351,-32.56229654232702,-31.47138745141793,True,sigma_color_stat_mag,True
constant,14,2,0.5674536233634047,-3.195264749013018,0.0,,,0.0726742830027573,15.679881483726868,-27.359762967453737,-26.268853876544647,True,sigma_color_stat_mag,True
constant,14,2,0.5674536233634047,-3.1294240069815995,0.0,,,0.04744477628999238,20.322712780986347,-36.645425561972694,-35.5545164710636,True,sigma_color_stat_mag,True
constant,14,2,0.5674536233634047,-3.179534346977069,0.0,,,0.08642967639425989,13.5982299047219,-23.1964598094438,-22.10555071853471,True,sigma_color_stat_mag,True
constant,14,2,0.5674536233634047,-3.1752874656612358,0.0,,,0.09437157425934929,12.433644877451169,-20.867289754902338,-19.776380663993248,True,sigma_color_stat_mag,True
constant,14,2,0.5674536233634047,-3.2066378904233566,0.0,,,0.05788490971432232,18.23847256416363,-32.47694512832726,-31.38603603741817,True,sigma_color_stat_mag,True
constant,14,2,0.5674536233634047,-3.2047236364930862,0.0,,,0.07372769787677069,15.497138668020765,-26.99427733604153,-25.90336824513244,True,sigma_color_stat_mag,True
constant,14,2,0.5674536233634047,-3.154918852394961,0.0,,,0.0697406468594038,16.270916769187252,-28.541833538374505,-27.450924447465415,True,sigma_color_stat_mag,True
constant,14,2,0.5674536233634047,-3.140527351650793,0.0,,,0.07328620345942602,15.654138739599443,-27.308277479198885,-26.217368388289795,True,sigma_color_stat_mag,True
constant,14,2,0.5674536233634047,-3.173903805011117,0.0,,,0.08007364902880226,14.529404386612125,-25.05880877322425,-23.96789968231516,True,sigma_color_stat_mag,True
constant,14,2,0.5674536233634047,-3.1662580698373,0.0,,,0.08941950364202338,13.141394109624168,-22.282788219248335,-21.191879128339245,True,sigma_color_stat_mag,True
constant,14,2,0.5674536233634047,-3.151772721618343,0.0,,,0.0693771245497074,16.23583335735328,-28.471666714706558,-27.380757623797468,True,sigma_color_stat_mag,True
constant,14,2,0.5674536233634047,-3.171593889663292,0.0,,,0.07204051515140403,15.783245651275532,-27.566491302551064,-26.475582211641974,True,sigma_color_stat_mag,True
constant,14,2,0.5674536233634047,-3.191822370430415,0.0,,,0.08453702598106275,13.83625660613447,-23.67251321226894,-22.58160412135985,True,sigma_color_stat_mag,True
constant,14,2,0.5674536233634047,-3.1741382355934316,0.0,,,0.08817105018687321,13.312510944708349,-22.625021889416697,-21.534112798507607,True,sigma_color_stat_mag,True
constant,14,2,0.5674536233634047,-3.1571668751423885,0.0,,,0.09144648708533629,12.906824782497695,-21.81364956499539,-20.7227404740863,True,sigma_color_stat_mag,True
constant,14,2,0.5674536233634047,-3.222631840547823,0.0,,,0.06876182256778562,16.382693512119666,-28.76538702423933,-27.67447793333024,True,sigma_color_stat_mag,True
constant,14,2,0.5674536233634047,-3.1904083484469337,0.0,,,0.06727834149933506,16.593501372187966,-29.18700274437593,-28.09609365346684,True,sigma_color_stat_mag,True
constant,14,2,0.5674536233634047,-3.1904208050854477,0.0,,,0.06942007969616731,16.292920440545725,-28.58584088109145,-27.49493179018236,True,sigma_color_stat_mag,True
constant,14,2,0.5674536233634047,-3.232316953200805,0.0,,,0.06171714254297765,17.63522391104512,-31.27044782209024,-30.17953873118115,True,sigma_color_stat_mag,True
constant,14,2,0.5674536233634047,-3.158741572102142,0.0,,,0.09309497072848215,12.610633580003283,-21.221267160006565,-20.130358069097475,True,sigma_color_stat_mag,True
constant,14,2,0.5674536233634047,-3.1343335663155107,0.0,,,0.0617681718027639,17.520596560996957,-31.041193121993913,-29.950284031084824,True,sigma_color_stat_mag,True
constant,14,2,0.5674536233634047,-3.1793813044361547,0.0,,,0.07576052464273768,15.186334463100048,-26.372668926200095,-25.281759835291005,True,sigma_color_stat_mag,True
constant,14,2,0.5674536233634047,-3.1842030541581483,0.0,,,0.09899039370697789,11.835963492801206,-19.67192698560241,-18.58101789469332,True,sigma_color_stat_mag,True
constant,14,2,0.5674536233634047,-3.18343516663452,0.0,,,0.07645575720861199,14.999316060470967,-25.998632120941934,-24.907723030032844,True,sigma_color_stat_mag,True
constant,14,2,0.5674536233634047,-3.173762613598966,0.0,,,0.0789986945382138,14.750226882796754,-25.50045376559351,-24.40954467468442,True,sigma_color_stat_mag,True
constant,14,2,0.5674536233634047,-3.175188784225967,0.0,,,0.0825530797341298,14.10633772395549,-24.21267544791098,-23.12176635700189,True,sigma_color_stat_mag,True
constant,14,2,0.5674536233634047,-3.192281411775926,0.0,,,0.101928760973113,11.501574338628647,-19.003148677257293,-17.912239586348203,True,sigma_color_stat_mag,True
constant,14,2,0.5674536233634047,-3.151840651689198,0.0,,,0.08540109412584575,13.70587764164697,-23.41175528329394,-22.32084619238485,True,sigma_color_stat_mag,True
constant,14,2,0.5674536233634047,-3.1975701817511193,0.0,,,0.046624528862085,20.420836675041546,-36.84167335008309,-35.750764259174,True,sigma_color_stat_mag,True
constant,14,2,0.5674536233634047,-3.196464059602192,0.0,,,0.0865831438948618,13.57494853096573,-23.14989706193146,-22.05898797102237,True,sigma_color_stat_mag,True
constant,14,2,0.5674536233634047,-3.157446829273266,0.0,,,0.09012987872750193,13.000383448313451,-22.000766896626903,-20.909857805717813,True,sigma_color_stat_mag,True
constant,14,2,0.5674536233634047,-3.170278905357006,0.0,,,0.075225899294074,15.304363529816523,-26.608727059633047,-25.517817968723957,True,sigma_color_stat_mag,True
constant,14,2,0.5674536233634047,-3.185004535611045,0.0,,,0.07762716534526369,14.909319800841992,-25.818639601683984,-24.727730510774894,True,sigma_color_stat_mag,True
constant,14,2,0.5674536233634047,-3.155972251240014,0.0,,,0.0790951365944966,14.663957909249662,-25.327915818499324,-24.237006727590234,True,sigma_color_stat_mag,True
constant,14,2,0.5674536233634047,-3.1645151275677224,0.0,,,0.0873247450062348,13.431529197692011,-22.863058395384023,-21.772149304474933,True,sigma_color_stat_mag,True
constant,14,2,0.5674536233634047,-3.1519461568657277,0.0,,,0.08654115595464754,13.548193426246119,-23.096386852492238,-22.005477761583148,True,sigma_color_stat_mag,True
constant,14,2,0.5674536233634047,-3.1813130906861984,0.0,,,0.09716081681341308,12.074846308623421,-20.149692617246842,-19.058783526337752,True,sigma_color_stat_mag,True
constant,14,2,0.5674536233634047,-3.1343607149272805,0.0,,,0.08498298747785685,13.796551497837848,-23.593102995675697,-22.502193904766607,True,sigma_color_stat_mag,True
constant,14,2,0.5674536233634047,-3.1598018681856233,0.0,,,0.07722700324866906,15.026306209180527,-26.052612418361054,-24.961703327451964,True,sigma_color_stat_mag,True
constant,14,2,0.5674536233634047,-3.1526361434760632,0.0,,,0.08870299777924065,13.291692058048122,-22.583384116096244,-21.492475025187154,True,sigma_color_stat_mag,True
constant,14,2,0.5674536233634047,-3.1640242543049992,0.0,,,0.08039187013961702,14.447048353282682,-24.894096706565364,-23.803187615656274,True,sigma_color_stat_mag,True
constant,14,2,0.5674536233634047,-3.1905865084278346,0.0,,,0.08401392990572168,13.911895048762352,-23.823790097524704,-22.732881006615614,True,sigma_color_stat_mag,True
constant,14,2,0.5674536233634047,-3.188346588908964,0.0,,,0.06312506618609838,17.25661481167352,-30.513229623347037,-29.422320532437947,True,sigma_color_stat_mag,True
constant,14,2,0.5674536233634047,-3.2001228390531677,0.0,,,0.08189226112810474,14.192711536776649,-24.385423073553298,-23.294513982644208,True,sigma_color_stat_mag,True
constant,14,2,0.5674536233634047,-3.1699487700704365,0.0,,,0.0697073372368623,16.176328157839233,-28.352656315678466,-27.261747224769376,True,sigma_color_stat_mag,True
constant,14,2,0.5674536233634047,-3.1867189984215742,0.0,,,0.07167974107164135,15.942662781315251,-27.885325562630502,-26.794416471721412,True,sigma_color_stat_mag,True
constant,14,2,0.5674536233634047,-3.176063058977414,0.0,,,0.07558967811244907,15.289445956528658,-26.578891913057316,-25.487982822148226,True,sigma_color_stat_mag,True
constant,14,2,0.5674536233634047,-3.1566633065030096,0.0,,,0.07584151815970273,15.195490581517697,-26.390981163035395,-25.300072072126305,True,sigma_color_stat_mag,True
constant,14,2,0.5674536233634047,-3.136722967350475,0.0,,,0.0729513908526263,15.536412926237901,-27.072825852475802,-25.981916761566712,True,sigma_color_stat_mag,True
constant,14,2,0.5674536233634047,-3.1815073035292296,0.0,,,0.09581217618332921,12.27930447636332,-20.55860895272664,-19.46769986181755,True,sigma_color_stat_mag,True
constant,14,2,0.5674536233634047,-3.1495273359609595,0.0,,,0.0867410494099871,13.488618632077074,-22.977237264154148,-21.886328173245058,True,sigma_color_stat_mag,True
constant,14,2,0.5674536233634047,-3.1806363856548594,0.0,,,0.07948686698149315,14.622576716689473,-25.245153433378945,-24.154244342469855,True,sigma_color_stat_mag,True
constant,14,2,0.5674536233634047,-3.168513127096021,0.0,,,0.09454388873864628,12.447501339440974,-20.895002678881948,-19.804093587972858,True,sigma_color_stat_mag,True
constant,14,2,0.5674536233634047,-3.194241053794973,0.0,,,0.07203981734412283,15.804171315091576,-27.608342630183152,-26.517433539274062,True,sigma_color_stat_mag,True
constant,14,2,0.5674536233634047,-3.184693898572576,0.0,,,0.0872677328604541,13.431284050989866,-22.862568101979733,-21.771659011070643,True,sigma_color_stat_mag,True
constant,14,2,0.5674536233634047,-3.187105824171551,0.0,,,0.09431647240092564,12.46749457358963,-20.93498914717926,-19.84408005627017,True,sigma_color_stat_mag,True
constant,14,2,0.5674536233634047,-3.1636706177688634,0.0,,,0.08460549923842006,13.76720339746634,-23.53440679493268,-22.44349770402359,True,sigma_color_stat_mag,True
constant,14,2,0.5674536233634047,-3.1640822173077683,0.0,,,0.07878965812479312,14.762006719368614,-25.524013438737228,-24.433104347828138,True,sigma_color_stat_mag,True
constant,14,2,0.5674536233634047,-3.175375728310089,0.0,,,0.08925982818629902,13.138278675267394,-22.276557350534787,-21.185648259625697,True,sigma_color_stat_mag,True
constant,14,2,0.5674536233634047,-3.179688161471902,0.0,,,0.09338529309234038,12.562227951835759,-21.124455903671517,-20.033546812762427,True,sigma_color_stat_mag,True
constant,14,2,0.5674536233634047,-3.1657034171863234,0.0,,,0.057644302434198075,18.375571604460358,-32.751143208920716,-31.660234118011626,True,sigma_color_stat_mag,True
constant,14,2,0.5674536233634047,-3.159143907677454,0.0,,,0.07450518836608068,15.403975560371736,-26.80795112074347,-25.71704202983438,True,sigma_color_stat_mag,True
constant,14,2,0.5674536233634047,-3.1698237316632567,0.0,,,0.07342124277627235,15.511690047211006,-27.023380094422013,-25.932471003512923,True,sigma_color_stat_mag,True
constant,14,2,0.5674536233634047,-3.18978517357209,0.0,,,0.043752078297475364,21.0471660778986,-38.0943321557972,-37.0034230648881,True,sigma_color_stat_mag,True
constant,14,2,0.5674536233634047,-3.2033251366134543,0.0,,,0.093629226074933,12.576740481193081,-21.153480962386162,-20.062571871477072,True,sigma_color_stat_mag,True
constant,14,2,0.5674536233634047,-3.129158120551291,0.0,,,0.07953257898234868,14.535890017897383,-25.071780035794767,-23.980870944885677,True,sigma_color_stat_mag,True
constant,14,2,0.5674536233634047,-3.123679759720257,0.0,,,0.06725031010950511,16.68217166641065,-29.3643433328213,-28.27343424191221,True,sigma_color_stat_mag,True
constant,14,2,0.5674536233634047,-3.152531150267497,0.0,,,0.07532667523563182,15.22592555598814,-26.45185111197628,-25.36094202106719,True,sigma_color_stat_mag,True
constant,14,2,0.5674536233634047,-3.1802769921214114,0.0,,,0.07386709399948406,15.517641512252961,-27.035283024505922,-25.944373933596832,True,sigma_color_stat_mag,True
constant,14,2,0.5674536233634047,-3.2037629980589717,0.0,,,0.08587843209146943,13.674067805758542,-23.348135611517083,-22.257226520607993,True,sigma_color_stat_mag,True
constant,14,2,0.5674536233634047,-3.212165465382466,0.0,,,0.08316178250488357,14.053396946652132,-24.106793893304264,-23.015884802395174,True,sigma_color_stat_mag,True
constant,14,2,0.5674536233634047,-3.1807503856922663,0.0,,,0.07625520358908221,15.049696798951,-26.099393597902,-25.00848450699291,True,sigma_color_stat_mag,True
constant,14,2,0.5674536233634047,-3.1937773025829492,0.0,,,0.04157050397567933,21.186277584861095,-38.37255516972219,-37.2816460788131,True,sigma_color_stat_mag,True
constant,14,2,0.5674536233634047,-3.1416669184790242,0.0,,,0.09758593219677221,11.960290437938415,-19.92058087587683,-18.82967178496774,True,sigma_color_stat_mag,True
constant,14,2,0.5674536233634047,-3.147523809288675,0.0,,,0.0689893531397681,16.20770657729871,-28.415413154597417,-27.324504063688327,True,sigma_color_stat_mag,True
constant,14,2,0.5674536233634047,-3.185798215568173,0.0,,,0.07428841636616593,15.475308424328936,-26.950616848657873,-25.859707757748783,True,sigma_color_stat_mag,True
constant,14,2,0.5674536233634047,-3.196554754868759,0.0,,,0.08762899919497626,13.413539047967568,-22.827078095935136,-21.736169005026046,True,sigma_color_stat_mag,True
constant,14,2,0.5674536233634047,-3.1717909966699174,0.0,,,0.08555853577234784,13.717103009170167,-23.434206018340333,-22.343296927431243,True,sigma_color_stat_mag,True
constant,14,2,0.5674536233634047,-3.146894639034396,0.0,,,0.07718228667774844,14.947776568889438,-25.895553137778876,-24.804644046869786,True,sigma_color_stat_mag,True
constant,14,2,0.5674536233634047,-3.170900001828879,0.0,,,0.07894606884724562,14.629807343035031,-25.259614686070062,-24.168705595160972,True,sigma_color_stat_mag,True
constant,14,2,0.5674536233634047,-3.1737470293282652,0.0,,,0.07420524004865435,15.412164368490835,-26.82432873698167,-25.73341964607258,True,sigma_color_stat_mag,True
constant,14,2,0.5674536233634047,-3.1915631431501343,0.0,,,0.07409465358428198,15.474362869820931,-26.948725739641862,-25.857816648732772,True,sigma_color_stat_mag,True
constant,14,2,0.5674536233634047,-3.1686105507948694,0.0,,,0.06715885989278277,16.58807090196332,-29.17614180392664,-28.08523271301755,True,sigma_color_stat_mag,True
constant,14,2,0.5674536233634047,-3.18426860770993,0.0,,,0.08527949931360225,13.779819123372185,-23.55963824674437,-22.46872915583528,True,sigma_color_stat_mag,True
constant,14,2,0.5674536233634047,-3.1748711856738905,0.0,,,0.05896257018307135,18.001213903884036,-32.00242780776807,-30.911518716858982,True,sigma_color_stat_mag,True
constant,14,2,0.5674536233634047,-3.1495165881396945,0.0,,,0.07555725200322382,15.259896232832247,-26.519792465664494,-25.428883374755404,True,sigma_color_stat_mag,True
constant,14,2,0.5674536233634047,-3.1967166229701456,0.0,,,0.06618619951928065,16.733990967356345,-29.46798193471269,-28.3770728438036,True,sigma_color_stat_mag,True
constant,14,2,0.5674536233634047,-3.2301341316484566,0.0,,,0.07152526482188044,15.750821891280943,-27.501643782561885,-26.410734691652795,True,sigma_color_stat_mag,True
constant,14,2,0.5674536233634047,-3.1826335262126664,0.0,,,0.09439529640128791,12.446180989376295,-20.89236197875259,-19.8014528878435,True,sigma_color_stat_mag,True
constant,14,2,0.5674536233634047,-3.1713536439246446,0.0,,,0.06868229660360742,16.332836549086505,-28.66567309817301,-27.57476400726392,True,sigma_color_stat_mag,True
constant,14,2,0.5674536233634047,-3.219966499779546,0.0,,,0.07369921338863701,15.383259935243824,-26.76651987048765,-25.67561077957856,True,sigma_color_stat_mag,True
constant,14,2,0.5674536233634047,-3.1679600447084764,0.0,,,0.07375489486014696,15.454192076622615,-26.90838415324523,-25.81747506233614,True,sigma_color_stat_mag,True
constant,14,2,0.5674536233634047,-3.1517852362626533,0.0,,,0.059825644559759084,17.96910046428421,-31.93820092856842,-30.84729183765933,True,sigma_color_stat_mag,True
constant,14,2,0.5674536233634047,-3.1482636375486206,0.0,,,0.09580238864030231,12.270865745584452,-20.541731491168903,-19.450822400259813,True,sigma_color_stat_mag,True
constant,14,2,0.5674536233634047,-3.167218654424624,0.0,,,0.08544486510690805,13.73452649198947,-23.46905298397894,-22.37814389306985,True,sigma_color_stat_mag,True
constant,14,2,0.5674536233634047,-3.1613086237158723,0.0,,,0.07714407804426088,14.937598708934411,-25.875197417868822,-24.784288326959732,True,sigma_color_stat_mag,True
constant,14,2,0.5674536233634047,-3.1648200787304646,0.0,,,0.08905883918735225,13.200843280001067,-22.401686560002133,-21.310777469093043,True,sigma_color_stat_mag,True
constant,14,2,0.5674536233634047,-3.1924747573536068,0.0,,,0.07500228750615495,15.344271547095582,-26.688543094191164,-25.597634003282074,True,sigma_color_stat_mag,True
constant,14,2,0.5674536233634047,-3.1653907371166374,0.0,,,0.08091782572984359,14.358790701180375,-24.71758140236075,-23.62667231145166,True,sigma_color_stat_mag,True
constant,14,2,0.5674536233634047,-3.1873887045797806,0.0,,,0.08339369561350708,14.089833820145342,-24.179667640290685,-23.088758549381595,True,sigma_color_stat_mag,True
constant,14,2,0.5674536233634047,-3.2080687670322825,0.0,,,0.06367180964073617,17.14897690850504,-30.297953817010082,-29.207044726100992,True,sigma_color_stat_mag,True
constant,14,2,0.5674536233634047,-3.173783604071363,0.0,,,0.0893030492355398,13.182793058746102,-22.365586117492203,-21.274677026583113,True,sigma_color_stat_mag,True
constant,14,2,0.5674536233634047,-3.160867739531422,0.0,,,0.08387580225844847,13.927715288226521,-23.855430576453042,-22.764521485543952,True,sigma_color_stat_mag,True
constant,14,2,0.5674536233634047,-3.176835776392408,0.0,,,0.0797045157836311,14.612661797161197,-25.225323594322393,-24.134414503413304,True,sigma_color_stat_mag,True
constant,14,2,0.5674536233634047,-3.186517922038422,0.0,,,0.0744446134097094,15.448390832677036,-26.896781665354073,-25.805872574444983,True,sigma_color_stat_mag,True
constant,14,2,0.5674536233634047,-3.165168154021219,0.0,,,0.0864177272229853,13.578643027601707,-23.157286055203414,-22.066376964294324,True,sigma_color_stat_mag,True
constant,14,2,0.5674536233634047,-3.1361671519468333,0.0,,,0.06323215253164136,17.217764928439824,-30.435529856879647,-29.344620765970557,True,sigma_color_stat_mag,True
constant,14,2,0.5674536233634047,-3.18031972915259,0.0,,,0.09822562464177534,11.948794634429742,-19.897589268859484,-18.806680177950394,True,sigma_color_stat_mag,True
constant,14,2,0.5674536233634047,-3.204112192886749,0.0,,,0.09309760848322744,12.637800552665585,-21.27560110533117,-20.18469201442208,True,sigma_color_stat_mag,True
constant,14,2,0.5674536233634047,-3.182286280140622,0.0,,,0.07979480420543597,14.500462004098944,-25.000924008197888,-23.910014917288798,True,sigma_color_stat_mag,True
constant,14,2,0.5674536233634047,-3.140217767321404,0.0,,,0.08807662170246044,13.29836976733781,-22.59673953467562,-21.50583044376653,True,sigma_color_stat_mag,True
constant,14,2,0.5674536233634047,-3.169043821061452,0.0,,,0.06697937454153742,16.61105872048666,-29.22211744097332,-28.13120835006423,True,sigma_color_stat_mag,True
constant,14,2,0.5674536233634047,-3.1640652069327957,0.0,,,0.07658937657232517,15.030447697358024,-26.06089539471605,-24.96998630380696,True,sigma_color_stat_mag,True
constant,14,2,0.5674536233634047,-3.1602073274011744,0.0,,,0.05559495785477492,18.747204083442742,-33.494408166885485,-32.40349907597639,True,sigma_color_stat_mag,True
constant,14,2,0.5674536233634047,-3.168269649122023,0.0,,,0.08238969628832062,14.131195887718247,-24.262391775436495,-23.171482684527405,True,sigma_color_stat_mag,True
constant,14,2,0.5674536233634047,-3.2046299614417197,0.0,,,0.057429343735370675,18.220199349920197,-32.440398699840394,-31.349489608931304,True,sigma_color_stat_mag,True
constant,14,2,0.5674536233634047,-3.2315877781780293,0.0,,,0.07162980576226706,15.918633973287726,-27.83726794657545,-26.74635885566636,True,sigma_color_stat_mag,True
constant,14,2,0.5674536233634047,-3.180928520469496,0.0,,,0.06938256389549345,16.13262726317946,-28.265254526358923,-27.174345435449833,True,sigma_color_stat_mag,True
constant,14,2,0.5674536233634047,-3.2034870183363324,0.0,,,0.0673785766138236,16.50180297844435,-29.0036059568887,-27.91269686597961,True,sigma_color_stat_mag,True
constant,14,2,0.5674536233634047,-3.169071477675694,0.0,,,0.10361013349571467,11.261644554707782,-18.523289109415565,-17.432380018506475,True,sigma_color_stat_mag,True
constant,14,2,0.5674536233634047,-3.1704492376243363,0.0,,,0.08970392478775628,13.168366295919494,-22.336732591838988,-21.245823500929898,True,sigma_color_stat_mag,True
constant,14,2,0.5674536233634047,-3.1664671593448634,0.0,,,0.07656683245030782,15.095080486992547,-26.190160973985094,-25.099251883076004,True,sigma_color_stat_mag,True
constant,14,2,0.5674536233634047,-3.177890239367121,0.0,,,0.07988749794181645,14.52452205801509,-25.04904411603018,-23.95813502512109,True,sigma_color_stat_mag,True
constant,14,2,0.5674536233634047,-3.137506854820032,0.0,,,0.09731564074632418,12.094540136467412,-20.189080272934824,-19.098171182025734,True,sigma_color_stat_mag,True
constant,14,2,0.5674536233634047,-3.1760458841754104,0.0,,,0.08285464914048286,14.07085349073958,-24.14170698147916,-23.05079789057007,True,sigma_color_stat_mag,True
constant,14,2,0.5674536233634047,-3.1883468982627137,0.0,,,0.0921791147599081,12.801689743684193,-21.603379487368386,-20.512470396459296,True,sigma_color_stat_mag,True
constant,14,2,0.5674536233634047,-3.173516844963778,0.0,,,0.06862159722069414,16.320933176459665,-28.64186635291933,-27.55095726201024,True,sigma_color_stat_mag,True
constant,14,2,0.5674536233634047,-3.167060566567129,0.0,,,0.06690819537859921,16.724613997361736,-29.449227994723472,-28.358318903814382,True,sigma_color_stat_mag,True
constant,14,2,0.5674536233634047,-3.2212861307688145,0.0,,,0.06478347808107598,16.937118013559566,-29.87423602711913,-28.78332693621004,True,sigma_color_stat_mag,True
constant,14,2,0.5674536233634047,-3.1552725841246554,0.0,,,0.08515600435932774,13.788907108527496,-23.577814217054993,-22.486905126145903,True,sigma_color_stat_mag,True
constant,14,2,0.5674536233634047,-3.1993849141032533,0.0,,,0.0679597335012584,16.289120104847758,-28.578240209695515,-27.487331118786425,True,sigma_color_stat_mag,True
constant,14,2,0.5674536233634047,-3.2175218476465677,0.0,,,0.0767291169960268,15.040921839641056,-26.081843679282112,-24.990934588373023,True,sigma_color_stat_mag,True
constant,14,2,0.5674536233634047,-3.154900616317853,0.0,,,0.0888372522930404,13.293043831675153,-22.586087663350305,-21.495178572441215,True,sigma_color_stat_mag,True
constant,14,2,0.5674536233634047,-3.2015981173608625,0.0,,,0.06373773708568838,17.04798473066766,-30.095969461335322,-29.005060370426232,True,sigma_color_stat_mag,True
constant,14,2,0.5674536233634047,-3.206632257548313,0.0,,,0.058723445049461774,18.10936649388522,-32.21873298777044,-31.127823896861347,True,sigma_color_stat_mag,True
constant,14,2,0.5674536233634047,-3.209577476860752,0.0,,,0.06905551187404387,16.118995540180457,-28.237991080360914,-27.147081989451824,True,sigma_color_stat_mag,True
constant,14,2,0.5674536233634047,-3.18099326707311,0.0,,,0.09056425144445261,12.967575240519764,-21.93515048103953,-20.84424139013044,True,sigma_color_stat_mag,True
constant,14,2,0.5674536233634047,-3.174114013312365,0.0,,,0.07513739860748238,15.310043741720555,-26.62008748344111,-25.52917839253202,True,sigma_color_stat_mag,True
constant,14,2,0.5674536233634047,-3.1580119701922205,0.0,,,0.06962022168614489,16.239670925213655,-28.47934185042731,-27.38843275951822,True,sigma_color_stat_mag,True
constant,14,2,0.5674536233634047,-3.1204982743341114,0.0,,,0.07762049876788604,14.858836444715738,-25.717672889431476,-24.626763798522386,True,sigma_color_stat_mag,True
constant,14,2,0.5674536233634047,-3.191724850620468,0.0,,,0.09369855292735599,12.527139867093615,-21.05427973418723,-19.96337064327814,True,sigma_color_stat_mag,True
constant,14,2,0.5674536233634047,-3.1915390264254686,0.0,,,0.09619042242934583,12.262283466943984,-20.524566933887968,-19.433657842978878,True,sigma_color_stat_mag,True
constant,14,2,0.5674536233634047,-3.2096060908191606,0.0,,,0.06444427332756215,16.949039063631893,-29.898078127263787,-28.807169036354697,True,sigma_color_stat_mag,True
constant,14,2,0.5674536233634047,-3.147951097120182,0.0,,,0.08343891636701145,13.975020591920485,-23.95004118384097,-22.85913209293188,True,sigma_color_stat_mag,True
constant,14,2,0.5674536233634047,-3.169905032699901,0.0,,,0.09064507058943613,12.963331031249067,-21.926662062498135,-20.835752971589045,True,sigma_color_stat_mag,True
constant,14,2,0.5674536233634047,-3.1476603131729197,0.0,,,0.07733565606151266,14.911130965522892,-25.822261931045784,-24.731352840136694,True,sigma_color_stat_mag,True
constant,14,2,0.5674536233634047,-3.1270053556825377,0.0,,,0.06921072057296813,16.20407958750121,-28.408159175002417,-27.317250084093327,True,sigma_color_stat_mag,True
constant,14,2,0.5674536233634047,-3.167131684182194,0.0,,,0.08942942398696423,13.16391895436789,-22.32783790873578,-21.23692881782669,True,sigma_color_stat_mag,True
constant,14,2,0.5674536233634047,-3.1722459158961978,0.0,,,0.07041854557399321,15.924353603011536,-27.84870720602307,-26.75779811511398,True,sigma_color_stat_mag,True
constant,14,2,0.5674536233634047,-3.1895451773832373,0.0,,,0.08245037261612793,14.186499004972749,-24.372998009945498,-23.282088919036408,True,sigma_color_stat_mag,True
constant,14,2,0.5674536233634047,-3.124708111320774,0.0,,,0.053899529327417296,18.931976583923394,-33.86395316784679,-32.773044076937694,True,sigma_color_stat_mag,True
constant,14,2,0.5674536233634047,-3.1490231035152374,0.0,,,0.07227242440980668,15.679631838778525,-27.35926367755705,-26.26835458664796,True,sigma_color_stat_mag,True
constant,14,2,0.5674536233634047,-3.1906158240068323,0.0,,,0.08099370906287993,14.43719619146209,-24.87439238292418,-23.78348329201509,True,sigma_color_stat_mag,True
constant,14,2,0.5674536233634047,-3.209585311408495,0.0,,,0.0756615560323071,15.19273559861386,-26.38547119722772,-25.29456210631863,True,sigma_color_stat_mag,True
constant,14,2,0.5674536233634047,-3.153511438979161,0.0,,,0.08472167080738338,13.837585414645691,-23.675170829291382,-22.584261738382292,True,sigma_color_stat_mag,True
constant,14,2,0.5674536233634047,-3.219076846263172,0.0,,,0.07261577627679124,15.599227679437313,-27.198455358874625,-26.107546267965535,True,sigma_color_stat_mag,True
constant,14,2,0.5674536233634047,-3.1690466455115445,0.0,,,0.0748573971741778,15.328550754088026,-26.65710150817605,-25.56619241726696,True,sigma_color_stat_mag,True
constant,14,2,0.5674536233634047,-3.147278894953655,0.0,,,0.08928566177390239,13.188204436741751,-22.376408873483502,-21.285499782574412,True,sigma_color_stat_mag,True
constant,14,2,0.5674536233634047,-3.1919501982271283,0.0,,,0.09338949984363058,12.610738065029329,-21.221476130058658,-20.130567039149568,True,sigma_color_stat_mag,True
constant,14,2,0.5674536233634047,-3.1716404185631495,0.0,,,0.07152643125914174,15.80462055693486,-27.60924111386972,-26.51833202296063,True,sigma_color_stat_mag,True
constant,14,2,0.5674536233634047,-3.1656131797119875,0.0,,,0.08389708832191436,13.916292241745634,-23.832584483491267,-22.741675392582177,True,sigma_color_stat_mag,True
constant,14,2,0.5674536233634047,-3.1424556103745096,0.0,,,0.05310663438844823,19.046001560276373,-34.09200312055275,-33.00109402964365,True,sigma_color_stat_mag,True
constant,14,2,0.5674536233634047,-3.219111970454209,0.0,,,0.08370824480191023,14.005326283841262,-24.010652567682524,-22.919743476773434,True,sigma_color_stat_mag,True
constant,14,2,0.5674536233634047,-3.2028354526693343,0.0,,,0.058544799540324245,18.235710661558528,-32.471421323117056,-31.380512232207966,True,sigma_color_stat_mag,True
constant,14,2,0.5674536233634047,-3.1736121609268286,0.0,,,0.07239737799033644,15.812430313715176,-27.62486062743035,-26.53395153652126,True,sigma_color_stat_mag,True
constant,14,2,0.5674536233634047,-3.193641130605157,0.0,,,0.06978370046532133,16.103776223524115,-28.20755244704823,-27.11664335613914,True,sigma_color_stat_mag,True
constant,14,2,0.5674536233634047,-3.168238476888879,0.0,,,0.05974150405878937,17.9778027578072,-31.9556055156144,-30.86469642470531,True,sigma_color_stat_mag,True
constant,14,2,0.5674536233634047,-3.1613535894133356,0.0,,,0.0865440831262917,13.536703425767879,-23.073406851535758,-21.982497760626668,True,sigma_color_stat_mag,True
constant,14,2,0.5674536233634047,-3.189194701025506,0.0,,,0.06754304147561521,16.64006017428521,-29.28012034857042,-28.18921125766133,True,sigma_color_stat_mag,True
constant,14,2,0.5674536233634047,-3.216346945072162,0.0,,,0.09554715755595332,12.304506835311592,-20.609013670623185,-19.518104579714095,True,sigma_color_stat_mag,True
constant,14,2,0.5674536233634047,-3.1730073516620503,0.0,,,0.0721395032873395,15.867722337845631,-27.735444675691262,-26.644535584782172,True,sigma_color_stat_mag,True
constant,14,2,0.5674536233634047,-3.1645151966508243,0.0,,,0.08493622686640491,13.798502606373319,-23.597005212746637,-22.506096121837547,True,sigma_color_stat_mag,True
constant,14,2,0.5674536233634047,-3.177533047300393,0.0,,,0.076060555172433,15.168097478679922,-26.336194957359844,-25.245285866450754,True,sigma_color_stat_mag,True
constant,14,2,0.5674536233634047,-3.160268958635657,0.0,,,0.07736095398580126,14.923690537745841,-25.847381075491683,-24.756471984582593,True,sigma_color_stat_mag,True
constant,14,2,0.5674536233634047,-3.1674355636074636,0.0,,,0.06565795523307856,16.89590825281058,-29.791816505621163,-28.700907414712074,True,sigma_color_stat_mag,True
constant,14,2,0.5674536233634047,-3.171481942950176,0.0,,,0.07971745413300711,14.575322872264318,-25.150645744528635,-24.059736653619545,True,sigma_color_stat_mag,True
constant,14,2,0.5674536233634047,-3.1982400801830826,0.0,,,0.08602151581318022,13.558402833332167,-23.116805666664334,-22.025896575755244,True,sigma_color_stat_mag,True
constant,14,2,0.5674536233634047,-3.209665203054027,0.0,,,0.0783952556323639,14.776354486498223,-25.552708972996445,-24.461799882087355,True,sigma_color_stat_mag,True
constant,14,2,0.5674536233634047,-3.1320566015516986,0.0,,,0.0741879950504118,15.491466481259504,-26.98293296251901,-25.89202387160992,True,sigma_color_stat_mag,True
constant,14,2,0.5674536233634047,-3.196396564834237,0.0,,,0.09225633542252056,12.774021081529813,-21.548042163059627,-20.457133072150537,True,sigma_color_stat_mag,True
constant,14,2,0.5674536233634047,-3.1764908597284265,0.0,,,0.08406705448041497,13.906033736295756,-23.81206747259151,-22.72115838168242,True,sigma_color_stat_mag,True
constant,14,2,0.5674536233634047,-3.1843956210030604,0.0,,,0.0887891474952847,13.20030204059391,-22.40060408118782,-21.30969499027873,True,sigma_color_stat_mag,True
constant,14,2,0.5674536233634047,-3.1529843787328242,0.0,,,0.07911056470565096,14.689747610400062,-25.379495220800123,-24.288586129891033,True,sigma_color_stat_mag,True
constant,14,2,0.5674536233634047,-3.182696422234922,0.0,,,0.07833271424847463,14.705142655792754,-25.410285311585508,-24.319376220676418,True,sigma_color_stat_mag,True
constant,14,2,0.5674536233634047,-3.1688518905379226,0.0,,,0.07947319832967696,14.587750656661967,-25.175501313323934,-24.084592222414845,True,sigma_color_stat_mag,True
constant,14,2,0.5674536233634047,-3.1534995238013215,0.0,,,0.09807769693439164,11.987825639092557,-19.975651278185115,-18.884742187276025,True,sigma_color_stat_mag,True
constant,14,2,0.5674536233634047,-3.193811180639724,0.0,,,0.06678578822326185,16.59756967487504,-29.19513934975008,-28.10423025884099,True,sigma_color_stat_mag,True
constant,14,2,0.5674536233634047,-3.1828005808999866,0.0,,,0.09375649761709584,12.571478414056106,-21.14295682811221,-20.05204773720312,True,sigma_color_stat_mag,True
constant,14,2,0.5674536233634047,-3.1643087207555824,0.0,,,0.07918234277933373,14.636099251555294,-25.272198503110587,-24.181289412201497,True,sigma_color_stat_mag,True
constant,14,2,0.5674536233634047,-3.1788987310231684,0.0,,,0.07568624584178216,15.165946960204133,-26.331893920408266,-25.240984829499176,True,sigma_color_stat_mag,True
constant,14,2,0.5674536233634047,-3.172394621778781,0.0,,,0.07567403930433043,15.170656576267572,-26.341313152535143,-25.250404061626053,True,sigma_color_stat_mag,True
constant,14,2,0.5674536233634047,-3.1823153806222813,0.0,,,0.07760495083913084,14.892696095417929,-25.785392190835857,-24.694483099926767,True,sigma_color_stat_mag,True
constant,14,2,0.5674536233634047,-3.1706513100124347,0.0,,,0.09433385596573406,12.47229278462358,-20.94458556924716,-19.85367647833807,True,sigma_color_stat_mag,True
constant,14,2,0.5674536233634047,-3.2270355361205474,0.0,,,0.08730095554464203,13.371075769650467,-22.742151539300934,-21.651242448391844,True,sigma_color_stat_mag,True
constant,14,2,0.5674536233634047,-3.189967401111619,0.0,,,0.07150060845497876,15.86715002207111,-27.73430004414222,-26.64339095323313,True,sigma_color_stat_mag,True
constant,14,2,0.5674536233634047,-3.161794413088257,0.0,,,0.07408922167125898,15.449691116683983,-26.899382233367966,-25.808473142458876,True,sigma_color_stat_mag,True
constant,14,2,0.5674536233634047,-3.207012610711314,0.0,,,0.0813069183138465,14.261818363293163,-24.523636726586325,-23.432727635677235,True,sigma_color_stat_mag,True
constant,14,2,0.5674536233634047,-3.1788451460555294,0.0,,,0.0798634130408417,14.478509840977637,-24.957019681955273,-23.866110591046183,True,sigma_color_stat_mag,True
constant,14,2,0.5674536233634047,-3.136095631920613,0.0,,,0.0743258599713932,15.395964117478243,-26.791928234956487,-25.701019144047397,True,sigma_color_stat_mag,True
constant,14,2,0.5674536233634047,-3.204917096837746,0.0,,,0.07599255431496267,15.140418821768707,-26.280837643537414,-25.189928552628324,True,sigma_color_stat_mag,True
constant,14,2,0.5674536233634047,-3.1834848978449957,0.0,,,0.08914466221755826,13.126363854816274,-22.25272770963255,-21.16181861872346,True,sigma_color_stat_mag,True
constant,14,2,0.5674536233634047,-3.1853803152233024,0.0,,,0.0963404462310016,12.166467468857922,-20.332934937715844,-19.242025846806754,True,sigma_color_stat_mag,True
constant,14,2,0.5674536233634047,-3.1350397164724835,0.0,,,0.08698421592812419,13.513926624236197,-23.027853248472393,-21.936944157563303,True,sigma_color_stat_mag,True
constant,14,2,0.5674536233634047,-3.1718400876353723,0.0,,,0.07308635502715867,15.55348018546554,-27.10696037093108,-26.01605128002199,True,sigma_color_stat_mag,True
constant,14,2,0.5674536233634047,-3.190945211403744,0.0,,,0.06622428117498178,16.79037928924032,-29.58075857848064,-28.48984948757155,True,sigma_color_stat_mag,True
constant,14,2,0.5674536233634047,-3.2055412079123244,0.0,,,0.07828564626594406,14.826521698374062,-25.653043396748124,-24.562134305839034,True,sigma_color_stat_mag,True
constant,14,2,0.5674536233634047,-3.1820187519747023,0.0,,,0.08676162387676419,13.521522991012928,-23.043045982025856,-21.952136891116766,True,sigma_color_stat_mag,True
constant,14,2,0.5674536233634047,-3.159507925821016,0.0,,,0.1099649695644794,10.507235616271311,-17.014471232542622,-15.923562141633532,True,sigma_color_stat_mag,True
constant,14,2,0.5674536233634047,-3.1509324911185344,0.0,,,0.10978597128227122,10.518607662776814,-17.03721532555363,-15.946306234644538,True,sigma_color_stat_mag,True
constant,14,2,0.5674536233634047,-3.1817093376587198,0.0,,,0.06221331209411756,17.502499869350174,-31.00499973870035,-29.91409064779126,True,sigma_color_stat_mag,True
constant,14,2,0.5674536233634047,-3.1397065488921077,0.0,,,0.06664329161246367,16.53717149602091,-29.07434299204182,-27.98343390113273,True,sigma_color_stat_mag,True
constant,14,2,0.5674536233634047,-3.1326511705846913,0.0,,,0.051718124593554377,19.450916944418616,-34.90183388883723,-33.81092479792814,True,sigma_color_stat_mag,True
constant,14,2,0.5674536233634047,-3.2125418968886996,0.0,,,0.0839634784641646,13.859121134915304,-23.718242269830608,-22.627333178921518,True,sigma_color_stat_mag,True
constant,14,2,0.5674536233634047,-3.1696914620921803,0.0,,,0.08296991613179813,14.092424760100089,-24.184849520200178,-23.093940429291088,True,sigma_color_stat_mag,True
constant,14,2,0.5674536233634047,-3.2102120382332267,0.0,,,0.07417445382034277,15.313907299591428,-26.627814599182855,-25.536905508273765,True,sigma_color_stat_mag,True
constant,14,2,0.5674536233634047,-3.1263714223402337,0.0,,,0.08291940253746266,13.959883366324478,-23.919766732648956,-22.828857641739866,True,sigma_color_stat_mag,True
constant,14,2,0.5674536233634047,-3.1894446549819686,0.0,,,0.07936513015137117,14.622482651837057,-25.244965303674114,-24.154056212765024,True,sigma_color_stat_mag,True
constant,14,2,0.5674536233634047,-3.146940431667626,0.0,,,0.08576822735903808,13.6301166360193,-23.2602332720386,-22.16932418112951,True,sigma_color_stat_mag,True
constant,14,2,0.5674536233634047,-3.1529995519541623,0.0,,,0.0762164191376236,15.13044498084733,-26.26088996169466,-25.16998087078557,True,sigma_color_stat_mag,True
constant,14,2,0.5674536233634047,-3.142639852718939,0.0,,,0.07577449015426031,15.097865506560058,-26.195731013120117,-25.104821922211027,True,sigma_color_stat_mag,True
constant,14,2,0.5674536233634047,-3.134204106804631,0.0,,,0.07418000534689483,15.524779730815967,-27.049559461631933,-25.958650370722843,True,sigma_color_stat_mag,True
constant,14,2,0.5674536233634047,-3.1910261536044815,0.0,,,0.04839364545329662,20.11777861839903,-36.23555723679806,-35.144648145888965,True,sigma_color_stat_mag,True
constant,14,2,0.5674536233634047,-3.1634999053597275,0.0,,,0.07842320273637371,14.781379875230968,-25.562759750461936,-24.471850659552846,True,sigma_color_stat_mag,True
constant,14,2,0.5674536233634047,-3.1657124424932066,0.0,,,0.08647983580912905,13.481254053015679,-22.962508106031358,-21.871599015122268,True,sigma_color_stat_mag,True
constant,14,2,0.5674536233634047,-3.1524664219941028,0.0,,,0.09100998534954043,12.882678003788829,-21.765356007577658,-20.67444691666857,True,sigma_color_stat_mag,True
constant,14,2,0.5674536233634047,-3.2030471884580334,0.0,,,0.08292540118731646,14.098905598179831,-24.197811196359662,-23.106902105450573,True,sigma_color_stat_mag,True
constant,14,2,0.5674536233634047,-3.1667484055686215,0.0,,,0.10402538408153413,11.230325694648283,-18.460651389296565,-17.369742298387475,True,sigma_color_stat_mag,True
constant,14,2,0.5674536233634047,-3.1942768889410043,0.0,,,0.07893461287328446,14.604497104721695,-25.20899420944339,-24.1180851185343,True,sigma_color_stat_mag,True
constant,14,2,0.5674536233634047,-3.1739922840987687,0.0,,,0.0960739936859494,12.232377009921953,-20.464754019843905,-19.373844928934815,True,sigma_color_stat_mag,True
constant,14,2,0.5674536233634047,-3.143083355960857,0.0,,,0.10696100799518453,10.866795617588139,-17.733591235176277,-16.642682144267187,True,sigma_color_stat_mag,True
constant,14,2,0.5674536233634047,-3.201420481400216,0.0,,,0.08656348402022732,13.547377526515751,-23.094755053031502,-22.003845962122412,True,sigma_color_stat_mag,True
constant,14,2,0.5674536233634047,-3.171865597330946,0.0,,,0.08259902083264066,14.124181630379631,-24.248363260759263,-23.157454169850173,True,sigma_color_stat_mag,True
constant,14,2,0.5674536233634047,-3.1782387512122394,0.0,,,0.0886712654030146,13.258795225682848,-22.517590451365695,-21.426681360456605,True,sigma_color_stat_mag,True
constant,14,2,0.5674536233634047,-3.22533862608693,0.0,,,0.07435497868217776,15.19801900965578,-26.39603801931156,-25.30512892840247,True,sigma_color_stat_mag,True
constant,14,2,0.5674536233634047,-3.1758206020729554,0.0,,,0.05699305560701544,18.29197082245587,-32.58394164491174,-31.49303255400265,True,sigma_color_stat_mag,True
constant,14,2,0.5674536233634047,-3.1713748020748778,0.0,,,0.05819657359605847,18.202501452085894,-32.40500290417179,-31.314093813262698,True,sigma_color_stat_mag,True
constant,14,2,0.5674536233634047,-3.189815037036347,0.0,,,0.08139453972584815,14.28253126478096,-24.56506252956192,-23.47415343865283,True,sigma_color_stat_mag,True
constant,14,2,0.5674536233634047,-3.214203675460766,0.0,,,0.07670535168945562,15.010716516376766,-26.02143303275353,-24.93052394184444,True,sigma_color_stat_mag,True
constant,14,2,0.5674536233634047,-3.1939403178849095,0.0,,,0.1058362282163116,10.977929197735435,-17.95585839547087,-16.86494930456178,True,sigma_color_stat_mag,True
constant,14,2,0.5674536233634047,-3.1524090151866266,0.0,,,0.08928920410034745,13.141824183741372,-22.283648367482744,-21.192739276573654,True,sigma_color_stat_mag,True
constant,14,2,0.5674536233634047,-3.176515709959111,0.0,,,0.09622205407195747,12.161147283317696,-20.322294566635392,-19.231385475726302,True,sigma_color_stat_mag,True
constant,14,2,0.5674536233634047,-3.2012030495373747,0.0,,,0.08570785214315983,13.69155871778748,-23.38311743557496,-22.29220834466587,True,sigma_color_stat_mag,True
constant,14,2,0.5674536233634047,-3.1634278684261385,0.0,,,0.05925976772045418,17.95034761481585,-31.9006952296317,-30.80978613872261,True,sigma_color_stat_mag,True
constant,14,2,0.5674536233634047,-3.1991579195900894,0.0,,,0.06592912207495268,16.802344665326647,-29.604689330653294,-28.513780239744204,True,sigma_color_stat_mag,True
constant,14,2,0.5674536233634047,-3.125388463450596,0.0,,,0.07377003358653925,15.581904686822668,-27.163809373645336,-26.072900282736246,True,sigma_color_stat_mag,True
constant,14,2,0.5674536233634047,-3.1873095366448707,0.0,,,0.07630378958385017,15.08087697791706,-26.16175395583412,-25.07084486492503,True,sigma_color_stat_mag,True
constant,14,2,0.5674536233634047,-3.2045232298839395,0.0,,,0.0681804020809223,16.39210573108832,-28.784211462176643,-27.693302371267553,True,sigma_color_stat_mag,True
constant,14,2,0.5674536233634047,-3.162620189456525,0.0,,,0.0761287484582169,15.207469742222532,-26.414939484445064,-25.324030393535974,True,sigma_color_stat_mag,True
constant,14,2,0.5674536233634047,-3.1746374677758915,0.0,,,0.0818537416325534,14.230800113950934,-24.46160022790187,-23.37069113699278,True,sigma_color_stat_mag,True
constant,14,2,0.5674536233634047,-3.169940797520309,0.0,,,0.08496601315620234,13.747568507004038,-23.495137014008076,-22.404227923098986,True,sigma_color_stat_mag,True
constant,14,2,0.5674536233634047,-3.148986389029256,0.0,,,0.0977054016823069,11.961044281160333,-19.922088562320667,-18.831179471411577,True,sigma_color_stat_mag,True
constant,14,2,0.5674536233634047,-3.1708350510433156,0.0,,,0.07898375249626943,14.71815671995751,-25.43631343991502,-24.34540434900593,True,sigma_color_stat_mag,True
constant,14,2,0.5674536233634047,-3.200645467917864,0.0,,,0.08386896947957247,13.902080112714117,-23.804160225428234,-22.713251134519144,True,sigma_color_stat_mag,True
constant,14,2,0.5674536233634047,-3.1348712282191498,0.0,,,0.05670621675865289,18.34409128975166,-32.68818257950332,-31.59727348859423,True,sigma_color_stat_mag,True
constant,14,2,0.5674536233634047,-3.149997571317196,0.0,,,0.08875720359376439,13.249820594353205,-22.49964118870641,-21.40873209779732,True,sigma_color_stat_mag,True
constant,14,2,0.5674536233634047,-3.1742633086832623,0.0,,,0.07430769690097051,15.488976958298622,-26.977953916597244,-25.887044825688154,True,sigma_color_stat_mag,True
constant,14,2,0.5674536233634047,-3.1682981510288806,0.0,,,0.10095972978297327,11.592829466485526,-19.18565893297105,-18.09474984206196,True,sigma_color_stat_mag,True
constant,14,2,0.5674536233634047,-3.1809438624186934,0.0,,,0.08565069989618336,13.664721536218078,-23.329443072436156,-22.238533981527066,True,sigma_color_stat_mag,True
constant,14,2,0.5674536233634047,-3.1765618390328236,0.0,,,0.06657626584717091,16.720949853553485,-29.44189970710697,-28.35099061619788,True,sigma_color_stat_mag,True
constant,14,2,0.5674536233634047,-3.1552857831634813,0.0,,,0.07990322568918944,14.540127489344517,-25.080254978689034,-23.989345887779944,True,sigma_color_stat_mag,True
constant,14,2,0.5674536233634047,-3.1751635317753433,0.0,,,0.0922128001167236,12.80890868283829,-21.61781736567658,-20.52690827476749,True,sigma_color_stat_mag,True
constant,14,2,0.5674536233634047,-3.2150557760205607,0.0,,,0.07563202624836741,15.07668134226578,-26.15336268453156,-25.06245359362247,True,sigma_color_stat_mag,True
constant,14,2,0.5674536233634047,-3.169402696587536,0.0,,,0.08995350494491489,13.037714149952485,-22.07542829990497,-20.98451920899588,True,sigma_color_stat_mag,True
constant,14,2,0.5674536233634047,-3.1609502561047726,0.0,,,0.097426437131751,12.074980161429544,-20.149960322859087,-19.059051231949997,True,sigma_color_stat_mag,True
constant,14,2,0.5674536233634047,-3.156803608828463,0.0,,,0.08419590312171356,13.898527648917774,-23.79705529783555,-22.70614620692646,True,sigma_color_stat_mag,True
constant,14,2,0.5674536233634047,-3.1446154692855695,0.0,,,0.06947009721499132,16.20929373806636,-28.41858747613272,-27.32767838522363,True,sigma_color_stat_mag,True
constant,14,2,0.5674536233634047,-3.1554894869760037,0.0,,,0.09246495346588046,12.685020231859125,-21.37004046371825,-20.27913137280916,True,sigma_color_stat_mag,True
constant,14,2,0.5674536233634047,-3.2048353223863812,0.0,,,0.07868237937359161,14.751231309613111,-25.502462619226222,-24.411553528317132,True,sigma_color_stat_mag,True
constant,14,2,0.5674536233634047,-3.1822071533119827,0.0,,,0.08029438622283928,14.534984613251037,-25.069969226502074,-23.979060135592984,True,sigma_color_stat_mag,True
constant,14,2,0.5674536233634047,-3.1836643559376414,0.0,,,0.08574792526800926,13.628661387216525,-23.25732277443305,-22.16641368352396,True,sigma_color_stat_mag,True
constant,14,2,0.5674536233634047,-3.1614588408561892,0.0,,,0.09106799635968836,12.943017066233217,-21.886034132466435,-20.795125041557345,True,sigma_color_stat_mag,True
constant,14,2,0.5674536233634047,-3.162733527160804,0.0,,,0.0789495911698357,14.646831278330936,-25.29366255666187,-24.20275346575278,True,sigma_color_stat_mag,True
constant,14,2,0.5674536233634047,-3.1839013142634163,0.0,,,0.07900119794893312,14.705164990850538,-25.410329981701075,-24.319420890791985,True,sigma_color_stat_mag,True
constant,14,2,0.5674536233634047,-3.1137499547796135,0.0,,,0.06567545213447477,16.82704908109761,-29.65409816219522,-28.56318907128613,True,sigma_color_stat_mag,True
constant,14,2,0.5674536233634047,-3.170204277729189,0.0,,,0.09775597977435617,12.028405372478487,-20.056810744956973,-18.965901654047883,True,sigma_color_stat_mag,True
constant,14,2,0.5674536233634047,-3.1827301915045014,0.0,,,0.07343900331505868,15.616424956323103,-27.232849912646206,-26.141940821737116,True,sigma_color_stat_mag,True
constant,14,2,0.5674536233634047,-3.158867847590878,0.0,,,0.08903811588713818,13.16067728152782,-22.32135456305564,-21.23044547214655,True,sigma_color_stat_mag,True
constant,14,2,0.5674536233634047,-3.212924491986407,0.0,,,0.05895218774289979,17.81091705341186,-31.62183410682372,-30.53092501591463,True,sigma_color_stat_mag,True
constant,14,2,0.5674536233634047,-3.142904850530414,0.0,,,0.09474983653029785,12.41947256596517,-20.83894513193034,-19.74803604102125,True,sigma_color_stat_mag,True
constant,14,2,0.5674536233634047,-3.1530392616255996,0.0,,,0.08501079659517465,13.74866233723154,-23.49732467446308,-22.40641558355399,True,sigma_color_stat_mag,True
constant,14,2,0.5674536233634047,-3.184530167858969,0.0,,,0.0828554784934981,14.124259675839804,-24.248519351679608,-23.157610260770518,True,sigma_color_stat_mag,True
constant,14,2,0.5674536233634047,-3.1839045153972316,0.0,,,0.08005227116079836,14.449335198475211,-24.898670396950422,-23.807761306041332,True,sigma_color_stat_mag,True
constant,14,2,0.5674536233634047,-3.1661768573770446,0.0,,,0.09231552485631055,12.729457539833358,-21.458915079666717,-20.368005988757627,True,sigma_color_stat_mag,True
constant,14,2,0.5674536233634047,-3.1695702526363836,0.0,,,0.08600495088522056,13.690126387505355,-23.38025277501071,-22.28934368410162,True,sigma_color_stat_mag,True
constant,14,2,0.5674536233634047,-3.19752268879046,0.0,,,0.0739808120283686,15.534028313059295,-27.06805662611859,-25.9771475352095,True,sigma_color_stat_mag,True
constant,14,2,0.5674536233634047,-3.192141330840123,0.0,,,0.10366698403892842,11.284098828643897,-18.568197657287794,-17.477288566378704,True,sigma_color_stat_mag,True
constant,14,2,0.5674536233634047,-3.1341914308456067,0.0,,,0.07909030929827789,14.658836842080854,-25.317673684161708,-24.226764593252618,True,sigma_color_stat_mag,True
constant,14,2,0.5674536233634047,-3.2087812518000565,0.0,,,0.08047746518598527,14.493519603415505,-24.98703920683101,-23.89613011592192,True,sigma_color_stat_mag,True
constant,14,2,0.5674536233634047,-3.159791276407287,0.0,,,0.10304529686667596,11.332999463301764,-18.665998926603528,-17.57508983569444,True,sigma_color_stat_mag,True
constant,14,2,0.5674536233634047,-3.1947566473460256,0.0,,,0.11121076998209004,10.37880816935079,-16.75761633870158,-15.666707247792491,True,sigma_color_stat_mag,True
constant,14,2,0.5674536233634047,-3.1557696486855984,0.0,,,0.08852806233309667,13.266737635297728,-22.533475270595456,-21.442566179686366,True,sigma_color_stat_mag,True
constant,14,2,0.5674536233634047,-3.15709396668916,0.0,,,0.08373507810625615,14.037971864054432,-24.075943728108864,-22.985034637199774,True,sigma_color_stat_mag,True
constant,14,2,0.5674536233634047,-3.170455027502317,0.0,,,0.08673296270941153,13.526334470165605,-23.05266894033121,-21.96175984942212,True,sigma_color_stat_mag,True
constant,14,2,0.5674536233634047,-3.1183842202803755,0.0,,,0.08007997966333873,14.608066019699276,-25.216132039398552,-24.125222948489462,True,sigma_color_stat_mag,True
constant,14,2,0.5674536233634047,-3.2050936993417367,0.0,,,0.06983442670890976,16.21338660368896,-28.42677320737792,-27.33586411646883,True,sigma_color_stat_mag,True
constant,14,2,0.5674536233634047,-3.197443987353674,0.0,,,0.07983229670942314,14.510707634755466,-25.021415269510932,-23.930506178601842,True,sigma_color_stat_mag,True
constant,14,2,0.5674536233634047,-3.1788164281904714,0.0,,,0.08718870772179117,13.483180968355306,-22.966361936710612,-21.875452845801522,True,sigma_color_stat_mag,True
constant,14,2,0.5674536233634047,-3.1388317254378655,0.0,,,0.07479578058644645,15.364411856248612,-26.728823712497224,-25.637914621588134,True,sigma_color_stat_mag,True
constant,14,2,0.5674536233634047,-3.174358828304032,0.0,,,0.06006645835740708,17.813748926169083,-31.627497852338166,-30.536588761429076,True,sigma_color_stat_mag,True
constant,14,2,0.5674536233634047,-3.1494305553611603,0.0,,,0.06413440410983558,17.026080817000782,-30.052161634001564,-28.961252543092474,True,sigma_color_stat_mag,True
constant,14,2,0.5674536233634047,-3.170899764863557,0.0,,,0.0911134036493383,12.834863780279756,-21.66972756055951,-20.57881846965042,True,sigma_color_stat_mag,True
constant,14,2,0.5674536233634047,-3.219037325497008,0.0,,,0.10304247922830238,11.349591574080092,-18.699183148160184,-17.608274057251094,True,sigma_color_stat_mag,True
constant,14,2,0.5674536233634047,-3.14629632229327,0.0,,,0.1066277074003151,10.896487114176296,-17.79297422835259,-16.7020651374435,True,sigma_color_stat_mag,True
constant,14,2,0.5674536233634047,-3.171393451506066,0.0,,,0.07351946927881214,15.573394640992452,-27.146789281984905,-26.055880191075815,True,sigma_color_stat_mag,True
constant,14,2,0.5674536233634047,-3.141860608093589,0.0,,,0.06552164480871887,16.79800149076675,-29.596002981533502,-28.505093890624412,True,sigma_color_stat_mag,True
constant,14,2,0.5674536233634047,-3.158238208881609,0.0,,,0.08354879719650857,14.05889579236554,-24.11779158473108,-23.02688249382199,True,sigma_color_stat_mag,True
constant,14,2,0.5674536233634047,-3.1898296892539544,0.0,,,0.08177981948539426,14.269144658707143,-24.538289317414286,-23.447380226505196,True,sigma_color_stat_mag,True
constant,14,2,0.5674536233634047,-3.190003203536065,0.0,,,0.09038687523562655,12.99491975718003,-21.98983951436006,-20.89893042345097,True,sigma_color_stat_mag,True
constant,14,2,0.5674536233634047,-3.1948685029830357,0.0,,,0.0835137627314132,13.977612942747992,-23.955225885495985,-22.864316794586895,True,sigma_color_stat_mag,True
constant,14,2,0.5674536233634047,-3.1223378845144456,0.0,,,0.10542705830044931,11.029660119331146,-18.05932023866229,-16.9684111477532,True,sigma_color_stat_mag,True
constant,14,2,0.5674536233634047,-3.180364280589083,0.0,,,0.06750186810431019,16.635652312471112,-29.271304624942225,-28.180395534033135,True,sigma_color_stat_mag,True
constant,14,2,0.5674536233634047,-3.1578291789745707,0.0,,,0.07612360698076025,15.175203510510855,-26.35040702102171,-25.25949793011262,True,sigma_color_stat_mag,True
constant,14,2,0.5674536233634047,-3.1328281787740133,0.0,,,0.08182894389344869,14.330941113716491,-24.661882227432983,-23.570973136523893,True,sigma_color_stat_mag,True
constant,14,2,0.5674536233634047,-3.175056320338712,0.0,,,0.09117380175776771,12.945042235358741,-21.890084470717483,-20.799175379808393,True,sigma_color_stat_mag,True
constant,14,2,0.5674536233634047,-3.206413089218028,0.0,,,0.06468494013385888,16.94183794372424,-29.883675887448483,-28.792766796539393,True,sigma_color_stat_mag,True
constant,14,2,0.5674536233634047,-3.1700198570337745,0.0,,,0.04771345043114591,20.406630534267972,-36.813261068535944,-35.72235197762685,True,sigma_color_stat_mag,True
constant,14,2,0.5674536233634047,-3.1329759354257583,0.0,,,0.08987034827519866,13.085452303898524,-22.17090460779705,-21.07999551688796,True,sigma_color_stat_mag,True
constant,14,2,0.5674536233634047,-3.1858320529512225,0.0,,,0.08974044150668017,13.069342968774984,-22.13868593754997,-21.04777684664088,True,sigma_color_stat_mag,True
constant,14,2,0.5674536233634047,-3.2003197561321683,0.0,,,0.06116626073288373,17.71843572157195,-31.4368714431439,-30.34596235223481,True,sigma_color_stat_mag,True
constant,14,2,0.5674536233634047,-3.1749590865309467,0.0,,,0.09362912159249237,12.538667372128494,-21.077334744256987,-19.986425653347897,True,sigma_color_stat_mag,True
constant,14,2,0.5674536233634047,-3.1891814266225653,0.0,,,0.08109959665936395,14.335468087871515,-24.67093617574303,-23.58002708483394,True,sigma_color_stat_mag,True
constant,14,2,0.5674536233634047,-3.1899257176901554,0.0,,,0.07983516790949977,14.52009845474683,-25.04019690949366,-23.94928781858457,True,sigma_color_stat_mag,True
constant,14,2,0.5674536233634047,-3.1432123514461447,0.0,,,0.08788959920259881,13.311604200723364,-22.62320840144673,-21.53229931053764,True,sigma_color_stat_mag,True
constant,14,2,0.5674536233634047,-3.1400854878473092,0.0,,,0.05832265135158029,18.205918176729156,-32.41183635345831,-31.320927262549223,True,sigma_color_stat_mag,True
constant,14,2,0.5674536233634047,-3.11603988444303,0.0,,,0.06640874754938686,16.63488565787256,-29.269771315745118,-28.178862224836028,True,sigma_color_stat_mag,True
constant,14,2,0.5674536233634047,-3.198164671734028,0.0,,,0.09079247498265469,12.964648674439461,-21.929297348878922,-20.838388257969832,True,sigma_color_stat_mag,True
constant,14,2,0.5674536233634047,-3.1429130737738875,0.0,,,0.08760574198186526,13.411836528444569,-22.823673056889138,-21.73276396598005,True,sigma_color_stat_mag,True
constant,14,2,0.5674536233634047,-3.1742295744337405,0.0,,,0.07094293593257292,15.982476669496744,-27.96495333899349,-26.8740442480844,True,sigma_color_stat_mag,True
constant,14,2,0.5674536233634047,-3.1367201938209224,0.0,,,0.07600221041148943,15.059657452644636,-26.119314905289272,-25.028405814380182,True,sigma_color_stat_mag,True
constant,14,2,0.5674536233634047,-3.180414507508068,0.0,,,0.07564027292887636,15.204815526072503,-26.409631052145006,-25.318721961235916,True,sigma_color_stat_mag,True
constant,14,2,0.5674536233634047,-3.1816118839295546,0.0,,,0.10131575856105604,11.53547478978584,-19.07094957957168,-17.98004048866259,True,sigma_color_stat_mag,True
constant,14,2,0.5674536233634047,-3.153692188944711,0.0,,,0.07728887074395283,14.956435213298104,-25.912870426596207,-24.821961335687117,True,sigma_color_stat_mag,True
constant,14,2,0.5674536233634047,-3.1711652290736088,0.0,,,0.08668525859916658,13.499916795379635,-22.99983359075927,-21.90892449985018,True,sigma_color_stat_mag,True
constant,14,2,0.5674536233634047,-3.14709978486768,0.0,,,0.06742139025404209,16.470592624987077,-28.941185249974154,-27.850276159065064,True,sigma_color_stat_mag,True
constant,14,2,0.5674536233634047,-3.1567263791930413,0.0,,,0.08572116991922477,13.637095381419556,-23.274190762839112,-22.183281671930022,True,sigma_color_stat_mag,True
constant,14,2,0.5674536233634047,-3.1893185660419388,0.0,,,0.0807519716788049,14.360618239389561,-24.721236478779122,-23.630327387870032,True,sigma_color_stat_mag,True
constant,14,2,0.5674536233634047,-3.170608465991665,0.0,,,0.09356661716041151,12.535854558499189,-21.071709116998377,-19.980800026089288,True,sigma_color_stat_mag,True
constant,14,2,0.5674536233634047,-3.2119952185926657,0.0,,,0.05322401055654584,19.16187387056592,-34.32374774113184,-33.232838650222746,True,sigma_color_stat_mag,True
constant,14,2,0.5674536233634047,-3.148904181109899,0.0,,,0.051783973330422096,19.5593971587925,-35.118794317585,-34.027885226675906,True,sigma_color_stat_mag,True
constant,14,2,0.5674536233634047,-3.1560061465998874,0.0,,,0.09417694996538528,12.509886382170325,-21.01977276434065,-19.92886367343156,True,sigma_color_stat_mag,True
constant,14,2,0.5674536233634047,-3.172652377430953,0.0,,,0.08033868222618025,14.433483977630628,-24.866967955261256,-23.776058864352166,True,sigma_color_stat_mag,True
constant,14,2,0.5674536233634047,-3.1500049400580523,0.0,,,0.09219827993924727,12.7326341173229,-21.4652682346458,-20.37435914373671,True,sigma_color_stat_mag,True
constant,14,2,0.5674536233634047,-3.194980253669811,0.0,,,0.06818208933441378,16.34873768325584,-28.697475366511682,-27.606566275602592,True,sigma_color_stat_mag,True
constant,14,2,0.5674536233634047,-3.180254539366637,0.0,,,0.09605645624588947,12.19354792436117,-20.38709584872234,-19.29618675781325,True,sigma_color_stat_mag,True
constant,14,2,0.5674536233634047,-3.1952011293810063,0.0,,,0.08871318674349764,13.226141270109725,-22.45228254021945,-21.36137344931036,True,sigma_color_stat_mag,True
constant,14,2,0.5674536233634047,-3.1679502790904617,0.0,,,0.08622216506015697,13.63808678476542,-23.27617356953084,-22.18526447862175,True,sigma_color_stat_mag,True
constant,14,2,0.5674536233634047,-3.1906138253832608,0.0,,,0.07963847408684267,14.524932274199642,-25.049864548399285,-23.958955457490195,True,sigma_color_stat_mag,True
constant,14,2,0.5674536233634047,-3.183176248957172,0.0,,,0.0955982938594802,12.283884050242106,-20.567768100484212,-19.476859009575122,True,sigma_color_stat_mag,True
constant,14,2,0.5674536233634047,-3.1455784770143222,0.0,,,0.0766927179582653,15.06287968630998,-26.12575937261996,-25.03485028171087,True,sigma_color_stat_mag,True
constant,14,2,0.5674536233634047,-3.1027668620037145,0.0,,,0.06275047787608432,17.288398378286438,-30.576796756572875,-29.485887665663785,True,sigma_color_stat_mag,True
constant,14,2,0.5674536233634047,-3.1847575113163447,0.0,,,0.0786960715673202,14.675799951863679,-25.351599903727358,-24.260690812818268,True,sigma_color_stat_mag,True
constant,14,2,0.5674536233634047,-3.1372748038085265,0.0,,,0.07224756482531097,15.620503325252642,-27.241006650505284,-26.150097559596194,True,sigma_color_stat_mag,True
constant,14,2,0.5674536233634047,-3.1571125685283583,0.0,,,0.0671362087456242,16.69275797427954,-29.385515948559082,-28.294606857649992,True,sigma_color_stat_mag,True
constant,14,2,0.5674536233634047,-3.180971881954947,0.0,,,0.07215997596275853,15.765093434848678,-27.530186869697356,-26.439277778788266,True,sigma_color_stat_mag,True
constant,14,2,0.5674536233634047,-3.189117133798818,0.0,,,0.0698275456353267,16.129218509380063,-28.258437018760127,-27.167527927851037,True,sigma_color_stat_mag,True
constant,14,2,0.5674536233634047,-3.1532544376974485,0.0,,,0.08081368341312807,14.39914213624738,-24.79828427249476,-23.70737518158567,True,sigma_color_stat_mag,True
constant,14,2,0.5674536233634047,-3.1976104688889095,0.0,,,0.08603013754393483,13.616744049815315,-23.23348809963063,-22.14257900872154,True,sigma_color_stat_mag,True
constant,14,2,0.5674536233634047,-3.161782381871364,0.0,,,0.07052347967890875,16.040547840219215,-28.08109568043843,-26.99018658952934,True,sigma_color_stat_mag,True
constant,14,2,0.5674536233634047,-3.212390424787967,0.0,,,0.07249348397251729,15.709190652028324,-27.41838130405665,-26.32747221314756,True,sigma_color_stat_mag,True
constant,14,2,0.5674536233634047,-3.1649390206956896,0.0,,,0.09669212396376646,12.163735116293049,-20.327470232586098,-19.236561141677008,True,sigma_color_stat_mag,True
constant,14,2,0.5674536233634047,-3.1815990452926872,0.0,,,0.07103198017377009,15.988083353739654,-27.976166707479308,-26.885257616570218,True,sigma_color_stat_mag,True
constant,14,2,0.5674536233634047,-3.155986083411704,0.0,,,0.08979649868880328,13.072649650301107,-22.145299300602215,-21.054390209693125,True,sigma_color_stat_mag,True
constant,14,2,0.5674536233634047,-3.156238479215831,0.0,,,0.07223501561127814,15.78653596444954,-27.57307192889908,-26.48216283798999,True,sigma_color_stat_mag,True
constant,14,2,0.5674536233634047,-3.1830186259641198,0.0,,,0.08803608966693667,13.314698603271657,-22.629397206543313,-21.538488115634223,True,sigma_color_stat_mag,True
constant,14,2,0.5674536233634047,-3.1420857013674457,0.0,,,0.07643788579930087,14.984339803684128,-25.968679607368255,-24.877770516459165,True,sigma_color_stat_mag,True
constant,14,2,0.5674536233634047,-3.156081511597718,0.0,,,0.0688559728425204,16.254295273749307,-28.508590547498613,-27.417681456589523,True,sigma_color_stat_mag,True
constant,14,2,0.5674536233634047,-3.146925188669442,0.0,,,0.05376709868514143,18.826396552616902,-33.652793105233805,-32.56188401432471,True,sigma_color_stat_mag,True
constant,14,2,0.5674536233634047,-3.176029903424045,0.0,,,0.05527717859810275,18.796066516620925,-33.59213303324185,-32.50122394233276,True,sigma_color_stat_mag,True
constant,14,2,0.5674536233634047,-3.1696821140505653,0.0,,,0.0652430771981059,16.945990472904768,-29.891980945809536,-28.801071854900446,True,sigma_color_stat_mag,True
constant,14,2,0.5674536233634047,-3.1814328404487355,0.0,,,0.08661993066068124,13.53779916942514,-23.07559833885028,-21.98468924794119,True,sigma_color_stat_mag,True
constant,14,2,0.5674536233634047,-3.15569958104353,0.0,,,0.08641588437946048,13.637352449079863,-23.274704898159726,-22.183795807250636,True,sigma_color_stat_mag,True
constant,14,2,0.5674536233634047,-3.1706332696805735,0.0,,,0.07984855197143016,14.527402779291151,-25.054805558582302,-23.963896467673212,True,sigma_color_stat_mag,True
constant,14,2,0.5674536233634047,-3.1606742563745605,0.0,,,0.07067308889104744,15.946394413067306,-27.892788826134613,-26.801879735225523,True,sigma_color_stat_mag,True
constant,14,2,0.5674536233634047,-3.1603707067628237,0.0,,,0.07501766151158654,15.27575293643853,-26.55150587287706,-25.46059678196797,True,sigma_color_stat_mag,True
constant,14,2,0.5674536233634047,-3.1822360076615674,0.0,,,0.06705835707070251,16.62734361583575,-29.254687231671497,-28.163778140762407,True,sigma_color_stat_mag,True
constant,14,2,0.5674536233634047,-3.1567434465574933,0.0,,,0.09341913718402797,12.56690897607882,-21.13381795215764,-20.04290886124855,True,sigma_color_stat_mag,True
constant,14,2,0.5674536233634047,-3.190874863388926,0.0,,,0.07720247288082949,14.914612319422194,-25.829224638844387,-24.738315547935297,True,sigma_color_stat_mag,True
constant,14,2,0.5674536233634047,-3.1673228788755647,0.0,,,0.03998957927284633,21.88705924446905,-39.7741184889381,-38.68320939802901,True,sigma_color_stat_mag,True
constant,14,2,0.5674536233634047,-3.1579047928900685,0.0,,,0.09329011390787884,12.624060285362159,-21.248120570724318,-20.157211479815228,True,sigma_color_stat_mag,True
constant,14,2,0.5674536233634047,-3.2075585006292555,0.0,,,0.08006682326701023,14.493436231126967,-24.986872462253935,-23.895963371344845,True,sigma_color_stat_mag,True
constant,14,2,0.5674536233634047,-3.210138753258338,0.0,,,0.0472532333339295,20.493336250083658,-36.986672500167316,-35.89576340925822,True,sigma_color_stat_mag,True
constant,14,2,0.5674536233634047,-3.2076025938514663,0.0,,,0.07768458635088552,14.834551457843526,-25.669102915687052,-24.578193824777962,True,sigma_color_stat_mag,True
constant,14,2,0.5674536233634047,-3.1866743216860263,0.0,,,0.07168092287484962,15.812958263637231,-27.625916527274462,-26.535007436365373,True,sigma_color_stat_mag,True
constant,14,2,0.5674536233634047,-3.1611044224056712,0.0,,,0.08509797505034045,13.762695468313478,-23.525390936626955,-22.434481845717865,True,sigma_color_stat_mag,True
constant,14,2,0.5674536233634047,-3.202583920388855,0.0,,,0.07438612061282236,15.393390498857883,-26.786780997715766,-25.695871906806676,True,sigma_color_stat_mag,True
constant,14,2,0.5674536233634047,-3.2204899899476445,0.0,,,0.09030880805515015,12.987772590864788,-21.975545181729576,-20.884636090820486,True,sigma_color_stat_mag,True
constant,14,2,0.5674536233634047,-3.1784037967820065,0.0,,,0.08455766835894335,13.851831734842818,-23.703663469685637,-22.612754378776547,True,sigma_color_stat_mag,True
constant,14,2,0.5674536233634047,-3.163549768973516,0.0,,,0.09031799254640772,13.05861222264877,-22.11722444529754,-21.02631535438845,True,sigma_color_stat_mag,True
constant,14,2,0.5674536233634047,-3.162885076420163,0.0,,,0.08135657288663485,14.282659930184204,-24.565319860368408,-23.47441076945932,True,sigma_color_stat_mag,True
constant,14,2,0.5674536233634047,-3.1547659050267276,0.0,,,0.08679145878007789,13.484389269652185,-22.96877853930437,-21.87786944839528,True,sigma_color_stat_mag,True
constant,14,2,0.5674536233634047,-3.159114376866599,0.0,,,0.06677767490001575,16.728756089588284,-29.457512179176568,-28.36660308826748,True,sigma_color_stat_mag,True
constant,14,2,0.5674536233634047,-3.1639056098353926,0.0,,,0.08076982708432476,14.391000253596527,-24.782000507193054,-23.691091416283964,True,sigma_color_stat_mag,True
constant,14,2,0.5674536233634047,-3.166443993279924,0.0,,,0.0831973453508564,14.124820250018983,-24.249640500037966,-23.158731409128876,True,sigma_color_stat_mag,True
constant,14,2,0.5674536233634047,-3.189014348566276,0.0,,,0.08605184868747653,13.62828742980066,-23.25657485960132,-22.16566576869223,True,sigma_color_stat_mag,True
constant,14,2,0.5674536233634047,-3.1534044552191447,0.0,,,0.09396689955923046,12.523556667050414,-21.04711333410083,-19.95620424319174,True,sigma_color_stat_mag,True
constant,14,2,0.5674536233634047,-3.1462158023822404,0.0,,,0.09450678870644688,12.450538156591003,-20.901076313182006,-19.810167222272916,True,sigma_color_stat_mag,True
constant,14,2,0.5674536233634047,-3.18583349297075,0.0,,,0.08452832896943634,13.896439309014866,-23.792878618029732,-22.701969527120642,True,sigma_color_stat_mag,True
constant,14,2,0.5674536233634047,-3.187913035876031,0.0,,,0.09468512387605837,12.40995117482834,-20.81990234965668,-19.72899325874759,True,sigma_color_stat_mag,True
constant,14,2,0.5674536233634047,-3.167810259855774,0.0,,,0.09921982419391338,11.835377808927824,-19.670755617855647,-18.579846526946557,True,sigma_color_stat_mag,True
constant,14,2,0.5674536233634047,-3.1745145418164435,0.0,,,0.07730334010770684,14.950047084254967,-25.900094168509934,-24.809185077600844,True,sigma_color_stat_mag,True
constant,14,2,0.5674536233634047,-3.206956218694452,0.0,,,0.08616726111168863,13.591900040009005,-23.18380008001801,-22.09289098910892,True,sigma_color_stat_mag,True
constant,14,2,0.5674536233634047,-3.1939885334901956,0.0,,,0.09242152863820012,12.726727909903797,-21.453455819807594,-20.362546728898504,True,sigma_color_stat_mag,True
constant,14,2,0.5674536233634047,-3.1351652700379558,0.0,,,0.08307176524817299,13.969247377913304,-23.938494755826607,-22.847585664917517,True,sigma_color_stat_mag,True
constant,14,2,0.5674536233634047,-3.18663696132177,0.0,,,0.0727951741094468,15.548238763134119,-27.096477526268238,-26.005568435359148,True,sigma_color_stat_mag,True
constant,14,2,0.5674536233634047,-3.1770264792110887,0.0,,,0.08484017597275678,13.802397880592524,-23.60479576118505,-22.51388667027596,True,sigma_color_stat_mag,True
constant,14,2,0.5674536233634047,-3.2102510034149505,0.0,,,0.08221421248699866,14.178729876512225,-24.35745975302445,-23.26655066211536,True,sigma_color_stat_mag,True
constant,14,2,0.5674536233634047,-3.18651915562471,0.0,,,0.08076923988936761,14.483137121192996,-24.966274242385992,-23.875365151476903,True,sigma_color_stat_mag,True
constant,14,2,0.5674536233634047,-3.194652616954723,0.0,,,0.05837123849167418,18.284610300934116,-32.56922060186823,-31.47831151095914,True,sigma_color_stat_mag,True
constant,14,2,0.5674536233634047,-3.1706670730890636,0.0,,,0.0700890312276083,16.177773541086776,-28.35554708217355,-27.26463799126446,True,sigma_color_stat_mag,True
constant,14,2,0.5674536233634047,-3.1578860953496917,0.0,,,0.07100361901024652,15.914116856947519,-27.828233713895038,-26.73732462298595,True,sigma_color_stat_mag,True
constant,14,2,0.5674536233634047,-3.1761474828427407,0.0,,,0.07732058739141653,14.961315481957412,-25.922630963914823,-24.831721873005733,True,sigma_color_stat_mag,True
constant,14,2,0.5674536233634047,-3.174574527118141,0.0,,,0.09434128238437045,12.410755262393465,-20.82151052478693,-19.73060143387784,True,sigma_color_stat_mag,True
constant,14,2,0.5674536233634047,-3.1847232853097913,0.0,,,0.09402335339907301,12.502526201916975,-21.00505240383395,-19.91414331292486,True,sigma_color_stat_mag,True
constant,14,2,0.5674536233634047,-3.189162508494024,0.0,,,0.08883732149016708,13.254106757865536,-22.50821351573107,-21.41730442482198,True,sigma_color_stat_mag,True
constant,14,2,0.5674536233634047,-3.156834018779092,0.0,,,0.08752428118708454,13.455871100334187,-22.911742200668375,-21.820833109759285,True,sigma_color_stat_mag,True
constant,14,2,0.5674536233634047,-3.1621952322706286,0.0,,,0.08102293330175615,14.353103186316885,-24.70620637263377,-23.61529728172468,True,sigma_color_stat_mag,True
constant,14,2,0.5674536233634047,-3.1598394062791457,0.0,,,0.09388120393155422,12.538755060280941,-21.077510120561882,-19.986601029652793,True,sigma_color_stat_mag,True
constant,14,2,0.5674536233634047,-3.1773261844969705,0.0,,,0.08311234922751463,14.03548598998977,-24.07097197997954,-22.98006288907045,True,sigma_color_stat_mag,True
constant,14,2,0.5674536233634047,-3.1219913855608645,0.0,,,0.054250842093924334,19.044247907738402,-34.088495815476804,-32.99758672456771,True,sigma_color_stat_mag,True
constant,14,2,0.5674536233634047,-3.206247499203818,0.0,,,0.08249758858272137,14.097820218758617,-24.195640437517234,-23.104731346608144,True,sigma_color_stat_mag,True
constant,14,2,0.5674536233634047,-3.1884729264671083,0.0,,,0.08889444833684142,13.171695122549929,-22.343390245099858,-21.252481154190768,True,sigma_color_stat_mag,True
constant,14,2,0.5674536233634047,-3.196888161095131,0.0,,,0.0685040306002366,16.31141926404136,-28.622838528082717,-27.531929437173627,True,sigma_color_stat_mag,True
constant,14,2,0.5674536233634047,-3.12829766817705,0.0,,,0.09062795842597086,12.960515699873556,-21.92103139974711,-20.83012230883802,True,sigma_color_stat_mag,True
constant,14,2,0.5674536233634047,-3.206827374595727,0.0,,,0.08933159872901968,13.092114834773325,-22.18422966954665,-21.09332057863756,True,sigma_color_stat_mag,True
constant,14,2,0.5674536233634047,-3.159787931805437,0.0,,,0.06791788011301779,16.423066140440362,-28.846132280880724,-27.755223189971634,True,sigma_color_stat_mag,True
constant,14,2,0.5674536233634047,-3.152459668704286,0.0,,,0.05769863785682226,18.123667359392655,-32.24733471878531,-31.15642562787622,True,sigma_color_stat_mag,True
constant,14,2,0.5674536233634047,-3.197531739145654,0.0,,,0.08099087865515245,14.343438761584613,-24.686877523169226,-23.595968432260136,True,sigma_color_stat_mag,True
constant,14,2,0.5674536233634047,-3.1768614824214394,0.0,,,0.0701078639979272,16.002016868867646,-28.00403373773529,-26.9131246468262,True,sigma_color_stat_mag,True
constant,14,2,0.5674536233634047,-3.1646767126039625,0.0,,,0.06813996223757844,16.415631088407988,-28.831262176815976,-27.740353085906886,True,sigma_color_stat_mag,True
constant,14,2,0.5674536233634047,-3.1523347065863625,0.0,,,0.0946055388694566,12.45669730987861,-20.91339461975722,-19.82248552884813,True,sigma_color_stat_mag,True
constant,14,2,0.5674536233634047,-3.1494836080320225,0.0,,,0.0722710136742981,15.813268760016959,-27.626537520033917,-26.535628429124827,True,sigma_color_stat_mag,True
constant,14,2,0.5674536233634047,-3.1622551423552805,0.0,,,0.07053635216207657,16.073847853917858,-28.147695707835716,-27.056786616926626,True,sigma_color_stat_mag,True
constant,14,2,0.5674536233634047,-3.159006648404334,0.0,,,0.07546778546730731,15.18385989224453,-26.36771978448906,-25.27681069357997,True,sigma_color_stat_mag,True
constant,14,2,0.5674536233634047,-3.144047165160213,0.0,,,0.08206618675731304,14.171295638708223,-24.342591277416446,-23.251682186507356,True,sigma_color_stat_mag,True
constant,14,2,0.5674536233634047,-3.1800386859732916,0.0,,,0.08091483314960408,14.291939507180341,-24.583879014360683,-23.492969923451593,True,sigma_color_stat_mag,True
constant,14,2,0.5674536233634047,-3.205611796833642,0.0,,,0.09396713490617412,12.546930347545848,-21.093860695091696,-20.002951604182606,True,sigma_color_stat_mag,True
constant,14,2,0.5674536233634047,-3.1288616808812,0.0,,,0.09099064530303749,12.958966507146673,-21.917933014293347,-20.827023923384257,True,sigma_color_stat_mag,True
constant,14,2,0.5674536233634047,-3.1555385990901343,0.0,,,0.09122936993354512,12.83150631683928,-21.66301263367856,-20.57210354276947,True,sigma_color_stat_mag,True
constant,14,2,0.5674536233634047,-3.191147470269164,0.0,,,0.08834580458026632,13.257988302740092,-22.515976605480184,-21.425067514571094,True,sigma_color_stat_mag,True
constant,14,2,0.5674536233634047,-3.137496415698388,0.0,,,0.08513293416404213,13.7569905049306,-23.5139810098612,-22.42307191895211,True,sigma_color_stat_mag,True
constant,14,2,0.5674536233634047,-3.1975069110130634,0.0,,,0.06558269134618157,16.860322064426683,-29.720644128853365,-28.629735037944275,True,sigma_color_stat_mag,True
constant,14,2,0.5674536233634047,-3.168704330610881,0.0,,,0.0824901331124406,14.126977669684566,-24.25395533936913,-23.16304624846004,True,sigma_color_stat_mag,True
constant,14,2,0.5674536233634047,-3.1350742792103774,0.0,,,0.059372981740724806,18.118684246828067,-32.237368493656135,-31.146459402747045,True,sigma_color_stat_mag,True
constant,14,2,0.5674536233634047,-3.1671171408901393,0.0,,,0.05314292244340632,19.018330423781208,-34.036660847562416,-32.94575175665332,True,sigma_color_stat_mag,True
constant,14,2,0.5674536233634047,-3.2256911022579686,0.0,,,0.08055877473285256,14.43290409701653,-24.86580819403306,-23.77489910312397,True,sigma_color_stat_mag,True
constant,14,2,0.5674536233634047,-3.1529913221598944,0.0,,,0.09215475478821651,12.72077257345538,-21.44154514691076,-20.35063605600167,True,sigma_color_stat_mag,True
constant,14,2,0.5674536233634047,-3.164117132460935,0.0,,,0.07719180419672582,14.969052108674743,-25.938104217349487,-24.847195126440397,True,sigma_color_stat_mag,True
constant,14,2,0.5674536233634047,-3.144325533067361,0.0,,,0.08287692282965269,14.14045880746162,-24.28091761492324,-23.19000852401415,True,sigma_color_stat_mag,True
constant,14,2,0.5674536233634047,-3.1844270767096234,0.0,,,0.07821322161719092,14.755081102217936,-25.510162204435872,-24.419253113526782,True,sigma_color_stat_mag,True
constant,14,2,0.5674536233634047,-3.1744495642529396,0.0,,,0.08812208904973214,13.37805362146121,-22.75610724292242,-21.66519815201333,True,sigma_color_stat_mag,True
constant,14,2,0.5674536233634047,-3.2374246614937925,0.0,,,0.07312773115974584,15.523485930771567,-27.046971861543135,-25.956062770634045,True,sigma_color_stat_mag,True
constant,14,2,0.5674536233634047,-3.1592892190407116,0.0,,,0.06049432442565129,17.762979011283235,-31.52595802256647,-30.43504893165738,True,sigma_color_stat_mag,True
constant,14,2,0.5674536233634047,-3.144390586008432,0.0,,,0.09953159594248828,11.735727248790157,-19.471454497580314,-18.380545406671224,True,sigma_color_stat_mag,True
constant,14,2,0.5674536233634047,-3.1882598185032713,0.0,,,0.056301145499743584,18.613787395425106,-33.22757479085021,-32.13666569994112,True,sigma_color_stat_mag,True
constant,14,2,0.5674536233634047,-3.1524345229428072,0.0,,,0.07041484707481817,16.06710731580717,-28.13421463161434,-27.04330554070525,True,sigma_color_stat_mag,True
constant,14,2,0.5674536233634047,-3.202151103437507,0.0,,,0.08129833953847904,14.299499115269292,-24.598998230538584,-23.508089139629494,True,sigma_color_stat_mag,True
constant,14,2,0.5674536233634047,-3.1628981057422205,0.0,,,0.07609994473090509,15.040213687840215,-26.08042737568043,-24.98951828477134,True,sigma_color_stat_mag,True
constant,14,2,0.5674536233634047,-3.180778923191249,0.0,,,0.07110121903557179,15.971792881315237,-27.943585762630473,-26.852676671721383,True,sigma_color_stat_mag,True
constant,14,2,0.5674536233634047,-3.1772348331871654,0.0,,,0.06297577574979825,17.30564769842531,-30.611295396850622,-29.520386305941532,True,sigma_color_stat_mag,True
constant,14,2,0.5674536233634047,-3.159987002094687,0.0,,,0.08947840883379155,13.139369820477999,-22.278739640955997,-21.187830550046908,True,sigma_color_stat_mag,True
constant,14,2,0.5674536233634047,-3.176837284077187,0.0,,,0.10301291306851701,11.351807228994794,-18.703614457989588,-17.612705367080498,True,sigma_color_stat_mag,True
constant,14,2,0.5674536233634047,-3.1805061993102948,0.0,,,0.08309996329829034,14.081616964416071,-24.163233928832142,-23.072324837923052,True,sigma_color_stat_mag,True
constant,14,2,0.5674536233634047,-3.1777957722353554,0.0,,,0.09197609903053652,12.802822513044305,-21.60564502608861,-20.51473593517952,True,sigma_color_stat_mag,True
constant,14,2,0.5674536233634047,-3.171714706516111,0.0,,,0.0792679722356124,14.601361594456431,-25.202723188912863,-24.111814098003773,True,sigma_color_stat_mag,True
constant,14,2,0.5674536233634047,-3.186858590976776,0.0,,,0.07569149265412652,15.272659786941906,-26.545319573883813,-25.454410482974723,True,sigma_color_stat_mag,True
constant,14,2,0.5674536233634047,-3.187567575866037,0.0,,,0.08197289319517334,14.150037636727212,-24.300075273454425,-23.209166182545335,True,sigma_color_stat_mag,True
constant,14,2,0.5674536233634047,-3.1515451220456128,0.0,,,0.08139298358493344,14.339776886492213,-24.679553772984427,-23.588644682075337,True,sigma_color_stat_mag,True
constant,14,2,0.5674536233634047,-3.181278023748908,0.0,,,0.0643515358944168,16.990081042128576,-29.980162084257152,-28.889252993348062,True,sigma_color_stat_mag,True
constant,14,2,0.5674536233634047,-3.151534069215982,0.0,,,0.08556400999663895,13.765634026645962,-23.531268053291925,-22.440358962382835,True,sigma_color_stat_mag,True
constant,14,2,0.5674536233634047,-3.181978133174109,0.0,,,0.09054445673278876,12.974001310408106,-21.94800262081621,-20.85709352990712,True,sigma_color_stat_mag,True
constant,14,2,0.5674536233634047,-3.2004552369184927,0.0,,,0.07431628108632503,15.496286996025788,-26.992573992051575,-25.901664901142485,True,sigma_color_stat_mag,True
constant,14,2,0.5674536233634047,-3.1928020874479333,0.0,,,0.09713356348625155,12.115217764845776,-20.23043552969155,-19.13952643878246,True,sigma_color_stat_mag,True
constant,14,2,0.5674536233634047,-3.209872917394717,0.0,,,0.08766474339336619,13.412960846809192,-22.825921693618383,-21.735012602709293,True,sigma_color_stat_mag,True
constant,14,2,0.5674536233634047,-3.119814761474343,0.0,,,0.07103814378206157,15.970921687345689,-27.941843374691377,-26.850934283782287,True,sigma_color_stat_mag,True
constant,14,2,0.5674536233634047,-3.1239336670476785,0.0,,,0.05670120786935946,18.4508332002446,-32.9016664004892,-31.810757309580108,True,sigma_color_stat_mag,True
constant,14,2,0.5674536233634047,-3.220994755295762,0.0,,,0.06546123727404356,16.837884841745396,-29.675769683490792,-28.584860592581702,True,sigma_color_stat_mag,True
constant,14,2,0.5674536233634047,-3.1692248863241135,0.0,,,0.08482663531785051,13.835177532624694,-23.67035506524939,-22.5794459743403,True,sigma_color_stat_mag,True
constant,14,2,0.5674536233634047,-3.210906485194794,0.0,,,0.073865524157495,15.358542707331626,-26.717085414663252,-25.626176323754162,True,sigma_color_stat_mag,True
constant,14,2,0.5674536233634047,-3.2105918647144374,0.0,,,0.07637795415591592,15.031105426897836,-26.062210853795673,-24.971301762886583,True,sigma_color_stat_mag,True
constant,14,2,0.5674536233634047,-3.1924394697849245,0.0,,,0.06870453988584457,16.300173123093273,-28.600346246186547,-27.509437155277457,True,sigma_color_stat_mag,True
constant,14,2,0.5674536233634047,-3.1698116986595197,0.0,,,0.044339686715217805,21.078769844371287,-38.157539688742574,-37.06663059783348,True,sigma_color_stat_mag,True
constant,14,2,0.5674536233634047,-3.179459799255454,0.0,,,0.07066616226380036,15.980763313995233,-27.961526627990466,-26.870617537081376,True,sigma_color_stat_mag,True
constant,14,2,0.5674536233634047,-3.1448402805684474,0.0,,,0.06909519754840858,16.22940900870235,-28.458818017404703,-27.367908926495613,True,sigma_color_stat_mag,True
constant,14,2,0.5674536233634047,-3.187245337791838,0.0,,,0.07480306859503712,15.33621261765702,-26.67242523531404,-25.58151614440495,True,sigma_color_stat_mag,True
constant,14,2,0.5674536233634047,-3.1676738314670954,0.0,,,0.08105689380519703,14.391031356096104,-24.782062712192207,-23.691153621283117,True,sigma_color_stat_mag,True
constant,14,2,0.5674536233634047,-3.1882074663018116,0.0,,,0.10071252697956351,11.620028789899626,-19.240057579799252,-18.149148488890162,True,sigma_color_stat_mag,True
constant,14,2,0.5674536233634047,-3.1593768661114434,0.0,,,0.06179587995610404,17.43774390085553,-30.87548780171106,-29.78457871080197,True,sigma_color_stat_mag,True
constant,14,2,0.5674536233634047,-3.1688600607319435,0.0,,,0.07235836217020054,15.778685927351292,-27.557371854702584,-26.466462763793494,True,sigma_color_stat_mag,True
constant,14,2,0.5674536233634047,-3.1804484409630325,0.0,,,0.07179497224635246,15.809742274641108,-27.619484549282216,-26.528575458373126,True,sigma_color_stat_mag,True
constant,14,2,0.5674536233634047,-3.1863249662490607,0.0,,,0.0828954666526636,14.097189866394766,-24.194379732789532,-23.103470641880442,True,sigma_color_stat_mag,True
constant,14,2,0.5674536233634047,-3.152836913544625,0.0,,,0.07575951613207581,15.062007324992683,-26.124014649985366,-25.033105559076276,True,sigma_color_stat_mag,True
constant,14,2,0.5674536233634047,-3.1813576668988475,0.0,,,0.07855742533583046,14.706254068633086,-25.412508137266173,-24.321599046357083,True,sigma_color_stat_mag,True
constant,14,2,0.5674536233634047,-3.1500750976849328,0.0,,,0.09052087983090577,12.97162321905111,-21.94324643810222,-20.85233734719313,True,sigma_color_stat_mag,True
constant,14,2,0.5674536233634047,-3.1595459343415198,0.0,,,0.08848720506533875,13.28280060737833,-22.56560121475666,-21.47469212384757,True,sigma_color_stat_mag,True
constant,14,2,0.5674536233634047,-3.154313943720114,0.0,,,0.08629359229916193,13.602526894995503,-23.205053789991005,-22.114144699081915,True,sigma_color_stat_mag,True
constant,14,2,0.5674536233634047,-3.1234651469414527,0.0,,,0.06693955045337933,16.71262427872401,-29.425248557448022,-28.334339466538932,True,sigma_color_stat_mag,True
constant,14,2,0.5674536233634047,-3.155160399372557,0.0,,,0.09776940450579258,12.04170763934607,-20.08341527869214,-18.99250618778305,True,sigma_color_stat_mag,True
constant,14,2,0.5674536233634047,-3.203994415637178,0.0,,,0.06846198933019494,16.320816809120874,-28.641633618241748,-27.550724527332658,True,sigma_color_stat_mag,True
constant,14,2,0.5674536233634047,-3.1174159684359615,0.0,,,0.06350963351423479,17.007816502323077,-30.015633004646155,-28.924723913737065,True,sigma_color_stat_mag,True
constant,14,2,0.5674536233634047,-3.1818410352663213,0.0,,,0.07760508280813162,14.847920371759134,-25.695840743518268,-24.604931652609178,True,sigma_color_stat_mag,True
constant,14,2,0.5674536233634047,-3.152755158769663,0.0,,,0.08000542705492203,14.494040620462249,-24.988081240924497,-23.897172150015408,True,sigma_color_stat_mag,True
constant,14,2,0.5674536233634047,-3.1729213169997696,0.0,,,0.06835231169078783,16.43758615565053,-28.875172311301057,-27.784263220391967,True,sigma_color_stat_mag,True
constant,14,2,0.5674536233634047,-3.205795649656552,0.0,,,0.08964053382741098,13.117907253345535,-22.23581450669107,-21.14490541578198,True,sigma_color_stat_mag,True
constant,14,2,0.5674536233634047,-3.185075018718862,0.0,,,0.08200159786309298,14.185809929732688,-24.371619859465376,-23.280710768556286,True,sigma_color_stat_mag,True
constant,14,2,0.5674536233634047,-3.2089869324335156,0.0,,,0.053648952214237676,19.100556302064724,-34.20111260412945,-33.110203513220355,True,sigma_color_stat_mag,True
constant,14,2,0.5674536233634047,-3.173384343448812,0.0,,,0.0779044837276561,14.920605733675453,-25.841211467350906,-24.750302376441816,True,sigma_color_stat_mag,True
constant,14,2,0.5674536233634047,-3.1559127049654707,0.0,,,0.10495217887432737,11.144086943999142,-18.288173887998283,-17.197264797089193,True,sigma_color_stat_mag,True
constant,14,2,0.5674536233634047,-3.1667478843193977,0.0,,,0.09092119015611626,12.93356810571287,-21.86713621142574,-20.77622712051665,True,sigma_color_stat_mag,True
constant,14,2,0.5674536233634047,-3.1663310861195275,0.0,,,0.0538564778775499,19.0192527470893,-34.0385054941786,-32.94759640326951,True,sigma_color_stat_mag,True
constant,14,2,0.5674536233634047,-3.205842868575884,0.0,,,0.07796843082949081,14.890076048750998,-25.780152097501997,-24.689243006592907,True,sigma_color_stat_mag,True
constant,14,2,0.5674536233634047,-3.1822317930842665,0.0,,,0.09444290217634135,12.434031529271753,-20.868063058543505,-19.777153967634415,True,sigma_color_stat_mag,True
constant,14,2,0.5674536233634047,-3.1835097449428718,0.0,,,0.058771308353012364,17.94366526126716,-31.88733052253432,-30.79642143162523,True,sigma_color_stat_mag,True
constant,14,2,0.5674536233634047,-3.1746301406779196,0.0,,,0.06329725633357045,17.21827627094257,-30.436552541885142,-29.345643450976052,True,sigma_color_stat_mag,True
constant,14,2,0.5674536233634047,-3.2345877626797153,0.0,,,0.0633402396655553,17.147273572077513,-30.294547144155025,-29.203638053245935,True,sigma_color_stat_mag,True
constant,14,2,0.5674536233634047,-3.1549858035769884,0.0,,,0.06925264113069861,16.166311493115426,-28.332622986230852,-27.241713895321762,True,sigma_color_stat_mag,True
constant,14,2,0.5674536233634047,-3.188304712999594,0.0,,,0.074451192687795,15.453859232824835,-26.90771846564967,-25.81680937474058,True,sigma_color_stat_mag,True
constant,14,2,0.5674536233634047,-3.214486215303418,0.0,,,0.07782107245027059,14.726191676081989,-25.452383352163977,-24.361474261254887,True,sigma_color_stat_mag,True
constant,14,2,0.5674536233634047,-3.147452580325197,0.0,,,0.0819321309074807,14.189529717399244,-24.37905943479849,-23.2881503438894,True,sigma_color_stat_mag,True
constant,14,2,0.5674536233634047,-3.1593879426168474,0.0,,,0.07488137275727494,15.258059881654663,-26.516119763309327,-25.425210672400237,True,sigma_color_stat_mag,True
constant,14,2,0.5674536233634047,-3.180991230949555,0.0,,,0.07966302161956788,14.56038768479205,-25.1207753695841,-24.02986627867501,True,sigma_color_stat_mag,True
constant,14,2,0.5674536233634047,-3.2089358644650643,0.0,,,0.07530902943988417,15.228678789547669,-26.457357579095337,-25.366448488186247,True,sigma_color_stat_mag,True
constant,14,2,0.5674536233634047,-3.1690979966928126,0.0,,,0.09219214546204835,12.758643855375752,-21.517287710751503,-20.426378619842414,True,sigma_color_stat_mag,True
constant,14,2,0.5674536233634047,-3.205405489308036,0.0,,,0.10249044778069322,11.419710578616122,-18.839421157232245,-17.748512066323155,True,sigma_color_stat_mag,True
constant,14,2,0.5674536233634047,-3.117618191120874,0.0,,,0.07190957383739265,15.754858163618486,-27.509716327236973,-26.418807236327883,True,sigma_color_stat_mag,True
constant,14,2,0.5674536233634047,-3.1735542515605095,0.0,,,0.08756881379165486,13.397839586507828,-22.795679173015657,-21.704770082106567,True,sigma_color_stat_mag,True
constant,14,2,0.5674536233634047,-3.165607033503992,0.0,,,0.08637753813730596,13.575083599814798,-23.150167199629596,-22.059258108720506,True,sigma_color_stat_mag,True
constant,14,2,0.5674536233634047,-3.134129940671443,0.0,,,0.0797687653064821,14.507497297704955,-25.01499459540991,-23.92408550450082,True,sigma_color_stat_mag,True
constant,14,2,0.5674536233634047,-3.11681705172393,0.0,,,0.07302244111003968,15.676823303799923,-27.353646607599845,-26.262737516690756,True,sigma_color_stat_mag,True
constant,14,2,0.5674536233634047,-3.1531014257475363,0.0,,,0.10154478947731878,11.548343935552326,-19.096687871104653,-18.005778780195563,True,sigma_color_stat_mag,True
constant,14,2,0.5674536233634047,-3.1595685044565887,0.0,,,0.08118604075307305,14.393295936785124,-24.78659187357025,-23.69568278266116,True,sigma_color_stat_mag,True
constant,14,2,0.5674536233634047,-3.1431451236445165,0.0,,,0.07627046036795165,15.083912939169547,-26.167825878339094,-25.076916787430005,True,sigma_color_stat_mag,True
constant,14,2,0.5674536233634047,-3.1852387831623465,0.0,,,0.08476194320253305,13.849315795941292,-23.698631591882585,-22.607722500973495,True,sigma_color_stat_mag,True
constant,14,2,0.5674536233634047,-3.194120988308516,0.0,,,0.08140118980854215,14.335592940910722,-24.671185881821444,-23.580276790912354,True,sigma_color_stat_mag,True
constant,14,2,0.5674536233634047,-3.207247073573958,0.0,,,0.06363707382346989,17.097609250356417,-30.195218500712834,-29.104309409803744,True,sigma_color_stat_mag,True
constant,14,2,0.5674536233634047,-3.1199144657641793,0.0,,,0.05773006009109968,18.26729515142313,-32.53459030284626,-31.44368121193717,True,sigma_color_stat_mag,True
constant,14,2,0.5674536233634047,-3.165050293015712,0.0,,,0.10428841010404212,11.1684064001578,-18.3368128003156,-17.24590370940651,True,sigma_color_stat_mag,True
constant,14,2,0.5674536233634047,-3.1645408652829503,0.0,,,0.09661793540261818,12.207459259693918,-20.414918519387836,-19.324009428478746,True,sigma_color_stat_mag,True
constant,14,2,0.5674536233634047,-3.1523073045932324,0.0,,,0.07589881575770363,15.06145655162976,-26.12291310325952,-25.03200401235043,True,sigma_color_stat_mag,True
constant,14,2,0.5674536233634047,-3.146042853977747,0.0,,,0.08747310665675909,13.450114648219325,-22.90022929643865,-21.80932020552956,True,sigma_color_stat_mag,True
constant,14,2,0.5674536233634047,-3.1318471012743574,0.0,,,0.07455640969168087,15.184949275518944,-26.36989855103789,-25.2789894601288,True,sigma_color_stat_mag,True
constant,14,2,0.5674536233634047,-3.135420707006168,0.0,,,0.08523935770909913,13.754954233894312,-23.509908467788623,-22.418999376879533,True,sigma_color_stat_mag,True
constant,14,2,0.5674536233634047,-3.1501285107503163,0.0,,,0.10447933775065418,11.144038712222436,-18.28807742444487,-17.19716833353578,True,sigma_color_stat_mag,True
constant,14,2,0.5674536233634047,-3.170523835204073,0.0,,,0.08109953406884735,14.29644673895832,-24.59289347791664,-23.50198438700755,True,sigma_color_stat_mag,True
constant,14,2,0.5674536233634047,-3.17626172525488,0.0,,,0.07765870059788531,14.89641110872018,-25.79282221744036,-24.70191312653127,True,sigma_color_stat_mag,True
constant,14,2,0.5674536233634047,-3.1756160682680012,0.0,,,0.09769215207912633,12.054981414254597,-20.109962828509193,-19.019053737600103,True,sigma_color_stat_mag,True
constant,14,2,0.5674536233634047,-3.176389767925935,0.0,,,0.08234975907163271,14.124358680179395,-24.24871736035879,-23.1578082694497,True,sigma_color_stat_mag,True
constant,14,2,0.5674536233634047,-3.139082438856022,0.0,,,0.09112672648120976,12.935228644613494,-21.870457289226987,-20.779548198317897,True,sigma_color_stat_mag,True
constant,14,2,0.5674536233634047,-3.1796801510093933,0.0,,,0.09176308904604279,12.820298811249057,-21.640597622498113,-20.549688531589023,True,sigma_color_stat_mag,True
constant,14,2,0.5674536233634047,-3.1650261592270774,0.0,,,0.09445321522245602,12.413525496830259,-20.827050993660517,-19.736141902751427,True,sigma_color_stat_mag,True
constant,14,2,0.5674536233634047,-3.1723935956961795,0.0,,,0.07692782070348085,14.909487285517324,-25.818974571034648,-24.728065480125558,True,sigma_color_stat_mag,True
constant,14,2,0.5674536233634047,-3.162262862716063,0.0,,,0.10332436213308976,11.328157455268949,-18.656314910537898,-17.565405819628808,True,sigma_color_stat_mag,True
constant,14,2,0.5674536233634047,-3.183447142594857,0.0,,,0.08617242614164845,13.587919079179994,-23.175838158359987,-22.084929067450897,True,sigma_color_stat_mag,True
constant,14,2,0.5674536233634047,-3.16421904575852,0.0,,,0.09066377859622607,12.905100226398606,-21.81020045279721,-20.71929136188812,True,sigma_color_stat_mag,True
constant,14,2,0.5674536233634047,-3.1666071400342655,0.0,,,0.0953403662269966,12.31450703209224,-20.62901406418448,-19.53810497327539,True,sigma_color_stat_mag,True
constant,14,2,0.5674536233634047,-3.147014302308326,0.0,,,0.07221086829150516,15.867283206154676,-27.734566412309352,-26.643657321400262,True,sigma_color_stat_mag,True
constant,14,2,0.5674536233634047,-3.162373375060981,0.0,,,0.06447440584801788,17.097834986806348,-30.195669973612695,-29.104760882703605,True,sigma_color_stat_mag,True
constant,14,2,0.5674536233634047,-3.1865370481007886,0.0,,,0.0765447254438926,15.037525966476831,-26.075051932953663,-24.984142842044573,True,sigma_color_stat_mag,True
constant,14,2,0.5674536233634047,-3.1591998329377815,0.0,,,0.08173294353329996,14.224916078706732,-24.449832157413464,-23.358923066504374,True,sigma_color_stat_mag,True
constant,14,2,0.5674536233634047,-3.1593292924136005,0.0,,,0.09062045920111977,12.910988296299873,-21.821976592599746,-20.731067501690656,True,sigma_color_stat_mag,True
constant,14,2,0.5674536233634047,-3.186475933685607,0.0,,,0.08184259895564776,14.256206306327481,-24.512412612654963,-23.421503521745873,True,sigma_color_stat_mag,True
constant,14,2,0.5674536233634047,-3.1900183194049725,0.0,,,0.06834851381681355,16.40674433705464,-28.81348867410928,-27.72257958320019,True,sigma_color_stat_mag,True
constant,14,2,0.5674536233634047,-3.122658734114267,0.0,,,0.07335122472903513,15.508668232796342,-27.017336465592685,-25.926427374683595,True,sigma_color_stat_mag,True
constant,14,2,0.5674536233634047,-3.1455427717102413,0.0,,,0.1024410352775519,11.415736922940566,-18.83147384588113,-17.74056475497204,True,sigma_color_stat_mag,True
constant,14,2,0.5674536233634047,-3.228141808621904,0.0,,,0.08986801083433296,13.08965115947352,-22.17930231894704,-21.08839322803795,True,sigma_color_stat_mag,True
constant,14,2,0.5674536233634047,-3.1590298941041857,0.0,,,0.0823865424556144,14.24305369381892,-24.48610738763784,-23.39519829672875,True,sigma_color_stat_mag,True
constant,14,2,0.5674536233634047,-3.1917273171746774,0.0,,,0.07622971155644936,15.090450416638694,-26.180900833277388,-25.089991742368298,True,sigma_color_stat_mag,True
constant,14,2,0.5674536233634047,-3.141714558460582,0.0,,,0.09593204662778791,12.226920702782627,-20.453841405565253,-19.362932314656163,True,sigma_color_stat_mag,True
constant,14,2,0.5674536233634047,-3.1903528227200417,0.0,,,0.07685648511979394,14.932821069975503,-25.865642139951007,-24.774733049041917,True,sigma_color_stat_mag,True
constant,14,2,0.5674536233634047,-3.1863678813532617,0.0,,,0.09771236029248064,12.03413213119486,-20.06826426238972,-18.97735517148063,True,sigma_color_stat_mag,True
constant,14,2,0.5674536233634047,-3.180627374522531,0.0,,,0.06991027977479279,16.0951469573458,-28.1902939146916,-27.09938482378251,True,sigma_color_stat_mag,True
constant,14,2,0.5674536233634047,-3.158491366807692,0.0,,,0.09026469990858871,13.005616077689778,-22.011232155379556,-20.920323064470466,True,sigma_color_stat_mag,True
constant,14,2,0.5674536233634047,-3.161292190444116,0.0,,,0.07960697575223404,14.609915239997697,-25.219830479995395,-24.128921389086305,True,sigma_color_stat_mag,True
constant,14,2,0.5674536233634047,-3.16446658352863,0.0,,,0.09846668747403746,11.970254597001658,-19.940509194003315,-18.849600103094225,True,sigma_color_stat_mag,True
constant,14,2,0.5674536233634047,-3.2239093882874714,0.0,,,0.0791559927596642,14.641764696573382,-25.283529393146765,-24.192620302237675,True,sigma_color_stat_mag,True
constant,14,2,0.5674536233634047,-3.1602469263887456,0.0,,,0.08783248148553671,13.39880788976723,-22.79761577953446,-21.70670668862537,True,sigma_color_stat_mag,True
constant,14,2,0.5674536233634047,-3.1781954905497383,0.0,,,0.0775812849068659,14.803300200558445,-25.60660040111689,-24.5156913102078,True,sigma_color_stat_mag,True
constant,14,2,0.5674536233634047,-3.184155711740798,0.0,,,0.0950518220499246,12.365929104323673,-20.731858208647346,-19.640949117738256,True,sigma_color_stat_mag,True
constant,14,2,0.5674536233634047,-3.1142715774235312,0.0,,,0.07403312716105126,15.31935653899645,-26.6387130779929,-25.54780398708381,True,sigma_color_stat_mag,True
constant,14,2,0.5674536233634047,-3.1721212442286277,0.0,,,0.07004512313238553,16.092955252282437,-28.185910504564873,-27.095001413655783,True,sigma_color_stat_mag,True
constant,14,2,0.5674536233634047,-3.1773445168952796,0.0,,,0.07696905906440629,15.08644543736186,-26.17289087472372,-25.08198178381463,True,sigma_color_stat_mag,True
constant,14,2,0.5674536233634047,-3.1507922908405996,0.0,,,0.06574699389760186,16.87788468774809,-29.75576937549618,-28.66486028458709,True,sigma_color_stat_mag,True
constant,14,2,0.5674536233634047,-3.128010185180016,0.0,,,0.08933226807998638,13.164187162250812,-22.328374324501624,-21.237465233592534,True,sigma_color_stat_mag,True
constant,14,2,0.5674536233634047,-3.184516948078962,0.0,,,0.08213093249485726,14.221838652560416,-24.443677305120833,-23.352768214211743,True,sigma_color_stat_mag,True
constant,14,2,0.5674536233634047,-3.2092754531751617,0.0,,,0.08205419957159096,14.289321776953589,-24.578643553907177,-23.487734462998088,True,sigma_color_stat_mag,True
constant,14,2,0.5674536233634047,-3.191523974150787,0.0,,,0.0946276786521125,12.388821377098935,-20.77764275419787,-19.68673366328878,True,sigma_color_stat_mag,True
constant,14,2,0.5674536233634047,-3.1728747750455333,0.0,,,0.09132000375515666,12.837157451306476,-21.674314902612952,-20.583405811703862,True,sigma_color_stat_mag,True
constant,14,2,0.5674536233634047,-3.1879030900151717,0.0,,,0.07973767963111866,14.516583829815817,-25.033167659631633,-23.942258568722544,True,sigma_color_stat_mag,True
constant,14,2,0.5674536233634047,-3.161666133918291,0.0,,,0.08795790638271409,13.346312098808498,-22.692624197616997,-21.601715106707907,True,sigma_color_stat_mag,True
constant,14,2,0.5674536233634047,-3.201403825002835,0.0,,,0.08186272090086671,14.178663433233968,-24.357326866467936,-23.266417775558846,True,sigma_color_stat_mag,True
constant,14,2,0.5674536233634047,-3.15413841128575,0.0,,,0.08119013142796337,14.254339799119803,-24.508679598239606,-23.417770507330516,True,sigma_color_stat_mag,True
constant,14,2,0.5674536233634047,-3.1608010648830334,0.0,,,0.09237922901360514,12.776624705907466,-21.55324941181493,-20.46234032090584,True,sigma_color_stat_mag,True
constant,14,2,0.5674536233634047,-3.186335620228184,0.0,,,0.08176510037636148,14.237930000762281,-24.475860001524563,-23.384950910615473,True,sigma_color_stat_mag,True
constant,14,2,0.5674536233634047,-3.1467975758413367,0.0,,,0.08012918064362112,14.430031759401643,-24.860063518803287,-23.769154427894197,True,sigma_color_stat_mag,True
constant,14,2,0.5674536233634047,-3.168921216396774,0.0,,,0.08620661457600515,13.61575491211897,-23.23150982423794,-22.14060073332885,True,sigma_color_stat_mag,True
constant,14,2,0.5674536233634047,-3.189793579954716,0.0,,,0.052182432542412144,19.35874748874083,-34.71749497748166,-33.62658588657256,True,sigma_color_stat_mag,True
constant,14,2,0.5674536233634047,-3.198510305361032,0.0,,,0.06935172270136253,16.15586199888615,-28.311723997772297,-27.220814906863207,True,sigma_color_stat_mag,True
constant,14,2,0.5674536233634047,-3.1508170795265538,0.0,,,0.09076770597229215,12.984530439411952,-21.969060878823903,-20.878151787914813,True,sigma_color_stat_mag,True
constant,14,2,0.5674536233634047,-3.1637421926493823,0.0,,,0.0872895176301366,13.486660443066171,-22.973320886132342,-21.882411795223252,True,sigma_color_stat_mag,True
constant,14,2,0.5674536233634047,-3.178488533067676,0.0,,,0.08130523192179794,14.383931619562297,-24.767863239124594,-23.676954148215504,True,sigma_color_stat_mag,True
constant,14,2,0.5674536233634047,-3.1387629710358533,0.0,,,0.06933812377982272,16.176585128744527,-28.353170257489055,-27.262261166579965,True,sigma_color_stat_mag,True
constant,14,2,0.5674536233634047,-3.169547109526092,0.0,,,0.08308303476716841,14.032272330059529,-24.064544660119058,-22.973635569209968,True,sigma_color_stat_mag,True
constant,14,2,0.5674536233634047,-3.1525668497223407,0.0,,,0.10157020033556437,11.517401106797312,-19.034802213594624,-17.943893122685534,True,sigma_color_stat_mag,True
constant,14,2,0.5674536233634047,-3.1694251940283125,0.0,,,0.08152224254324518,14.281126938449834,-24.562253876899668,-23.471344785990578,True,sigma_color_stat_mag,True
constant,14,2,0.5674536233634047,-3.1287681018063194,0.0,,,0.05988870992761945,17.76501619079472,-31.530032381589443,-30.439123290680353,True,sigma_color_stat_mag,True
constant,14,2,0.5674536233634047,-3.1959694362219966,0.0,,,0.07061785254272815,15.93427480633325,-27.8685496126665,-26.77764052175741,True,sigma_color_stat_mag,True
constant,14,2,0.5674536233634047,-3.182589068259702,0.0,,,0.07887648081033899,14.681656579390989,-25.363313158781978,-24.272404067872888,True,sigma_color_stat_mag,True
constant,14,2,0.5674536233634047,-3.194337213252644,0.0,,,0.09938232755389989,11.819217307034771,-19.638434614069542,-18.547525523160452,True,sigma_color_stat_mag,True
constant,14,2,0.5674536233634047,-3.1432064845632666,0.0,,,0.09373448859695212,12.574253475490817,-21.148506950981634,-20.057597860072544,True,sigma_color_stat_mag,True
constant,14,2,0.5674536233634047,-3.1429932164358725,0.0,,,0.0931083595601539,12.650371567114636,-21.300743134229272,-20.209834043320182,True,sigma_color_stat_mag,True
constant,14,2,0.5674536233634047,-3.190232705887475,0.0,,,0.06285458900100917,17.374190271954813,-30.748380543909626,-29.657471453000536,True,sigma_color_stat_mag,True
constant,14,2,0.5674536233634047,-3.1449389605140396,0.0,,,0.0954901230228872,12.323053379243925,-20.64610675848785,-19.55519766757876,True,sigma_color_stat_mag,True
constant,14,2,0.5674536233634047,-3.1941023844979064,0.0,,,0.0801036186618088,14.548487089406871,-25.096974178813742,-24.006065087904652,True,sigma_color_stat_mag,True
constant,14,2,0.5674536233634047,-3.147258130417291,0.0,,,0.09816101355482887,11.960597618429688,-19.921195236859376,-18.830286145950286,True,sigma_color_stat_mag,True
constant,14,2,0.5674536233634047,-3.1507440139005527,0.0,,,0.0679987931007903,16.546989711259442,-29.093979422518885,-28.003070331609795,True,sigma_color_stat_mag,True
constant,14,2,0.5674536233634047,-3.1508542807583733,0.0,,,0.07811234231043494,14.830191281972258,-25.660382563944516,-24.569473473035426,True,sigma_color_stat_mag,True
constant,14,2,0.5674536233634047,-3.1539149629978462,0.0,,,0.09685750669368516,12.18834547778755,-20.3766909555751,-19.28578186466601,True,sigma_color_stat_mag,True
constant,14,2,0.5674536233634047,-3.1725101309982175,0.0,,,0.08145427820317079,14.355965576980523,-24.711931153961046,-23.621022063051957,True,sigma_color_stat_mag,True
constant,14,2,0.5674536233634047,-3.1545207912068034,0.0,,,0.08220619378475125,14.120708870483645,-24.24141774096729,-23.1505086500582,True,sigma_color_stat_mag,True
constant,14,2,0.5674536233634047,-3.1674313353053263,0.0,,,0.06650899941554574,16.76681606791651,-29.533632135833017,-28.442723044923927,True,sigma_color_stat_mag,True
constant,14,2,0.5674536233634047,-3.2121187481663718,0.0,,,0.07809717913021524,14.796860108457127,-25.593720216914253,-24.502811126005163,True,sigma_color_stat_mag,True
constant,14,2,0.5674536233634047,-3.195880818024246,0.0,,,0.0962513424598194,12.178225615449826,-20.35645123089965,-19.26554213999056,True,sigma_color_stat_mag,True
constant,14,2,0.5674536233634047,-3.121472760435782,0.0,,,0.10457864752127448,11.198168952753292,-18.396337905506584,-17.305428814597494,True,sigma_color_stat_mag,True
constant,14,2,0.5674536233634047,-3.150712201574801,0.0,,,0.018105607364687654,26.39572902265964,-48.79145804531928,-47.70054895441019,True,sigma_color_stat_mag,True
constant,14,2,0.5674536233634047,-3.2168360212886293,0.0,,,0.06698389360911633,16.594898501349462,-29.189797002698924,-28.098887911789834,True,sigma_color_stat_mag,True
constant,14,2,0.5674536233634047,-3.180465575234986,0.0,,,0.0715215525574846,15.781742191912866,-27.56348438382573,-26.47257529291664,True,sigma_color_stat_mag,True
constant,14,2,0.5674536233634047,-3.173781832232966,0.0,,,0.06849104344056181,16.44583022481152,-28.89166044962304,-27.80075135871395,True,sigma_color_stat_mag,True
constant,14,2,0.5674536233634047,-3.1475839411937225,0.0,,,0.0844574758964637,13.848094205730805,-23.69618841146161,-22.60527932055252,True,sigma_color_stat_mag,True
constant,14,2,0.5674536233634047,-3.165958051014292,0.0,,,0.08981373877737364,13.117817115565686,-22.23563423113137,-21.14472514022228,True,sigma_color_stat_mag,True
constant,14,2,0.5674536233634047,-3.1905079008501853,0.0,,,0.07323667078686057,15.598913819527334,-27.19782763905467,-26.10691854814558,True,sigma_color_stat_mag,True
constant,14,2,0.5674536233634047,-3.135358594264652,0.0,,,0.07654440291299688,15.117398760298652,-26.234797520597304,-25.143888429688214,True,sigma_color_stat_mag,True
constant,14,2,0.5674536233634047,-3.151252680252832,0.0,,,0.06241018256394681,17.421507454973373,-30.843014909946746,-29.752105819037656,True,sigma_color_stat_mag,True
constant,14,2,0.5674536233634047,-3.154229037593169,0.0,,,0.0860990147617546,13.604894291766676,-23.209788583533353,-22.118879492624263,True,sigma_color_stat_mag,True
constant,14,2,0.5674536233634047,-3.1468443378841333,0.0,,,0.08498244694726453,13.787864056515492,-23.575728113030983,-22.484819022121894,True,sigma_color_stat_mag,True
constant,14,2,0.5674536233634047,-3.1963943379306485,0.0,,,0.07755483674825388,14.969889059702123,-25.939778119404245,-24.848869028495155,True,sigma_color_stat_mag,True
constant,14,2,0.5674536233634047,-3.1791792282417823,0.0,,,0.07422836355849902,15.450625686701486,-26.90125137340297,-25.81034228249388,True,sigma_color_stat_mag,True
constant,14,2,0.5674536233634047,-3.140676859109628,0.0,,,0.0759035585453427,15.111558097959417,-26.223116195918834,-25.132207105009744,True,sigma_color_stat_mag,True
constant,14,2,0.5674536233634047,-3.1717377428458686,0.0,,,0.06691736705353371,16.684379640546712,-29.368759281093425,-28.277850190184335,True,sigma_color_stat_mag,True
constant,14,2,0.5674536233634047,-3.1944821712083065,0.0,,,0.06246959330050212,17.385397946560577,-30.770795893121154,-29.679886802212064,True,sigma_color_stat_mag,True
constant,14,2,0.5674536233634047,-3.2244239701990556,0.0,,,0.0683221390850408,16.412185780242037,-28.824371560484074,-27.733462469574985,True,sigma_color_stat_mag,True
constant,14,2,0.5674536233634047,-3.172774901335582,0.0,,,0.07831856101842768,14.812418195782053,-25.624836391564106,-24.533927300655016,True,sigma_color_stat_mag,True
constant,14,2,0.5674536233634047,-3.1831730516406536,0.0,,,0.09578034728265139,12.274893906998066,-20.549787813996133,-19.458878723087043,True,sigma_color_stat_mag,True
constant,14,2,0.5674536233634047,-3.1332344605070763,0.0,,,0.05871344356634773,18.052277908193087,-32.104555816386174,-31.013646725477084,True,sigma_color_stat_mag,True
constant,14,2,0.5674536233634047,-3.1465933089627462,0.0,,,0.079147258548979,14.6690524487471,-25.3381048974942,-24.24719580658511,True,sigma_color_stat_mag,True
constant,14,2,0.5674536233634047,-3.1884769860826596,0.0,,,0.07694973798105202,14.926070439658547,-25.852140879317094,-24.761231788408004,True,sigma_color_stat_mag,True
constant,14,2,0.5674536233634047,-3.1760755565612855,0.0,,,0.08981354927419259,13.106455989800788,-22.212911979601575,-21.122002888692485,True,sigma_color_stat_mag,True
constant,14,2,0.5674536233634047,-3.1419216930092424,0.0,,,0.08688730106019536,13.448307250194496,-22.896614500388992,-21.805705409479902,True,sigma_color_stat_mag,True
constant,14,2,0.5674536233634047,-3.173872264936827,0.0,,,0.06866537480822572,16.413346144884976,-28.82669228976995,-27.73578319886086,True,sigma_color_stat_mag,True
constant,14,2,0.5674536233634047,-3.166622117529555,0.0,,,0.08507619119397125,13.779664194788653,-23.559328389577306,-22.468419298668216,True,sigma_color_stat_mag,True
constant,14,2,0.5674536233634047,-3.1408083720281454,0.0,,,0.08600491752050797,13.612554884512532,-23.225109769025064,-22.134200678115974,True,sigma_color_stat_mag,True
constant,14,2,0.5674536233634047,-3.132529613504117,0.0,,,0.09745795223691153,12.03422259378909,-20.06844518757818,-18.97753609666909,True,sigma_color_stat_mag,True
constant,14,2,0.5674536233634047,-3.14026220728731,0.0,,,0.08431017927364395,13.904330648985946,-23.80866129797189,-22.7177522070628,True,sigma_color_stat_mag,True
constant,14,2,0.5674536233634047,-3.139001967220819,0.0,,,0.07948820019031373,14.559059811247103,-25.118119622494206,-24.027210531585116,True,sigma_color_stat_mag,True
constant,14,2,0.5674536233634047,-3.1740820220781543,0.0,,,0.06767933330641258,16.5084243957877,-29.0168487915754,-27.92593970066631,True,sigma_color_stat_mag,True
constant,14,2,0.5674536233634047,-3.1740540008076588,0.0,,,0.09577167993824345,12.244748028439004,-20.489496056878007,-19.398586965968917,True,sigma_color_stat_mag,True
constant,14,2,0.5674536233634047,-3.210635133736387,0.0,,,0.07002335680305648,16.020620393866608,-28.041240787733216,-26.950331696824126,True,sigma_color_stat_mag,True
constant,14,2,0.5674536233634047,-3.188230502541845,0.0,,,0.07587722172859616,15.130628595324504,-26.261257190649008,-25.17034809973992,True,sigma_color_stat_mag,True
constant,14,2,0.5674536233634047,-3.194093551035931,0.0,,,0.06572476625839267,16.75022473553987,-29.50044947107974,-28.40954038017065,True,sigma_color_stat_mag,True
constant,14,2,0.5674536233634047,-3.1683229226695,0.0,,,0.08393538534457157,13.94354416286105,-23.8870883257221,-22.79617923481301,True,sigma_color_stat_mag,True
constant,14,2,0.5674536233634047,-3.1933514432745573,0.0,,,0.09248503846224157,12.72544913799855,-21.4508982759971,-20.35998918508801,True,sigma_color_stat_mag,True
constant,14,2,0.5674536233634047,-3.1335659899995205,0.0,,,0.07623159140034162,15.019356211472015,-26.03871242294403,-24.94780333203494,True,sigma_color_stat_mag,True
constant,14,2,0.5674536233634047,-3.1422436097056696,0.0,,,0.0975573583745904,12.048297728199652,-20.096595456399303,-19.005686365490213,True,sigma_color_stat_mag,True
constant,14,2,0.5674536233634047,-3.1738429335462106,0.0,,,0.08417013070912766,13.915686048544949,-23.831372097089897,-22.740463006180807,True,sigma_color_stat_mag,True
constant,14,2,0.5674536233634047,-3.2143411500097345,0.0,,,0.061253588512323154,17.674128890478976,-31.34825778095795,-30.25734869004886,True,sigma_color_stat_mag,True
constant,14,2,0.5674536233634047,-3.1968875892432287,0.0,,,0.07489190736440987,15.251642111868858,-26.503284223737715,-25.412375132828625,True,sigma_color_stat_mag,True
constant,14,2,0.5674536233634047,-3.154504125184735,0.0,,,0.07684618853570546,15.07249722173246,-26.14499444346492,-25.05408535255583,True,sigma_color_stat_mag,True
constant,14,2,0.5674536233634047,-3.12322586941963,0.0,,,0.07068819249721071,15.81792826454549,-27.63585652909098,-26.54494743818189,True,sigma_color_stat_mag,True
constant,14,2,0.5674536233634047,-3.1837971136912246,0.0,,,0.057292399295504476,18.245362966133516,-32.49072593226703,-31.399816841357943,True,sigma_color_stat_mag,True
constant,14,2,0.5674536233634047,-3.186492136472434,0.0,,,0.09467763056680001,12.447122834710797,-20.894245669421593,-19.803336578512504,True,sigma_color_stat_mag,True
constant,14,2,0.5674536233634047,-3.1336207698010528,0.0,,,0.08016152765788445,14.537387468185136,-25.07477493637027,-23.98386584546118,True,sigma_color_stat_mag,True
constant,14,2,0.5674536233634047,-3.17182388347486,0.0,,,0.06736863606391943,16.434899620613262,-28.869799241226524,-27.778890150317434,True,sigma_color_stat_mag,True
constant,14,2,0.5674536233634047,-3.1871592230514643,0.0,,,0.0939580284871369,12.538242457025149,-21.076484914050297,-19.985575823141208,True,sigma_color_stat_mag,True
constant,14,2,0.5674536233634047,-3.1622238065374155,0.0,,,0.076564163655843,15.00318843627653,-26.00637687255306,-24.91546778164397,True,sigma_color_stat_mag,True
constant,14,2,0.5674536233634047,-3.1530928835807566,0.0,,,0.06557704006939492,16.931891537260444,-29.86378307452089,-28.7728739836118,True,sigma_color_stat_mag,True
constant,14,2,0.5674536233634047,-3.160353696488726,0.0,,,0.08920740343295427,13.14628592204857,-22.29257184409714,-21.20166275318805,True,sigma_color_stat_mag,True
constant,14,2,0.5674536233634047,-3.18151955202428,0.0,,,0.08703087253480404,13.472546718229124,-22.945093436458247,-21.854184345549157,True,sigma_color_stat_mag,True
constant,14,2,0.5674536233634047,-3.186233327658102,0.0,,,0.07791078435442508,14.834266256582524,-25.668532513165047,-24.577623422255957,True,sigma_color_stat_mag,True
constant,14,2,0.5674536233634047,-3.1643400928005567,0.0,,,0.08148273441627343,14.373868113905095,-24.74773622781019,-23.6568271369011,True,sigma_color_stat_mag,True
constant,14,2,0.5674536233634047,-3.1888406132109,0.0,,,0.07008700607563643,16.07296846892409,-28.145936937848177,-27.055027846939087,True,sigma_color_stat_mag,True
constant,14,2,0.5674536233634047,-3.2027921986883796,0.0,,,0.09218044751081156,12.790766732129994,-21.581533464259987,-20.490624373350897,True,sigma_color_stat_mag,True
constant,14,2,0.5674536233634047,-3.1340180133469655,0.0,,,0.07992206495999822,14.474028399917481,-24.948056799834962,-23.857147708925872,True,sigma_color_stat_mag,True
constant,14,2,0.5674536233634047,-3.1839894035637593,0.0,,,0.08349018660791885,14.02814839234754,-24.05629678469508,-22.96538769378599,True,sigma_color_stat_mag,True
constant,14,2,0.5674536233634047,-3.1625301353771214,0.0,,,0.10434246891217835,11.170657466644887,-18.341314933289773,-17.250405842380683,True,sigma_color_stat_mag,True
constant,14,2,0.5674536233634047,-3.1145357326074117,0.0,,,0.08118778074980522,14.313808487343502,-24.627616974687005,-23.536707883777915,True,sigma_color_stat_mag,True
constant,14,2,0.5674536233634047,-3.179865751286461,0.0,,,0.08420769650620216,13.827037573290932,-23.654075146581864,-22.563166055672774,True,sigma_color_stat_mag,True
constant,14,2,0.5674536233634047,-3.2090258301802317,0.0,,,0.08510947796104244,13.728603871318994,-23.457207742637987,-22.366298651728897,True,sigma_color_stat_mag,True
constant,14,2,0.5674536233634047,-3.170475219994128,0.0,,,0.09004859086012822,13.041787652727859,-22.083575305455717,-20.992666214546627,True,sigma_color_stat_mag,True
constant,14,2,0.5674536233634047,-3.193250461162101,0.0,,,0.08575920199071715,13.629222989557555,-23.25844597911511,-22.16753688820602,True,sigma_color_stat_mag,True
constant,14,2,0.5674536233634047,-3.1712926847002088,0.0,,,0.08843570770913656,13.233725289708161,-22.467450579416322,-21.376541488507232,True,sigma_color_stat_mag,True
constant,14,2,0.5674536233634047,-3.169424671497074,0.0,,,0.07077385313992329,16.096541108543157,-28.193082217086314,-27.102173126177224,True,sigma_color_stat_mag,True
constant,14,2,0.5674536233634047,-3.1622319971640804,0.0,,,0.08177239296589602,14.322703397805135,-24.64540679561027,-23.55449770470118,True,sigma_color_stat_mag,True
constant,14,2,0.5674536233634047,-3.2188022372940654,0.0,,,0.07459563062273046,15.389360919189713,-26.778721838379425,-25.687812747470335,True,sigma_color_stat_mag,True
constant,14,2,0.5674536233634047,-3.177247327483183,0.0,,,0.06827301071687675,16.349520655755903,-28.699041311511806,-27.608132220602716,True,sigma_color_stat_mag,True
constant,14,2,0.5674536233634047,-3.191625403667755,0.0,,,0.074270538298505,15.334407208482924,-26.668814416965848,-25.577905326056758,True,sigma_color_stat_mag,True
constant,14,2,0.5674536233634047,-3.1720674844163868,0.0,,,0.056645434892255875,18.364478253706555,-32.72895650741311,-31.63804741650402,True,sigma_color_stat_mag,True
constant,14,2,0.5674536233634047,-3.193633672547959,0.0,,,0.07814749880491222,14.802531257777943,-25.605062515555886,-24.514153424646796,True,sigma_color_stat_mag,True
constant,14,2,0.5674536233634047,-3.169569864620104,0.0,,,0.0698013612734505,16.07103491412443,-28.142069828248857,-27.051160737339767,True,sigma_color_stat_mag,True
constant,14,2,0.5674536233634047,-3.200179990226549,0.0,,,0.07468226257941749,15.355338506472611,-26.710677012945222,-25.619767922036132,True,sigma_color_stat_mag,True
constant,14,2,0.5674536233634047,-3.1984087977179962,0.0,,,0.07893230892751363,14.626378970127776,-25.252757940255552,-24.161848849346462,True,sigma_color_stat_mag,True
constant,14,2,0.5674536233634047,-3.180068562929431,0.0,,,0.08402772590868321,13.899682333236047,-23.799364666472094,-22.708455575563004,True,sigma_color_stat_mag,True
constant,14,2,0.5674536233634047,-3.170861504017466,0.0,,,0.07344458548349048,15.576522471115306,-27.15304494223061,-26.06213585132152,True,sigma_color_stat_mag,True
constant,14,2,0.5674536233634047,-3.128998546689994,0.0,,,0.059103607750141604,18.03954378530387,-32.07908757060774,-30.98817847969865,True,sigma_color_stat_mag,True
constant,14,2,0.5674536233634047,-3.159026868324782,0.0,,,0.10436389046484341,11.195459387920598,-18.390918775841197,-17.300009684932107,True,sigma_color_stat_mag,True
constant,14,2,0.5674536233634047,-3.1760788522971866,0.0,,,0.06368124335676655,17.26617278774335,-30.5323455754867,-29.44143648457761,True,sigma_color_stat_mag,True
constant,14,2,0.5674536233634047,-3.231976195238101,0.0,,,0.08240463943932877,14.032348112917045,-24.06469622583409,-22.973787134925,True,sigma_color_stat_mag,True
constant,14,2,0.5674536233634047,-3.1668250207621824,0.0,,,0.06896770489206831,16.249319948868997,-28.498639897737995,-27.407730806828905,True,sigma_color_stat_mag,True
constant,14,2,0.5674536233634047,-3.230335715848968,0.0,,,0.06589039392628811,16.806693390166842,-29.613386780333684,-28.522477689424594,True,sigma_color_stat_mag,True
constant,14,2,0.5674536233634047,-3.176085731625658,0.0,,,0.07295390386947341,15.618581816420086,-27.237163632840172,-26.146254541931082,True,sigma_color_stat_mag,True
constant,14,2,0.5674536233634047,-3.1168004935273474,0.0,,,0.0792282987585518,14.74409286805498,-25.48818573610996,-24.39727664520087,True,sigma_color_stat_mag,True
constant,14,2,0.5674536233634047,-3.2212178771997655,0.0,,,0.07711827794375763,14.942925340206136,-25.885850680412272,-24.794941589503182,True,sigma_color_stat_mag,True
constant,14,2,0.5674536233634047,-3.200007315538388,0.0,,,0.07911072802150092,14.588447666854798,-25.176895333709595,-24.085986242800505,True,sigma_color_stat_mag,True
constant,14,2,0.5674536233634047,-3.163590987728705,0.0,,,0.07836559501587054,14.750688778544193,-25.501377557088386,-24.410468466179296,True,sigma_color_stat_mag,True
constant,14,2,0.5674536233634047,-3.1320500709735657,0.0,,,0.08662421953659248,13.584154516561323,-23.168309033122647,-22.077399942213557,True,sigma_color_stat_mag,True
constant,14,2,0.5674536233634047,-3.1626185741606916,0.0,,,0.09005727032409304,13.113023874904847,-22.226047749809695,-21.135138658900605,True,sigma_color_stat_mag,True
constant,14,2,0.5674536233634047,-3.1463263142811275,0.0,,,0.06262582071801874,17.388560308131655,-30.77712061626331,-29.68621152535422,True,sigma_color_stat_mag,True
constant,14,2,0.5674536233634047,-3.149533724595407,0.0,,,0.07067789159367797,16.047082117784402,-28.094164235568805,-27.003255144659715,True,sigma_color_stat_mag,True
constant,14,2,0.5674536233634047,-3.2195568395826726,0.0,,,0.061116453558656365,17.618530202935162,-31.237060405870324,-30.146151314961234,True,sigma_color_stat_mag,True
constant,14,2,0.5674536233634047,-3.146145271142903,0.0,,,0.09418395661520308,12.513383265616467,-21.026766531232933,-19.935857440323844,True,sigma_color_stat_mag,True
constant,14,2,0.5674536233634047,-3.1708571972941084,0.0,,,0.11129981046197333,10.343042767202187,-16.686085534404373,-15.595176443495284,True,sigma_color_stat_mag,True
constant,14,2,0.5674536233634047,-3.1249533099383218,0.0,,,0.0749525842313941,15.29810939014432,-26.59621878028864,-25.50530968937955,True,sigma_color_stat_mag,True
constant,14,2,0.5674536233634047,-3.173104595731973,0.0,,,0.07112010990731919,15.911286626042719,-27.822573252085437,-26.731664161176347,True,sigma_color_stat_mag,True
constant,14,2,0.5674536233634047,-3.1909902842276154,0.0,,,0.08398871464575994,13.997787030816507,-23.995574061633015,-22.904664970723925,True,sigma_color_stat_mag,True
constant,14,2,0.5674536233634047,-3.148827891188517,0.0,,,0.06888734389458528,16.327976533648393,-28.655953067296785,-27.565043976387695,True,sigma_color_stat_mag,True
constant,14,2,0.5674536233634047,-3.1892075391378145,0.0,,,0.09915915542099213,11.85555692699629,-19.71111385399258,-18.62020476308349,True,sigma_color_stat_mag,True
constant,14,2,0.5674536233634047,-3.2102161347425486,0.0,,,0.07716521791000336,14.865453398935394,-25.730906797870787,-24.639997706961697,True,sigma_color_stat_mag,True
constant,14,2,0.5674536233634047,-3.197990399059687,0.0,,,0.07554617571973614,15.21614280573478,-26.43228561146956,-25.34137652056047,True,sigma_color_stat_mag,True
constant,14,2,0.5674536233634047,-3.1752383670165556,0.0,,,0.07358577415650573,15.591407222198313,-27.182814444396627,-26.091905353487537,True,sigma_color_stat_mag,True
constant,14,2,0.5674536233634047,-3.1873676272990177,0.0,,,0.09037102572649415,13.019814294815813,-22.039628589631626,-20.948719498722536,True,sigma_color_stat_mag,True
constant,14,2,0.5674536233634047,-3.1331425996090427,0.0,,,0.05446119100330788,18.824718714302083,-33.649437428604166,-32.55852833769507,True,sigma_color_stat_mag,True
constant,14,2,0.5674536233634047,-3.1749776965931096,0.0,,,0.07824540706641074,14.791088984977492,-25.582177969954984,-24.491268879045894,True,sigma_color_stat_mag,True
constant,14,2,0.5674536233634047,-3.1747606711381624,0.0,,,0.09151514725625663,12.824485630318735,-21.64897126063747,-20.55806216972838,True,sigma_color_stat_mag,True
constant,14,2,0.5674536233634047,-3.1600496920558756,0.0,,,0.07498177420981923,15.340065054920611,-26.680130109841222,-25.589221018932133,True,sigma_color_stat_mag,True
constant,14,2,0.5674536233634047,-3.1243408155435812,0.0,,,0.0850058486893923,13.805085814049448,-23.610171628098897,-22.519262537189807,True,sigma_color_stat_mag,True
constant,14,2,0.5674536233634047,-3.161459295382104,0.0,,,0.07962489705287398,14.66180294898847,-25.32360589797694,-24.23269680706785,True,sigma_color_stat_mag,True
constant,14,2,0.5674536233634047,-3.1977215654491915,0.0,,,0.09473655486529668,12.438772108369218,-20.877544216738436,-19.786635125829346,True,sigma_color_stat_mag,True
constant,14,2,0.5674536233634047,-3.2043207356628005,0.0,,,0.0731892689575248,15.548063098337632,-27.096126196675264,-26.005217105766175,True,sigma_color_stat_mag,True
constant,14,2,0.5674536233634047,-3.1887064999188532,0.0,,,0.06946776203447809,16.2413343550366,-28.4826687100732,-27.39175961916411,True,sigma_color_stat_mag,True
constant,14,2,0.5674536233634047,-3.1901217720461337,0.0,,,0.0723119534304154,15.742783756804887,-27.485567513609773,-26.394658422700683,True,sigma_color_stat_mag,True
constant,14,2,0.5674536233634047,-3.2041188092884667,0.0,,,0.08299700519850992,14.055677641020601,-24.111355282041202,-23.020446191132113,True,sigma_color_stat_mag,True
constant,14,2,0.5674536233634047,-3.1446860063628006,0.0,,,0.07145303627904531,15.876549071816697,-27.753098143633395,-26.662189052724305,True,sigma_color_stat_mag,True
constant,14,2,0.5674536233634047,-3.173474034040016,0.0,,,0.09874475473238647,11.847463311048308,-19.694926622096617,-18.604017531187527,True,sigma_color_stat_mag,True
constant,14,2,0.5674536233634047,-3.205985856319458,0.0,,,0.08715750992245964,13.511232791365625,-23.02246558273125,-21.93155649182216,True,sigma_color_stat_mag,True
constant,14,2,0.5674536233634047,-3.183803901989154,0.0,,,0.08579173803944454,13.619037283545689,-23.238074567091378,-22.147165476182288,True,sigma_color_stat_mag,True
constant,14,2,0.5674536233634047,-3.154588503151996,0.0,,,0.09267304217492106,12.725494797192688,-21.450989594385376,-20.360080503476286,True,sigma_color_stat_mag,True
constant,14,2,0.5674536233634047,-3.155107266481768,0.0,,,0.09384405177314512,12.525581887977877,-21.051163775955754,-19.960254685046664,True,sigma_color_stat_mag,True
constant,14,2,0.5674536233634047,-3.1727929241576813,0.0,,,0.0716900583359106,15.894615512925883,-27.789231025851766,-26.698321934942676,True,sigma_color_stat_mag,True
constant,14,2,0.5674536233634047,-3.1719537146346184,0.0,,,0.06857716933856034,16.30869670835948,-28.61739341671896,-27.52648432580987,True,sigma_color_stat_mag,True
constant,14,2,0.5674536233634047,-3.183903787954589,0.0,,,0.07813588915980504,14.844352397873957,-25.688704795747913,-24.597795704838823,True,sigma_color_stat_mag,True
constant,14,2,0.5674536233634047,-3.173377798491345,0.0,,,0.08107511924227513,14.322584673268278,-24.645169346536555,-23.554260255627465,True,sigma_color_stat_mag,True
constant,14,2,0.5674536233634047,-3.166565246040798,0.0,,,0.09259437665546177,12.71596485913876,-21.43192971827752,-20.34102062736843,True,sigma_color_stat_mag,True
constant,14,2,0.5674536233634047,-3.198874412912557,0.0,,,0.07816975316775872,14.855776682104318,-25.711553364208637,-24.620644273299547,True,sigma_color_stat_mag,True
constant,14,2,0.5674536233634047,-3.162333015446521,0.0,,,0.08011489581585249,14.568072267440366,-25.13614453488073,-24.04523544397164,True,sigma_color_stat_mag,True
constant,14,2,0.5674536233634047,-3.162442519235887,0.0,,,0.05610037127811832,18.694744189175363,-33.38948837835073,-32.29857928744163,True,sigma_color_stat_mag,True
constant,14,2,0.5674536233634047,-3.1624046985480074,0.0,,,0.08350134773580495,13.965490652791974,-23.93098130558395,-22.84007221467486,True,sigma_color_stat_mag,True
constant,14,2,0.5674536233634047,-3.161733666934549,0.0,,,0.07424864335272524,15.410199245092622,-26.820398490185244,-25.729489399276154,True,sigma_color_stat_mag,True
constant,14,2,0.5674536233634047,-3.1360456510722803,0.0,,,0.0790179978054043,14.619632477013814,-25.23926495402763,-24.14835586311854,True,sigma_color_stat_mag,True
constant,14,2,0.5674536233634047,-3.191273200582501,0.0,,,0.05603708956591925,18.61360668102877,-33.22721336205754,-32.13630427114845,True,sigma_color_stat_mag,True
constant,14,2,0.5674536233634047,-3.1854901352385157,0.0,,,0.052922499675104755,19.084235638898427,-34.168471277796854,-33.07756218688776,True,sigma_color_stat_mag,True
constant,14,2,0.5674536233634047,-3.1596014033766613,0.0,,,0.08918167717925803,13.145369004884177,-22.290738009768354,-21.199828918859264,True,sigma_color_stat_mag,True
constant,14,2,0.5674536233634047,-3.1892648201314393,0.0,,,0.07286594131163951,15.619374653846315,-27.23874930769263,-26.14784021678354,True,sigma_color_stat_mag,True
constant,14,2,0.5674536233634047,-3.1546813339156636,0.0,,,0.06995306411550327,16.05566779790819,-28.111335595816378,-27.020426504907288,True,sigma_color_stat_mag,True
constant,14,2,0.5674536233634047,-3.160129468764059,0.0,,,0.07626200046189277,15.08220653567846,-26.16441307135692,-25.07350398044783,True,sigma_color_stat_mag,True
constant,14,2,0.5674536233634047,-3.2261634589176693,0.0,,,0.05822862624097933,17.854844218862386,-31.709688437724772,-30.618779346815682,True,sigma_color_stat_mag,True
constant,14,2,0.5674536233634047,-3.160137874642385,0.0,,,0.09619181664839778,12.234053869819668,-20.468107739639336,-19.377198648730246,True,sigma_color_stat_mag,True
constant,14,2,0.5674536233634047,-3.1809277962168263,0.0,,,0.10880197831509766,10.653036219548998,-17.306072439097996,-16.215163348188906,True,sigma_color_stat_mag,True
constant,14,2,0.5674536233634047,-3.188128571136496,0.0,,,0.06855829284770779,16.378001272640944,-28.756002545281888,-27.665093454372798,True,sigma_color_stat_mag,True
constant,14,2,0.5674536233634047,-3.147005291834098,0.0,,,0.0799306330818339,14.54188105104903,-25.08376210209806,-23.99285301118897,True,sigma_color_stat_mag,True
constant,14,2,0.5674536233634047,-3.19902791416126,0.0,,,0.09759158845459134,12.03706691850096,-20.07413383700192,-18.98322474609283,True,sigma_color_stat_mag,True
constant,14,2,0.5674536233634047,-3.2076318901295684,0.0,,,0.06932362811788478,16.20260422777699,-28.405208455553982,-27.314299364644892,True,sigma_color_stat_mag,True
constant,14,2,0.5674536233634047,-3.1752716735592963,0.0,,,0.08289968236811737,14.116032805019797,-24.232065610039594,-23.141156519130504,True,sigma_color_stat_mag,True
constant,14,2,0.5674536233634047,-3.166490156317412,0.0,,,0.09417531528441178,12.531968670244018,-21.063937340488035,-19.973028249578945,True,sigma_color_stat_mag,True
constant,14,2,0.5674536233634047,-3.2308651488724713,0.0,,,0.05884595363303312,18.117077140298974,-32.23415428059795,-31.14324518968886,True,sigma_color_stat_mag,True
constant,14,2,0.5674536233634047,-3.1574869347859655,0.0,,,0.0968107994104858,12.172164667780562,-20.344329335561124,-19.253420244652034,True,sigma_color_stat_mag,True
constant,14,2,0.5674536233634047,-3.1538616975965215,0.0,,,0.07029489832888774,15.941356514053593,-27.882713028107187,-26.791803937198097,True,sigma_color_stat_mag,True
constant,14,2,0.5674536233634047,-3.1640265056301367,0.0,,,0.08104002708985912,14.370045865729216,-24.74009173145843,-23.64918264054934,True,sigma_color_stat_mag,True
constant,14,2,0.5674536233634047,-3.1754019527995374,0.0,,,0.06381907794902132,17.163028471436725,-30.32605694287345,-29.23514785196436,True,sigma_color_stat_mag,True
constant,14,2,0.5674536233634047,-3.168568034481994,0.0,,,0.09826318344795097,11.949101264312398,-19.898202528624797,-18.807293437715707,True,sigma_color_stat_mag,True
constant,14,2,0.5674536233634047,-3.171989944488825,0.0,,,0.0759412764037149,15.142132285572474,-26.28426457114495,-25.19335548023586,True,sigma_color_stat_mag,True
constant,14,2,0.5674536233634047,-3.144359698643472,0.0,,,0.06717034349730479,16.57794723587207,-29.15589447174414,-28.06498538083505,True,sigma_color_stat_mag,True
constant,14,2,0.5674536233634047,-3.146146442726795,0.0,,,0.08131204080107828,14.247643214588866,-24.49528642917773,-23.40437733826864,True,sigma_color_stat_mag,True
constant,14,2,0.5674536233634047,-3.2338713282307245,0.0,,,0.06481305988143468,17.037794596237674,-30.07558919247535,-28.98468010156626,True,sigma_color_stat_mag,True
constant,14,2,0.5674536233634047,-3.208410635035352,0.0,,,0.07622714815762652,15.04453721647503,-26.08907443295006,-24.99816534204097,True,sigma_color_stat_mag,True
constant,14,2,0.5674536233634047,-3.147064475613502,0.0,,,0.0863374929206302,13.562056270980037,-23.124112541960073,-22.033203451050984,True,sigma_color_stat_mag,True
constant,14,2,0.5674536233634047,-3.176705828331484,0.0,,,0.08200201403381174,14.21301855184364,-24.42603710368728,-23.33512801277819,True,sigma_color_stat_mag,True
constant,14,2,0.5674536233634047,-3.181856560240023,0.0,,,0.077504773058384,14.885376155291748,-25.770752310583497,-24.679843219674407,True,sigma_color_stat_mag,True
constant,14,2,0.5674536233634047,-3.175483041449938,0.0,,,0.07657874179849967,15.067872637309488,-26.135745274618976,-25.044836183709887,True,sigma_color_stat_mag,True
constant,14,2,0.5674536233634047,-3.1912818565517957,0.0,,,0.09137265014080556,12.807362504920132,-21.614725009840264,-20.523815918931174,True,sigma_color_stat_mag,True
constant,14,2,0.5674536233634047,-3.1418090241702163,0.0,,,0.0638317337934078,17.207988088724072,-30.415976177448144,-29.325067086539054,True,sigma_color_stat_mag,True
constant,14,2,0.5674536233634047,-3.1843702954639745,0.0,,,0.028118067960117985,23.920052730215232,-43.840105460430465,-42.74919636952137,True,sigma_color_stat_mag,True
constant,14,2,0.5674536233634047,-3.1581371818772617,0.0,,,0.08194311593826645,14.231811251937435,-24.46362250387487,-23.37271341296578,True,sigma_color_stat_mag,True
constant,14,2,0.5674536233634047,-3.1753194952728356,0.0,,,0.0957518761253866,12.238369276803486,-20.47673855360697,-19.38582946269788,True,sigma_color_stat_mag,True
constant,14,2,0.5674536233634047,-3.165324744920836,0.0,,,0.0874133392658645,13.371264372222276,-22.742528744444552,-21.651619653535462,True,sigma_color_stat_mag,True
constant,14,2,0.5674536233634047,-3.1887693012100216,0.0,,,0.09418702687883253,12.476716913722173,-20.953433827444346,-19.862524736535256,True,sigma_color_stat_mag,True
constant,14,2,0.5674536233634047,-3.179835738956346,0.0,,,0.09808238197375177,11.940383080283162,-19.880766160566324,-18.789857069657234,True,sigma_color_stat_mag,True
constant,14,2,0.5674536233634047,-3.1802983910874083,0.0,,,0.06858477638896868,16.389574513978474,-28.779149027956947,-27.688239937047857,True,sigma_color_stat_mag,True
constant,14,2,0.5674536233634047,-3.213483055763335,0.0,,,0.06793942856954482,16.41974950901941,-28.839499018038822,-27.748589927129732,True,sigma_color_stat_mag,True
constant,14,2,0.5674536233634047,-3.222523523116912,0.0,,,0.06775513133539791,16.25081861398791,-28.50163722797582,-27.41072813706673,True,sigma_color_stat_mag,True
constant,14,2,0.5674536233634047,-3.169772465399351,0.0,,,0.07499225958931664,15.321824334689914,-26.64364866937983,-25.55273957847074,True,sigma_color_stat_mag,True
constant,14,2,0.5674536233634047,-3.1320907197213215,0.0,,,0.03687496426428772,22.095106251286044,-40.19021250257209,-39.099303411662994,True,sigma_color_stat_mag,True
constant,14,2,0.5674536233634047,-3.154772323723769,0.0,,,0.0833612159205993,14.025904068773485,-24.05180813754697,-22.96089904663788,True,sigma_color_stat_mag,True
constant,14,2,0.5674536233634047,-3.169518959888084,0.0,,,0.0833123930736388,13.952854899359677,-23.905709798719354,-22.814800707810264,True,sigma_color_stat_mag,True
constant,14,2,0.5674536233634047,-3.1627277111273533,0.0,,,0.08595849620204819,13.703538787226583,-23.407077574453165,-22.316168483544075,True,sigma_color_stat_mag,True
constant,14,2,0.5674536233634047,-3.1563071981061963,0.0,,,0.07251886392018761,15.692253788964438,-27.384507577928876,-26.293598487019786,True,sigma_color_stat_mag,True
constant,14,2,0.5674536233634047,-3.1802686316322943,0.0,,,0.08216508516388174,14.18294788969659,-24.36589577939318,-23.27498668848409,True,sigma_color_stat_mag,True
constant,14,2,0.5674536233634047,-3.17447416388749,0.0,,,0.09594310619734416,12.250049103414142,-20.500098206828284,-19.409189115919194,True,sigma_color_stat_mag,True
constant,14,2,0.5674536233634047,-3.178332771849945,0.0,,,0.09056986819357662,12.997711480747563,-21.995422961495127,-20.904513870586037,True,sigma_color_stat_mag,True
constant,14,2,0.5674536233634047,-3.1643398685317274,0.0,,,0.09404524490943787,12.502167575804018,-21.004335151608036,-19.913426060698946,True,sigma_color_stat_mag,True
constant,14,2,0.5674536233634047,-3.228320860704158,0.0,,,0.06816287448155726,16.241785695145154,-28.483571390290308,-27.392662299381218,True,sigma_color_stat_mag,True
constant,14,2,0.5674536233634047,-3.1686928294979357,0.0,,,0.08554703112110253,13.69520046305147,-23.39040092610294,-22.29949183519385,True,sigma_color_stat_mag,True
constant,14,2,0.5674536233634047,-3.1598847256825446,0.0,,,0.08984971430738645,13.050086755230115,-22.10017351046023,-21.00926441955114,True,sigma_color_stat_mag,True
constant,14,2,0.5674536233634047,-3.1782413779625123,0.0,,,0.058253235202876244,18.085747832777745,-32.17149566555549,-31.0805865746464,True,sigma_color_stat_mag,True
constant,14,2,0.5674536233634047,-3.1631859280112944,0.0,,,0.08385567367741086,13.936198981837244,-23.872397963674487,-22.781488872765397,True,sigma_color_stat_mag,True
constant,14,2,0.5674536233634047,-3.173919664667171,0.0,,,0.08765934392140293,13.396290682068871,-22.792581364137742,-21.701672273228652,True,sigma_color_stat_mag,True
constant,14,2,0.5674536233634047,-3.1949885427254556,0.0,,,0.09210432932717964,12.762345000745071,-21.524690001490143,-20.433780910581053,True,sigma_color_stat_mag,True
constant,14,2,0.5674536233634047,-3.2145600297801824,0.0,,,0.06768676335681273,16.336590070382325,-28.67318014076465,-27.58227104985556,True,sigma_color_stat_mag,True
constant,14,2,0.5674536233634047,-3.1829763666658057,0.0,,,0.053901404867546784,18.951813395876083,-33.90362679175217,-32.81271770084307,True,sigma_color_stat_mag,True
constant,14,2,0.5674536233634047,-3.156471748026365,0.0,,,0.07985054637843447,14.502696908163966,-25.00539381632793,-23.91448472541884,True,sigma_color_stat_mag,True
constant,14,2,0.5674536233634047,-3.166540796857968,0.0,,,0.08443839725317162,13.795036878366966,-23.590073756733933,-22.499164665824843,True,sigma_color_stat_mag,True
constant,14,2,0.5674536233634047,-3.1580799698104163,0.0,,,0.0703355614499802,16.03832701551308,-28.07665403102616,-26.98574494011707,True,sigma_color_stat_mag,True
constant,14,2,0.5674536233634047,-3.1801718474667293,0.0,,,0.08496064957520928,13.852307162916823,-23.704614325833646,-22.613705234924556,True,sigma_color_stat_mag,True
constant,14,2,0.5674536233634047,-3.162933468417826,0.0,,,0.08683326926817736,13.53420919377021,-23.06841838754042,-21.97750929663133,True,sigma_color_stat_mag,True
constant,14,2,0.5674536233634047,-3.129188445868663,0.0,,,0.06816765768181911,16.51724329155426,-29.034486583108517,-27.943577492199427,True,sigma_color_stat_mag,True
constant,14,2,0.5674536233634047,-3.225935566259261,0.0,,,0.07038121611403578,16.030161487091966,-28.060322974183933,-26.969413883274843,True,sigma_color_stat_mag,True
constant,14,2,0.5674536233634047,-3.1785327134929084,0.0,,,0.0638453778994034,17.16687211839591,-30.333744236791823,-29.242835145882733,True,sigma_color_stat_mag,True
constant,14,2,0.5674536233634047,-3.1763831475130546,0.0,,,0.08843051843476879,13.257923202251856,-22.515846404503712,-21.424937313594622,True,sigma_color_stat_mag,True
constant,14,2,0.5674536233634047,-3.1931544597442585,0.0,,,0.061963661747581375,17.405353448681318,-30.810706897362635,-29.719797806453546,True,sigma_color_stat_mag,True
constant,14,2,0.5674536233634047,-3.178155230025839,0.0,,,0.08764629738313376,13.381729249788043,-22.763458499576085,-21.672549408666995,True,sigma_color_stat_mag,True
constant,14,2,0.5674536233634047,-3.1524672209690103,0.0,,,0.08874033413416903,13.15424827409143,-22.30849654818286,-21.21758745727377,True,sigma_color_stat_mag,True
constant,14,2,0.5674536233634047,-3.1277950056325685,0.0,,,0.07769589373571927,14.881547693952626,-25.763095387905253,-24.672186296996163,True,sigma_color_stat_mag,True
constant,14,2,0.5674536233634047,-3.117048394149542,0.0,,,0.07999137581944898,14.487914201948598,-24.975828403897196,-23.884919312988107,True,sigma_color_stat_mag,True
constant,14,2,0.5674536233634047,-3.211601894497321,0.0,,,0.07529548340782818,15.25048171336596,-26.50096342673192,-25.41005433582283,True,sigma_color_stat_mag,True
constant,14,2,0.5674536233634047,-3.164780294477057,0.0,,,0.09016236456958274,13.009935925618766,-22.019871851237532,-20.928962760328442,True,sigma_color_stat_mag,True
constant,14,2,0.5674536233634047,-3.180275654333244,0.0,,,0.09082790330056793,12.935796582798346,-21.871593165596693,-20.780684074687603,True,sigma_color_stat_mag,True
constant,14,2,0.5674536233634047,-3.1877372083465056,0.0,,,0.06777907484805903,16.455788579239773,-28.911577158479545,-27.820668067570455,True,sigma_color_stat_mag,True
constant,14,2,0.5674536233634047,-3.190380725342352,0.0,,,0.07213305412819228,15.85868849755515,-27.7173769951103,-26.62646790420121,True,sigma_color_stat_mag,True
constant,14,2,0.5674536233634047,-3.1617217441398107,0.0,,,0.06752589876327175,16.50893661734317,-29.01787323468634,-27.92696414377725,True,sigma_color_stat_mag,True
constant,14,2,0.5674536233634047,-3.1559064363870313,0.0,,,0.08802330357211877,13.31171611442319,-22.62343222884638,-21.53252313793729,True,sigma_color_stat_mag,True
constant,14,2,0.5674536233634047,-3.2202808802377825,0.0,,,0.07134638792885822,15.859579264991712,-27.719158529983424,-26.628249439074335,True,sigma_color_stat_mag,True
constant,14,2,0.5674536233634047,-3.1659620151125347,0.0,,,0.08704541077681306,13.458149086976144,-22.91629817395229,-21.8253890830432,True,sigma_color_stat_mag,True
constant,14,2,0.5674536233634047,-3.171298399165289,0.0,,,0.08885419811027344,13.206405075302394,-22.412810150604788,-21.321901059695698,True,sigma_color_stat_mag,True
constant,14,2,0.5674536233634047,-3.1586410982035087,0.0,,,0.06843190532770854,16.38799532192139,-28.775990643842782,-27.685081552933692,True,sigma_color_stat_mag,True
constant,14,2,0.5674536233634047,-3.20598294087537,0.0,,,0.08666257078540131,13.504414743195044,-23.008829486390088,-21.917920395480998,True,sigma_color_stat_mag,True
constant,14,2,0.5674536233634047,-3.209149835502478,0.0,,,0.09357858610617172,12.598569161818533,-21.197138323637066,-20.106229232727976,True,sigma_color_stat_mag,True
constant,14,2,0.5674536233634047,-3.142174425193631,0.0,,,0.07309534397837686,15.562280771246769,-27.124561542493538,-26.033652451584448,True,sigma_color_stat_mag,True
constant,14,2,0.5674536233634047,-3.1392696306997,0.0,,,0.06856325534090527,16.343746773838213,-28.687493547676425,-27.596584456767335,True,sigma_color_stat_mag,True
constant,14,2,0.5674536233634047,-3.189569912347688,0.0,,,0.08215476426957646,14.184407609424003,-24.368815218848006,-23.277906127938916,True,sigma_color_stat_mag,True
constant,14,2,0.5674536233634047,-3.180170194446151,0.0,,,0.0684899452104025,16.43678864486721,-28.87357728973442,-27.78266819882533,True,sigma_color_stat_mag,True
constant,14,2,0.5674536233634047,-3.1760893513267305,0.0,,,0.07024130507496314,16.146052935747164,-28.29210587149433,-27.20119678058524,True,sigma_color_stat_mag,True
constant,14,2,0.5674536233634047,-3.150876001335786,0.0,,,0.07832195820307877,14.820798316015905,-25.64159663203181,-24.55068754112272,True,sigma_color_stat_mag,True
constant,14,2,0.5674536233634047,-3.1284795691589595,0.0,,,0.07723773797681004,14.851825616575983,-25.703651233151966,-24.612742142242876,True,sigma_color_stat_mag,True
constant,14,2,0.5674536233634047,-3.1334922836380183,0.0,,,0.05339137405166292,18.9938579675185,-33.987715935037,-32.89680684412791,True,sigma_color_stat_mag,True
constant,14,2,0.5674536233634047,-3.178040018036453,0.0,,,0.07259627047178008,15.646727854855428,-27.293455709710855,-26.202546618801765,True,sigma_color_stat_mag,True
constant,14,2,0.5674536233634047,-3.19910706521938,0.0,,,0.09391327928043906,12.526860912893016,-21.05372182578603,-19.96281273487694,True,sigma_color_stat_mag,True
constant,14,2,0.5674536233634047,-3.1665915466462504,0.0,,,0.086767175802564,13.563518910024566,-23.127037820049132,-22.036128729140042,True,sigma_color_stat_mag,True
constant,14,2,0.5674536233634047,-3.179453278061832,0.0,,,0.07402854732743992,15.419711005780893,-26.839422011561787,-25.748512920652697,True,sigma_color_stat_mag,True
constant,14,2,0.5674536233634047,-3.1927794318126392,0.0,,,0.06445465402724239,16.99709410310936,-29.994188206218723,-28.903279115309633,True,sigma_color_stat_mag,True
constant,14,2,0.5674536233634047,-3.1684560322226587,0.0,,,0.08403157476843255,13.904198545149393,-23.808397090298786,-22.717487999389697,True,sigma_color_stat_mag,True
constant,14,2,0.5674536233634047,-3.120353286390035,0.0,,,0.07467595257753018,15.41265951442964,-26.82531902885928,-25.73440993795019,True,sigma_color_stat_mag,True
constant,14,2,0.5674536233634047,-3.1611035701549257,0.0,,,0.07712978680949144,14.894566370700698,-25.789132741401396,-24.698223650492306,True,sigma_color_stat_mag,True
constant,14,2,0.5674536233634047,-3.150477066801115,0.0,,,0.08194325496796966,14.240681005040537,-24.481362010081074,-23.390452919171985,True,sigma_color_stat_mag,True
constant,14,2,0.5674536233634047,-3.1301200319235667,0.0,,,0.07356121557932202,15.594741316200032,-27.189482632400065,-26.098573541490975,True,sigma_color_stat_mag,True
constant,14,2,0.5674536233634047,-3.1995484287250964,0.0,,,0.09498907092605163,12.373213391119556,-20.746426782239112,-19.655517691330022,True,sigma_color_stat_mag,True
constant,14,2,0.5674536233634047,-3.2043514523905534,0.0,,,0.0853294116767558,13.705969582179815,-23.41193916435963,-22.32103007345054,True,sigma_color_stat_mag,True
constant,14,2,0.5674536233634047,-3.177276863716571,0.0,,,0.06506815440714733,17.003827997241178,-30.007655994482356,-28.916746903573266,True,sigma_color_stat_mag,True
constant,14,2,0.5674536233634047,-3.1913576331038787,0.0,,,0.06662286932723127,16.639507833652413,-29.279015667304826,-28.188106576395736,True,sigma_color_stat_mag,True
constant,14,2,0.5674536233634047,-3.204584939063862,0.0,,,0.08308746574543119,14.061017072431056,-24.122034144862113,-23.031125053953023,True,sigma_color_stat_mag,True
constant,14,2,0.5674536233634047,-3.130749381008018,0.0,,,0.06359348578023918,17.087391171828518,-30.174782343657036,-29.083873252747946,True,sigma_color_stat_mag,True
constant,14,2,0.5674536233634047,-3.1512795800630764,0.0,,,0.07647199868618307,15.075366875415279,-26.150733750830558,-25.059824659921468,True,sigma_color_stat_mag,True
constant,14,2,0.5674536233634047,-3.1588765942970864,0.0,,,0.055826872888942294,18.47059523389174,-32.94119046778348,-31.85028137687439,True,sigma_color_stat_mag,True
constant,14,2,0.5674536233634047,-3.141192034893431,0.0,,,0.07529598410586696,15.145710893588042,-26.291421787176084,-25.200512696266994,True,sigma_color_stat_mag,True
constant,14,2,0.5674536233634047,-3.1930321525642102,0.0,,,0.08569355533565899,13.589725585526127,-23.179451171052253,-22.088542080143164,True,sigma_color_stat_mag,True
constant,14,2,0.5674536233634047,-3.16308320325644,0.0,,,0.07860482216442746,14.786911803614817,-25.573823607229635,-24.482914516320545,True,sigma_color_stat_mag,True
constant,14,2,0.5674536233634047,-3.188357504075144,0.0,,,0.07476285979516109,15.32166266415561,-26.64332532831122,-25.55241623740213,True,sigma_color_stat_mag,True
constant,14,2,0.5674536233634047,-3.190938628381145,0.0,,,0.07809371349957807,14.779820014741315,-25.55964002948263,-24.46873093857354,True,sigma_color_stat_mag,True
constant,14,2,0.5674536233634047,-3.143784173431839,0.0,,,0.07991391185274796,14.560520882553014,-25.12104176510603,-24.03013267419694,True,sigma_color_stat_mag,True
constant,14,2,0.5674536233634047,-3.1399390567362,0.0,,,0.07177518475557648,15.676535974742189,-27.353071949484377,-26.262162858575287,True,sigma_color_stat_mag,True
constant,14,2,0.5674536233634047,-3.1829079480400106,0.0,,,0.09185890520396911,12.7701155311034,-21.5402310622068,-20.44932197129771,True,sigma_color_stat_mag,True
constant,14,2,0.5674536233634047,-3.1428545875299556,0.0,,,0.0828567587726322,14.1211917409468,-24.2423834818936,-23.15147439098451,True,sigma_color_stat_mag,True
constant,14,2,0.5674536233634047,-3.181263661937268,0.0,,,0.06989002815937441,16.038651776064906,-28.077303552129813,-26.986394461220723,True,sigma_color_stat_mag,True
constant,14,2,0.5674536233634047,-3.1400598566156064,0.0,,,0.06611239654095694,16.726528144566505,-29.45305628913301,-28.36214719822392,True,sigma_color_stat_mag,True
constant,14,2,0.5674536233634047,-3.1980782732495325,0.0,,,0.05618509109939207,18.519528979266802,-33.039057958533604,-31.948148867624514,True,sigma_color_stat_mag,True
constant,14,2,0.5674536233634047,-3.1601982054592863,0.0,,,0.08816675564946616,13.355865498128878,-22.711730996257756,-21.620821905348667,True,sigma_color_stat_mag,True
constant,14,2,0.5674536233634047,-3.1652385212295058,0.0,,,0.08452643739543372,13.784260437003141,-23.568520874006282,-22.477611783097192,True,sigma_color_stat_mag,True
constant,14,2,0.5674536233634047,-3.2270119053131086,0.0,,,0.07931797944853596,14.631911789313278,-25.263823578626557,-24.172914487717467,True,sigma_color_stat_mag,True
constant,14,2,0.5674536233634047,-3.1117060718527374,0.0,,,0.07756086662264934,14.735336931500871,-25.470673863001743,-24.379764772092653,True,sigma_color_stat_mag,True
constant,14,2,0.5674536233634047,-3.1898802757829605,0.0,,,0.06423384257508782,17.21620841596053,-30.43241683192106,-29.34150774101197,True,sigma_color_stat_mag,True
constant,14,2,0.5674536233634047,-3.1994402557747685,0.0,,,0.0796026337102338,14.51983348691067,-25.03966697382134,-23.94875788291225,True,sigma_color_stat_mag,True
constant,14,2,0.5674536233634047,-3.1701673293644657,0.0,,,0.08205261839553175,14.257887144477772,-24.515774288955544,-23.424865198046454,True,sigma_color_stat_mag,True
constant,14,2,0.5674536233634047,-3.174300539662873,0.0,,,0.07998195390514296,14.568202473671294,-25.136404947342587,-24.045495856433497,True,sigma_color_stat_mag,True
constant,14,2,0.5674536233634047,-3.169406519826573,0.0,,,0.10016905801606743,11.70052439075739,-19.40104878151478,-18.31013969060569,True,sigma_color_stat_mag,True
constant,14,2,0.5674536233634047,-3.2059506039322985,0.0,,,0.0791453592812524,14.613906823522605,-25.22781364704521,-24.13690455613612,True,sigma_color_stat_mag,True
constant,14,2,0.5674536233634047,-3.1260824479050506,0.0,,,0.0895173782051805,13.110848957745183,-22.221697915490367,-21.130788824581277,True,sigma_color_stat_mag,True
constant,14,2,0.5674536233634047,-3.1300080008861646,0.0,,,0.0767743783917219,14.902292410930837,-25.804584821861674,-24.713675730952584,True,sigma_color_stat_mag,True
constant,14,2,0.5674536233634047,-3.1454488927743265,0.0,,,0.06475081578539975,16.940488093713693,-29.880976187427386,-28.790067096518296,True,sigma_color_stat_mag,True
constant,14,2,0.5674536233634047,-3.197687881254496,0.0,,,0.08218601065927324,14.227718093832339,-24.455436187664677,-23.364527096755587,True,sigma_color_stat_mag,True
constant,14,2,0.5674536233634047,-3.190307377439856,0.0,,,0.06525965300666235,16.939968458722436,-29.879936917444873,-28.789027826535783,True,sigma_color_stat_mag,True
constant,14,2,0.5674536233634047,-3.158236137800068,0.0,,,0.09817399770202147,11.942589205981525,-19.88517841196305,-18.79426932105396,True,sigma_color_stat_mag,True
constant,14,2,0.5674536233634047,-3.160894743514358,0.0,,,0.07504334791619618,15.219262309513166,-26.43852461902633,-25.34761552811724,True,sigma_color_stat_mag,True
constant,14,2,0.5674536233634047,-3.165406288532863,0.0,,,0.08839903690061524,13.335000921002182,-22.670001842004364,-21.579092751095274,True,sigma_color_stat_mag,True
constant,14,2,0.5674536233634047,-3.1610605473132334,0.0,,,0.08009235451539615,14.456330816787501,-24.912661633575002,-23.821752542665912,True,sigma_color_stat_mag,True
constant,14,2,0.5674536233634047,-3.145841737635473,0.0,,,0.09942442100807239,11.821107183770536,-19.642214367541072,-18.551305276631982,True,sigma_color_stat_mag,True
constant,14,2,0.5674536233634047,-3.1577194869400733,0.0,,,0.1036298707977544,11.273052806930728,-18.546105613861457,-17.455196522952367,True,sigma_color_stat_mag,True
constant,14,2,0.5674536233634047,-3.18030134004565,0.0,,,0.07336867622243815,15.630120746109856,-27.260241492219713,-26.169332401310623,True,sigma_color_stat_mag,True
constant,14,2,0.5674536233634047,-3.1456378618278835,0.0,,,0.06989437874167913,16.051797091231858,-28.103594182463716,-27.012685091554626,True,sigma_color_stat_mag,True
constant,14,2,0.5674536233634047,-3.1999508407451827,0.0,,,0.05859819845771857,18.08470276838048,-32.16940553676096,-31.078496445851872,True,sigma_color_stat_mag,True
constant,14,2,0.5674536233634047,-3.1700207099176843,0.0,,,0.09029279115189812,13.023633849202984,-22.047267698405967,-20.956358607496878,True,sigma_color_stat_mag,True
constant,14,2,0.5674536233634047,-3.1791910892805086,0.0,,,0.07475854603812968,15.26344354927361,-26.52688709854722,-25.43597800763813,True,sigma_color_stat_mag,True
constant,14,2,0.5674536233634047,-3.2012992126342863,0.0,,,0.058822472117737855,18.043287354440945,-32.08657470888189,-30.9956656179728,True,sigma_color_stat_mag,True
constant,14,2,0.5674536233634047,-3.1608055155600194,0.0,,,0.10214674908532488,11.446030787843371,-18.892061575686743,-17.801152484777653,True,sigma_color_stat_mag,True
constant,14,2,0.5674536233634047,-3.1650149921495463,0.0,,,0.10543381560164138,11.061056914667157,-18.122113829334314,-17.031204738425224,True,sigma_color_stat_mag,True
constant,14,2,0.5674536233634047,-3.136697214193489,0.0,,,0.08637801896018567,13.612618848763299,-23.225237697526598,-22.13432860661751,True,sigma_color_stat_mag,True
constant,14,2,0.5674536233634047,-3.1611948051010863,0.0,,,0.060889096308102256,17.758048371373686,-31.516096742747372,-30.425187651838282,True,sigma_color_stat_mag,True
constant,14,2,0.5674536233634047,-3.140568726845612,0.0,,,0.08009591350037587,14.460952641000315,-24.92190528200063,-23.83099619109154,True,sigma_color_stat_mag,True
constant,14,2,0.5674536233634047,-3.183144685709371,0.0,,,0.07171153370227777,15.822045650786936,-27.644091301573873,-26.553182210664783,True,sigma_color_stat_mag,True
constant,14,2,0.5674536233634047,-3.15864015288895,0.0,,,0.0737378849575522,15.471990811938221,-26.943981623876443,-25.853072532967353,True,sigma_color_stat_mag,True
constant,14,2,0.5674536233634047,-3.1747239711172686,0.0,,,0.09873832712935986,11.918446895291334,-19.836893790582668,-18.745984699673578,True,sigma_color_stat_mag,True
constant,14,2,0.5674536233634047,-3.162726561350692,0.0,,,0.08895330045578104,13.185392874713592,-22.370785749427185,-21.279876658518095,True,sigma_color_stat_mag,True
constant,14,2,0.5674536233634047,-3.134300774141705,0.0,,,0.07632487864666825,15.046691527758377,-26.093383055516753,-25.002473964607663,True,sigma_color_stat_mag,True
constant,14,2,0.5674536233634047,-3.1544236185701675,0.0,,,0.09396815378575088,12.490789164868135,-20.98157832973627,-19.89066923882718,True,sigma_color_stat_mag,True
constant,14,2,0.5674536233634047,-3.1946938944649297,0.0,,,0.09414545665945381,12.529794238282618,-21.059588476565235,-19.968679385656145,True,sigma_color_stat_mag,True
constant,14,2,0.5674536233634047,-3.1702359468726105,0.0,,,0.09815495991636584,11.962967187909609,-19.925934375819217,-18.835025284910127,True,sigma_color_stat_mag,True
constant,14,2,0.5674536233634047,-3.183527052666081,0.0,,,0.09108825668609419,12.869217506970433,-21.738435013940865,-20.647525923031775,True,sigma_color_stat_mag,True
constant,14,2,0.5674536233634047,-3.1345167621125904,0.0,,,0.05658223639675559,18.463615626015347,-32.927231252030694,-31.836322161121604,True,sigma_color_stat_mag,True
constant,14,2,0.5674536233634047,-3.201575105381897,0.0,,,0.06336813795477536,17.18884959706229,-30.37769919412458,-29.28679010321549,True,sigma_color_stat_mag,True
constant,14,2,0.5674536233634047,-3.1534248505286873,0.0,,,0.1036704524640124,11.234117763965479,-18.468235527930958,-17.377326437021868,True,sigma_color_stat_mag,True
constant,14,2,0.5674536233634047,-3.1204134815398272,0.0,,,0.06156705960165904,17.551797643412687,-31.103595286825374,-30.012686195916285,True,sigma_color_stat_mag,True
constant,14,2,0.5674536233634047,-3.2204447069612283,0.0,,,0.06857547912627399,16.36456202280107,-28.72912404560214,-27.63821495469305,True,sigma_color_stat_mag,True
constant,14,2,0.5674536233634047,-3.2156637511332957,0.0,,,0.06759184127345598,16.3515827431235,-28.703165486247002,-27.612256395337912,True,sigma_color_stat_mag,True
constant,14,2,0.5674536233634047,-3.1900529470535344,0.0,,,0.09188043169447285,12.827400248931225,-21.65480049786245,-20.56389140695336,True,sigma_color_stat_mag,True
constant,14,2,0.5674536233634047,-3.17550651696781,0.0,,,0.06666873403789084,16.78294840742834,-29.56589681485668,-28.47498772394759,True,sigma_color_stat_mag,True
constant,14,2,0.5674536233634047,-3.1482642685306415,0.0,,,0.06105979246988533,17.51225558349255,-31.0245111669851,-29.93360207607601,True,sigma_color_stat_mag,True
constant,14,2,0.5674536233634047,-3.2036643430196055,0.0,,,0.08154492547884744,14.24634803225331,-24.49269606450662,-23.40178697359753,True,sigma_color_stat_mag,True
constant,14,2,0.5674536233634047,-3.168269006326676,0.0,,,0.07987977816823999,14.543641490689556,-25.08728298137911,-23.99637389047002,True,sigma_color_stat_mag,True
constant,14,2,0.5674536233634047,-3.1421515748022655,0.0,,,0.08796337442682593,13.326687004459368,-22.653374008918735,-21.562464918009645,True,sigma_color_stat_mag,True
constant,14,2,0.5674536233634047,-3.179714316169119,0.0,,,0.09376442951810537,12.540438746596815,-21.08087749319363,-19.98996840228454,True,sigma_color_stat_mag,True
constant,14,2,0.5674536233634047,-3.152178748289557,0.0,,,0.07610335761082239,15.105017586629005,-26.21003517325801,-25.11912608234892,True,sigma_color_stat_mag,True
constant,14,2,0.5674536233634047,-3.162722260921775,0.0,,,0.08020513776712129,14.429890433654966,-24.859780867309933,-23.768871776400843,True,sigma_color_stat_mag,True
constant,14,2,0.5674536233634047,-3.1939945731588737,0.0,,,0.08961850050588152,13.127433088357806,-22.254866176715613,-21.163957085806523,True,sigma_color_stat_mag,True
constant,14,2,0.5674536233634047,-3.171388828835489,0.0,,,0.09735186736138686,12.067340211811945,-20.13468042362389,-19.0437713327148,True,sigma_color_stat_mag,True
constant,14,2,0.5674536233634047,-3.2100676690887324,0.0,,,0.05202578620858078,19.1734550454052,-34.3469100908104,-33.2560009999013,True,sigma_color_stat_mag,True
constant,14,2,0.5674536233634047,-3.1505731302791746,0.0,,,0.08822657609275536,13.29385028762542,-22.58770057525084,-21.49679148434175,True,sigma_color_stat_mag,True
constant,14,2,0.5674536233634047,-3.2077340636483886,0.0,,,0.05149063400453167,19.682312624309695,-35.36462524861939,-34.2737161577103,True,sigma_color_stat_mag,True
constant,14,2,0.5674536233634047,-3.1823757634110175,0.0,,,0.09055441786940274,12.993858949956783,-21.987717899913566,-20.896808809004476,True,sigma_color_stat_mag,True
constant,14,2,0.5674536233634047,-3.154352460586902,0.0,,,0.0988370559461103,11.874351900486637,-19.748703800973274,-18.657794710064184,True,sigma_color_stat_mag,True
constant,14,2,0.5674536233634047,-3.2016084705608034,0.0,,,0.08592289923663403,13.570442900102057,-23.140885800204114,-22.049976709295024,True,sigma_color_stat_mag,True
constant,14,2,0.5674536233634047,-3.1736290210251905,0.0,,,0.06787449901830024,16.475197577991565,-28.95039515598313,-27.85948606507404,True,sigma_color_stat_mag,True
constant,14,2,0.5674536233634047,-3.1861115646056577,0.0,,,0.07909730811250786,14.71044128159538,-25.42088256319076,-24.32997347228167,True,sigma_color_stat_mag,True
constant,14,2,0.5674536233634047,-3.1209551488298373,0.0,,,0.082890663212799,14.08773999099175,-24.1754799819835,-23.08457089107441,True,sigma_color_stat_mag,True
constant,14,2,0.5674536233634047,-3.1491412750156953,0.0,,,0.08271456254647513,14.153509830795434,-24.307019661590868,-23.216110570681778,True,sigma_color_stat_mag,True
constant,14,2,0.5674536233634047,-3.1103411302655095,0.0,,,0.07764497641051993,14.810666757609532,-25.621333515219064,-24.530424424309974,True,sigma_color_stat_mag,True
constant,14,2,0.5674536233634047,-3.178846412766164,0.0,,,0.10703379697450496,10.879450266850776,-17.758900533701553,-16.667991442792463,True,sigma_color_stat_mag,True
constant,14,2,0.5674536233634047,-3.2110202022119285,0.0,,,0.05945675081372528,17.975266652781052,-31.950533305562104,-30.859624214653014,True,sigma_color_stat_mag,True
constant,14,2,0.5674536233634047,-3.171719001501834,0.0,,,0.07775308013252734,14.928216096155488,-25.856432192310976,-24.765523101401886,True,sigma_color_stat_mag,True
constant,14,2,0.5674536233634047,-3.148574420687273,0.0,,,0.08086187983629517,14.399630697806591,-24.799261395613183,-23.708352304704093,True,sigma_color_stat_mag,True
constant,14,2,0.5674536233634047,-3.1625598171955693,0.0,,,0.07770320110934374,14.828574088581886,-25.657148177163773,-24.566239086254683,True,sigma_color_stat_mag,True
constant,14,2,0.5674536233634047,-3.175065602626869,0.0,,,0.09173265458743514,12.760406536450386,-21.520813072900772,-20.429903981991682,True,sigma_color_stat_mag,True
constant,14,2,0.5674536233634047,-3.1832016250171384,0.0,,,0.08509165803104764,13.750505188328157,-23.501010376656314,-22.410101285747224,True,sigma_color_stat_mag,True
constant,14,2,0.5674536233634047,-3.113311491867697,0.0,,,0.07611579768645642,15.123735953899244,-26.247471907798488,-25.156562816889398,True,sigma_color_stat_mag,True
constant,14,2,0.5674536233634047,-3.20373141264702,0.0,,,0.06671570826500486,16.7152412669884,-29.4304825339768,-28.33957344306771,True,sigma_color_stat_mag,True
constant,14,2,0.5674536233634047,-3.1756768317183925,0.0,,,0.09525638261767609,12.3423188805395,-20.684637761079,-19.59372867016991,True,sigma_color_stat_mag,True
constant,14,2,0.5674536233634047,-3.1989038710767557,0.0,,,0.0604902022020447,17.77413293539072,-31.548265870781442,-30.457356779872352,True,sigma_color_stat_mag,True
constant,14,2,0.5674536233634047,-3.142383537244373,0.0,,,0.0777930571488604,14.871555261445002,-25.743110522890003,-24.652201431980913,True,sigma_color_stat_mag,True
constant,14,2,0.5674536233634047,-3.150187723352892,0.0,,,0.08796041975344941,13.331205671223048,-22.662411342446095,-21.571502251537005,True,sigma_color_stat_mag,True
constant,14,2,0.5674536233634047,-3.195455806088629,0.0,,,0.08000659684796088,14.480208334620448,-24.960416669240896,-23.869507578331806,True,sigma_color_stat_mag,True
constant,14,2,0.5674536233634047,-3.156357322913595,0.0,,,0.0995805260629707,11.780942513895628,-19.561885027791256,-18.470975936882166,True,sigma_color_stat_mag,True
constant,14,2,0.5674536233634047,-3.2053476178047693,0.0,,,0.06787431277353911,16.36460388648862,-28.72920777297724,-27.63829868206815,True,sigma_color_stat_mag,True
constant,14,2,0.5674536233634047,-3.1766619396666553,0.0,,,0.09538829745351435,12.36154881532468,-20.72309763064936,-19.63218853974027,True,sigma_color_stat_mag,True
constant,14,2,0.5674536233634047,-3.16559825412921,0.0,,,0.05725861894741964,18.46529005621353,-32.93058011242706,-31.83967102151797,True,sigma_color_stat_mag,True
constant,14,2,0.5674536233634047,-3.1782272985137796,0.0,,,0.0692949609167648,16.30720741297041,-28.61441482594082,-27.52350573503173,True,sigma_color_stat_mag,True
constant,14,2,0.5674536233634047,-3.1807050301904014,0.0,,,0.08588370196443297,13.661812101615432,-23.323624203230864,-22.232715112321774,True,sigma_color_stat_mag,True
constant,14,2,0.5674536233634047,-3.1408072822566573,0.0,,,0.08407695091265836,13.907675313317617,-23.815350626635233,-22.724441535726143,True,sigma_color_stat_mag,True
constant,14,2,0.5674536233634047,-3.213380699603683,0.0,,,0.08270422985326079,14.118647917005456,-24.23729583401091,-23.14638674310182,True,sigma_color_stat_mag,True
constant,14,2,0.5674536233634047,-3.1957884528575087,0.0,,,0.08080767656391397,14.350898741181414,-24.701797482362828,-23.610888391453738,True,sigma_color_stat_mag,True
constant,14,2,0.5674536233634047,-3.2140087104699933,0.0,,,0.07885120603995317,14.721580929695739,-25.443161859391477,-24.352252768482387,True,sigma_color_stat_mag,True
constant,14,2,0.5674536233634047,-3.206653403416082,0.0,,,0.08347644998373205,14.040286294499458,-24.080572588998916,-22.989663498089826,True,sigma_color_stat_mag,True
constant,14,2,0.5674536233634047,-3.137325946769642,0.0,,,0.06713341341453435,16.610597148741935,-29.22119429748387,-28.13028520657478,True,sigma_color_stat_mag,True
constant,14,2,0.5674536233634047,-3.202432979585007,0.0,,,0.05319849487510987,19.1502967692644,-34.3005935385288,-33.20968444761971,True,sigma_color_stat_mag,True
constant,14,2,0.5674536233634047,-3.173719544301844,0.0,,,0.07363277631223211,15.474333849659194,-26.94866769931839,-25.8577586084093,True,sigma_color_stat_mag,True
constant,14,2,0.5674536233634047,-3.2116036518757736,0.0,,,0.06545479543085392,16.89298279246812,-29.785965584936243,-28.695056494027153,True,sigma_color_stat_mag,True
constant,14,2,0.5674536233634047,-3.1425810564628764,0.0,,,0.0863509243574886,13.525200736818295,-23.05040147363659,-21.9594923827275,True,sigma_color_stat_mag,True
constant,14,2,0.5674536233634047,-3.1387012921453663,0.0,,,0.0844633050330038,13.871058075594625,-23.74211615118925,-22.65120706028016,True,sigma_color_stat_mag,True
constant,14,2,0.5674536233634047,-3.1810720300907755,0.0,,,0.08770278795788337,13.364280552484905,-22.72856110496981,-21.63765201406072,True,sigma_color_stat_mag,True
constant,14,2,0.5674536233634047,-3.1428629431991366,0.0,,,0.06737993637077688,16.49564417592772,-28.991288351855438,-27.900379260946348,True,sigma_color_stat_mag,True
constant,14,2,0.5674536233634047,-3.1515564691115237,0.0,,,0.09035520981053621,12.99203741222109,-21.98407482444218,-20.893165733533092,True,sigma_color_stat_mag,True
constant,14,2,0.5674536233634047,-3.1663685777875306,0.0,,,0.06980498231097636,16.158875704418048,-28.317751408836095,-27.226842317927005,True,sigma_color_stat_mag,True
constant,14,2,0.5674536233634047,-3.1551672512193254,0.0,,,0.08975267821900462,13.164309542723819,-22.328619085447638,-21.237709994538548,True,sigma_color_stat_mag,True
constant,14,2,0.5674536233634047,-3.1377137739400136,0.0,,,0.08364239389589283,14.017251546265424,-24.034503092530848,-22.943594001621758,True,sigma_color_stat_mag,True
constant,14,2,0.5674536233634047,-3.1834988112157063,0.0,,,0.08419566203861098,13.88735623072335,-23.7747124614467,-22.68380337053761,True,sigma_color_stat_mag,True
constant,14,2,0.5674536233634047,-3.132507828048845,0.0,,,0.07739589247685749,14.967193275406949,-25.934386550813898,-24.843477459904808,True,sigma_color_stat_mag,True
constant,14,2,0.5674536233634047,-3.217948513589129,0.0,,,0.08224476989006858,14.183508623877378,-24.367017247754756,-23.276108156845666,True,sigma_color_stat_mag,True
constant,14,2,0.5674536233634047,-3.148499458339484,0.0,,,0.07638048144201691,15.082885375472305,-26.16577075094461,-25.07486166003552,True,sigma_color_stat_mag,True
constant,14,2,0.5674536233634047,-3.176329640355941,0.0,,,0.08439760915682358,13.860915493109887,-23.721830986219775,-22.630921895310685,True,sigma_color_stat_mag,True
constant,14,2,0.5674536233634047,-3.2257885185343063,0.0,,,0.09078474520300722,12.921669705630077,-21.843339411260153,-20.752430320351063,True,sigma_color_stat_mag,True
constant,14,2,0.5674536233634047,-3.1590558185260154,0.0,,,0.07416047938887681,15.464457839336662,-26.928915678673324,-25.838006587764234,True,sigma_color_stat_mag,True
constant,14,2,0.5674536233634047,-3.137911216291121,0.0,,,0.07562927447973515,15.20682493851275,-26.4136498770255,-25.32274078611641,True,sigma_color_stat_mag,True
constant,14,2,0.5674536233634047,-3.162118727112581,0.0,,,0.08756732678207116,13.415833034496089,-22.831666068992178,-21.740756978083088,True,sigma_color_stat_mag,True
constant,14,2,0.5674536233634047,-3.139086319246732,0.0,,,0.08344335593413565,13.866912369448526,-23.733824738897052,-22.642915647987962,True,sigma_color_stat_mag,True
constant,14,2,0.5674536233634047,-3.150548967531827,0.0,,,0.07620913737125756,15.094903088558342,-26.189806177116683,-25.098897086207593,True,sigma_color_stat_mag,True
constant,14,2,0.5674536233634047,-3.169866703183072,0.0,,,0.07376752613685127,15.513554860155057,-27.027109720310115,-25.936200629401025,True,sigma_color_stat_mag,True
constant,14,2,0.5674536233634047,-3.1727884767689067,0.0,,,0.09873324165347132,11.862527350741514,-19.725054701483028,-18.63414561057394,True,sigma_color_stat_mag,True
constant,14,2,0.5674536233634047,-3.1238133400964267,0.0,,,0.0727965069356973,15.590974929355276,-27.181949858710553,-26.091040767801463,True,sigma_color_stat_mag,True
constant,14,2,0.5674536233634047,-3.1779606882395512,0.0,,,0.07299517298710823,15.659248933148836,-27.318497866297673,-26.227588775388583,True,sigma_color_stat_mag,True
constant,14,2,0.5674536233634047,-3.192902847653382,0.0,,,0.09133293764554742,12.877948373788564,-21.75589674757713,-20.66498765666804,True,sigma_color_stat_mag,True
constant,14,2,0.5674536233634047,-3.1850374790385874,0.0,,,0.08353989370814459,13.94584048357111,-23.89168096714222,-22.80077187623313,True,sigma_color_stat_mag,True
constant,14,2,0.5674536233634047,-3.1836575242758336,0.0,,,0.096258853232484,12.230784670857592,-20.461569341715183,-19.370660250806093,True,sigma_color_stat_mag,True
constant,14,2,0.5674536233634047,-3.182170431052271,0.0,,,0.07627447116795553,14.981260992024065,-25.96252198404813,-24.87161289313904,True,sigma_color_stat_mag,True
constant,14,2,0.5674536233634047,-3.2304328423570614,0.0,,,0.07734455635000685,14.931348951488564,-25.86269790297713,-24.77178881206804,True,sigma_color_stat_mag,True
constant,14,2,0.5674536233634047,-3.1838608471316645,0.0,,,0.06990859125943076,16.074833974518675,-28.14966794903735,-27.05875885812826,True,sigma_color_stat_mag,True
constant,14,2,0.5674536233634047,-3.1555260442700788,0.0,,,0.06432361002584121,17.156701907561544,-30.31340381512309,-29.222494724214,True,sigma_color_stat_mag,True
constant,14,2,0.5674536233634047,-3.1343347927071656,0.0,,,0.08699504380097106,13.468259517564519,-22.936519035129038,-21.845609944219948,True,sigma_color_stat_mag,True
constant,14,2,0.5674536233634047,-3.1890952688847163,0.0,,,0.09848416539102137,11.917933976693176,-19.83586795338635,-18.74495886247726,True,sigma_color_stat_mag,True
constant,14,2,0.5674536233634047,-3.1837683114191373,0.0,,,0.08334312112984173,13.939520648156092,-23.879041296312185,-22.788132205403095,True,sigma_color_stat_mag,True
constant,14,2,0.5674536233634047,-3.1649610425975716,0.0,,,0.08411448400391834,13.84759612083658,-23.69519224167316,-22.60428315076407,True,sigma_color_stat_mag,True
constant,14,2,0.5674536233634047,-3.1875443140077198,0.0,,,0.06551942241758567,16.99548134893422,-29.99096269786844,-28.90005360695935,True,sigma_color_stat_mag,True
constant,14,2,0.5674536233634047,-3.2255110814703554,0.0,,,0.0610342988207059,17.658316146021427,-31.316632292042854,-30.225723201133764,True,sigma_color_stat_mag,True
constant,14,2,0.5674536233634047,-3.155946947989046,0.0,,,0.09989849555160336,11.724298357515034,-19.448596715030067,-18.357687624120977,True,sigma_color_stat_mag,True
constant,14,2,0.5674536233634047,-3.188096063108414,0.0,,,0.06918529678838532,16.160888973079064,-28.32177794615813,-27.23086885524904,True,sigma_color_stat_mag,True
constant,14,2,0.5674536233634047,-3.164050509733901,0.0,,,0.08632998830157082,13.609816497311682,-23.219632994623364,-22.128723903714274,True,sigma_color_stat_mag,True
constant,14,2,0.5674536233634047,-3.127070603544169,0.0,,,0.0741120013702977,15.29821222572362,-26.59642445144724,-25.50551536053815,True,sigma_color_stat_mag,True
constant,14,2,0.5674536233634047,-3.209316841185918,0.0,,,0.08120381159036304,14.278293563318208,-24.556587126636416,-23.465678035727326,True,sigma_color_stat_mag,True
constant,14,2,0.5674536233634047,-3.128532795229514,0.0,,,0.06976075364765684,16.134038994786938,-28.268077989573875,-27.177168898664785,True,sigma_color_stat_mag,True
constant,14,2,0.5674536233634047,-3.165494119591333,0.0,,,0.08612966887030346,13.633407858633515,-23.26681571726703,-22.17590662635794,True,sigma_color_stat_mag,True
constant,14,2,0.5674536233634047,-3.164875754252456,0.0,,,0.08191165712804267,14.251943837524408,-24.503887675048816,-23.412978584139726,True,sigma_color_stat_mag,True
constant,14,2,0.5674536233634047,-3.145925102310479,0.0,,,0.09557300254948839,12.304469833120717,-20.608939666241433,-19.518030575332343,True,sigma_color_stat_mag,True
constant,14,2,0.5674536233634047,-3.1702751979435444,0.0,,,0.08391730862727712,13.939291749555665,-23.87858349911133,-22.78767440820224,True,sigma_color_stat_mag,True
constant,14,2,0.5674536233634047,-3.197936134120925,0.0,,,0.0785965659789281,14.756888446096355,-25.51377689219271,-24.42286780128362,True,sigma_color_stat_mag,True
constant,14,2,0.5674536233634047,-3.1558130730587832,0.0,,,0.07547668306021565,15.301274547433728,-26.602549094867456,-25.511640003958366,True,sigma_color_stat_mag,True
constant,14,2,0.5674536233634047,-3.1789854351098175,0.0,,,0.08922410710673558,13.16594921003394,-22.33189842006788,-21.24098932915879,True,sigma_color_stat_mag,True
constant,14,2,0.5674536233634047,-3.172256480755294,0.0,,,0.06836649873140425,16.354023036674487,-28.708046073348974,-27.617136982439884,True,sigma_color_stat_mag,True
constant,14,2,0.5674536233634047,-3.1736048443442626,0.0,,,0.08365722767589806,13.958687029475307,-23.917374058950614,-22.826464968041524,True,sigma_color_stat_mag,True
constant,14,2,0.5674536233634047,-3.1551951442146753,0.0,,,0.08928099976137882,13.19281113266363,-22.38562226532726,-21.29471317441817,True,sigma_color_stat_mag,True
constant,14,2,0.5674536233634047,-3.1423166632866777,0.0,,,0.08126051074712141,14.399930523047859,-24.799861046095717,-23.708951955186627,True,sigma_color_stat_mag,True
constant,14,2,0.5674536233634047,-3.2004471804009653,0.0,,,0.055538079395977484,18.580937042441583,-33.161874084883166,-32.07096499397407,True,sigma_color_stat_mag,True
constant,14,2,0.5674536233634047,-3.161343504908991,0.0,,,0.07727845582258769,14.874530647641617,-25.749061295283234,-24.658152204374144,True,sigma_color_stat_mag,True
constant,14,2,0.5674536233634047,-3.1530179658127455,0.0,,,0.08813659303760711,13.326679720024648,-22.653359440049297,-21.562450349140207,True,sigma_color_stat_mag,True
constant,14,2,0.5674536233634047,-3.1340871842783966,0.0,,,0.08660860155144455,13.462571077162842,-22.925142154325684,-21.834233063416594,True,sigma_color_stat_mag,True
constant,14,2,0.5674536233634047,-3.1997816136185793,0.0,,,0.07525845300851111,15.186213397436351,-26.372426794872702,-25.281517703963612,True,sigma_color_stat_mag,True
constant,14,2,0.5674536233634047,-3.194910951194311,0.0,,,0.06934719271897989,16.22085024469805,-28.441700489396098,-27.350791398487008,True,sigma_color_stat_mag,True
constant,14,2,0.5674536233634047,-3.182641353678074,0.0,,,0.08618807138725215,13.63212397776821,-23.26424795553642,-22.17333886462733,True,sigma_color_stat_mag,True
constant,14,2,0.5674536233634047,-3.138223410164663,0.0,,,0.05713811930241048,18.46391512860107,-32.92783025720214,-31.83692116629305,True,sigma_color_stat_mag,True
constant,14,2,0.5674536233634047,-3.171907999973939,0.0,,,0.09088657819943717,12.941467252032838,-21.882934504065677,-20.792025413156587,True,sigma_color_stat_mag,True
constant,14,2,0.5674536233634047,-3.178029602043464,0.0,,,0.09556478683142527,12.299612806542218,-20.599225613084435,-19.508316522175345,True,sigma_color_stat_mag,True
constant,14,2,0.5674536233634047,-3.156546314773461,0.0,,,0.0797579105018128,14.553737457945953,-25.107474915891906,-24.016565824982816,True,sigma_color_stat_mag,True
constant,14,2,0.5674536233634047,-3.1631513105624602,0.0,,,0.049539768599948145,19.824878678631627,-35.649757357263255,-34.55884826635416,True,sigma_color_stat_mag,True
constant,14,2,0.5674536233634047,-3.1785931531943987,0.0,,,0.08874228158578248,13.224935218359997,-22.449870436719994,-21.358961345810904,True,sigma_color_stat_mag,True
constant,14,2,0.5674536233634047,-3.188513291973717,0.0,,,0.07532591496633466,15.206079218670554,-26.41215843734111,-25.32124934643202,True,sigma_color_stat_mag,True
constant,14,2,0.5674536233634047,-3.216853007627445,0.0,,,0.07218635304310278,15.739022337464231,-27.478044674928462,-26.387135584019372,True,sigma_color_stat_mag,True
constant,14,2,0.5674536233634047,-3.1616995129402303,0.0,,,0.0941231383609399,12.533813670055405,-21.06762734011081,-19.97671824920172,True,sigma_color_stat_mag,True
constant,14,2,0.5674536233634047,-3.1895411461457286,0.0,,,0.09150928309824476,12.843916954918873,-21.687833909837746,-20.596924818928656,True,sigma_color_stat_mag,True
constant,14,2,0.5674536233634047,-3.190950652285381,0.0,,,0.08806058695392693,13.297056964780065,-22.59411392956013,-21.50320483865104,True,sigma_color_stat_mag,True
constant,14,2,0.5674536233634047,-3.1868940852439613,0.0,,,0.08828966905620264,13.295412505415202,-22.590825010830404,-21.499915919921314,True,sigma_color_stat_mag,True
constant,14,2,0.5674536233634047,-3.155511149479422,0.0,,,0.08625418654673339,13.604321975732896,-23.208643951465792,-22.117734860556702,True,sigma_color_stat_mag,True
constant,14,2,0.5674536233634047,-3.157060712653454,0.0,,,0.08177830395550567,14.220103807651112,-24.440207615302224,-23.349298524393134,True,sigma_color_stat_mag,True
constant,14,2,0.5674536233634047,-3.1695884325657344,0.0,,,0.07910105358970444,14.627763614614206,-25.255527229228413,-24.164618138319323,True,sigma_color_stat_mag,True
constant,14,2,0.5674536233634047,-3.153616662825718,0.0,,,0.0828101070314685,14.094069906246013,-24.188139812492025,-23.097230721582935,True,sigma_color_stat_mag,True
constant,14,2,0.5674536233634047,-3.1981348266869536,0.0,,,0.07505861691502659,15.373861329842619,-26.747722659685238,-25.656813568776148,True,sigma_color_stat_mag,True
constant,14,2,0.5674536233634047,-3.129022889276359,0.0,,,0.09586101986731228,12.242101303034472,-20.484202606068944,-19.393293515159854,True,sigma_color_stat_mag,True
constant,14,2,0.5674536233634047,-3.1727791795153886,0.0,,,0.06338450060329387,17.343973193313097,-30.687946386626194,-29.597037295717104,True,sigma_color_stat_mag,True
constant,14,2,0.5674536233634047,-3.202477334495571,0.0,,,0.07708175285698397,14.973097975150461,-25.946195950300922,-24.855286859391832,True,sigma_color_stat_mag,True
constant,14,2,0.5674536233634047,-3.1946423387627587,0.0,,,0.08791481628554867,13.310821140034566,-22.621642280069132,-21.530733189160042,True,sigma_color_stat_mag,True
constant,14,2,0.5674536233634047,-3.188104391874503,0.0,,,0.053582039653051576,18.982065464410915,-33.96413092882183,-32.87322183791274,True,sigma_color_stat_mag,True
constant,14,2,0.5674536233634047,-3.1774184712654465,0.0,,,0.07380132668644089,15.536740937978506,-27.07348187595701,-25.98257278504792,True,sigma_color_stat_mag,True
constant,14,2,0.5674536233634047,-3.213237571317254,0.0,,,0.0712341116250302,15.761405690818648,-27.522811381637297,-26.431902290728207,True,sigma_color_stat_mag,True
constant,14,2,0.5674536233634047,-3.191528589375408,0.0,,,0.07068705118964237,16.039463561556836,-28.078927123113672,-26.988018032204582,True,sigma_color_stat_mag,True
constant,14,2,0.5674536233634047,-3.153688998208284,0.0,,,0.06699658815463433,16.608975857756636,-29.217951715513273,-28.127042624604183,True,sigma_color_stat_mag,True
constant,14,2,0.5674536233634047,-3.1574457405083534,0.0,,,0.09042815169729482,13.032900204664111,-22.065800409328222,-20.974891318419132,True,sigma_color_stat_mag,True
constant,14,2,0.5674536233634047,-3.1535557318252776,0.0,,,0.09058382863428162,13.03346346886001,-22.06692693772002,-20.97601784681093,True,sigma_color_stat_mag,True
constant,14,2,0.5674536233634047,-3.142715677565124,0.0,,,0.07999378949259828,14.512922620650222,-25.025845241300445,-23.934936150391355,True,sigma_color_stat_mag,True
constant,14,2,0.5674536233634047,-3.2003745366951346,0.0,,,0.08725949362908754,13.438052498510489,-22.876104997020978,-21.785195906111888,True,sigma_color_stat_mag,True
constant,14,2,0.5674536233634047,-3.1478013653562096,0.0,,,0.07320441845095935,15.603601250479993,-27.207202500959987,-26.116293410050897,True,sigma_color_stat_mag,True
constant,14,2,0.5674536233634047,-3.1781655059144427,0.0,,,0.06556357999269326,16.894265790358954,-29.78853158071791,-28.69762248980882,True,sigma_color_stat_mag,True
constant,14,2,0.5674536233634047,-3.1994258667055155,0.0,,,0.09389743579440997,12.498502133743191,-20.997004267486382,-19.906095176577292,True,sigma_color_stat_mag,True
constant,14,2,0.5674536233634047,-3.1926602335593537,0.0,,,0.09639057917118697,12.19139919318216,-20.38279838636432,-19.29188929545523,True,sigma_color_stat_mag,True
constant,14,2,0.5674536233634047,-3.1394580961615324,0.0,,,0.08066222852500596,14.351024667685063,-24.702049335370127,-23.611140244461037,True,sigma_color_stat_mag,True
constant,14,2,0.5674536233634047,-3.1284392671559713,0.0,,,0.06386580693016182,17.20451012880794,-30.40902025761588,-29.31811116670679,True,sigma_color_stat_mag,True
constant,14,2,0.5674536233634047,-3.130783299421118,0.0,,,0.03668717922067634,22.433437366309477,-40.86687473261895,-39.77596564170986,True,sigma_color_stat_mag,True
constant,14,2,0.5674536233634047,-3.1910418708606056,0.0,,,0.09272084302933783,12.706758498064323,-21.413516996128646,-20.322607905219556,True,sigma_color_stat_mag,True
constant,14,2,0.5674536233634047,-3.180009958616473,0.0,,,0.07601159301283875,15.09242040773398,-26.18484081546796,-25.09393172455887,True,sigma_color_stat_mag,True
constant,14,2,0.5674536233634047,-3.1236465605390342,0.0,,,0.058514284389015084,18.22919562845471,-32.45839125690942,-31.367482166000332,True,sigma_color_stat_mag,True
constant,14,2,0.5674536233634047,-3.2065076197836566,0.0,,,0.05234684752606225,19.376571340385933,-34.753142680771866,-33.66223358986277,True,sigma_color_stat_mag,True
constant,14,2,0.5674536233634047,-3.1739055403721004,0.0,,,0.08992224235307515,13.068641286885356,-22.13728257377071,-21.046373482861622,True,sigma_color_stat_mag,True
constant,14,2,0.5674536233634047,-3.1098037401091676,0.0,,,0.07891418696376004,14.777812849338911,-25.555625698677822,-24.464716607768732,True,sigma_color_stat_mag,True
constant,14,2,0.5674536233634047,-3.1889570884042686,0.0,,,0.07725779024270882,15.008085517071006,-26.016171034142012,-24.925261943232922,True,sigma_color_stat_mag,True
constant,14,2,0.5674536233634047,-3.169598169913072,0.0,,,0.0786489339592393,14.722110293763192,-25.444220587526384,-24.353311496617295,True,sigma_color_stat_mag,True
constant,14,2,0.5674536233634047,-3.202232215393081,0.0,,,0.08300292814337606,14.03250695219879,-24.06501390439758,-22.97410481348849,True,sigma_color_stat_mag,True
constant,14,2,0.5674536233634047,-3.1788405398143746,0.0,,,0.07447691824794571,15.372650994955904,-26.74530198991181,-25.65439289900272,True,sigma_color_stat_mag,True
constant,14,2,0.5674536233634047,-3.182018667847019,0.0,,,0.07253293665576968,15.752273384142953,-27.504546768285906,-26.413637677376816,True,sigma_color_stat_mag,True
constant,14,2,0.5674536233634047,-3.1574145229201616,0.0,,,0.06873552627145015,16.211746518054998,-28.423493036109996,-27.332583945200906,True,sigma_color_stat_mag,True
constant,14,2,0.5674536233634047,-3.179537277083855,0.0,,,0.07215607438588278,15.70314544349321,-27.40629088698642,-26.31538179607733,True,sigma_color_stat_mag,True
constant,14,2,0.5674536233634047,-3.1885886729453494,0.0,,,0.08495696588393135,13.784468913059753,-23.568937826119505,-22.478028735210415,True,sigma_color_stat_mag,True
constant,14,2,0.5674536233634047,-3.1694624990573055,0.0,,,0.07211514402555386,15.794628957955657,-27.589257915911315,-26.498348825002225,True,sigma_color_stat_mag,True
constant,14,2,0.5674536233634047,-3.174047745810351,0.0,,,0.07182430864287846,15.765226097207979,-27.530452194415957,-26.439543103506868,True,sigma_color_stat_mag,True
constant,14,2,0.5674536233634047,-3.1140152602589524,0.0,,,0.07432075485412935,15.364169122091674,-26.728338244183348,-25.637429153274258,True,sigma_color_stat_mag,True
constant,14,2,0.5674536233634047,-3.1615107434041207,0.0,,,0.08527148462201106,13.691657848640991,-23.383315697281983,-22.292406606372893,True,sigma_color_stat_mag,True
constant,14,2,0.5674536233634047,-3.154761120579614,0.0,,,0.08495415390553983,13.812994848923122,-23.625989697846244,-22.535080606937154,True,sigma_color_stat_mag,True
constant,14,2,0.5674536233634047,-3.1463887549032035,0.0,,,0.09502692250552039,12.384987434546568,-20.769974869093137,-19.679065778184047,True,sigma_color_stat_mag,True
constant,14,2,0.5674536233634047,-3.178266425244038,0.0,,,0.07115843678665745,15.889367166460062,-27.778734332920124,-26.687825242011034,True,sigma_color_stat_mag,True
constant,14,2,0.5674536233634047,-3.21372927572052,0.0,,,0.10023099298168536,11.690553431994696,-19.38110686398939,-18.2901977730803,True,sigma_color_stat_mag,True
constant,14,2,0.5674536233634047,-3.185139139674674,0.0,,,0.08141950655591042,14.343394921043897,-24.686789842087794,-23.595880751178704,True,sigma_color_stat_mag,True
constant,14,2,0.5674536233634047,-3.2048511217403615,0.0,,,0.06958221592734505,16.192545677473603,-28.385091354947207,-27.294182264038117,True,sigma_color_stat_mag,True
constant,14,2,0.5674536233634047,-3.141074609737513,0.0,,,0.07872868163344558,14.689970311545018,-25.379940623090036,-24.289031532180946,True,sigma_color_stat_mag,True
constant,14,2,0.5674536233634047,-3.169981020894863,0.0,,,0.0818358880029879,14.257240389946286,-24.514480779892573,-23.423571688983483,True,sigma_color_stat_mag,True
constant,14,2,0.5674536233634047,-3.185423251314753,0.0,,,0.05061313569576778,19.405198479246156,-34.81039695849231,-33.71948786758322,True,sigma_color_stat_mag,True
constant,14,2,0.5674536233634047,-3.2017695568551017,0.0,,,0.09586266612333504,12.285303176147327,-20.570606352294654,-19.479697261385564,True,sigma_color_stat_mag,True
constant,14,2,0.5674536233634047,-3.1895199928395415,0.0,,,0.08393098629245248,13.925828006019657,-23.851656012039314,-22.760746921130224,True,sigma_color_stat_mag,True
constant,14,2,0.5674536233634047,-3.1430112216942647,0.0,,,0.08827019775075086,13.301871104941721,-22.603742209883443,-21.512833118974353,True,sigma_color_stat_mag,True
constant,14,2,0.5674536233634047,-3.2008000231525577,0.0,,,0.070635334300736,15.982165696562747,-27.964331393125494,-26.873422302216404,True,sigma_color_stat_mag,True
constant,14,2,0.5674536233634047,-3.1926414839352337,0.0,,,0.07671164683061714,15.06663119633561,-26.13326239267122,-25.04235330176213,True,sigma_color_stat_mag,True
constant,14,2,0.5674536233634047,-3.165452265369664,0.0,,,0.07936323484034172,14.551190821455283,-25.102381642910565,-24.011472552001475,True,sigma_color_stat_mag,True
constant,14,2,0.5674536233634047,-3.1982439904790416,0.0,,,0.08356309716027023,13.905532848281403,-23.811065696562807,-22.720156605653717,True,sigma_color_stat_mag,True
constant,14,2,0.5674536233634047,-3.137789242212762,0.0,,,0.08939575377805577,13.223907451841406,-22.44781490368281,-21.35690581277372,True,sigma_color_stat_mag,True
constant,14,2,0.5674536233634047,-3.1807180211029302,0.0,,,0.09118122468089108,12.910949719008512,-21.821899438017024,-20.730990347107934,True,sigma_color_stat_mag,True
constant,14,2,0.5674536233634047,-3.151046752564634,0.0,,,0.09452530333217146,12.426487441625552,-20.852974883251104,-19.762065792342014,True,sigma_color_stat_mag,True
constant,14,2,0.5674536233634047,-3.1818660638958494,0.0,,,0.0959716434320533,12.263693320386166,-20.52738664077233,-19.43647754986324,True,sigma_color_stat_mag,True
constant,14,2,0.5674536233634047,-3.1556060550096223,0.0,,,0.08509062310890518,13.73693399630338,-23.47386799260676,-22.38295890169767,True,sigma_color_stat_mag,True
constant,14,2,0.5674536233634047,-3.176470923657592,0.0,,,0.09334517326151923,12.586623001113132,-21.173246002226264,-20.082336911317174,True,sigma_color_stat_mag,True
constant,14,2,0.5674536233634047,-3.17853128873634,0.0,,,0.09551501157385721,12.292520489406577,-20.585040978813154,-19.494131887904064,True,sigma_color_stat_mag,True
constant,14,2,0.5674536233634047,-3.1438781439782297,0.0,,,0.09931199934830069,11.778978721662511,-19.557957443325023,-18.467048352415933,True,sigma_color_stat_mag,True
constant,14,2,0.5674536233634047,-3.1782634390852738,0.0,,,0.07525977573871255,15.254626223159608,-26.509252446319216,-25.418343355410126,True,sigma_color_stat_mag,True
constant,14,2,0.5674536233634047,-3.146369308442033,0.0,,,0.060805892035122794,17.68615691425327,-31.37231382850654,-30.28140473759745,True,sigma_color_stat_mag,True
constant,14,2,0.5674536233634047,-3.165596980033737,0.0,,,0.05882341906946095,18.001097440510044,-32.00219488102009,-30.911285790111,True,sigma_color_stat_mag,True
constant,14,2,0.5674536233634047,-3.187429094421192,0.0,,,0.08402741808646998,13.872834285913482,-23.745668571826965,-22.654759480917875,True,sigma_color_stat_mag,True
constant,14,2,0.5674536233634047,-3.1699251471182945,0.0,,,0.08586252830212124,13.627886913772114,-23.25577382754423,-22.16486473663514,True,sigma_color_stat_mag,True
constant,14,2,0.5674536233634047,-3.1775643559507536,0.0,,,0.08692810883479223,13.45695510329924,-22.91391020659848,-21.82300111568939,True,sigma_color_stat_mag,True
constant,14,2,0.5674536233634047,-3.186978132200982,0.0,,,0.07541320293739022,15.205502234429401,-26.411004468858803,-25.320095377949713,True,sigma_color_stat_mag,True
constant,14,2,0.5674536233634047,-3.145320749833696,0.0,,,0.07085647710826949,16.020997544071093,-28.041995088142187,-26.951085997233097,True,sigma_color_stat_mag,True
constant,14,2,0.5674536233634047,-3.1312337496946716,0.0,,,0.08376289969639555,13.878856038495185,-23.75771207699037,-22.66680298608128,True,sigma_color_stat_mag,True
constant,14,2,0.5674536233634047,-3.1786674037609384,0.0,,,0.0938322537383036,12.570319820457579,-21.140639640915158,-20.049730550006068,True,sigma_color_stat_mag,True
constant,14,2,0.5674536233634047,-3.1552468829389055,0.0,,,0.08605464335942845,13.67515215878703,-23.35030431757406,-22.25939522666497,True,sigma_color_stat_mag,True
constant,14,2,0.5674536233634047,-3.1303526268190223,0.0,,,0.07865726035524014,14.66894542026127,-25.33789084052254,-24.24698174961345,True,sigma_color_stat_mag,True
constant,14,2,0.5674536233634047,-3.1789045890633116,0.0,,,0.07155415453886298,15.79512794027527,-27.59025588055054,-26.49934678964145,True,sigma_color_stat_mag,True
constant,14,2,0.5674536233634047,-3.1419414134693366,0.0,,,0.08131836112672589,14.32658144098076,-24.65316288196152,-23.56225379105243,True,sigma_color_stat_mag,True
constant,14,2,0.5674536233634047,-3.156620049582844,0.0,,,0.0724865052331104,15.75558544593699,-27.51117089187398,-26.42026180096489,True,sigma_color_stat_mag,True
constant,14,2,0.5674536233634047,-3.206089078819753,0.0,,,0.07515554667439195,15.257892968882354,-26.515785937764708,-25.424876846855618,True,sigma_color_stat_mag,True
constant,14,2,0.5674536233634047,-3.175151081434598,0.0,,,0.08927117558152571,13.191992345585437,-22.383984691170873,-21.293075600261783,True,sigma_color_stat_mag,True
constant,14,2,0.5674536233634047,-3.145513745047363,0.0,,,0.08088158405526949,14.270074750778198,-24.540149501556396,-23.449240410647306,True,sigma_color_stat_mag,True
constant,14,2,0.5674536233634047,-3.1689265942737643,0.0,,,0.09210557985195901,12.715455472363905,-21.43091094472781,-20.34000185381872,True,sigma_color_stat_mag,True
constant,14,2,0.5674536233634047,-3.127686527357355,0.0,,,0.09860627533631305,11.968946403901349,-19.937892807802697,-18.846983716893607,True,sigma_color_stat_mag,True
constant,14,2,0.5674536233634047,-3.190280379333059,0.0,,,0.09025587521463707,13.043832387337552,-22.087664774675105,-20.996755683766015,True,sigma_color_stat_mag,True
constant,14,2,0.5674536233634047,-3.1810904588761426,0.0,,,0.08185509484539888,14.28532427222834,-24.57064854445668,-23.47973945354759,True,sigma_color_stat_mag,True
constant,14,2,0.5674536233634047,-3.161271724777559,0.0,,,0.09046476231151684,13.024472693436454,-22.04894538687291,-20.95803629596382,True,sigma_color_stat_mag,True
constant,14,2,0.5674536233634047,-3.164952039937791,0.0,,,0.07484570996452784,15.39249590418205,-26.7849918083641,-25.69408271745501,True,sigma_color_stat_mag,True
constant,14,2,0.5674536233634047,-3.191712745548834,0.0,,,0.08014420278032154,14.447874087961912,-24.895748175923824,-23.804839085014734,True,sigma_color_stat_mag,True
constant,14,2,0.5674536233634047,-3.173207053263036,0.0,,,0.08662201816022828,13.516748482574283,-23.033496965148565,-21.942587874239475,True,sigma_color_stat_mag,True
constant,14,2,0.5674536233634047,-3.1720133583204344,0.0,,,0.08274731741800484,14.095358819370814,-24.190717638741628,-23.099808547832538,True,sigma_color_stat_mag,True
constant,14,2,0.5674536233634047,-3.160406840852671,0.0,,,0.08396595545466581,13.861822355990293,-23.723644711980587,-22.632735621071497,True,sigma_color_stat_mag,True
constant,14,2,0.5674536233634047,-3.2052825500686284,0.0,,,0.06921747188610085,16.16608811470954,-28.332176229419083,-27.241267138509993,True,sigma_color_stat_mag,True
constant,14,2,0.5674536233634047,-3.1784017840691217,0.0,,,0.0914636897816045,12.842413622672408,-21.684827245344817,-20.593918154435727,True,sigma_color_stat_mag,True
constant,14,2,0.5674536233634047,-3.194359365310487,0.0,,,0.08070659108493819,14.380105743961137,-24.760211487922273,-23.669302397013183,True,sigma_color_stat_mag,True
constant,14,2,0.5674536233634047,-3.171717853961002,0.0,,,0.08306387804511609,14.11815279853427,-24.23630559706854,-23.14539650615945,True,sigma_color_stat_mag,True
constant,14,2,0.5674536233634047,-3.129327345676268,0.0,,,0.0726410194392644,15.685032458984285,-27.37006491796857,-26.27915582705948,True,sigma_color_stat_mag,True
constant,14,2,0.5674536233634047,-3.1684931553133113,0.0,,,0.09377670781939611,12.535210311694637,-21.070420623389275,-19.979511532480185,True,sigma_color_stat_mag,True
constant,14,2,0.5674536233634047,-3.1653234228120395,0.0,,,0.05766623350244593,18.389048610401822,-32.778097220803645,-31.687188129894555,True,sigma_color_stat_mag,True
constant,14,2,0.5674536233634047,-3.1825576152266284,0.0,,,0.07871939128248404,14.705419875584834,-25.410839751169668,-24.319930660260578,True,sigma_color_stat_mag,True
constant,14,2,0.5674536233634047,-3.195512400308079,0.0,,,0.078655450657643,14.724218200410895,-25.44843640082179,-24.3575273099127,True,sigma_color_stat_mag,True
constant,14,2,0.5674536233634047,-3.159865736893433,0.0,,,0.07913294372779713,14.685789935868385,-25.37157987173677,-24.28067078082768,True,sigma_color_stat_mag,True
constant,14,2,0.5674536233634047,-3.1599757117080842,0.0,,,0.09546156376226624,12.31892622160364,-20.63785244320728,-19.54694335229819,True,sigma_color_stat_mag,True
constant,14,2,0.5674536233634047,-3.172245161703208,0.0,,,0.090848111658337,12.974347248009499,-21.948694496018998,-20.857785405109908,True,sigma_color_stat_mag,True
constant,14,2,0.5674536233634047,-3.146746620712753,0.0,,,0.09889247271081668,11.834325675002932,-19.668651350005863,-18.577742259096773,True,sigma_color_stat_mag,True
constant,14,2,0.5674536233634047,-3.2118695467206257,0.0,,,0.09030053221748026,13.00673000859385,-22.0134600171877,-20.92255092627861,True,sigma_color_stat_mag,True
constant,14,2,0.5674536233634047,-3.1567329255641194,0.0,,,0.08578124610427616,13.676343989462485,-23.35268797892497,-22.26177888801588,True,sigma_color_stat_mag,True
constant,14,2,0.5674536233634047,-3.1626400338997507,0.0,,,0.08700148422835491,13.542624628733018,-23.085249257466035,-21.994340166556945,True,sigma_color_stat_mag,True
constant,14,2,0.5674536233634047,-3.1772635068789477,0.0,,,0.0832543393126806,14.042424657724089,-24.084849315448178,-22.993940224539088,True,sigma_color_stat_mag,True
constant,14,2,0.5674536233634047,-3.1422625819932986,0.0,,,0.08084968632765818,14.34428734943625,-24.6885746988725,-23.59766560796341,True,sigma_color_stat_mag,True
constant,14,2,0.5674536233634047,-3.187437433224448,0.0,,,0.08209711538798932,14.216943065408493,-24.433886130816987,-23.342977039907897,True,sigma_color_stat_mag,True
constant,14,2,0.5674536233634047,-3.1501707060617523,0.0,,,0.0820762863429306,14.21838723609578,-24.43677447219156,-23.34586538128247,True,sigma_color_stat_mag,True
constant,14,2,0.5674536233634047,-3.199235300252615,0.0,,,0.06790824074794691,16.537506249543856,-29.075012499087713,-27.984103408178623,True,sigma_color_stat_mag,True
constant,14,2,0.5674536233634047,-3.1702528920803363,0.0,,,0.09185199862768235,12.81091291056253,-21.62182582112506,-20.53091673021597,True,sigma_color_stat_mag,True
constant,14,2,0.5674536233634047,-3.2124334090903104,0.0,,,0.06971633564446433,16.150364580943048,-28.300729161886096,-27.209820070977006,True,sigma_color_stat_mag,True
constant,14,2,0.5674536233634047,-3.1831135609305146,0.0,,,0.10762979868598768,10.768391049417575,-17.53678209883515,-16.44587300792606,True,sigma_color_stat_mag,True
constant,14,2,0.5674536233634047,-3.214404089121418,0.0,,,0.08436422485899542,13.881004227114436,-23.762008454228873,-22.671099363319783,True,sigma_color_stat_mag,True
constant,14,2,0.5674536233634047,-3.1902248310318138,0.0,,,0.07753390664505792,14.844391592970736,-25.68878318594147,-24.59787409503238,True,sigma_color_stat_mag,True
constant,14,2,0.5674536233634047,-3.211596931282388,0.0,,,0.05876059247999828,18.019077750749993,-32.038155501499986,-30.947246410590896,True,sigma_color_stat_mag,True
constant,14,2,0.5674536233634047,-3.1735506908277245,0.0,,,0.0744406673566234,15.424344300724773,-26.848688601449545,-25.757779510540455,True,sigma_color_stat_mag,True
constant,14,2,0.5674536233634047,-3.1616170988686405,0.0,,,0.07996800535373533,14.48357310252913,-24.96714620505826,-23.87623711414917,True,sigma_color_stat_mag,True
constant,14,2,0.5674536233634047,-3.1828657153514417,0.0,,,0.052656607338605034,19.354480354059064,-34.70896070811813,-33.618051617209034,True,sigma_color_stat_mag,True
constant,14,2,0.5674536233634047,-3.201415375331737,0.0,,,0.049634966017969774,19.536568315331856,-35.07313663066371,-33.98222753975462,True,sigma_color_stat_mag,True
constant,14,2,0.5674536233634047,-3.1757799995523457,0.0,,,0.09248826259324096,12.713595570346968,-21.427191140693935,-20.336282049784845,True,sigma_color_stat_mag,True
constant,14,2,0.5674536233634047,-3.1684969153919527,0.0,,,0.08842832670318931,13.335506746244148,-22.671013492488296,-21.580104401579206,True,sigma_color_stat_mag,True
constant,14,2,0.5674536233634047,-3.2199386249379787,0.0,,,0.07034952715122147,15.890393054963157,-27.780786109926314,-26.689877019017224,True,sigma_color_stat_mag,True
constant,14,2,0.5674536233634047,-3.1724715806395727,0.0,,,0.08243766033642544,14.240029756900789,-24.480059513801578,-23.389150422892488,True,sigma_color_stat_mag,True
constant,14,2,0.5674536233634047,-3.1788900934624382,0.0,,,0.07997465915568883,14.533300622750481,-25.066601245500962,-23.975692154591872,True,sigma_color_stat_mag,True
constant,14,2,0.5674536233634047,-3.1603603736820047,0.0,,,0.07944821466688907,14.614284043307663,-25.228568086615326,-24.137658995706236,True,sigma_color_stat_mag,True
constant,14,2,0.5674536233634047,-3.162076042731769,0.0,,,0.07676672284576727,14.991306640106124,-25.98261328021225,-24.89170418930316,True,sigma_color_stat_mag,True
constant,14,2,0.5674536233634047,-3.171494364980535,0.0,,,0.06759272326100929,16.55928903983857,-29.118578079677143,-28.027668988768053,True,sigma_color_stat_mag,True
constant,14,2,0.5674536233634047,-3.1998437544539193,0.0,,,0.07885374681985019,14.590016020803786,-25.18003204160757,-24.08912295069848,True,sigma_color_stat_mag,True
constant,14,2,0.5674536233634047,-3.1797371997723363,0.0,,,0.07506546248030511,15.322557174294696,-26.64511434858939,-25.5542052576803,True,sigma_color_stat_mag,True
constant,14,2,0.5674536233634047,-3.173386100142142,0.0,,,0.08030678178789019,14.453011230011928,-24.906022460023856,-23.815113369114766,True,sigma_color_stat_mag,True
constant,14,2,0.5674536233634047,-3.1676154947590613,0.0,,,0.10297010895525502,11.331292528027271,-18.662585056054542,-17.571675965145452,True,sigma_color_stat_mag,True
constant,14,2,0.5674536233634047,-3.2133586948897626,0.0,,,0.08688709579118337,13.525981426213452,-23.051962852426904,-21.961053761517814,True,sigma_color_stat_mag,True
constant,14,2,0.5674536233634047,-3.16334290521161,0.0,,,0.08589072355474948,13.627157417505995,-23.25431483501199,-22.1634057441029,True,sigma_color_stat_mag,True
constant,14,2,0.5674536233634047,-3.140995189300033,0.0,,,0.08054101009110336,14.390977745736272,-24.781955491472544,-23.691046400563454,True,sigma_color_stat_mag,True
constant,14,2,0.5674536233634047,-3.20656243319031,0.0,,,0.08664325217789708,13.5146433584898,-23.0292867169796,-21.93837762607051,True,sigma_color_stat_mag,True
constant,14,2,0.5674536233634047,-3.176648804982323,0.0,,,0.08465547835316146,13.788132812805925,-23.57626562561185,-22.48535653470276,True,sigma_color_stat_mag,True
constant,14,2,0.5674536233634047,-3.2098697090677986,0.0,,,0.08924973319990635,13.165717835945811,-22.331435671891622,-21.240526580982532,True,sigma_color_stat_mag,True
constant,14,2,0.5674536233634047,-3.1997550581265197,0.0,,,0.06724733197424483,16.626353731022544,-29.252707462045088,-28.161798371135998,True,sigma_color_stat_mag,True
constant,14,2,0.5674536233634047,-3.1498605724429933,0.0,,,0.0871774494689543,13.392029040497519,-22.784058080995038,-21.693148990085948,True,sigma_color_stat_mag,True
constant,14,2,0.5674536233634047,-3.196731719176537,0.0,,,0.0964535151282758,12.188302363310887,-20.376604726621775,-19.285695635712685,True,sigma_color_stat_mag,True
constant,14,2,0.5674536233634047,-3.193123948505975,0.0,,,0.08352627368848588,13.898868565748213,-23.797737131496426,-22.706828040587336,True,sigma_color_stat_mag,True
constant,14,2,0.5674536233634047,-3.1652493377573805,0.0,,,0.06802242532300143,16.4070614900172,-28.814122980034398,-27.723213889125308,True,sigma_color_stat_mag,True
constant,14,2,0.5674536233634047,-3.185714112661063,0.0,,,0.06665935113467238,16.656967303225596,-29.31393460645119,-28.2230255155421,True,sigma_color_stat_mag,True
constant,14,2,0.5674536233634047,-3.2114318467020655,0.0,,,0.07942421516638157,14.605216125113314,-25.210432250226628,-24.119523159317538,True,sigma_color_stat_mag,True
constant,14,2,0.5674536233634047,-3.1898524880215566,0.0,,,0.06924941955141409,16.233387500513572,-28.466775001027145,-27.375865910118055,True,sigma_color_stat_mag,True
constant,14,2,0.5674536233634047,-3.1753446817758992,0.0,,,0.08719111127142926,13.444585236256984,-22.889170472513968,-21.798261381604878,True,sigma_color_stat_mag,True
constant,14,2,0.5674536233634047,-3.185415692103194,0.0,,,0.08474893141776865,13.856892824920727,-23.713785649841455,-22.622876558932365,True,sigma_color_stat_mag,True
constant,14,2,0.5674536233634047,-3.1829081968170634,0.0,,,0.09243212742298314,12.741574417611167,-21.483148835222334,-20.392239744313244,True,sigma_color_stat_mag,True
constant,14,2,0.5674536233634047,-3.172952566204579,0.0,,,0.08153400305576627,14.269278557215035,-24.53855711443007,-23.44764802352098,True,sigma_color_stat_mag,True
constant,14,2,0.5674536233634047,-3.1768819443207086,0.0,,,0.08974602455788082,13.102965502592518,-22.205931005185036,-21.115021914275946,True,sigma_color_stat_mag,True
constant,14,2,0.5674536233634047,-3.1689022010214094,0.0,,,0.057211884392400894,18.419355428072418,-32.838710856144836,-31.747801765235746,True,sigma_color_stat_mag,True
constant,14,2,0.5674536233634047,-3.182747177842982,0.0,,,0.07382915760749204,15.461783841412593,-26.923567682825187,-25.832658591916097,True,sigma_color_stat_mag,True
constant,14,2,0.5674536233634047,-3.1603141345576584,0.0,,,0.07856014560864628,14.754037199221493,-25.508074398442986,-24.417165307533896,True,sigma_color_stat_mag,True
constant,14,2,0.5674536233634047,-3.202041176822797,0.0,,,0.09271320397376107,12.700912247159234,-21.40182449431847,-20.31091540340938,True,sigma_color_stat_mag,True
constant,14,2,0.5674536233634047,-3.218137568424844,0.0,,,0.08742537261291064,13.443763950662964,-22.887527901325928,-21.796618810416838,True,sigma_color_stat_mag,True
constant,14,2,0.5674536233634047,-3.1822147103506317,0.0,,,0.05557114916353689,18.793756756520214,-33.58751351304043,-32.496604422131334,True,sigma_color_stat_mag,True
constant,14,2,0.5674536233634047,-3.1724199614319586,0.0,,,0.09389684222726213,12.502661815591962,-21.005323631183924,-19.914414540274834,True,sigma_color_stat_mag,True
constant,14,2,0.5674536233634047,-3.136184241138074,0.0,,,0.07736200350692557,14.852398562110707,-25.704797124221415,-24.613888033312325,True,sigma_color_stat_mag,True
constant,14,2,0.5674536233634047,-3.142279121441592,0.0,,,0.0940308326988702,12.475674020885709,-20.951348041771418,-19.860438950862328,True,sigma_color_stat_mag,True
constant,14,2,0.5674536233634047,-3.1830153270748207,0.0,,,0.048340720765796055,20.20263731773065,-36.4052746354613,-35.31436554455221,True,sigma_color_stat_mag,True
constant,14,2,0.5674536233634047,-3.194750604102097,0.0,,,0.0843680109128241,13.914691474719955,-23.82938294943991,-22.73847385853082,True,sigma_color_stat_mag,True
constant,14,2,0.5674536233634047,-3.195482067068041,0.0,,,0.08143215076510721,14.340492561821975,-24.68098512364395,-23.59007603273486,True,sigma_color_stat_mag,True
constant,14,2,0.5674536233634047,-3.1429168847605378,0.0,,,0.09659299064679196,12.108916706444308,-20.217833412888616,-19.126924321979526,True,sigma_color_stat_mag,True
constant,14,2,0.5674536233634047,-3.1737567238818887,0.0,,,0.08096965242070656,14.345072204156937,-24.690144408313873,-23.599235317404784,True,sigma_color_stat_mag,True
constant,14,2,0.5674536233634047,-3.1601482831017385,0.0,,,0.08113722814962825,14.345930960850334,-24.691861921700667,-23.600952830791577,True,sigma_color_stat_mag,True
constant,14,2,0.5674536233634047,-3.149457988393875,0.0,,,0.08204311068207668,14.129845844154381,-24.259691688308763,-23.168782597399673,True,sigma_color_stat_mag,True
constant,14,2,0.5674536233634047,-3.205734286798179,0.0,,,0.05635613389829704,18.47182961968222,-32.94365923936444,-31.852750148455353,True,sigma_color_stat_mag,True
constant,14,2,0.5674536233634047,-3.165422862268248,0.0,,,0.0570633006730508,18.43563181885967,-32.87126363771934,-31.780354546810248,True,sigma_color_stat_mag,True
constant,14,2,0.5674536233634047,-3.186227046890979,0.0,,,0.08349686822398747,13.946141481908032,-23.892282963816065,-22.801373872906975,True,sigma_color_stat_mag,True
constant,14,2,0.5674536233634047,-3.15093622280241,0.0,,,0.06213479898156011,17.448274474779396,-30.89654894955879,-29.805639858649702,True,sigma_color_stat_mag,True
constant,14,2,0.5674536233634047,-3.220377227311363,0.0,,,0.09708758261890865,12.092284154960636,-20.18456830992127,-19.09365921901218,True,sigma_color_stat_mag,True
constant,14,2,0.5674536233634047,-3.1801020017840833,0.0,,,0.06681604119577639,16.74512297467233,-29.49024594934466,-28.39933685843557,True,sigma_color_stat_mag,True
constant,14,2,0.5674536233634047,-3.1432822086425647,0.0,,,0.06871773480735238,16.32028993304278,-28.64057986608556,-27.54967077517647,True,sigma_color_stat_mag,True
constant,14,2,0.5674536233634047,-3.159805123715472,0.0,,,0.08204328994935965,14.294486695138012,-24.588973390276024,-23.498064299366934,True,sigma_color_stat_mag,True
constant,14,2,0.5674536233634047,-3.163380881730598,0.0,,,0.07878585176187528,14.728447556546387,-25.456895113092774,-24.365986022183684,True,sigma_color_stat_mag,True
constant,14,2,0.5674536233634047,-3.21211762827043,0.0,,,0.07155062256141076,15.880778124698626,-27.761556249397252,-26.670647158488162,True,sigma_color_stat_mag,True
constant,14,2,0.5674536233634047,-3.149021359465636,0.0,,,0.0493864483893047,20.110629751595592,-36.221259503191185,-35.13035041228209,True,sigma_color_stat_mag,True
constant,14,2,0.5674536233634047,-3.175705066552232,0.0,,,0.08700701919451445,13.49437144554742,-22.98874289109484,-21.89783380018575,True,sigma_color_stat_mag,True
constant,14,2,0.5674536233634047,-3.233840618364937,0.0,,,0.07715261061570948,14.961818445719032,-25.923636891438065,-24.832727800528975,True,sigma_color_stat_mag,True
constant,14,2,0.5674536233634047,-3.166212511219146,0.0,,,0.08790051085445111,13.354593991235381,-22.709187982470763,-21.618278891561673,True,sigma_color_stat_mag,True
constant,14,2,0.5674536233634047,-3.1593573284483547,0.0,,,0.0881734487585481,13.257248060107521,-22.514496120215043,-21.423587029305953,True,sigma_color_stat_mag,True
constant,14,2,0.5674536233634047,-3.178327748444101,0.0,,,0.08751637597693311,13.432694132255413,-22.865388264510827,-21.774479173601737,True,sigma_color_stat_mag,True
constant,14,2,0.5674536233634047,-3.1757215492616058,0.0,,,0.08415107379774033,13.872112330482178,-23.744224660964356,-22.653315570055266,True,sigma_color_stat_mag,True
constant,14,2,0.5674536233634047,-3.2019431596899564,0.0,,,0.0681467169478074,16.37379310374582,-28.747586207491644,-27.656677116582554,True,sigma_color_stat_mag,True
constant,14,2,0.5674536233634047,-3.1695857475952485,0.0,,,0.1039004145100095,11.240352805223875,-18.48070561044775,-17.38979651953866,True,sigma_color_stat_mag,True
constant,14,2,0.5674536233634047,-3.153129272385889,0.0,,,0.06738493119927841,16.523370939384904,-29.046741878769808,-27.955832787860718,True,sigma_color_stat_mag,True
constant,14,2,0.5674536233634047,-3.187908444655062,0.0,,,0.07325568480587279,15.54539526261712,-27.09079052523424,-25.99988143432515,True,sigma_color_stat_mag,True
constant,14,2,0.5674536233634047,-3.185348136165181,0.0,,,0.06874966424043322,16.230732885616344,-28.46146577123269,-27.3705566803236,True,sigma_color_stat_mag,True
constant,14,2,0.5674536233634047,-3.139450424991787,0.0,,,0.07070094282789696,16.02821396152214,-28.056427923044282,-26.965518832135192,True,sigma_color_stat_mag,True
constant,14,2,0.5674536233634047,-3.168094413634937,0.0,,,0.09245852171464222,12.71493038599209,-21.42986077198418,-20.33895168107509,True,sigma_color_stat_mag,True
constant,14,2,0.5674536233634047,-3.121892625384336,0.0,,,0.05264765857730174,19.077455316690394,-34.15491063338079,-33.06400154247169,True,sigma_color_stat_mag,True
constant,14,2,0.5674536233634047,-3.186808847859823,0.0,,,0.09218338956790952,12.76299147522638,-21.52598295045276,-20.43507385954367,True,sigma_color_stat_mag,True
constant,14,2,0.5674536233634047,-3.173766728748591,0.0,,,0.08278387610298751,14.017266614707138,-24.034533229414276,-22.943624138505186,True,sigma_color_stat_mag,True
constant,14,2,0.5674536233634047,-3.120773766149251,0.0,,,0.07851743899812696,14.749579425819277,-25.499158851638555,-24.408249760729465,True,sigma_color_stat_mag,True
constant,14,2,0.5674536233634047,-3.1193925302655487,0.0,,,0.07083354260768317,16.007516707758235,-28.01503341551647,-26.92412432460738,True,sigma_color_stat_mag,True
constant,14,2,0.5674536233634047,-3.2082622032889208,0.0,,,0.07961849160726944,14.541360700390626,-25.082721400781253,-23.991812309872163,True,sigma_color_stat_mag,True
constant,14,2,0.5674536233634047,-3.2271671511493576,0.0,,,0.0774622135014702,14.827008403563234,-25.654016807126467,-24.563107716217377,True,sigma_color_stat_mag,True
constant,14,2,0.5674536233634047,-3.211136234183986,0.0,,,0.08649129189152882,13.533090938888508,-23.066181877777016,-21.975272786867926,True,sigma_color_stat_mag,True
constant,14,2,0.5674536233634047,-3.1571226730552495,0.0,,,0.11074111069960432,10.45002898588895,-16.9000579717779,-15.809148880868811,True,sigma_color_stat_mag,True
constant,14,2,0.5674536233634047,-3.1606692178751787,0.0,,,0.08923058229476405,13.109893699270017,-22.219787398540035,-21.128878307630945,True,sigma_color_stat_mag,True
constant,14,2,0.5674536233634047,-3.2044307306590296,0.0,,,0.08702060268589677,13.523054568692057,-23.046109137384114,-21.955200046475024,True,sigma_color_stat_mag,True
constant,14,2,0.5674536233634047,-3.1610971753088246,0.0,,,0.07898954544777145,14.676471183478718,-25.352942366957436,-24.262033276048346,True,sigma_color_stat_mag,True
constant,14,2,0.5674536233634047,-3.194863231817538,0.0,,,0.0855901381774689,13.673612382486107,-23.347224764972214,-22.256315674063124,True,sigma_color_stat_mag,True
constant,14,2,0.5674536233634047,-3.17148348607307,0.0,,,0.07093955618113833,15.933877401634984,-27.867754803269968,-26.776845712360878,True,sigma_color_stat_mag,True
constant,14,2,0.5674536233634047,-3.1598587763696484,0.0,,,0.07691560842485469,14.993127147940957,-25.986254295881913,-24.895345204972823,True,sigma_color_stat_mag,True
constant,14,2,0.5674536233634047,-3.161958377001181,0.0,,,0.09487383594812993,12.415056254183389,-20.830112508366778,-19.739203417457688,True,sigma_color_stat_mag,True
constant,14,2,0.5674536233634047,-3.1684944175232492,0.0,,,0.07652538376282864,15.083246309783453,-26.166492619566906,-25.075583528657816,True,sigma_color_stat_mag,True
constant,14,2,0.5674536233634047,-3.192763470865112,0.0,,,0.08386929952533784,13.902376289441841,-23.804752578883683,-22.713843487974593,True,sigma_color_stat_mag,True
constant,14,2,0.5674536233634047,-3.192988721290797,0.0,,,0.09109324790204906,12.917647065221335,-21.83529413044267,-20.74438503953358,True,sigma_color_stat_mag,True
constant,14,2,0.5674536233634047,-3.1701452472707627,0.0,,,0.07173087251349275,15.873539078920832,-27.747078157841663,-26.656169066932573,True,sigma_color_stat_mag,True
constant,14,2,0.5674536233634047,-3.1687327327078276,0.0,,,0.07115882771148162,15.994151827712706,-27.988303655425412,-26.897394564516322,True,sigma_color_stat_mag,True
constant,14,2,0.5674536233634047,-3.16278744774652,0.0,,,0.08968359736306208,13.151031890558219,-22.302063781116438,-21.211154690207348,True,sigma_color_stat_mag,True
constant,14,2,0.5674536233634047,-3.202393831856485,0.0,,,0.056052782472068755,18.71696577218756,-33.43393154437512,-32.34302245346603,True,sigma_color_stat_mag,True
constant,14,2,0.5674536233634047,-3.193740502016272,0.0,,,0.06546811026736725,16.928294226193092,-29.856588452386184,-28.765679361477094,True,sigma_color_stat_mag,True
constant,14,2,0.5674536233634047,-3.206498461020419,0.0,,,0.09073020997964978,12.966563318113764,-21.933126636227527,-20.842217545318437,True,sigma_color_stat_mag,True
constant,14,2,0.5674536233634047,-3.1953558934540878,0.0,,,0.08484593393699322,13.818108240300717,-23.636216480601433,-22.545307389692343,True,sigma_color_stat_mag,True
constant,14,2,0.5674536233634047,-3.173295831057533,0.0,,,0.08965244963735813,13.113062104744042,-22.226124209488084,-21.135215118578994,True,sigma_color_stat_mag,True
constant,14,2,0.5674536233634047,-3.158860162547357,0.0,,,0.07680425745826261,14.966618661342636,-25.933237322685272,-24.842328231776182,True,sigma_color_stat_mag,True
constant,14,2,0.5674536233634047,-3.184546448317811,0.0,,,0.08654350718237519,13.508735782516993,-23.017471565033986,-21.926562474124896,True,sigma_color_stat_mag,True
constant,14,2,0.5674536233634047,-3.1561235885496903,0.0,,,0.07056706133142246,16.01532418882425,-28.030648377648497,-26.939739286739407,True,sigma_color_stat_mag,True
constant,14,2,0.5674536233634047,-3.183751966354417,0.0,,,0.05352410026904299,19.03239727058215,-34.0647945411643,-32.9738854502552,True,sigma_color_stat_mag,True
constant,14,2,0.5674536233634047,-3.1288880453123684,0.0,,,0.09759655645902976,12.040941284463447,-20.081882568926893,-18.990973478017803,True,sigma_color_stat_mag,True
constant,14,2,0.5674536233634047,-3.1754080587109943,0.0,,,0.08062738906362635,14.433991423051575,-24.86798284610315,-23.77707375519406,True,sigma_color_stat_mag,True
constant,14,2,0.5674536233634047,-3.1509513572174455,0.0,,,0.08229738743332043,14.144923909384385,-24.28984781876877,-23.19893872785968,True,sigma_color_stat_mag,True
constant,14,2,0.5674536233634047,-3.1383456409362314,0.0,,,0.08691612905924694,13.46125150494597,-22.92250300989194,-21.83159391898285,True,sigma_color_stat_mag,True
constant,14,2,0.5674536233634047,-3.165015388926694,0.0,,,0.08977324016389046,13.07757253720079,-22.15514507440158,-21.06423598349249,True,sigma_color_stat_mag,True
constant,14,2,0.5674536233634047,-3.185968820245919,0.0,,,0.08296102477516196,14.102974961798369,-24.205949923596737,-23.115040832687647,True,sigma_color_stat_mag,True
constant,14,2,0.5674536233634047,-3.185366269645856,0.0,,,0.08141775026270422,14.337411966336159,-24.674823932672318,-23.583914841763228,True,sigma_color_stat_mag,True
constant,14,2,0.5674536233634047,-3.16123422317757,0.0,,,0.08187645523709118,14.24829813956201,-24.49659627912402,-23.40568718821493,True,sigma_color_stat_mag,True
constant,14,2,0.5674536233634047,-3.1646736576776693,0.0,,,0.09724833762550933,12.093143631608486,-20.186287263216972,-19.095378172307882,True,sigma_color_stat_mag,True
constant,14,2,0.5674536233634047,-3.1960213125174244,0.0,,,0.07262451679386828,15.57106857827859,-27.14213715655718,-26.05122806564809,True,sigma_color_stat_mag,True
constant,14,2,0.5674536233634047,-3.1399019435335886,0.0,,,0.06691185436502622,16.6776178553771,-29.3552357107542,-28.26432661984511,True,sigma_color_stat_mag,True
constant,14,2,0.5674536233634047,-3.160045623589281,0.0,,,0.08818123547516639,13.323720667473086,-22.647441334946173,-21.556532244037083,True,sigma_color_stat_mag,True
constant,14,2,0.5674536233634047,-3.1455781058378416,0.0,,,0.09317357657222164,12.626302404926555,-21.25260480985311,-20.16169571894402,True,sigma_color_stat_mag,True
constant,14,2,0.5674536233634047,-3.131871096169807,0.0,,,0.07004686388541774,15.976423645468877,-27.952847290937754,-26.861938200028664,True,sigma_color_stat_mag,True
constant,14,2,0.5674536233634047,-3.1668596481167,0.0,,,0.07931245206788878,14.633814613947585,-25.26762922789517,-24.17672013698608,True,sigma_color_stat_mag,True
constant,14,2,0.5674536233634047,-3.210565689485397,0.0,,,0.0847601051383085,13.77665287144142,-23.55330574288284,-22.46239665197375,True,sigma_color_stat_mag,True
constant,14,2,0.5674536233634047,-3.1617152933048365,0.0,,,0.07290868207862161,15.674506008797936,-27.34901201759587,-26.25810292668678,True,sigma_color_stat_mag,True
constant,14,2,0.5674536233634047,-3.1330712333687116,0.0,,,0.08583125007258628,13.622733080552756,-23.24546616110551,-22.15455707019642,True,sigma_color_stat_mag,True
constant,14,2,0.5674536233634047,-3.1577552012276735,0.0,,,0.08352475014096976,14.035354109419389,-24.070708218838778,-22.979799127929688,True,sigma_color_stat_mag,True
constant,14,2,0.5674536233634047,-3.2016331063868195,0.0,,,0.10772396820362846,10.77493021621641,-17.54986043243282,-16.45895134152373,True,sigma_color_stat_mag,True
constant,14,2,0.5674536233634047,-3.1792971981833125,0.0,,,0.07581786863862298,15.17549973549399,-26.35099947098798,-25.26009038007889,True,sigma_color_stat_mag,True
constant,14,2,0.5674536233634047,-3.141006068414138,0.0,,,0.07467862184077118,15.403714551814385,-26.80742910362877,-25.71652001271968,True,sigma_color_stat_mag,True
constant,14,2,0.5674536233634047,-3.1662189617347956,0.0,,,0.0872321354261953,13.500632017393258,-23.001264034786516,-21.910354943877426,True,sigma_color_stat_mag,True
constant,14,2,0.5674536233634047,-3.208947535912647,0.0,,,0.07312439692029347,15.64171477239297,-27.28342954478594,-26.19252045387685,True,sigma_color_stat_mag,True
constant,14,2,0.5674536233634047,-3.1320560058821405,0.0,,,0.0502320464089635,19.596805266232995,-35.19361053246599,-34.102701441556896,True,sigma_color_stat_mag,True
constant,14,2,0.5674536233634047,-3.1907343939672828,0.0,,,0.0895266866513334,13.12211024140222,-22.24422048280444,-21.15331139189535,True,sigma_color_stat_mag,True
constant,14,2,0.5674536233634047,-3.2325970346908175,0.0,,,0.05531164857739177,18.656392675000767,-33.31278535000153,-32.22187625909244,True,sigma_color_stat_mag,True
constant,14,2,0.5674536233634047,-3.161925049044635,0.0,,,0.08243154235600306,14.18265276264892,-24.36530552529784,-23.27439643438875,True,sigma_color_stat_mag,True
constant,14,2,0.5674536233634047,-3.1530869468646276,0.0,,,0.08093683336085557,14.439684915243467,-24.879369830486933,-23.788460739577843,True,sigma_color_stat_mag,True
constant,14,2,0.5674536233634047,-3.177517058757035,0.0,,,0.08433164195792019,13.897899561049638,-23.795799122099275,-22.704890031190185,True,sigma_color_stat_mag,True
constant,14,2,0.5674536233634047,-3.186870133875405,0.0,,,0.0985833591327475,11.892118708174273,-19.784237416348546,-18.693328325439456,True,sigma_color_stat_mag,True
constant,14,2,0.5674536233634047,-3.1193909565456326,0.0,,,0.07023440357323489,16.003333216758374,-28.00666643351675,-26.91575734260766,True,sigma_color_stat_mag,True
constant,14,2,0.5674536233634047,-3.178648422988782,0.0,,,0.07237059553169774,15.68092486835493,-27.36184973670986,-26.27094064580077,True,sigma_color_stat_mag,True
constant,14,2,0.5674536233634047,-3.1868741008623536,0.0,,,0.0798116638573513,14.59452535652131,-25.18905071304262,-24.09814162213353,True,sigma_color_stat_mag,True
constant,14,2,0.5674536233634047,-3.1766144126093367,0.0,,,0.08404183555536365,13.96296327877126,-23.92592655754252,-22.83501746663343,True,sigma_color_stat_mag,True
constant,14,2,0.5674536233634047,-3.1776482079634287,0.0,,,0.0917055406788932,12.810866459361506,-21.621732918723012,-20.530823827813922,True,sigma_color_stat_mag,True
constant,14,2,0.5674536233634047,-3.1204742090211988,0.0,,,0.08379468097407336,13.92110043647182,-23.84220087294364,-22.75129178203455,True,sigma_color_stat_mag,True
constant,14,2,0.5674536233634047,-3.1698188050137004,0.0,,,0.08157731192307496,14.213927646348145,-24.42785529269629,-23.3369462017872,True,sigma_color_stat_mag,True
constant,14,2,0.5674536233634047,-3.1827798996441996,0.0,,,0.08862769199776063,13.236858194205798,-22.473716388411596,-21.382807297502506,True,sigma_color_stat_mag,True
constant,14,2,0.5674536233634047,-3.149071133504948,0.0,,,0.08044439458181957,14.43548046945447,-24.87096093890894,-23.78005184799985,True,sigma_color_stat_mag,True
constant,14,2,0.5674536233634047,-3.187005788488881,0.0,,,0.09193055008289625,12.813027926766782,-21.626055853533565,-20.535146762624475,True,sigma_color_stat_mag,True
constant,14,2,0.5674536233634047,-3.194678087846101,0.0,,,0.06186923412293586,17.574172412084504,-31.14834482416901,-30.05743573325992,True,sigma_color_stat_mag,True
constant,14,2,0.5674536233634047,-3.139467252062189,0.0,,,0.07661975847297886,14.914393749890564,-25.82878749978113,-24.73787840887204,True,sigma_color_stat_mag,True
constant,14,2,0.5674536233634047,-3.162989722958842,0.0,,,0.09947267900558678,11.794350407267492,-19.588700814534985,-18.497791723625895,True,sigma_color_stat_mag,True
constant,14,2,0.5674536233634047,-3.139781291185485,0.0,,,0.07669332826357332,15.061466317878633,-26.122932635757266,-25.032023544848176,True,sigma_color_stat_mag,True
constant,14,2,0.5674536233634047,-3.173971139771299,0.0,,,0.08257205086347437,14.085514811957026,-24.171029623914052,-23.080120533004962,True,sigma_color_stat_mag,True
constant,14,2,0.5674536233634047,-3.156215404854934,0.0,,,0.07610404481733164,15.116308266062482,-26.232616532124965,-25.141707441215875,True,sigma_color_stat_mag,True
constant,14,2,0.5674536233634047,-3.133427753416065,0.0,,,0.09068920427150974,12.992063005411145,-21.98412601082229,-20.8932169199132,True,sigma_color_stat_mag,True
constant,14,2,0.5674536233634047,-3.1608408327311524,0.0,,,0.08958719456966713,13.090301298687042,-22.180602597374083,-21.089693506464993,True,sigma_color_stat_mag,True
constant,14,2,0.5674536233634047,-3.158574753225783,0.0,,,0.09028241893301518,12.973018091367337,-21.946036182734673,-20.855127091825583,True,sigma_color_stat_mag,True
constant,14,2,0.5674536233634047,-3.1356662214809754,0.0,,,0.09918718570079295,11.803043804174692,-19.606087608349384,-18.515178517440294,True,sigma_color_stat_mag,True
constant,14,2,0.5674536233634047,-3.180322159437031,0.0,,,0.09085614777872793,12.944192831814858,-21.888385663629716,-20.797476572720626,True,sigma_color_stat_mag,True
constant,14,2,0.5674536233634047,-3.153503739637083,0.0,,,0.0713948764422219,15.953811395078016,-27.907622790156033,-26.816713699246943,True,sigma_color_stat_mag,True
constant,14,2,0.5674536233634047,-3.155271917047156,0.0,,,0.08839743816831168,13.269705181667517,-22.539410363335033,-21.448501272425943,True,sigma_color_stat_mag,True
constant,14,2,0.5674536233634047,-3.131776542452676,0.0,,,0.08781958700601404,13.414474240412106,-22.828948480824213,-21.738039389915123,True,sigma_color_stat_mag,True
constant,14,2,0.5674536233634047,-3.1733949803099786,0.0,,,0.06757844699559787,16.497781296786627,-28.995562593573254,-27.904653502664164,True,sigma_color_stat_mag,True
constant,14,2,0.5674536233634047,-3.106125932567779,0.0,,,0.07458318367988839,15.383809584474186,-26.76761916894837,-25.67671007803928,True,sigma_color_stat_mag,True
constant,14,2,0.5674536233634047,-3.139275317057414,0.0,,,0.06271473733460048,17.418104745689778,-30.836209491379556,-29.745300400470466,True,sigma_color_stat_mag,True
constant,14,2,0.5674536233634047,-3.1859527378661703,0.0,,,0.0630620518626372,17.269881917007357,-30.539763834014714,-29.448854743105624,True,sigma_color_stat_mag,True
constant,14,2,0.5674536233634047,-3.170041084382537,0.0,,,0.09839075498421812,11.90059726326962,-19.80119452653924,-18.71028543563015,True,sigma_color_stat_mag,True
constant,14,2,0.5674536233634047,-3.1262161965294215,0.0,,,0.06438909605998056,17.14180663420632,-30.283613268412637,-29.192704177503547,True,sigma_color_stat_mag,True
constant,14,2,0.5674536233634047,-3.164977285722624,0.0,,,0.07490339581735157,15.186528577897375,-26.37305715579475,-25.28214806488566,True,sigma_color_stat_mag,True
constant,14,2,0.5674536233634047,-3.148401302551529,0.0,,,0.09158624674415508,12.781866762957543,-21.563733525915087,-20.472824435005997,True,sigma_color_stat_mag,True
constant,14,2,0.5674536233634047,-3.2050367626058662,0.0,,,0.05162042496712835,19.567826552174232,-35.135653104348464,-34.04474401343937,True,sigma_color_stat_mag,True
constant,14,2,0.5674536233634047,-3.1841233864012923,0.0,,,0.06645472318710705,16.623613456738674,-29.24722691347735,-28.15631782256826,True,sigma_color_stat_mag,True
constant,14,2,0.5674536233634047,-3.2179711875413033,0.0,,,0.07226028041117948,15.746004515650322,-27.492009031300643,-26.401099940391553,True,sigma_color_stat_mag,True
constant,14,2,0.5674536233634047,-3.125987607482569,0.0,,,0.08032368461215414,14.50819419859501,-25.01638839719002,-23.92547930628093,True,sigma_color_stat_mag,True
constant,14,2,0.5674536233634047,-3.186018911894082,0.0,,,0.05944552514037605,17.85424699949951,-31.708493998999018,-30.617584908089928,True,sigma_color_stat_mag,True
constant,14,2,0.5674536233634047,-3.237553855380637,0.0,,,0.04349548753655201,20.645583025950963,-37.291166051901925,-36.20025696099283,True,sigma_color_stat_mag,True
constant,14,2,0.5674536233634047,-3.185406270198244,0.0,,,0.09918329473328327,11.842023275743063,-19.684046551486126,-18.593137460577037,True,sigma_color_stat_mag,True
constant,14,2,0.5674536233634047,-3.16787203296848,0.0,,,0.0768750763863119,14.976788897410254,-25.953577794820507,-24.862668703911417,True,sigma_color_stat_mag,True
constant,14,2,0.5674536233634047,-3.199806244455544,0.0,,,0.07991619903781873,14.52924365375015,-25.0584873075003,-23.96757821659121,True,sigma_color_stat_mag,True
constant,14,2,0.5674536233634047,-3.1936301335531385,0.0,,,0.0757467354047671,15.242401156440534,-26.48480231288107,-25.39389322197198,True,sigma_color_stat_mag,True
constant,14,2,0.5674536233634047,-3.184700640544986,0.0,,,0.10648213508834482,10.898894778522939,-17.797789557045878,-16.706880466136788,True,sigma_color_stat_mag,True
constant,14,2,0.5674536233634047,-3.2046403267671413,0.0,,,0.0663706214922466,16.77461647316395,-29.549232946327898,-28.458323855418808,True,sigma_color_stat_mag,True
constant,14,2,0.5674536233634047,-3.148662286476414,0.0,,,0.08890624197240887,13.180444554950686,-22.360889109901372,-21.269980018992282,True,sigma_color_stat_mag,True
constant,14,2,0.5674536233634047,-3.1709646470033848,0.0,,,0.07077085176200569,15.966113214903796,-27.932226429807592,-26.841317338898502,True,sigma_color_stat_mag,True
constant,14,2,0.5674536233634047,-3.1671582656883577,0.0,,,0.07918527740552918,14.57628479100167,-25.15256958200334,-24.06166049109425,True,sigma_color_stat_mag,True
constant,14,2,0.5674536233634047,-3.181305119387375,0.0,,,0.08691052777111115,13.47194810190638,-22.94389620381276,-21.85298711290367,True,sigma_color_stat_mag,True
constant,14,2,0.5674536233634047,-3.229623509047837,0.0,,,0.08318244902084833,14.062671435590683,-24.125342871181367,-23.034433780272277,True,sigma_color_stat_mag,True
constant,14,2,0.5674536233634047,-3.183999378706373,0.0,,,0.0775801370838896,14.836332247697655,-25.67266449539531,-24.58175540448622,True,sigma_color_stat_mag,True
constant,14,2,0.5674536233634047,-3.1775210678567,0.0,,,0.08831915999265318,13.299740947440261,-22.599481894880523,-21.508572803971433,True,sigma_color_stat_mag,True
constant,14,2,0.5674536233634047,-3.1728711293867558,0.0,,,0.09476715650688602,12.43191443296899,-20.86382886593798,-19.77291977502889,True,sigma_color_stat_mag,True
constant,14,2,0.5674536233634047,-3.214672448373461,0.0,,,0.07539693687999657,15.231978208681802,-26.463956417363605,-25.373047326454515,True,sigma_color_stat_mag,True
constant,14,2,0.5674536233634047,-3.1617613075131548,0.0,,,0.07592836149304186,15.217897833147381,-26.435795666294762,-25.344886575385672,True,sigma_color_stat_mag,True
constant,14,2,0.5674536233634047,-3.1627861621395406,0.0,,,0.09663558274149725,12.137411869822994,-20.27482373964599,-19.1839146487369,True,sigma_color_stat_mag,True
constant,14,2,0.5674536233634047,-3.16918262267048,0.0,,,0.057349379307485356,18.496121939717437,-32.992243879434874,-31.901334788525784,True,sigma_color_stat_mag,True
constant,14,2,0.5674536233634047,-3.1995385396953635,0.0,,,0.07744600058766621,14.933057161349009,-25.866114322698017,-24.775205231788927,True,sigma_color_stat_mag,True
constant,14,2,0.5674536233634047,-3.1549831542761226,0.0,,,0.09301233153786528,12.64068201355911,-21.28136402711822,-20.19045493620913,True,sigma_color_stat_mag,True
constant,14,2,0.5674536233634047,-3.141499116630564,0.0,,,0.08810792949169438,13.392093732695066,-22.784187465390133,-21.693278374481043,True,sigma_color_stat_mag,True
constant,14,2,0.5674536233634047,-3.141201147432689,0.0,,,0.09298792441659082,12.65987685329373,-21.31975370658746,-20.22884461567837,True,sigma_color_stat_mag,True
constant,14,2,0.5674536233634047,-3.2000128943455,0.0,,,0.07097430173239573,16.083538423816545,-28.16707684763309,-27.076167756724,True,sigma_color_stat_mag,True
constant,14,2,0.5674536233634047,-3.127580873144098,0.0,,,0.05777379893800266,18.322762451305554,-32.64552490261111,-31.554615811702018,True,sigma_color_stat_mag,True
constant,14,2,0.5674536233634047,-3.210212984969918,0.0,,,0.0759011164344198,15.185259541101837,-26.370519082203675,-25.279609991294585,True,sigma_color_stat_mag,True
constant,14,2,0.5674536233634047,-3.1775313763205832,0.0,,,0.07890312419481421,14.718025338288195,-25.43605067657639,-24.3451415856673,True,sigma_color_stat_mag,True
constant,14,2,0.5674536233634047,-3.1795590211661344,0.0,,,0.0880682854306227,13.34132548620381,-22.68265097240762,-21.591741881498532,True,sigma_color_stat_mag,True
constant,14,2,0.5674536233634047,-3.225968329567258,0.0,,,0.06763645329094402,16.419934761948063,-28.839869523896127,-27.748960432987037,True,sigma_color_stat_mag,True
constant,14,2,0.5674536233634047,-3.1456744958015523,0.0,,,0.08393357385669806,13.906530888621646,-23.81306177724329,-22.7221526863342,True,sigma_color_stat_mag,True
constant,14,2,0.5674536233634047,-3.161547942625834,0.0,,,0.0739526580477303,15.540872970360718,-27.081745940721436,-25.990836849812347,True,sigma_color_stat_mag,True
constant,14,2,0.5674536233634047,-3.1893001302933763,0.0,,,0.07283104366255137,15.60968671959793,-27.21937343919586,-26.12846434828677,True,sigma_color_stat_mag,True
constant,14,2,0.5674536233634047,-3.2019729122432548,0.0,,,0.07324153801793744,15.572833927661044,-27.14566785532209,-26.054758764413,True,sigma_color_stat_mag,True
constant,14,2,0.5674536233634047,-3.188167861361045,0.0,,,0.06886876610990197,16.303304085165145,-28.60660817033029,-27.5156990794212,True,sigma_color_stat_mag,True
constant,14,2,0.5674536233634047,-3.183813445335824,0.0,,,0.07886065574529727,14.697384321853608,-25.394768643707216,-24.303859552798126,True,sigma_color_stat_mag,True
constant,14,2,0.5674536233634047,-3.152729793124366,0.0,,,0.08091637493246778,14.309578742050315,-24.61915748410063,-23.52824839319154,True,sigma_color_stat_mag,True
constant,14,2,0.5674536233634047,-3.1521493256523363,0.0,,,0.07411824703654553,15.34661286611674,-26.69322573223348,-25.60231664132439,True,sigma_color_stat_mag,True
constant,14,2,0.5674536233634047,-3.1754951721062645,0.0,,,0.09124666811740313,12.89394400142156,-21.78788800284312,-20.69697891193403,True,sigma_color_stat_mag,True
constant,14,2,0.5674536233634047,-3.2064469997714298,0.0,,,0.07450870934650984,15.251530318920961,-26.503060637841923,-25.412151546932833,True,sigma_color_stat_mag,True
constant,14,2,0.5674536233634047,-3.1725134244837268,0.0,,,0.10070984076146808,11.674907921455652,-19.349815842911305,-18.258906752002215,True,sigma_color_stat_mag,True
constant,14,2,0.5674536233634047,-3.159632556619502,0.0,,,0.0960295573920299,12.231267277530604,-20.462534555061207,-19.371625464152118,True,sigma_color_stat_mag,True
constant,14,2,0.5674536233634047,-3.1467713336183256,0.0,,,0.08401921516383899,13.971371334249714,-23.942742668499427,-22.851833577590337,True,sigma_color_stat_mag,True
constant,14,2,0.5674536233634047,-3.1618293260804893,0.0,,,0.08827606692898468,13.322290866296076,-22.64458173259215,-21.55367264168306,True,sigma_color_stat_mag,True
constant,14,2,0.5674536233634047,-3.162729981518651,0.0,,,0.08287074052658275,14.082854995876662,-24.165709991753324,-23.074800900844235,True,sigma_color_stat_mag,True
constant,14,2,0.5674536233634047,-3.1649306069291896,0.0,,,0.08916730505882071,13.181364231034046,-22.36272846206809,-21.271819371159,True,sigma_color_stat_mag,True
constant,14,2,0.5674536233634047,-3.2015521609683684,0.0,,,0.05416831940100859,19.041163679350177,-34.082327358700354,-32.99141826779126,True,sigma_color_stat_mag,True
constant,14,2,0.5674536233634047,-3.189232188788491,0.0,,,0.09256921406079723,12.745412264626516,-21.490824529253032,-20.399915438343942,True,sigma_color_stat_mag,True
constant,14,2,0.5674536233634047,-3.1657973348644837,0.0,,,0.08555066959062643,13.678801745556886,-23.35760349111377,-22.26669440020468,True,sigma_color_stat_mag,True
constant,14,2,0.5674536233634047,-3.1181306239908553,0.0,,,0.08227414142480441,14.187589096707228,-24.375178193414456,-23.284269102505366,True,sigma_color_stat_mag,True
constant,14,2,0.5674536233634047,-3.2129574021065253,0.0,,,0.07540577995931909,15.159128977348766,-26.318257954697533,-25.227348863788443,True,sigma_color_stat_mag,True
constant,14,2,0.5674536233634047,-3.1877987168041475,0.0,,,0.07408638119918451,15.431219337933559,-26.862438675867118,-25.771529584958028,True,sigma_color_stat_mag,True
constant,14,2,0.5674536233634047,-3.183789119766141,0.0,,,0.09018384702212132,13.013956807478353,-22.027913614956706,-20.937004524047616,True,sigma_color_stat_mag,True
constant,14,2,0.5674536233634047,-3.1819844403145283,0.0,,,0.057647965157412225,18.17644597580209,-32.35289195160418,-31.26198286069509,True,sigma_color_stat_mag,True
constant,14,2,0.5674536233634047,-3.121491867459524,0.0,,,0.07991618076244723,14.490991792413627,-24.981983584827255,-23.891074493918165,True,sigma_color_stat_mag,True
constant,14,2,0.5674536233634047,-3.202736290364852,0.0,,,0.07953212521337612,14.612502500898259,-25.225005001796518,-24.134095910887428,True,sigma_color_stat_mag,True
constant,14,2,0.5674536233634047,-3.1550956479751804,0.0,,,0.07975978955823884,14.584014289813785,-25.16802857962757,-24.07711948871848,True,sigma_color_stat_mag,True
constant,14,2,0.5674536233634047,-3.1583996462629282,0.0,,,0.08160563052904017,14.247594666523092,-24.495189333046184,-23.404280242137094,True,sigma_color_stat_mag,True
constant,14,2,0.5674536233634047,-3.1583200578567077,0.0,,,0.08274951472235867,14.041594212117051,-24.083188424234102,-22.992279333325012,True,sigma_color_stat_mag,True
constant,14,2,0.5674536233634047,-3.1724189999495005,0.0,,,0.0850619116810105,13.78908415967227,-23.57816831934454,-22.48725922843545,True,sigma_color_stat_mag,True
constant,14,2,0.5674536233634047,-3.163524312243606,0.0,,,0.0714350424411862,15.826316599978297,-27.652633199956593,-26.561724109047503,True,sigma_color_stat_mag,True
constant,14,2,0.5674536233634047,-3.186672463854826,0.0,,,0.09267098482565658,12.735681584458467,-21.471363168916934,-20.380454078007844,True,sigma_color_stat_mag,True
constant,14,2,0.5674536233634047,-3.174000744729113,0.0,,,0.09298053674509812,12.653080932676634,-21.306161865353268,-20.215252774444178,True,sigma_color_stat_mag,True
constant,14,2,0.5674536233634047,-3.1814353965179554,0.0,,,0.08031841826462058,14.435894604599632,-24.871789209199264,-23.780880118290174,True,sigma_color_stat_mag,True
constant,14,2,0.5674536233634047,-3.180621943278001,0.0,,,0.0773932066484604,14.928492838162308,-25.856985676324616,-24.766076585415526,True,sigma_color_stat_mag,True
constant,14,2,0.5674536233634047,-3.2168463844802213,0.0,,,0.051146120364884855,19.526251580610268,-35.052503161220535,-33.96159407031144,True,sigma_color_stat_mag,True
constant,14,2,0.5674536233634047,-3.158523537639312,0.0,,,0.07076460079160021,15.982686036948357,-27.965372073896713,-26.874462982987623,True,sigma_color_stat_mag,True
constant,14,2,0.5674536233634047,-3.180157640445322,0.0,,,0.08122107737309735,14.35686492448614,-24.71372984897228,-23.62282075806319,True,sigma_color_stat_mag,True
constant,14,2,0.5674536233634047,-3.1318611565831804,0.0,,,0.07677086564232684,15.008431041778858,-26.016862083557715,-24.925952992648625,True,sigma_color_stat_mag,True
constant,14,2,0.5674536233634047,-3.156114420172752,0.0,,,0.08198187089061235,14.179501817306278,-24.359003634612556,-23.268094543703466,True,sigma_color_stat_mag,True
constant,14,2,0.5674536233634047,-3.15698135071652,0.0,,,0.06975266466669224,16.091683596790638,-28.183367193581276,-27.092458102672186,True,sigma_color_stat_mag,True
constant,14,2,0.5674536233634047,-3.1715196408674156,0.0,,,0.058748445573044566,18.214009195818676,-32.42801839163735,-31.33710930072826,True,sigma_color_stat_mag,True
constant,14,2,0.5674536233634047,-3.1739952095979977,0.0,,,0.03162636909649702,23.533533321461015,-43.06706664292203,-41.976157552012936,True,sigma_color_stat_mag,True
constant,14,2,0.5674536233634047,-3.217174624544573,0.0,,,0.06418280555399937,17.029199121723146,-30.05839824344629,-28.9674891525372,True,sigma_color_stat_mag,True
constant,14,2,0.5674536233634047,-3.152287927674345,0.0,,,0.06982076528698904,16.172703029404616,-28.345406058809232,-27.254496967900142,True,sigma_color_stat_mag,True
constant,14,2,0.5674536233634047,-3.1908715123832567,0.0,,,0.093841447398589,12.53624001386,-21.07248002772,-19.98157093681091,True,sigma_color_stat_mag,True
constant,14,2,0.5674536233634047,-3.137049944331417,0.0,,,0.08652813937699023,13.548879923176884,-23.097759846353767,-22.006850755444678,True,sigma_color_stat_mag,True
constant,14,2,0.5674536233634047,-3.2112496008350666,0.0,,,0.06336806091971454,17.267476173358393,-30.534952346716786,-29.444043255807696,True,sigma_color_stat_mag,True
constant,14,2,0.5674536233634047,-3.1133462681125064,0.0,,,0.06473460949916662,17.045979264414736,-30.091958528829473,-29.001049437920383,True,sigma_color_stat_mag,True
constant,14,2,0.5674536233634047,-3.151136432774076,0.0,,,0.0892597790515658,13.144895600890806,-22.28979120178161,-21.19888211087252,True,sigma_color_stat_mag,True
constant,14,2,0.5674536233634047,-3.1976927366238024,0.0,,,0.07939933838369251,14.60426050000506,-25.20852100001012,-24.11761190910103,True,sigma_color_stat_mag,True
constant,14,2,0.5674536233634047,-3.158295198468432,0.0,,,0.06158718728865131,17.64773191394245,-31.2954638278849,-30.204554736975812,True,sigma_color_stat_mag,True
constant,14,2,0.5674536233634047,-3.194905166795004,0.0,,,0.08184052732986367,14.177630524755903,-24.355261049511807,-23.264351958602717,True,sigma_color_stat_mag,True
constant,14,2,0.5674536233634047,-3.1985892711812407,0.0,,,0.08336655472384384,14.038765836267052,-24.077531672534104,-22.986622581625014,True,sigma_color_stat_mag,True
constant,14,2,0.5674536233634047,-3.18878058750518,0.0,,,0.06202395794272198,17.427143319318702,-30.854286638637404,-29.763377547728314,True,sigma_color_stat_mag,True
constant,14,2,0.5674536233634047,-3.1626258817041566,0.0,,,0.09658982656607991,12.150737201300988,-20.301474402601976,-19.210565311692886,True,sigma_color_stat_mag,True
constant,14,2,0.5674536233634047,-3.1955793064888063,0.0,,,0.09061049044676528,12.958398778183518,-21.916797556367037,-20.825888465457947,True,sigma_color_stat_mag,True
constant,14,2,0.5674536233634047,-3.1841494666817427,0.0,,,0.08100407663780484,14.445841424112398,-24.891682848224796,-23.800773757315707,True,sigma_color_stat_mag,True
constant,14,2,0.5674536233634047,-3.1684341023703975,0.0,,,0.0813711928482719,14.259234978261663,-24.518469956523326,-23.427560865614236,True,sigma_color_stat_mag,True
constant,14,2,0.5674536233634047,-3.192201916631655,0.0,,,0.0825431061227863,14.130097977177204,-24.26019595435441,-23.16928686344532,True,sigma_color_stat_mag,True
constant,14,2,0.5674536233634047,-3.1528266267134812,0.0,,,0.08810379241745404,13.334288627442627,-22.668577254885253,-21.577668163976163,True,sigma_color_stat_mag,True
constant,14,2,0.5674536233634047,-3.176795303219757,0.0,,,0.0784548748950326,14.707523815584027,-25.415047631168054,-24.324138540258964,True,sigma_color_stat_mag,True
constant,14,2,0.5674536233634047,-3.151269733426499,0.0,,,0.0876176477691067,13.355570936096303,-22.711141872192606,-21.620232781283516,True,sigma_color_stat_mag,True
constant,14,2,0.5674536233634047,-3.1642518836334395,0.0,,,0.10479920870432631,11.134558970255766,-18.26911794051153,-17.17820884960244,True,sigma_color_stat_mag,True
constant,14,2,0.5674536233634047,-3.1820496473051674,0.0,,,0.09404256254483521,12.508682551080415,-21.01736510216083,-19.92645601125174,True,sigma_color_stat_mag,True
constant,14,2,0.5674536233634047,-3.195976855688861,0.0,,,0.06937210087832694,16.182201589708804,-28.364403179417607,-27.273494088508517,True,sigma_color_stat_mag,True
constant,14,2,0.5674536233634047,-3.1885078993505833,0.0,,,0.08843011600386756,13.313441131240484,-22.62688226248097,-21.53597317157188,True,sigma_color_stat_mag,True
constant,14,2,0.5674536233634047,-3.15116409838241,0.0,,,0.05085759337357891,19.678634683503695,-35.35726936700739,-34.2663602760983,True,sigma_color_stat_mag,True
constant,14,2,0.5674536233634047,-3.1743010622028933,0.0,,,0.08616412443449066,13.627220297223582,-23.254440594447164,-22.163531503538074,True,sigma_color_stat_mag,True
constant,14,2,0.5674536233634047,-3.1763707956957785,0.0,,,0.08879713960548011,13.231768741649738,-22.463537483299476,-21.372628392390386,True,sigma_color_stat_mag,True
constant,14,2,0.5674536233634047,-3.1577360657156763,0.0,,,0.0764734140472401,15.133856303100103,-26.267712606200206,-25.176803515291116,True,sigma_color_stat_mag,True
constant,14,2,0.5674536233634047,-3.176588391683213,0.0,,,0.05773680126862256,18.341780275728517,-32.683560551457035,-31.592651460547945,True,sigma_color_stat_mag,True
constant,14,2,0.5674536233634047,-3.1678153086850314,0.0,,,0.08480385834330531,13.738019521666933,-23.476039043333866,-22.385129952424776,True,sigma_color_stat_mag,True
constant,14,2,0.5674536233634047,-3.2020929888777188,0.0,,,0.10384714479221455,11.234469886627112,-18.468939773254224,-17.378030682345134,True,sigma_color_stat_mag,True
constant,14,2,0.5674536233634047,-3.217075448642287,0.0,,,0.07125724495363127,15.854886361872007,-27.709772723744013,-26.618863632834923,True,sigma_color_stat_mag,True
constant,14,2,0.5674536233634047,-3.16112503887797,0.0,,,0.09911249745855424,11.834403187044526,-19.66880637408905,-18.57789728317996,True,sigma_color_stat_mag,True
constant,14,2,0.5674536233634047,-3.152241761853663,0.0,,,0.0706578139387389,16.079527950492285,-28.15905590098457,-27.06814681007548,True,sigma_color_stat_mag,True
constant,14,2,0.5674536233634047,-3.160892343047135,0.0,,,0.07976969690818742,14.586040850463467,-25.172081700926935,-24.081172610017845,True,sigma_color_stat_mag,True
constant,14,2,0.5674536233634047,-3.1974363773810732,0.0,,,0.09387098325412425,12.530125149715303,-21.060250299430606,-19.969341208521517,True,sigma_color_stat_mag,True
constant,14,2,0.5674536233634047,-3.212368839733525,0.0,,,0.06529742019691695,16.74950860576765,-29.499017211535303,-28.408108120626213,True,sigma_color_stat_mag,True
constant,14,2,0.5674536233634047,-3.1801034135206967,0.0,,,0.08868117099191206,13.23658956215589,-22.47317912431178,-21.38227003340269,True,sigma_color_stat_mag,True
constant,14,2,0.5674536233634047,-3.209086611687078,0.0,,,0.07374873766994273,15.562429770943405,-27.12485954188681,-26.03395045097772,True,sigma_color_stat_mag,True
constant,14,2,0.5674536233634047,-3.1506891485436914,0.0,,,0.05638474816273739,18.425087820648297,-32.850175641296595,-31.759266550387505,True,sigma_color_stat_mag,True
constant,14,2,0.5674536233634047,-3.1620129485462725,0.0,,,0.08120044968748759,14.331939552530645,-24.66387910506129,-23.5729700141522,True,sigma_color_stat_mag,True
constant,14,2,0.5674536233634047,-3.1541875162236424,0.0,,,0.06761990100718514,16.42672101138846,-28.853442022776917,-27.762532931867828,True,sigma_color_stat_mag,True
constant,14,2,0.5674536233634047,-3.209772941132216,0.0,,,0.0934382719087968,12.609815499825983,-21.219630999651965,-20.128721908742875,True,sigma_color_stat_mag,True
constant,14,2,0.5674536233634047,-3.1669170706781995,0.0,,,0.07938484670138772,14.572355778937535,-25.14471155787507,-24.05380246696598,True,sigma_color_stat_mag,True
constant,14,2,0.5674536233634047,-3.194170015035476,0.0,,,0.09982833187075678,11.739723514081328,-19.479447028162657,-18.388537937253567,True,sigma_color_stat_mag,True
constant,14,2,0.5674536233634047,-3.136685097190889,0.0,,,0.06530152390666956,16.846950452621645,-29.69390090524329,-28.6029918143342,True,sigma_color_stat_mag,True
constant,14,2,0.5674536233634047,-3.2029765056639476,0.0,,,0.062194745408593696,17.35334989080653,-30.70669978161306,-29.61579069070397,True,sigma_color_stat_mag,True
constant,14,2,0.5674536233634047,-3.1650877381371325,0.0,,,0.0992532542621389,11.81876999670913,-19.63753999341826,-18.546630902509172,True,sigma_color_stat_mag,True
constant,14,2,0.5674536233634047,-3.215181350837423,0.0,,,0.08910377416429995,13.17326512037846,-22.34653024075692,-21.25562114984783,True,sigma_color_stat_mag,True
constant,14,2,0.5674536233634047,-3.1829247508352676,0.0,,,0.08427452736113436,13.886141654067504,-23.77228330813501,-22.68137421722592,True,sigma_color_stat_mag,True
constant,14,2,0.5674536233634047,-3.1452445487980762,0.0,,,0.06741878156308106,16.43231885481943,-28.864637709638863,-27.773728618729773,True,sigma_color_stat_mag,True
constant,14,2,0.5674536233634047,-3.167551373869261,0.0,,,0.07341935397220732,15.476912365920812,-26.953824731841625,-25.862915640932535,True,sigma_color_stat_mag,True
constant,14,2,0.5674536233634047,-3.183942225981417,0.0,,,0.11313130345382413,10.125820876234634,-16.25164175246927,-15.160732661560179,True,sigma_color_stat_mag,True
constant,14,2,0.5674536233634047,-3.1466891145050173,0.0,,,0.07561366963337794,15.201364588900708,-26.402729177801415,-25.311820086892325,True,sigma_color_stat_mag,True
constant,14,2,0.5674536233634047,-3.1360895912587825,0.0,,,0.07669281630088372,15.01712758999814,-26.03425517999628,-24.94334608908719,True,sigma_color_stat_mag,True
constant,14,2,0.5674536233634047,-3.169316738323184,0.0,,,0.0903216654067575,13.054820079220704,-22.109640158441408,-21.01873106753232,True,sigma_color_stat_mag,True
constant,14,2,0.5674536233634047,-3.134113336430841,0.0,,,0.07531662217616235,15.343217901666309,-26.686435803332618,-25.595526712423528,True,sigma_color_stat_mag,True
constant,14,2,0.5674536233634047,-3.1698300782119873,0.0,,,0.07336747155965717,15.609330249477843,-27.218660498955686,-26.127751408046596,True,sigma_color_stat_mag,True
constant,14,2,0.5674536233634047,-3.228400282083214,0.0,,,0.07953586923182168,14.606836443412721,-25.213672886825442,-24.122763795916352,True,sigma_color_stat_mag,True
constant,14,2,0.5674536233634047,-3.194972442959311,0.0,,,0.07954757024526436,14.585434309904477,-25.170868619808953,-24.079959528899863,True,sigma_color_stat_mag,True
constant,14,2,0.5674536233634047,-3.2145044618316194,0.0,,,0.07598976152023464,15.125505314307054,-26.251010628614107,-25.160101537705017,True,sigma_color_stat_mag,True
constant,14,2,0.5674536233634047,-3.1718899856693725,0.0,,,0.07267296698680778,15.640606618617081,-27.281213237234162,-26.190304146325072,True,sigma_color_stat_mag,True
constant,14,2,0.5674536233634047,-3.1527118642141385,0.0,,,0.09569864563503132,12.239571866615275,-20.47914373323055,-19.38823464232146,True,sigma_color_stat_mag,True
constant,14,2,0.5674536233634047,-3.145294722502105,0.0,,,0.08384302084883663,13.96116210806107,-23.92232421612214,-22.83141512521305,True,sigma_color_stat_mag,True
constant,14,2,0.5674536233634047,-3.180365855270198,0.0,,,0.07880983473019913,14.748454912135848,-25.496909824271697,-24.406000733362607,True,sigma_color_stat_mag,True
constant,14,2,0.5674536233634047,-3.165964763133634,0.0,,,0.07818346842342211,14.85831161735933,-25.71662323471866,-24.62571414380957,True,sigma_color_stat_mag,True
constant,14,2,0.5674536233634047,-3.171359942446928,0.0,,,0.07736737066684181,14.92559787110517,-25.85119574221034,-24.76028665130125,True,sigma_color_stat_mag,True
constant,14,2,0.5674536233634047,-3.1789785308090446,0.0,,,0.09088684261959636,12.921780750938986,-21.84356150187797,-20.75265241096888,True,sigma_color_stat_mag,True
constant,14,2,0.5674536233634047,-3.1726598644921156,0.0,,,0.08481394947200113,13.844673051175194,-23.689346102350388,-22.5984370114413,True,sigma_color_stat_mag,True
constant,14,2,0.5674536233634047,-3.148562320682015,0.0,,,0.08012497860930637,14.514883142079013,-25.029766284158026,-23.938857193248936,True,sigma_color_stat_mag,True
constant,14,2,0.5674536233634047,-3.1486827689447514,0.0,,,0.08923967399048063,13.119121704605659,-22.238243409211318,-21.147334318302228,True,sigma_color_stat_mag,True
constant,14,2,0.5674536233634047,-3.1602468575512437,0.0,,,0.07900400034109202,14.62276818771152,-25.24553637542304,-24.15462728451395,True,sigma_color_stat_mag,True
constant,14,2,0.5674536233634047,-3.1629200718291317,0.0,,,0.09214578725414913,12.761564898428094,-21.52312979685619,-20.4322207059471,True,sigma_color_stat_mag,True
constant,14,2,0.5674536233634047,-3.130401986697132,0.0,,,0.08408936433920107,13.914509336092129,-23.829018672184258,-22.738109581275168,True,sigma_color_stat_mag,True
constant,14,2,0.5674536233634047,-3.1702087644831205,0.0,,,0.06644371660084925,16.65962824217171,-29.31925648434342,-28.22834739343433,True,sigma_color_stat_mag,True
constant,14,2,0.5674536233634047,-3.2193816927572785,0.0,,,0.09382986240023061,12.47941100497858,-20.95882200995716,-19.86791291904807,True,sigma_color_stat_mag,True
constant,14,2,0.5674536233634047,-3.2170671399462973,0.0,,,0.07398464534659707,15.489441404969709,-26.978882809939417,-25.887973719030327,True,sigma_color_stat_mag,True
constant,14,2,0.5674536233634047,-3.2267089382456615,0.0,,,0.08365141498142784,13.876236417453605,-23.75247283490721,-22.66156374399812,True,sigma_color_stat_mag,True
constant,14,2,0.5674536233634047,-3.120105419256645,0.0,,,0.07763552295201082,14.831432125131688,-25.662864250263375,-24.571955159354285,True,sigma_color_stat_mag,True
constant,14,2,0.5674536233634047,-3.1918449384031966,0.0,,,0.08491864471898633,13.772782836255995,-23.54556567251199,-22.4546565816029,True,sigma_color_stat_mag,True
constant,14,2,0.5674536233634047,-3.1681729401373286,0.0,,,0.09918455943817638,11.884698794576163,-19.769397589152327,-18.678488498243237,True,sigma_color_stat_mag,True
constant,14,2,0.5674536233634047,-3.1802886027063266,0.0,,,0.07617353617524307,15.114517823049406,-26.22903564609881,-25.13812655518972,True,sigma_color_stat_mag,True
constant,14,2,0.5674536233634047,-3.188221029103928,0.0,,,0.08893988952559435,13.20262604738369,-22.40525209476738,-21.31434300385829,True,sigma_color_stat_mag,True
constant,14,2,0.5674536233634047,-3.172395558844197,0.0,,,0.08441852741730226,13.808078483594047,-23.616156967188093,-22.525247876279003,True,sigma_color_stat_mag,True
constant,14,2,0.5674536233634047,-3.191873507769023,0.0,,,0.05868161636278671,18.15741513008947,-32.31483026017894,-31.223921169269847,True,sigma_color_stat_mag,True
constant,14,2,0.5674536233634047,-3.1803356592680796,0.0,,,0.04357064205248202,20.946894274283473,-37.893788548566945,-36.80287945765785,True,sigma_color_stat_mag,True
constant,14,2,0.5674536233634047,-3.192931405985989,0.0,,,0.07235906222306199,15.728439073173211,-27.456878146346423,-26.365969055437333,True,sigma_color_stat_mag,True
constant,14,2,0.5674536233634047,-3.173022711983452,0.0,,,0.10094097661348245,11.623231188080824,-19.24646237616165,-18.15555328525256,True,sigma_color_stat_mag,True
constant,14,2,0.5674536233634047,-3.153736948789337,0.0,,,0.09681885827157548,12.164614923995446,-20.32922984799089,-19.2383207570818,True,sigma_color_stat_mag,True
constant,14,2,0.5674536233634047,-3.180372548783345,0.0,,,0.06296658307181441,17.367341323482158,-30.734682646964316,-29.643773556055226,True,sigma_color_stat_mag,True
constant,14,2,0.5674536233634047,-3.1595012614436637,0.0,,,0.06735702178191841,16.604785868272202,-29.209571736544405,-28.118662645635315,True,sigma_color_stat_mag,True
constant,14,2,0.5674536233634047,-3.152414480636358,0.0,,,0.07426104212167202,15.367604796802812,-26.735209593605624,-25.644300502696534,True,sigma_color_stat_mag,True
constant,14,2,0.5674536233634047,-3.1615785753618013,0.0,,,0.0846827119547917,13.772565937888757,-23.545131875777514,-22.454222784868424,True,sigma_color_stat_mag,True
constant,14,2,0.5674536233634047,-3.1836424726186223,0.0,,,0.08449594122896983,13.781924879404205,-23.56384975880841,-22.47294066789932,True,sigma_color_stat_mag,True
constant,14,2,0.5674536233634047,-3.1899970908064863,0.0,,,0.07773846047651531,14.841499429918521,-25.682998859837042,-24.592089768927952,True,sigma_color_stat_mag,True
constant,14,2,0.5674536233634047,-3.1679983159498195,0.0,,,0.0832445293336475,14.072986360516984,-24.145972721033967,-23.055063630124877,True,sigma_color_stat_mag,True
constant,14,2,0.5674536233634047,-3.160267777755777,0.0,,,0.09730769676901703,12.076164585858585,-20.15232917171717,-19.06142008080808,True,sigma_color_stat_mag,True
constant,14,2,0.5674536233634047,-3.2201868365505417,0.0,,,0.040842873732487975,21.492892411282835,-38.98578482256567,-37.894875731656576,True,sigma_color_stat_mag,True
constant,14,2,0.5674536233634047,-3.159890863015948,0.0,,,0.08427831231686131,13.94264703659087,-23.88529407318174,-22.79438498227265,True,sigma_color_stat_mag,True
constant,14,2,0.5674536233634047,-3.204209659462847,0.0,,,0.07966047725840524,14.675377822845197,-25.350755645690395,-24.259846554781305,True,sigma_color_stat_mag,True
constant,14,2,0.5674536233634047,-3.1759663829742935,0.0,,,0.07683199529311842,14.99304608077097,-25.98609216154194,-24.89518307063285,True,sigma_color_stat_mag,True
constant,14,2,0.5674536233634047,-3.166126713370624,0.0,,,0.0902775290686162,13.014095888900268,-22.028191777800536,-20.937282686891447,True,sigma_color_stat_mag,True
constant,14,2,0.5674536233634047,-3.16420914510744,0.0,,,0.10235328933730863,11.41765057360102,-18.83530114720204,-17.74439205629295,True,sigma_color_stat_mag,True
constant,14,2,0.5674536233634047,-3.1771717803036768,0.0,,,0.05499055339827378,18.72079185627435,-33.4415837125487,-32.350674621639605,True,sigma_color_stat_mag,True
constant,14,2,0.5674536233634047,-3.12247168105668,0.0,,,0.06406773287439134,17.1332315049969,-30.2664630099938,-29.17555391908471,True,sigma_color_stat_mag,True
constant,14,2,0.5674536233634047,-3.1644163501931373,0.0,,,0.08910593217406464,13.197667311566862,-22.395334623133724,-21.304425532224634,True,sigma_color_stat_mag,True
constant,14,2,0.5674536233634047,-3.1552424218377317,0.0,,,0.07705772966609424,14.981704265090523,-25.963408530181045,-24.872499439271955,True,sigma_color_stat_mag,True
