region,n_pix,resid_raw_median,resid_raw_mean,resid_raw_std,resid_clip_median,resid_clip_mean,resid_clip_std,raw_sign,clip_sign
elliptical_chosen,180403,-0.07314649468889556,0.0023988885576019655,1.0449721976923174,-0.07314649224281311,-0.0174094849820385,0.7125528571166091,negative,negative
circular_inner_lit,649938,-0.06381901733028439,0.005126190104853354,1.005859059060251,-0.06381901726126671,-0.010452384805577293,0.8373665112154454,negative,negative
circular_outer_lit,2257713,-0.037595680207040516,0.025692652508758858,0.8890322633815521,-0.037595681846141815,0.014331719943809624,0.5435072061169335,negative,negative
