region,role,status,kmin,kmax,mbar_spec_raw,mbar_spec,P0,Pr,P_fluc,Pr_over_P0,Imean,n_detected_sources,m_lim,lf_gamma,lf_fit_method
elliptical_chosen,diagnostic,ok,0.01,0.25,27.659829534812943,27.67051191476469,24.399749949183175,0.23888800981665076,24.160861939366523,0.009790592539439034,17.843801498413086,1008,25.875,0.2451594282398423,local_histogram
elliptical_chosen,diagnostic,ok,0.03,0.25,27.380989276303552,27.389242942119452,31.544342466081858,0.23888800981665076,31.305454456265206,0.007573085730777738,17.843801498413086,1008,25.875,0.2451594282398423,local_histogram
circular_inner_lit,science,ok,0.01,0.25,27.53138643135554,27.541354962547597,22.514493179031366,0.20576753094036107,22.308725648091006,0.009139336573296727,14.628067016601562,3933,25.875,0.28851490787797257,local_histogram
circular_inner_lit,science,ok,0.03,0.25,27.37884994771467,27.38750669214853,25.910558156753858,0.20576753094036107,25.704790625813498,0.00794145497350954,14.628067016601562,3933,25.875,0.28851490787797257,local_histogram
circular_outer_lit,science,ok,0.01,0.25,27.176717437235844,27.19533512772919,10.469906797628578,0.17800249287114703,10.29190430475743,0.01700134454983538,4.906818389892578,2935,25.875,0.6335155621513959,local_histogram
circular_outer_lit,science,ok,0.03,0.25,27.21376051743166,27.23303013271396,10.11872011781554,0.17800249287114703,9.940717624944392,0.017591403932375467,4.906818389892578,2935,25.875,0.6335155621513959,local_histogram
