{
  "timestamp": "2026-05-03 07:43:08",
  "output_dir": "/Users/zuha/Desktop/FKI/4 курс 2025-2026/course_work-SBF/code/experiment_outputs_model_fix/hybrid_isophote_v1",
  "science_model_name": "model_full",
  "science_resid_name": "resid_full_clip_3p5sigma",
  "recommended_sbf": {
    "kmin": 0.03,
    "kmax": 0.25,
    "mbar_inner_raw": 27.369881067491065,
    "mbar_inner": 27.378237212476684,
    "sigma_inner": 0.10470554290958949,
    "Pr_inner": 0.20031140295003896,
    "Pr_over_P0_inner": 0.007666753314275333,
    "mbar_outer_raw": 27.169972538983796,
    "mbar_outer": 27.192255030434676,
    "sigma_outer": 0.08510068032630345,
    "Pr_outer": 0.22519324185341935,
    "Pr_over_P0_outer": 0.02031377098600747,
    "mbar_weighted_raw": 27.249496448292,
    "mbar_weighted": 27.266239018452037,
    "sigma_weighted_formal": 0.06603936253850069,
    "annulus_scatter": 0.09299109102100367,
    "sigma_adopted": 0.09299109102100367,
    "notes": "inner+outer weighted; no pipeline systematic yet; sigma_inner=max(k-window std, fit covariance); sigma_outer=max(k-window std, fit covariance)",
    "uses_two_annuli": true
  },
  "resid_audit": {
    "elliptical_chosen": {
      "region": "elliptical_chosen",
      "n_use": 180403,
      "resid_median": -0.07314649224281311,
      "resid_mean": -0.017409486696124077,
      "resid_std": 0.7125528454780579,
      "resid_p01": -1.439774990081787,
      "resid_p99": 2.01202392578125,
      "model_mean": 9.980692715881348,
      "science_resid_name": "resid_full_clip_3p5sigma",
      "science_model_name": "model_full"
    },
    "circular_inner_lit": {
      "region": "circular_inner_lit",
      "n_use": 649938,
      "resid_median": -0.063819020986557,
      "resid_mean": -0.010452384129166603,
      "resid_std": 0.83736652135849,
      "resid_p01": -1.854041576385498,
      "resid_p99": 2.1006381511688232,
      "model_mean": 14.629072890360861,
      "science_resid_name": "resid_full_clip_3p5sigma",
      "science_model_name": "model_full"
    },
    "circular_outer_lit": {
      "region": "circular_outer_lit",
      "n_use": 2257713,
      "resid_median": -0.037595681846141815,
      "resid_mean": 0.014331720769405365,
      "resid_std": 0.5435072183609009,
      "resid_p01": -1.1158498525619507,
      "resid_p99": 1.6358015537261963,
      "model_mean": 5.163260184489242,
      "science_resid_name": "resid_full_clip_3p5sigma",
      "science_model_name": "model_full"
    }
  },
  "annulus_summary_rows": 2,
  "model_overlap_rows": 18
}