label,xcentroid,ycentroid,area_pix,flux_img_signed,flux_img_positive,flux_img_adopted,flux_err_img,snr,flux_jy,mag_ab,mask_brighter_than_mcut
1791,7574.334365325078,3062.513931888545,646,11401.310193360732,11401.310193360732,11401.310193360732,13.44272556483066,848.1397718323766,0.0002612659133111848,17.85735874192215,True
4852,8238.311855670103,1986.9484536082475,388,3316.962759094048,3316.962759094048,3316.962759094048,10.323331605350557,321.30739240952744,7.600962433059162e-05,19.197894157072547,True
1816,9232.869822485207,3098.7218934911243,169,1965.9255192758794,1965.9255192758794,1965.9255192758794,8.220347955561966,239.1535650198013,4.505002649559321e-05,19.765827995432566,True
4853,8255.058823529413,1981.9301470588234,272,1704.0543884732251,1704.0543884732251,1704.0543884732251,8.686217244272237,196.17911232842957,3.904913721193617e-05,19.921037015752432,True
4904,8497.77049180328,3133.55737704918,61,1096.8165450142035,1096.8165450142035,1096.8165450142035,44.678238998272974,24.54923402546373,2.5134021573663144e-05,20.39941066348337,True
1960,9255.911764705883,3373.764705882353,102,975.028189103977,975.028189103977,975.028189103977,6.1193654266562945,159.33485273762213,2.2343189160728527e-05,20.527202716441696,True
4856,8249.546511627907,1999.4360465116279,172,833.755771149631,833.755771149631,833.755771149631,6.972365377708759,119.58004579266866,1.9105871108982593e-05,20.697148513269358,True
1898,7842.013513513513,3236.040540540541,74,824.1731271643163,824.1731271643163,824.1731271643163,6.351452140652141,129.76136935508634,1.888628071188796e-05,20.709699521196676,True
1531,8300.64705882353,2695.529411764706,34,759.9640052852283,759.9640052852283,759.9640052852283,9.610871829972403,79.07336802840398,1.7414901143562734e-05,20.797763088507484,True
2430,8895.035294117646,3738.070588235294,85,715.9915523671239,715.9915523671239,715.9915523671239,6.964101006999829,102.81177019797086,1.640725352435563e-05,20.862475900155818,True
2163,8981.942857142858,3596.9285714285716,70,679.4080353461278,679.4080353461278,679.4080353461278,6.263903819804226,108.46399543972599,1.5568926540480418e-05,20.919418948539743,True
2089,7840.666666666667,3548.826086956522,69,669.9904592909947,669.9904592909947,669.9904592909947,5.65970296371363,118.37908518990167,1.535311874580655e-05,20.9345741000266,True
4908,8474.857142857143,3155.6,35,621.0576978068823,621.0576978068823,621.0576978068823,33.8427114945582,18.351298414925953,1.4231803528242368e-05,21.016915773207856,True
1863,8493.818181818182,3161.787878787879,33,536.2576914561992,536.2576914561992,536.2576914561992,32.86155417723999,16.318695353356503,1.228857501044385e-05,21.17631181030238,True
4905,8502.214285714286,3139.714285714286,28,510.35853617519365,510.35853617519365,510.35853617519365,30.269841377898256,16.860297673969168,1.169508475855855e-05,21.230057188163233,True
1704,8892.923076923076,2865.6346153846152,52,477.1750850091279,477.1750850091279,477.1750850091279,8.374597205489806,56.97886994449416,1.0934671742099454e-05,21.303051247065888,True
219,8788.74647887324,2026.7323943661972,71,454.19254093235685,454.19254093235685,454.19254093235685,4.584856273894241,99.06363772371411,1.040801688694704e-05,21.35664565179628,True
4874,8852.3046875,2059.046875,128,424.7436150428334,424.7436150428334,424.7436150428334,6.116785909112039,69.43901934022284,9.733182119006058e-06,21.42942849828347,True
4266,8559.32558139535,4179.302325581395,43,391.89523017143927,391.89523017143927,391.89523017143927,3.9877240401525826,98.27541380131312,8.98044729040542e-06,21.516820701850847,True
1865,8478.631578947368,3161.157894736842,19,341.7486199018055,341.7486199018055,341.7486199018055,24.934917172954837,13.705624828482541,7.831316207279089e-06,21.665478722399342,True
4907,8475.78947368421,3147.0,19,322.1504753705555,322.1504753705555,322.1504753705555,24.934917172954837,12.91965291627155,7.38221631934311e-06,21.729598704595144,True
4906,8471.052631578947,3145.5263157894738,19,320.4263542768055,320.4263542768055,320.4263542768055,24.934917172954837,12.85050806683046,7.34270734497278e-06,21.735425074606304,True
2286,9256.102564102564,3671.025641025641,39,270.66645617856847,270.66645617856847,270.66645617856847,3.676821915733687,73.61424142418893,6.202437937121922e-06,21.918659553968503,True
94,8589.258620689656,1971.2586206896551,58,254.39548236470623,254.39548236470623,254.39548236470623,4.213635483033562,60.374345001850266,5.8295815932592155e-06,21.985972159166668,True
1848,8486.466666666667,3133.4,15,244.98076052075106,244.98076052075106,244.98076052075106,22.155255306623577,11.057455990927405,5.613839204058711e-06,22.0269156995902,True
1954,8260.0,3360.8,10,237.56768350207466,237.56768350207466,237.56768350207466,13.715276153766407,17.32139264558922,5.443965364571519e-06,22.060277238569398,True
82,8407.073529411764,1968.5882352941176,68,236.40915070717395,236.40915070717395,236.40915070717395,4.560743969899308,51.83565494302312,5.417417088660479e-06,22.06558493892132,True
2098,7800.129032258064,3555.1290322580644,31,226.8547826931013,226.8547826931013,226.8547826931013,3.64829105414526,62.18110872358839,5.198474647574938e-06,22.11037579652265,True
4851,8231.130434782608,1977.3623188405797,69,201.1406196036463,201.1406196036463,201.1406196036463,4.3097999164349545,46.670523807060825,4.6092235711055495e-06,22.24099618689033,True
4860,8259.28,1995.5333333333333,75,198.93122932342126,198.93122932342126,198.93122932342126,4.615216354855554,43.10333774799759,4.558594445186321e-06,22.252988229873484,True
4909,8470.545454545454,3161.4545454545455,11,185.12153151079036,185.12153151079036,185.12153151079036,18.972627150218976,9.757295605139943,4.242139296578092e-06,22.331103309578417,True
4858,8231.54411764706,1996.0,68,179.44514380638674,179.44514380638674,179.44514380638674,4.334544841411677,41.39884356299448,4.112062437625249e-06,22.36491637135222,True
1914,9194.64,3280.12,25,174.84632801025256,174.84632801025256,174.84632801025256,3.3167688007805567,52.71586248915054,4.006678601140687e-06,22.393104355886827,True
382,8914.152173913044,2094.2391304347825,46,174.47989326573244,174.47989326573244,174.47989326573244,3.703413031255866,47.11326870461556,3.998281591799449e-06,22.39538217868111,True
1780,7934.464285714285,3022.642857142857,28,173.41682665676117,173.41682665676117,173.41682665676117,4.751883124216415,36.494337533892434,3.9739209644861745e-06,22.402017558848534,True
2006,7855.692307692308,3443.6410256410254,39,172.67296786680092,172.67296786680092,172.67296786680092,4.520531016922103,38.19749653755697,3.956875121259605e-06,22.40668476184566,True
1744,8599.0,2945.714285714286,7,171.12036524497034,171.12036524497034,171.12036524497034,15.134920688949128,11.306327186102475,3.921296566240715e-06,22.416491399590054,True
1597,8573.888888888889,2747.6666666666665,9,170.78341633442332,170.78341633442332,170.78341633442332,10.638078905395055,16.053971572612728,3.913575237431984e-06,22.418631403705138,True
1963,8411.0,3374.714285714286,7,165.23268137656214,165.23268137656214,165.23268137656214,15.134920688949128,10.917313990102901,3.7863777650609216e-06,22.454505769437706,True
1784,7936.0,3032.0,21,162.466187783556,162.466187783556,162.466187783556,4.148693674170303,39.160805917069204,3.7229823777775204e-06,22.472838170906336,True
1307,8069.8125,2559.8125,32,158.91807112387525,158.91807112387525,158.91807112387525,4.273391026885292,37.18781410923316,3.6416757626688517e-06,22.496812433072293,True
1859,8500.6,3152.1,10,154.77990846240175,154.77990846240175,154.77990846240175,18.08969020743901,8.556249813429737,3.546847990347588e-06,22.52545918223283,True
1866,9003.375,3162.416666666667,24,152.2751469708361,152.2751469708361,152.2751469708361,5.184044691941493,29.373810609222787,3.4894503064303776e-06,22.54317307758237,True
1390,8098.166666666667,2609.2916666666665,24,151.34450961121698,151.34450961121698,151.34450961121698,4.0330344249653916,37.526213184385526,3.4681243521673328e-06,22.549828969698073,True
2247,8984.620689655172,3644.4137931034484,29,146.7666293697617,146.7666293697617,146.7666293697617,3.8763450141853646,37.86211723483687,3.3632202628978793e-06,22.58317734499429,True
990,8563.478260869566,2433.521739130435,23,128.47977712679327,128.47977712679327,128.47977712679327,4.196089486820248,30.618931633928018,2.9441692001851023e-06,22.72765870951534,True
1966,8841.285714285714,3388.5,14,128.01070615217208,128.01070615217208,128.01070615217208,6.535555587959064,19.58681315296524,2.9334202376085434e-06,22.731629912664964,True
1851,8480.25,3134.875,8,127.66483863515577,127.66483863515577,127.66483863515577,16.17991079829836,7.890330189495376,2.9254945351072153e-06,22.73456739434433,True
4813,8366.470588235294,4341.029411764706,34,125.38024120899493,125.38024120899493,125.38024120899493,3.452412092848688,36.3167078080589,2.873142005181148e-06,22.75417289341228,True
2351,8612.684210526317,3705.5263157894738,19,109.54813753333642,109.54813753333642,109.54813753333642,5.054392946308494,21.673846631442764,2.510342558774803e-06,22.900733150019306,True
2931,8120.28,3899.0,25,106.49866985290403,106.49866985290403,106.49866985290403,3.350813262183809,31.782931939184273,2.4404626989052717e-06,22.93138518703906,True
1845,8481.166666666666,3130.833333333333,6,105.8449348235348,105.8449348235348,105.8449348235348,14.012213782292536,7.553762486645242,2.4254820803083735e-06,22.938070446369437,True
1436,8375.6,2633.4,15,98.41159242993083,98.41159242993083,98.41159242993083,5.147842092641166,19.117057333714662,2.255143851062527e-06,23.017129997623012,True
1670,8396.5,2812.5,4,97.2461613830076,97.2461613830076,97.2461613830076,8.535268569821632,11.393450667368963,2.2284374987476044e-06,23.03006447757258,True
25,8475.965517241379,1928.8620689655172,29,95.77385536005717,95.77385536005717,95.77385536005717,2.845438392386077,33.65873449108305,2.1946989747327324e-06,23.046628220378796,True
4717,8099.206896551725,4299.310344827586,29,91.50923696329814,91.50923696329814,91.50923696329814,3.132617840811392,29.211746090163352,2.0969734149982244e-06,23.096083310774045,True
1456,9181.16,2647.8,25,88.35623859374877,88.35623859374877,88.35623859374877,3.0896448681496063,28.597538670088475,2.024721104981373e-06,23.134152597737913,True
2256,9150.214285714286,3650.107142857143,28,77.60699360698712,77.60699360698712,77.60699360698712,3.220962466688117,24.09434894371333,1.7783975455620907e-06,23.274993496522022,True
1056,8794.285714285714,2448.5714285714284,21,75.7336228574086,75.7336228574086,75.7336228574086,3.4351254064018075,22.046829124860782,1.7354684513125452e-06,23.30152381443653,True
2464,9245.272727272728,3747.363636363636,22,74.91999678699231,74.91999678699231,74.91999678699231,2.6426494239135527,28.350335125437027,1.7168238609298634e-06,23.31325127073721,True
1854,8856.833333333334,3136.833333333333,6,73.84436452629362,73.84436452629362,73.84436452629362,8.522318911409267,8.664820607385904,1.692175286317617e-06,23.32895225221273,True
4446,8737.324324324325,4219.351351351352,37,72.77548741791192,72.77548741791192,72.77548741791192,3.6071227495688905,20.17549511632499,1.6676815089181227e-06,23.344782838851845,True
71,8718.8,1956.56,25,69.65840887039057,69.65840887039057,69.65840887039057,2.6800873911470844,25.991096074138312,1.5962523170297112e-06,23.392311770609055,True
2133,7896.842105263158,3580.2631578947367,19,68.56260429587917,68.56260429587917,68.56260429587917,3.064049160936122,22.376470054720684,1.5711414851941723e-06,23.40952738203697,True
464,8092.470588235294,2127.529411764706,17,67.79508676813268,67.79508676813268,67.79508676813268,2.3149036328199744,29.286353784648007,1.5535534918435658e-06,23.42175009366919,True
391,8168.939393939394,2096.909090909091,33,66.69139821660596,66.69139821660596,66.69139821660596,3.224263464911249,20.684227248297063,1.5282619952931394e-06,23.43957108917582,True
2165,7609.9047619047615,3596.190476190476,21,66.65831501133925,66.65831501133925,66.65831501133925,2.440103133962015,27.317826891646835,1.5275038794544613e-06,23.44010981751044,True
3741,8070.555555555556,4074.9444444444443,18,65.98981965309966,65.98981965309966,65.98981965309966,2.5477188845325105,25.90153099454234,1.5121850215905237e-06,23.451053292286264,True
3063,7897.105263157895,3930.578947368421,19,65.90023552146509,65.90023552146509,65.90023552146509,2.6169674753316206,25.181908503893137,1.5101321627898463e-06,23.452528229117803,True
3112,9018.263157894737,3939.157894736842,19,64.70303999152733,64.70303999152733,64.70303999152733,2.6038087808688206,24.849382361302922,1.4826979137222785e-06,23.472433931102717,True
2245,9122.785714285714,3642.714285714286,14,64.11850568220143,64.11850568220143,64.11850568220143,2.3449328294766083,27.34342957555537,1.4693030593066268e-06,23.48228716512462,True
4849,8222.0,1973.3428571428572,35,63.99238828234681,63.99238828234681,63.99238828234681,3.047875811400488,20.99573350166867,1.4664130249949002e-06,23.48442484861224,True
1860,8469.5,3151.5,4,63.921332281445075,63.921332281445075,63.921332281445075,11.440924644470215,5.587077466884673,1.4647847462570195e-06,23.48563110045668,True
103,8722.15,1975.55,20,62.440443603270445,62.440443603270445,62.440443603270445,2.4331170425704793,25.662737349167926,1.4308495470164275e-06,23.5110806964008,True
1280,8951.2,2542.2,20,60.35011729406635,60.35011729406635,60.35011729406635,3.1664220202162547,19.059404245156387,1.3829488230618568e-06,23.5480503496537,True
4850,8259.03125,1971.875,32,58.67371496847978,58.67371496847978,58.67371496847978,2.9644251671590314,19.792611268615683,1.3445333447314435e-06,23.57863667904627,True
3702,8616.0,4070.125,24,58.580844411937235,58.580844411937235,58.580844411937235,3.221332556834088,18.18528307102519,1.342405176094392e-06,23.5803565771417,True
3727,8315.636363636364,4072.2727272727275,22,57.13737778751107,57.13737778751107,57.13737778751107,3.0331757265066757,18.837476934881213,1.3093275192664491e-06,23.60744488249339,True
1460,7625.0,2651.0454545454545,22,56.70201020328255,56.70201020328255,56.70201020328255,2.424903378339856,23.383203928769333,1.2993508843367383e-06,23.61574950642872,True
4508,8525.423076923076,4238.153846153846,26,56.361866921678335,56.361866921678335,56.361866921678335,3.0629965074217997,18.400891670986436,1.2915563551451076e-06,23.622282220487058,True
4902,8976.76923076923,2780.6153846153848,13,54.56170223677911,54.56170223677911,54.56170223677911,3.0135106049128604,18.105694450793823,1.2503048092671069e-06,23.657525868071154,True
2110,8898.578947368422,3562.842105263158,19,52.919554578929684,52.919554578929684,52.919554578929684,3.9643468668154007,13.348870912862498,1.2126742913403432e-06,23.69070519568914,True
2678,8089.130434782609,3829.3478260869565,23,52.14076259661136,52.14076259661136,52.14076259661136,3.344515990851488,15.589927732214766,1.1948279390274036e-06,23.70680219905318,True
4855,8270.8,1987.8,25,51.17574380843986,51.17574380843986,51.17574380843986,2.6671868017947746,19.187161459408554,1.172714119582258e-06,23.727085236963326,True
4349,8605.76923076923,4198.846153846154,26,51.07285544325426,51.07285544325426,51.07285544325426,3.0833043164042895,16.56432521808771,1.1703563885633295e-06,23.729270296937784,True
4725,8371.826086956522,4304.0,23,50.80675199556765,50.80675199556765,50.80675199556765,2.847187333974857,17.844541308997098,1.1642585139229586e-06,23.734942066031763,True
2357,8693.142857142857,3709.642857142857,14,49.23184987470631,49.23184987470631,49.23184987470631,3.8518460646944948,12.781364843719706,1.1281689563191168e-06,23.769130259462038,True
3177,8520.578947368422,3954.8947368421054,19,48.9630068418081,48.9630068418081,48.9630068418081,3.2950331302880156,14.859640223868794,1.122008302908564e-06,23.775075445458633,True
4857,8225.23076923077,1993.4615384615386,26,48.88747403074816,48.88747403074816,48.88747403074816,2.6676170493057727,18.326271397714585,1.120277436145722e-06,23.77675165027995,True
4559,8213.454545454546,4251.5,22,47.32617716876717,47.32617716876717,47.32617716876717,2.779307454132283,17.02804671660289,1.0844996488846678e-06,23.81199208292232,True
4921,8793.739130434782,3943.304347826087,23,46.2773006253284,46.2773006253284,46.2773006253284,3.2068838157163073,14.43061341933638,1.0604641930094487e-06,23.836325599841835,True
3786,7865.333333333333,4086.9583333333335,24,45.441846857158176,45.441846857158176,45.441846857158176,2.689975486800906,16.893033813925413,1.0413194115704372e-06,23.856105711557717,True
3782,7805.24,4084.88,25,45.424421539000164,45.424421539000164,45.424421539000164,2.618250883536089,17.349147793526964,1.0409201029308089e-06,23.856522132290504,True
893,9067.882352941177,2405.9411764705883,17,45.14287367151401,45.14287367151401,45.14287367151401,2.4604894363811165,18.347111352735602,1.0344683127863376e-06,23.863272641889512,True
2941,8745.809523809523,3899.5238095238096,21,44.86545641072279,44.86545641072279,44.86545641072279,3.2889562402883525,13.641244556902134,1.0281111772659732e-06,23.86996542059908,True
2542,8754.533333333333,3783.0,15,44.050342506224816,44.050342506224816,44.050342506224816,3.1646266324070265,13.91960178023275,1.0094324925271507e-06,23.889872422065434,True
4930,8929.0,4019.6,20,43.961657611601744,43.961657611601744,43.961657611601744,2.6829650977229655,16.38547502869569,1.0074002401282907e-06,23.892060497177177,True
3791,8989.434782608696,4085.9565217391305,23,43.71186616945681,43.71186616945681,43.71186616945681,2.7570970061743356,15.854308379997871,1.0016761620914247e-06,23.89824727591079,True
1541,9135.285714285714,2702.0714285714284,14,43.49108048841481,43.49108048841481,43.49108048841481,2.463924202033577,17.651143834911743,9.966167635113333e-07,23.903745152503383,True
4938,8474.9,4048.2,20,43.25156411337177,43.25156411337177,43.25156411337177,3.018196423518995,14.330268161587584,9.91128143044271e-07,23.909741102064874,True
3491,8753.047619047618,4025.190476190476,21,42.54705555089003,42.54705555089003,42.54705555089003,2.90288935800735,14.656795455716539,9.749840271584034e-07,23.927571870148164,True
4922,8844.0,3943.4,15,42.46783966427535,42.46783966427535,42.46783966427535,2.530569823541791,16.781927639063234,9.731687611394863e-07,23.929595223367937,True
734,8706.2,2357.6,15,41.739302104766075,41.739302104766075,41.739302104766075,2.73971796515177,15.23489010024938,9.564740104802565e-07,23.948382687833323,True
2884,8679.388888888889,3887.777777777778,18,41.28179753548491,41.28179753548491,41.28179753548491,3.252012324362376,12.694231576622041,9.459900970431071e-07,23.960349147086536,True
2491,7634.545454545455,3758.909090909091,22,41.08251004306526,41.08251004306526,41.08251004306526,2.4572988364594943,16.718564886579866,9.414233386762629e-07,23.965603220708562,True
3016,8309.5,3917.714285714286,14,40.74138757154469,40.74138757154469,40.74138757154469,2.785619440977982,14.625611442904457,9.336063709277063e-07,23.974656105602325,True
4278,8615.619047619048,4180.476190476191,21,40.70168907292371,40.70168907292371,40.70168907292371,2.783811717607177,14.620848391251409,9.326966628043949e-07,23.97571456514037,True
1301,8979.666666666666,2557.5,18,40.304937489098194,40.304937489098194,40.304937489098194,2.9315642747120023,13.748611223288892,9.236049300870275e-07,23.986350016130523,True
2099,8814.727272727272,3554.181818181818,11,40.24227716966495,40.24227716966495,40.24227716966495,4.066118510853315,9.896975964239596,9.221690419910585e-07,23.988039276061425,True
3534,8683.733333333334,4035.4666666666667,15,40.12530083065719,40.12530083065719,40.12530083065719,2.541458280488415,15.78829805655749,9.194884790094058e-07,23.99119989230019,True
606,8328.157894736842,2181.421052631579,19,39.655125963359616,39.655125963359616,39.655125963359616,2.6235637002798233,15.114984995077531,9.08714220258688e-07,24.003997311583205,True
4050,8548.777777777777,4134.722222222223,18,39.6104132009207,39.6104132009207,39.6104132009207,2.6583499019069823,14.90037604624807,9.076896081292793e-07,24.005222213871278,True
1721,7867.615384615385,2897.6153846153848,13,39.60274504149713,39.60274504149713,39.60274504149713,2.658309741762869,14.897716552486623,9.075138889670743e-07,24.005432421329758,True
2930,8058.111111111111,3897.6111111111113,18,39.047665722435596,39.047665722435596,39.047665722435596,2.7576888497054375,14.159561810828103,8.947940082871142e-07,24.02075795399499,True
2360,9092.875,3710.3125,16,38.87137763347086,38.87137763347086,38.87137763347086,2.4973422394332165,15.565098375260291,8.907542911153038e-07,24.025670814291793,True
4172,8298.055555555555,4159.666666666666,18,38.784182674950245,38.784182674950245,38.784182674950245,2.5714656971781924,15.08251994864649,8.887561812412926e-07,24.028109036686903,True
2676,8742.1875,3827.5625,16,38.23368422831949,38.23368422831949,38.23368422831949,3.114454629240401,12.276205236498978,8.761412732179036e-07,24.04363027343683,True
292,8219.5,2055.6,20,38.21857699560443,38.21857699560443,38.21857699560443,2.4474174077292914,15.615880182475102,8.757950845004698e-07,24.044059363942807,True
4859,8267.727272727272,1993.4545454545455,22,38.19407515613289,38.19407515613289,38.19407515613289,2.507600133039274,15.23132602080409,8.752336143396927e-07,24.044755650077633,True
2807,8570.857142857143,3865.142857142857,14,37.85683652326588,37.85683652326588,37.85683652326588,3.1664475801297582,11.955617633093595,8.675056464197319e-07,24.05438484676342,True
3716,8359.631578947368,4070.684210526316,19,37.6914061185415,37.6914061185415,37.6914061185415,2.86061309740446,13.1759887951084,8.637147377393486e-07,24.059139796993243,True
4267,8716.944444444445,4178.0,18,37.34349406487333,37.34349406487333,37.34349406487333,2.534791714712531,14.732371834783446,8.557421838037039e-07,24.069208269632767,True
1832,7520.764705882353,3109.764705882353,17,37.278396990758395,37.278396990758395,37.278396990758395,2.0740306383942406,17.973889247663255,8.542504564290352e-07,24.071102573492386,True
733,8601.285714285714,2358.9285714285716,14,36.96052571699147,36.96052571699147,36.96052571699147,2.8627932651333072,12.910651344315772,8.469662998498671e-07,24.080400296220553,True
722,8249.066666666668,2354.9333333333334,15,36.907055801207726,36.907055801207726,36.907055801207726,2.585019358940983,14.277284103716582,8.457410137954584e-07,24.081972142282876,True
3365,8280.941176470587,3998.764705882353,17,36.81441583917759,36.81441583917759,36.81441583917759,2.769694171486982,13.291870350946661,8.43618129330565e-07,24.0847008619215,True
3843,8306.0,4095.6470588235293,17,36.78274097726963,36.78274097726963,36.78274097726963,2.609905873153661,14.093512473238537,8.428922862840169e-07,24.08563542374332,True
1248,9092.157894736842,2528.315789473684,19,36.63037430015161,36.63037430015161,36.63037430015161,2.677934620131745,13.678591711977464,8.394007385250048e-07,24.090142254836245,True
1330,9022.588235294117,2579.4117647058824,17,36.397571471196635,36.397571471196635,36.397571471196635,2.771273857241331,13.133877540139123,8.340659618461132e-07,24.09706462718372,True
4417,8837.78947368421,4212.842105263158,19,36.27753816810204,36.27753816810204,36.27753816810204,2.523469559280049,14.37605539353211,8.313153472212231e-07,24.10065112666335,True
2060,8836.3,3520.9,10,35.97809247576853,35.97809247576853,35.97809247576853,3.803776473234744,9.45851911355155,8.244534207436702e-07,24.109650311583245,True
3456,8408.8125,4016.125,16,35.939135239977205,35.939135239977205,35.939135239977205,2.7975026485732646,12.846863704778361,8.235606989760416e-07,24.110826588445313,True
4604,8045.75,4263.75,16,35.720303700823145,35.720303700823145,35.720303700823145,2.293839142221841,15.572279260272808,8.185460803954796e-07,24.11745778921604,True
3065,8250.333333333334,3931.2666666666664,15,35.54726499920577,35.54726499920577,35.54726499920577,2.668813693145918,13.31950037970006,8.145808243284558e-07,24.122730166421768,True
2650,8936.5625,3820.1875,16,35.46618096675333,35.46618096675333,35.46618096675333,2.7266735468339567,13.00712401304309,8.127227489463845e-07,24.12520958160075,True
222,8364.5,2026.5,16,35.34355370845254,35.34355370845254,35.34355370845254,2.309201372575203,15.305531223133515,8.099126927253496e-07,24.128970109379544,True
996,9198.923076923076,2433.6923076923076,13,35.285785183556456,35.285785183556456,35.285785183556456,2.062783315333433,17.10590972947286,8.085889021993796e-07,24.130746181305053,True
2797,7899.722222222223,3861.8888888888887,18,35.14745915657866,35.14745915657866,35.14745915657866,2.5933533370388084,13.552900275714606,8.054191019606224e-07,24.13501080861414,True
4684,8479.0,4286.8125,16,35.08023993815835,35.08023993815835,35.08023993815835,2.389755618747736,14.679425654636967,8.038787447389696e-07,24.13708925806708,True
1134,8227.357142857143,2480.5714285714284,14,34.94390603467946,34.94390603467946,34.94390603467946,2.9279687812181505,11.934521385211427,8.007545948646478e-07,24.141317023787614,True
1630,9008.363636363636,2778.181818181818,11,34.80233004136906,34.80233004136906,34.80233004136906,2.65367956164783,13.114744728168382,7.975103202534089e-07,24.145724842802107,True
4397,8017.631578947368,4207.473684210527,19,34.66646562781884,34.66646562781884,34.66646562781884,2.4915529235370037,13.913597941402099,7.943969289421753e-07,24.149971730901672,True
524,8607.29411764706,2154.8823529411766,17,34.27939882562778,34.27939882562778,34.27939882562778,2.488826058651456,13.773320440160333,7.855271271499414e-07,24.162162653717797,True
948,8715.0,2420.3076923076924,13,34.19010876143732,34.19010876143732,34.19010876143732,2.7617132928084533,12.380035556358774,7.834810070308766e-07,24.16499444012286,True
2264,9104.6,3657.4666666666667,15,34.1623701513359,34.1623701513359,34.1623701513359,2.4477479635405337,13.956653487282203,7.828453648828057e-07,24.16587566097656,True
3393,8453.0,4004.714285714286,14,34.04105445310597,34.04105445310597,34.04105445310597,2.66238090939325,12.785944465348441,7.800653636233466e-07,24.169738135198365,True
586,8635.0,2174.823529411765,17,33.81303730295323,33.81303730295323,33.81303730295323,2.4947641897618325,13.553600553397896,7.748402528268732e-07,24.177035186877696,True
4957,8609.4375,4110.5625,16,33.75702302302774,33.75702302302774,33.75702302302774,2.5567635774303183,13.203028751275987,7.735566615768323e-07,24.178835296137223,True
3959,8774.0,4120.611111111111,18,33.72460616356718,33.72460616356718,33.72460616356718,2.5293998137278932,13.333046828157627,7.728138153381101e-07,24.17987842924152,True
2593,8687.76923076923,3801.7692307692305,13,33.686621174462225,33.686621174462225,33.686621174462225,3.0131325504718878,11.179933378366163,7.719433730203139e-07,24.181102014211028,True
2386,8934.0,3719.875,16,33.556245969194734,33.556245969194734,33.556245969194734,2.937995670829897,11.42147563468536,7.68955769271301e-07,24.185312223083773,True
3882,8554.533333333333,4106.333333333334,15,33.149357265288536,33.149357265288536,33.149357265288536,2.4818660217484627,13.356626415286902,7.596317400992886e-07,24.198557865275426,True
3357,8901.933333333334,3994.5333333333333,15,33.07759708767623,33.07759708767623,33.07759708767623,2.351227823417239,14.068222891136832,7.57987324850051e-07,24.20091076385416,True
1075,8190.636363636364,2455.181818181818,11,33.00865271135198,33.00865271135198,33.00865271135198,2.444110727564252,13.505383507828094,7.564074348950775e-07,24.20317614985727,True
2736,8432.9,3844.3,10,32.92727880084177,32.92727880084177,32.92727880084177,3.0034695992074165,10.963080435217632,7.545427168329786e-07,24.205856043614524,True
1196,8217.583333333334,2509.0833333333335,12,32.895601992650754,32.895601992650754,32.895601992650754,2.8009661475042202,11.744376854380098,7.538168291865196e-07,24.20690104984168,True
1236,8795.909090909092,2523.4545454545455,11,32.75284864946233,32.75284864946233,32.75284864946233,2.7392843081873486,11.956717508864822,7.505455750978388e-07,24.21162295007935,True
1430,8066.571428571428,2631.214285714286,14,32.720443929882094,32.720443929882094,32.720443929882094,3.0170360650001533,10.845227973726734,7.498030070496812e-07,24.212697677765703,True
1192,9264.5625,2508.6875,16,32.711899445909815,32.711899445909815,32.711899445909815,2.2024027729543594,14.852823401611158,7.496072065345712e-07,24.212981239538788,True
3101,8817.4,3938.0666666666666,15,32.60857338314742,32.60857338314742,32.60857338314742,2.573916787576611,12.668852987220687,7.472394454879341e-07,24.21641614856339,True
4920,8793.2,3939.333333333333,15,32.504489368254845,32.504489368254845,32.504489368254845,2.5997771775685568,12.502798181594427,7.448543156431344e-07,24.219887276315163,True
4673,8339.35294117647,4283.7058823529405,17,32.42788448618076,32.42788448618076,32.42788448618076,2.4495097238928856,13.238520414870905,7.430988819131726e-07,24.222449102645534,True
4854,8265.166666666666,1987.5555555555557,18,32.23912156350004,32.23912156350004,32.23912156350004,2.2557146378082478,14.292198588924794,7.387732985760765e-07,24.228787646328925,True
4968,8656.846153846154,4139.2307692307695,13,32.18276070082941,32.18276070082941,32.18276070082941,2.2241597470162375,14.469626448371498,7.374817652337748e-07,24.230687405932166,True
1629,9347.466666666667,2777.2,15,32.1374825895378,32.1374825895378,32.1374825895378,2.222752515804184,14.458416922727256,7.36444197892918e-07,24.232216010001988,True
1742,9234.76923076923,2943.7692307692305,13,32.045648560173895,32.045648560173895,32.045648560173895,2.258488042253892,14.18898305443028,7.343397817207505e-07,24.235322982091517,True
3520,8825.8,4030.2,15,32.0209283292839,32.0209283292839,32.0209283292839,2.354808071475297,13.59810539005952,7.337733070269474e-07,24.236160849581943,True
306,8604.235294117647,2064.176470588235,17,31.87197246835849,31.87197246835849,31.87197246835849,2.446190586608102,13.029227012336882,7.303599195839505e-07,24.241223291953524,True
3822,8663.307692307691,4091.6923076923076,13,31.84290979827204,31.84290979827204,31.84290979827204,2.2907362767485915,13.900731446689706,7.296939360334091e-07,24.242213779393374,True
1310,8965.615384615385,2562.6153846153848,13,31.792498097069647,31.792498097069647,31.792498097069647,2.5438174102562865,12.497948150243452,7.285387302778562e-07,24.243934011019096,True
2541,8432.111111111111,3782.4444444444443,9,31.753253523144068,31.753253523144068,31.753253523144068,3.279879223607562,9.681226459375063,7.276394240336365e-07,24.24527506873207,True
3097,8936.066666666666,3936.7333333333336,15,31.700018829161827,31.700018829161827,31.700018829161827,2.401096796058736,13.202307745858311,7.264195281877003e-07,24.247096845482858,True
4988,8559.411764705883,4266.411764705883,17,31.40415087030551,31.40415087030551,31.40415087030551,2.462235633301976,12.754323934541976,7.196395870073326e-07,24.257278008159737,True
4933,8993.3125,4042.5625,16,31.190078423876123,31.190078423876123,31.190078423876123,2.3597187442945926,13.217710161131933,7.147340250778184e-07,24.264704479076997,True
3586,8232.538461538461,4045.3076923076924,13,31.011178955681707,31.011178955681707,31.011178955681707,2.2957987395782866,13.507795095914254,7.106344670308917e-07,24.270949952992012,True
2935,8780.25,3899.083333333333,12,30.975127463384396,30.975127463384396,30.975127463384396,2.4264788133913084,12.765463803944272,7.098083316217548e-07,24.2722128904728,True
944,8203.076923076924,2419.923076923077,13,30.867598518975164,30.867598518975164,30.867598518975164,2.5255377152883733,12.22218869752678,7.073442597394877e-07,24.275988538580254,True
4194,8519.625,4163.625,16,30.708486722368555,30.708486722368555,30.708486722368555,2.4471891292997157,12.5484730030474,7.036981446742897e-07,24.281599607292897,True
2845,8636.727272727272,3874.909090909091,11,30.5955505613886,30.5955505613886,30.5955505613886,2.658638348582945,11.507977599772468,7.011101641050504e-07,24.285599964298758,True
2330,8739.818181818182,3692.272727272727,11,30.56579973741399,30.56579973741399,30.56579973741399,3.400073728053742,8.989746159095896,7.00428411213e-07,24.286656237553043,True
4504,8684.538461538461,4234.153846153846,13,30.563245758660216,30.563245758660216,30.563245758660216,2.148021528446696,14.228556536284572,7.003698856944092e-07,24.286746961927296,True
2385,8446.5,3719.25,8,30.448337399193917,30.448337399193917,30.448337399193917,3.5942522200594307,8.471396979116411,6.977367113509433e-07,24.290836687423965,True
3737,8324.066666666668,4074.2,15,30.419709152037804,30.419709152037804,30.419709152037804,2.508084587392618,12.128661571044484,6.970806827881826e-07,24.29185800249712,True
1363,8181.545454545454,2594.818181818182,11,30.269625688036548,30.269625688036548,30.269625688036548,2.979193359237873,10.160342763310945,6.93641455837053e-07,24.297228019592044,True
4942,8587.76923076923,4051.923076923077,13,30.227437004692938,30.227437004692938,30.227437004692938,2.4150011957525392,12.516530864604295,6.926746840627368e-07,24.298742334050427,True
500,8513.0,2143.6428571428573,14,30.202950681896255,30.202950681896255,30.202950681896255,2.2576378547439457,13.378120241220786,6.921135694732194e-07,24.299622212193018,True
3059,9196.8,3928.866666666667,15,30.152607864195996,30.152607864195996,30.152607864195996,2.122733910314178,14.204610251754644,6.909599422126634e-07,24.301433446611828,True
3301,7936.666666666667,3982.0666666666666,15,29.93067879086226,29.93067879086226,29.93067879086226,2.3188178408329416,12.907731803594746,6.85874342307785e-07,24.309454230395406,True
712,7904.928571428572,2351.3571428571427,14,29.92433234617237,29.92433234617237,29.92433234617237,2.2012513764740986,13.594236744603112,6.857289108056102e-07,24.309684472263754,True
2849,8246.416666666666,3875.166666666667,12,29.863502268834836,29.863502268834836,29.863502268834836,2.527760143680001,11.814215183153618,6.843349634922886e-07,24.311893799312255,True
2344,8135.8,3702.9,10,29.861050887938944,29.861050887938944,29.861050887938944,2.682892746403196,11.130169451601068,6.842787890476171e-07,24.311982926910574,True
1195,8018.214285714285,2508.785714285714,14,29.816601480693862,29.816601480693862,29.816601480693862,2.4860264369872507,11.993678360407063,6.832602118154329e-07,24.313600294140514,True
955,8906.785714285714,2423.785714285714,14,29.794725622386977,29.794725622386977,29.794725622386977,2.4914398932638133,11.958837820227549,6.827589171393751e-07,24.31439716995571,True
3027,9094.8,3920.9333333333334,15,29.66529554730147,29.66529554730147,29.66529554730147,2.290848556286117,12.949479120258529,6.797929714538659e-07,24.319123947299307,True
3799,8169.866666666667,4088.2,15,29.605672305876915,29.605672305876915,29.605672305876915,2.3469903823727027,12.614313432314495,6.784266793031243e-07,24.32130832646638,True
4441,8434.0,4216.7692307692305,13,29.52560995543756,29.52560995543756,29.52560995543756,2.172103296730189,13.593096608197415,6.765920162026011e-07,24.32424845028258,True
4953,8350.933333333332,4091.2,15,29.511694854552452,29.511694854552452,29.511694854552452,2.4924509910959616,11.840431350498006,6.762731456973778e-07,24.324760266638435,True
4923,8839.5,3945.0714285714284,14,29.439770426006362,29.439770426006362,29.439770426006362,2.4461159655396068,12.035312651054966,6.746249665675421e-07,24.327409598404994,True
1136,8120.416666666667,2481.0,12,29.412221674962765,29.412221674962765,29.412221674962765,2.5258743279177946,11.644372544539356,6.739936751212153e-07,24.32842606964142,True
3117,8717.285714285714,3941.214285714286,14,29.30943461820607,29.30943461820607,29.30943461820607,2.62276971066716,11.174993557002212,6.716382656283883e-07,24.33222704358952,True
858,9205.333333333334,2395.6666666666665,12,29.304802660985708,29.304802660985708,29.304802660985708,1.9346127128093045,15.147632633113114,6.715321223419526e-07,24.332398642978916,True
2441,8701.666666666666,3740.1111111111113,9,29.240298811230005,29.240298811230005,29.240298811230005,2.832693837032716,10.322435283673157,6.700539889579206e-07,24.334791129851546,True
4381,8444.6,4205.6,15,29.194373554045853,29.194373554045853,29.194373554045853,2.3381153484527784,12.486284551087227,6.690015919913636e-07,24.33649774418464,True
4550,8638.92857142857,4247.214285714286,14,29.170932020397224,29.170932020397224,29.170932020397224,2.230763146082029,13.076660366938192,6.68464419193303e-07,24.33736988296282,True
1385,7800.7692307692305,2606.846153846154,13,29.16361568892755,29.16361568892755,29.16361568892755,2.1705860640353527,13.435825545986072,6.682967623195671e-07,24.337642229499004,True
1346,8871.363636363636,2585.4545454545455,11,29.105465913256275,29.105465913256275,29.105465913256275,2.6993238545675995,10.782502389998934,6.669642352685582e-07,24.33980925653866,True
2680,8604.0,3827.5,8,28.923192822167557,28.923192822167557,28.923192822167557,2.4980211429466364,11.578441961484002,6.627873692060002e-07,24.346630063681953,True
4236,8473.5,4171.6875,16,28.8405868276542,28.8405868276542,28.8405868276542,2.4315403582780517,11.861035630960405,6.608944174105057e-07,24.34973541380472,True
4092,8580.181818181818,4142.909090909091,11,28.828741097887622,28.828741097887622,28.828741097887622,2.0725671854365517,13.909677476542372,6.606229674320546e-07,24.350181451181008,True
2960,8794.714285714286,3904.214285714286,14,28.817712034435317,28.817712034435317,28.817712034435317,2.588477305673335,11.13307502108427,6.603702317124781e-07,24.350596902713242,True
757,9074.875,2363.4375,16,28.79802100505288,28.79802100505288,28.79802100505288,2.3651465253321335,12.17599869463006,6.599190033283372e-07,24.35133903557224,True
3570,8371.384615384615,4042.0,13,28.76478765929499,28.76478765929499,28.76478765929499,2.436770124528828,11.804473212202128,6.591574469559057e-07,24.352592714867637,True
2742,8319.75,3845.916666666667,12,28.696111445470578,28.696111445470578,28.696111445470578,2.8704872671469563,9.996947826210812,6.57583702059636e-07,24.355188020142027,True
822,8775.692307692309,2385.3846153846152,13,28.620548710472967,28.620548710472967,28.620548710472967,2.4910306056782283,11.489440814269122,6.558521495769277e-07,24.35805075654097,True
3105,8634.545454545454,3939.090909090909,11,28.487691426714527,28.487691426714527,28.487691426714527,2.4752341792790813,11.509089388468142,6.528076679346858e-07,24.36310250469252,True
2025,9147.92857142857,3475.142857142857,14,28.44590875074391,28.44590875074391,28.44590875074391,2.5197480727282686,11.289187621024341,6.518501999934657e-07,24.36469611451294,True
3985,8451.636363636364,4123.090909090909,11,28.441756272753345,28.441756272753345,28.441756272753345,2.088958237270175,13.61528237631054,6.517550441792382e-07,24.36485461972492,True
1930,9174.8,3311.0,10,28.4403388937678,28.4403388937678,28.4403388937678,2.1440240051241375,13.264934919476858,6.517225643318448e-07,24.364908728128498,True
2713,8878.857142857143,3836.857142857143,14,28.31514808103566,28.31514808103566,28.31514808103566,2.620062411899205,10.807050989488015,6.4885376316146e-07,24.369698552886575,True
986,8437.2,2431.7,10,28.29368238055369,28.29368238055369,28.29368238055369,2.8697225842157925,9.85937892957883,6.483618674278845e-07,24.37052196114641,True
4213,8367.2,4166.533333333333,15,28.274215167815385,28.274215167815385,28.274215167815385,2.358942299083842,11.98597150036117,6.479157678981428e-07,24.37126924925242,True
4145,8515.083333333334,4151.916666666666,12,28.182240729375607,28.182240729375607,28.182240729375607,2.1350941396427308,13.199530740172138,6.458081341917777e-07,24.374806845245075,True
3002,8695.454545454546,3914.818181818182,11,28.163067841967212,28.163067841967212,28.163067841967212,2.439145935175471,11.546282424442625,6.453687792532125e-07,24.37554574256733,True
4337,8352.538461538461,4193.923076923077,13,28.14582775557794,28.14582775557794,28.14582775557794,2.1769977445802526,12.928735376804326,6.449737152790141e-07,24.376210581980434,True
3048,7903.933333333333,3927.2666666666664,15,28.137758678252403,28.137758678252403,28.137758678252403,2.3304267383073127,12.074079916663694,6.447888089111247e-07,24.37652189438984,True
924,8119.2307692307695,2413.769230769231,13,28.054159626610662,28.054159626610662,28.054159626610662,2.401453625211183,11.682157561607541,6.42873100785593e-07,24.379752486501868,True
705,8577.0,2349.846153846154,13,28.031045899041082,28.031045899041082,28.031045899041082,2.7364303781584884,10.243653967145654,6.423434398044359e-07,24.38064738960634,True
2577,8283.583333333334,3794.583333333333,12,28.006022219701535,28.006022219701535,28.006022219701535,2.9592972627143923,9.463740791627412,6.417700114592567e-07,24.38161707333011,True
3438,8711.785714285714,4012.8571428571427,14,27.96478768751149,27.96478768751149,27.96478768751149,2.46201637615724,11.358489715311903,6.408251044678774e-07,24.383216829798123,True
2679,8485.1,3828.7,10,27.963016792174784,27.963016792174784,27.963016792174784,3.1107457952897257,8.98916807490867,6.407845236416673e-07,24.383285587197076,True
953,9099.92857142857,2422.285714285714,14,27.9494888441277,27.9494888441277,27.9494888441277,2.227623622489091,12.546773414486259,6.404745249097843e-07,24.383810971745316,True
2866,8176.307692307692,3883.4615384615386,13,27.91335199797907,27.91335199797907,27.91335199797907,2.4981502705630207,11.173608059889887,6.396464335805346e-07,24.38521566535097,True
2712,8759.090909090908,3837.181818181818,11,27.85994150682317,27.85994150682317,27.85994150682317,2.5233544278813316,11.040835642821305,6.384225092669613e-07,24.38729514526132,True
3457,8487.9,4016.6,10,27.832478328582255,27.832478328582255,27.832478328582255,2.203759146636201,12.629546369014738,6.377931787581116e-07,24.388365946976126,True
1518,9280.23076923077,2685.153846153846,13,27.80820558989801,27.80820558989801,27.80820558989801,2.147490021897221,12.949166378584884,6.372369585401409e-07,24.389313231983927,True
2438,8741.7,3737.4,10,27.75698976122996,27.75698976122996,27.75698976122996,2.8780822441444074,9.644265662561537,6.360633258588076e-07,24.391314732917657,True
4581,8898.363636363636,4255.545454545454,11,27.753566766222573,27.753566766222573,27.753566766222573,1.8228115616908864,15.22569164553557,6.359848864600282e-07,24.39144863428148,True
1175,8665.285714285714,2497.0,7,27.74926958762171,27.74926958762171,27.74926958762171,2.360859739914215,11.753883180129126,6.35886414769251e-07,24.391616755505588,True
1857,7476.6,3141.8,15,27.56280893688887,27.56280893688887,27.56280893688887,1.8854239166797966,14.618892172231785,6.316135889813269e-07,24.398936959393936,True
2157,8015.7,3591.8,10,27.55461339556834,27.55461339556834,27.55461339556834,2.520856175159563,10.930656682079139,6.314257846367494e-07,24.3992598408212,True
826,8838.5,2389.1666666666665,12,27.52784801010681,27.52784801010681,27.52784801010681,2.317408651220593,11.878719791439343,6.308124443487355e-07,24.400314991574284,True
4900,9368.875,2576.125,16,27.434754060167624,27.434754060167624,27.434754060167624,2.082503343053536,13.17393038127879,6.286791565561825e-07,24.403992967679592,True
2432,8617.125,3736.125,8,27.348561131188553,27.348561131188553,27.348561131188553,3.0147559082909594,9.071567305325303,6.267040086189045e-07,24.407409440760077,True
3381,9021.166666666666,4000.5,12,27.316376929326772,27.316376929326772,27.316376929326772,2.0470088140215315,13.344533126685132,6.259664938288494e-07,24.408687904011288,True
1290,8978.833333333334,2549.3333333333335,12,27.28019881729675,27.28019881729675,27.28019881729675,2.382968798913115,11.447988253031006,6.251374568742279e-07,24.410126818128624,True
4515,8612.384615384615,4238.307692307692,13,27.27571772063531,27.27571772063531,27.27571772063531,2.1576060364232945,12.64165805072125,6.250347706222068e-07,24.410305177844748,True
2296,8781.0,3674.0,7,27.23269186697962,27.23269186697962,27.23269186697962,2.6860436796053926,10.138588614084036,6.240488147311116e-07,24.412019215627545,True
4580,8726.384615384615,4255.153846153846,13,27.228085980065245,27.228085980065245,27.228085980065245,2.1368359797036445,12.742244252102813,6.239432688569196e-07,24.41220286258918,True
3237,8343.75,3971.0833333333335,12,27.198540930791623,27.198540930791623,27.198540930791623,2.5022226200749045,10.869752640145755,6.23266231380403e-07,24.413381628742414,True
793,8275.6,2377.5,10,27.15578298174998,27.15578298174998,27.15578298174998,2.2155237951956304,12.257048667514821,6.222864146384478e-07,24.415089822665177,True
2209,8828.555555555555,3625.5555555555557,9,27.009131017956086,27.009131017956086,27.009131017956086,3.0699604709623536,8.797875827205495,6.189258219864032e-07,24.420969116987145,True
1641,8059.1,2785.6,10,26.84396771990916,26.84396771990916,26.84396771990916,2.861351770431732,9.381568529009922,6.151410341701007e-07,24.427628876177742,True
1309,8948.916666666666,2563.0,12,26.83411098007751,26.83411098007751,26.83411098007751,2.501903912287725,10.725476245624707,6.149151627491226e-07,24.42802761695519,True
2758,8631.3,3849.5,10,26.820956512328593,26.820956512328593,26.820956512328593,2.6160007832779124,10.252656147419529,6.146137224784645e-07,24.428559990982208,True
1542,7951.615384615385,2702.7692307692305,13,26.752281651146795,26.752281651146795,26.752281651146795,2.5743995569959437,10.391658737839407,6.130400085785804e-07,24.4313435757174,True
4325,8839.4375,4191.5,16,26.72594039287026,26.72594039287026,26.72594039287026,2.3294186429860635,11.473223361263429,6.124363873469265e-07,24.432413157278248,True
3331,8340.0,3988.8,10,26.67183475100657,26.67183475100657,26.67183475100657,2.2268325687880615,11.977476495021149,6.111965333567214e-07,24.43461341652871,True
3681,8953.923076923076,4064.0,13,26.576891884453673,26.576891884453673,26.576891884453673,2.1333539130256103,12.45779789381558,6.09020876846931e-07,24.43848517171802,True
4461,7982.090909090909,4223.545454545454,11,26.55236485048161,26.55236485048161,26.55236485048161,1.8661528129432354,14.228397945934601,6.08458829343368e-07,24.439487628454938,True
2908,8114.307692307692,3892.6153846153848,13,26.491662010796453,26.491662010796453,26.491662010796453,2.4222007145463986,10.93702179662576,6.070677977354252e-07,24.441972632081125,True
3220,8774.833333333334,3964.5,12,26.47302985672546,26.47302985672546,26.47302985672546,2.2937156485419767,11.541548261901298,6.06640833933217e-07,24.442736522301903,True
2142,8909.181818181818,3586.4545454545455,11,26.457230592211353,26.457230592211353,26.457230592211353,2.806240707677665,9.427997576910043,6.062787870102829e-07,24.443384689677444,True
4785,8565.866666666667,4325.866666666667,15,26.423345035369092,26.423345035369092,26.423345035369092,2.2964736059375794,11.506052134477398,6.055022849411079e-07,24.444776156410967,True
3809,8816.785714285714,4088.5,14,26.411948408336677,26.411948408336677,26.411948408336677,2.2376048111188314,11.803669833517368,6.052411263444385e-07,24.445244545246034,True
1173,8088.153846153846,2496.846153846154,13,26.411127552636053,26.411127552636053,26.411127552636053,2.5807763722189456,10.233791597343178,6.052223160839787e-07,24.44527828931477,True
3199,8290.09090909091,3959.0,11,26.404682183703052,26.404682183703052,26.404682183703052,2.3074744178765214,11.443109392303578,6.050746176903424e-07,24.445543284605886,True
4392,8298.357142857143,4205.214285714286,14,26.37880488798145,26.37880488798145,26.37880488798145,2.2454882400441503,11.747469622670032,6.044816283596368e-07,24.446607856905132,True
4114,7896.0,4146.933333333333,15,26.325236743743115,26.325236743743115,26.325236743743115,2.1297903175885273,12.360482873051128,6.032540913580592e-07,24.44881493218242,True
3104,8091.6,3938.8,10,26.29632548892161,26.29632548892161,26.29632548892161,2.0388253655891244,12.897782190051972,6.025915775532588e-07,24.45000797921148,True
4247,8302.076923076924,4175.307692307692,13,26.289967999108214,26.289967999108214,26.289967999108214,2.178250816190069,12.069302489734136,6.024458929473412e-07,24.45027050225456,True
4341,8502.57142857143,4194.428571428572,14,26.25179931089405,26.25179931089405,26.25179931089405,2.2639090771119346,11.59578340680688,6.015712410856657e-07,24.451847957147827,True
600,8938.384615384615,2177.076923076923,13,26.208493694908995,26.208493694908995,26.208493694908995,2.0940590075139482,12.515642396354213,6.00578874320798e-07,24.45364049329776,True
2793,8261.5,3860.8,10,26.069773002501933,26.069773002501933,26.069773002501933,2.3879647230500853,10.917151644184964,5.974000301544498e-07,24.45940252180818,True
2864,8183.090909090909,3881.363636363636,11,26.025898004015552,26.025898004015552,26.025898004015552,2.3079020196464026,11.276864347994731,5.963946157453457e-07,24.461231337319447,True
3290,7955.071428571428,3982.0714285714284,14,25.98884936735157,25.98884936735157,25.98884936735157,2.249134962647965,11.555042182419422,5.95545630345353e-07,24.462778016097996,True
4088,8905.933333333334,4141.066666666667,15,25.963643497283158,25.963643497283158,25.963643497283158,2.270641285035011,11.434498116633524,5.94968027021477e-07,24.463831552755973,True
2658,8664.0,3821.1,10,25.93627957904002,25.93627957904002,25.93627957904002,2.6306482882165887,9.85927297663313,5.943409710980508e-07,24.46497644846034,True
4880,8374.857142857143,2142.3571428571427,14,25.896546091289565,25.896546091289565,25.896546091289565,2.243022600008829,11.545379030593642,5.9343046118383e-07,24.466641034331715,True
2987,7952.416666666667,3912.083333333333,12,25.893304114385373,25.893304114385373,25.893304114385373,2.1185181757969964,12.222365807479651,5.933561698925273e-07,24.466776965665385,True
3408,7997.142857142857,4006.5,14,25.793280805797615,25.793280805797615,25.793280805797615,2.2571907182930397,11.427160583622868,5.910640928744137e-07,24.470979180347882,True
4173,8559.076923076924,4159.615384615385,13,25.776913151390936,25.776913151390936,25.776913151390936,2.221995473642267,11.600794626794512,5.906890210532985e-07,24.471668375179597,True
750,8615.333333333334,2361.1111111111113,9,25.73128563526565,25.73128563526565,25.73128563526565,2.289587819910375,11.238392085905177,5.89643446950812e-07,24.47359193144113,True
2334,8388.714285714286,3692.5714285714284,7,25.719310862646118,25.719310862646118,25.719310862646118,3.35058871241545,7.676057275351169,5.893690399000366e-07,24.474097326725015,True
1369,8056.833333333333,2597.75,12,25.702696566625363,25.702696566625363,25.702696566625363,2.6811415960111,9.586474882514544,5.889883161805458e-07,24.474798922957284,True
4332,8316.09090909091,4192.363636363636,11,25.702639127215015,25.702639127215015,25.702639127215015,1.9984914192890746,12.861020507337601,5.889869999318208e-07,24.474801349322036,True
4616,8032.615384615385,4266.923076923077,13,25.676859840996638,25.676859840996638,25.676859840996638,2.056762247829419,12.484116658643662,5.883962565309197e-07,24.475890869745204,True
4256,8946.642857142857,4175.0,14,25.667769636364017,25.667769636364017,25.667769636364017,2.087695389852293,12.294786759183312,5.881879505928082e-07,24.47627531362889,True
4679,8539.666666666666,4284.916666666666,12,25.65463948731017,25.65463948731017,25.65463948731017,2.0664009751828725,12.415131329987775,5.878870675954785e-07,24.47683085569155,True
1665,8124.0,2807.5,8,25.619024120995682,25.619024120995682,25.619024120995682,3.1509490437059915,8.130573920949177,5.870709262003005e-07,24.4783391894501,True
3669,8895.857142857143,4061.8571428571427,14,25.618415559978523,25.618415559978523,25.618415559978523,2.2346113919118755,11.464371681225554,5.870569807635693e-07,24.47836498061895,True
1167,8158.090909090909,2494.4545454545455,11,25.604587579210865,25.604587579210865,25.604587579210865,2.5437274691528535,10.065774690768288,5.867401066532047e-07,24.478951183645044,True
4481,8083.0,4228.75,12,25.560582404180288,25.560582404180288,25.560582404180288,2.018126795727676,12.665498747794937,5.857317091927552e-07,24.480818783167276,True
2871,8630.272727272728,3884.727272727273,11,25.530061746080982,25.530061746080982,25.530061746080982,2.641870728569312,9.663630195829688,5.850323152215415e-07,24.4821159829965,True
3239,8623.8,3970.5,10,25.523377223845927,25.523377223845927,25.523377223845927,2.281673370767269,11.186253716614601,5.848791365274114e-07,24.48240029794139,True
591,8715.333333333334,2177.3333333333335,15,25.46725172405928,25.46725172405928,25.46725172405928,2.322553648211922,10.965194170505342,5.835929966265479e-07,24.484790443464025,True
4486,8829.545454545454,4228.818181818182,11,25.460768247088055,25.460768247088055,25.460768247088055,1.9204051402458115,13.258019213502564,5.834444249708704e-07,24.485066886401423,True
4685,8840.833333333334,4285.416666666666,12,25.432848219915147,25.432848219915147,25.432848219915147,1.9645399169388393,12.945956455567877,5.828046255727932e-07,24.486258147289718,True
898,8603.0,2406.285714285714,7,25.288822276220344,25.288822276220344,25.288822276220344,2.1646729589177762,11.682514059243129,5.795042092976672e-07,24.492424135130648,True
3470,8443.636363636364,4018.6363636363635,11,25.28092768236028,25.28092768236028,25.28092768236028,2.3141880238024513,10.924318777184357,5.793233012932282e-07,24.492763130140602,True
967,8542.777777777777,2426.222222222222,9,25.258807722362825,25.258807722362825,25.258807722362825,2.6190403539017013,9.644298792393043,5.788164129222315e-07,24.49371352858485,True
3754,8180.545454545454,4076.6363636363635,11,25.232960248430835,25.232960248430835,25.232960248430835,2.0250925839631426,12.460151426286634,5.78224106970626e-07,24.494825137143184,True
4619,8664.846153846154,4267.538461538461,13,25.07799576247491,25.07799576247491,25.07799576247491,2.138995563321465,11.724192510027189,5.746730293078455e-07,24.501513584283707,True
4106,8921.23076923077,4145.0,13,25.072127327568904,25.072127327568904,25.072127327568904,2.0900432667119517,11.995984832894049,5.745385516048955e-07,24.50176768424914,True
150,8764.642857142857,2000.5714285714287,14,25.010614599437748,25.010614599437748,25.010614599437748,2.0298682881772905,12.32129924148719,5.731289610558366e-07,24.504434735892037,True
404,8086.928571428572,2099.9285714285716,14,24.979399408550297,24.979399408550297,24.979399408550297,2.0430869177296165,12.22630285172042,5.724136515678849e-07,24.505790665389654,True
4157,8739.166666666666,4156.083333333334,12,24.902812247319936,24.902812247319936,24.902812247319936,2.0654763287184155,12.056692154284628,5.706586239186579e-07,24.50912466026868,True
2544,8896.9,3783.2,10,24.84572438799998,24.84572438799998,24.84572438799998,2.2925561654395663,10.837564096597019,5.693504311363148e-07,24.511616487651537,True
4985,8581.846153846154,4222.615384615385,13,24.749095425255675,24.749095425255675,24.749095425255675,2.168902340423676,11.410885111784774,5.671361370091009e-07,24.51584732048571,True
819,9185.846153846154,2384.6153846153848,13,24.725131020195857,24.725131020195857,24.725131020195857,2.0361357085813356,12.143164581806255,5.665869823883838e-07,24.516899141852235,True
2737,8934.636363636364,3844.636363636364,11,24.71586134477483,24.71586134477483,24.71586134477483,2.220680209051197,11.12986068144178,5.663745638001778e-07,24.51730627050591,True
4609,8214.923076923076,4264.076923076923,13,24.715601906426325,24.715601906426325,24.715601906426325,2.1346570568358363,11.578254140298215,5.66368618659144e-07,24.517317667360842,True
2999,8068.916666666667,3913.75,12,24.659767870946652,24.659767870946652,24.659767870946652,2.2434083751672933,10.992099407272537,5.650891577878889e-07,24.51977318556316,True
3095,8876.25,3937.333333333333,12,24.636935477300412,24.636935477300412,24.636935477300412,2.238986565678007,11.003610229273479,5.645659436942544e-07,24.520778930633803,True
1283,8872.3,2542.9,10,24.617135330077616,24.617135330077616,24.617135330077616,2.4810899566215747,9.921903582890653,5.64112214827999e-07,24.521651863063745,True
180,8856.857142857143,2011.0,14,24.611817087383304,24.611817087383304,24.611817087383304,1.9365736254954444,12.708949850066622,5.639903450155673e-07,24.521886448947782,True
1267,8258.1,2536.9,10,24.577154441710917,24.577154441710917,24.577154441710917,2.7621482347756157,8.897840504098598,5.631960356225423e-07,24.523416649495537,True
2743,8701.111111111111,3845.333333333333,9,24.54605919483597,24.54605919483597,24.54605919483597,2.3609936294633003,10.396495309653066,5.624834747030832e-07,24.52479120288234,True
706,9213.8,2348.9,10,24.535693450805148,24.535693450805148,24.535693450805148,1.708288638547709,14.362732911262594,5.622459392325599e-07,24.52524980361048,True
3875,8546.666666666666,4102.916666666666,12,24.53568673615051,24.53568673615051,24.53568673615051,2.2242389960152704,11.03104782359551,5.622457853633688e-07,24.52525010074268,True
2551,8596.25,3784.0,8,24.432467304894615,24.432467304894615,24.432467304894615,2.7756847395152753,8.802320723628476,5.598804678234394e-07,24.529827330239108,True
2407,8791.1,3726.2,10,24.41108254992625,24.41108254992625,24.41108254992625,2.7669650608452705,8.822331331668131,5.59390426991027e-07,24.530778047549852,True
1126,8875.9,2477.2,10,24.30302648150584,24.30302648150584,24.30302648150584,2.3117886100418037,10.512650843567558,5.569142758359506e-07,24.535594745643156,True
3905,8208.272727272728,4110.727272727272,11,24.256523156603443,24.256523156603443,24.256523156603443,2.009583567835401,12.07042272082821,5.558486321996862e-07,24.537674269003627,True
1638,8046.3,2784.1,10,24.189805312987772,24.189805312987772,24.189805312987772,2.771847977376203,8.726959598947971,5.543197641967305e-07,24.540664713332397,True
4863,8275.0,1973.2857142857142,14,24.175693239421882,24.175693239421882,24.175693239421882,1.9798826807981353,12.210669588602146,5.53996379978042e-07,24.541298305049143,True
2879,8695.0,3885.5,10,24.172101302978007,24.172101302978007,24.172101302978007,2.3996058749733593,10.073363111451112,5.539140692137833e-07,24.54145963176472,True
3566,8845.166666666666,4039.3333333333335,12,24.006675486608273,24.006675486608273,24.006675486608273,2.093780667266452,11.465706920462845,5.501232656775148e-07,24.548915591248942,True
869,8145.0,2401.0,12,24.006122355504758,24.006122355504758,24.006122355504758,2.305756303976716,10.411387497499899,5.501105904410296e-07,24.54894060768173,True
4972,8630.363636363636,4145.636363636364,11,23.996437097033123,23.996437097033123,23.996437097033123,2.0594915864521806,11.651631526386087,5.498886485889678e-07,24.54937873581647,True
4087,8884.923076923076,4142.692307692308,13,23.992149815209284,23.992149815209284,23.992149815209284,2.1243663131388386,11.293791314060096,5.49790403687081e-07,24.549572734323533,True
3250,8775.818181818182,3973.5454545454545,11,23.98297455354558,23.98297455354558,23.98297455354558,2.1766399987712832,11.018346886524188,5.495801486306198e-07,24.549988029292706,True
1054,9137.846153846154,2446.7692307692305,13,23.967366680748835,23.967366680748835,23.967366680748835,2.1415937492777384,11.191369366310456,5.492224875309805e-07,24.55069484525009,True
3991,8559.23076923077,4125.153846153846,13,23.930613979943182,23.930613979943182,23.930613979943182,2.2783221212434497,10.503613056648227,5.483802836281139e-07,24.552361042662515,True
2217,8738.142857142857,3628.0,7,23.915159327611946,23.915159327611946,23.915159327611946,3.17261662191448,7.537992193075194,5.480261336411607e-07,24.55306244949499,True
4651,8221.461538461539,4275.846153846154,13,23.897552475579158,23.897552475579158,23.897552475579158,2.133648247689298,11.20032437467599,5.476226650749288e-07,24.55386208611241,True
1512,8678.5,2674.5,6,23.854256989977713,23.854256989977713,23.854256989977713,3.0803437466519603,7.7440243530953365,5.466305304521465e-07,24.555830911571682,True
3125,8804.454545454546,3941.5454545454545,11,23.837345624407398,23.837345624407398,23.837345624407398,2.2101731243451197,10.785284357066132,5.46242999256509e-07,24.556600912227342,True
326,8870.92857142857,2071.9285714285716,14,23.76092454359058,23.76092454359058,23.76092454359058,2.0327186691608117,11.689234178874369,5.444917774111933e-07,24.560087308067025,True
3852,7903.727272727273,4098.545454545454,11,23.748739266832928,23.748739266832928,23.748739266832928,1.8676162877671363,12.716069902788318,5.442125465678038e-07,24.560644247239804,True
2054,8860.714285714286,3506.4285714285716,7,23.742831332311653,23.742831332311653,23.742831332311653,2.9914436417896018,7.936914137586005,5.440771637142277e-07,24.56091437763799,True
4843,8468.5,4360.7,10,23.71583299243112,23.71583299243112,23.71583299243112,1.8753847109988944,12.645849597333687,5.434584851757838e-07,24.562149687508416,True
4764,8671.3,4316.7,10,23.678490444060763,23.678490444060763,23.678490444060763,1.865774181209823,12.690973367798954,5.426027646629756e-07,24.563860616674354,True
254,8601.785714285714,2039.5,14,23.668584551067386,23.668584551067386,23.668584551067386,2.2072255346983334,10.723228858577983,5.423757668762138e-07,24.5643149292933,True
4911,8925.625,3451.875,8,23.659756504723717,23.659756504723717,23.659756504723717,2.952129005253002,8.014472424011172,5.421734684077382e-07,24.56471996904031,True
2216,8699.5,3627.0,6,23.658099534533378,23.658099534533378,23.658099534533378,3.019461541529038,7.835204790372344,5.421354982251218e-07,24.564796009363228,True
945,8839.5,2419.75,12,23.65362525467468,23.65362525467468,23.65362525467468,2.4032465716487907,9.842363049100985,5.420329681830593e-07,24.565001365970662,True
4143,9056.133333333333,4151.266666666666,15,23.628448432738477,23.628448432738477,23.628448432738477,2.0113249177790893,11.747703329220958,5.414560305095922e-07,24.566157634617475,True
2635,8174.444444444444,3815.222222222222,9,23.6247440016597,23.6247440016597,23.6247440016597,2.2753035429103687,10.383117485696436,5.413711418825238e-07,24.566327867981244,True
2027,8900.714285714286,3476.0,7,23.620706660375618,23.620706660375618,23.620706660375618,2.7877364563424365,8.47307736232945,5.412786244753095e-07,24.56651343029687,True
3207,8119.111111111111,3960.6666666666665,9,23.5365191138118,23.5365191138118,23.5365191138118,1.9289687823494743,12.201607060299045,5.393494307362222e-07,24.570390060565103,True
3336,8487.727272727272,3991.4545454545455,11,23.52311470552312,23.52311470552312,23.52311470552312,2.394471260725086,9.82392860225849,5.390422629708914e-07,24.571008580115507,True
740,8869.636363636364,2358.818181818182,11,23.510495686968433,23.510495686968433,23.510495686968433,2.1105717350043522,11.139396636959109,5.387530927481831e-07,24.57159118160103,True
3450,8448.90909090909,4015.818181818182,11,23.476537728746997,23.476537728746997,23.476537728746997,2.322857922372327,10.106747168062043,5.379749315703499e-07,24.573160524818487,True
84,8597.6,1965.2,15,23.456074661070996,23.456074661070996,23.456074661070996,2.129598965093965,11.014315392492707,5.375060115975707e-07,24.57410730760823,True
978,8049.636363636364,2429.3636363636365,11,23.453161740740406,23.453161740740406,23.453161740740406,2.114650716710009,11.090796960185004,5.374392607787904e-07,24.574242149413855,True
2815,8840.727272727272,3867.0,11,23.44990685029851,23.44990685029851,23.44990685029851,2.31645060263318,10.1232060910957,5.373646735682324e-07,24.574392841149265,True
672,7900.333333333333,2335.1666666666665,12,23.447093730016466,23.447093730016466,23.447093730016466,2.005366483287193,11.692173936996312,5.373002097103706e-07,24.574523097093333,True
4379,8210.09090909091,4202.545454545454,11,23.405314469774822,23.405314469774822,23.405314469774822,1.9744528038207236,11.854076443095359,5.363428200420451e-07,24.576459444411153,True
1407,8317.714285714286,2614.285714285714,7,23.403428179845832,23.403428179845832,23.403428179845832,2.9944326344421177,7.815646914429933,5.36299594899258e-07,24.57654694999895,True
273,8866.75,2046.75,12,23.3838951635797,23.3838951635797,23.3838951635797,1.8403364675225906,12.706315163693107,5.358519874534519e-07,24.57745350770154,True
3140,8499.9,3945.8,10,23.38295297228953,23.38295297228953,23.38295297228953,2.43387633281131,9.60728885731037,5.358303967359146e-07,24.577497255409007,True
2202,9023.083333333334,3620.25,12,23.362398867650754,23.362398867650754,23.362398867650754,2.4194643744164703,9.656021024606046,5.353593906120859e-07,24.578452059945608,True
4812,8220.777777777777,4338.444444444444,9,23.356267515453638,23.356267515453638,23.356267515453638,1.7699269269810938,13.196176158126288,5.3521888804664e-07,24.57873704372696,True
1052,8312.0,2445.285714285714,7,23.33399687491419,23.33399687491419,23.33399687491419,2.149482386814514,10.855635299945241,5.347085467663937e-07,24.579772807515678,True
4861,8263.0,2002.5,12,23.33225846771788,23.33225846771788,23.33225846771788,1.8586502670417964,12.553334471499687,5.346687104198557e-07,24.57985369901291,True
2093,8790.166666666666,3550.166666666667,6,23.30977666618621,23.30977666618621,23.30977666618621,3.347954334831033,6.962393848589522,5.341535302949019e-07,24.58090036465224,True
2782,7835.818181818182,3857.5454545454545,11,23.28955605073796,23.28955605073796,23.28955605073796,1.9901106508192614,11.7026437907613,5.336901662189137e-07,24.581842620876635,True
4914,8778.2,3919.1,10,23.285720153686015,23.285720153686015,23.285720153686015,2.1771065064225086,10.695719334351656,5.33602264992682e-07,24.582021461354067,True
4978,8504.090909090908,4152.727272727272,11,23.26321079774724,23.26321079774724,23.26321079774724,2.041509177961478,11.395104684749159,5.330864534466709e-07,24.58307150585966,True
2862,8133.727272727273,3879.636363636364,11,23.25682642503606,23.25682642503606,23.25682642503606,2.271890798219284,10.236771258224577,5.3294015280762e-07,24.583369516998708,True
2309,8990.111111111111,3682.666666666667,9,23.25590092304642,23.25590092304642,23.25590092304642,2.10498792209836,11.047997320508967,5.329189445325627e-07,24.58341272457114,True
4894,8886.75,2417.3333333333335,12,23.248867278142697,23.248867278142697,23.248867278142697,2.325428803836013,9.997668920154213,5.32757765542735e-07,24.583741150376795,True
4506,8447.0,4235.5,10,23.23617772662302,23.23617772662302,23.23617772662302,1.8998769158349618,12.230359521164631,5.324669790268811e-07,24.584333921916453,True
4912,8746.0,3917.727272727273,11,23.236020112475025,23.236020112475025,23.236020112475025,2.3324297520732333,9.96215216849346,5.324633672310762e-07,24.584341286637503,True
414,8081.5,2103.5714285714284,14,23.232778276653324,23.232778276653324,23.232778276653324,2.0433383748698217,11.370010254974755,5.323890791727392e-07,24.584492776611388,True
2869,8725.0,3883.818181818182,11,23.14236929460393,23.14236929460393,23.14236929460393,2.460845153875564,9.404236287747407,5.303173185710126e-07,24.588726097023013,True
4265,8477.0,4177.25,12,23.12917304520202,23.12917304520202,23.12917304520202,2.10277048696717,10.99938066876774,5.300149208558552e-07,24.589345382458795,True
3418,8626.125,4008.125,8,23.10454877538411,23.10454877538411,23.10454877538411,1.9525781502607422,11.832842015721004,5.294506451511784e-07,24.590501917677344,True
4873,8273.733333333334,2003.8,15,23.096777862364945,23.096777862364945,23.096777862364945,2.0923045692294235,11.03891766143362,5.292725713462576e-07,24.590867152284336,True
4356,8857.916666666666,4196.833333333334,12,23.03582168106627,23.03582168106627,23.03582168106627,2.0020582998917518,11.506069369863896,5.278757343065783e-07,24.59373637587506,True
173,8895.714285714286,2009.0714285714287,14,22.995123113842048,22.995123113842048,22.995123113842048,1.89744057105817,12.119021520140713,5.269431091822759e-07,24.595656298206805,True
4052,8769.384615384615,4134.692307692308,13,22.878371700890437,22.878371700890437,22.878371700890437,2.144549334506245,10.668148935896543,5.242677004776749e-07,24.60118286688031,True
3972,8849.181818181818,4122.909090909091,11,22.86499455018864,22.86499455018864,22.86499455018864,1.964341148056759,11.64003237055235,5.239611573316387e-07,24.601817890423078,True
3129,8869.8,3942.3,10,22.836753650542704,22.836753650542704,22.836753650542704,2.0419818300141555,11.18362235886516,5.233140050032141e-07,24.6031597284188,True
221,8936.615384615385,2026.1538461538462,13,22.812650189049617,22.812650189049617,22.812650189049617,1.8266520281059841,12.488777193488549,5.227616638446848e-07,24.60430629336966,True
1326,9219.5,2575.0,10,22.80206565463206,22.80206565463206,22.80206565463206,1.8830952007676216,12.108822562628308,5.225191146986063e-07,24.604810166394905,True
2396,7988.1,3723.3,10,22.76112155520579,22.76112155520579,22.76112155520579,2.188064566828671,10.402399408256596,5.215808630985807e-07,24.606761500610382,True
2297,8785.0,3674.0,7,22.740357501134895,22.740357501134895,22.740357501134895,2.667103381644488,8.526237737029001,5.211050458934639e-07,24.607752426061364,True
3147,8718.727272727272,3948.636363636364,11,22.721371674975025,22.721371674975025,22.721371674975025,2.3043724160362573,9.860112678339544,5.206699775436426e-07,24.608659281141936,True
3248,8015.636363636364,3973.5454545454545,11,22.708657288988697,22.708657288988697,22.708657288988697,2.0295823267143325,11.188832790908009,5.203786219353334e-07,24.609267005585956,True
4231,8862.0,4171.181818181818,11,22.70688059373722,22.70688059373722,22.70688059373722,1.938295526782043,11.714870245527095,5.203379082015888e-07,24.609351955470963,True
721,8240.3,2354.9,10,22.705784602996317,22.705784602996317,22.705784602996317,2.0972182231246874,10.82661992568733,5.203127931036704e-07,24.609404361856832,True
4962,8178.916666666667,4124.0,12,22.687122588201284,22.687122588201284,22.687122588201284,2.082994171227989,10.891591969662848,5.19885145030163e-07,24.6102971016046,True
349,8473.923076923076,2077.769230769231,13,22.683442101128474,22.683442101128474,22.683442101128474,2.1497129367451375,10.551847045900596,5.198008050902614e-07,24.61047325273264,True
53,8552.75,1947.4166666666667,12,22.664450888677354,22.664450888677354,22.664450888677354,1.8644455883027262,12.156134258286208,5.193656133112659e-07,24.611382642200436,True
1115,8093.181818181818,2474.5454545454545,11,22.61299326463567,22.61299326463567,22.61299326463567,2.3177193608558535,9.756570897472882,5.181864397852352e-07,24.61385051248471,True
583,9136.285714285714,2175.1428571428573,14,22.573063101024665,22.573063101024665,22.573063101024665,1.8763768091088973,12.030133282101664,5.172714229593121e-07,24.615769406898885,True
2478,8398.285714285714,3752.714285714286,7,22.571729762182265,22.571729762182265,22.571729762182265,2.992408971876591,7.5429962863756375,5.172408689278451e-07,24.615833540729746,True
1423,8838.777777777777,2623.4444444444443,9,22.552214208874055,22.552214208874055,22.552214208874055,2.736103362448841,8.242456962111836,5.1679366165321e-07,24.61677267601975,True
1798,9480.285714285714,3062.5,14,22.550876821727787,22.550876821727787,22.550876821727787,1.8694818195655483,12.062634996348036,5.167630148531234e-07,24.61683706405222,True
1386,8014.875,2605.125,8,22.5363162390682,22.5363162390682,22.5363162390682,2.0869549804736267,10.798659506279176,5.164293528561789e-07,24.61753832537422,True
3655,8025.181818181818,4059.3636363636365,11,22.53418972535954,22.53418972535954,22.53418972535954,1.987248445886664,11.3393922999423,5.163806228824444e-07,24.61764077964562,True
3083,8695.0,3934.25,8,22.512312733361412,22.512312733361412,22.512312733361412,2.0358658865349164,11.05785645422735,5.158793022273657e-07,24.61869536292443,True
4862,8270.307692307691,1972.6923076923076,13,22.510105595238585,22.510105595238585,22.510105595238585,1.9021020089357452,11.834331434113425,5.158287247105991e-07,24.618801815214635,True
2323,8956.545454545454,3688.5454545454545,11,22.498449349840747,22.498449349840747,22.498449349840747,2.415932730973213,9.312531372004582,5.15561616847731e-07,24.619364179766812,True
2685,8163.7,3830.0,10,22.485002799865214,22.485002799865214,22.485002799865214,2.335979148809615,9.625515198336974,5.152534833875706e-07,24.62001328097513,True
4719,8405.09090909091,4299.454545454546,11,22.47138121171818,22.47138121171818,22.47138121171818,1.973063402918858,11.389082164554402,5.149413388526333e-07,24.620671227658132,True
3759,8869.272727272728,4079.0,11,22.439727330645184,22.439727330645184,22.439727330645184,1.979129644098321,11.338179586951002,5.142159765909174e-07,24.622201707377222,True
4118,8711.333333333334,4146.111111111111,9,22.37139565113479,22.37139565113479,22.37139565113479,1.8051593775658776,12.39303073687651,5.126501268462305e-07,24.62551294936107,True
2868,8481.333333333334,3883.777777777778,9,22.350419584545442,22.350419584545442,22.350419584545442,2.570285580571779,8.695695043962168,5.121694512833173e-07,24.626531444539744,True
1635,8956.444444444445,2783.8888888888887,9,22.349957052501985,22.349957052501985,22.349957052501985,2.625216979132564,8.513565632920354,5.121588521631529e-07,24.62655391360257,True
4931,8934.181818181818,4023.0,11,22.30079462571965,22.30079462571965,22.30079462571965,1.986267141613976,11.227490078499082,5.110322740667724e-07,24.628944800485094,True
3928,8481.727272727272,4114.272727272728,11,22.292697930773365,22.292697930773365,22.292697930773365,2.1021215191612357,10.604856916011373,5.108467348292578e-07,24.629339067649862,True
2109,8891.125,3560.875,8,22.264580570885826,22.264580570885826,22.264580570885826,2.6464032554333046,8.413147363378817,5.102024134673852e-07,24.63070935060658,True
1680,7980.555555555556,2832.6666666666665,9,22.248314443859407,22.248314443859407,22.248314443859407,2.5682617040149647,8.66279102673945,5.098296681897357e-07,24.631502861062554,True
2836,8051.0,3872.0,11,22.238703752001392,22.238703752001392,22.238703752001392,2.1790492001011628,10.205691432285676,5.096094350636079e-07,24.63197197212859,True
3333,8798.181818181818,3988.6363636363635,11,22.221529984911548,22.221529984911548,22.221529984911548,2.1218349993796246,10.472788879158186,5.092158908246016e-07,24.63281075231761,True
4300,8131.25,4186.583333333334,12,22.189202551885362,22.189202551885362,22.189202551885362,2.047698257541991,10.836168107365957,5.084750938309796e-07,24.634391409453297,True
4472,8478.846153846154,4225.923076923077,13,22.170616135247126,22.170616135247126,22.170616135247126,2.170143715604036,10.216197192763419,5.080491781216606e-07,24.635301239440842,True
4117,8534.111111111111,4146.333333333334,9,22.159298483166047,22.159298483166047,22.159298483166047,1.8602571876629792,11.911954234137125,5.077898292698748e-07,24.63585562737459,True
4022,8393.0,4130.916666666666,12,22.153982882543332,22.153982882543332,22.153982882543332,2.1705025827874254,10.206844745649883,5.076680200016471e-07,24.636116106395598,True
3506,8880.76923076923,4029.230769230769,13,22.149645790703673,22.149645790703673,22.149645790703673,2.174961163683482,10.183927033065437,5.075686336818834e-07,24.636328682105066,True
3847,8794.090909090908,4095.6363636363635,11,22.127323651751148,22.127323651751148,22.127323651751148,1.9844718672530341,11.150232974771498,5.070571122934129e-07,24.637423425344586,True
1049,9094.666666666666,2444.75,12,22.112115626378774,22.112115626378774,22.112115626378774,2.073412198556854,10.664601877894492,5.067086138690048e-07,24.638169904263375,True
615,9050.166666666666,2182.3333333333335,12,22.067744975133653,22.067744975133653,22.067744975133653,1.8626468694495737,11.847519428980567,5.056918413643396e-07,24.640350754905583,True
3957,8120.0,4119.0,9,22.06485802296097,22.06485802296097,22.06485802296097,1.791739864177895,12.314766481508743,5.05625685617036e-07,24.640492802656535,True
1311,8874.7,2564.0,10,22.059780403014628,22.059780403014628,22.059780403014628,2.51743181225541,8.762811487335142,5.055093297780816e-07,24.640742683722117,True
2033,8831.333333333334,3484.833333333333,6,22.051314713976737,22.051314713976737,22.051314713976737,3.106628838379136,7.098149106695948,5.053153348826896e-07,24.641159427182014,True
79,8432.846153846154,1959.2307692307693,13,22.005112633355036,22.005112633355036,22.005112633355036,1.9746291922860535,11.14392146096019,5.042565943883266e-07,24.643436656320915,True
3839,8699.181818181818,4095.090909090909,11,22.003474259813892,22.003474259813892,22.003474259813892,2.0509029447415417,10.728676515985406,5.042190503559029e-07,24.643517496974837,True
2677,7979.444444444444,3827.8888888888887,9,22.002106729778596,22.002106729778596,22.002106729778596,1.9250785257406824,11.42919960696834,5.041877128185854e-07,24.643584978273235,True
4721,8333.125,4300.125,8,21.996156536767167,21.996156536767167,21.996156536767167,1.6772849022591294,13.11414447667216,5.04051361593582e-07,24.643878641683447,True
3286,8607.666666666666,3979.1111111111113,9,21.985911432537385,21.985911432537385,21.985911432537385,2.1540661945955186,10.206701858884056,5.038165906358441e-07,24.644384460590953,True
2557,8478.0,3785.857142857143,7,21.97122584067347,21.97122584067347,21.97122584067347,2.8977921079968247,7.582057311855149,5.034800639993637e-07,24.645109925457742,True
1468,8227.5,2652.0,6,21.961840035937193,21.961840035937193,21.961840035937193,2.699517813541836,8.135467721593843,5.032649842580888e-07,24.645573836089273,True
2345,8354.166666666666,3700.833333333333,6,21.958213212511897,21.958213212511897,21.958213212511897,2.890642313576187,7.59630934252328,5.031818740436872e-07,24.645753151605483,True
2295,9237.0,3671.833333333333,12,21.952285056157823,21.952285056157823,21.952285056157823,2.0488846586107314,10.714261031678967,5.03046027798139e-07,24.646046312205975,True
4144,8252.0,4152.8,10,21.931513591643775,21.931513591643775,21.931513591643775,1.9091442703243142,11.48761459914089,5.025700407795388e-07,24.647074132651237,True
3695,8379.181818181818,4067.0,11,21.873828912218677,21.873828912218677,21.873828912218677,2.192551579633743,9.976426149058993,5.012481716084994e-07,24.649933618619553,True
2893,7934.583333333333,3889.333333333333,12,21.87039590363098,21.87039590363098,21.87039590363098,2.123965900411194,10.29696187655222,5.011695027442321e-07,24.650104033879543,True
3487,8965.454545454546,4022.6363636363635,11,21.804532075365646,21.804532075365646,21.804532075365646,1.9746803943097035,11.042056293361812,4.996602048693323e-07,24.653378718026758,True
4151,8615.083333333334,4154.583333333334,12,21.772021536870717,21.772021536870717,21.772021536870717,2.1440957372971643,10.154407360706948,4.989152119353569e-07,24.65499875780976,True
874,8702.111111111111,2401.6666666666665,9,21.76099068287308,21.76099068287308,21.76099068287308,2.2670812779619665,9.598681306404467,4.986624351846661e-07,24.655548988414093,True
3156,8433.111111111111,3949.4444444444443,9,21.753969732555696,21.753969732555696,21.753969732555696,2.321881017661341,9.369114768192066,4.985015470967293e-07,24.65589934608165,True
1062,9040.636363636364,2449.4545454545455,11,21.749949956377613,21.749949956377613,21.749949956377613,2.0102020143615063,10.81978318646048,4.984094322014531e-07,24.656099990831603,True
3795,8789.090909090908,4086.6363636363635,11,21.735366368731125,21.735366368731125,21.735366368731125,1.990897529022319,10.917370709382935,4.980752430353665e-07,24.656828233421738,True
2832,8777.1,3870.4,10,21.73109511935374,21.73109511935374,21.73109511935374,2.290427088223771,9.487791700981946,4.979773655238668e-07,24.65704161403496,True
3385,7952.818181818182,4003.3636363636365,11,21.70485403581486,21.70485403581486,21.70485403581486,1.983812335001705,10.94098148945939,4.973760398392931e-07,24.658353471999185,True
4112,8603.636363636364,4145.545454545454,11,21.700499558886154,21.700499558886154,21.700499558886154,2.0687773496507846,10.489528784984648,4.97276255132757e-07,24.658571316706283,True
1071,9268.727272727272,2454.0,11,21.690311933001137,21.690311933001137,21.690311933001137,1.764941283393097,12.28953741242969,4.97042801315943e-07,24.659081151580846,True
2912,8571.625,3893.125,8,21.66738017720907,21.66738017720907,21.66738017720907,2.299629050725478,9.422119698119802,4.965173102961185e-07,24.660229637056524,True
4083,8121.3,4141.4,10,21.65819625460764,21.65819625460764,21.65819625460764,1.879636724246529,11.522543678374628,4.963068567705545e-07,24.66068993410232,True
3186,7865.25,3957.25,12,21.64492154602599,21.64492154602599,21.64492154602599,2.0510601837357934,10.553040675092241,4.960026611296408e-07,24.661355605901406,True
4944,8993.333333333334,4051.25,12,21.64083171372008,21.64083171372008,21.64083171372008,2.0400576778119155,10.607950916824652,4.959089408681471e-07,24.661560776364418,True
4207,8254.272727272728,4164.545454545454,11,21.631241345842938,21.631241345842938,21.631241345842938,1.997818900869888,10.82742852038505,4.956891734747583e-07,24.662042038714723,True
4228,8919.4,4168.9,10,21.622465415832004,21.622465415832004,21.622465415832004,1.8070590156376627,11.965555761443692,4.95488069274401e-07,24.662482618067916,True
3952,8985.916666666666,4117.583333333334,12,21.617757086797475,21.617757086797475,21.617757086797475,1.9462896647118535,11.107163275204448,4.953801758950864e-07,24.662719064738212,True
4123,8789.454545454546,4147.363636363636,11,21.486284280260662,21.486284280260662,21.486284280260662,1.9628928092601516,10.946234139172997,4.923674201422056e-07,24.669342352213732,True
2519,8727.0,3772.5,8,21.484854542443443,21.484854542443443,21.484854542443443,2.397341865679585,8.961948585648647,4.923346570868834e-07,24.6694146015492,True
917,8806.4,2412.3,10,21.473989292022196,21.473989292022196,21.473989292022196,2.218571438785458,9.679196674314886,4.92085675213176e-07,24.669963815399232,True
3376,8933.727272727272,3999.3636363636365,11,21.46066000505315,21.46066000505315,21.46066000505315,1.9976954791902035,10.742708400057328,4.917802288851055e-07,24.67063796041487,True
4831,8345.285714285714,4350.0,7,21.410838706121467,21.410838706121467,21.410838706121467,1.5651701123413777,13.679560155983589,4.906385524508204e-07,24.67316144636684,True
2799,8854.636363636364,3863.272727272727,11,21.397863412340747,21.397863412340747,21.397863412340747,2.305835800978104,9.279873008851743,4.903412180284945e-07,24.673819618465473,True
2148,7812.166666666667,3589.166666666667,6,21.388178231737974,21.388178231737974,21.388178231737974,1.596555628881069,13.396450361537154,4.90119277960831e-07,24.674311159678712,True
3915,8572.0,4112.6,10,21.37429360949656,21.37429360949656,21.37429360949656,2.0196033882456357,10.583411443007986,4.898011058868008e-07,24.67501621890179,True
73,8413.285714285714,1957.9285714285713,14,21.348642076702156,21.348642076702156,21.348642076702156,2.0468944539470164,10.429771811407118,4.892132900104057e-07,24.67632000576764,True
3989,8965.0,4123.3,10,21.307740970488982,21.307740970488982,21.307740970488982,1.8003358013311732,11.835425899287221,4.882760236182988e-07,24.678402124422224,True
1637,8012.875,2784.625,8,21.30520995778768,21.30520995778768,21.30520995778768,2.3382216966314333,9.111715107460128,4.882180243766509e-07,24.678531099865975,True
2956,8579.125,3901.875,8,21.291311108300377,21.291311108300377,21.291311108300377,2.2659184746907157,9.396327072714525,4.878995262791788e-07,24.679239631184995,True
347,9030.642857142857,2077.285714285714,14,21.264701570720707,21.264701570720707,21.264701570720707,1.8883926802445143,11.26074136655057,4.872897573122236e-07,24.68059741544572,True
4889,8647.4,2389.5,10,21.256454749938456,21.256454749938456,21.256454749938456,2.464454856743786,8.625215711203573,4.871007778767862e-07,24.68101856448232,True
1292,8707.875,2549.875,8,21.255637966820885,21.255637966820885,21.255637966820885,2.6660053687138174,7.972841396443029,4.870820609413139e-07,24.681060284893878,True
1872,9055.166666666666,3169.833333333333,6,21.24727857353485,21.24727857353485,21.24727857353485,2.167706944058452,9.801730179336417,4.868905018586678e-07,24.681487365988367,True
4032,8584.666666666666,4132.0,9,21.23818451527054,21.23818451527054,21.23818451527054,1.8900204680281034,11.237012971308594,4.866821076129333e-07,24.681952171959104,True
3036,7810.1,3924.1,10,21.23428945147653,21.23428945147653,21.23428945147653,1.8418276076960538,11.528923425161679,4.865928505554295e-07,24.682151313256885,True
4564,8299.0,4252.0,11,21.227631593187905,21.227631593187905,21.227631593187905,1.9748373162529185,10.749053311118043,4.864402828770685e-07,24.682491791392188,True
3677,8550.7,4063.6,10,21.22130803668162,21.22130803668162,21.22130803668162,2.0995836848136964,10.107388521912934,4.86295375867438e-07,24.682815272466264,True
2103,8844.0,3555.5,6,21.22004926445282,21.22004926445282,21.22004926445282,2.7320938682320666,7.766954683070343,4.862665305619046e-07,24.68287967637178,True
851,9062.3,2393.8,10,21.218931480285132,21.218931480285132,21.218931480285132,1.8844582291440055,11.259963819905735,4.862409160582641e-07,24.682936869957437,True
1490,9377.818181818182,2662.0,11,21.210021996935463,21.210021996935463,21.210021996935463,1.7933281899836866,11.827183733239817,4.860367514258661e-07,24.683392848622375,True
1076,8736.875,2455.25,8,21.204116665551354,21.204116665551354,21.204116665551354,2.2321315864179665,9.499492231808274,4.859014282242947e-07,24.683695183283806,True
2892,9267.857142857143,3888.9285714285716,14,21.194093431682624,21.194093431682624,21.194093431682624,1.9068205126953859,11.114886425111777,4.856717415210446e-07,24.684208534582265,True
1435,9079.090909090908,2633.181818181818,11,21.16588404222356,21.16588404222356,21.16588404222356,2.197867198036337,9.630192425244806,4.850253112620675e-07,24.685654614670305,True
121,8373.5,1986.0,8,21.155409180352372,21.155409180352372,21.155409180352372,1.5826076119169763,13.367438031419114,4.847852753094294e-07,24.686192071640054,True
1528,9114.090909090908,2693.090909090909,11,21.14955618425237,21.14955618425237,21.14955618425237,2.209362184360558,9.572697647295685,4.846511513933409e-07,24.686492500195328,True
2439,8910.333333333334,3739.0,9,21.14938313129837,21.14938313129837,21.14938313129837,2.228475342995057,9.490517002029618,4.846471858106744e-07,24.686501384099294,True
1710,7885.25,2878.375,8,21.14519485158651,21.14519485158651,21.14519485158651,2.126858746306072,9.941983635872143,4.845512095846475e-07,24.686716417191032,True
3060,7870.875,3929.125,8,21.134147488305253,21.134147488305253,21.134147488305253,1.6880850110984607,12.519599042321314,4.842980545166414e-07,24.687283811189648,True
2450,8694.0,3741.714285714286,7,21.131522280797988,21.131522280797988,21.131522280797988,2.5090135438600725,8.42224320889377,4.842378967606129e-07,24.687418685798516,True
995,7990.583333333333,2433.1666666666665,12,21.12339425568176,21.12339425568176,21.12339425568176,2.104249307536897,10.038446575708981,4.84051639578816e-07,24.68783638352338,True
2850,8474.0,3874.5,6,21.09408509971893,21.09408509971893,21.09408509971893,2.1547681485141728,9.789491790225517,4.833800076986951e-07,24.68934391155954,True
3911,8520.909090909092,4112.272727272728,11,21.07402613206731,21.07402613206731,21.07402613206731,2.108015502754737,9.997092575708267,4.829203478513004e-07,24.690376860317073,True
816,8733.888888888889,2385.777777777778,9,21.065549913677522,21.065549913677522,21.065549913677522,2.150199777360539,9.797019856236975,4.827261116712934e-07,24.69081364389075,True
1304,8829.222222222223,2556.8888888888887,9,21.054982725414582,21.054982725414582,21.054982725414582,2.492739908472617,8.446522099578234,4.824839600197879e-07,24.691358422334964,True
1179,9038.181818181818,2498.727272727273,11,21.03483393236028,21.03483393236028,21.03483393236028,2.0755800695395012,10.134436267268251,4.82022241784763e-07,24.692397926780906,True
4433,8239.181818181818,4215.090909090909,11,21.02874281450138,21.02874281450138,21.02874281450138,1.9769303824142481,10.637067952196102,4.818826612064346e-07,24.692712372091773,True
1446,7921.333333333333,2643.3333333333335,9,21.017970625194856,21.017970625194856,21.017970625194856,2.0389330861761796,10.308317996159458,4.816358118680867e-07,24.693268694107626,True
3131,8135.454545454546,3944.0,11,21.005712533434497,21.005712533434497,21.005712533434497,2.1653417707227365,9.700876239238355,4.813549124376785e-07,24.693902101434286,True
3635,8288.7,4056.1,10,20.99693708026072,20.99693708026072,20.99693708026072,2.0482169655242393,10.25132465636353,4.811538191642491e-07,24.69435577887846,True
3794,8420.5,4086.3,10,20.990970893737284,20.990970893737284,20.990970893737284,2.0593593458758233,10.192961677997024,4.810171014410581e-07,24.694664329843196,True
3244,8917.4,3971.6,10,20.975276275512186,20.975276275512186,20.975276275512186,1.9340337175568414,10.845351911449145,4.806574525327214e-07,24.695476421329605,True
1094,8841.0,2464.0,7,20.971881014928847,20.971881014928847,20.971881014928847,1.9602884961453606,10.698364580604938,4.805796486801649e-07,24.695652183292328,True
4245,9022.2,4174.1,10,20.961790367003875,20.961790367003875,20.961790367003875,1.6575600555206556,12.646172485388215,4.803484171549008e-07,24.696174712402325,True
3561,8833.909090909092,4038.5454545454545,11,20.94820072694646,20.94820072694646,20.94820072694646,2.008150319511762,10.43158996784641,4.800370047241402e-07,24.696878829218,True
4929,9015.090909090908,3994.3636363636365,11,20.945288205584145,20.945288205584145,20.945288205584145,1.9641886045025192,10.663582996852318,4.799702630478891e-07,24.697029794438414,True
3019,8838.4,3917.5,10,20.94224195086619,20.94224195086619,20.94224195086619,2.1203881007800987,9.876607939443474,4.799004568144328e-07,24.697187713944754,True
1923,9332.1,3296.7,10,20.925847335692847,20.925847335692847,20.925847335692847,1.869279316040714,11.19460701037205,4.795247671757856e-07,24.69803801442275,True
1552,8198.5,2709.0,6,20.916326882861014,20.916326882861014,20.916326882861014,2.9762848920810536,7.027662888896389,4.793066019156478e-07,24.698532094890446,True
55,8611.615384615385,1948.076923076923,13,20.882451042778868,20.882451042778868,20.882451042778868,1.947652742926758,10.721855381364643,4.785303225101986e-07,24.700291966155675,True
849,8262.09090909091,2395.272727272727,11,20.881645226915943,20.881645226915943,20.881645226915943,2.3480504931503074,8.893184063899614,4.785118568940705e-07,24.70033386355248,True
236,8246.307692307691,2031.4615384615386,13,20.88153122390069,20.88153122390069,20.88153122390069,1.9569449984603977,10.670474254682158,4.78509244466078e-07,24.700339791128478,True
908,9082.6,2409.0,10,20.863402648803202,20.863402648803202,20.863402648803202,1.8833827597198898,11.077622188654928,4.780938203920418e-07,24.701282796649643,True
2462,8969.7,3746.9,10,20.860777660247294,20.860777660247294,20.860777660247294,2.2058131523817477,9.457182553165335,4.780336676533777e-07,24.701419410243723,True
529,8426.0,2157.1666666666665,12,20.850143199010617,20.850143199010617,20.850143199010617,2.0901959772645236,9.97520970559783,4.777899744128244e-07,24.70197304078436,True
2515,8746.57142857143,3769.714285714286,7,20.840565783605605,20.840565783605605,20.840565783605605,2.2164378548705543,9.402729581526096,4.7757050383089e-07,24.70247188319265,True
4479,8004.0,4228.75,12,20.828569178624868,20.828569178624868,20.828569178624868,1.9636446321812064,10.60709704662223,4.772955964821933e-07,24.70309705329678,True
3081,8045.181818181818,3935.090909090909,11,20.822861695726978,20.822861695726978,20.822861695726978,2.098694187405143,9.921817966948618,4.771648070635444e-07,24.703394609502126,True
3647,8517.3,4056.8,10,20.809083267089335,20.809083267089335,20.809083267089335,2.1120788344472206,9.852417877448948,4.768490684614929e-07,24.70411327587124,True
3362,8810.666666666666,3996.222222222222,9,20.8083058035701,20.8083058035701,20.8083058035701,1.8943531635316224,10.98438570175447,4.768312525514814e-07,24.70415384162078,True
1449,7889.222222222223,2643.4444444444443,9,20.807991091045686,20.807991091045686,20.807991091045686,1.979927123969115,10.509473222091316,4.7682404077899846e-07,24.704170262821478,True
1723,7594.454545454545,2904.4545454545455,11,20.79649164720402,20.79649164720402,20.79649164720402,1.7426554010336794,11.933794618757274,4.765605260910451e-07,24.70477045597422,True
4469,8255.333333333334,4226.25,12,20.780776267095323,20.780776267095323,20.780776267095323,2.0644583903824145,10.065970020953511,4.762004014152405e-07,24.705591229383543,True
3906,8699.666666666666,4110.111111111111,9,20.773978296551057,20.773978296551057,20.773978296551057,1.8336405656396986,11.32936230024104,4.7604462300444487e-07,24.70594646203416,True
264,8399.818181818182,2042.909090909091,11,20.773781323870278,20.773781323870278,20.773781323870278,1.9558595453996013,10.621305283772813,4.760401092909796e-07,24.70595675671059,True
1523,9261.181818181818,2689.6363636363635,11,20.7730236296259,20.7730236296259,20.7730236296259,1.9888490821381837,10.444746067556375,4.760227464023808e-07,24.705996358122743,True
1974,9393.0,3401.1,10,20.770880504485564,20.770880504485564,20.770880504485564,1.7084103558487405,12.158016037175427,4.7597363577056445e-07,24.70610837785737,True
3274,8595.9,3979.2,10,20.769673629638163,20.769673629638163,20.769673629638163,2.2782058546891832,9.116679946585327,4.7594597971578556e-07,24.70617146549518,True
3280,8078.7,3978.6,10,20.760708614226786,20.760708614226786,20.760708614226786,1.9837371375567248,10.465453421816143,4.757405425423749e-07,24.706640213502475,True
2507,8815.57142857143,3764.285714285714,7,20.746690852270156,20.746690852270156,20.746690852270156,2.1093733695293064,9.835475858358661,4.754193195146644e-07,24.70737355707207,True
2566,8669.285714285714,3789.0,7,20.741075617895156,20.741075617895156,20.741075617895156,2.3108327971538545,8.975584751714177,4.7529064401048465e-07,24.707667458808174,True
2748,9117.2,3846.4,10,20.72938375079294,20.72938375079294,20.72938375079294,1.8855935851794614,10.993558693518795,4.750227198609819e-07,24.708279667302783,True
4589,8643.0,4257.0,9,20.72318607929641,20.72318607929641,20.72318607929641,1.7845812285626657,11.6123523813972,4.7488069756034434e-07,24.708604329267374,True
1553,9123.222222222223,2710.8888888888887,9,20.712025228771516,20.712025228771516,20.712025228771516,2.0028874488003328,10.34108294062024,4.7462494188347355e-07,24.70918922985802,True
270,8908.666666666666,2044.5,12,20.704820876165147,20.704820876165147,20.704820876165147,1.803777914226045,11.478586533780161,4.744598510534201e-07,24.70956695183693,True
2661,8435.285714285714,3821.5714285714284,7,20.704656703100234,20.704656703100234,20.704656703100234,2.651394029332621,7.80897010178143,4.744560889572208e-07,24.709575560911507,True
4990,8531.363636363636,4323.454545454546,11,20.68508341356144,20.68508341356144,20.68508341356144,1.971656285335943,10.49122180544617,4.7400755863209773e-07,24.710602454563066,True
1818,9403.5,3091.8,10,20.681737705108127,20.681737705108127,20.681737705108127,1.7227107568446183,12.005345426059552,4.739308902878545e-07,24.710778081150167,True
3753,8080.0,4078.4545454545455,11,20.678106332262615,20.678106332262615,20.678106332262615,1.99209310571294,10.380090304495198,4.738476758215375e-07,24.710968735301474,True
655,9055.923076923076,2207.6923076923076,13,20.674551949150935,20.674551949150935,20.674551949150935,1.9679844276016245,10.50544489030685,4.737662256079934e-07,24.711155379768833,True
1656,8111.714285714285,2797.0,7,20.656162364110976,20.656162364110976,20.656162364110976,2.797366715771871,7.384145327693073,4.7334482037917365e-07,24.712121549355675,True
127,8198.857142857143,1990.142857142857,14,20.621416296215095,20.621416296215095,20.621416296215095,1.931264140616673,10.677677829005026,4.7254859933011593e-07,24.71394942172718,True
354,8601.7,2079.5,10,20.617502017852264,20.617502017852264,20.617502017852264,1.8828151045545785,10.95035936772442,4.724589019625261e-07,24.714155531582648,True
1952,7885.875,3356.125,8,20.602707707116295,20.602707707116295,20.602707707116295,2.2038540904866624,9.34848990051185,4.7211988398646116e-07,24.714934892948705,True
622,8354.5,2187.9,10,20.60259370410105,20.60259370410105,20.60259370410105,1.912075409005802,10.774990153141252,4.7211727155846886e-07,24.71494090077764,True
2569,8731.222222222223,3792.222222222222,9,20.593274656566926,20.593274656566926,20.593274656566926,2.460404148022819,8.369874791958745,4.7190372158711457e-07,24.715432116420224,True
3337,8657.3,3990.4,10,20.583515926238505,20.583515926238505,20.583515926238505,2.191621255396087,9.391912893507,4.71680096095941e-07,24.715946746476547,True
2764,8720.555555555555,3850.5555555555557,9,20.56261498096878,20.56261498096878,20.56261498096878,2.313117027239722,8.889569675385799,4.712011419702879e-07,24.71704978651674,True
4296,8430.222222222223,4183.333333333334,9,20.548355642589875,20.548355642589875,20.548355642589875,1.8190549994257135,11.296170621051653,4.708743831152444e-07,24.717802961658066,True
2711,8627.0,3836.5,6,20.544069650195006,20.544069650195006,20.544069650195006,2.0636134281497998,9.95538668723166,4.7077616776117547e-07,24.718029449002152,True
3308,9203.333333333334,3983.75,12,20.533561472936388,20.533561472936388,20.533561472936388,1.8169388511139974,11.301184660313085,4.7053536837214494e-07,24.718584939103824,True
466,8790.333333333334,2127.6666666666665,9,20.53295857075149,20.53295857075149,20.53295857075149,1.753009709594133,11.71297481033656,4.705215526099822e-07,24.718616818733725,True
1142,7951.444444444444,2482.0,9,20.521049562725374,20.521049562725374,20.521049562725374,1.837412057234521,11.168452651612341,4.702486525830726e-07,24.719246722712764,True
3495,8238.222222222223,4023.5555555555557,9,20.51834637287552,20.51834637287552,20.51834637287552,1.9407324113015074,10.572475758837543,4.7018670782821566e-07,24.719389753623705,True
1521,9089.625,2686.875,8,20.510159813592125,20.510159813592125,20.510159813592125,1.912446052380011,10.724569086833865,4.699991093108718e-07,24.719823035005387,True
18,8579.153846153846,1923.2307692307693,13,20.503618702538386,20.503618702538386,20.503618702538386,1.8946540674266419,10.821827084448627,4.6984921694547327e-07,24.720169353799093,True
4726,8316.333333333334,4302.666666666666,9,20.49288374546462,20.49288374546462,20.49288374546462,1.7777145141557804,11.527657327586423,4.6960322079970864e-07,24.720737955075883,True
3038,8195.777777777777,3923.8888888888887,9,20.480434480938264,20.480434480938264,20.480434480938264,2.022636488843692,10.125613076745486,4.693179405633701e-07,24.721397731643652,True
3172,8752.75,3953.375,8,20.470208012292076,20.470208012292076,20.470208012292076,1.9157594419289754,10.685166187504551,4.690835966480234e-07,24.721940006285067,True
1018,8681.222222222223,2437.4444444444443,9,20.462412420543977,20.462412420543977,20.462412420543977,2.4155676945041216,8.471057328304182,4.6890495731944387e-07,24.72235356184106,True
3629,8551.1,4055.3,10,20.45980195605418,20.45980195605418,20.45980195605418,2.1151119586592753,9.67315317389781,4.688451374059842e-07,24.722492081999604,True
4288,8896.545454545454,4181.090909090909,11,20.456335568865395,20.456335568865395,20.456335568865395,1.9050036804384136,10.738213148311408,4.6876570365675643e-07,24.722676047657522,True
2734,8788.7,3844.0,10,20.437928481933085,20.437928481933085,20.437928481933085,2.339828091658831,8.734799173833121,4.6834389736456655e-07,24.723653458182937,True
4681,8846.875,4284.125,8,20.43599780721394,20.43599780721394,20.43599780721394,1.5968646556525523,12.797576635486902,4.682996551252757e-07,24.7237560274066,True
4686,8851.0,4285.5,10,20.426740451690154,20.426740451690154,20.426740451690154,1.778528737386447,11.485189990074216,4.680875188527991e-07,24.72424796929071,True
1312,7846.454545454545,2565.5454545454545,11,20.417445207079517,20.417445207079517,20.417445207079517,2.0105716449588744,10.155044839248765,4.6787451433564605e-07,24.724742148994245,True
299,8021.0,2059.9166666666665,12,20.39616561417174,20.39616561417174,20.39616561417174,1.7434084969764354,11.699016982849672,4.67386883336958e-07,24.725874321623486,True
759,8939.333333333334,2365.6666666666665,9,20.387159887584993,20.387159887584993,20.387159887584993,1.8390220674418067,11.085870174437217,4.67180513249502e-07,24.726353823647607,True
2539,8028.888888888889,3783.0,9,20.36865908268387,20.36865908268387,20.36865908268387,2.0501317948422617,9.935292518231027,4.667565593698594e-07,24.72733954767846,True
2500,8330.0,3761.5,6,20.363155725024107,20.363155725024107,20.363155725024107,2.4503479729835407,8.3103118208268,4.6663044756859524e-07,24.727632939697624,True
2523,8694.625,3773.625,8,20.33959945363729,20.33959945363729,20.33959945363729,2.479295867018933,8.20378064764546,4.66090645506051e-07,24.728889655585135,True
3300,8523.0,3980.8888888888887,9,20.337648931774446,20.337648931774446,20.337648931774446,2.185235747607997,9.306844332029826,4.6604594846094944e-07,24.728993780239104,True
1005,9334.92857142857,2434.785714285714,14,20.283583368511238,20.283583368511238,20.283583368511238,1.8514057208762722,10.955774382565371,4.648070128890648e-07,24.73188394239342,True
1884,9448.833333333334,3204.333333333333,12,20.27471137528014,20.27471137528014,20.27471137528014,1.791062850342371,11.319932950094143,4.646037073588142e-07,24.732358944829976,True
3006,8078.5,3915.8,10,20.27006940447947,20.27006940447947,20.27006940447947,2.0551028100657427,9.863287279448093,4.644973346068907e-07,24.732607556645597,True
4926,7907.111111111111,3989.5555555555557,9,20.26314550999099,20.26314550999099,20.26314550999099,1.7811430434435913,11.376484097995313,4.643386705949023e-07,24.732978488140326,True
1352,8325.166666666666,2589.1666666666665,6,20.2572215819577,20.2572215819577,20.2572215819577,2.6480450380275093,7.649878038723622,4.642029212431384e-07,24.73329594938994,True
2501,7821.6,3762.9,10,20.240371509429423,20.240371509429423,20.240371509429423,1.9234467932126578,10.522969276224545,4.638167946038489e-07,24.734199446781066,True
702,8955.454545454546,2348.909090909091,11,20.239735150774585,20.239735150774585,20.239735150774585,2.0047406800545375,10.095936772343034,4.638022121723274e-07,24.734233582937705,True
2562,8338.57142857143,3788.285714285714,7,20.231086833105117,20.231086833105117,20.231086833105117,2.5458088060346413,7.946820980879987,4.6360403226351e-07,24.734697610663687,True
1736,7587.7,2924.3,10,20.21392612063547,20.21392612063547,20.21392612063547,1.6565766681189231,12.20222794975665,4.632107871767248e-07,24.735618960742976,True
4956,8611.75,4106.375,8,20.192700230309654,20.192700230309654,20.192700230309654,1.8127336803755232,11.139363961134414,4.6272438679573645e-07,24.736759650862687,True
481,8866.909090909092,2134.5454545454545,11,20.190018678148842,20.190018678148842,20.190018678148842,1.9132412050859227,10.552782693827734,4.626629378778047e-07,24.73690384413887,True
2376,9125.5,3717.1,10,20.185434623595683,20.185434623595683,20.185434623595683,1.9128906212916086,10.552320346453586,4.6255789230153426e-07,24.73715038373693,True
4395,8596.0,4205.636363636364,11,20.18096258684025,20.18096258684025,20.18096258684025,2.0025884787592068,10.077438675440831,4.624554136611452e-07,24.737390952753234,True
3471,8899.166666666666,4019.1666666666665,12,20.17965245728087,20.17965245728087,20.17965245728087,2.0893937292766305,9.658137752843391,4.6242539148035355e-07,24.737461440038647,True
4066,8266.0,4138.272727272728,11,20.177448296984295,20.177448296984295,20.177448296984295,2.0128619030801294,10.0242586270366,4.623748822017529e-07,24.737580038084232,True
4110,8332.6,4145.8,10,20.15283422076365,20.15283422076365,20.15283422076365,1.9432233416558513,10.370827577436932,4.618108400877297e-07,24.738905315039865,True
806,8151.666666666667,2381.8888888888887,9,20.145986143383332,20.145986143383332,20.145986143383332,1.9578184178455977,10.290017684863834,4.6165391345729415e-07,24.739274318675662,True
2608,8984.5,3803.875,8,20.13314136190145,20.13314136190145,20.13314136190145,1.885045387853335,10.680454429178921,4.613595697802753e-07,24.739966788728196,True
1831,9092.285714285714,3107.4285714285716,7,20.08122359000209,20.08122359000209,20.08122359000209,2.114416711691451,9.497287587146383,4.601698517687201e-07,24.74277021660809,True
2492,8490.8,3756.4,5,20.07754387658666,20.07754387658666,20.07754387658666,2.623387774114327,7.6532886501557975,4.600855295575092e-07,24.742969186762878,True
113,8676.5,1981.3,10,20.06019763552805,20.06019763552805,20.06019763552805,1.754503090520955,11.433549330238959,4.596880330035313e-07,24.743907627362518,True
1268,9266.444444444445,2535.8888888888887,9,20.05381638172561,20.05381638172561,20.05381638172561,1.686526143831706,11.890605108655064,4.5954180383561206e-07,24.744253060673703,True
1066,8849.5,2450.5,8,20.028224312493492,20.028224312493492,20.028224312493492,2.040047605378482,9.817527914392828,4.5895535059225184e-07,24.7456395289979,True
4542,8507.1,4245.0,10,19.969159885283904,19.969159885283904,19.969159885283904,1.898364945709296,10.519136444453636,4.576018639089318e-07,24.748846160378186,True
45,8766.75,1943.0833333333333,12,19.94362378601622,19.94362378601622,19.94362378601622,1.7985401331295168,11.088784408337714,4.5701669324131314e-07,24.750235463189764,True
4735,8135.0,4306.8,10,19.935697837707,19.935697837707,19.935697837707,1.8563312275238457,10.739299938567086,4.568350667362232e-07,24.750667039696047,True
854,8629.875,2394.625,8,19.926024281212975,19.926024281212975,19.926024281212975,2.245630127210275,8.873244101853444,4.5661339303999746e-07,24.751194007933357,True
520,9105.416666666666,2153.3333333333335,12,19.91929364685607,19.91929364685607,19.91929364685607,1.7487503064547258,11.39058765184083,4.5645915766681685e-07,24.75156081105361,True
1738,9229.2,2928.1,10,19.917611404296366,19.917611404296366,19.917611404296366,1.9884283695546934,10.016760829436816,4.564206083570167e-07,24.751652508521126,True
2303,8001.25,3677.5,8,19.897163235375572,19.897163235375572,19.897163235375572,2.0796211984255413,9.567686293272784,4.5595202979560333e-07,24.752767738707465,True
408,8110.3,2101.0,10,19.887989803191623,19.887989803191623,19.887989803191623,1.750163435521546,11.363504344532847,4.5574181666245536e-07,24.75326842435826,True
58,8492.833333333334,1949.5,12,19.870381121679063,19.870381121679063,19.870381121679063,1.8687427084072499,10.633021352958112,4.5533830617290975e-07,24.754230153113316,True
398,8027.5,2096.0,8,19.848318421075028,19.848318421075028,19.848318421075028,1.4752093315763832,13.454577595347406,4.5483272992547275e-07,24.755436349467175,True
4544,8568.3,4244.3,10,19.839239402648406,19.839239402648406,19.839239402648406,1.894613665075715,10.471390430858929,4.546246803240698e-07,24.755933100576183,True
1125,8761.0,2477.0,7,19.837671382055312,19.837671382055312,19.837671382055312,2.1144632416645495,9.381894653528564,4.5458874845962634e-07,24.756018916568152,True
2565,8272.857142857143,3789.4285714285716,7,19.810344798193007,19.810344798193007,19.810344798193007,2.241667701987752,8.837324452962674,4.5396254806955035e-07,24.75751555973006,True
2400,9240.875,3723.125,8,19.798400723168534,19.798400723168534,19.798400723168534,1.6276566608422023,12.163745094081573,4.5368884446733245e-07,24.75817037042446,True
1422,8123.285714285715,2623.0,7,19.766555888280898,19.766555888280898,19.766555888280898,2.2954667221322267,8.611127182850215,4.529591064170506e-07,24.759918134132516,True
4763,8453.333333333334,4316.666666666666,9,19.758720461162863,19.758720461162863,19.758720461162863,1.7856278538606372,11.065419044871692,4.527795542438829e-07,24.76034860333091,True
2470,8201.375,3750.25,8,19.74055846852987,19.74055846852987,19.74055846852987,2.3768430749918505,8.305368863528171,4.5236336439268726e-07,24.761347058739528,True
3986,8586.111111111111,4123.333333333334,9,19.73608261707718,19.73608261707718,19.73608261707718,1.9020645395550784,10.376137195477998,4.522607983368744e-07,24.76159325972606,True
2444,8533.333333333334,3740.666666666667,6,19.72638833763397,19.72638833763397,19.72638833763397,2.911423166698651,6.775513969685934,4.5203864976537965e-07,24.762126699732608,True
1233,8254.57142857143,2522.285714285714,7,19.70498667441371,19.70498667441371,19.70498667441371,2.234193703099951,8.819730646932259,4.5154822147312285e-07,24.763305282162204,True
4227,8704.3,4169.4,10,19.66911248767038,19.66911248767038,19.66911248767038,1.8976675453111518,10.364888484429091,4.5072614909680503e-07,24.765283735763433,True
4131,8696.111111111111,4148.444444444444,9,19.669035974773706,19.669035974773706,19.669035974773706,1.8117606533285522,10.856310373358594,4.5072439577096003e-07,24.765287959288198,True
4946,7891.3,4075.1,10,19.666167541381316,19.666167541381316,19.666167541381316,1.7837988707476617,11.024879465888683,4.506586643894499e-07,24.765446309148484,True
294,8622.545454545454,2057.3636363636365,11,19.6593475584589,19.6593475584589,19.6593475584589,1.9625721612300895,10.017133610076753,4.505023815555674e-07,24.765822894295816,True
2965,9252.0,3905.0,11,19.65279820009098,19.65279820009098,19.65279820009098,1.712234534569709,11.477865796597662,4.50352300199427e-07,24.76618465911056,True
363,8003.636363636364,2084.7272727272725,11,19.62709000154362,19.62709000154362,19.62709000154362,1.683130151672977,11.661064940245367,4.49763185802998e-07,24.767605861012363,True
3623,7962.555555555556,4053.222222222222,9,19.612791601452173,19.612791601452173,19.612791601452173,1.7799629054547972,11.018651872658504,4.4943553183205737e-07,24.768397111683992,True
157,8218.545454545454,2003.909090909091,11,19.60955097719059,19.60955097719059,19.60955097719059,1.743241816274226,11.24889891587241,4.493612715371402e-07,24.76857652284934,True
2983,8747.875,3909.875,8,19.608511769005943,19.608511769005943,19.608511769005943,2.0037293936087424,9.786007946757103,4.4933745763585367e-07,24.76863406296589,True
1216,9270.272727272728,2515.818181818182,11,19.601174378832443,19.601174378832443,19.601174378832443,1.8237516712326236,10.747721133318851,4.4916931819288714e-07,24.769040415121975,True
2649,8741.777777777777,3817.666666666667,9,19.598046842846223,19.598046842846223,19.598046842846223,2.364199665991479,8.289505799683527,4.490976493643056e-07,24.769213667495535,True
3549,8939.2,4036.0,10,19.586676879760226,19.586676879760226,19.586676879760226,1.8866754920659692,10.38158229230624,4.48837101783405e-07,24.769843748799822,True
2989,8159.222222222223,3910.5555555555557,9,19.580908361706086,19.580908361706086,19.580908361706086,2.0191918582539357,9.69739863087521,4.4870491371797156e-07,24.77016355860713,True
1135,9091.9,2480.3,10,19.577520652648417,19.577520652648417,19.577520652648417,1.908072147710182,10.260367081057595,4.486272829118647e-07,24.77035141897216,True
4960,7906.416666666667,4113.0,12,19.571707015081167,19.571707015081167,19.571707015081167,1.941895138264084,10.078663172604097,4.4849406091343575e-07,24.77067388136596,True
2567,8824.0,3788.625,8,19.567893826195885,19.567893826195885,19.567893826195885,2.172225945295949,9.00822212743155,4.484066800545831e-07,24.77088543780253,True
2062,9349.090909090908,3519.181818181818,11,19.561619306048012,19.561619306048012,19.561619306048012,1.8410727054794704,10.62512047885343,4.4826289673413827e-07,24.77123363910661,True
4891,8283.375,2397.625,8,19.550820194909264,19.550820194909264,19.550820194909264,2.0632214692663218,9.475870858333742,4.4801543047045767e-07,24.77183319190312,True
2498,7927.875,3759.875,8,19.547529541680504,19.547529541680504,19.547529541680504,1.83927867389025,10.627823732841751,4.4794002374029934e-07,24.77201595058119,True
2675,8598.166666666666,3826.833333333333,6,19.53958642723358,19.53958642723358,19.53958642723358,2.1828797100416666,8.951288674931433,4.477580038658011e-07,24.77245722780712,True
3969,8380.3,4121.2,10,19.53946618640086,19.53946618640086,19.53946618640086,1.9950868374582347,9.793792340033871,4.4775524849554583e-07,24.77246390912699,True
1973,9085.125,3399.875,8,19.52077850026815,19.52077850026815,19.52077850026815,2.20732514582992,8.84363526467626,4.4732701215232467e-07,24.77350281193614,True
2487,8061.666666666667,3754.666666666667,9,19.496727529796907,19.496727529796907,19.496727529796907,2.1938502330635252,8.886991115419663,4.467758738480753e-07,24.77484133996443,True
4298,8723.2,4183.0,10,19.493074699279266,19.493074699279266,19.493074699279266,1.8854306600260775,10.338791615391285,4.466921676699978e-07,24.775044778306135,True
773,8923.714285714286,2370.0,7,19.474262339696914,19.474262339696914,19.474262339696914,1.645829523520485,11.832490583861206,4.462610743812033e-07,24.776093105599422,True
960,8596.0,2425.625,8,19.4676226012203,19.4676226012203,19.4676226012203,2.378792746446367,8.183824601913138,4.461089219261065e-07,24.77646334985108,True
1622,9109.875,2768.875,8,19.45124133748739,19.45124133748739,19.45124133748739,1.9705530481031386,9.870955443808642,4.457335382414435e-07,24.777377340156285,True
814,9012.3,2382.8,10,19.40639285647532,19.40639285647532,19.40639285647532,1.8999948401764,10.213918714996923,4.4470581606271875e-07,24.77988359882052,True
1558,9104.5,2711.5,8,19.406305157372643,19.406305157372643,19.406305157372643,1.9161984410372321,10.127502841964567,4.447038064001651e-07,24.77988850536378,True
4665,8201.363636363636,4281.090909090909,11,19.392158055742836,19.392158055742836,19.392158055742836,1.9602297732792475,9.892798446430033,4.4437961949836767e-07,24.78068029039033,True
4340,8110.3,4195.7,10,19.38473872744699,19.38473872744699,19.38473872744699,1.8639407862380781,10.399868316938589,4.442096024081828e-07,24.78109576631091,True
4899,8966.555555555555,2470.222222222222,9,19.34233385685379,19.34233385685379,19.34233385685379,1.9715203676462614,9.810871941407342,4.4323787661031563e-07,24.783473458121254,True
4971,8726.636363636364,4140.090909090909,11,19.323989892443283,19.323989892443283,19.323989892443283,1.9898856213455174,9.71110584706714,4.428175167977872e-07,24.784503641798537,True
4338,8977.5,4194.5,12,19.308145766301866,19.308145766301866,19.308145766301866,1.863012028593682,10.363940473791176,4.424544418514214e-07,24.78539422380006,True
3075,8137.875,3933.25,8,19.281808220574547,19.281808220574547,19.281808220574547,1.8607976524097554,10.362119812223739,4.4185090569442514e-07,24.786876248442553,True
2795,8862.125,3860.875,8,19.27972921056478,19.27972921056478,19.27972921056478,1.9622107598444853,9.825513958598817,4.4180326428832597e-07,24.786993321390895,True
4257,8127.666666666667,4175.888888888889,9,19.251451078686067,19.251451078686067,19.251451078686067,1.7746990908706837,10.847726906334938,4.4115525876731764e-07,24.78858697083872,True
2755,8627.5,3847.875,8,19.23512347860067,19.23512347860067,19.23512347860067,2.350903036337188,8.182014817833513,4.4078110480815465e-07,24.789508199491408,True
3752,7909.7,4078.2,10,19.22698764407297,19.22698764407297,19.22698764407297,1.8081096464902675,10.633750935068894,4.405946686703443e-07,24.789967527904565,True
1055,7851.125,2447.125,8,19.22118695897786,19.22118695897786,19.22118695897786,1.671999290006887,11.495930096297283,4.4046174348337e-07,24.790295138457367,True
2238,9127.888888888889,3639.5555555555557,9,19.183540884289094,19.183540884289094,19.183540884289094,1.8751325756092252,10.230498437187256,4.3959906753478743e-07,24.79242371593434,True
3440,7905.25,4014.25,8,19.17768748922078,19.17768748922078,19.17768748922078,1.6696518451913922,11.486039765986328,4.394649344761689e-07,24.792755052717087,True
1573,9309.111111111111,2726.777777777778,9,19.160673681530298,19.160673681530298,19.160673681530298,1.773712901149213,10.802578968172265,4.390750557754084e-07,24.79371870935962,True
4625,8286.555555555555,4267.666666666666,9,19.1519370711177,19.1519370711177,19.1519370711177,1.7817141549198157,10.749163673776625,4.388748526005118e-07,24.79421388075149,True
2506,8718.42857142857,3764.4285714285716,7,19.133606059179336,19.133606059179336,19.133606059179336,2.308312026211997,8.289003324467405,4.3845478959943814e-07,24.79525357580215,True
2445,8842.75,3741.625,8,19.127055012414147,19.127055012414147,19.127055012414147,2.2564789959042937,8.476504787827151,4.3830466955295015e-07,24.795625378511374,True
2953,8216.777777777777,3902.0,9,19.103355947765657,19.103355947765657,19.103355947765657,2.0757764959461515,9.202992704211265,4.3776159532156805e-07,24.796971476298836,True
3254,8386.25,3974.5,8,19.098713719079186,19.098713719079186,19.098713719079186,2.089318395746598,9.141121696894093,4.3765521666008084e-07,24.79723534869237,True
4435,8373.714285714286,4213.428571428572,7,19.0967799254513,19.0967799254513,19.0967799254513,1.5922862715570216,11.993308154806522,4.376109029496584e-07,24.79734528782685,True
755,8822.888888888889,2364.6666666666665,9,19.046286169323274,19.046286169323274,19.046286169323274,1.9689336617672928,9.67340166871216,4.364538168702898e-07,24.800219882702415,True
148,8192.5,1998.3333333333333,12,19.04538608078551,19.04538608078551,19.04538608078551,1.7945810105874445,10.612720166113384,4.3643319095538247e-07,24.80027119358773,True
1010,8733.75,2436.25,8,19.041714512536217,19.041714512536217,19.041714512536217,2.179627242547904,8.73622523192413,4.363490553941472e-07,24.800480521918146,True
2858,8513.25,3878.625,8,18.99663242025106,18.99663242025106,18.99663242025106,2.4160574307490523,7.862657641528628,4.3531597991289953e-07,24.803054097619768,True
3350,8710.3,3992.2,10,18.994829936858622,18.994829936858622,18.994829936858622,2.122832437305516,8.947870591693292,4.352746752328437e-07,24.803157121897208,True
3292,8678.75,3980.0,8,18.988776051232506,18.988776051232506,18.988776051232506,1.9570243352215368,9.702881926137602,4.351359478470991e-07,24.803503214517345,True
4955,8350.888888888889,4095.3333333333335,9,18.985060278209993,18.985060278209993,18.985060278209993,1.924061510496619,9.8671794922553,4.350507993145252e-07,24.80371569498822,True
3739,8543.625,4073.0,8,18.978916966149498,18.978916966149498,18.978916966149498,1.862119983831006,10.192102083080325,4.3491002268368015e-07,24.80406708158486,True
4803,8296.9,4334.2,10,18.961036010619598,18.961036010619598,18.961036010619598,1.8698281826596863,10.140523170235346,4.3450027291824387e-07,24.805090488347847,True
1247,9085.5,2526.0,10,18.954648776885477,18.954648776885477,18.954648776885477,1.9485507085922043,9.727562486982901,4.343539067176252e-07,24.805456292157952,True
2232,8790.833333333334,3636.0,6,18.951456429980166,18.951456429980166,18.951456429980166,2.683085188416122,7.063307759217136,4.3428075271903406e-07,24.805639167533965,True
2693,8698.5,3832.125,8,18.948077046105553,18.948077046105553,18.948077046105553,2.262516692474793,8.374778895169039,4.342033126880678e-07,24.805832790995556,True
1579,8059.5,2733.3333333333335,6,18.94676244499481,18.94676244499481,18.94676244499481,2.074483004376111,9.133245442371287,4.3417318803975867e-07,24.805908121042627,True
3668,8707.5,4061.1,10,18.911868377562968,18.911868377562968,18.911868377562968,1.9983374824690847,9.463801056364133,4.3337357551785474e-07,24.807909554388058,True
4215,8678.444444444445,4165.888888888889,9,18.90961653355056,18.90961653355056,18.90961653355056,1.8127741857437796,10.431313884686615,4.333219735464534e-07,24.80803884114559,True
2570,8048.0,3792.1111111111113,9,18.9045291579097,18.9045291579097,18.9045291579097,2.0744250959127974,9.113141368737272,4.3320539415157466e-07,24.808330983033386,True
961,9075.666666666666,2425.0,9,18.900760237011262,18.900760237011262,18.900760237011262,1.7946556594064769,10.531691769362634,4.331190277126279e-07,24.808547463528644,True
2660,8352.5,3822.5,6,18.862636926195982,18.862636926195982,18.862636926195982,2.249776190958293,8.384228174341837,4.32245415693511e-07,24.810739632452435,True
3383,8817.2,4001.5,10,18.855185314055888,18.855185314055888,18.855185314055888,1.9810129443336852,9.517951595413647,4.320746588051881e-07,24.811168633105652,True
2355,8904.142857142857,3707.285714285714,7,18.84646616660121,18.84646616660121,18.84646616660121,2.028986993863557,9.288608662155168,4.318748558014624e-07,24.81167082300255,True
3576,8002.3,4042.1,10,18.834151073333224,18.834151073333224,18.834151073333224,1.8951196608485892,9.938238446061893,4.3159265015705795e-07,24.812380521732642,True
208,8771.714285714286,2019.0,7,18.832597834692024,18.832597834692024,18.832597834692024,1.4464702313196842,13.019692646913404,4.315570570273824e-07,24.81247006529439,True
3417,8573.777777777777,4008.0,9,18.831019464763948,18.831019464763948,18.831019464763948,2.0935068420318257,8.994964375892724,4.315208880034888e-07,24.812561065230096,True
3871,8881.0,4101.363636363636,11,18.829281354387856,18.829281354387856,18.829281354387856,1.9683411894713136,9.566065809680742,4.3148105845871336e-07,24.812661283726683,True
3204,7986.222222222223,3960.1111111111113,9,18.815532747539823,18.815532747539823,18.815532747539823,1.8224995018383163,10.324026277406933,4.3116600323576195e-07,24.813454347060357,True
2673,7993.8,3827.8,10,18.81255559527537,18.81255559527537,18.81255559527537,2.0454255015252505,9.197379998072314,4.31097780514667e-07,24.813626154991596,True
1261,8958.444444444445,2534.222222222222,9,18.81195742252762,18.81195742252762,18.81195742252762,2.0888037314964323,9.006091447878932,4.3108407312958505e-07,24.81366067811266,True
3167,9196.2,3951.3,10,18.790698810454803,18.790698810454803,18.790698810454803,1.7099890869952694,10.988782883680933,4.305969229157292e-07,24.814888317304238,True
4232,8115.5,4171.4,10,18.78477410876413,18.78477410876413,18.78477410876413,1.869277434740142,10.049216750629368,4.3046115583527455e-07,24.815230703583453,True
3275,8656.111111111111,3978.3333333333335,9,18.78348309162552,18.78348309162552,18.78348309162552,2.1077058954707586,8.911814087529612,4.304315716238025e-07,24.81530532530686,True
2611,8640.833333333334,3805.166666666667,6,18.782349946520693,18.782349946520693,18.782349946520693,2.1497528411443483,8.736981101754257,4.304056051176987e-07,24.81537082613921,True
860,8722.875,2396.125,8,18.778712116906334,18.778712116906334,18.778712116906334,2.0798333966664457,9.028950177934844,4.3032224269175406e-07,24.815581135598762,True
3180,8281.888888888889,3956.222222222222,9,18.772339407238313,18.772339407238313,18.772339407238313,2.078094490280971,9.033438804171112,4.301762093163397e-07,24.815949651600025,True
3516,8454.875,4029.0,8,18.76611360234945,18.76611360234945,18.76611360234945,1.9500622246998933,9.623340919409625,4.3003354232694993e-07,24.816309793336913,True
3830,8240.0,4093.25,8,18.764302574822594,18.764302574822594,18.764302574822594,1.748495718557569,10.73168345548041,4.299920418543892e-07,24.816414577581565,True
4275,8354.666666666666,4179.666666666666,9,18.759479109081568,18.759479109081568,18.759479109081568,1.8176295029866316,10.32084870885788,4.2988151006806096e-07,24.816693707838766,True
4218,8583.7,4169.7,10,18.749344631072486,18.749344631072486,18.749344631072486,1.9384733306630202,9.672222121652613,4.2964927415762e-07,24.817280416184232,True
2610,8216.625,3806.125,8,18.744128071496178,18.744128071496178,18.744128071496178,2.225330460058594,8.423076216285933,4.295297344574512e-07,24.817582538512447,True
4821,8606.1,4342.2,10,18.740731044646697,18.740731044646697,18.740731044646697,1.8681503746824117,10.031703710057414,4.294518901301484e-07,24.817779325969358,True
4241,8571.888888888889,4173.0,9,18.73834425571853,18.73834425571853,18.73834425571853,1.8336336495225536,10.21924104664946,4.293971958381221e-07,24.817917612367047,True
2899,8499.5,3888.5,6,18.736208322070006,18.736208322070006,18.736208322070006,2.0590996189511057,9.099223830469226,4.293482500024252e-07,24.818041379581658,True
3936,8503.666666666666,4115.444444444444,9,18.726409021648713,18.726409021648713,18.726409021648713,1.899786360471009,9.857113100341412,4.291236948301722e-07,24.81860938343434,True
3108,8006.7,3939.6,10,18.717548652526347,18.717548652526347,18.717548652526347,1.9595048880057189,9.552182679970798,4.289206556713589e-07,24.81912321927439,True
1031,8940.7,2441.5,10,18.692704959746806,18.692704959746806,18.692704959746806,2.0795034584132157,8.989023261356078,4.283513517954018e-07,24.820565267807684,True
3997,8566.125,4125.125,8,18.688735806176354,18.688735806176354,18.688735806176354,1.788599771918333,10.448808112131234,4.282603969388924e-07,24.82079583429531,True
4449,8507.4,4220.5,10,18.682013316985564,18.682013316985564,18.682013316985564,1.9050036464132365,9.806812366034197,4.28106348215687e-07,24.821186452634546,True
3269,9127.8,3976.9,10,18.680508895751434,18.680508895751434,18.680508895751434,1.78043372039709,10.492111378111353,4.2807187375783314e-07,24.821273888091536,True
1906,9129.875,3253.5,8,18.6499260298702,18.6499260298702,18.6499260298702,2.0884328797810117,8.930105540105167,4.2737105426861454e-07,24.823052861855295,True
4004,8596.75,4126.25,8,18.64007409734456,18.64007409734456,18.64007409734456,1.7894697709753702,10.416534774535242,4.2714529300911554e-07,24.823626559899935,True
4152,8851.1,4155.2,10,18.63495330416818,18.63495330416818,18.63495330416818,1.8631058185202063,10.002090659010024,4.270279478370771e-07,24.82392487386353,True
3618,8039.5,4052.0,10,18.631382270690402,18.631382270690402,18.631382270690402,1.9021332398771567,9.794993263402333,4.269461160732522e-07,24.824132954442817,True
1544,8001.625,2704.0,8,18.59843619985311,18.59843619985311,18.59843619985311,2.1529332145582636,8.63864985411037,4.2619114272884373e-07,24.826054572797112,True
676,8333.333333333334,2336.4444444444443,9,18.59227854374344,18.59227854374344,18.59227854374344,2.118629140775788,8.775617301730978,4.260500373979594e-07,24.8264141028724,True
1585,9189.888888888889,2738.6666666666665,9,18.587194505962678,18.587194505962678,18.587194505962678,1.91011491576576,9.730929983608405,4.2593353449157654e-07,24.826711036823667,True
4892,9222.5,2409.8,10,18.583998962279754,18.583998962279754,18.583998962279754,1.7474712683341833,10.634795146014259,4.258603072374552e-07,24.82689771457895,True
3981,9000.666666666666,4122.666666666666,9,18.580247942241968,18.580247942241968,18.580247942241968,1.6577058905648592,11.208410398970589,4.257743510044083e-07,24.82711688319464,True
4301,8337.222222222223,4185.0,9,18.541416708263696,18.541416708263696,18.541416708263696,1.8134482712665219,10.224397906489097,4.248845166223702e-07,24.829388359561896,True
3519,8224.2,4031.1,10,18.537832542296854,18.537832542296854,18.537832542296854,2.0245240719097053,9.156637255891146,4.2480238392192575e-07,24.82959825910651,True
4513,8410.1,4236.6,10,18.518236442443328,18.518236442443328,18.518236442443328,1.897488400291814,9.759341052938936,4.243533308886568e-07,24.830746583667064,True
3584,8007.888888888889,4043.4444444444443,9,18.513073030742945,18.513073030742945,18.513073030742945,1.799099518669662,10.290188418499703,4.2423500909486085e-07,24.831049360054894,True
2786,7924.0,3859.2,10,18.51272706591746,18.51272706591746,18.51272706591746,1.9564052582747007,9.462623854447886,4.2422708116249425e-07,24.8310696500438,True
2257,9320.8,3649.8,10,18.49363832080026,18.49363832080026,18.49363832080026,1.7558096428204613,10.532826491995358,4.23789654380622e-07,24.832189746183953,True
3314,8067.111111111111,3986.0,9,18.47821957233841,18.47821957233841,18.47821957233841,1.865775194048382,9.903775991492385,4.2343632714623563e-07,24.833095337374743,True
2971,9106.444444444445,3906.333333333333,9,18.46614128712112,18.46614128712112,18.46614128712112,1.7761590175254098,10.396671190425629,4.231595480598841e-07,24.83380526071427,True
3814,8435.5,4088.5,8,18.430883251855064,18.430883251855064,18.430883251855064,1.8377246628314265,10.029186430712727,4.2235159505894675e-07,24.835880275571277,True
4319,8212.8,4189.9,10,18.423224731322723,18.423224731322723,18.423224731322723,1.8864233320987371,9.766219712107777,4.221760967760687e-07,24.836331521502416,True
4310,8353.666666666666,4187.0,9,18.414076868328397,18.414076868328397,18.414076868328397,1.8143723041685689,10.14900680859246,4.219664695718681e-07,24.836870766551424,True
1702,8023.0,2861.5,6,18.40742242576874,18.40742242576874,18.40742242576874,2.442854857796463,7.5352092110674365,4.218139801664015e-07,24.837263198659116,True
3054,8122.625,3928.5,8,18.400071465203453,18.400071465203453,18.400071465203453,1.8572935050912862,9.906927157589498,4.2164552975208664e-07,24.83769687144082,True
4073,8543.7,4140.1,10,18.399218364592997,18.399218364592997,18.399218364592997,1.9722551359756642,9.32902545364193,4.216259805856876e-07,24.837747211663338,True
2891,8818.555555555555,3887.666666666667,9,18.37682396534378,18.37682396534378,18.37682396534378,2.081576401967039,8.82832066503931,4.211128033215247e-07,24.83906950800158,True
605,7960.777777777777,2180.1111111111113,9,18.364467207226095,18.364467207226095,18.364467207226095,1.5957870891241428,11.508093612479056,4.208296429092185e-07,24.83979981331963,True
2015,8999.0,3456.5714285714284,7,18.356434924230605,18.356434924230605,18.356434924230605,2.3267642034283336,7.889254483623055,4.206455796991839e-07,24.840274798414654,True
439,8054.333333333333,2115.5555555555557,9,18.323958936962423,18.323958936962423,18.323958936962423,1.6264689917551236,11.266097927381345,4.19901378521389e-07,24.84219737124793,True
3289,9192.555555555555,3979.3333333333335,9,18.30184418323928,18.30184418323928,18.30184418323928,1.5955863067676306,11.470294089146144,4.1939460945440103e-07,24.843508512009308,True
1730,7884.0,2916.0,7,18.285719019994765,18.285719019994765,18.285719019994765,2.0252693110749287,9.028783935055761,4.190250944222758e-07,24.844465540744917,True
4115,7932.333333333333,4146.777777777777,9,18.271468702587423,18.271468702587423,18.271468702587423,1.6863081444161618,10.83518973865445,4.18698542286665e-07,24.84531200007541,True
4291,8405.25,4182.375,8,18.244023644158528,18.244023644158528,18.244023644158528,1.7152300217225962,10.636488058806336,4.1806962700107966e-07,24.846944079900926,True
2979,9159.875,3910.25,8,18.23991187734334,18.23991187734334,18.23991187734334,1.6313650492489016,11.180766613665773,4.1797540410089766e-07,24.847188806466292,True
1999,8957.0,3431.5,6,18.237297418139345,18.237297418139345,18.237297418139345,2.493191613496224,7.314839870075219,4.179154926468488e-07,24.84734444408624,True
3264,8126.375,3977.125,8,18.229238831231285,18.229238831231285,18.229238831231285,1.8057767596187515,10.094957050549246,4.177308266713754e-07,24.847824308674852,True
4062,8939.0,4134.714285714286,7,18.220483882055305,18.220483882055305,18.220483882055305,1.525204104555064,11.946259407274955,4.175302032558501e-07,24.848345880021157,True
1405,8886.0,2611.5,6,18.202662827990416,18.202662827990416,18.202662827990416,2.001568903965294,9.094197452772796,4.1712182615817734e-07,24.84940833436115,True
2833,8857.285714285714,3870.0,7,18.19869480811122,18.19869480811122,18.19869480811122,1.8274514852846306,9.958510502004776,4.1703089728068935e-07,24.849645041074353,True
4924,8677.125,3950.25,8,18.19750770253866,18.19750770253866,18.19750770253866,2.026247655819112,8.980890193890096,4.170036942473228e-07,24.849715866238004,True
922,9250.090909090908,2414.909090909091,11,18.190626645525555,18.190626645525555,18.190626645525555,1.782700440243052,10.203972711784072,4.168460118744564e-07,24.850126495304266,True
4800,8413.0,4333.8,10,18.188523097869354,18.188523097869354,18.188523097869354,1.8763152494648687,9.693745815398975,4.1679780817766454e-07,24.850252056119587,True
3935,8127.0,4115.5,8,18.18795188588826,18.18795188588826,18.18795188588826,1.6921494189360944,10.748431363303352,4.167847186101145e-07,24.850286154284888,True
1424,8146.285714285715,2626.4285714285716,7,18.187919718847304,18.187919718847304,18.187919718847304,2.402040596450339,7.571861918455853,4.16783981488574e-07,24.850288074509447,True
957,8768.555555555555,2423.8888888888887,9,18.185920301708528,18.185920301708528,18.185920301708528,2.206949881867422,8.240296008136088,4.1673816398725233e-07,24.85040743719301,True
4798,8475.4,4333.6,10,18.175731464263396,18.175731464263396,18.175731464263396,1.8801139205466346,9.667356464750224,4.165046824070186e-07,24.85101590185019,True
783,8262.888888888889,2373.6666666666665,9,18.166151109966584,18.166151109966584,18.166151109966584,2.0660151090695487,8.792845236329322,4.162851444791181e-07,24.85158833987588,True
4077,8158.875,4140.125,8,18.106035553643387,18.106035553643387,18.106035553643387,1.689746966547193,10.715234832254811,4.1490757072131116e-07,24.8551872238547,True
4951,8957.555555555555,4088.8888888888887,9,18.099100176128683,18.099100176128683,18.099100176128683,1.763067157863639,10.265689594070768,4.1474864357085153e-07,24.855603186419216,True
2249,9093.875,3644.125,8,18.09427007360189,18.09427007360189,18.09427007360189,1.8201583841773477,9.94104152193322,4.1463795969973087e-07,24.85589297524966,True
4398,8235.2,4206.4,10,18.092999263640838,18.092999263640838,18.092999263640838,1.886531335647496,9.590616875404804,4.146088385443997e-07,24.85596923214386,True
135,8334.0,1992.0,10,18.092541499968963,18.092541499968963,18.092541499968963,1.7511206820354541,10.331978649774552,4.145983486935155e-07,24.855996702264868,True
1321,9131.285714285714,2572.4285714285716,7,18.07698784552577,18.07698784552577,18.07698784552577,1.6262551988859388,11.115714100658591,4.142419300307031e-07,24.856930480895212,True
2738,9062.222222222223,3845.0,9,18.069634977611848,18.069634977611848,18.069634977611848,1.8176606987566823,9.941148526769519,4.140734359086761e-07,24.857372197127027,True
4072,8481.75,4139.0,8,18.068258606621907,18.068258606621907,18.068258606621907,1.7575180539576627,10.280553628416472,4.140418957770909e-07,24.857454901217796,True
4784,8674.0,4325.285714285714,7,18.064397914037727,18.064397914037727,18.064397914037727,1.5600856025544056,11.579106867251381,4.1395342635060283e-07,24.857686918131783,True
2306,9120.125,3679.125,8,18.05474599523275,18.05474599523275,18.05474599523275,1.739531564290046,10.379085016834072,4.137322484913024e-07,24.858267188692334,True
4600,8017.5,4262.3,10,18.051554485198455,18.051554485198455,18.051554485198455,1.7943277534415518,10.060344020525381,4.136591136699695e-07,24.85845912959766,True
2707,8844.0,3836.285714285714,7,18.041348082647353,18.041348082647353,18.041348082647353,1.9020868866440976,9.485028370327594,4.1342522957779846e-07,24.859073181684195,True
505,8875.111111111111,2143.4444444444443,9,18.04024798038894,18.04024798038894,18.04024798038894,1.7406137547783758,10.364302781627691,4.13400020262693e-07,24.859139388336985,True
3703,8638.0,4067.25,8,18.03635629338949,18.03635629338949,18.03635629338949,1.8520505210182707,9.73858762960363,4.133108405858848e-07,24.85937363130826,True
2347,7631.666666666667,3701.8888888888887,9,18.02310139301711,18.02310139301711,18.02310139301711,1.600926589191487,11.257918704516792,4.1300709885858274e-07,24.86017183110361,True
4622,8201.0,4265.7,10,18.006804748412566,18.006804748412566,18.006804748412566,1.8705843076350284,9.626299480282977,4.1263365425754093e-07,24.86115400731025,True
4361,8506.777777777777,4198.555555555556,9,17.971089903148954,17.971089903148954,17.971089903148954,1.813875611221984,9.90756465987327,4.118152332595753e-07,24.8633096038877,True
4811,8375.363636363636,4337.818181818182,11,17.96994497819767,17.96994497819767,17.96994497819767,1.964559858564438,9.147059021825296,4.117889968132374e-07,24.863378777548164,True
4774,8524.363636363636,4322.363636363636,11,17.96051504655705,17.96051504655705,17.96051504655705,1.9725734624587987,9.105118459907391,4.1157290588502256e-07,24.863948679431896,True
4918,8782.625,3936.375,8,17.946009957024742,17.946009957024742,17.946009957024742,1.9135172907938076,9.378546012291313,4.1124051553689176e-07,24.86482588499348,True
4913,8743.42857142857,3920.857142857143,7,17.936821562871962,17.936821562871962,17.936821562871962,1.8578644503097543,9.654537261790777,4.110299595438106e-07,24.865381926531494,True
3826,8902.222222222223,4092.222222222222,9,17.92442614201003,17.92442614201003,17.92442614201003,1.7795661939140028,10.07235707405005,4.1074591315813686e-07,24.866132494824583,True
2195,7936.25,3616.25,8,17.909758888909508,17.909758888909508,17.909758888909508,2.024985682084542,8.844387912152055,4.1040980676228547e-07,24.867021297993467,True
3251,8869.9,3972.4,10,17.90148381793162,17.90148381793162,17.90148381793162,1.9865619393434195,9.01128903327739,4.10220179961498e-07,24.867523070265992,True
2513,8164.625,3769.875,8,17.882378422448326,17.882378422448326,17.882378422448326,2.265481038170825,7.893413416908031,4.09782371629345e-07,24.86868244324894,True
3062,8799.25,3929.375,8,17.879889332482506,17.879889332482506,17.879889332482506,1.9102085581498764,9.360176539989952,4.0972533306516205e-07,24.868833579922693,True
451,8701.8,2120.3,10,17.856924816009002,17.856924816009002,17.856924816009002,1.8760765214085826,9.518228394331054,4.0919909132027086e-07,24.870228970697504,True
2197,8719.8,3617.6,5,17.854653976379133,17.854653976379133,17.854653976379133,2.7748667609032904,6.4344184837786536,4.091470540561478e-07,24.8703670510002,True
2817,9255.9,3867.1,10,17.842964931365447,17.842964931365447,17.842964931365447,1.6489700703320398,10.820672401757149,4.0887919457601415e-07,24.871078091131857,True
926,8222.75,2414.0,8,17.832017265984703,17.832017265984703,17.832017265984703,1.987994004877691,8.969854648571637,4.086283241281606e-07,24.871744455979293,True
2942,8976.0,3897.5,6,17.815404298327334,17.815404298327334,17.815404298327334,1.5122774791798401,11.780512864602889,4.082476308486865e-07,24.872756439509565,True
3808,8336.3,4087.8,10,17.81446055972239,17.81446055972239,17.81446055972239,2.0331362552720877,8.762059361997036,4.0822600467376755e-07,24.872813955931562,True
1159,8398.333333333334,2491.5,6,17.807208421252138,17.807208421252138,17.807208421252138,2.452605659283979,7.2605265154818355,4.0805981881014693e-07,24.87325604130449,True
1589,8822.4,2741.2,5,17.749809883056383,17.749809883056383,17.749809883056383,2.750635470362064,6.452985164450014,4.067445066881091e-07,24.876761381635234,True
3902,8483.5,4109.625,8,17.744962059685875,17.744962059685875,17.744962059685875,1.799776179067172,9.859538239295471,4.066334167362539e-07,24.87705795812198,True
2598,9021.666666666666,3801.1111111111113,9,17.723014894756624,17.723014894756624,17.723014894756624,1.9419723143311132,9.12629637609488,4.061304880383599e-07,24.878401639754987,True
1927,7528.888888888889,3302.333333333333,9,17.70343882206374,17.70343882206374,17.70343882206374,1.5154610004239082,11.68188347777455,4.056818939360672e-07,24.87960155963423,True
3731,7904.9,4073.6,10,17.6981285055842,17.6981285055842,17.6981285055842,1.8056495011438616,9.80153041571612,4.055602057562467e-07,24.879927285489842,True
2961,8640.75,3902.625,8,17.696277462670494,17.696277462670494,17.696277462670494,2.1945924168034456,8.063582707738586,4.05517788313933e-07,24.880040848311694,True
2234,8817.666666666666,3638.666666666667,6,17.695748689196474,17.695748689196474,17.695748689196474,2.506148124920514,7.0609348718195655,4.0550567124297516e-07,24.880073291128188,True
4963,8180.0,4128.333333333334,9,17.686356130871122,17.686356130871122,17.686356130871122,1.8023712005205685,9.812826639575063,4.052904367403098e-07,24.880649731728347,True
4482,8274.42857142857,4227.857142857143,7,17.68366585455897,17.68366585455897,17.68366585455897,1.578639584387158,11.201838614368668,4.052287879047082e-07,24.88081489591172,True
3332,8477.125,3987.5,8,17.676120125481773,17.676120125481773,17.676120125481773,2.0573669207895455,8.591622596273831,4.050558742864031e-07,24.881278285106404,True
1989,9011.5,3423.5,6,17.66712701561249,17.66712701561249,17.66712701561249,2.217671490988875,7.966521230669109,4.0484979331643925e-07,24.88183081754069,True
4969,8654.555555555555,4142.111111111111,9,17.657170835766138,17.657170835766138,17.657170835766138,1.8492237849294397,9.548422954358593,4.046216431848726e-07,24.88244284868435,True
2684,7880.75,3829.75,8,17.648891770074055,17.648891770074055,17.648891770074055,1.7390713797634803,10.148457375265624,4.044319248434959e-07,24.88295204630452,True
4423,8204.333333333334,4211.666666666666,9,17.64835077885085,17.64835077885085,17.64835077885085,1.7829458131186355,9.898422402406768,4.0441952779757517e-07,24.882985327870735,True
2810,8584.5,3866.0,6,17.647468926928408,17.647468926928408,17.647468926928408,2.051253874400771,8.603259278222561,4.0439931978252997e-07,24.883039581239412,True
3373,8954.8,3998.9,10,17.618083759185275,17.618083759185275,17.618083759185275,1.896251842692133,9.291004160171392,4.037259460598606e-07,24.884848970031328,True
4399,8401.0,4206.222222222223,9,17.61553770664626,17.61553770664626,17.61553770664626,1.8097515029633782,9.73367762248115,4.036676021738806e-07,24.88500588500689,True
2255,9048.125,3649.125,8,17.600126110741783,17.600126110741783,17.600126110741783,1.8980670425731345,9.272657770234495,4.0331443884341435e-07,24.88595619670918,True
1624,7977.25,2771.625,8,17.59712299031942,17.59712299031942,17.59712299031942,2.1941787259304872,8.019913228744388,4.0324562105084263e-07,24.886141472357764,True
4372,8123.636363636364,4200.909090909091,11,17.59376528306828,17.59376528306828,17.59376528306828,1.956699280275049,8.99155299970017,4.0316867774900074e-07,24.886348661463664,True
1718,8914.8,2893.4,5,17.59264340203832,17.59264340203832,17.59264340203832,2.6529313886240207,6.631397810541563,4.0314296936400396e-07,24.886417896540365,True
2426,8918.5,3733.5,8,17.590498768517662,17.590498768517662,17.590498768517662,2.0921918949385057,8.407688994051231,4.0309382416700556e-07,24.886550261424144,True
4631,8592.0,4268.3,10,17.580190463897186,17.580190463897186,17.580190463897186,1.8832837463381837,9.334860186671142,4.0285760494520707e-07,24.887186706151322,True
4071,8449.555555555555,4139.111111111111,9,17.57727963093216,17.57727963093216,17.57727963093216,1.8658848532393095,9.420345312529198,4.027909019593041e-07,24.88736649137107,True
2928,8367.285714285714,3895.4285714285716,7,17.575612170324355,17.575612170324355,17.575612170324355,2.162258654574664,8.128357878526629,4.027526913842719e-07,24.887469494126204,True
2900,8941.0,3890.1111111111113,9,17.550308290752717,17.550308290752717,17.550308290752717,1.9234440119382588,9.124418585528378,4.021728421305914e-07,24.88903377159216,True
2834,8983.6,3870.7,10,17.54658822619578,17.54658822619578,17.54658822619578,1.9861210351784395,8.834601676034984,4.020875952556655e-07,24.889263934893734,True
1271,7993.111111111111,2538.1111111111113,9,17.545081678661653,17.545081678661653,17.545081678661653,2.0048342950341214,8.751387444897556,4.020530720727352e-07,24.88935716004987,True
3061,8272.142857142857,3929.285714285714,7,17.53021155081752,17.53021155081752,17.53021155081752,1.859961429492921,9.425040365270778,4.0171231671511725e-07,24.89027775318826,True
4888,8649.714285714286,2386.0,7,17.52568636618617,17.52568636618617,17.52568636618617,2.0489001818913057,8.55370433419968,4.016086201683555e-07,24.89055805733716,True
3551,8774.444444444445,4038.3333333333335,9,17.520842615398713,17.520842615398713,17.520842615398713,1.8534625984606619,9.45303273448848,4.0149762354148767e-07,24.890858174683043,True
2996,8497.25,3913.125,8,17.520560108849693,17.520560108849693,17.520560108849693,2.2891366940995788,7.653785007251969,4.0149114978274464e-07,24.89087568126466,True
3258,8770.25,3975.125,8,17.514678799340416,17.514678799340416,17.514678799340416,1.8591500922193134,9.420798714767946,4.013563770527384e-07,24.891240202867742,True
2920,8729.5,3893.5,8,17.512430988976647,17.512430988976647,17.512430988976647,2.069810965466332,8.46088424554803,4.013048675141257e-07,24.89137955373691,True
3424,7848.571428571428,4010.714285714286,7,17.48614750586512,17.48614750586512,17.48614750586512,1.4979362914049563,11.67349212793581,4.0070257022515876e-07,24.89301030194403,True
4303,8801.4,4185.7,10,17.482757373687225,17.482757373687225,17.482757373687225,1.862319420421979,9.38762555014641,4.0062488389221265e-07,24.893220819789455,True
2183,8891.714285714286,3610.5714285714284,7,17.465994937047988,17.465994937047988,17.465994937047988,2.2773222505434663,7.669531588197435,4.0024076546690914e-07,24.894262321103888,True
362,8657.125,2082.125,8,17.460514866540112,17.460514866540112,17.460514866540112,1.6767069265844463,10.413575914610337,4.0011518730071874e-07,24.89460303141461,True
875,8786.125,2401.25,8,17.456247173974205,17.456247173974205,17.456247173974205,1.98022788996133,8.815271849501672,4.000173912950796e-07,24.894868439091724,True
1520,9035.0,2686.5,6,17.424028756640322,17.424028756640322,17.424028756640322,1.7355261925066914,10.03962304450968,3.9927909244280564e-07,24.896874198001278,True
3144,8655.125,3947.0,8,17.417458855340172,17.417458855340172,17.417458855340172,2.065721855960078,8.43165734297037,3.99128540336562e-07,24.89728366270998,True
4460,8435.222222222223,4222.111111111111,9,17.416729990276636,17.416729990276636,17.416729990276636,1.8057018549414938,9.645407375871002,3.991118380810075e-07,24.897329098255586,True
2115,8823.5,3563.5,4,17.405589979504185,17.405589979504185,17.405589979504185,2.3522576853754438,7.39952518285686,3.9885655995600254e-07,24.898023774166905,True
1231,9218.0,2521.25,8,17.401372753808182,17.401372753808182,17.401372753808182,1.6651593104713889,10.45027502436511,3.9875992042033346e-07,24.898286870644426,True
379,8232.6,2092.3,10,17.399411960479217,17.399411960479217,17.399411960479217,1.7892215948300365,9.72457073553935,3.9871498800018014e-07,24.898409218707958,True
3498,8814.666666666666,4024.6666666666665,9,17.389168325695344,17.389168325695344,17.389168325695344,1.841467996316515,9.443101026180669,3.9848025071542553e-07,24.899048617348726,True
717,8410.5,2353.5,8,17.382055603692223,17.382055603692223,17.382055603692223,2.1846001382336784,7.956630277312987,3.983172596399475e-07,24.899492808782227,True
3497,8482.25,4025.0,8,17.381893955895592,17.381893955895592,17.381893955895592,1.9544838396742956,8.893342376671782,3.9831355541135404e-07,24.899502905843548,True
2319,8602.0,3687.0,5,17.35836472314427,17.35836472314427,17.35836472314427,2.7677979157933805,6.27154338981737,3.977743729507395e-07,24.9009736228011,True
3316,8847.111111111111,3985.0,9,17.357034269604036,17.357034269604036,17.357034269604036,1.8830795112391328,9.217366641190045,3.9774388503720923e-07,24.901056843597633,True
3055,8462.333333333334,3928.166666666667,6,17.336996438525087,17.336996438525087,17.336996438525087,1.953343414460376,8.87554963975167,3.972847095434431e-07,24.90231099600612,True
4919,8785.0,3940.125,8,17.336695038506676,17.336695038506676,17.336695038506676,1.9048348613300279,9.101416290964739,3.9727780283274524e-07,24.90232987146461,True
535,8537.375,2158.75,8,17.33318313283651,17.33318313283651,17.33318313283651,1.710433473192523,10.13379555796703,3.9719732600799284e-07,24.902549832038336,True
2477,9316.333333333334,3751.5555555555557,9,17.327484670910177,17.327484670910177,17.327484670910177,1.5847315995120737,10.934018527960932,3.970667433087765e-07,24.90290683765148,True
2905,8168.375,3892.25,8,17.32533630056112,17.32533630056112,17.32533630056112,1.938811335043567,8.936060970662627,3.970175124807525e-07,24.903041462389485,True
2485,8689.5,3753.5,6,17.304478051684267,17.304478051684267,17.304478051684267,2.266843016439834,7.633734637196725,3.965395367612553e-07,24.904349385006785,True
1366,9369.333333333334,2596.9166666666665,12,17.297580485387563,17.297580485387563,17.297580485387563,1.8300239058822385,9.4521062975123,3.9638147607107407e-07,24.90478224581732,True
2001,9437.888888888889,3432.333333333333,9,17.29303366306716,17.29303366306716,17.29303366306716,1.5303229752832188,11.30025095510751,3.962772836873868e-07,24.905067678716378,True
1371,8609.6,2596.8,5,17.257310531554918,17.257310531554918,17.257310531554918,2.6539107311572603,6.5025964622516605,3.954586728064798e-07,24.907312861041216,True
4771,8398.5,4320.1,10,17.251280589934783,17.251280589934783,17.251280589934783,1.8770935751370303,9.190421201391313,3.953204941079022e-07,24.90769229849626,True
4884,9109.111111111111,2179.3333333333335,9,17.249002519878683,17.249002519878683,17.249002519878683,1.5379077706703768,11.215888786594668,3.952682911554608e-07,24.907835681849527,True
1484,9322.714285714286,2660.142857142857,7,17.24646197043421,17.24646197043421,17.24646197043421,1.532356285739815,11.25486424464771,3.9521007337525265e-07,24.907995608179412,True
1654,8941.5,2796.0,6,17.237074258349306,17.237074258349306,17.237074258349306,2.264892352103147,7.610549014545085,3.9499494992626576e-07,24.908586764438713,True
3202,8841.222222222223,3958.5555555555557,9,17.23313719395096,17.23313719395096,17.23313719395096,1.9353560134792005,8.904375770621577,3.949047304068988e-07,24.90883478226026,True
857,9181.333333333334,2395.0,9,17.227989259990988,17.227989259990988,17.227989259990988,1.7105838127998427,10.071409030693811,3.94786763292163e-07,24.909159165058895,True
3076,8281.5,3933.5,8,17.222023808190514,17.222023808190514,17.222023808190514,2.000272481658181,8.609838892506206,3.946500624054639e-07,24.909535182742808,True
3195,9096.2,3958.5,10,17.203603549834686,17.203603549834686,17.203603549834686,1.8434983671498049,9.332041653192688,3.9422795428445457e-07,24.910697081295798,True
2102,8957.142857142857,3554.714285714286,7,17.19593725882533,17.19593725882533,17.19593725882533,2.1344010648153198,8.056563287140797,3.940522779377629e-07,24.91118101623488,True
1130,8702.57142857143,2478.142857142857,7,17.17625818930629,17.17625818930629,17.17625818930629,2.2034375868211113,7.795209763162111,3.9360132361902143e-07,24.912424246718636,True
2122,8909.166666666666,3568.333333333333,6,17.16908014061249,17.16908014061249,17.16908014061249,2.1340135425694533,8.04544104248753,3.9343683555440674e-07,24.912878076428214,True
1082,7964.5,2460.4,10,17.168155952331034,17.168155952331034,17.168155952331034,1.9221571059828155,8.93171317729141,3.9341565738353594e-07,24.912936521707543,True
4885,9106.9,2181.2,10,17.166961475249725,17.166961475249725,17.166961475249725,1.6258129425772085,10.559001608165929,3.9338828542888473e-07,24.91301206459836,True
3770,8208.888888888889,4080.0,9,17.151846472057645,17.151846472057645,17.151846472057645,1.8481526287743497,9.280535711724381,3.930419186476371e-07,24.913968444393774,True
1027,9104.666666666666,2439.777777777778,9,17.151771608623807,17.151771608623807,17.151771608623807,1.790614493845914,9.578707012353577,3.930402031199404e-07,24.91397318336564,True
4210,8673.0,4165.6,10,17.145633979674773,17.145633979674773,17.145633979674773,1.9132857880727043,8.961355426648495,3.9289955672003206e-07,24.914361775209144,True
4773,8740.888888888889,4321.0,9,17.12929493549758,17.12929493549758,17.12929493549758,1.7680778093334495,9.688088864118022,3.9252514051459695e-07,24.915396927941455,True
2377,9165.777777777777,3717.1111111111113,9,17.129074636730493,17.129074636730493,17.129074636730493,1.7894154588344264,9.572441409379506,3.92520092273859e-07,24.915410891615167,True
2188,7955.625,3614.0,8,17.11898692769735,17.11898692769735,17.11898692769735,2.0690829611486805,8.27370736173551,3.9228892809456176e-07,24.9160504951861,True
3812,7837.545454545455,4089.6363636363635,11,17.097181821306805,17.097181821306805,17.097181821306805,1.77897364077434,9.610699916759225,3.9178925472901377e-07,24.91743432029144,True
3120,9099.5,3940.5,8,17.087239586541337,17.087239586541337,17.087239586541337,1.6657516004816522,10.257975787986974,3.9156142415495687e-07,24.918065873736012,True
4134,8746.0,4149.3,10,17.079548164245086,17.079548164245086,17.079548164245086,1.8846495899530051,9.062452911828014,3.9138517191404667e-07,24.918554702586718,True
4383,8643.444444444445,4203.777777777777,9,17.046418730053244,17.046418730053244,17.046418730053244,1.8067222802032055,9.434996688110804,3.9062599671972075e-07,24.920662765198188,True
3225,8271.5,3965.5,8,17.019850575158287,17.019850575158287,17.019850575158287,1.9312914402944137,8.81267851141292,3.900171760547356e-07,24.922356288680497,True
4701,8634.444444444445,4290.444444444444,9,17.019679609569845,17.019679609569845,17.019679609569845,1.7755942247292593,9.585342964361685,3.900132583049462e-07,24.922367195031327,True
2456,8855.857142857143,3743.857142857143,7,17.018067462072402,17.018067462072402,17.018067462072402,2.074720447484494,8.202583380669935,3.899763152535628e-07,24.922470043607237,True
4169,8639.666666666666,4157.222222222223,9,16.99124628666336,16.99124628666336,16.99124628666336,1.8419617855872836,9.224537891944342,3.893616965149722e-07,24.924182558446443,True
2517,7591.875,3769.875,8,16.98272451085774,16.98272451085774,16.98272451085774,1.4144092473442569,12.006938262560912,3.8916641636724104e-07,24.924727234296682,True
1194,8228.833333333334,2506.8333333333335,6,16.974814775011904,16.974814775011904,16.974814775011904,1.9885655824977202,8.536210685941189,3.8898516137770344e-07,24.925233035771925,True
4754,8366.111111111111,4311.888888888889,9,16.962214533123312,16.962214533123312,16.962214533123312,1.7794406461807604,9.532329482036708,3.886964214303523e-07,24.9260392665891,True
1140,8359.333333333334,2481.8333333333335,6,16.961190583727724,16.961190583727724,16.961190583727724,2.2920043888332957,7.4001562415687685,3.886729571907618e-07,24.92610481065386,True
4311,8645.5,4187.5,8,16.95967038793294,16.95967038793294,16.95967038793294,1.7102288480329577,9.916608766972518,3.8863812125208455e-07,24.926202127264734,True
3970,8679.888888888889,4122.888888888889,9,16.94313580158645,16.94313580158645,16.94313580158645,1.844161848775147,9.187445132779274,3.882592241139685e-07,24.927261166469343,True
234,8857.7,2031.2,10,16.940366073485812,16.940366073485812,16.940366073485812,1.6632733987165425,10.184955814574904,3.8819575460655537e-07,24.927438668434398,True
4323,8429.875,4189.875,8,16.93757756871907,16.93757756871907,16.93757756871907,1.7126300893013338,9.889804969868738,3.8813185482378483e-07,24.92761740304835,True
1160,8514.833333333334,2490.6666666666665,6,16.934476258776552,16.934476258776552,16.934476258776552,2.499911760953378,6.7740295970759945,3.8806078697624347e-07,24.92781622208149,True
1328,9058.0,2576.0,7,16.930897814855605,16.930897814855605,16.930897814855605,1.7216417285173111,9.834158602461734,3.87978785398935e-07,24.928045674508482,True
4258,8459.25,4177.5,8,16.92548879308431,16.92548879308431,16.92548879308431,1.7169397559303152,9.857939822654592,3.878548353450174e-07,24.928392596989454,True
3760,9038.875,4078.125,8,16.907310806939282,16.907310806939282,16.907310806939282,1.5740506760009791,10.741274766257122,3.8743827899563364e-07,24.92955930502543,True
2896,8099.555555555556,3888.5555555555557,9,16.895566526684114,16.895566526684114,16.895566526684114,2.007191403626707,8.417516384414684,3.8716915377625e-07,24.93031374913142,True
4009,8896.777777777777,4127.333333333334,9,16.893808904918966,16.893808904918966,16.893808904918966,1.7699852007435535,9.544604609022743,3.8712887711962557e-07,24.930426702600492,True
1133,8142.75,2479.375,8,16.889788471886803,16.889788471886803,16.889788471886803,2.100312403711972,8.041560123168704,3.8703674717225633e-07,24.930685119705913,True
2220,7962.375,3627.625,8,16.887872540185143,16.887872540185143,16.887872540185143,2.0680828341121957,8.165955570843908,3.8699284277553467e-07,24.930808289656365,True
972,9130.125,2427.125,8,16.856992565819898,16.856992565819898,16.856992565819898,1.6766985476566096,10.053681139868342,3.862852149179697e-07,24.932795407721514,True
3230,8099.111111111111,3967.222222222222,9,16.854120317730256,16.854120317730256,16.854120317730256,1.9084177458032234,8.831462794136101,3.862193961210358e-07,24.932980421118035,True
3836,8087.111111111111,4094.3333333333335,9,16.848389211925806,16.848389211925806,16.848389211925806,1.795968659445241,9.38122673985309,3.8608806537335085e-07,24.933349679622047,True
3764,8506.0,4080.1111111111113,9,16.840910497936555,16.840910497936555,16.840910497936555,1.9600596235553522,8.59203990304582,3.8591668743453e-07,24.93383172648835,True
3627,8379.57142857143,4053.714285714286,7,16.83836994849208,16.83836994849208,16.83836994849208,1.7712208040891813,9.506646438218024,3.858584696543218e-07,24.933995528474643,True
1969,9469.333333333334,3393.5555555555557,9,16.834397856029806,16.834397856029806,16.834397856029806,1.4865443050956484,11.324518077479457,3.8576744745184575e-07,24.934251678764397,True
1938,7523.5,3332.5,10,16.832008643981414,16.832008643981414,16.832008643981414,1.5901420884636774,10.585223022581417,3.857126976329801e-07,24.934405782174636,True
1141,8965.25,2481.875,8,16.83022721929281,16.83022721929281,16.83022721929281,1.879789514069711,8.953250932257658,3.856718755221551e-07,24.93452069773106,True
4119,8833.4,4147.8,10,16.82495097720285,16.82495097720285,16.82495097720285,1.8662956266559672,9.015158550925737,3.8555096817158704e-07,24.93486112719339,True
3865,8361.285714285714,4100.0,7,16.824585063085586,16.824585063085586,16.824585063085586,1.693931813081886,9.932268189990168,3.855425830926427e-07,24.93488474036919,True
2111,8992.142857142857,3562.857142857143,7,16.819975955114394,16.819975955114394,16.819975955114394,2.0242670337587376,8.309168540813713,3.854369634065522e-07,24.93518221938367,True
2446,8927.714285714286,3741.714285714286,7,16.819240195379287,16.819240195379287,16.819240195379287,1.9279532238863326,8.723883954754552,3.854201031566414e-07,24.93522971400893,True
181,8284.9,2011.8,10,16.815181537505588,16.815181537505588,16.815181537505588,1.7286302383479182,9.72746002266867,3.8532709727063304e-07,24.93549174508249,True
1438,7928.25,2634.0,8,16.7889641158077,16.7889641158077,16.7889641158077,1.9273350921463048,8.710973086216834,3.847263138072946e-07,24.937185893774853,True
928,9263.555555555555,2413.8888888888887,9,16.782969061168966,16.782969061168966,16.782969061168966,1.588235884550071,10.567050665728654,3.845889345588595e-07,24.93757366101516,True
3789,8634.222222222223,4084.4444444444443,9,16.780499521526643,16.780499521526643,16.780499521526643,1.9423716885792837,8.639180451502806,3.84532343998725e-07,24.93773343404917,True
1461,7874.142857142857,2649.285714285714,7,16.779909712896377,16.779909712896377,16.779909712896377,1.726238116694239,9.720507009212639,3.8451882828098273e-07,24.937771596669855,True
2380,8850.666666666666,3718.0,6,16.764171960375673,16.764171960375673,16.764171960375673,1.991769401488793,8.41672331538225,3.841581909317611e-07,24.938790378409855,True
2923,8766.375,3895.125,8,16.75805457753866,16.75805457753866,16.75805457753866,2.008735525685663,8.342588839224344,3.840180084801936e-07,24.939186644695496,True
3732,8638.75,4072.5,8,16.757466160485436,16.757466160485436,16.757466160485436,1.844300370633643,9.086082954442016,3.840045246510362e-07,24.93922476826835,True
4610,8314.4,4263.4,10,16.748475356933074,16.748475356933074,16.748475356933074,1.8813893313758852,8.90218471935561,3.8379849653131384e-07,24.939807449471672,True
4248,8623.666666666666,4175.666666666666,9,16.727513853344263,16.727513853344263,16.727513853344263,1.8251366682844443,9.165074673047613,3.8331815468580424e-07,24.941167150371562,True
1590,9250.75,2741.25,8,16.723331295678303,16.723331295678303,16.723331295678303,1.7088735555169838,9.786172441891999,3.8322230958291333e-07,24.941438662453837,True
1978,9118.714285714286,3406.142857142857,7,16.711292845830947,16.711292845830947,16.711292845830947,1.923093772418607,8.689796142813018,3.8294644334115e-07,24.94222052148464,True
336,8570.555555555555,2073.3333333333335,9,16.709404054912863,16.709404054912863,16.709404054912863,1.7860959120816564,9.355266949487842,3.829031608871252e-07,24.942343243562593,True
3443,8461.25,4014.375,8,16.70838721914022,16.70838721914022,16.70838721914022,1.9830644843467775,8.425539033665853,3.828798596592556e-07,24.942409317074386,True
4343,8739.555555555555,4194.555555555556,9,16.698677603039084,16.698677603039084,16.698677603039084,1.780857223922786,9.376763829643819,3.826573596416663e-07,24.943040445974116,True
231,8837.363636363636,2029.2727272727273,11,16.68648817582951,16.68648817582951,16.68648817582951,1.7601227999946554,9.480297724613406,3.8237803368889076e-07,24.943833283314657,True
247,8821.4,2038.5,10,16.68357448184152,16.68357448184152,16.68357448184152,1.7046308128170014,9.787206916828486,3.8231126514141937e-07,24.944022884580484,True
3268,9010.111111111111,3977.777777777778,9,16.67100865009719,16.67100865009719,16.67100865009719,1.7832681447329735,9.348570880569117,3.820233137172831e-07,24.944840953813085,True
2781,8687.833333333334,3856.833333333333,6,16.669588449023134,16.669588449023134,16.669588449023134,1.9246054163522979,8.66130184784421,3.8199076920052095e-07,24.944933451480146,True
4954,8353.5,4094.5,8,16.66528352422445,16.66528352422445,16.66528352422445,1.8163172841912587,9.175315166174233,3.8189212000229816e-07,24.945213879300145,True
4757,8262.555555555555,4314.111111111111,9,16.664099279674826,16.664099279674826,16.664099279674826,1.7738533431337284,9.39429369636368,3.818649825304994e-07,24.945291035075332,True
4424,8143.75,4213.0,8,16.657981716820874,16.657981716820874,16.657981716820874,1.6706506315780296,9.970954669969755,3.817247959537666e-07,24.945689693223407,True
3122,8190.666666666667,3941.0,9,16.65335852268631,16.65335852268631,16.65335852268631,1.9956270984177202,8.344925029275418,3.816188534772006e-07,24.94599106622429,True
3469,8297.833333333334,4017.8333333333335,6,16.648104550860293,16.648104550860293,16.648104550860293,1.6391464632383355,10.156569241512386,3.8149845645928284e-07,24.94633365942898,True
279,8263.444444444445,2049.5555555555557,9,16.640136781963644,16.640136781963644,16.640136781963644,1.6623076321853625,10.010263118438306,3.8131587161749446e-07,24.94685341625488,True
4102,8078.0,4144.375,8,16.636937939355054,16.636937939355054,16.636937939355054,1.6725870577645843,9.946829291857819,3.812425687670765e-07,24.94706215450926,True
119,8203.5,1986.7,10,16.634648128386935,16.634648128386935,16.634648128386935,1.6312199229806115,10.197673467592054,3.811900967666003e-07,24.947211599183706,True
425,8141.333333333333,2109.3333333333335,9,16.627983156475363,16.627983156475363,16.627983156475363,1.6922318495574622,9.826066777329459,3.8103736607651837e-07,24.947646706156632,True
4011,8110.333333333333,4127.666666666666,9,16.612581316265402,16.612581316265402,16.612581316265402,1.786128884013524,9.300886103435085,3.8068442630197636e-07,24.948652846515426,True
2390,8792.0,3719.5,6,16.603561761401064,16.603561761401064,16.603561761401064,2.1757650915123996,7.63113712329107,3.8047773933360814e-07,24.949242490983465,True
2982,8690.285714285714,3910.0,7,16.601324660406142,16.601324660406142,16.601324660406142,1.9642022565566022,8.451942565990908,3.80426475204776e-07,24.949388788821484,True
2914,8857.857142857143,3893.857142857143,7,16.593346221075087,16.593346221075087,16.593346221075087,1.7928556326349983,9.255260668527724,3.8024364584540644e-07,24.949910708778873,True
4875,8859.222222222223,2053.6666666666665,9,16.58097130421096,16.58097130421096,16.58097130421096,1.6093734858621527,10.30274914422889,3.799600693176369e-07,24.95072072670212,True
2527,9261.1,3776.0,10,16.570124908324676,16.570124908324676,16.570124908324676,1.7246404158503892,9.607872317055868,3.797115195036853e-07,24.95143119039536,True
4741,8311.111111111111,4308.0,9,16.561119619640646,16.561119619640646,16.561119619640646,1.7767738939914088,9.320893151146628,3.7950515945095786e-07,24.952021410795385,True
3103,7837.5,3938.5,8,16.548248135277905,16.548248135277905,16.548248135277905,1.6691822113197692,9.913985437332054,3.792102038659707e-07,24.952865585011523,True
4605,8075.888888888889,4263.0,9,16.525667253765402,16.525667253765402,16.525667253765402,1.7389962747324612,9.502991750978778,3.786927532807589e-07,24.954348136086256,True
3673,8717.666666666666,4062.0,9,16.525642458233186,16.525642458233186,16.525642458233186,1.8807219049417943,8.786861265777958,3.7869218508050296e-07,24.954349765153747,True
3763,8130.125,4080.0,8,16.520401322076005,16.520401322076005,16.520401322076005,1.708551011310883,9.669246755120733,3.78572082197442e-07,24.954694162889552,True
2863,8528.833333333334,3878.833333333333,6,16.51956022026337,16.51956022026337,16.51956022026337,2.0716995323549474,7.973917048427005,3.7855280798864153e-07,24.954749442293487,True
1324,8106.285714285715,2575.0,7,16.516280276403457,16.516280276403457,16.516280276403457,2.1255598847460386,7.770319902502685,3.784776466682638e-07,24.95496503564643,True
1538,8919.5,2701.0,6,16.51243722679413,16.51243722679413,16.51243722679413,2.0794136371258998,7.940910327786973,3.783895815381119e-07,24.955217696871678,True
2481,8630.0,3753.0,5,16.505974433837636,16.505974433837636,16.505974433837636,2.240074597581022,7.368493197352382,3.782414838655038e-07,24.955642725698528,True
2753,7937.857142857143,3848.5714285714284,7,16.491232020483046,16.491232020483046,16.491232020483046,1.6533887403702814,9.974201237628959,3.7790365514019283e-07,24.95661289103733,True
4983,8753.888888888889,4177.333333333334,9,16.48839432362014,16.48839432362014,16.48839432362014,1.7784849075743963,9.271034155756764,3.7783862809943923e-07,24.956799733071115,True
1399,8605.8,2609.8,5,16.472687385497785,16.472687385497785,16.472687385497785,2.7572800812370706,5.9742524880197205,3.7747869687537266e-07,24.95783450449195,True
1127,8949.75,2476.625,8,16.468358360955406,16.468358360955406,16.468358360955406,1.9035371487703965,8.651450995633713,3.773794954211863e-07,24.958119873617154,True
1108,9260.222222222223,2470.222222222222,9,16.46106058720046,16.46106058720046,16.46106058720046,1.6230117371010206,10.14229300436407,3.772122638054432e-07,24.95860111243416,True
1223,8073.75,2517.625,8,16.450514637658287,16.450514637658287,16.450514637658287,2.0382491521960615,8.070904687944594,3.769705988483338e-07,24.959296923530715,True
927,9063.0,2413.714285714286,7,16.442149264440562,16.442149264440562,16.442149264440562,1.5828087179951338,10.387957229138228,3.7677890273298817e-07,24.95984917972934,True
4365,8982.8,4197.5,10,16.42700557315012,16.42700557315012,16.42700557315012,1.6908463729831842,9.715256120026872,3.764318785516617e-07,24.960849634724447,True
4948,8328.714285714286,4082.4285714285716,7,16.420513255224257,16.420513255224257,16.420513255224257,1.7046088779553903,9.63300934752845,3.7628310430171675e-07,24.961278826637148,True
975,8273.875,2427.875,8,16.406116329857994,16.406116329857994,16.406116329857994,2.13436634923157,7.686644954726092,3.7595319258184436e-07,24.962231179303696,True
4297,8633.0,4183.0,7,16.40549860678675,16.40549860678675,16.40549860678675,1.6039782789196393,10.22800546765302,3.759390371927141e-07,24.96227206021153,True
2816,8961.75,3866.875,8,16.404963814446617,16.404963814446617,16.404963814446617,1.8171069851082098,9.028067113764186,3.7592678219685774e-07,24.962307454007465,True
318,8892.9,2067.4,10,16.397205158111056,16.397205158111056,16.397205158111056,1.6957323902576062,9.669689186994939,3.7574898925909885e-07,24.96282106969233,True
2838,8682.666666666666,3871.5,6,16.386848809740908,16.386848809740908,16.386848809740908,1.9038804083405263,8.607078857449943,3.755116690941698e-07,24.963507028955302,True
2592,8555.0,3800.5,6,16.382301690600283,16.382301690600283,16.382301690600283,2.4479366731214744,6.692289825337054,3.754074699087199e-07,24.9638083472278,True
730,7946.555555555556,2358.0,9,16.351668897899927,16.351668897899927,16.351668897899927,1.7812801505826095,9.179728911564938,3.7470550632502655e-07,24.96584043445697,True
2752,7827.5,3848.75,8,16.34998210592,16.34998210592,16.34998210592,1.695689093342318,9.642087202255382,3.746668527633106e-07,24.965952441714585,True
2732,8246.42857142857,3843.4285714285716,7,16.331948382482558,16.331948382482558,16.331948382482558,2.0169687583913816,8.097273849451184,3.742536022557481e-07,24.967150649295174,True
2153,8035.333333333333,3591.0,6,16.32786214592255,16.32786214592255,16.32786214592255,2.010815034346751,8.120021915007685,3.741599643923139e-07,24.967422333357376,True
4509,8543.714285714286,4234.857142857143,7,16.3252636023617,16.3252636023617,16.3252636023617,1.5894388645673436,10.27108620928654,3.7410041765205425e-07,24.967595139651717,True
4279,8678.9,4179.9,10,16.319642349120578,16.319642349120578,16.319642349120578,1.9047490472171573,8.567870068219019,3.7397160422297565e-07,24.967969053929764,True
2933,8694.42857142857,3897.285714285714,7,16.311444384679824,16.311444384679824,16.311444384679824,1.984297599231734,8.220261109520655,3.73783744351559e-07,24.96851459671591,True
3616,8940.3,4051.9,10,16.311226173278293,16.311226173278293,16.311226173278293,1.8800195112882225,8.676094091226506,3.7377874394369804e-07,24.968529121585572,True
2130,7607.272727272727,3576.636363636364,11,16.28911879106388,16.28911879106388,16.28911879106388,1.7654291616941915,9.226719000966344,3.7327214379799456e-07,24.970001669742242,True
4320,8462.125,4189.75,8,16.27405151052205,16.27405151052205,16.27405151052205,1.7126366924533967,9.50233729210195,3.7292687060174647e-07,24.97100643021289,True
3161,8047.0,3950.0,7,16.268258196935683,16.268258196935683,16.268258196935683,1.66286878201373,9.78324830732276,3.7279411433605676e-07,24.97139300451749,True
3181,8483.142857142857,3955.4285714285716,7,16.26193485938075,16.26193485938075,16.26193485938075,2.015287468851858,8.069287935703505,3.726492123437905e-07,24.97181510324853,True
4166,8533.222222222223,4157.555555555556,9,16.257621351513208,16.257621351513208,16.257621351513208,1.8455427046954058,8.809127694607541,3.7255036646086336e-07,24.97210313495834,True
1554,9381.375,2709.75,8,16.25606235189168,16.25606235189168,16.25606235189168,1.5400099837267496,10.555816211368185,3.725146413158526e-07,24.972207254955876,True
3860,8244.0,4098.5,6,16.235844018481142,16.235844018481142,16.235844018481142,1.511156772549694,10.743983889300427,3.720513295337374e-07,24.973558470188784,True
2503,8288.8,3762.6,5,16.234991691528066,16.234991691528066,16.234991691528066,2.0666831085102526,7.855578644193252,3.7203179809602907e-07,24.973615469167175,True
2261,8914.0,3652.5,6,16.233053567431337,16.233053567431337,16.233053567431337,1.9345912983683686,8.390947266806313,3.7198738515105565e-07,24.973745091476545,True
2193,7583.0,3615.7,10,16.2235830267634,16.2235830267634,16.2235830267634,1.6255835842351398,9.980159238872252,3.7177036364956187e-07,24.974378706678408,True
2653,8748.714285714286,3819.0,7,16.210932833776504,16.210932833776504,16.210932833776504,2.071491682153677,7.825729146506835,3.714804790513682e-07,24.975225629954743,True
818,9126.222222222223,2384.8888888888887,9,16.210131231579126,16.210131231579126,16.210131231579126,1.7664527259728229,9.176657259622877,3.7146210999319345e-07,24.975279319033294,True
2934,8723.5,3897.5,6,16.206042172930605,16.206042172930605,16.206042172930605,1.7935993677289408,9.03548610939283,3.713684074603906e-07,24.975553234093297,True
4079,8468.714285714286,4140.142857142857,7,16.190800292120006,16.190800292120006,16.190800292120006,1.6430439523862306,9.854149226261253,3.7101913322409445e-07,24.976574856065472,True
1083,8466.4,2458.8,5,16.18829598229955,16.18829598229955,16.18829598229955,2.15650630652884,7.506723227884545,3.709617458904145e-07,24.976742805153513,True
1193,8089.571428571428,2507.5714285714284,7,16.18337784491542,16.18337784491542,16.18337784491542,1.9248364228162036,8.407663972420954,3.708490446627781e-07,24.977072710853633,True
1897,7501.875,3233.75,8,16.17729982061116,16.17729982061116,16.17729982061116,1.403041655016668,11.530163600466286,3.707097641288703e-07,24.97748055961294,True
4200,8277.555555555555,4163.666666666666,9,16.16504627827102,16.16504627827102,16.16504627827102,1.8125300712025205,8.918498255615889,3.704289689503777e-07,24.97830326524791,True
4450,8977.888888888889,4218.777777777777,9,16.160355631145773,16.160355631145773,16.160355631145773,1.5942975918857285,10.136348266092137,3.703214807595984e-07,24.978618361434965,True
249,8971.7,2037.1,10,16.15550498568674,16.15550498568674,16.15550498568674,1.595559859563586,10.125289182259547,3.7021032613837416e-07,24.978944301783162,True
3884,8730.714285714286,4105.428571428572,7,16.147250277624156,16.147250277624156,16.147250277624156,1.5992483594346976,10.096774639388649,3.700211659625249e-07,24.979499204021394,True
1098,9052.125,2466.125,8,16.14554246587484,16.14554246587484,16.14554246587484,1.7163310596117904,9.407009431808996,3.699820307237776e-07,24.97961404283782,True
2328,8599.2,3690.6,5,16.137670181213117,16.137670181213117,16.137670181213117,2.7563059574399675,5.854818162567715,3.698016339441875e-07,24.980143557959767,True
4952,8961.857142857143,4089.285714285714,7,16.1282478400326,16.1282478400326,16.1282478400326,1.5495130382451714,10.408591242509255,3.695857169546216e-07,24.98077767456772,True
2061,9036.833333333334,3519.166666666667,6,16.127978684924013,16.127978684924013,16.127978684924013,1.8694237675664722,8.627245980679199,3.695795491498628e-07,24.98079579394978,True
2479,8651.833333333334,3752.333333333333,6,16.12032068016327,16.12032068016327,16.12032068016327,2.381317873981378,6.7694955202311355,3.694040626861122e-07,24.981311453587338,True
768,8816.0,2368.4285714285716,7,16.103558642492324,16.103558642492324,16.103558642492324,1.7501471548051777,9.201259790228859,3.690199534033381e-07,24.982440998085945,True
2182,8848.333333333334,3610.166666666667,6,16.08251130821503,16.08251130821503,16.08251130821503,2.437102383420164,6.599029822311062,3.685376447107875e-07,24.983860982329485,True
4868,8486.888888888889,1979.4444444444443,9,16.078105989727316,16.078105989727316,16.078105989727316,1.6733728969440618,9.608202701913836,3.6843669494812e-07,24.984158427727454,True
3468,7908.0,4019.222222222222,9,16.068704668316183,16.068704668316183,16.068704668316183,1.7702775412355543,9.076940928201083,3.6822125963558527e-07,24.984793473948876,True
421,8359.4,2105.0,10,16.064174457427463,16.064174457427463,16.064174457427463,1.8787183130836274,8.550603007142985,3.6811744790998e-07,24.985099616077658,True
3007,8652.42857142857,3915.857142857143,7,16.063538653478652,16.063538653478652,16.063538653478652,2.0074391566924366,8.002005241317397,3.6810287818978507e-07,24.985142589280514,True
1773,7605.0,3005.0,9,16.061549726757345,16.061549726757345,16.061549726757345,1.6567352906773458,9.694698855718032,3.680573010808793e-07,24.985277029362184,True
3931,8868.0,4113.714285714286,7,16.0473791190243,16.0473791190243,16.0473791190243,1.5681130157142331,10.233560309883119,3.677325755266439e-07,24.986235363595753,True
4867,8205.0,1978.2857142857142,7,16.04241858206751,16.04241858206751,16.04241858206751,1.357240206619445,11.819881627309927,3.6761890269461407e-07,24.98657103630158,True
3927,8465.375,4114.0,8,16.034041248986412,16.034041248986412,16.034041248986412,1.7940147564344189,8.937519154443223,3.6742693251386947e-07,24.987138154623253,True
4772,8566.0,4319.375,8,16.020365082451978,16.020365082451978,16.020365082451978,1.6778850779600978,9.54795134237016,3.6711353729177514e-07,24.988064623820417,True
1103,8821.285714285714,2467.0,7,16.01462851248744,16.01462851248744,16.01462851248744,1.9990682207948596,8.011046519522873,3.669820813305181e-07,24.988453473704197,True
1674,7956.428571428572,2826.714285714286,7,16.008977038488418,16.008977038488418,16.008977038488418,2.1513021616572816,7.441528820923839,3.6685257537980995e-07,24.988836691639165,True
3242,8162.888888888889,3970.777777777778,9,15.998296324047397,15.998296324047397,15.998296324047397,1.9435438772437923,8.231507665643825,3.666078222272403e-07,24.98956130436455,True
4715,8531.125,4297.25,8,15.997615181634107,15.997615181634107,15.997615181634107,1.6857976919252629,9.48964117002916,3.6659221355668534e-07,24.98960753158197,True
3388,8571.5,4002.0,6,15.991359593890078,15.991359593890078,15.991359593890078,1.7229418121127604,9.28142754529861,3.6644886408039503e-07,24.990032172773503,True
4814,8441.222222222223,4338.777777777777,9,15.987396780285177,15.987396780285177,15.987396780285177,1.7812603343694617,8.975328575957127,3.6635805450691554e-07,24.990301262051098,True
2747,8722.166666666666,3846.166666666667,6,15.983464601061709,15.983464601061709,15.983464601061709,1.8952834831892682,8.433284383487425,3.662679469334262e-07,24.99056833708027,True
2716,9043.666666666666,3838.4444444444443,9,15.982814375194849,15.982814375194849,15.982814375194849,1.8458451848057524,8.658805465788184,3.6625304672879337e-07,24.990612506986032,True
713,8364.57142857143,2350.5714285714284,7,15.97346125327113,15.97346125327113,15.97346125327113,1.9760298932379112,8.083613161892561,3.6603871592818644e-07,24.99124806436501,True
4680,8603.57142857143,4283.857142857143,7,15.972458941564582,15.972458941564582,15.972458941564582,1.5703721544554403,10.171129751790186,3.6601574752552107e-07,24.991316194886966,True
4718,8115.5,4297.5,8,15.966643654534497,15.966643654534497,15.966643654534497,1.654097375919981,9.652783377190305,3.6588248772894376e-07,24.991711564025493,True
2906,8758.714285714286,3890.4285714285716,7,15.962421042547254,15.962421042547254,15.962421042547254,1.8991140721333826,8.405193388207461,3.6578572476410063e-07,24.991998740789573,True
3448,8225.0,4015.0,7,15.950198752508191,15.950198752508191,15.950198752508191,1.7103226130928024,9.32584217176735,3.6550564574549193e-07,24.99283039820501,True
4315,8477.5,4187.5,8,15.947077595421952,15.947077595421952,15.947077595421952,1.713361701572898,9.307478730721154,3.6543412309213943e-07,24.993042877366122,True
4807,8630.111111111111,4335.888888888889,9,15.94673067692214,15.94673067692214,15.94673067692214,1.7700908003078066,9.008990202168789,3.6542617330591654e-07,24.99306649712154,True
4893,9225.875,2408.5,8,15.930124603936353,15.930124603936353,15.930124603936353,1.5567780474728334,10.23275259424182,3.65045638020799e-07,24.994197713869973,True
32,8548.4,1932.2,10,15.924256130095916,15.924256130095916,15.924256130095916,1.674495818598925,9.509881095684056,3.649111594256497e-07,24.994597760233486,True
3158,8750.285714285714,3949.0,7,15.91199360571864,15.91199360571864,15.91199360571864,1.8017583421503511,8.831369464746363,3.646301584199236e-07,24.995434156947738,True
2540,8296.0,3781.5,6,15.899370553515322,15.899370553515322,15.899370553515322,2.2046861821828374,7.211625256241011,3.6434089576442676e-07,24.99629581792162,True
4767,8528.888888888889,4318.666666666666,9,15.896828714641867,15.896828714641867,15.896828714641867,1.7844558487056073,8.90850212190622,3.6428264843640043e-07,24.99646940888916,True
1767,9092.5,2998.0,6,15.892974259875185,15.892974259875185,15.892974259875185,1.9403466556260003,8.190791173213194,3.641943219521758e-07,24.996732695900636,True
2058,9063.5,3516.0,6,15.865920426867373,15.865920426867373,15.865920426867373,1.8099515366482228,8.76593660416391,3.6357437176491834e-07,24.998582466389735,True
3039,8648.0,3924.285714285714,7,15.856333834753064,15.856333834753064,15.856333834753064,1.9939115052899288,7.952375916727278,3.6335469089475436e-07,24.999238694056896,True
1070,7853.125,2453.5,8,15.851144634911698,15.851144634911698,15.851144634911698,1.6748473970457542,9.464232181911836,3.6323577815464683e-07,24.9995940740785,True
4,8494.3,1908.8,10,15.815102382537326,15.815102382537326,15.815102382537326,1.6368521836915821,9.661900164295611,3.624098544823073e-07,25.0020656265287,True
2837,8149.285714285715,3871.142857142857,7,15.803967578039197,15.803967578039197,15.803967578039197,1.8378055577686097,8.599368693403967,3.6215469566131153e-07,25.002830320802843,True
2440,9269.375,3739.0,8,15.803176724145096,15.803176724145096,15.803176724145096,1.572434875620036,10.050131149573781,3.6213657290511653e-07,25.002884654006593,True
492,8862.375,2139.0,8,15.801670872399487,15.801670872399487,15.801670872399487,1.6401062859853226,9.634540765695776,3.621020656664785e-07,25.002988116474206,True
1269,8977.0,2536.714285714286,7,15.801076037511853,15.801076037511853,15.801076037511853,1.8082433054268654,8.738357271994296,3.6208843476989283e-07,25.003028988476586,True
1226,8894.714285714286,2518.5714285714284,7,15.800935847387342,15.800935847387342,15.800935847387342,1.9811917433324722,7.975470269631403,3.620852222530596e-07,25.00303862137555,True
4672,8765.25,4280.375,8,15.799708210656323,15.799708210656323,15.799708210656323,1.670029775398365,9.460734439233274,3.620570904308124e-07,25.003122979760356,True
4901,9365.3,2581.3,10,15.792193694945773,15.792193694945773,15.792193694945773,1.6586354116958197,9.521196511052143,3.6188489208019207e-07,25.003639490728666,True
4877,8979.0,2057.0,9,15.787301126751242,15.787301126751242,15.787301126751242,1.5334149494692249,10.295517943278071,3.6177277678150246e-07,25.003975913999245,True
4984,8577.714285714286,4220.571428571428,7,15.785273654088996,15.785273654088996,15.785273654088996,1.5924978603872553,9.912273069083067,3.61726316375827e-07,25.004115357835666,True
1354,8676.8,2589.6,5,15.785112998901113,15.785112998901113,15.785112998901113,2.356241200183826,6.69927722071476,3.6172263489328874e-07,25.004126408011004,True
3858,8029.888888888889,4100.0,9,15.778451029094992,15.778451029094992,15.778451029094992,1.781636035349938,8.85615844989119,3.6156997299774084e-07,25.004584730266025,True
4943,8582.625,4052.625,8,15.769258820244957,15.769258820244957,15.769258820244957,1.8942099687340581,8.324979321476118,3.6135932958923593e-07,25.00521744270571,True
1749,7605.875,2957.125,8,15.74526818914143,15.74526818914143,15.74526818914143,1.5432123937789002,10.202917143884275,3.6080957398747847e-07,25.00687048999961,True
2875,8809.42857142857,3884.4285714285716,7,15.733118636236219,15.733118636236219,15.733118636236219,1.849547849683901,8.506467480106073,3.605311617714902e-07,25.00770860220587,True
3203,8965.285714285714,3958.5714285714284,7,15.722170931921031,15.722170931921031,15.722170931921031,1.5966581208920885,9.846923850634163,3.602802904314372e-07,25.00846436186201,True
4595,8219.0,4257.375,8,15.721481167504468,15.721481167504468,15.721481167504468,1.6757809980298715,9.381584578168265,3.6026448418397914e-07,25.00851199641779,True
2606,8163.166666666667,3803.833333333333,6,15.720051171801455,15.720051171801455,15.720051171801455,1.875192520667134,8.383166527460743,3.602317152190933e-07,25.00861075738731,True
74,8319.444444444445,1956.888888888889,9,15.71742159489089,15.71742159489089,15.71742159489089,1.602868514928772,9.805808429389069,3.601714573363141e-07,25.008792389472234,True
4967,8152.125,4130.875,8,15.709004723260087,15.709004723260087,15.709004723260087,1.6915949821346434,9.286504682957093,3.599785811127442e-07,25.009373970233998,True
3058,8844.5,3927.625,8,15.708397709557701,15.708397709557701,15.708397709557701,1.8742683326236453,8.381082599612999,3.599646711333947e-07,25.009415925119033,True
2414,8101.6,3729.8,5,15.704325340209708,15.704325340209708,15.704325340209708,1.770436207906853,8.870314146351864,3.598713510430718e-07,25.009697436458115,True
4252,8283.666666666666,4175.111111111111,9,15.70305449131423,15.70305449131423,15.70305449131423,1.8091735134845228,8.679684051459317,3.598422289955416e-07,25.00978530158184,True
3535,8731.0,4035.0,8,15.696143471429039,15.696143471429039,15.696143471429039,1.8006134092016495,8.71710906473164,3.596838600106097e-07,25.010263246568286,True
1166,8137.571428571428,2494.285714285714,7,15.684311968908338,15.684311968908338,15.684311968908338,1.9979484557885838,7.85020850936707,3.594127360556002e-07,25.01108196580431,True
11,8544.909090909092,1916.909090909091,11,15.680631661852459,15.680631661852459,15.680631661852459,1.729436743958526,9.06690095294315,3.5932840024086377e-07,25.011336762540473,True
4440,8250.333333333334,4216.333333333334,9,15.679867807659445,15.679867807659445,15.679867807659445,1.789675606025964,8.761290456697417,3.593108961943998e-07,25.01138965354455,True
3672,8694.875,4061.625,8,15.670677982995201,15.670677982995201,15.670677982995201,1.802279285986957,8.694922093838352,3.591003074205349e-07,25.01202617998372,True
1639,8101.5,2784.0,6,15.67058980705536,15.67058980705536,15.67058980705536,2.4729653334695283,6.336760808963621,3.590982868310532e-07,25.012032289233094,True
4736,8331.833333333334,4306.166666666666,6,15.662934186480403,15.662934186480403,15.662934186480403,1.4518130711846837,10.78853365998379,3.589228550019424e-07,25.01256283821285,True
1576,9125.875,2731.125,8,15.662390553185631,15.662390553185631,15.662390553185631,1.9035973176100018,8.227785576442198,3.589103974118185e-07,25.012600522888448,True
331,8171.333333333333,2072.1111111111113,9,15.643857065471945,15.643857065471945,15.643857065471945,1.6469908694291202,9.498447960974074,3.5848569459150775e-07,25.013886047823092,True
2646,9074.0,3817.0,7,15.629791361913703,15.629791361913703,15.629791361913703,1.6091450036302004,9.713103124114479,3.581633729614333e-07,25.014862694002623,True
871,8590.833333333334,2400.1666666666665,6,15.627126100085146,15.627126100085146,15.627126100085146,1.9999155806067692,7.813892872090089,3.581022973434524e-07,25.01504785437699,True
2143,8913.166666666666,3586.166666666667,6,15.625715615771181,15.625715615771181,15.625715615771181,2.0543566073347117,7.606135935690214,3.580699754904154e-07,25.01514585595399,True
2843,8949.555555555555,3873.1111111111113,9,15.621938291820834,15.621938291820834,15.621938291820834,1.9371402478321575,8.064433284736742,3.5798341649192993e-07,25.015408351013754,True
4934,9018.875,4041.0,8,15.615795933434644,15.615795933434644,15.615795933434644,1.648308780242082,9.473829248874837,3.578426617149406e-07,25.015835333388363,True
1122,8243.4,2475.8,5,15.615246437011466,15.615246437011466,15.615246437011466,1.7578840567278502,8.882978588518462,3.5783006976871444e-07,25.01587353948818,True
2729,8098.0,3842.25,8,15.604883038232018,15.604883038232018,15.604883038232018,1.9636008472937903,7.947074915830511,3.575925880406322e-07,25.016594351212,True
4111,8437.285714285714,4144.857142857143,7,15.591951949224496,15.591951949224496,15.591951949224496,1.639331078697063,9.511167177783848,3.572962665896444e-07,25.0174944266403,True
3482,7810.222222222223,4022.4444444444443,9,15.581693235668478,15.581693235668478,15.581693235668478,1.6271783529052881,9.575897570077514,3.5706118376835857e-07,25.018209021103544,True
3099,8176.0,3936.5,6,15.578992726824648,15.578992726824648,15.578992726824648,1.6264457912604051,9.578550241598766,3.5699930044990455e-07,25.018397209530065,True
2548,7815.5,3785.5,8,15.571214043328446,15.571214043328446,15.571214043328446,1.7093440760843999,9.109467345508037,3.5682104858116956e-07,25.01893945944417,True
914,8962.125,2411.0,8,15.568708264062096,15.568708264062096,15.568708264062096,1.7711700258413228,8.790069861681863,3.5676362757450666e-07,25.01911419432306,True
2499,8836.5,3761.0,6,15.556539895556337,15.556539895556337,15.556539895556337,1.921637591972241,8.095459810187279,3.5648478419096153e-07,25.01996312820753,True
4667,8484.777777777777,4279.444444444444,9,15.556438986095724,15.556438986095724,15.556438986095724,1.7938394971862461,8.672146538470699,3.564824718073897e-07,25.01997017099538,True
1734,9250.125,2923.0,8,15.555943333336998,15.555943333336998,15.555943333336998,1.7343129858864883,8.969513265441895,3.5647111371182894e-07,25.020004764819767,True
23,8333.555555555555,1926.111111111111,9,15.555211607250513,15.555211607250513,15.555211607250513,1.5677340519883076,9.922098450003258,3.5645434589470643e-07,25.020055837273087,True
4700,8523.444444444445,4292.0,9,15.548833910259543,15.548833910259543,15.548833910259543,1.7898545073790804,8.687205494165003,3.5630819823264757e-07,25.020501084603968,True
482,8934.375,2134.25,8,15.542301022240796,15.542301022240796,15.542301022240796,1.5879008776716692,9.787954173204055,3.561584943016229e-07,25.020957355702684,True
248,8890.1,2038.0,10,15.538615032073455,15.538615032073455,15.538615032073455,1.649110161604971,9.422423919182414,3.5607402825594973e-07,25.021214877906136,True
1447,8654.75,2643.25,4,15.53791038355692,15.53791038355692,15.53791038355692,2.4203403658010934,6.419721210745549,3.5605788093295667e-07,25.021264115225684,True
1165,8913.0,2493.285714285714,7,15.528110606298474,15.528110606298474,15.528110606298474,1.8881485614739784,8.223987732287599,3.5583331483377586e-07,25.021949106285497,True
807,8857.75,2383.625,8,15.508460365960289,15.508460365960289,15.508460365960289,1.8598744057387964,8.338444960642317,3.553830211480791e-07,25.023323934724964,True
3886,9093.666666666666,4105.666666666666,9,15.508457723888693,15.508457723888693,15.508457723888693,1.5685519297805048,9.887117811941915,3.5538296060387524e-07,25.023324119694518,True
725,8573.57142857143,2355.285714285714,7,15.500368220434217,15.500368220434217,15.500368220434217,2.029367685139223,7.638028502149343,3.5519758616248e-07,25.023890607893335,True
2190,8900.833333333334,3613.166666666667,6,15.491964700243837,15.491964700243837,15.491964700243837,2.0491922738515376,7.560034701441695,3.550050158928941e-07,25.024479399086633,True
3639,8796.0,4055.0,7,15.490705592260388,15.490705592260388,15.490705592260388,1.6022924187549086,9.667839285102362,3.549761628933989e-07,25.024567645781396,True
2329,8745.5,3690.5,4,15.475947302197063,15.475947302197063,15.475947302197063,2.046477260819583,7.562237606294819,3.546379703464975e-07,25.025602540389468,True
931,9039.666666666666,2416.5555555555557,9,15.475359026226347,15.475359026226347,15.475359026226347,1.8046111135226153,8.57545368653877,3.546244897503062e-07,25.025643812477508,True
3249,8085.0,3973.285714285714,7,15.472329718694715,15.472329718694715,15.472329718694715,1.6686144280762245,9.272561388872228,3.5455507186889347e-07,25.02585636656515,True
2415,8293.6,3730.2,5,15.471974037109122,15.471974037109122,15.471974037109122,2.231640660415233,6.933004184567202,3.545469212728013e-07,25.025881326013447,True
4627,8567.375,4267.375,8,15.464484535882153,15.464484535882153,15.464484535882153,1.6878634664695749,9.162165567946378,3.5437529613980137e-07,25.026407024375295,True
3687,7915.2,4065.7,10,15.462931915160617,15.462931915160617,15.462931915160617,1.830014305737815,8.449623517520186,3.543397171700199e-07,25.026516036813092,True
2073,9446.3,3530.5,10,15.461441799041232,15.461441799041232,15.461441799041232,1.5707265578286747,9.84349677031925,3.543055705200062e-07,25.02662067097877,True
2494,8891.5,3758.0,6,15.459951760790712,15.459951760790712,15.459951760790712,1.8247375574617775,8.47242481395276,3.542714256543909e-07,25.026725309760536,True
4075,9052.5,4139.0,8,15.457794987389722,15.457794987389722,15.457794987389722,1.482982149304459,10.423453171462421,3.542220022668277e-07,25.02687678826185,True
4475,8172.125,4227.25,8,15.455448948571362,15.455448948571362,15.455448948571362,1.6735775631532201,9.234976190438076,3.5416824178104604e-07,25.02704158360284,True
2057,9342.285714285714,3513.0,7,15.442701441869755,15.442701441869755,15.442701441869755,1.4836412367775802,10.408649381713596,3.5387612719734006e-07,25.02793745796145,True
958,8313.166666666666,2425.1666666666665,6,15.428791406176455,15.428791406176455,15.428791406176455,1.9368546122431813,7.965900645638804,3.535573727631596e-07,25.028915877143056,True
1444,9083.285714285714,2642.0,7,15.406080348119763,15.406080348119763,15.406080348119763,1.7559525889031806,8.773631159223298,3.530369391266026e-07,25.030515249609135,True
4261,8811.0,4176.5,8,15.371918522545975,15.371918522545975,15.371918522545975,1.6655398602463323,9.229390955718394,3.522541062409479e-07,25.032925461282325,True
3505,8833.444444444445,4027.777777777778,9,15.363401953014677,15.363401953014677,15.363401953014677,1.8228465274361656,8.42824764552357,3.520589453972258e-07,25.03352716303614,True
4329,8997.0,4190.7,10,15.356492801543673,15.356492801543673,15.356492801543673,1.6770889298766933,9.156635958877116,3.519006192278065e-07,25.03401554465871,True
2169,8973.142857142857,3601.714285714286,7,15.335983378515271,15.335983378515271,15.335983378515271,1.9945009385601693,7.689133197192838,3.514306370022442e-07,25.03546657300223,True
4219,8626.0,4168.5,8,15.32918199224202,15.32918199224202,15.32918199224202,1.7292019605786382,8.864888163272992,3.512747803185538e-07,25.035948195152393,True
1568,9333.0,2721.5,6,15.327249410174254,15.327249410174254,15.327249410174254,1.4207485531763449,10.788150637850284,3.5123049437155116e-07,25.036085084818044,True
3942,8417.0,4116.285714285714,7,15.326571566686658,15.326571566686658,15.326571566686658,1.6779766664485678,9.133959889397804,3.5121496129729345e-07,25.036133102271812,True
3914,8665.75,4111.0,8,15.320811592766923,15.320811592766923,15.320811592766923,1.7697845493749444,8.656879504444738,3.510829690243646e-07,25.036541216221654,True
1317,9034.875,2571.75,8,15.314370476433922,15.314370476433922,15.314370476433922,1.8708326335334775,8.185858105067034,3.509353680808814e-07,25.03699777321479,True
2749,8765.666666666666,3846.666666666667,6,15.304260613940126,15.304260613940126,15.304260613940126,1.8352812980750999,8.338918197440202,3.507036962455313e-07,25.037714764389293,True
309,8199.666666666666,2065.3333333333335,9,15.296284738811789,15.296284738811789,15.296284738811789,1.6468190499190696,9.288382193273451,3.5052092564596677e-07,25.038280747543364,True
422,8517.285714285714,2106.0,7,15.29223452292445,15.29223452292445,15.29223452292445,1.5873802833060373,9.633630128676733,3.504281132116968e-07,25.038568271500576,True
3729,9005.75,4071.625,8,15.284015499779859,15.284015499779859,15.284015499779859,1.6247082650019358,9.407236873852948,3.502397707710492e-07,25.039151972327467,True
4949,8332.142857142857,4082.714285714286,7,15.277922732458142,15.277922732458142,15.277922732458142,1.7060018929339156,8.955396119862309,3.5010015239457284e-07,25.039584872761054,True
3326,8942.75,3986.875,8,15.277019344994708,15.277019344994708,15.277019344994708,1.7054381989043335,8.957826413651048,3.5007945088336885e-07,25.039649074517598,True
2451,8747.8,3741.4,5,15.27674450677465,15.27674450677465,15.27674450677465,2.0000156280873784,7.638312567279212,3.500731528476731e-07,25.039668607417536,True
2016,9097.5,3456.5,6,15.272047879717714,15.272047879717714,15.272047879717714,1.804788985242043,8.461957605348283,3.499655276241942e-07,25.040002453548773,True
3434,7878.375,4012.25,8,15.259082161614575,15.259082161614575,15.259082161614575,1.644490697127633,9.27891060026488,3.4966841263262735e-07,25.040924617280837,True
1148,8628.333333333334,2485.1666666666665,6,15.241928460619814,15.241928460619814,15.241928460619814,2.227363396738599,6.843036247671889,3.492753282167965e-07,25.042145848695746,True
4292,8918.666666666666,4182.0,9,15.220459047588644,15.220459047588644,15.220459047588644,1.700630294205628,8.949892930549135,3.487833474085636e-07,25.043676268652234,True
2768,8073.666666666667,3851.166666666667,6,15.2063673758725,15.2063673758725,15.2063673758725,1.6583825899186413,9.169396415707975,3.484604307070126e-07,25.04468194956346,True
388,8868.444444444445,2093.777777777778,9,15.182513300213156,15.182513300213156,15.182513300213156,1.6656381507791527,9.115133015601904,3.479138043318297e-07,25.046386470316946,True
4459,8389.0,4222.0,7,15.16294918738367,15.16294918738367,15.16294918738367,1.590499862665209,9.5334489133341,3.474654842949365e-07,25.047786446907494,True
2814,7817.5,3867.5,8,15.155000054070634,15.155000054070634,15.155000054070634,1.6837865240469196,9.000547181982514,3.4728332649553965e-07,25.048355790299652,True
174,8488.777777777777,2009.4444444444443,9,15.147742811474142,15.147742811474142,15.147742811474142,1.7310139147224872,8.75079205466849,3.471170236686771e-07,25.048875839010712,True
892,9013.888888888889,2406.1111111111113,9,15.1274910605281,15.1274910605281,15.1274910605281,1.8117785414934842,8.349525460246491,3.4665294610940245e-07,25.05032838352841,True
4974,8837.25,4149.25,8,15.124300800988355,15.124300800988355,15.124300800988355,1.6686703848725077,9.063683839600175,3.4657983994368853e-07,25.050557380231385,True
4881,8376.714285714286,2145.0,7,15.115347487554574,15.115347487554574,15.115347487554574,1.5871836839844864,9.52337630488288,3.463746709261137e-07,25.051200306811676,True
203,8103.9,2019.6,10,15.114837928649386,15.114837928649386,15.114837928649386,1.6111542562931047,9.381372310945043,3.4636299416524215e-07,25.051236909071587,True
3472,8972.0,4018.875,8,15.11188777608601,15.11188777608601,15.11188777608601,1.6830818574126212,8.978700417647726,3.4629539015387807e-07,25.051448846513246,True
1079,9187.5,2456.0,6,15.091371896288756,15.091371896288756,15.091371896288756,1.4346501023704208,10.519200376003754,3.4582525996868813e-07,25.052923842069074,True
2563,9132.0,3788.0,7,15.091202838048957,15.091202838048957,15.091202838048957,1.5803413324467888,9.549331228769269,3.45821385926611e-07,25.052936004891716,True
2175,9205.875,3606.125,8,15.080236756035966,15.080236756035966,15.080236756035966,1.7070323707753352,8.834183237653843,3.455700934537303e-07,25.05372524617091,True
1650,8014.166666666667,2795.1666666666665,6,15.078895928881533,15.078895928881533,15.078895928881533,2.0575999909199982,7.3283903554740135,3.4553936782438116e-07,25.053821786386578,True
1993,7942.0,3425.5,6,15.077608468554384,15.077608468554384,15.077608468554384,2.080437702143224,7.247325143656907,3.4550986511876933e-07,25.053914492243447,True
844,8381.333333333334,2393.5,6,15.066172959826357,15.066172959826357,15.066172959826357,1.9951272716538566,7.551484646559557,3.4524781553136787e-07,25.054738273856316,True
122,8522.125,1986.25,8,15.06614860219685,15.06614860219685,15.06614860219685,1.5876109826082894,9.489823871994538,3.452472573658403e-07,25.054740029178095,True
3828,7951.75,4092.5,8,15.04498799962727,15.04498799962727,15.04498799962727,1.6558219851919627,9.086114409746212,3.4476235308178917e-07,25.056266031760476,True
1627,9412.875,2776.5,8,15.044401013085523,15.044401013085523,15.044401013085523,1.4967676146615234,10.05126037316597,3.4474890203341577e-07,25.05630839304205,True
2298,8898.666666666666,3673.333333333333,6,15.036174180529482,15.036174180529482,15.036174180529482,1.947288427300408,7.721595819975493,3.4456038063675523e-07,25.056902275979578,True
2181,8798.5,3609.5,4,15.02770606837138,15.02770606837138,15.02770606837138,2.293218218326187,6.553107745385024,3.4436633021452426e-07,25.057513916002293,True
3866,8650.833333333334,4100.166666666666,6,15.023224713824158,15.023224713824158,15.023224713824158,1.5574034774734844,9.646327962613617,3.4426363805293977e-07,25.05783773751382,True
2168,7909.857142857143,3600.857142857143,7,15.01584921561244,15.01584921561244,15.01584921561244,1.8610774102458916,8.068363590329376,3.440946253479323e-07,25.058370899462577,True
4520,8769.5,4238.0,6,15.002874734423518,15.002874734423518,15.002874734423518,1.4464990736770829,10.371852293195984,3.4379730954649605e-07,25.05930943801374,True
3271,9219.0,3976.714285714286,7,14.999912840948124,14.999912840948124,14.999912840948124,1.3733635360065113,10.92202643195633,3.4372943648709714e-07,25.059523807094163,True
1764,9339.0,2988.0,7,14.996721846685432,14.996721846685432,14.996721846685432,1.5611624298372395,9.60612525645325,3.436563134848918e-07,25.059754804874366,True
1154,7932.857142857143,2488.285714285714,7,14.987887484655408,14.987887484655408,14.987887484655408,1.6106218633641975,9.305652571578381,3.4345387028975444e-07,25.06039458556142,True
962,9246.625,2425.25,8,14.984352432915845,14.984352432915845,14.984352432915845,1.5308754791227912,9.788093569505762,3.4337286306289404e-07,25.060650698130097,True
4707,8390.888888888889,4296.0,9,14.980642858776388,14.980642858776388,14.980642858776388,1.7840159715999901,8.397146156343565,3.432878565803843e-07,25.060919519728685,True
1728,8080.5,2913.5,4,14.97512904963358,14.97512904963358,14.97512904963358,2.550486937408677,5.871478434172447,3.431615052789033e-07,25.061319211801276,True
2413,8167.333333333333,3728.666666666667,6,14.969457032702334,14.969457032702334,14.969457032702334,2.067051726232527,7.2419363495978555,3.4303152857809205e-07,25.061730525832665,True
3066,8678.285714285714,3929.5714285714284,7,14.961066348180799,14.961066348180799,14.961066348180799,1.9400361084524125,7.7117463345130215,3.4283925244336315e-07,25.062339273637736,True
1476,7823.75,2657.75,8,14.958957993218588,14.958957993218588,14.958957993218588,1.766174372695452,8.469694852603332,3.427909385850921e-07,25.062492289376802,True
1640,9388.714285714286,2784.0,7,14.951492888555546,14.951492888555546,14.951492888555546,1.443429586172388,10.358311227500291,3.4261987250981864e-07,25.063034249416482,True
3402,9125.333333333334,4005.0,9,14.947743479046164,14.947743479046164,14.947743479046164,1.6526813646049598,9.044540465680825,3.4253395318272087e-07,25.063306555345775,True
4704,8567.0,4293.571428571428,7,14.943278891668342,14.943278891668342,14.943278891668342,1.5732494909862438,9.498352916866764,3.4243164524801497e-07,25.063630891136725,True
1397,8141.0,2610.6666666666665,6,14.937373521349794,14.937373521349794,14.937373521349794,2.1441743425453366,6.966492054754152,3.422963211542442e-07,25.064060043375584,True
3521,8848.285714285714,4030.1428571428573,7,14.926829440221812,14.926829440221812,14.926829440221812,1.6028920007450218,9.312436167429773,3.420546990126474e-07,25.064826719862275,True
791,9005.42857142857,2375.8571428571427,7,14.926447970495252,14.926447970495252,14.926447970495252,1.5898091041362368,9.388830351808167,3.420459574702439e-07,25.064854467267526,True
2727,8883.714285714286,3840.5714285714284,7,14.924210650548963,14.924210650548963,14.924210650548963,1.8402909555193323,8.109701678307347,3.419946883240473e-07,25.06501722007662,True
3963,8752.166666666666,4120.166666666666,6,14.923982026598816,14.923982026598816,14.923982026598816,1.4668228164933084,10.174359069677656,3.4198944930816866e-07,25.065033852594546,True
2370,8747.2,3712.6,5,14.921990058837638,14.921990058837638,14.921990058837638,2.156460738656968,6.919666929865355,3.419438025125299e-07,25.065178780125407,True
1560,9052.6,2712.8,5,14.917789123473868,14.917789123473868,14.917789123473868,1.5848882302381144,9.412518080995914,3.418475362768112e-07,25.06548448665363,True
3451,8652.42857142857,4015.714285714286,7,14.916434390172986,14.916434390172986,14.916434390172986,1.7960511264006016,8.30512793923993,3.418164919821516e-07,25.065583090392582,True
3216,9015.0,3962.714285714286,7,14.91376267157557,14.91376267157557,14.91376267157557,1.5748653729833189,9.469865124613124,3.417552684045429e-07,25.065777576645015,True
2124,7933.166666666667,3570.166666666667,6,14.913007142565615,14.913007142565615,14.913007142565615,1.7942398027016182,8.311602005546215,3.417379551332195e-07,25.06583258127375,True
2322,8094.166666666667,3688.166666666667,6,14.90923726799286,14.90923726799286,14.90923726799286,2.009997980503072,7.417538431686038,3.416515668404168e-07,25.066107080354136,True
2473,8836.833333333334,3749.833333333333,6,14.894803407214052,14.894803407214052,14.894803407214052,1.9471690912696804,7.649465818863053,3.4132080872972366e-07,25.06715870732096,True
98,8334.42857142857,1972.2857142857142,7,14.887015921697635,14.887015921697635,14.887015921697635,1.4417522623655143,10.325640756944043,3.411423551589201e-07,25.067726513811795,True
3541,8771.42857142857,4034.8571428571427,7,14.877522570714978,14.877522570714978,14.877522570714978,1.6427232558917915,9.056621386076598,3.4092481094928077e-07,25.068419101416907,True
4490,8675.5,4229.75,8,14.862911545464673,14.862911545464673,14.862911545464673,1.6877145468629662,8.806531633617226,3.4058999303873427e-07,25.069485913038903,True
983,8739.833333333334,2430.1666666666665,6,14.861657502673037,14.861657502673037,14.861657502673037,1.8621258617089098,7.981016647840441,3.40561256110282e-07,25.069577524773273,True
4765,8458.125,4317.625,8,14.861040913293042,14.861040913293042,14.861040913293042,1.683604233727814,8.826920612089411,3.40547126700173e-07,25.069622571384052,True
1357,8669.8,2591.6,5,14.845749519286857,14.845749519286857,14.845749519286857,2.3858259380512,6.222478045239638,3.4019671784776287e-07,25.070740324013556,True
4065,8846.0,4135.5,6,14.845535161517027,14.845535161517027,14.845535161517027,1.4477695286768293,10.254073502351522,3.401918057475253e-07,25.070756001071253,True
2787,7969.375,3858.5,8,14.838871800133873,14.838871800133873,14.838871800133873,1.7830052664859453,8.322393701830853,3.400391119633928e-07,25.07124343899312,True
723,8568.857142857143,2354.8571428571427,7,14.834079844579724,14.834079844579724,14.834079844579724,2.030109867455651,7.307033024361075,3.3992930224651217e-07,25.071594115241595,True
2272,9233.25,3664.0,8,14.832511269280591,14.832511269280591,14.832511269280591,1.6767947458048564,8.845752472918818,3.3989335767074195e-07,25.07170892849986,True
4057,7948.625,4134.375,8,14.831450306603589,14.831450306603589,14.831450306603589,1.6131386567937405,9.194157144608042,3.3986904525593213e-07,25.07178659348657,True
1697,7920.285714285715,2856.0,7,14.830566508398084,14.830566508398084,14.830566508398084,2.090286770413143,7.094991327657324,3.398487926409758e-07,25.071851293855104,True
3718,8889.444444444445,4069.4444444444443,9,14.828695837292013,14.828695837292013,14.828695837292013,1.7901681507158893,8.283409483830896,3.3980592541021516e-07,25.071988253117684,True
3318,8705.0,3986.25,8,14.823426567742516,14.823426567742516,14.823426567742516,1.9155151819414766,7.738610848658575,3.396851778384024e-07,25.072374130169223,True
2962,7814.777777777777,3903.5555555555557,9,14.822006765636743,14.822006765636743,14.822006765636743,1.7712408643962367,8.368148603374236,3.3965264246416956e-07,25.072478128011568,True
1600,8092.2,2748.4,5,14.814263008056388,14.814263008056388,14.814263008056388,2.112361430136581,7.013128907157961,3.3947519093777653e-07,25.073045519132066,True
3694,8293.0,4065.714285714286,7,14.804256541357068,14.804256541357068,14.804256541357068,1.7045890839270668,8.684941538667326,3.392458884614052e-07,25.07377914010677,True
1072,9037.57142857143,2454.714285714286,7,14.800962073431043,14.800962073431043,14.800962073431043,1.606982726650329,9.21040520720647,3.391703943158228e-07,25.074020781498714,True
3509,8649.714285714286,4028.285714285714,7,14.793822390661267,14.793822390661267,14.793822390661267,1.778636857280764,8.31750580794695,3.3900678542281296e-07,25.074544644899945,True
4038,8884.875,4132.25,8,14.793070160576978,14.793070160576978,14.793070160576978,1.6692486658614119,8.86211291529956,3.3898954774778625e-07,25.074599853363324,True
4709,8463.444444444445,4295.777777777777,9,14.791977945598902,14.791977945598902,14.791977945598902,1.790037437080081,8.263502002353459,3.3896451917309266e-07,25.074680019354023,True
4006,8693.42857142857,4126.285714285714,7,14.787481886968635,14.787481886968635,14.787481886968635,1.6074036234607014,9.199607162220738,3.3886149006113837e-07,25.07501008174859,True
1715,9044.4,2886.2,5,14.786772392211661,14.786772392211661,14.786772392211661,1.9435973652167131,7.607940130420439,3.3884523168446705e-07,25.075062175988236,True
2571,8464.5,3791.5,4,14.785940092419231,14.785940092419231,14.785940092419231,2.1625254514430745,6.837348472616786,3.3882615917773495e-07,25.075123290302223,True
2596,9304.6,3800.7,10,14.784493728515105,14.784493728515105,14.784493728515105,1.6330157833913665,9.053491018813915,3.387930151285e-07,25.07522950245093,True
3367,8636.857142857143,3996.5714285714284,7,14.77694426260951,14.77694426260951,14.77694426260951,1.839204557680297,8.034421294196324,3.386200158791693e-07,25.075784057925603,True
1904,9086.0,3246.833333333333,6,14.767842652819521,14.767842652819521,14.767842652819521,1.9788663237408401,7.462779307347278,3.38411448586985e-07,25.076453004877997,True
4003,8588.42857142857,4127.0,7,14.763856036291148,14.763856036291148,14.763856036291148,1.6730741835929257,8.824388171829762,3.383200935593046e-07,25.076746141684737,True
2696,7838.444444444444,3835.5555555555557,9,14.756384435924826,14.756384435924826,14.756384435924826,1.809373523704839,8.155521368362864,3.381488786322044e-07,25.077295743386394,True
2398,8799.666666666666,3723.166666666667,6,14.751752259753115,14.751752259753115,14.751752259753115,2.128029368444389,6.932118737880387,3.380427303284046e-07,25.07763662030923,True
3159,8882.0,3948.714285714286,7,14.749174697027234,14.749174697027234,14.749174697027234,1.6871834288204937,8.741891631390875,3.3798366437297726e-07,25.077826346766486,True
3356,8661.857142857143,3993.5714285714284,7,14.748760802373914,14.748760802373914,14.748760802373914,1.8242129557304894,8.084999482128943,3.3797417979946947e-07,25.077856815367255,True
3592,8353.166666666666,4045.1666666666665,6,14.744788529894716,14.744788529894716,14.744788529894716,1.6418657675906208,8.980507920286422,3.378831534718284e-07,25.078149275255576,True
1735,9308.125,2924.125,8,14.740171276757401,14.740171276757401,14.740171276757401,1.6859669693947545,8.742858872287977,3.3777734713576256e-07,25.078489321093965,True
1101,7842.25,2467.125,8,14.737881981560871,14.737881981560871,14.737881981560871,1.6729873144238685,8.809320820604189,3.377248869544135e-07,25.078657959820646,True
2705,7934.833333333333,3836.166666666667,6,14.73030364753998,14.73030364753998,14.73030364753998,1.5370784917994371,9.583312580410524,3.375512261798388e-07,25.079216397445762,True
2294,9007.42857142857,3672.714285714286,7,14.719697577581433,14.719697577581433,14.719697577581433,1.829690476231163,8.044911294450957,3.3730818353760146e-07,25.07999842760963,True
1892,9247.375,3224.0,8,14.712188088128258,14.712188088128258,14.712188088128258,1.7596146861125552,8.361028243422595,3.371361003658247e-07,25.08055247466242,True
1235,8006.5,2523.0,6,14.701420190356142,14.701420190356142,14.701420190356142,1.6318226238248714,9.009202333460179,3.3688934936982847e-07,25.08134741942893,True
3379,7944.0,4000.285714285714,7,14.694626433477424,14.694626433477424,14.694626433477424,1.580467456764994,9.297645687406538,3.367336675169862e-07,25.081849271125876,True
3212,8719.0,3960.714285714286,7,14.692612750158338,14.692612750158338,14.692612750158338,1.818066054877835,8.081451557130364,3.3668752310002373e-07,25.081998065565138,True
3396,8690.125,4004.125,8,14.690556847283531,14.690556847283531,14.690556847283531,1.901503095664304,7.7257601529969,3.366404112038332e-07,25.082150000718414,True
2620,8628.333333333334,3808.5,6,14.685715081713564,14.685715081713564,14.685715081713564,2.173496315575097,6.756724166715596,3.3652946006907565e-07,25.08250790047061,True
2410,9373.0,3728.222222222222,9,14.681450430187525,14.681450430187525,14.681450430187525,1.518369551111643,9.66922078978652,3.364317337501695e-07,25.082823238128455,True
3191,8477.166666666666,3956.6666666666665,6,14.67569053413666,14.67569053413666,14.67569053413666,1.8647373782010943,7.870111204771498,3.3629974326163925e-07,25.083249282869385,True
2717,8010.571428571428,3838.714285714286,7,14.667381388769178,14.667381388769178,14.667381388769178,1.7206746830742097,8.524203635380971,3.3610933563159904e-07,25.083864183737358,True
2534,8892.166666666666,3778.0,6,14.653387906573183,14.653387906573183,14.653387906573183,1.7914428956881772,8.179656712386654,3.357886689850176e-07,25.084900529765754,True
2664,8965.42857142857,3823.4285714285716,7,14.649427992925672,14.649427992925672,14.649427992925672,1.7609120485585836,8.319227530368222,3.356979258653055e-07,25.085193977443666,True
1129,8456.2,2477.6,5,14.642892501769767,14.642892501769767,14.642892501769767,2.2439657514544473,6.525452758037345,3.3554816228227634e-07,25.085678460704926,True
915,8965.625,2412.75,8,14.64009698552816,14.64009698552816,14.64009698552816,1.7683699845600631,8.278865346818437,3.3548410182855194e-07,25.085885761479666,True
1856,7918.333333333333,3140.333333333333,6,14.640062692187197,14.640062692187197,14.640062692187197,2.0834374446225628,7.026878935085763,3.354833159819347e-07,25.08588830473915,True
2208,8838.2,3623.4,5,14.637853286681876,14.637853286681876,14.637853286681876,2.2350381487132673,6.549263284436119,3.3543268650712586e-07,25.08605217101668,True
4592,8916.333333333334,4258.111111111111,9,14.636509481701193,14.636509481701193,14.636509481701193,1.627683381766545,8.992233775721177,3.35401892639611e-07,25.086151849888072,True
3523,7954.777777777777,4030.8888888888887,9,14.635531965526877,14.635531965526877,14.635531965526877,1.7850112211315794,8.199126029162391,3.3537949243720197e-07,25.08622436445481,True
437,8516.0,2113.5,8,14.632133328149006,14.632133328149006,14.632133328149006,1.6992016862104313,8.611181031006195,3.353016112039504e-07,25.086476521477078,True
2312,8300.5,3683.5,4,14.631813925121865,14.631813925121865,14.631813925121865,2.244080473144984,6.520182364323146,3.3529429194658566e-07,25.086500222136973,True
1536,9322.222222222223,2700.1111111111113,9,14.629622999462427,14.629622999462427,14.629622999462427,1.7579246100008983,8.322099205070547,3.352440859453716e-07,25.086662809320984,True
1338,8104.5,2581.3333333333335,6,14.622441651842959,14.622441651842959,14.622441651842959,1.9767085743266137,7.397368454692035,3.350795222844602e-07,25.087195903265563,True
3522,7924.714285714285,4031.0,7,14.62136564932825,14.62136564932825,14.62136564932825,1.5636261124920352,9.35093468477921,3.3505486522531854e-07,25.08727580085722,True
4421,8496.5,4211.0,6,14.614378812334898,14.614378812334898,14.614378812334898,1.47778385475853,9.889388603939572,3.348947588588338e-07,25.08779474519502,True
3390,8920.625,4003.125,8,14.611369930932206,14.611369930932206,14.611369930932206,1.706610215398467,8.56163276130436,3.348258090509269e-07,25.088018305009683,True
2177,9128.142857142857,3609.285714285714,7,14.608680350408582,14.608680350408582,14.608680350408582,1.6870991769262456,8.659052502784325,3.3476417615961777e-07,25.088218179748452,True
4317,8748.0,4187.5,6,14.607940080187682,14.607940080187682,14.607940080187682,1.4525483463101307,10.05676686582986,3.347472125499904e-07,25.088273198992187,True
2779,8050.5,3855.5,8,14.603679024407555,14.603679024407555,14.603679024407555,1.8764455504038613,7.782628715906226,3.346495686291441e-07,25.088589948471032,True
2828,8821.333333333334,3868.833333333333,6,14.600425126574404,14.600425126574404,14.600425126574404,1.728524852755745,8.44675452788388,3.345750041646412e-07,25.088831892184178,True
2663,8694.333333333334,3824.5,6,14.599912049792177,14.599912049792177,14.599912049792177,1.9824453605688672,7.364597451302617,3.345632467901085e-07,25.088870046951705,True
88,8243.333333333334,1964.7777777777778,9,14.593016210827173,14.593016210827173,14.593016210827173,1.5524011170236252,9.40028711059288,3.34405225682474e-07,25.089382983653287,True
494,8337.75,2140.75,8,14.587705456444901,14.587705456444901,14.587705456444901,1.6872556933443401,8.64581788876963,3.3428352746792465e-07,25.089778181444267,True
2206,8946.6,3622.8,5,14.58588471215795,14.58588471215795,14.58588471215795,1.7187971077799218,8.486100335017294,3.342418043316387e-07,25.08991370456522,True
268,8258.444444444445,2044.2222222222222,9,14.576126638683615,14.576126638683615,14.576126638683615,1.6520773715302954,8.822907988372215,3.340181938925582e-07,25.09064031384657,True
171,8202.375,2008.625,8,14.575998150536694,14.575998150536694,14.575998150536694,1.4822392566501392,9.833768796191817,3.340152495315606e-07,25.090649884622902,True
1093,9088.5,2462.5,8,14.560990654656575,14.560990654656575,14.560990654656575,1.7012122633790094,8.559185098827708,3.336713463264784e-07,25.091768338089018,True
160,8409.25,2004.125,8,14.55726941747395,14.55726941747395,14.55726941747395,1.6216067428849166,8.977065173998886,3.335860725803319e-07,25.09204584656292,True
4937,8459.57142857143,4040.714285714286,7,14.554712874517469,14.554712874517469,14.554712874517469,1.8011463328087909,8.080805323474287,3.3352748830193616e-07,25.092236539950008,True
3407,7946.666666666667,4006.4444444444443,9,14.542725149425806,14.542725149425806,14.542725149425806,1.7908230744869214,8.12069341556388,3.332527844397063e-07,25.09313115533645,True
2051,9260.125,3503.625,8,14.538068615624585,14.538068615624585,14.538068615624585,1.6939291767702596,8.582453632060156,3.331460779703789e-07,25.093478860245796,True
4191,7967.0,4163.0,7,14.536217314825077,14.536217314825077,14.536217314825077,1.5034194374416496,9.668770372931442,3.331036546185014e-07,25.09361712842624,True
3537,8007.75,4035.75,8,14.534188114831132,14.534188114831132,14.534188114831132,1.699065879890632,8.554222815519484,3.3305715463027917e-07,25.09376870360182,True
1519,8871.0,2687.6,5,14.52542557519506,14.52542557519506,14.52542557519506,2.1528643892652415,6.747023011585274,3.3285635727610516e-07,25.094423482217834,True
2794,8647.666666666666,3861.5,6,14.525205972216494,14.525205972216494,14.525205972216494,1.9758395333736805,7.351409730837395,3.328513249796596e-07,25.09443989706955,True
4864,8652.333333333334,1974.4444444444443,9,14.521297518047628,14.521297518047628,14.521297518047628,1.6615529452200297,8.739593619223887,3.327617610759726e-07,25.09473208715864,True
4177,8217.875,4158.75,8,14.515762650201001,14.515762650201001,14.515762650201001,1.6974874909950006,8.551322308532848,3.326349272052612e-07,25.09514600003051,True
4407,8273.0,4208.0,7,14.51008091650965,14.51008091650965,14.51008091650965,1.583623481236552,9.162582576244475,3.3250472784072445e-07,25.095571060135246,True
4647,8815.0,4273.5,6,14.509640100024104,14.509640100024104,14.509640100024104,1.4209489915589621,10.211232202012528,3.324946263418839e-07,25.095604045319206,True
4090,8308.375,4142.5,8,14.500576340386555,14.500576340386555,14.500576340386555,1.7314534710320777,8.37479989095122,3.322869264021773e-07,25.096282485780353,True
22,8524.375,1924.625,8,14.498298489281812,14.498298489281812,14.498298489281812,1.4849472073858438,9.76351106434629,3.3223472846710013e-07,25.096453054151233,True
1339,8854.166666666666,2581.8333333333335,6,14.49242055656708,14.49242055656708,14.49242055656708,2.0292675390305366,7.1417002824037175,3.321000331177893e-07,25.096893325014115,True
4966,8149.285714285715,4130.0,7,14.486586196050666,14.486586196050666,14.486586196050666,1.5820443252062002,9.156877569888895,3.3196633624409184e-07,25.0973305088406,True
4866,8201.555555555555,1977.888888888889,9,14.4863401091426,14.4863401091426,14.4863401091426,1.536141246818588,9.430343817109533,3.3196069705704227e-07,25.09734895264312,True
2145,9011.5,3587.0,6,14.484750154040224,14.484750154040224,14.484750154040224,1.7871866862986188,8.104777338084974,3.3192426255391055e-07,25.097468124673213,True
790,8873.142857142857,2376.285714285714,7,14.484290701971082,14.484290701971082,14.484290701971082,1.7105757636140992,8.467494401632768,3.3191373401267876e-07,25.09750256445659,True
4546,8217.125,4246.25,8,14.479413830468335,14.479413830468335,14.479413830468335,1.6771132368864046,8.63353380797928,3.31801978410414e-07,25.097868194205407,True
2944,8535.833333333334,3899.0,6,14.478548409960634,14.478548409960634,14.478548409960634,2.00159261898556,7.233514089045052,3.317821469282854e-07,25.097933089543695,True
1486,8915.8,2661.4,5,14.475837371764884,14.475837371764884,14.475837371764884,1.8325804492659934,7.899155192648113,3.3172002232521595e-07,25.09813640743497,True
503,8763.0,2144.0,7,14.474065882787727,14.474065882787727,14.474065882787727,1.5641372899062658,9.25370552584621,3.316794278954804e-07,25.098269283162004,True
3064,7999.5,3930.0,6,14.46921384575165,14.46921384575165,14.46921384575165,1.5193251909297933,9.523447601692704,3.3156824138567133e-07,25.098633307721464,True
736,9206.875,2356.875,8,14.46784242315022,14.46784242315022,14.46784242315022,1.5444203665454947,9.367813800274716,3.315368146485313e-07,25.09873622096583,True
2630,8113.285714285715,3814.285714285714,7,14.465830905065564,14.465830905065564,14.465830905065564,1.9244228682255233,7.516971006691608,3.3149071984884457e-07,25.098887185414057,True
3082,8494.0,3934.2,5,14.462401054321036,14.462401054321036,14.462401054321036,1.7538415918019445,8.24612731384821,3.3141212334790804e-07,25.099144644159054,True
794,8731.42857142857,2377.714285714286,7,14.457822901830701,14.457822901830701,14.457822901830701,1.8787213005242367,7.695565541198901,3.313072130199387e-07,25.09948839432909,True
4330,9009.444444444445,4191.333333333334,9,14.45367104175979,14.45367104175979,14.45367104175979,1.5750328557730477,9.176742560500893,3.3121207136560516e-07,25.09980023050303,True
4693,8605.714285714286,4288.571428571428,7,14.449207884893436,14.449207884893436,14.449207884893436,1.5691032120702275,9.208577086417144,3.3110979621168307e-07,25.100135547344514,True
4492,8734.714285714286,4231.142857142857,7,14.446778399572391,14.446778399572391,14.446778399572391,1.5686651582469964,9.209599845844,3.3105412351350067e-07,25.100318118041514,True
3696,8622.833333333334,4066.1666666666665,6,14.444821240923769,14.444821240923769,14.444821240923769,1.6129033123216252,8.955788688989538,3.3100927438360636e-07,25.100465216716078,True
358,8614.5,2080.875,8,14.442879997918286,14.442879997918286,14.442879997918286,1.683148535711277,8.580870726192273,3.3096478996750115e-07,25.1006111388716,True
2789,9245.5,3859.5,8,14.438202225396314,14.438202225396314,14.438202225396314,1.4984561911035201,9.635384945597558,3.30857596803778e-07,25.100962845015427,True
108,8177.222222222223,1977.6666666666667,9,14.43756062153274,14.43756062153274,14.43756062153274,1.519454380988011,9.501805912820398,3.308428941760486e-07,25.10101109396023,True
640,8304.125,2198.875,8,14.433055721947834,14.433055721947834,14.433055721947834,1.7064278106581159,8.458052331192057,3.3073966246982673e-07,25.101349925148288,True
1695,8101.0,2852.5,4,14.428744238232214,14.428744238232214,14.428744238232214,2.249860806137587,6.413171961070131,3.306408629712091e-07,25.101674307827647,True
3955,8057.0,4119.375,8,14.425613247582593,14.425613247582593,14.425613247582593,1.6775530918022614,8.59919922539357,3.3056911497753393e-07,25.10190993462475,True
2024,8984.8,3472.6,5,14.421305320678458,14.421305320678458,14.421305320678458,1.9627254990874698,7.347591564578622,3.304703969847771e-07,25.102234216903355,True
4321,8273.0,4190.142857142857,7,14.420700652227424,14.420700652227424,14.420700652227424,1.5888611056101027,9.076124150380064,3.304565407478683e-07,25.1022797415059,True
3358,9114.75,3994.125,8,14.418393933007398,14.418393933007398,14.418393933007398,1.5845957334573615,9.099099302475416,3.3040368128754736e-07,25.102453428552096,True
3304,8441.666666666666,3983.3333333333335,6,14.418321492693789,14.418321492693789,14.418321492693789,1.8004035114126584,8.008383343676485,3.3040202128669e-07,25.102458883477876,True
1024,8980.75,2439.5,8,14.413177334496666,14.413177334496666,14.413177334496666,1.7840960954383696,8.078700116741867,3.302841406951795e-07,25.10284632076585,True
4890,8287.0,2395.8333333333335,6,14.413067224047548,14.413067224047548,14.413067224047548,1.7904555366502943,8.049944234310612,3.3028161746700956e-07,25.102854615353152,True
2339,8184.5,3696.5,4,14.412189405773724,14.412189405773724,14.412189405773724,1.8385974844030262,7.838686568448784,3.302615018847526e-07,25.102920743408394,True
830,8796.0,2389.714285714286,7,14.40919647894862,14.40919647894862,14.40919647894862,1.8143015085148022,7.942007660426889,3.3019291768283435e-07,25.103146237701893,True
4903,8972.833333333334,2780.6666666666665,6,14.4031127715329,14.4031127715329,14.4031127715329,2.058258745422331,6.997717271244995,3.300535069179898e-07,25.103604743227514,True
3044,8027.714285714285,3924.714285714286,7,14.386545760259656,14.386545760259656,14.386545760259656,1.6684436795894202,8.622733830488048,3.2967386674876946e-07,25.1048543173348,True
2066,7935.5,3523.333333333333,6,14.38599622490204,14.38599622490204,14.38599622490204,1.859033839407639,7.738426229769965,3.2966127391034396e-07,25.104895790933757,True
3298,8378.5,3981.0,6,14.38546025993622,14.38546025993622,14.38546025993622,1.7863557354458957,8.052965025102035,3.29648992043267e-07,25.104936241897246,True
2699,8167.571428571428,3835.285714285714,7,14.37891016684535,14.37891016684535,14.37891016684535,1.944078480715145,7.396260135319204,3.2949889385063505e-07,25.10543071983858,True
4377,8553.0,4200.714285714286,7,14.371249301061653,14.371249301061653,14.371249301061653,1.5999888004503804,8.98209368529098,3.293233418253163e-07,25.106009337814413,True
188,8249.888888888889,2013.0,9,14.36682516697341,14.36682516697341,14.36682516697341,1.6102173394391839,8.922289441981276,3.2922196089509227e-07,25.106343629006926,True
4748,8536.285714285714,4309.142857142857,7,14.360102755651493,14.360102755651493,14.360102755651493,1.574470329184146,9.120592804751402,3.2906791395628545e-07,25.106851777007183,True
3432,8974.444444444445,4011.5555555555557,9,14.35818535450393,14.35818535450393,14.35818535450393,1.7868040740244429,8.035679772189459,3.2902397588658063e-07,25.106996757226064,True
1711,7564.714285714285,2880.857142857143,7,14.35777340613367,14.35777340613367,14.35777340613367,1.337371627351099,10.735814273682312,3.29014535912984e-07,25.107027908354524,True
1477,9071.833333333334,2657.0,6,14.357494237444765,14.357494237444765,14.357494237444765,1.6529484642047094,8.685990246134292,3.2900813864273715e-07,25.107049019322844,True
1668,9082.833333333334,2810.3333333333335,6,14.347369554064638,14.347369554064638,14.347369554064638,1.8400094224632966,7.79744352333654,3.2877612718041975e-07,25.107814933827317,True
380,8732.875,2091.75,8,14.346619927117505,14.346619927117505,14.346619927117505,1.6519151540831578,8.68484067820065,3.287589491573975e-07,25.107871663277038,True
899,8806.714285714286,2406.285714285714,7,14.3248301573849,14.3248301573849,14.3248301573849,1.8394242829484881,7.787670463077201,3.282596272379444e-07,25.109521942309105,True
4847,8493.0,1922.0,9,14.320290151867209,14.320290151867209,14.320290151867209,1.5720923844468118,9.10906400510695,3.2815559106421515e-07,25.109866102036726,True
2657,8263.4,3821.2,5,14.316857002197013,14.316857002197013,14.316857002197013,1.7890684627393505,8.002408683832932,3.2807691896698197e-07,25.110126427891885,True
4530,8176.5,4242.0,8,14.314339482018628,14.314339482018628,14.314339482018628,1.672684476589753,8.557704505755032,3.2801922891228387e-07,25.11031736387407,True
4154,8242.75,4155.375,8,14.31018336934773,14.31018336934773,14.31018336934773,1.7045068087960913,8.395497920864946,3.2792398980779754e-07,25.110632648922003,True
177,8262.0,2011.1,10,14.309540077086886,14.309540077086886,14.309540077086886,1.7057194885027205,8.389152010948642,3.279092484897205e-07,25.11068145761851,True
3219,9150.0,3962.5,6,14.305723073504328,14.305723073504328,14.305723073504328,1.3730143510009776,10.41920870169706,3.278217802154436e-07,25.11097111135932,True
3769,8062.0,4080.0,7,14.303701026067756,14.303701026067756,14.303701026067756,1.5850587628522999,9.024082489111235,3.2777544413114143e-07,25.11112458597004,True
2409,8371.5,3726.5,4,14.302881162975869,14.302881162975869,14.302881162975869,2.3011414331010136,6.215559355559182,3.2775665661673656e-07,25.111186820251376,True
2602,8335.5,3801.5,4,14.298026007031048,14.298026007031048,14.298026007031048,1.8618185346585658,7.679602356978966,3.276453986357959e-07,25.111555439233165,True
47,8682.0,1942.5,8,14.292219006249585,14.292219006249585,14.292219006249585,1.511017336648332,9.458673080450499,3.275123287221599e-07,25.111996489743458,True
747,8958.0,2359.714285714286,7,14.291310412511853,14.291310412511853,14.291310412511853,1.6026181090536586,8.917477177985235,3.274915079069473e-07,25.11206551502738,True
3139,8279.42857142857,3944.857142857143,7,14.291025263891248,14.291025263891248,14.291025263891248,1.8452721529401939,7.744670747412741,3.2748497360400067e-07,25.112087178490057,True
3624,8340.42857142857,4053.714285714286,7,14.289258105382947,14.289258105382947,14.289258105382947,1.7525510324388802,8.153404860055783,3.274444784088164e-07,25.112221443637097,True
664,8083.333333333333,2327.3333333333335,6,14.289007070086367,14.289007070086367,14.289007070086367,1.4814999774324782,9.644959357238744,3.274387258273216e-07,25.11224051814064,True
2119,7577.714285714285,3567.5714285714284,7,14.285439593420048,14.285439593420048,14.285439593420048,1.3619353679328712,10.489073071875879,3.27356975569357e-07,25.112511623204682,True
1673,9066.4,2823.8,5,14.284338615356193,14.284338615356193,14.284338615356193,1.7483182280644824,8.170330999276953,3.273317461847941e-07,25.112595304060473,True
2509,8646.6,3765.4,5,14.283755920348868,14.283755920348868,14.283755920348868,2.1220540937503825,6.73109887368831,3.2731839347877276e-07,25.112639594943445,True
604,8747.0,2179.285714285714,7,14.275161368474983,14.275161368474983,14.275161368474983,1.5805888562590378,9.031546256919498,3.2712144563622226e-07,25.11329308025036,True
4639,8504.875,4271.25,8,14.272361122796216,14.272361122796216,14.272361122796216,1.692556061236744,8.432430363557623,3.2705727680541677e-07,25.11350608143996,True
518,8130.25,2152.125,8,14.269882046410718,14.269882046410718,14.269882046410718,1.647064131749811,8.663829034544426,3.2700046770672194e-07,25.11369468770871,True
3433,9201.333333333334,4011.3333333333335,6,14.266339662096858,14.266339662096858,14.266339662096858,1.2632968588318427,11.292943192535752,3.269192924507764e-07,25.11396424651434,True
1785,9213.4,3033.2,5,14.251814983306632,14.251814983306632,14.251814983306632,1.4526308847747047,9.811036742150097,3.265864532063982e-07,25.115070206642876,True
3746,8634.0,4075.285714285714,7,14.247321230993299,14.247321230993299,14.247321230993299,1.724594534924773,8.261258482774194,3.264834769446857e-07,25.115412605064044,True
3003,8807.857142857143,3914.142857142857,7,14.236563307867078,14.236563307867078,14.236563307867078,1.8038906365641174,7.89214324820908,3.262369545219785e-07,25.116232736683774,True
1002,8969.142857142857,2434.285714285714,7,14.228483779058484,14.228483779058484,14.228483779058484,1.6803542159369822,8.467550260600584,3.26051808653872e-07,25.116849088179954,True
4000,9092.777777777777,4126.111111111111,9,14.227366987499533,14.227366987499533,14.227366987499533,1.549578076410035,9.181445713571659,3.260262168962863e-07,25.116934310796513,True
909,8620.4,2410.2,5,14.225453041015372,14.225453041015372,14.225453041015372,1.820774430271334,7.812858531243476,3.2598235799167514e-07,25.117080380043276,True
143,8506.714285714286,1996.0,7,14.216042620763798,14.216042620763798,14.216042620763798,1.5022011252882606,9.46347488458701,3.2576671417530906e-07,25.11779885381579,True
2278,8921.285714285714,3665.714285714286,7,14.215442759618787,14.215442759618787,14.215442759618787,2.04609825718939,6.947585586210185,3.257529680998797e-07,25.117844668584475,True
41,8365.125,1940.375,8,14.214334809014478,14.214334809014478,14.214334809014478,1.5110252838901164,9.407079392093191,3.2572757893656173e-07,25.11792929408546,True
2581,8865.5,3795.0,6,14.214193704150087,14.214193704150087,14.214193704150087,1.8044255525586437,7.877406570747467,3.257243454580718e-07,25.117940072178303,True
4045,8730.714285714286,4133.0,7,14.212322814092659,14.212322814092659,14.212322814092659,1.58810668129048,8.949224243892647,3.2568147320994684e-07,25.118082987549037,True
1414,9189.142857142857,2617.714285714286,7,14.20895062170985,14.20895062170985,14.20895062170985,1.6043002291773258,8.856790246172377,3.256041979750998e-07,25.118340633384992,True
3164,8925.125,3949.875,8,14.202159249016926,14.202159249016926,14.202159249016926,1.7504979054373238,8.113211221163287,3.254485707568976e-07,25.118859700706665,True
3651,9033.875,4059.125,8,14.20190414113728,14.20190414113728,14.20190414113728,1.605782813233944,8.844224775662877,3.254427248504151e-07,25.11887920354027,True
212,8151.222222222223,2022.2222222222222,9,14.199212614330587,14.199212614330587,14.199212614330587,1.5622941789162297,9.088693285780943,3.253810473591947e-07,25.11908499038549,True
1111,8687.6,2470.8,5,14.198956153808341,14.198956153808341,14.198956153808341,1.8650560979787325,7.6131523170785895,3.253751704563268e-07,25.11910460069743,True
190,8498.0,2013.888888888889,9,14.194734159740747,14.194734159740747,14.194734159740747,1.7391216097452307,8.162013559143904,3.252784216513775e-07,25.119427487352787,True
888,8093.875,2405.375,8,14.19465717000692,14.19465717000692,14.19465717000692,1.8318310853380717,7.748889776803432,3.252766573986045e-07,25.11943337621038,True
925,8179.428571428572,2414.285714285714,7,14.189522368536023,14.189522368536023,14.189522368536023,1.8187842365940017,7.801652380223197,3.2515899122048874e-07,25.11982620348337,True
3141,8699.5,3945.0,6,14.189268949053652,14.189268949053652,14.189268949053652,1.7348577599780222,8.178923526983219,3.2515318400435394e-07,25.119845594492936,True
1891,7550.714285714285,3220.4285714285716,7,14.174993140325569,14.174993140325569,14.174993140325569,1.360044525566882,10.42244784921087,3.248260477241946e-07,25.120938502438026,True
2798,8773.333333333334,3862.333333333333,6,14.172083737872011,14.172083737872011,14.172083737872011,1.7943415237601554,7.8982086465755525,3.2475937751907547e-07,25.121161371526274,True
1662,8017.6,2804.2,5,14.169969222961173,14.169969222961173,14.169969222961173,1.9263319312295877,7.355933312031229,3.2471092250293953e-07,25.12132337852002,True
2154,8962.333333333334,3591.833333333333,6,14.163723351977236,14.163723351977236,14.163723351977236,1.8897054313134136,7.495201695077384,3.2456779569037436e-07,25.12180205727673,True
4415,8943.285714285714,4208.571428571428,7,14.146684271917362,14.146684271917362,14.146684271917362,1.4497740465670463,9.757854546655476,3.2417733786242953e-07,25.123108993481704,True
172,8519.777777777777,2009.0,9,14.144565645489035,14.144565645489035,14.144565645489035,1.7285106543544424,8.183094278219357,3.241287886291068e-07,25.123271606970228,True
3751,7854.0,4077.5,8,14.144238793084302,14.144238793084302,14.144238793084302,1.545223647370032,9.153522091871796,3.2412129866605935e-07,25.12329669643558,True
3656,8473.42857142857,4059.1428571428573,7,14.13048086844447,14.13048086844447,14.13048086844447,1.7659905861240885,8.001447447948957,3.238060299219123e-07,25.124353292450785,True
895,7837.833333333333,2406.1666666666665,6,14.127863767168881,14.127863767168881,14.127863767168881,1.4064979843716083,10.044709572392948,3.237460579236596e-07,25.124554399886566,True
313,8023.111111111111,2066.6666666666665,9,14.125400606426535,14.125400606426535,14.125400606426535,1.5207261972338448,9.288588986051673,3.2368961353875407e-07,25.12474371201472,True
2555,9012.857142857143,3784.857142857143,7,14.10583887778285,14.10583887778285,14.10583887778285,1.746683879973864,8.075782366522967,3.232413481365011e-07,25.126248348779043,True
896,7842.571428571428,2405.285714285714,7,14.09595118247034,14.09595118247034,14.09595118247034,1.5268596007250541,9.231989094332347,3.230147673574017e-07,25.12700967841091,True
1682,7927.666666666667,2834.1666666666665,6,14.095667245409853,14.095667245409853,14.095667245409853,1.9159910974128274,7.3568542486670765,3.230082608178748e-07,25.12703154879393,True
1086,8338.666666666666,2461.1666666666665,6,14.087650659106142,14.087650659106142,14.087650659106142,2.1236398910048413,6.633728589662298,3.228245573042649e-07,25.127649211927327,True
2299,9151.285714285714,3673.5714285714284,7,14.087009055242564,14.087009055242564,14.087009055242564,1.5996098030485524,8.806528334844787,3.228098546765354e-07,25.127698661507267,True
2484,7934.666666666667,3754.166666666667,6,14.066476705096132,14.066476705096132,14.066476705096132,1.6034711161840145,8.7725164258474,3.223393470662297e-07,25.12928231761755,True
1803,9180.2,3071.6,5,14.06127705377172,14.06127705377172,14.06127705377172,1.516667898269306,9.271164155196578,3.2222019482590524e-07,25.129683732519553,True
223,8431.875,2024.875,8,14.054099404046216,14.054099404046216,14.054099404046216,1.6588391280942707,8.472249759500206,3.220557159038202e-07,25.130238093536423,True
2472,8726.4,3750.2,5,14.04952111047338,14.04952111047338,14.04952111047338,2.003571261874477,7.01223928383216,3.2195080234288486e-07,25.130591842913972,True
609,8440.125,2181.875,8,14.04755624456136,14.04755624456136,14.04755624456136,1.7153144544383627,8.189493307313663,3.2190577659774404e-07,25.130743696861963,True
2288,9192.75,3670.125,8,14.045370899865311,14.045370899865311,14.045370899865311,1.691451381100252,8.303739059132226,3.218556984866998e-07,25.13091261538362,True
1549,9283.0,2706.714285714286,7,14.043262583837528,14.043262583837528,14.043262583837528,1.5767153591970433,8.90665680518847,3.2180738552062783e-07,25.1310756048041,True
2980,8253.166666666666,3910.166666666667,6,14.016881825945742,14.016881825945742,14.016881825945742,1.7233863864238217,8.133336746979882,3.2120285913834837e-07,25.133117116207085,True
2059,7977.5,3517.5,6,14.01093805076874,14.01093805076874,14.01093805076874,1.966839468301422,7.123579873485402,3.2106665498077356e-07,25.133577613814655,True
4927,7906.4,3993.2,5,13.998112342773183,13.998112342773183,13.998112342773183,1.326292355971348,10.55431879686984,3.2077274838087477e-07,25.134571959306562,True
4363,8807.5,4197.5,8,13.997683846184888,13.997683846184888,13.997683846184888,1.66063527899808,8.429113859745401,3.20762929197764e-07,25.13460519531503,True
4388,8495.714285714286,4204.0,7,13.996554000005744,13.996554000005744,13.996554000005744,1.598034385218734,8.758606278731568,3.207370382879572e-07,25.13469283584376,True
883,8879.833333333334,2402.6666666666665,6,13.988599660418398,13.988599660418398,13.988599660418398,1.624399571298496,8.611550943242575,3.2055476118455155e-07,25.13531004272512,True
1604,7989.166666666667,2751.1666666666665,6,13.988233926318056,13.988233926318056,13.988233926318056,1.8872643615486424,7.411910176081351,3.205463802307722e-07,25.135338429837113,True
1144,8132.0,2483.714285714286,7,13.97421513281825,13.97421513281825,13.97421513281825,1.9590838209058585,7.133035852624585,3.2022513356480737e-07,25.136427083616525,True
726,9223.75,2355.0,8,13.964263760277905,13.964263760277905,13.964263760277905,1.521122793442579,9.180234377182806,3.1999709359471983e-07,25.137200537744242,True
1387,8739.2,2604.6,5,13.94871773522924,13.94871773522924,13.94871773522924,2.279952014219704,6.117987417381274,3.1964084976275537e-07,25.13840993087076,True
261,8235.125,2040.625,8,13.94789966268269,13.94789966268269,13.94789966268269,1.5382001777682752,9.067675237769928,3.196221032794649e-07,25.138473609629337,True
853,9108.75,2394.5,8,13.947866284081616,13.947866284081616,13.947866284081616,1.672906819301592,8.337503394184619,3.196213383945046e-07,25.138476207898602,True
1242,9379.75,2524.25,8,13.937888466546216,13.937888466546216,13.937888466546216,1.4042289347152086,9.925652521447976,3.193926924260126e-07,25.139253183691572,True
987,8823.166666666666,2430.3333333333335,6,13.931397798083193,13.931397798083193,13.931397798083193,1.7473103886720107,7.973052691955504,3.192439559742161e-07,25.139758912744256,True
2668,8002.285714285715,3826.142857142857,7,13.920905215368299,13.920905215368299,13.920905215368299,1.7219780867870393,8.084252245824267,3.1900351394084383e-07,25.14057695479043,True
149,8592.625,1997.75,8,13.90870460195271,13.90870460195271,13.90870460195271,1.609992439774018,8.638987524627735,3.187239316513595e-07,25.14152893713163,True
2263,8688.5,3654.5,4,13.900980871532996,13.900980871532996,13.900980871532996,2.352960638255244,5.907868004898196,3.185469390559426e-07,25.142132031616534,True
3995,8219.625,4125.75,8,13.896552406975907,13.896552406975907,13.896552406975907,1.710385076140932,8.12480920280835,3.1844545889116753e-07,25.142477971977044,True
572,8503.42857142857,2168.714285714286,7,13.89599667273524,13.89599667273524,13.89599667273524,1.6018603853283873,8.674911246953966,3.1843272400267806e-07,25.142521392304104,True
2521,8072.166666666667,3772.833333333333,6,13.892938973925478,13.892938973925478,13.892938973925478,1.7806422792076113,7.802206617326788,3.1836265552294946e-07,25.142760325839134,True
2628,8059.2,3811.6,5,13.886800907073722,13.886800907073722,13.886800907073722,1.5401502267874938,9.016523625776014,3.1822199908831245e-07,25.143240123097506,True
1651,9022.8,2795.0,5,13.876641891418204,13.876641891418204,13.876641891418204,1.7962627820668078,7.7252849805480714,3.179892008871788e-07,25.144034693977947,True
782,8282.2,2371.6,5,13.876433990417228,13.876433990417228,13.876433990417228,1.5660053440223156,8.861038720835609,3.1798443674656885e-07,25.144050960689768,True
4103,8116.0,4143.714285714286,7,13.870561701879524,13.870561701879524,13.870561701879524,1.5709446436182082,8.82944014496448,3.1784987073599546e-07,25.14451052441595,True
3015,8145.0,3916.5,6,13.864821794054873,13.864821794054873,13.864821794054873,1.6340686967476,8.484846335806436,3.177183382862422e-07,25.144959916134443,True
2725,8630.5,3840.666666666667,6,13.864150407336123,13.864150407336123,13.864150407336123,2.0478357397177613,6.7701476922396715,3.17702953171612e-07,25.14501249283024,True
2100,8863.5,3553.5,4,13.863127630566204,13.863127630566204,13.863127630566204,2.089664390675568,6.63414072251305,3.1767951580324167e-07,25.14509259198512,True
305,8236.888888888889,2063.1111111111113,9,13.862960878643335,13.862960878643335,13.862960878643335,1.660272494609292,8.349810602569594,3.176756946114062e-07,25.145105651786167,True
2902,8514.6,3890.2,5,13.8510824660642,13.8510824660642,13.8510824660642,1.8652931055199184,7.425686839818908,3.1740349569228706e-07,25.146036358520046,True
250,8291.666666666666,2038.3333333333333,9,13.842083517345728,13.842083517345728,13.842083517345728,1.6759804451016884,8.259096075853005,3.171972809225897e-07,25.146741982772483,True
4883,9085.75,2166.25,8,13.839147412011304,13.839147412011304,13.839147412011304,1.4612565605990284,9.470717042555535,3.171299988095021e-07,25.146972307491975,True
829,8539.8,2387.4,5,13.838897369323478,13.838897369323478,13.838897369323478,1.8239852703094135,7.587176055964478,3.171242689740627e-07,25.146991924513415,True
4565,8490.285714285714,4251.571428571428,7,13.837755782232303,13.837755782232303,13.837755782232303,1.5871284775474523,8.718737000810055,3.1709810901622086e-07,25.14708149187762,True
1804,9102.2,3073.6,5,13.836148879943595,13.836148879943595,13.836148879943595,1.7452412298043163,7.927929184606166,3.170612861610454e-07,25.147207579758287,True
930,8828.57142857143,2414.714285714286,7,13.835313422307996,13.835313422307996,13.835313422307996,1.8356848249826567,7.5368675679054595,3.170421412909826e-07,25.14727314091967,True
1214,9134.5,2515.5,6,13.829736592791445,13.829736592791445,13.829736592791445,1.4751520631295194,9.375126089341466,3.1691434585060667e-07,25.147710874868643,True
4896,8911.285714285714,2429.857142857143,7,13.819390399084119,13.819390399084119,13.819390399084119,1.7666937190583414,7.82217667386622,3.166772583841317e-07,25.14852343127356,True
1300,8116.4,2556.2,5,13.818959854064689,13.818959854064689,13.818959854064689,1.780663048296118,7.760569787354089,3.166673922603429e-07,25.148557258062144,True
2882,8232.0,3885.5,6,13.815029504320986,13.815029504320986,13.815029504320986,1.7428014807722698,7.926909436753102,3.1657732661016705e-07,25.148866104026265,True
2835,8004.833333333333,3870.666666666667,6,13.814392926714785,13.814392926714785,13.814392926714785,1.5638735244254098,8.833446382302812,3.165627391612812e-07,25.14891613441369,True
4122,8308.75,4147.375,8,13.81099351567952,13.81099351567952,13.81099351567952,1.7257668728590814,8.002815289181452,3.164848401993386e-07,25.149183342524037,True
1683,8941.2,2834.6,5,13.79566540521215,13.79566540521215,13.79566540521215,2.217430560400726,6.221464451504198,3.1613358997347205e-07,25.15038901440508,True
1143,8792.833333333334,2481.6666666666665,6,13.793856027148134,13.793856027148134,13.793856027148134,1.9278538398082503,7.155032058094253,3.160921272990598e-07,25.15053142407172,True
2493,8740.5,3758.5,6,13.787160279772646,13.787160279772646,13.787160279772646,2.1160112517829868,6.515636562969763,3.159386913760221e-07,25.15105858488446,True
134,8790.0,1990.5,6,13.780022504351496,13.780022504351496,13.780022504351496,1.299817533171129,10.601505328776998,3.157751261907241e-07,25.15162082887073,True
1824,7892.5,3100.5,4,13.769738119457806,13.769738119457806,13.769738119457806,1.599061668661993,8.611136386615762,3.1553945509972454e-07,25.152431444229162,True
677,8494.166666666666,2335.3333333333335,6,13.767099263689882,13.767099263689882,13.767099263689882,1.8287389556964428,7.5281927039427705,3.154789845879491e-07,25.15263953648139,True
4646,8785.285714285714,4274.0,7,13.765591246709842,13.765591246709842,13.765591246709842,1.5589394964898886,8.83009974261636,3.1544442773203546e-07,25.152758472088763,True
2888,7939.5,3887.75,8,13.757542454430743,13.757542454430743,13.757542454430743,1.7392430643320183,7.9100746391157974,3.1525998620468576e-07,25.153393491743575,True
2204,9141.0,3620.5,6,13.753740670702822,13.753740670702822,13.753740670702822,1.5321875324980214,8.976538693197194,3.151728666999059e-07,25.153693567479305,True
4488,8041.714285714285,4230.571428571428,7,13.750501258001346,13.750501258001346,13.750501258001346,1.5196691058433633,9.048352174251972,3.150986341684083e-07,25.15394932058659,True
1737,9474.625,2925.0,8,13.749658905694165,13.749658905694165,13.749658905694165,1.4231178076556537,9.661644898073764,3.1507933130398895e-07,25.15401583455538,True
2505,8204.2,3763.4,5,13.748381278930411,13.748381278930411,13.748381278930411,1.850912340534929,7.427894329645571,3.1505005393870006e-07,25.15411672651897,True
2352,9012.5,3703.5,6,13.747796418688662,13.747796418688662,13.747796418688662,1.671218861508887,8.226209466231277,3.1503665161540313e-07,25.154162915043518,True
3824,7883.375,4091.375,8,13.74302085561482,13.74302085561482,13.74302085561482,1.5726739911590344,8.738633011592214,3.1492721753923975e-07,25.15454013204131,True
3975,7832.75,4122.125,8,13.739908539483228,13.739908539483228,13.739908539483228,1.49484508290879,9.19152673181826,3.14855897480155e-07,25.154786041367103,True
2095,7949.6,3550.8,5,13.739736221252189,13.739736221252189,13.739736221252189,1.686844476691463,8.145229990734524,3.148519487339803e-07,25.15479965814736,True
3781,8882.142857142857,4081.5714285714284,7,13.736329180822395,13.736329180822395,13.736329180822395,1.5760474328680987,8.715682595811826,3.147738749411897e-07,25.15506892138506,True
897,8422.0,2406.0,5,13.734414718566642,13.734414718566642,13.734414718566642,1.9026352253650338,7.218627372954056,3.147300042174513e-07,25.155220253361705,True
1110,8508.8,2471.2,5,13.731162689147697,13.731162689147697,13.731162689147697,2.1908562026410823,6.267486963587454,3.146554825684613e-07,25.155477364001918,True
1729,9382.8,2913.4,5,13.729408405242665,13.729408405242665,13.729408405242665,1.2475555309189965,11.005047923701692,3.1461528240033306e-07,25.155616085774682,True
2242,8823.5,3640.5,4,13.729104917858685,13.729104917858685,13.729104917858685,2.0070303756309347,6.840506792799672,3.1460832785675784e-07,25.155640086144743,True
3126,7943.714285714285,3941.5714285714284,7,13.724353892431285,13.724353892431285,13.724353892431285,1.6000074380423712,8.577681307046422,3.1449945607128735e-07,25.156015875614727,True
3750,8751.57142857143,4075.4285714285716,7,13.721348864660287,13.721348864660287,13.721348864660287,1.6052531800279448,8.547778652848656,3.144305945710036e-07,25.156253629953845,True
2550,8376.0,3783.75,4,13.715980451916302,13.715980451916302,13.715980451916302,2.064353313398341,6.644202018566791,3.143075750903648e-07,25.15667850222077,True
4442,8075.571428571428,4217.142857142857,7,13.710449320898075,13.710449320898075,13.710449320898075,1.539698168868596,8.904634426481662,3.14180826850679e-07,25.157116426466175,True
4389,8504.666666666666,4203.666666666666,6,13.7045830512265,13.7045830512265,13.7045830512265,1.4796581420968253,9.26199279504232,3.140463987650046e-07,25.15758107822219,True
2129,9391.111111111111,3572.222222222222,9,13.700243059429468,13.700243059429468,13.700243059429468,1.5601687104392366,8.781257416431854,3.139469459914738e-07,25.15792496555377,True
4871,8219.666666666666,1987.0,9,13.696746412548364,13.696746412548364,13.696746412548364,1.5587169234857738,8.787192983006944,3.1386681882841753e-07,25.158202108130958,True
2253,9366.285714285714,3646.0,7,13.684177977666874,13.684177977666874,13.684177977666874,1.3881390509652092,9.857930275898447,3.1357880775227674e-07,25.159198860873992,True
4498,8270.285714285714,4232.285714285714,7,13.678235156164188,13.678235156164188,13.678235156164188,1.5771323458027133,8.67285183299083,3.134426254485579e-07,25.15967048130701,True
1178,8141.5,2497.3333333333335,6,13.67324102165497,13.67324102165497,13.67324102165497,1.8633782569217054,7.337877304763188,3.1332818271420366e-07,25.160066972719257,True
4977,8811.0,4155.125,8,13.67261012716023,13.67261012716023,13.67261012716023,1.6692699862737848,8.190772157642881,3.133137254962545e-07,25.160117070629227,True
737,7856.714285714285,2357.4285714285716,7,13.671495062932987,13.671495062932987,13.671495062932987,1.499806661657384,9.115504959702669,3.1328817332121576e-07,25.160205621020207,True
1612,9019.833333333334,2759.0,6,13.67118966820038,13.67118966820038,13.67118966820038,1.886643199426257,7.246303737960573,3.1328117506992875e-07,25.160229874535997,True
3801,8537.57142857143,4088.0,7,13.665281397924451,13.665281397924451,13.665281397924451,1.718748916154726,7.950714190701644,3.131457845223907e-07,25.160699197956014,True
4708,8442.285714285714,4295.0,7,13.66454420767786,13.66454420767786,13.66454420767786,1.5776021658762014,8.661590674280395,3.131288914916957e-07,25.160757770897696,True
4986,8173.75,4255.5,8,13.663752400109448,13.663752400109448,13.663752400109448,1.671195864178057,8.176032919294999,3.131107468816448e-07,25.16082068694086,True
1499,7900.0,2666.5,6,13.662350537798769,13.662350537798769,13.662350537798769,1.6462681829329755,8.29898231614855,3.130786226055112e-07,25.160932086116187,True
2584,8234.4,3796.2,5,13.659240386901603,13.659240386901603,13.659240386901603,1.806502744815259,7.561151194541061,3.130073521637021e-07,25.16117927548779,True
3014,7876.375,3917.125,8,13.648549400994458,13.648549400994458,13.648549400994458,1.6950498676380832,8.052004641027242,3.127623636360806e-07,25.16202940588261,True
800,8749.0,2380.714285714286,7,13.64703474722865,13.64703474722865,13.64703474722865,1.8546040243447917,7.358462813672571,3.1272765469537443e-07,25.162149902621124,True
2402,7936.714285714285,3724.5714285714284,7,13.645295245275525,13.645295245275525,13.645295245275525,1.767953847048847,7.718128653670968,3.126877932620144e-07,25.16228830342837,True
2671,7847.0,3827.714285714286,7,13.631818396673225,13.631818396673225,13.631818396673225,1.6021167683635336,8.508629749002198,3.1237896549582603e-07,25.163361166476584,True
665,8187.571428571428,2328.714285714286,7,13.630655867681531,13.630655867681531,13.630655867681531,1.66252700918869,8.198757549408635,3.123523256453514e-07,25.16345376260736,True
2537,9042.285714285714,3781.4285714285716,7,13.623439414129285,13.623439414129285,13.623439414129285,1.7010671153435888,8.008760672195796,3.121869575169329e-07,25.164028734184566,True
3806,8111.142857142857,4088.714285714286,7,13.618491751775764,13.618491751775764,13.618491751775764,1.590713578605073,8.561246936559176,3.120735797119591e-07,25.164423115638105,True
488,8162.0,2137.5,8,13.615740620324292,13.615740620324292,13.615740620324292,1.642596051472855,8.289159472966931,3.1201053635473807e-07,25.1646424721443,True
3603,8515.833333333334,4047.6666666666665,6,13.602024438403017,13.602024438403017,13.602024438403017,1.6505702135013125,8.240803285519972,3.1169622416289093e-07,25.16573676894138,True
4768,8309.75,4320.0,8,13.598470532128491,13.598470532128491,13.598470532128491,1.6739217325423017,8.123719447429329,3.116147848762748e-07,25.16602048471469,True
281,8538.857142857143,2050.0,7,13.59520827017786,13.59520827017786,13.59520827017786,1.5668451773501242,8.676803851909806,3.1154002874443237e-07,25.1662809831895,True
940,8819.166666666666,2418.0,6,13.593762280962832,13.593762280962832,13.593762280962832,1.7180067816046285,7.912519570071881,3.1150689328135874e-07,25.16639646846254,True
2084,8828.5,3541.5,4,13.59337131342753,13.59337131342753,13.59337131342753,2.399037527958948,5.666177020995788,3.1149793409259423e-07,25.166427695557996,True
457,8582.57142857143,2123.0,7,13.59258185111048,13.59258185111048,13.59258185111048,1.5902300181751454,8.547557080269765,3.114798432249842e-07,25.166490753697985,True
1591,9065.0,2742.5,6,13.587897183916933,13.587897183916933,13.587897183916933,1.757465169074537,7.731531425497428,3.113724920669047e-07,25.166865015889837,True
1455,8112.0,2646.0,5,13.582306526122794,13.582306526122794,13.582306526122794,1.9668137488213682,6.905741092293116,3.1124437974561666e-07,25.167311827384218,True
1065,8108.0,2450.8333333333335,6,13.580859544299013,13.580859544299013,13.580859544299013,1.6896254779070357,8.037792825615904,3.1121122153648777e-07,25.16742750171696,True
4982,8755.714285714286,4174.142857142857,7,13.575154883489628,13.575154883489628,13.575154883489628,1.5683952604257332,8.655442429610963,3.1108049678720744e-07,25.16788366268154,True
3943,8856.714285714286,4116.142857142857,7,13.56944618903162,13.56944618903162,13.56944618903162,1.5683903671066801,8.651829591419979,3.109496796051388e-07,25.168340338123542,True
2730,8802.0,3842.5,6,13.557030560992128,13.557030560992128,13.557030560992128,1.7996148337014197,7.533295629214302,3.1066517016332406e-07,25.16933420827725,True
1341,8908.6,2583.2,5,13.554691932616935,13.554691932616935,13.554691932616935,1.7310651876745207,7.830260829649081,3.1061157949102607e-07,25.169521517180495,True
3111,8624.833333333334,3939.0,6,13.551914575121767,13.551914575121767,13.551914575121767,1.837145886856739,7.376613186832096,3.105479351527649e-07,25.16974400741333,True
4749,8215.375,4310.25,8,13.540889584252515,13.540889584252515,13.540889584252515,1.6702171036018887,8.107263154622867,3.102952927581759e-07,25.170627654032867,True
2290,9317.25,3670.5,8,13.534521424004712,13.534521424004712,13.534521424004712,1.563260846868462,8.657877827054381,3.1014936363467716e-07,25.171138386244035,True
77,8638.125,1958.75,8,13.52865728063313,13.52865728063313,13.52865728063313,1.5443223404914175,8.76025485477869,3.100149842740791e-07,25.171608908420126,True
3152,8914.0,3948.0,7,13.526715380773572,13.526715380773572,13.526715380773572,1.653509250851892,8.180610645997037,3.09970484805881e-07,25.171764765891655,True
3446,9194.125,4014.125,8,13.52597459478108,13.52597459478108,13.52597459478108,1.4641376319207664,9.238185195087626,3.0995350937712635e-07,25.17182422749588,True
2895,8619.8,3887.6,5,13.51949181359838,13.51949181359838,13.51949181359838,1.7868870169558142,7.5659466353001585,3.098049536657415e-07,25.172344728068218,True
4130,8577.5,4148.5,8,13.51582940740315,13.51582940740315,13.51582940740315,1.7600463352572489,7.679246356561216,3.097210280569048e-07,25.172638891913692,True
3998,9004.666666666666,4125.333333333334,9,13.512505117687525,13.512505117687525,13.512505117687525,1.6485436384848322,8.196631743462246,3.0964485053222265e-07,25.17290596732037,True
1763,7535.5,2987.25,8,13.504922234246415,13.504922234246415,13.504922234246415,1.4337929497463706,9.41901844100667,3.094710855057323e-07,25.17351542662954,True
1069,8864.0,2451.8333333333335,6,13.496534230730898,13.496534230730898,13.496534230730898,1.7483166401324304,7.719731037799063,3.092788708074062e-07,25.174189994640873,True
2224,7955.5,3632.5,4,13.495737951611126,13.495737951611126,13.495737951611126,1.4472084428696217,9.32535877475319,3.09260623729838e-07,25.17425405364738,True
4471,8354.0,4225.5,8,13.494915806481519,13.494915806481519,13.494915806481519,1.6966042864224635,7.954073860639306,3.0924178392156e-07,25.17432019748673,True
2366,9150.333333333334,3711.666666666667,6,13.491987588427431,13.491987588427431,13.491987588427431,1.4697434855632265,9.179824725167679,3.091746825488843e-07,25.174555813431454,True
4744,8484.57142857143,4307.714285714286,7,13.483704192266483,13.483704192266483,13.483704192266483,1.5772408978936576,8.548918691034093,3.0898486497295617e-07,25.175222605109386,True
4598,8570.5,4258.5,6,13.482401254198912,13.482401254198912,13.482401254198912,1.4635648936270471,9.212028324064573,3.0895500758828384e-07,25.175327525490747,True
3854,8379.285714285714,4097.571428571428,7,13.480677706823375,13.480677706823375,13.480677706823375,1.7020531620746042,7.9202448003398445,3.089155117609124e-07,25.175466331432865,True
2318,8272.5,3686.5,4,13.480526846264446,13.480526846264446,13.480526846264446,2.1291117774609565,6.331526126984496,3.0891205472649774e-07,25.175478481837374,True
4342,8587.714285714286,4194.285714285714,7,13.47428427420618,13.47428427420618,13.47428427420618,1.6025287972194557,8.408138622897374,3.087690035102293e-07,25.175981381789843,True
142,8824.125,1994.875,8,13.469456516930737,13.469456516930737,13.469456516930737,1.4735523783817894,9.140806064676497,3.086583733815492e-07,25.176370464431223,True
3453,9100.5,4014.5,8,13.466889225670972,13.466889225670972,13.466889225670972,1.5759201933205091,8.545413202235736,3.085995428011735e-07,25.176577426511674,True
1754,7558.75,2968.375,8,13.466565453240552,13.466565453240552,13.466565453240552,1.4549466315355206,9.255710939052257,3.0859212341705855e-07,25.1766035302146,True
1660,9362.875,2802.625,8,13.453674637505692,13.453674637505692,13.453674637505692,1.5979356173099393,8.419409700720243,3.0829672484538775e-07,25.177643344597737,True
3355,8533.833333333334,3994.0,6,13.450561883471376,13.450561883471376,13.450561883471376,1.749873787451577,7.686589730028506,3.082253947515743e-07,25.177894578619117,True
1118,7809.125,2475.25,8,13.449592434594312,13.449592434594312,13.449592434594312,1.6266639878394569,8.268205686693861,3.08203179414742e-07,25.17797283584638,True
4276,8515.0,4179.0,7,13.44812927924158,13.44812927924158,13.44812927924158,1.6060387220325953,8.37347760969405,3.081696505822601e-07,25.17809095742992,True
4805,8322.285714285714,4334.571428571428,7,13.443138224706669,13.443138224706669,13.443138224706669,1.5652467089626005,8.58851077451962,3.080552784268381e-07,25.178493985563115,True
1932,9277.57142857143,3313.714285714286,7,13.427369696722053,13.427369696722053,13.427369696722053,1.5959517168695974,8.413393434645606,3.076939358446608e-07,25.179768279576756,True
2840,9083.142857142857,3870.4285714285716,7,13.424646956548713,13.424646956548713,13.424646956548713,1.5843529854043374,8.47326768732831,3.076315430857557e-07,25.17998846248746,True
4712,8611.285714285714,4295.428571428572,7,13.424071414098758,13.424071414098758,13.424071414098758,1.5671430674147397,8.565951439420251,3.076183542836543e-07,25.180035011247575,True
4789,8294.0,4328.714285714286,7,13.423493010625858,13.423493010625858,13.423493010625858,1.564620306005689,8.579393325716591,3.07605099919985e-07,25.180081793412366,True
3293,8734.857142857143,3979.4285714285716,7,13.420663935766248,13.420663935766248,13.420663935766248,1.7693628881379522,7.585026240654301,3.0754027045613506e-07,25.18031064239567,True
3317,8548.57142857143,3986.714285714286,7,13.42050657950404,13.42050657950404,13.42050657950404,1.9048463333833547,7.045453664320928,3.0753666456989365e-07,25.180323372644583,True
1783,9101.6,3030.2,5,13.42046894830297,13.42046894830297,13.42046894830297,1.7414856072134963,7.706333542300529,3.0753580223478036e-07,25.180326417061313,True
2343,8883.4,3698.8,5,13.418899200378165,13.418899200378165,13.418899200378165,1.7759206611114058,7.556024035432054,3.074998307877899e-07,25.180453419466645,True
718,8586.0,2353.1666666666665,6,13.417755486987001,13.417755486987001,13.417755486987001,1.8655497932544767,7.192386681665327,3.0747362210487183e-07,25.180545962374982,True
3234,8221.0,3967.8333333333335,6,13.414588811419375,13.414588811419375,13.414588811419375,1.6224917956867873,8.267893154887165,3.074010563759946e-07,25.180802233261357,True
4543,8527.5,4244.0,6,13.41066444160736,13.41066444160736,13.41066444160736,1.4700635405593279,9.122506661518106,3.0731112775851835e-07,25.181119906341717,True
302,8123.285714285715,2062.0,7,13.399109942541141,13.399109942541141,13.399109942541141,1.4178048659970233,9.450602310578665,3.070463514564801e-07,25.18205576940129,True
1212,9305.857142857143,2514.285714285714,7,13.398609740362186,13.398609740362186,13.398609740362186,1.3950146800180652,9.604637092556386,3.070348891090035e-07,25.182096301776575,True
752,7876.5,2362.25,8,13.396218620965161,13.396218620965161,13.396218620965161,1.6397637588376874,8.169602815506053,3.069800955824259e-07,25.18229007983487,True
4835,8476.0,4353.166666666666,6,13.39448344948089,13.39448344948089,13.39448344948089,1.453731307586712,9.213864611416122,3.0694033338361705e-07,25.182430721054317,True
4706,8303.375,4294.625,8,13.385335766503491,13.385335766503491,13.385335766503491,1.6764288963053404,7.984433933346804,3.0673071030458154e-07,25.183172471467525,True
367,8184.285714285715,2086.714285714286,7,13.381129366979618,13.381129366979618,13.381129366979618,1.4754236133085545,9.069347437766153,3.0663431885529033e-07,25.18351372237754,True
2993,7902.5,3912.0,6,13.38107288124359,13.38107288124359,13.38107288124359,1.478303537767447,9.051640978585398,3.066330244604215e-07,25.183518305603396,True
3738,8340.0,4072.5,6,13.377966763995058,13.377966763995058,13.377966763995058,1.5965482965098146,8.3793060274095,3.065618464514009e-07,25.183770364273123,True
2640,8012.857142857143,3817.5714285714284,7,13.375933749303845,13.375933749303845,13.375933749303845,1.743176517139543,7.673309970497433,3.0651525904775463e-07,25.18393537330859,True
4844,8669.25,4364.5,8,13.374224983880204,13.374224983880204,13.374224983880204,1.6651873034098559,8.031664039530801,3.0647610195515116e-07,25.184074084148172,True
2689,8756.666666666666,3831.833333333333,6,13.374223115466005,13.374223115466005,13.374223115466005,1.8783504654104184,7.120195811032392,3.064760591396384e-07,25.18407423582837,True
3706,9064.285714285714,4067.0,7,13.371334654912967,13.371334654912967,13.371334654912967,1.4567933926732015,9.17860742790486,3.06409868827152e-07,25.184308750003588,True
991,8665.4,2432.2,5,13.370680473266349,13.370680473266349,13.370680473266349,1.8112728527750448,7.381925066000507,3.063948779741293e-07,25.184361870061664,True
3736,8023.125,4073.625,8,13.364301048943677,13.364301048943677,13.364301048943677,1.6885220382371475,7.914792194774247,3.062486907295236e-07,25.18488002056634,True
4779,8129.166666666667,4323.666666666666,6,13.362712743304133,13.362712743304133,13.362712743304133,1.4309004526551385,9.338673922779645,3.062122940245401e-07,25.185009064607886,True
3742,8444.57142857143,4073.8571428571427,7,13.34826241217616,13.34826241217616,13.34826241217616,1.7426950263704026,7.659551562488388,3.0588115848873145e-07,25.186183806384676,True
716,9199.0,2352.125,8,13.317293965050855,13.317293965050855,13.317293965050855,1.5493333621390952,8.59549938733925,3.051715032399221e-07,25.188705679837472,True
1505,9065.333333333334,2671.3333333333335,6,13.312636258623964,13.312636258623964,13.312636258623964,1.6735014503660568,7.954959498667896,3.050647698993745e-07,25.189085481099276,True
997,9209.75,2433.5,8,13.308129631707349,13.308129631707349,13.308129631707349,1.5995744108963859,8.319794028368836,3.049614986106056e-07,25.18945308945973,True
4489,8097.0,4229.5,6,13.304184319994807,13.304184319994807,13.304184319994807,1.433607022278093,9.280217042222358,3.048710901004964e-07,25.18977501319808,True
976,8500.5,2427.5,4,13.298170011852825,13.298170011852825,13.298170011852825,1.7862130391845634,7.444895832763412,3.0473326964977623e-07,25.190265943596657,True
2458,9355.75,3744.875,8,13.298058354088944,13.298058354088944,13.298058354088944,1.4450230758590796,9.202661588074035,3.047307109642248e-07,25.190275059992793,True
2287,8707.0,3669.25,4,13.298056524609173,13.298056524609173,13.298056524609173,2.2404886141379894,5.935337694061658,3.0473066904091116e-07,25.190275209362913,True
2358,9381.0,3708.0,7,13.297135455236454,13.297135455236454,13.297135455236454,1.33825723994749,9.9361580556502,3.0470956234117183e-07,25.19035041381086,True
2619,8257.0,3807.25,4,13.289281767223919,13.289281767223919,13.289281767223919,1.6218065210791857,8.194122784992219,3.0452959171177427e-07,25.190991871709663,True
4626,8423.42857142857,4267.285714285714,7,13.276620013341923,13.276620013341923,13.276620013341923,1.5813303961497895,8.395854557445888,3.0423944219071065e-07,25.192026831919932,True
56,8618.142857142857,1947.7142857142858,7,13.273841006383915,13.273841006383915,13.273841006383915,1.4287736489546616,9.290373612430141,3.0417576005430105e-07,25.192254117500873,True
823,8826.142857142857,2386.0,7,13.268355948553113,13.268355948553113,13.268355948553113,1.775510191200767,7.472982140181242,3.0405006760146667e-07,25.192702861511552,True
3691,8879.625,4066.875,8,13.26014217061726,13.26014217061726,13.26014217061726,1.690571525933277,7.843585419017999,3.0386184535702713e-07,25.193375194813477,True
1913,9484.57142857143,3278.142857142857,7,13.255467040166874,13.255467040166874,13.255467040166874,1.3122510733812742,10.101319258982615,3.037547127375076e-07,25.193758060498684,True
165,8397.375,2007.5,8,13.244467579552808,13.244467579552808,13.244467579552808,1.6236921564391564,8.157006564962803,3.0350265537966656e-07,25.194659384481458,True
720,7874.142857142857,2354.285714285714,7,13.236487013921757,13.236487013921757,13.236487013921757,1.5211578937188475,8.701586514179592,3.0331977729522055e-07,25.19531380116963,True
2553,9065.166666666666,3783.833333333333,6,13.234490277789003,13.234490277789003,13.234490277789003,1.5338182344535798,8.628460648405166,3.032740212303019e-07,25.19547759782065,True
4976,8811.5,4151.25,8,13.23067315740315,13.23067315740315,13.23067315740315,1.6701059053772334,7.922056388642423,3.0318655027942736e-07,25.195790793379764,True
1642,9120.833333333334,2786.1666666666665,6,13.226169469378359,13.226169469378359,13.226169469378359,1.703424738970672,7.764457781310921,3.030833463366252e-07,25.196160438182787,True
4139,8510.0,4150.714285714286,7,13.2255378790951,13.2255378790951,13.2255378790951,1.631408601735216,8.106821224938997,3.030688731743837e-07,25.19621228666487,True
2118,8922.5,3566.5,4,13.217323225353802,13.217323225353802,13.217323225353802,1.682022922866563,7.8579923291582565,3.028806308604867e-07,25.19688686928497,True
202,8545.0,2016.7142857142858,7,13.207379920110721,13.207379920110721,13.207379920110721,1.5377852436442514,8.58857241262883,3.026527757559762e-07,25.19770396887148,True
3878,8443.0,4102.714285714286,7,13.179537875280406,13.179537875280406,13.179537875280406,1.6964469137997813,7.768906747432644,3.020147633567276e-07,25.199995189660473,True
1800,9230.0,3067.714285714286,7,13.17854223929408,13.17854223929408,13.17854223929408,1.6811977441966661,7.838781776138558,3.019919479310545e-07,25.200077213695074,True
1603,9403.0,2749.5,6,13.177973153612971,13.177973153612971,13.177973153612971,1.3065496711127582,10.086086618038482,3.019789070885806e-07,25.200124099781377,True
2291,8980.833333333334,3670.833333333333,6,13.175684812090761,13.175684812090761,13.175684812090761,1.7470940544683906,7.5414856907059225,3.019264687610877e-07,25.200312653131274,True
1745,9172.2,2948.6,5,13.17523493569921,13.17523493569921,13.17523493569921,1.5198837816110762,8.66858051589541,3.019161596506151e-07,25.200349725619876,True
449,8495.0,2118.714285714286,7,13.173489195928596,13.173489195928596,13.173489195928596,1.5905192098544128,8.282508701755589,3.0187615527499176e-07,25.200493596941037,True
1700,9062.6,2861.2,5,13.17040505212377,13.17040505212377,13.17040505212377,1.8234942143754398,7.222619599390795,3.018054807968585e-07,25.200747816501238,True
1535,7884.428571428572,2700.0,7,13.16966829977992,13.16966829977992,13.16966829977992,1.773950701474441,7.423920117303028,3.017885978008926e-07,25.20080855427392,True
4351,8269.714285714286,4196.285714285714,7,13.167515380010627,13.167515380010627,13.167515380010627,1.5864906556369844,8.299774936098693,3.017392627209527e-07,25.200986060188985,True
2670,8922.833333333334,3826.333333333333,6,13.165835263750918,13.165835263750918,13.165835263750918,1.6780322121941915,7.845996738367315,3.0170076213622886e-07,25.201124604127322,True
1507,9073.0,2671.8333333333335,6,13.163288953326113,13.163288953326113,13.163288953326113,1.6640601860878232,7.91034426721835,3.016424123406854e-07,25.201334608941956,True
4683,8299.142857142857,4285.428571428572,7,13.155370814428348,13.155370814428348,13.155370814428348,1.5692030907519683,8.383472408357443,3.014609647916086e-07,25.201987910471054,True
845,8804.166666666666,2394.1666666666665,6,13.149860265276796,13.149860265276796,13.149860265276796,1.6806122690669343,7.824446189826711,3.013346881942255e-07,25.20244280119536,True
3020,8411.0,3918.0,5,13.147517822204337,13.147517822204337,13.147517822204337,1.8112833767817176,7.258675252441616,3.012810101065035e-07,25.202636225440894,True
2802,8360.2,3862.4,5,13.146830223022208,13.146830223022208,13.146830223022208,1.9093753412368497,6.8854090335669635,3.012652534763212e-07,25.20269300960799,True
2248,8899.2,3643.6,5,13.146232269225822,13.146232269225822,13.146232269225822,1.8237232987252079,7.208457707600219,3.0125155110860364e-07,25.202742392983236,True
4202,8550.0,4164.0,7,13.140849215612434,13.140849215612434,13.140849215612434,1.6238477088068115,8.092414790096425,3.0112819612616277e-07,25.20318706587591,True
1274,8528.5,2538.5,4,13.137341421459759,13.137341421459759,13.137341421459759,2.2768799195982146,5.769887690773792,3.010478135185972e-07,25.203476928993624,True
2700,8525.8,3834.4,5,13.130628250060782,13.130628250060782,13.130628250060782,2.1168302581733576,6.20296700661837,3.0089397831658774e-07,25.204031881164383,True
1578,8872.0,2731.5,4,13.119377058361614,13.119377058361614,13.119377058361614,2.076102735204087,6.319233068719955,3.0063615243295956e-07,25.20496261064645,True
4448,8087.5,4219.166666666666,6,13.115220429919123,13.115220429919123,13.115220429919123,1.4308199215906077,9.166227162492435,3.0054090150934595e-07,25.20530666029536,True
2134,8820.25,3580.0,4,13.111672323559368,13.111672323559368,13.111672323559368,2.3047376545860065,5.689008593871644,3.004595951302645e-07,25.20560042803924,True
2959,8688.8,3901.6,5,13.110853813110099,13.110853813110099,13.110853813110099,1.6770353112546634,7.817875822364942,3.004408386122454e-07,25.205668208421983,True
1458,8765.5,2647.5,4,13.10949603876933,13.10949603876933,13.10949603876933,2.207276819967474,5.9392170117396095,3.0040972463085244e-07,25.205780654271813,True
3515,8327.166666666666,4029.5,6,13.108812692187197,13.108812692187197,13.108812692187197,1.6480596288259999,7.954088834470934,3.0039406545082305e-07,25.205837250914445,True
1876,9342.833333333334,3184.833333333333,6,13.106975438616633,13.106975438616633,13.106975438616633,1.4444264860255847,9.074172735977145,3.0035196399722193e-07,25.205989431936977,True
4358,8947.375,4195.875,8,13.1038392416927,13.1038392416927,13.1038392416927,1.556875214573933,8.416756281445974,3.0028009669953785e-07,25.206249254655454,True
4633,8039.714285714285,4268.571428571428,7,13.099091155157108,13.099091155157108,13.099091155157108,1.5130750485454194,8.657264666250228,3.0017129226003366e-07,25.206642735035953,True
2395,9350.875,3720.625,8,13.097907864281815,13.097907864281815,13.097907864281815,1.4689859896740396,8.916291888657273,3.0014417664209126e-07,25.206740818159442,True
3846,8659.42857142857,4095.714285714286,7,13.09548245154383,13.09548245154383,13.09548245154383,1.6798255550090049,7.795739511459945,3.0008859726889646e-07,25.206941888612477,True
4035,8809.375,4132.5,8,13.094719254204907,13.094719254204907,13.094719254204907,1.6754988955727648,7.815415031788794,3.0007110827452577e-07,25.20700516655068,True
3346,8738.5,3991.5,6,13.094232919237978,13.094232919237978,13.094232919237978,1.6161906619971635,8.101911010336575,3.000599637001606e-07,25.20704549130119,True
3765,8679.0,4079.0,7,13.090525729284312,13.090525729284312,13.090525729284312,1.6803725711464819,7.790251967962635,2.999750118522908e-07,25.207352924371822,True
1696,9263.5,2854.0,6,13.083624246142271,13.083624246142271,13.083624246142271,1.4803185923474476,8.838384057174226,2.998168614059187e-07,25.207925488546362,True
4925,8673.0,3951.3333333333335,6,13.082531335375673,13.082531335375673,13.082531335375673,1.7578803028829644,7.442219651656611,2.997918168869327e-07,25.20801618683674,True
3538,8152.5,4034.5,6,13.080005528948671,13.080005528948671,13.080005528948671,1.5243916602687255,8.580475654559065,2.997339369492934e-07,25.20822582701856,True
1489,9232.6,2661.8,5,13.079354904113515,13.079354904113515,13.079354904113515,1.3491323140740439,9.694642080447334,2.9971902760213095e-07,25.208279834985703,True
3723,8403.0,4070.0,7,13.077030760870008,13.077030760870008,13.077030760870008,1.748787222419199,7.477771219519657,2.9966576886283846e-07,25.208472782627894,True
1413,9069.833333333334,2617.8333333333335,6,13.072073342821962,13.072073342821962,13.072073342821962,1.6210112723652126,8.064147094886355,2.9955216750194027e-07,25.20888445625924,True
681,8399.666666666666,2340.1666666666665,6,13.06502855064667,13.06502855064667,13.06502855064667,1.8355769784782614,7.11766856080201,2.9939073306760334e-07,25.209469738142147,True
4590,8791.857142857143,4257.428571428572,7,13.05607138358118,13.05607138358118,13.05607138358118,1.5580619704540912,8.379686836060852,2.9918547574240497e-07,25.21021435616977,True
237,8121.571428571428,2032.142857142857,7,13.051716429815311,13.051716429815311,13.051716429815311,1.3750404240679657,9.491878348712596,2.990856801089408e-07,25.210576572306298,True
4109,8100.0,4145.285714285714,7,13.050800425634407,13.050800425634407,13.050800425634407,1.5677554258923647,8.32451300125841,2.9906468948024444e-07,25.210652774835644,True
3056,8538.5,3927.5,4,13.042152326916302,13.042152326916302,13.042152326916302,1.5662481504202472,8.327002540061677,2.988665145887915e-07,25.211372475232405,True
1905,9371.6,3249.8,5,13.024871013580068,13.024871013580068,13.024871013580068,1.2722350497454362,10.237786654428549,2.9847050588142056e-07,25.212812068089534,True
4549,8255.857142857143,4247.285714285714,7,13.022436244115848,13.022436244115848,13.022436244115848,1.572551067809086,8.28108956884879,2.984147120948308e-07,25.213015046258377,True
4037,8875.2,4131.4,5,13.021180770812734,13.021180770812734,13.021180770812734,1.3207287825974707,9.859087605559745,2.983859423855945e-07,25.2131197254832,True
2531,9169.0,3777.285714285714,7,13.020572764501594,13.020572764501594,13.020572764501594,1.5619309967157324,8.336202298232068,2.9837200966018973e-07,25.21317042364098,True
4928,9012.0,3992.5,6,13.016039731524351,13.016039731524351,13.016039731524351,1.4520233364179491,8.964070621367634,2.9826813326521553e-07,25.2135484818904,True
1540,9015.0,2700.8333333333335,6,13.005918862841494,13.005918862841494,13.005918862841494,1.79533901003565,7.244269071267624,2.9803620921832227e-07,25.214393045074743,True
2644,8714.333333333334,3818.0,6,13.004228951952822,13.004228951952822,13.004228951952822,1.9679485528328189,6.608012660307364,2.9799748418547467e-07,25.214534128274295,True
504,8801.857142857143,2143.714285714286,7,12.999506575689335,12.999506575689335,12.999506575689335,1.5587887553032518,8.339492141871634,2.978892689078834e-07,25.214928475842754,True
3283,8154.714285714285,3979.285714285714,7,12.987506491766004,12.987506491766004,12.987506491766004,1.7017153445262871,7.632008804258261,2.9761428183772495e-07,25.2159312018173,True
4409,8430.666666666666,4208.333333333334,6,12.978730084917906,12.978730084917906,12.978730084917906,1.4778124713604626,8.782393122565672,2.9741316671043947e-07,25.216665144373618,True
24,8423.5,1926.0,6,12.963775517962336,12.963775517962336,12.963775517962336,1.2948231069180984,10.012005075209347,2.970704763943655e-07,25.21791689058635,True
2211,9378.42857142857,3625.142857142857,7,12.961759192571659,12.961759192571659,12.961759192571659,1.376380251413665,9.417280710950902,2.970242714331993e-07,25.21808577408334,True
1061,9152.0,2448.5714285714284,7,12.958331210241337,12.958331210241337,12.958331210241337,1.5673535895305102,8.267650195080048,2.969457177477757e-07,25.218372955531333,True
3090,8474.8,3934.8,5,12.957134864745841,12.957134864745841,12.957134864745841,1.7605462710543913,7.359724125277214,2.96918302977612e-07,25.21847319803633,True
3654,7818.285714285715,4059.5714285714284,7,12.950911147222538,12.950911147222538,12.950911147222538,1.4156888575243924,9.148133841972683,2.967756838210993e-07,25.21899483641617,True
2825,8170.5,3869.0,6,12.941403749010927,12.941403749010927,12.941403749010927,1.7212503808568977,7.518606178938506,2.9655781771318334e-07,25.219792179330987,True
4514,8272.142857142857,4237.142857142857,7,12.938506228551883,12.938506228551883,12.938506228551883,1.5762322853131552,8.208502229721395,2.964914197890649e-07,25.220035297864417,True
204,8818.625,2019.5,8,12.936102711388745,12.936102711388745,12.936102711388745,1.505333969019596,8.593510129724805,2.9643634216235916e-07,25.220237008013264,True
876,8909.666666666666,2401.8333333333335,6,12.935407044909365,12.935407044909365,12.935407044909365,1.5889333672207084,8.140937380864122,2.964204006666001e-07,25.22029539736049,True
78,8297.75,1959.875,8,12.92611011190144,12.92611011190144,12.92611011190144,1.4994399013142288,8.620625675341817,2.9620735745909903e-07,25.22107601801268,True
2683,8203.333333333334,3828.666666666667,6,12.919482591174013,12.919482591174013,12.919482591174013,1.8509709586579237,6.979840786125295,2.9605548497896526e-07,25.22163284326656,True
1443,9325.0,2641.0,7,12.908290488348026,12.908290488348026,12.908290488348026,1.5154723156034027,8.517668290897443,2.957990131422103e-07,25.222573820405294,True
3094,8171.2,3935.4,5,12.899234912811027,12.899234912811027,12.899234912811027,1.4836388583589903,8.694322637975723,2.9559150074467807e-07,25.22333576611424,True
4989,8561.285714285714,4268.428571428572,7,12.89739046774866,12.89739046774866,12.89739046774866,1.5792943227102205,8.166552796577843,2.9554923449495777e-07,25.223491025242577,True
2937,8882.2,3896.6,5,12.895747802673087,12.895747802673087,12.895747802673087,1.4914525857134062,8.646434976345336,2.9551159212018194e-07,25.223629317910074,True
1684,8952.5,2838.5,4,12.889995497082317,12.889995497082317,12.889995497082317,1.9563800973086578,6.588696907525667,2.953797755703004e-07,25.224113731833825,True
4641,8386.0,4271.714285714286,7,12.882918459997196,12.882918459997196,12.882918459997196,1.5774710974942778,8.16681743358783,2.9521760223002435e-07,25.224710000893012,True
1092,8845.2,2462.4,5,12.882214210448966,12.882214210448966,12.882214210448966,1.647274739899916,7.820319160136976,2.9520146404956113e-07,25.224769354690384,True
2113,8933.5,3562.5,4,12.881924551342571,12.881924551342571,12.881924551342571,1.6577438814916596,7.770756806987125,2.95194826386898e-07,25.2247937679558,True
3679,8792.57142857143,4064.0,7,12.878157240972541,12.878157240972541,12.878157240972541,1.5984810313098186,8.056496754559541,2.951084968539005e-07,25.225111337234143,True
3643,8452.833333333334,4055.8333333333335,6,12.875496747515566,12.875496747515566,12.875496747515566,1.6421912956392566,7.840436605470811,2.9504753050519964e-07,25.225335662223543,True
692,8781.857142857143,2344.4285714285716,7,12.873767954931287,12.873767954931287,12.873767954931287,1.7406758485574962,7.39584453107672,2.950079144816202e-07,25.225481453780997,True
2883,8371.25,3886.0,4,12.871718328808392,12.871718328808392,12.871718328808392,1.6618528348384385,7.745402034988104,2.949609464198919e-07,25.225654327058123,True
4331,8220.142857142857,4192.428571428572,7,12.869756323919315,12.869756323919315,12.869756323919315,1.579061515013653,8.150256466612726,2.9491598623631896e-07,25.225819835815866,True
724,8264.5,2355.5,6,12.866953732989199,12.866953732989199,12.866953732989199,1.6564202627422102,7.767928238023306,2.9485176366307286e-07,25.226056297620442,True
4312,8906.166666666666,4187.166666666666,6,12.854162576220393,12.854162576220393,12.854162576220393,1.394536807844425,9.21751401893037,2.9455864881935475e-07,25.227136174790825,True
296,8130.833333333333,2056.1666666666665,6,12.848772408984065,12.848772408984065,12.848772408984065,1.3089059588592888,9.816421357101747,2.9443513082519305e-07,25.227591554676998,True
2614,8076.714285714285,3806.857142857143,7,12.847037417516736,12.847037417516736,12.847037417516736,1.863964561099273,6.892318494478348,2.9439537275154966e-07,25.227738173372156,True
3303,8354.666666666666,3983.1666666666665,6,12.8464139723996,12.8464139723996,12.8464139723996,1.7560948386193493,7.315330408065839,2.9438108623928346e-07,25.227790863602458,True
2046,9062.6,3497.2,5,12.839750907836661,12.839750907836661,12.839750907836661,1.6864231554743125,7.613599745803677,2.942283992569136e-07,25.228354149762666,True
1994,9285.5,3425.5,4,12.838288229321087,12.838288229321087,12.838288229321087,1.1928995172205772,10.762254526880808,2.9419488135135963e-07,25.22847784168583,True
3776,8845.42857142857,4080.5714285714284,7,12.83567105017664,12.83567105017664,12.83567105017664,1.5814553163519887,8.116366562784231,2.941349075687087e-07,25.22869919953176,True
4755,8539.166666666666,4311.833333333334,6,12.835232617876887,12.835232617876887,12.835232617876887,1.457015913579061,8.809260419364952,2.941248607045082e-07,25.228736286019043,True
1842,9007.5,3122.5,4,12.833537023876751,12.833537023876751,12.833537023876751,2.0864860173506643,6.150789852966405,2.940860054407238e-07,25.22887972630254,True
2731,8841.2,3841.4,5,12.8319493750913,12.8319493750913,12.8319493750913,1.6024024146484988,8.007944357663803,2.9404962378783363e-07,25.22901405204585,True
2791,7795.833333333333,3861.166666666667,6,12.83064735176361,12.83064735176361,12.83064735176361,1.4493661355697511,8.852592203501315,2.94019787364818e-07,25.229124224362597,True
4484,7981.857142857143,4229.428571428572,7,12.830290896520633,12.830290896520633,12.830290896520633,1.4871216053465763,8.627600359239292,2.9401161904003503e-07,25.22915438821389,True
2528,8262.8,3775.4,5,12.82890572351049,12.82890572351049,12.82890572351049,1.9211536290947748,6.67770943938269,2.9397987720638156e-07,25.229271611875305,True
3265,8371.2,3976.4,5,12.81985916894506,12.81985916894506,12.81985916894506,1.6350622595269535,7.840593894359732,2.9377257152828214e-07,25.23003751013735,True
688,8683.166666666666,2342.0,6,12.81942832710541,12.81942832710541,12.81942832710541,1.7301350035246799,7.409495964759576,2.9376269860273064e-07,25.230073999496415,True
582,9070.0,2173.75,8,12.816550099084058,12.816550099084058,12.816550099084058,1.4865080288725567,8.62191784379717,2.9369674277309674e-07,25.230317797203647,True
4846,8556.75,1908.75,8,12.816327892968335,12.816327892968335,12.816327892968335,1.4645257312921631,8.75117972946804,2.936916508246467e-07,25.230336621248675,True
3619,8440.5,4051.0,6,12.81504714729584,12.81504714729584,12.81504714729584,1.6510436016555654,7.761786020941964,2.936623019882262e-07,25.230445125138516,True
932,9046.6,2415.2,5,12.814690730987296,12.814690730987296,12.814690730987296,1.342599449858616,9.544686415845591,2.936541345556425e-07,25.230475322411074,True
2873,8675.4,3884.2,5,12.813571594176993,12.813571594176993,12.813571594176993,1.7255905757837058,7.425615191690239,2.9362848905561617e-07,25.23057014642516,True
3232,7860.0,3968.0,7,12.812585932836551,12.812585932836551,12.812585932836551,1.560587650624505,8.210103372091469,2.936059022032318e-07,25.230653667975535,True
3868,8316.8,4100.4,5,12.810079715667472,12.810079715667472,12.810079715667472,1.415288820402003,9.051212396370698,2.9354847116184e-07,25.230866065136976,True
312,8875.0,2065.285714285714,7,12.80508957587244,12.80508957587244,12.80508957587244,1.4259030761293283,8.980336595270119,2.9343411996807466e-07,25.231289093807927,True
1478,7568.166666666667,2657.8333333333335,6,12.800088765643,12.800088765643,12.800088765643,1.2006977992761396,10.660541539561198,2.933195242567281e-07,25.231713192458276,True
1501,8972.666666666666,2668.1666666666665,6,12.799375894091494,12.799375894091494,12.799375894091494,1.8519839722417706,6.911169905319556,2.9330318849936175e-07,25.231773661726933,True
2416,7584.571428571428,3730.5714285714284,7,12.795621974096317,12.795621974096317,12.795621974096317,1.3295446437014966,9.624063422551107,2.9321716581254734e-07,25.232092143244202,True
882,7948.714285714285,2403.0,7,12.795305831060432,12.795305831060432,12.795305831060432,1.5837418386561342,8.079161337252883,2.9320992125928054e-07,25.23211896899609,True
974,7809.0,2427.714285714286,7,12.795101744756717,12.795101744756717,12.795101744756717,1.4809810527177334,8.63961204721462,2.932052445340946e-07,25.23213628672643,True
1708,9099.0,2868.8333333333335,6,12.794996621630556,12.794996621630556,12.794996621630556,1.8691803197777204,6.84524467021572,2.9320283559256934e-07,25.232145207050408,True
2788,8170.666666666667,3858.666666666667,6,12.77802789451874,12.77802789451874,12.77802789451874,1.7453944791998832,7.320997085069498,2.928139899326049e-07,25.23358606627034,True
3136,7921.571428571428,3945.142857142857,7,12.7767435141659,12.7767435141659,12.7767435141659,1.5916734861323683,8.027239019487787,2.9278455780592535e-07,25.233695204264855,True
1411,8136.2,2615.8,5,12.776698730407462,12.776698730407462,12.776698730407462,1.9596970559975209,6.519731553050629,2.9278353156689215e-07,25.233699009885054,True
4573,8543.285714285714,4253.142857142857,7,12.773230654821415,12.773230654821415,12.773230654821415,1.584726544175992,8.060211209160439,2.927040591273169e-07,25.233993759447056,True
1868,7820.5,3165.5,4,12.765806120251263,12.765806120251263,12.765806120251263,1.4389444698717446,8.871646118066737,2.925339227331233e-07,25.234625035112174,True
1987,7551.0,3419.5,6,12.765708806536555,12.765708806536555,12.765708806536555,1.2487686988417155,10.222636760816696,2.925316927476111e-07,25.234633311708656,True
2966,8609.166666666666,3904.333333333333,6,12.762344720385439,12.762344720385439,12.762344720385439,1.9305069282941454,6.610877450547476,2.924546032705403e-07,25.234919468281266,True
1453,9041.2,2644.4,5,12.758137367187247,12.758137367187247,12.758137367187247,1.5364914318209464,8.303422396613797,2.92358189967393e-07,25.235277461184317,True
3080,7787.125,3934.875,8,12.753100239464917,12.753100239464917,12.753100239464917,1.5886256520607809,8.027756710916426,2.922427620251197e-07,25.235706212787157,True
1498,7645.285714285715,2666.4285714285716,7,12.751689536199589,12.751689536199589,12.751689536199589,1.414984290836005,9.011894774227917,2.922104351547183e-07,25.235826319765053,True
2397,8970.0,3722.166666666667,6,12.749640824816591,12.749640824816591,12.749640824816591,1.7298443799476735,7.370397575995974,2.921634880546471e-07,25.23600077028155,True
2785,8582.2,3858.2,5,12.748717925964103,12.748717925964103,12.748717925964103,1.9004880383607652,6.708128474705003,2.921423394315942e-07,25.236079365512538,True
2468,9028.142857142857,3748.857142857143,7,12.747711283788709,12.747711283788709,12.747711283788709,1.7535259976330204,7.269758932001054,2.921192717943778e-07,25.23616509891831,True
4085,8496.285714285714,4142.142857142857,7,12.736051184759166,12.736051184759166,12.736051184759166,1.6403537938936832,7.7642099114044125,2.918520756238862e-07,25.237158656487885,True
3666,8434.0,4060.5,6,12.732887151263125,12.732887151263125,12.732887151263125,1.635349824102857,7.7860326662818515,2.9177957043921264e-07,25.237428420833147,True
2384,8304.5,3718.5,4,12.725763243053997,12.725763243053997,12.725763243053997,2.08698506292358,6.097678162213077,2.9161632302702603e-07,25.23803604811457,True
4958,8983.714285714286,4110.571428571428,7,12.723991019353885,12.723991019353885,12.723991019353885,1.4976076928179454,8.496211044036524,2.915757117607989e-07,25.238187261161062,True
1416,9080.142857142857,2619.857142857143,7,12.719250304327039,12.719250304327039,12.719250304327039,1.7388549677331304,7.3147275306741495,2.9146707624257937e-07,25.238591861025927,True
3409,8611.8,4005.6,5,12.712464473663077,12.712464473663077,12.712464473663077,1.5532768097691856,8.184287818957477,2.913115760223479e-07,25.239171265306798,True
338,8262.125,2074.125,8,12.71093591375081,12.71093591375081,12.71093591375081,1.5942416085270197,7.9730298379898175,2.9127654841633096e-07,25.239301823203423,True
3908,8114.0,4110.5,6,12.71027267219818,12.71027267219818,12.71027267219818,1.464938111140794,8.676320573229052,2.9126134995167603e-07,25.23935847710829,True
2475,8097.833333333333,3750.666666666667,6,12.70977437736786,12.70977437736786,12.70977437736786,1.8865797009805108,6.736940067129005,2.912499313119115e-07,25.239401043255935,True
50,8268.25,1945.625,8,12.707135998437085,12.707135998437085,12.707135998437085,1.4623518920446683,8.689519990068806,2.9118947172706385e-07,25.23962645094672,True
1653,7994.6,2795.8,5,12.70324768823217,12.70324768823217,12.70324768823217,1.8342012801471654,6.925765359411883,2.911003694309509e-07,25.2399587307934,True
3971,8799.42857142857,4121.142857142857,7,12.70138035498621,12.70138035498621,12.70138035498621,1.5721543197801673,8.078965401285943,2.9105757868868635e-07,25.240118341972252,True
3883,8615.833333333334,4105.0,6,12.69967925789154,12.69967925789154,12.69967925789154,1.5703688715625708,8.087067623325293,2.9101859731913037e-07,25.240263764465205,True
3704,8899.5,4067.0,6,12.694121243975523,12.694121243975523,12.694121243975523,1.4606319156771943,8.690842030581083,2.908912330463111e-07,25.240739040864348,True
578,8206.5,2172.5,6,12.692791821978453,12.692791821978453,12.692791821978453,1.4523209907752406,8.739660104480837,2.9086076877103485e-07,25.24085275312162,True
3176,8216.5,3954.0,6,12.688228490374453,12.688228490374453,12.688228490374453,1.632488330905303,7.772324157035869,2.9075619807003286e-07,25.241243168820372,True
153,8163.777777777777,2002.111111111111,9,12.685853544506372,12.685853544506372,12.685853544506372,1.541987841571246,8.226947841287654,2.907017751668081e-07,25.241446412801164,True
4318,7965.833333333333,4189.166666666666,6,12.685654046557307,12.685654046557307,12.685654046557307,1.3794412663684488,9.196226295269442,2.9069720358573694e-07,25.241463487241482,True
2240,7607.0,3639.5,6,12.683316590807795,12.683316590807795,12.683316590807795,1.2884369825022883,9.843955709945067,2.906436397846594e-07,25.241663563182893,True
959,8408.0,2424.5,4,12.67206470332011,12.67206470332011,12.67206470332011,1.7622362063184513,7.190900208431059,2.903857979567389e-07,25.242627191556487,True
2808,8042.571428571428,3865.857142857143,7,12.664533717260388,12.664533717260388,12.664533717260388,1.734562142369854,7.301285671989478,2.902132221810028e-07,25.2432726345104,True
913,8471.4,2411.2,5,12.650875709472404,12.650875709472404,12.650875709472404,1.9381528124810212,6.527284963293514,2.89900243074372e-07,25.2444441735307,True
3312,8974.285714285714,3984.0,7,12.6503106185055,12.6503106185055,12.6503106185055,1.58429080350835,7.984841287023747,2.898872937724875e-07,25.244492672420343,True
2146,9237.0,3588.0,7,12.648546797857303,12.648546797857303,12.648546797857303,1.5852560692632092,7.978866659527164,2.8984687506579917e-07,25.24464406613019,True
3345,8679.42857142857,3991.8571428571427,7,12.646174056158094,12.646174056158094,12.646174056158094,1.8100431583137016,6.986669902357303,2.897925026720495e-07,25.244847758559914,True
291,8835.333333333334,2053.6666666666665,6,12.646013143084406,12.646013143084406,12.646013143084406,1.3276265654790225,9.525278773343604,2.897888152799474e-07,25.244861573826146,True
1717,7569.666666666667,2889.4444444444443,9,12.638709608349146,12.638709608349146,12.638709608349146,1.5260785627849534,8.281821078257375,2.8962145164886937e-07,25.245488807304895,True
3895,8878.714285714286,4106.428571428572,7,12.637961012945194,12.637961012945194,12.637961012945194,1.5690292470249991,8.0546369909342,2.8960429726410156e-07,25.245553117762963,True
1814,9229.714285714286,3088.5714285714284,7,12.635367018804578,12.635367018804578,12.635367018804578,1.6802758424456845,7.519817103609297,2.8954485477575784e-07,25.24577599251533,True
3215,8555.8,3961.8,5,12.634406230865226,12.634406230865226,12.634406230865226,1.6627952082741149,7.5982936250935005,2.895228379080281e-07,25.245858554574045,True
4465,8926.0,4223.0,7,12.633125884161014,12.633125884161014,12.633125884161014,1.4547168360611276,8.68425082531331,2.89493498214137e-07,25.24596858659191,True
2881,8131.166666666667,3886.0,6,12.630419137499697,12.630419137499697,12.630419137499697,1.6667562705725203,7.577844079843316,2.8943147195341976e-07,25.24620123904477,True
4617,8139.833333333333,4264.833333333334,6,12.627766969225764,12.627766969225764,12.627766969225764,1.4434814761592176,8.748132329917691,2.8937069637985916e-07,25.24642924869792,True
2126,9285.5,3569.333333333333,6,12.623856904528502,12.623856904528502,12.623856904528502,1.4466003017232192,8.726568693156437,2.8928109557022317e-07,25.246765488367885,True
2897,8431.5,3888.5,4,12.623436849926556,12.623436849926556,12.623436849926556,1.708087745191649,7.390391322379164,2.892714698388505e-07,25.2468016164768,True
4453,8921.285714285714,4220.714285714286,7,12.617508513555546,12.617508513555546,12.617508513555546,1.4612282656287472,8.63486479857163,2.89135619468137e-07,25.24731162982675,True
4980,9024.0,4153.714285714286,7,12.614150149450321,12.614150149450321,12.614150149450321,1.401289322810369,9.00181707240293,2.89058661114202e-07,25.247600655417024,True
4212,8222.5,4166.0,6,12.604149224779963,12.604149224779963,12.604149224779963,1.4689298290009198,8.580497839949624,2.8882948563580136e-07,25.24846180520384,True
660,9107.5,2217.0,6,12.602221372149348,12.602221372149348,12.602221372149348,1.2917525227195366,9.755910014108425,2.887853080658796e-07,25.248627885393326,True
1537,8915.6,2700.8,5,12.594619415221915,12.594619415221915,12.594619415221915,1.9197162928279776,6.560667043497608,2.886111059622692e-07,25.249283024677112,True
1775,9490.375,3007.0,8,12.591374241540116,12.591374241540116,12.591374241540116,1.3994939508828657,8.99709086530663,2.8853674141543647e-07,25.249562815311908,True
3859,8185.285714285715,4098.428571428572,7,12.590909583196662,12.590909583196662,12.590909583196662,1.6025998890816797,7.856552136922644,2.885260935701958e-07,25.24960288287606,True
3892,8311.42857142857,4107.142857142857,7,12.588084323034312,12.588084323034312,12.588084323034312,1.6632751074951355,7.568251497487843,2.884613515217698e-07,25.24984653735014,True
2314,8937.6,3686.4,5,12.585661552367911,12.585661552367911,12.585661552367911,1.6688388064891055,7.541568127149177,2.884058326927786e-07,25.250055524113534,True
2574,7981.333333333333,3792.833333333333,6,12.582246186755068,12.582246186755068,12.582246186755068,1.6023934357660612,7.852157844580682,2.883275681248476e-07,25.250350199869622,True
4753,8384.5,4310.5,6,12.580380322955012,12.580380322955012,12.580380322955012,1.4541976090196602,8.651080324245623,2.8828481105556623e-07,25.250511219299273,True
4694,8534.0,4288.5,6,12.575976254961848,12.575976254961848,12.575976254961848,1.4610975418557253,8.607211972302155,2.881838899485176e-07,25.250891374199878,True
4078,8293.0,4140.428571428572,7,12.569728953466438,12.569728953466438,12.569728953466438,1.6144612847483095,7.785710981249096,2.8804073035516846e-07,25.25143086366728,True
828,8303.0,2388.0,5,12.566985748229728,12.566985748229728,12.566985748229728,1.6501527017044075,7.615650197251173,2.879778686305584e-07,25.251667839524288,True
3608,8616.0,4050.5,6,12.56333005668915,12.56333005668915,12.56333005668915,1.6353423243941096,7.682385436543895,2.8789409689091317e-07,25.251983722278638,True
2325,7573.875,3689.125,8,12.55527671498982,12.55527671498982,12.55527671498982,1.4208877211066806,8.836220152012395,2.8770955111164756e-07,25.25267992370663,True
1064,8827.833333333334,2450.8333333333335,6,12.550956132433779,12.550956132433779,12.550956132433779,1.7980853647236064,6.980178126505721,2.8761054310919904e-07,25.253053616803605,True
2990,8409.6,3911.2,5,12.53500523370336,12.53500523370336,12.53500523370336,1.8292657743383842,6.852478961531475,2.8724502142315953e-07,25.254434346872607,True
2434,8967.0,3736.166666666667,6,12.529806497118837,12.529806497118837,12.529806497118837,1.7232465129090888,7.271047063351787,2.8712589014449204e-07,25.254884735782,True
2848,8095.8,3874.4,5,12.521167419372306,12.521167419372306,12.521167419372306,1.5094273684140904,8.295309652777739,2.8692792197247193e-07,25.255633589689893,True
2077,8956.25,3534.25,4,12.511169355724896,12.511169355724896,12.511169355724896,1.6543120562931322,7.562762604631594,2.866988120556393e-07,25.25650088868433,True
1104,8881.6,2466.8,5,12.506855628905997,12.506855628905997,12.506855628905997,1.602961397845014,7.802343615835004,2.8659996115534796e-07,25.256875304285398,True
2591,8072.5,3800.0,6,12.502354028246767,12.502354028246767,12.502354028246767,1.7294303373326407,7.229174693170685,2.864968050454229e-07,25.257266164367334,True
2842,8808.2,3871.6,5,12.497231147704825,12.497231147704825,12.497231147704825,1.5860281472537285,7.879577149588601,2.863794120405072e-07,25.257711139507183,True
601,8463.666666666666,2178.3333333333335,6,12.490598084948427,12.490598084948427,12.490598084948427,1.4849223064255495,8.411617248188113,2.862274125624025e-07,25.258287560650864,True
2236,8979.5,3638.5,4,12.469758909557903,12.469758909557903,12.469758909557903,1.4543194292717074,8.574291629867378,2.857498739200254e-07,25.260100503667733,True
513,8430.857142857143,2149.8571428571427,7,12.456474883184455,12.456474883184455,12.456474883184455,1.5948227037817169,7.810570324617959,2.8544546475791615e-07,25.26125775428682,True
411,8938.714285714286,2101.0,7,12.455609423742313,12.455609423742313,12.455609423742313,1.4368512665867743,8.668683887741901,2.854256323835881e-07,25.26133319242671,True
3400,8813.0,4003.5,6,12.453032376788027,12.453032376788027,12.453032376788027,1.534543063743765,8.11514037697114,2.853665782472881e-07,25.261557852864804,True
4283,8767.285714285714,4180.0,7,12.451651675329227,12.451651675329227,12.451651675329227,1.5646303286960777,7.958206770608947,2.853349388811516e-07,25.26167823805501,True
2448,8979.833333333334,3741.166666666667,6,12.450053098223574,12.450053098223574,12.450053098223574,1.6990602227622602,7.327611423909863,2.852983068011166e-07,25.261817636787576,True
1254,9180.285714285714,2527.5714285714284,7,12.448074442968387,12.448074442968387,12.448074442968387,1.577690269360713,7.890062254115569,2.852529650672626e-07,25.261990203792728,True
3026,8597.4,3919.8,5,12.445125244079337,12.445125244079337,12.445125244079337,1.7377872498997908,7.161478049051737,2.8518538290975474e-07,25.262247466986217,True
4802,8215.166666666666,4334.166666666666,6,12.44171178581512,12.44171178581512,12.44171178581512,1.445043685636096,8.609920869166238,2.8510716204953556e-07,25.262545304372278,True
558,8142.5,2165.5,6,12.440634133837584,12.440634133837584,12.440634133837584,1.443274377832908,8.61972908610581,2.850824671922457e-07,25.26263935063083,True
2011,9045.0,3449.75,4,12.438675802563274,12.438675802563274,12.438675802563274,1.6243318524725379,7.657718331158301,2.8503759119113083e-07,25.262810274275836,True
2520,9279.57142857143,3771.857142857143,7,12.43675814352991,12.43675814352991,12.43675814352991,1.424689371103688,8.729452465764743,2.8499364721186227e-07,25.262977674116947,True
3024,9207.0,3919.0,7,12.434784991369266,12.434784991369266,12.434784991369266,1.4396042651296352,8.63764111608097,2.849484315837801e-07,25.263149945112048,True
2741,7945.0,3844.5,6,12.433098199389345,12.433098199389345,12.433098199389345,1.5375902549878437,8.086093261229495,2.8490977802206427e-07,25.26329723638821,True
695,7990.8,2346.6,5,12.427004001556142,12.427004001556142,12.427004001556142,1.3353715561029815,9.30602718379138,2.847701268648036e-07,25.26382955047972,True
1888,9449.0,3214.5,6,12.415888192675474,12.415888192675474,12.415888192675474,1.266231892891239,9.805382617812421,2.8451540333652953e-07,25.264801163354583,True
2009,7565.0,3450.0,7,12.415335757360477,12.415335757360477,12.415335757360477,1.3616342432686301,9.11796675115721,2.8450274404433676e-07,25.264849473419652,True
3698,9125.375,4065.75,8,12.415241085717362,12.415241085717362,12.415241085717362,1.4857655158443168,8.356124134878812,2.845005746030284e-07,25.264857752601493,True
3756,8675.0,4077.1666666666665,6,12.41163909675873,12.41163909675873,12.41163909675873,1.5619544238934528,7.9462235945530875,2.8441803348108243e-07,25.265172799020554,True
2244,8190.5,3641.5,4,12.396122854565228,12.396122854565228,12.396122854565228,2.119363876787368,5.848982796364283,2.8406247213601844e-07,25.26653096652806,True
1988,9013.5,3419.5,4,12.394267958019817,12.394267958019817,12.394267958019817,1.8125275145327822,6.83811299891616,2.8401996638608133e-07,25.26669344305813,True
1174,9284.25,2495.625,8,12.389194332787675,12.389194332787675,12.389194332787675,1.5070326978317476,8.220919393860997,2.8390370208771617e-07,25.267137982938493,True
1972,9213.8,3395.6,5,12.38857950967382,12.38857950967382,12.38857950967382,1.4107262503140545,8.78170340058242,2.8388961315235334e-07,25.267191864753595,True
3285,8519.8,3978.6,5,12.38856615823339,12.38856615823339,12.38856615823339,1.6348138594291681,7.577967416155339,2.838893071983692e-07,25.267193034875643,True
297,8140.5,2056.5,8,12.387610279748124,12.387610279748124,12.387610279748124,1.5172040674665408,8.164762107732294,2.838674028328856e-07,25.26727681147305,True
1511,8179.5,2674.5,4,12.38344280085429,12.38344280085429,12.38344280085429,2.1412610744163847,5.78324752119705,2.837719032665255e-07,25.267642139724984,True
4793,8277.0,4330.0,7,12.37895546637537,12.37895546637537,12.37895546637537,1.5639355770324885,7.915259201318249,2.836690740722413e-07,25.268035644546885,True
3221,8863.833333333334,3963.3333333333335,6,12.37881028892792,12.37881028892792,12.37881028892792,1.5563447837707476,7.953771181046565,2.836657472687637e-07,25.2680483778777,True
637,9045.142857142857,2193.714285714286,7,12.377827269659061,12.377827269659061,12.377827269659061,1.4411466401182775,8.588874251299778,2.836432209605829e-07,25.268134601187164,True
1114,7910.857142857143,2473.285714285714,7,12.374321086034797,12.374321086034797,12.374321086034797,1.595453035990247,7.755992064256814,2.8356287525896664e-07,25.26844219392393,True
4391,8168.0,4204.5,6,12.37268340828216,12.37268340828216,12.37268340828216,1.4513101993469566,8.525181876244979,2.83525347170835e-07,25.268585895035784,True
3078,8746.166666666666,3933.833333333333,6,12.361425282976992,12.361425282976992,12.361425282976992,1.6949378022684503,7.29314389379531,2.832673624006514e-07,25.269574275513786,True
1029,9260.875,2439.125,8,12.36077960653035,12.36077960653035,12.36077960653035,1.512158176164445,8.1742636460712,2.832525664479342e-07,25.26963098844032,True
4752,8764.285714285714,4310.285714285714,7,12.36037169180872,12.36037169180872,12.36037169180872,1.5587862683889357,7.929484588405843,2.832432189071259e-07,25.269666819116363,True
3276,8839.5,3978.5,6,12.359424474261171,12.359424474261171,12.359424474261171,1.5522277886253204,7.962378050973363,2.8322151301074493e-07,25.269750025982532,True
3166,8777.6,3951.2,5,12.35565771859716,12.35565771859716,12.35565771859716,1.4965124198141673,8.256301488050097,2.8313519618907376e-07,25.27008097394367,True
1241,9354.5,2524.75,8,12.354934536645096,12.354934536645096,12.354934536645096,1.4358369793705938,8.604691698399453,2.8311862416445626e-07,25.270144524409808,True
4640,8739.0,4271.714285714286,7,12.354760748968143,12.354760748968143,12.354760748968143,1.5656262458928787,7.8912580709339135,2.831146417452982e-07,25.27015979676106,True
4582,8010.571428571428,4256.142857142857,7,12.34150372229578,12.34150372229578,12.34150372229578,1.498299364955445,8.23700791107442,2.828108512929199e-07,25.271325449584783,True
3688,7928.166666666667,4065.1666666666665,6,12.339316251299739,12.339316251299739,12.339316251299739,1.4335576982184912,8.60747793174564,2.8276072445679937e-07,25.271517908057884,True
374,8763.285714285714,2089.714285714286,7,12.33823977194788,12.33823977194788,12.33823977194788,1.5182659673228238,8.126533846835835,2.8273605647072987e-07,25.271612631587686,True
1256,8018.666666666667,2529.8333333333335,6,12.337716462633974,12.337716462633974,12.337716462633974,1.6653938192337432,7.408287649530623,2.8272406461334477e-07,25.27165868255836,True
3246,8506.4,3971.8,5,12.337704799590812,12.337704799590812,12.337704799590812,1.6546060312833375,7.456581546497508,2.8272379734970824e-07,25.27165970892286,True
1870,9039.75,3168.0,4,12.336624067638958,12.336624067638958,12.336624067638958,1.8682093514732596,6.603448407915507,2.826990319134858e-07,25.27175481909302,True
4608,8063.571428571428,4263.428571428572,7,12.33316574774744,12.33316574774744,12.33316574774744,1.5270632510032764,8.076394831481004,2.826197830298351e-07,25.272059225670173,True
3780,8652.166666666666,4080.6666666666665,6,12.328551175616152,12.328551175616152,12.328551175616152,1.5783201726029013,7.811185201595952,2.825140381301723e-07,25.27246554029186,True
4964,8496.714285714286,4124.142857142857,7,12.323938471899055,12.323938471899055,12.323938471899055,1.663257092774004,7.409521068895617,2.8240833604602205e-07,25.27287184241854,True
4015,8079.166666666667,4128.833333333334,6,12.323824765704035,12.323824765704035,12.323824765704035,1.4531349847266744,8.480853392998497,2.824057304197925e-07,25.272881859954936,True
1515,8877.8,2677.8,5,12.321261070190177,12.321261070190177,12.321261070190177,2.068140369232209,5.95765222394668,2.823469822374766e-07,25.273107746532567,True
278,8959.0,2048.0,7,12.320068938360233,12.320068938360233,12.320068938360233,1.3542073842533038,9.097623511448651,2.823196640252663e-07,25.273212800982886,True
1139,8322.8,2481.2,5,12.303035400329337,12.303035400329337,12.303035400329337,1.9595072364984145,6.278637389629917,2.8192933319529255e-07,25.274714961850254,True
2511,8813.5,3767.5,4,12.297519605969036,12.297519605969036,12.297519605969036,1.5909495912103688,7.729672689763402,2.818029364017012e-07,25.2752018368605,True
3266,8404.166666666666,3976.8333333333335,6,12.297006013415224,12.297006013415224,12.297006013415224,1.8132977408610944,6.781570249779086,2.817911672080414e-07,25.275247182401117,True
538,7916.285714285715,2159.8571428571427,7,12.279995543584842,12.279995543584842,12.279995543584842,1.3290536433485127,9.239653798055693,2.814013649957768e-07,25.276750122933635,True
3110,8291.8,3938.6,5,12.277559421478019,12.277559421478019,12.277559421478019,1.5912365580641656,7.715734885084845,2.813455402128016e-07,25.276965534116307,True
1171,7938.714285714285,2494.857142857143,7,12.275315386877088,12.275315386877088,12.275315386877088,1.6247977083288359,7.554980736342065,2.8129411719741384e-07,25.27716399801406,True
2152,9374.0,3589.714285714286,7,12.273914439306278,12.273914439306278,12.273914439306278,1.3976607700341828,8.781754988376825,2.812620138829367e-07,25.277287917135844,True
2659,8979.5,3821.0,6,12.271613481066591,12.271613481066591,12.271613481066591,1.6158174787501312,7.594678014350323,2.8120928643795126e-07,25.27749147630816,True
1306,9219.166666666666,2557.5,6,12.271183850787047,12.271183850787047,12.271183850787047,1.4529983369314112,8.445421814248304,2.8119944127581917e-07,25.27752948869468,True
2967,8050.6,3905.8,5,12.268999717651115,12.268999717651115,12.268999717651115,1.4407729183873768,8.5155679712411,2.811493909281947e-07,25.277722754765513,True
4014,8988.42857142857,4128.142857142857,7,12.266482932195682,12.266482932195682,12.266482932195682,1.4710761180444885,8.338442030111672,2.8109171770998817e-07,25.27794549871045,True
905,9317.0,2408.285714285714,7,12.26539288245203,12.26539288245203,12.26539288245203,1.3245650110710916,9.259940267132517,2.810667387525701e-07,25.27804198594864,True
4981,9027.166666666666,4154.166666666666,6,12.263479592821955,12.263479592821955,12.263479592821955,1.2938379773290012,9.478373496300271,2.8102289490005205e-07,25.27821136412351,True
3899,8249.666666666666,4108.166666666666,6,12.253427388689879,12.253427388689879,12.253427388689879,1.5044392217185625,8.144847071118267,2.8079254433079144e-07,25.27910169197634,True
3510,8947.285714285714,4028.5714285714284,7,12.25279818259241,12.25279818259241,12.25279818259241,1.5787419196702734,7.761115372898603,2.8077812580318997e-07,25.279157445306318,True
1172,8881.4,2495.2,5,12.249364517150626,12.249364517150626,12.249364517150626,1.6608556290599192,7.375333715239316,2.8069944188682963e-07,25.279461749457365,True
531,8558.0,2156.5,6,12.248994233630066,12.248994233630066,12.248994233630066,1.480791587841175,8.27192316204855,2.8069095668113464e-07,25.27949457044986,True
710,9285.714285714286,2350.0,7,12.247548205480594,12.247548205480594,12.247548205480594,1.342923360122478,9.12006490404902,2.806578203258616e-07,25.279622752222508,True
2932,8218.833333333334,3897.166666666667,6,12.244898679278261,12.244898679278261,12.244898679278261,1.7037488294271574,7.1870327760667045,2.805971052965049e-07,25.27985765619499,True
2770,7869.6,3853.2,5,12.244453094421134,12.244453094421134,12.244453094421134,1.3555437373151582,9.032872018333371,2.8058689452838435e-07,25.279897166233166,True
1325,8968.4,2574.8,5,12.244400165496574,12.244400165496574,12.244400165496574,1.586968980979908,7.7155888440465965,2.8058568163937584e-07,25.279901859539876,True
402,8558.5,2097.0,6,12.24201095344818,12.24201095344818,12.24201095344818,1.4664320924229934,8.348160829746055,2.805309318205102e-07,25.280113736569746,True
3950,8582.833333333334,4117.166666666666,6,12.241729619524843,12.241729619524843,12.241729619524843,1.5599171831700553,7.8476791919474,2.8052448493298767e-07,25.28013868818409,True
2632,8861.4,3814.2,5,12.238439701019034,12.238439701019034,12.238439701019034,1.6220396792845382,7.54509267394572,2.804490950393209e-07,25.28043051489551,True
2972,8710.6,3907.2,5,12.237212799010978,12.237212799010978,12.237212799010978,1.6376746626166363,7.4723100249097465,2.804209800535656e-07,25.28053936526679,True
801,7889.0,2380.5,6,12.236807229540705,12.236807229540705,12.236807229540705,1.4450967088053739,8.46781198447028,2.8041168625519815e-07,25.28057534966632,True
2340,8751.5,3697.5,4,12.234711569164837,12.234711569164837,12.234711569164837,1.995514474850506,6.131106400559385,2.803636632988181e-07,25.28076130742132,True
3983,8143.714285714285,4122.857142857143,7,12.232698065862674,12.232698065862674,12.232698065862674,1.5834771243545251,7.725212999745168,2.8031752300702066e-07,25.280940005000758,True
1145,8983.5,2482.5,6,12.229359509966738,12.229359509966738,12.229359509966738,1.5965713361490486,7.659763916007734,2.802410185666976e-07,25.281236365273735,True
1000,8860.5,2434.1666666666665,6,12.228678109667666,12.228678109667666,12.228678109667666,1.7073425977999195,7.162404385285959,2.802254039865793e-07,25.281296862439227,True
467,8484.857142857143,2128.1428571428573,7,12.225821120367073,12.225821120367073,12.225821120367073,1.5924851521490304,7.677196301559574,2.801599348513413e-07,25.281550552911906,True
2621,8670.2,3808.2,5,12.225453041015372,12.225453041015372,12.225453041015372,1.879269630400694,6.505427876471716,2.8015150015512113e-07,25.28158324135798,True
635,8342.333333333334,2193.5,6,12.225429894945986,12.225429894945986,12.225429894945986,1.4817191161843002,8.250841715823118,2.801509697530134e-07,25.281585296950453,True
1297,9360.714285714286,2554.0,7,12.224341971502323,12.224341971502323,12.224341971502323,1.3655421862597794,8.95200609289472,2.801260395206716e-07,25.28168191935479,True
690,8888.5,2343.5,6,12.222064855120546,12.222064855120546,12.222064855120546,1.5217788571381825,8.031432949531867,2.800738584220863e-07,25.281884186111032,True
808,8902.285714285714,2382.714285714286,7,12.219416720495252,12.219416720495252,12.219416720495252,1.6910523565971798,7.225924539133592,2.8001317528131437e-07,25.282119456271733,True
3850,8439.0,4095.5,6,12.216321828387148,12.216321828387148,12.216321828387148,1.5811001062179815,7.7264695513864705,2.799422545012014e-07,25.282394482657597,True
1598,9344.857142857143,2747.4285714285716,7,12.215952975378055,12.215952975378055,12.215952975378055,1.5168948221883338,8.053263019089766,2.799338020762902e-07,25.282427265283815,True
2488,8729.2,3754.4,5,12.215877197204337,12.215877197204337,12.215877197204337,1.9763711037140557,6.18096326861281,2.7993206558693684e-07,25.282434000359014,True
2526,8884.2,3774.6,5,12.20706620019506,12.20706620019506,12.20706620019506,1.6521810721876513,7.388455421554791,2.797301578112716e-07,25.28321739642331,True
859,9224.0,2395.0,7,12.200030428991337,12.200030428991337,12.200030428991337,1.4511933622517885,8.406895143222531,2.795689300963674e-07,25.283843361227888,True
2437,7600.875,3736.5,8,12.199594341942948,12.199594341942948,12.199594341942948,1.4418732949688078,8.460933692656305,2.7955893697460786e-07,25.283882171291676,True
3916,8948.333333333334,4112.833333333334,6,12.19712007286346,12.19712007286346,12.19712007286346,1.423831639695172,8.56640612051207,2.7950223803739216e-07,25.284102397956907,True
2775,9083.166666666666,3853.833333333333,6,12.18842733146942,12.18842733146942,12.18842733146942,1.4722423074226825,8.278818826234225,2.7930304013987207e-07,25.284876465013383,True
4470,8326.285714285714,4225.0,7,12.187887770757694,12.187887770757694,12.187887770757694,1.584799531707054,7.690491779505771,2.7929067587473545e-07,25.284924529751393,True
4437,8885.714285714286,4215.142857142857,7,12.183156115636844,12.183156115636844,12.183156115636844,1.4974428804326605,8.135973849043731,2.791822479681478e-07,25.285346122635275,True
1316,8615.5,2569.5,4,12.182540815685833,12.182540815685833,12.182540815685833,2.206241995742042,5.521851564423868,2.7916814810585697e-07,25.285400958204775,True
4698,8099.0,4290.5,6,12.1788409972409,12.1788409972409,12.1788409972409,1.4267939082140306,8.535809500676656,2.790833651792716e-07,25.28573074465929,True
671,8440.5,2331.0,6,12.178531529925234,12.178531529925234,12.178531529925234,1.8175611522357191,6.700479659209729,2.7907627360299695e-07,25.28575833383119,True
1565,9094.5,2720.5,6,12.174956681750185,12.174956681750185,12.174956681750185,1.6805616578789757,7.244576016994286,2.78994354423748e-07,25.28607708423641,True
1615,8855.25,2761.0,4,12.17470542750224,12.17470542750224,12.17470542750224,2.2800683176970367,5.339623086293833,2.7898859682488873e-07,25.286099490775968,True
3578,8586.666666666666,4041.6666666666665,6,12.173393132708437,12.173393132708437,12.173393132708437,1.6551047570747859,7.355058995917309,2.7895852502682156e-07,25.28621652709951,True
3649,8410.5,4058.0,6,12.172948720476992,12.172948720476992,12.172948720476992,1.6388195543427355,7.427876173566327,2.7894834112992147e-07,25.286256164631293,True
1020,8877.5,2437.5,6,12.172492387316591,12.172492387316591,12.172492387316591,1.6941755842448711,7.18490603956031,2.7893788405982126e-07,25.286296866907463,True
3867,9050.42857142857,4100.285714285714,7,12.170625788793583,12.170625788793583,12.170625788793583,1.4320423887672529,8.498788781853337,2.788951101540483e-07,25.286463372577405,True
920,8800.8,2413.2,5,12.162280700622306,12.162280700622306,12.162280700622306,1.5776675800074496,7.709026194583321,2.787038788792426e-07,25.28720808959003,True
4878,8047.125,2055.375,8,12.160946690270585,12.160946690270585,12.160946690270585,1.442741793648586,8.429052754835958,2.786733094598515e-07,25.287327184257407,True
3589,8443.5,4043.6666666666665,6,12.157317044756777,12.157317044756777,12.157317044756777,1.6635278613765834,7.308153549467151,2.785901345760813e-07,25.28765128943342,True
4791,8607.714285714286,4328.428571428572,7,12.152956111059208,12.152956111059208,12.152956111059208,1.5635681869801852,7.772578268256375,2.7849020190991735e-07,25.288040822173134,True
3198,8212.5,3957.5,6,12.152390363238222,12.152390363238222,12.152390363238222,1.6263162963817046,7.4723412599845185,2.784772375559399e-07,25.28809136684591,True
4259,8500.714285714286,4175.571428571428,7,12.149872881994266,12.149872881994266,12.149872881994266,1.6067765420126485,7.561644425537439,2.784195483934409e-07,25.288316310548772,True
4898,8962.333333333334,2469.0,6,12.148771646044619,12.148771646044619,12.148771646044619,1.6154080978104843,7.520558837429997,2.7839431309931453e-07,25.28841472358905,True
1244,7955.714285714285,2525.857142857143,7,12.145839316473035,12.145839316473035,12.145839316473035,1.691491235103034,7.180551139972767,2.7832711750945194e-07,25.288676817631263,True
2674,8320.0,3827.0,5,12.14522709649633,12.14522709649633,12.14522709649633,1.9124191884769315,6.350713886200285,2.7831308822609336e-07,25.28873154634369,True
662,9114.285714285714,2218.0,7,12.143623454198856,12.143623454198856,12.143623454198856,1.388834712857154,8.7437499522291,2.782763400750153e-07,25.2888749152117,True
2172,9214.0,3602.166666666667,6,12.141800286791685,12.141800286791685,12.141800286791685,1.4755653924407428,8.228574856115221,2.7823456141189015e-07,25.289037933068514,True
1561,7849.4,2714.8,5,12.137386939941154,12.137386939941154,12.137386939941154,1.4639865802624945,8.290640845741159,2.781334276758451e-07,25.28943265225477,True
598,7987.0,2177.714285714286,7,12.13670693121912,12.13670693121912,12.13670693121912,1.438121043005048,8.439280539180956,2.781178449843115e-07,25.289493483369057,True
3844,8469.833333333334,4094.8333333333335,6,12.136658551714785,12.136658551714785,12.136658551714785,1.579976858279094,7.681541972034955,2.7811673634721884e-07,25.28949781135394,True
3579,8703.833333333334,4041.8333333333335,6,12.129555108569033,12.129555108569033,12.129555108569033,1.5781217163953771,7.6860707146685865,2.779539579007373e-07,25.290133465991293,True
947,7957.714285714285,2420.142857142857,7,12.125902278051399,12.125902278051399,12.125902278051399,1.5912836347722847,7.620201712051563,2.7787025172265997e-07,25.290460486035453,True
2826,8276.5,3868.5,4,12.124795835827435,12.124795835827435,12.124795835827435,1.5205483980195726,7.973962454348239,2.778448971245245e-07,25.290559559833348,True
4284,7903.857142857143,4181.571428571428,7,12.120707137212772,12.120707137212772,12.120707137212772,1.4488077850750705,8.3659870288347,2.77751202842052e-07,25.29092575130096,True
2943,8047.0,3899.285714285714,7,12.118245703802137,12.118245703802137,12.118245703802137,1.7073882605360422,7.09753369160308,2.776947980396935e-07,25.29114626143572,True
4970,8730.0,4139.0,7,12.117293936834354,12.117293936834354,12.117293936834354,1.5863157137890036,7.638639541615283,2.776729878913965e-07,25.291231538501656,True
2580,8749.6,3795.2,5,12.116436622558341,12.116436622558341,12.116436622558341,1.803217517833775,6.719342787393697,2.776533421670439e-07,25.291308358465173,True
4199,8054.571428571428,4164.285714285714,7,12.111878020391483,12.111878020391483,12.111878020391483,1.5531767995739851,7.798132204726213,2.7754887984312257e-07,25.291716925016082,True
3893,8318.166666666666,4106.166666666666,6,12.111482503435974,12.111482503435974,12.111482503435974,1.544213811671221,7.843138308890242,2.775398164024426e-07,25.291752380631568,True
1030,8201.6,2440.2,5,12.108604095397697,12.108604095397697,12.108604095397697,1.618162214112965,7.482935882318401,2.774738564476437e-07,25.29201044674716,True
2373,8755.75,3715.0,4,12.10781852564677,12.10781852564677,12.10781852564677,1.8967224350538616,6.383547904468659,2.77455854779856e-07,25.292080888325884,True
1756,9215.5,2973.5,6,12.105461003802187,12.105461003802187,12.105461003802187,1.5792405899493172,7.665368456740774,2.7740183115560314e-07,25.29229231336851,True
2425,8678.5,3733.5,4,12.097670477245892,12.097670477245892,12.097670477245892,1.9703871673060969,6.139742827185463,2.772233078980664e-07,25.29299126895903,True
2207,8052.0,3624.0,5,12.094343803344474,12.094343803344474,12.094343803344474,1.8394323379784154,6.575041415568716,2.7714707573874417e-07,25.293289870826328,True
2958,8681.0,3902.166666666667,6,12.092441918871767,12.092441918871767,12.092441918871767,1.8473814574748209,6.5457200893425025,2.771034932402991e-07,25.293460620661158,True
644,9106.285714285714,2199.0,7,12.091375453100227,12.091375453100227,12.091375453100227,1.378064176746824,8.774174423171031,2.770790547197176e-07,25.293556378951276,True
1677,9479.714285714286,2827.857142857143,7,12.086009604558967,12.086009604558967,12.086009604558967,1.3129406891143918,9.205297470604902,2.769560939988841e-07,25.294038308333818,True
3091,8727.8,3934.4,5,12.074806831298575,12.074806831298575,12.074806831298575,1.5659987253892838,7.710610893566954,2.7669937764454803e-07,25.295045166477582,True
453,8939.166666666666,2122.0,6,12.069069745562434,12.069069745562434,12.069069745562434,1.3564305933062462,8.897668487515126,2.7656790986416343e-07,25.29556115336071,True
563,7947.375,2168.375,8,12.068540417382401,12.068540417382401,12.068540417382401,1.4700819943120316,8.209433530971333,2.765557800818794e-07,25.295608772886045,True
2075,8994.4,3532.2,5,12.066882751403556,12.066882751403556,12.066882751403556,1.7678653255628487,6.825679861989335,2.7651779395497097e-07,25.29575791367043,True
2852,8395.5,3875.5,4,12.05187599024638,12.05187599024638,12.05187599024638,1.7327167756176969,6.955479487379004,2.7617390758638016e-07,25.297109010232376,True
4792,8734.42857142857,4329.285714285714,7,12.050577265844364,12.050577265844364,12.050577265844364,1.5582581909501645,7.733363659392284,2.7614414675966133e-07,25.297226016753633,True
4788,8335.57142857143,4328.285714285714,7,12.035227400884647,12.035227400884647,12.035227400884647,1.5661714802379412,7.684488929051493,2.7579239802027175e-07,25.29860989465282,True
1514,8946.5,2676.5,4,12.03221980891093,12.03221980891093,12.03221980891093,1.581649742838369,7.607385809274286,2.757234777601829e-07,25.29888125301364,True
2436,7581.625,3736.625,8,12.031639897057694,12.031639897057694,12.031639897057694,1.4149698288301256,8.503107028794572,2.757101888313312e-07,25.298933583047344,True
2004,9042.8,3438.4,5,12.025602004943595,12.025602004943595,12.025602004943595,1.8420646270656547,6.528327957798074,2.755718279437743e-07,25.299478579704324,True
3109,8086.571428571428,3939.285714285714,7,12.021006686315564,12.021006686315564,12.021006686315564,1.7017959674440377,7.063717928753916,2.7546652424639686e-07,25.29989354914402,True
1428,8242.5,2628.5,4,12.019250791882122,12.019250791882122,12.019250791882122,2.108239516770729,5.70108410181613,2.754262871723193e-07,25.300052152949593,True
1203,9304.833333333334,2509.8333333333335,6,12.017927529833674,12.017927529833674,12.017927529833674,1.2884001267389464,9.327791328499867,2.753959640549078e-07,25.30017169389542,True
3113,7790.0,3939.714285714286,7,12.013194186315555,12.013194186315555,12.013194186315555,1.4860615035086358,8.083914533787494,2.752874974579726e-07,25.300599402810082,True
4230,7992.5,4170.0,6,12.012546422503352,12.012546422503352,12.012546422503352,1.4027385432562913,8.563638947724106,2.7527265367237824e-07,25.300657948403714,True
2790,7961.0,3860.166666666667,6,12.012236955187685,12.012236955187685,12.012236955187685,1.537570426686306,7.812479185799542,2.752655620961035e-07,25.300685919508684,True
2167,8846.5,3594.5,4,12.009735983227337,12.009735983227337,12.009735983227337,2.0637142346684993,5.819476253773332,2.752082512509196e-07,25.300911995511782,True
1896,9056.8,3231.8,5,12.008022926269279,12.008022926269279,12.008022926269279,1.957796166329909,6.133438778143875,2.751689958159642e-07,25.301066874905015,True
4179,7914.0,4160.0,7,11.992601973638553,11.992601973638553,11.992601973638553,1.4653187081001136,8.184295953736772,2.7481561807210273e-07,25.302462095984204,True
2083,9105.0,3537.5,6,11.990028264544375,11.990028264544375,11.990028264544375,1.680029993709474,7.136794170008014,2.7475664042429876e-07,25.30269512873558,True
4184,8763.857142857143,4160.571428571428,7,11.983212096319217,11.983212096319217,11.983212096319217,1.5684092056883383,7.640360725286654,2.7460044500584014e-07,25.3033125305309,True
797,8680.2,2377.4,5,11.982444427428947,11.982444427428947,11.982444427428947,1.6685134776777022,7.181508922604898,2.7458285354395237e-07,25.303382087223984,True
1474,9252.5,2653.3333333333335,6,11.978819730303648,11.978819730303648,11.978819730303648,1.466943460213616,8.16583600881202,2.744997920546273e-07,25.303710572808413,True
2044,9150.666666666666,3493.666666666667,6,11.976845624468691,11.976845624468691,11.976845624468691,1.6317439241387939,7.339905145220542,2.7445455457268917e-07,25.30388951654887,True
867,8383.5,2398.5,4,11.972935598705853,11.972935598705853,11.972935598705853,1.6443873672452498,7.281091935632808,2.7436495465525225e-07,25.304244029730466,True
4649,8105.4,4275.2,5,11.970903537688955,11.970903537688955,11.970903537688955,1.3074069961842916,9.15621805040543,2.743183891054619e-07,25.30442831782304,True
2524,8803.8,3773.6,5,11.970220230041251,11.970220230041251,11.970220230041251,1.7799979561350772,6.724850547599661,2.7430273081763166e-07,25.304490294183,True
479,8914.0,2133.0,7,11.967162234411258,11.967162234411258,11.967162234411258,1.4990159539088648,7.983345476214206,2.7423265553614013e-07,25.304767699333084,True
2041,7870.5,3491.5,4,11.958196085308636,11.958196085308636,11.958196085308636,1.4414067145495142,8.296198404380235,2.740271923837083e-07,25.3055814696452,True
4193,8456.5,4164.0,6,11.957049729845888,11.957049729845888,11.957049729845888,1.4965233151839157,7.98988536197742,2.7400092315658664e-07,25.3056855571917,True
406,8348.5,2099.0,6,11.950171353838801,11.950171353838801,11.950171353838801,1.4513097997398965,8.234059575688464,2.7384330222012304e-07,25.3063103142089,True
3517,8507.8,4028.6,5,11.949956081329093,11.949956081329093,11.949956081329093,1.5362501046222217,7.778652737190667,2.738383691582288e-07,25.306329873029938,True
910,8814.333333333334,2410.0,6,11.948620679400332,11.948620679400332,11.948620679400332,1.7033524502040889,7.014767071822802,2.7380776785025293e-07,25.306451210316084,True
3761,7872.285714285715,4080.285714285714,7,11.939947707281132,11.939947707281132,11.939947707281132,1.4653271687941434,8.148315244237798,2.736090229741452e-07,25.307239584076623,True
877,8151.0,2402.0,5,11.93572773736547,11.93572773736547,11.93572773736547,1.4945187899767933,7.986335011251887,2.735123205535056e-07,25.30762338676139,True
2894,8506.8,3887.6,5,11.935034416137443,11.935034416137443,11.935034416137443,1.8778787527692697,6.3555937243217056,2.734964328001872e-07,25.307686456717363,True
4353,8679.166666666666,4195.833333333334,6,11.933303716204527,11.933303716204527,11.933303716204527,1.470438039878818,8.115475383912115,2.734567730688956e-07,25.307843910794773,True
4425,8289.42857142857,4212.714285714286,7,11.932908637151737,11.932908637151737,11.932908637151737,1.584443204498847,7.531294654973807,2.734477196629443e-07,25.307879857146467,True
2854,8565.6,3876.8,5,11.932615898071036,11.932615898071036,11.932615898071036,1.8642300412911124,6.400828027536155,2.7344101142134887e-07,25.307906492841653,True
2655,8856.0,3819.5,6,11.929587724230654,11.929587724230654,11.929587724230654,1.7750223388798787,6.720809909219946,2.733716195189574e-07,25.308182058170196,True
675,8261.166666666666,2335.1666666666665,6,11.922977330706484,11.922977330706484,11.922977330706484,1.618122403224568,7.368402604739028,2.7322013951603246e-07,25.308783850366893,True
1782,9455.4,3025.2,5,11.914511821685533,11.914511821685533,11.914511821685533,1.1469638010965941,10.387870838028414,2.7302614874580585e-07,25.309555014642072,True
3260,8027.333333333333,3976.8333333333335,6,11.910147073290709,11.910147073290709,11.910147073290709,1.5047537917829092,7.915013830388131,2.7292612866421807e-07,25.30995283485271,True
4376,8989.5,4200.5,6,11.907976987383723,11.907976987383723,11.907976987383723,1.300924112078052,9.153475500090721,2.7287640021487e-07,25.310150679220058,True
3261,8522.0,3975.75,4,11.904543321941937,11.904543321941937,11.904543321941937,1.4675137802309193,8.112048746873578,2.727977162985096e-07,25.31046379642585,True
4940,8674.166666666666,4048.3333333333335,6,11.894405248186953,11.894405248186953,11.894405248186953,1.5990321634856601,7.438502814264136,2.72565397990009e-07,25.311388818332226,True
4401,8871.714285714286,4206.0,7,11.889852149114628,11.889852149114628,11.889852149114628,1.514682284829794,7.849733418154223,2.724610617718593e-07,25.311804510483928,True
3084,8701.0,3934.166666666667,6,11.888566854021914,11.888566854021914,11.888566854021914,1.7546663793599568,6.7754001523403335,2.7243160868352316e-07,25.311921885101402,True
2985,9236.42857142857,3909.4285714285716,7,11.881538016424198,11.881538016424198,11.881538016424198,1.3904944558976868,8.544829478484772,2.722705398551746e-07,25.31256399111829,True
3835,8072.666666666667,4094.1666666666665,6,11.877948167345881,11.877948167345881,11.877948167345881,1.464042301261138,8.113118150421007,2.721882769237931e-07,25.312892081474576,True
523,7983.75,2154.625,8,11.872281872460526,11.872281872460526,11.872281872460526,1.5000975174798736,7.914340057308849,2.720584313461177e-07,25.31341014817206,True
2094,8886.5,3549.5,4,11.870554846142376,11.870554846142376,11.870554846142376,1.9377317692825926,6.126005174873722,2.7201885579728416e-07,25.3135680985489,True
330,8144.666666666667,2072.1666666666665,6,11.869574906847834,11.869574906847834,11.869574906847834,1.3360345242885132,8.884182774519852,2.719964000680359e-07,25.313657732058253,True
1991,7523.857142857143,3426.285714285714,7,11.867974860296268,11.867974860296268,11.867974860296268,1.3240775012747894,8.96320256848264,2.7195973431501753e-07,25.31380410171224,True
2575,8851.4,3792.8,5,11.867590568481193,11.867590568481193,11.867590568481193,1.6705474647065346,7.104012797724352,2.719509281032453e-07,25.313839259040858,True
1120,7987.6,2474.8,5,11.863568923888907,11.863568923888907,11.863568923888907,1.3961016357081821,8.497639871234039,2.718587703924562e-07,25.314207251610267,True
579,8321.5,2172.0,6,11.863127591631773,11.863127591631773,11.863127591631773,1.4693633229906884,8.073651632658148,2.718486570744885e-07,25.314247642434133,True
4366,8097.0,4197.833333333334,6,11.86293113472259,11.86293113472259,11.86293113472259,1.4413962267241713,8.230166636194966,2.7184415518015064e-07,25.314265622696382,True
1264,8168.8,2535.2,5,11.861440322814689,11.861440322814689,11.861440322814689,1.8153827389698167,6.533850999126362,2.718099925858446e-07,25.31440207549707,True
138,8299.42857142857,1994.142857142857,7,11.848832232580204,11.848832232580204,11.848832232580204,1.4407621101448687,8.224003219649358,2.71521072790281e-07,25.315556770053934,True
1605,9022.2,2750.4,5,11.83981766503881,11.83981766503881,11.83981766503881,1.700450633810504,6.96275294890932,2.713145001085572e-07,25.31638311033628,True
3714,8004.142857142857,4069.714285714286,7,11.838627917394657,11.838627917394657,11.838627917394657,1.5763425588103888,7.51018733284018,2.712872365309869e-07,25.316492218181924,True
1314,9019.666666666666,2566.8333333333335,6,11.836984040758974,11.836984040758974,11.836984040758974,1.6368706013564116,7.231472072960515,2.7124956639279153e-07,25.31664299074785,True
2811,8913.0,3865.833333333333,6,11.835980775378115,11.835980775378115,11.835980775378115,1.6391959441825938,7.220601550036338,2.712265761362703e-07,25.31673501821936,True
1396,7836.2,2609.4,5,11.831998966155753,11.831998966155753,11.831998966155753,1.3763742536260224,8.596498325208175,2.711353312700691e-07,25.317100338328736,True
17,8548.375,1922.125,8,11.830237232873124,11.830237232873124,11.830237232873124,1.482285273262055,7.981079921841497,2.71094960396258e-07,25.317262011772918,True
2784,8077.2,3857.4,5,11.830111167846427,11.830111167846427,11.830111167846427,1.5108017891407817,7.830352897963147,2.710920715620997e-07,25.317273581624832,True
2938,9140.8,3896.6,5,11.825764320312246,11.825764320312246,11.825764320312246,1.3176146575115075,8.975131122665857,2.7099246168641157e-07,25.317672597066043,True
4697,8659.42857142857,4289.571428571428,7,11.819648367986698,11.819648367986698,11.819648367986698,1.565031159248716,7.5523406023817765,2.708523120156279e-07,25.31823425450903,True
1068,7906.166666666667,2452.1666666666665,6,11.819311502001646,11.819311502001646,11.819311502001646,1.468926461169411,8.046224106135513,2.708445925870925e-07,25.318265198983593,True
3187,7938.285714285715,3956.8571428571427,7,11.813235861883182,11.813235861883182,11.813235861883182,1.5932046133551407,7.414763780407092,2.707053666878248e-07,25.318823458107115,True
4775,8625.714285714286,4321.714285714286,7,11.811730010137577,11.811730010137577,11.811730010137577,1.5623309710531237,7.560325071310351,2.706708594491869e-07,25.31896186742972,True
941,9240.833333333334,2417.8333333333335,6,11.806447865984797,11.806447865984797,11.806447865984797,1.331256229702195,8.868651731023956,2.7054981685031776e-07,25.319447511603556,True
3817,8742.857142857143,4090.5714285714284,7,11.798428637609504,11.798428637609504,11.798428637609504,1.6010512234964187,7.369176241496995,2.7036605279250433e-07,25.320185220772665,True
1479,9304.0,2658.3333333333335,6,11.79576051475799,11.79576051475799,11.79576051475799,1.444290045420322,8.16716874298275,2.7030491161295524e-07,25.320430779335602,True
2418,8647.0,3730.5,4,11.79570857844218,11.79570857844218,11.79570857844218,2.0656302247013354,5.7104647469745915,2.70303721470002e-07,25.32043555980419,True
984,8972.166666666666,2430.5,6,11.795126798174746,11.795126798174746,11.795126798174746,1.5460189242129998,7.629354733920252,2.7029038972563756e-07,25.320489111099818,True
2135,9043.8,3579.6,5,11.790938518462882,11.790938518462882,11.790938518462882,1.5825874701783258,7.450418217410935,2.701944134996105e-07,25.320874708858966,True
3343,8469.8,3990.6,5,11.786243102966056,11.786243102966056,11.786243102966056,1.621023801780949,7.270863691216019,2.700868160395512e-07,25.321307159416506,True
447,8957.142857142857,2118.5714285714284,7,11.780998808965702,11.780998808965702,11.780998808965702,1.4452566474624968,8.151492559920163,2.6996664079315955e-07,25.32179036572294,True
1255,8390.5,2529.0,4,11.77791301569804,11.77791301569804,11.77791301569804,2.1290435186093575,5.532020793727647,2.6989592851687793e-07,25.322074789512563,True
4910,8927.5,3449.5,4,11.770030897472942,11.770030897472942,11.770030897472942,2.089500717892682,5.632939389149068,2.6971530639696525e-07,25.322801638657296,True
1296,9239.166666666666,2553.3333333333335,6,11.768283250353697,11.768283250353697,11.768283250353697,1.4429306946524174,8.15582016098737,2.6967525831362996e-07,25.322962863776652,True
3842,8299.833333333334,4094.8333333333335,6,11.765509488604433,11.765509488604433,11.765509488604433,1.5481559158677547,7.599692878484894,2.6961169637342845e-07,25.323218799876873,True
3918,7938.285714285715,4112.571428571428,7,11.761746031866096,11.761746031866096,11.761746031866096,1.516408388730559,7.7563182314708,2.695254551480541e-07,25.32356615201637,True
729,8902.166666666666,2356.1666666666665,6,11.760748746416933,11.760748746416933,11.760748746416933,1.5264280553842358,7.704751432557031,2.6950260192423257e-07,25.323658216138774,True
4945,8988.714285714286,4053.4285714285716,7,11.759780032262825,11.759780032262825,11.759780032262825,1.5588320954789285,7.543968376305341,2.6948040342389196e-07,25.323747650185062,True
599,8360.8,2176.6,5,11.758416793761953,11.758416793761953,11.758416793761953,1.3487582781825416,8.717957089840054,2.6944916422892654e-07,25.323873520157893,True
2585,7817.428571428572,3796.857142857143,7,11.758315188512821,11.758315188512821,11.758315188512821,1.596708724007157,7.364095286586608,2.6944683590106235e-07,25.323882902116036,True
2378,7795.833333333333,3718.0,6,11.757295491717224,11.757295491717224,11.757295491717224,1.4867281353030926,7.908167749391732,2.6942346911162467e-07,25.32397706269257,True
2777,7909.833333333333,3855.0,6,11.756441476366883,11.756441476366883,11.756441476366883,1.5092190269965742,7.789751696785074,2.694038989835688e-07,25.32405593024024,True
433,8180.857142857143,2112.1428571428573,7,11.755963904485721,11.755963904485721,11.755963904485721,1.5083749331142178,7.793794265868732,2.6939295521907266e-07,25.324100036070625,True
3196,7902.857142857143,3957.714285714286,7,11.744976145849247,11.744976145849247,11.744976145849247,1.5806780320099831,7.430340593089908,2.691411660170674e-07,25.325115298286054,True
1833,9205.666666666666,3108.333333333333,6,11.737095239184267,11.737095239184267,11.737095239184267,1.6027521573501906,7.323088092789751,2.689605716605744e-07,25.325844074370025,True
4295,8175.5,4183.0,6,11.734075906298518,11.734075906298518,11.734075906298518,1.4559744475869922,8.059259505374955,2.688913823524504e-07,25.326123412714587,True
280,8933.0,2049.5,8,11.721159779259839,11.721159779259839,11.721159779259839,1.465278433302865,7.999271341788145,2.685954037613962e-07,25.327319180547118,True
534,8294.0,2158.1666666666665,6,11.719400289080504,11.719400289080504,11.719400289080504,1.459019083197629,8.032383142923615,2.685550842892592e-07,25.327482175133227,True
1462,8158.5,2648.5,4,11.71821777186259,11.71821777186259,11.71821777186259,1.937237340627953,6.048932428725613,2.685279864000075e-07,25.327591734197973,True
4895,8888.333333333334,2421.1666666666665,6,11.71792400123871,11.71792400123871,11.71792400123871,1.6496914404846168,7.103100442708503,2.6852125452015766e-07,25.327618953473685,True
1633,8861.5,2779.5,4,11.707878034924114,11.707878034924114,11.707878034924114,2.2725159620287996,5.151945346281242,2.6829104689316015e-07,25.328550171964416,True
2533,7872.833333333333,3777.833333333333,6,11.707424523852234,11.707424523852234,11.707424523852234,1.5370949092778818,7.616591827340261,2.682806544924288e-07,25.32859222936588,True
3896,9015.166666666666,4107.0,6,11.69955861809051,11.69955861809051,11.69955861809051,1.3547736504779837,8.635803194107545,2.6810040388806815e-07,25.329321951683227,True
4822,8227.5,4344.0,6,11.694657685778498,11.694657685778498,11.694657685778498,1.4452498389828716,8.091789647946882,2.6798809692203897e-07,25.329776860679274,True
2623,8099.6,3808.8,5,11.684799335418449,11.684799335418449,11.684799335418449,1.6142791695474141,7.238400616105606,2.6776218859511175e-07,25.330692499441096,True
3004,8918.0,3914.5,6,11.683034780047304,11.683034780047304,11.683034780047304,1.5692732203365563,7.4448697834413355,2.6772175305193193e-07,25.330856471989506,True
929,8774.4,2415.2,5,11.68105997842382,11.68105997842382,11.68105997842382,1.6153916633885874,7.23110081794071,2.676764996257013e-07,25.331040011189042,True
3092,9138.0,3935.166666666667,6,11.680113198778987,11.680113198778987,11.680113198778987,1.4157226009415174,8.250283770995251,2.6765480376404886e-07,25.331128016438704,True
3527,8376.6,4031.8,5,11.677415512023673,11.677415512023673,11.677415512023673,1.5284768700542055,7.639903318660981,2.675929851149637e-07,25.331378811480306,True
1755,9223.8,2969.6,5,11.673724792419181,11.673724792419181,11.673724792419181,1.4257204834502448,8.187947727431647,2.6750841069220967e-07,25.3317220193817,True
2304,9095.666666666666,3676.833333333333,6,11.670955064318544,11.670955064318544,11.670955064318544,1.5465669362318621,7.546362715314657,2.674449411847966e-07,25.331979653592903,True
4555,8142.285714285715,4248.428571428572,7,11.670316321477909,11.670316321477909,11.670316321477909,1.5601455996312228,7.480273843823592,2.674303041186349e-07,25.33203907676796,True
3502,8189.0,4026.2,5,11.669690750060782,11.669690750060782,11.669690750060782,1.416583054904212,8.23791496704715,2.6741596888129245e-07,25.332097277738875,True
14,8607.285714285714,1919.0,7,11.657505137548466,11.657505137548466,11.657505137548466,1.3860342558399696,8.410690492266182,2.671367303439408e-07,25.333231607124112,True
2336,8954.2,3695.6,5,11.65657152932714,11.65657152932714,11.65657152932714,1.627546665849946,7.162050572135075,2.6711533631110747e-07,25.333318563366213,True
1817,9385.5,3091.5,6,11.655681493304133,11.655681493304133,11.655681493304133,1.3661243841656767,8.531932837449881,2.6709494075388756e-07,25.333401467779886,True
3263,8917.42857142857,3977.0,7,11.649781806097053,11.649781806097053,11.649781806097053,1.6111656378768486,7.230654336352919,2.6695974689105365e-07,25.333951167569335,True
3582,9032.0,4041.5,6,11.646227719805598,11.646227719805598,11.646227719805598,1.4122738472584373,8.246437291474116,2.6687830347927237e-07,25.334282451790962,True
3401,8978.5,4004.0,6,11.643851163409114,11.643851163409114,11.643851163409114,1.4597501443893985,7.9766055911435725,2.668238436700985e-07,25.33450403226256,True
1508,9230.0,2674.0,7,11.64208327017786,11.64208327017786,11.64208327017786,1.6003496313622023,7.274712376612497,2.6678333163842257e-07,25.33466889278783,True
1441,8031.6,2639.2,5,11.640226982055411,11.640226982055411,11.640226982055411,1.7301777400668348,6.7277636929982485,2.667407939999008e-07,25.33484202330653,True
468,9030.0,2129.0,5,11.639743469176988,11.639743469176988,11.639743469176988,1.1709335531772374,9.940567026705697,2.667297140949042e-07,25.334887123659104,True
2369,8654.0,3712.5,4,11.636927526806438,11.636927526806438,11.636927526806438,2.1394151830014034,5.4393030484531275,2.666651855676739e-07,25.33514982192877,True
3257,8156.166666666667,3974.3333333333335,6,11.634944798968203,11.634944798968203,11.634944798968203,1.5805466701934214,7.361342134582056,2.666197505088325e-07,25.335334828048882,True
2013,9252.5,3452.0,6,11.62831914665497,11.62831914665497,11.62831914665497,1.4771717340841914,7.872015743561618,2.6646792084421143e-07,25.335953289053144,True
2214,9032.2,3625.8,5,11.627476833282218,11.627476833282218,11.627476833282218,1.5426856267488567,7.537165467592139,2.664486188719912e-07,25.33603193870468,True
2763,8475.75,3849.25,4,11.619253080700481,11.619253080700481,11.619253080700481,1.8742287218657925,6.19948512427743,2.662601680542629e-07,25.336800117826858,True
647,8561.857142857143,2202.0,7,11.618153197393443,11.618153197393443,11.618153197393443,1.6235500211442038,7.156018013664587,2.662349637565221e-07,25.336902898930227,True
57,8787.57142857143,1948.142857142857,7,11.61449013434412,11.61449013434412,11.61449013434412,1.363824452469585,8.516118121590239,2.6615102309559216e-07,25.337245272387186,True
167,8598.857142857143,2007.0,7,11.609674079046268,11.609674079046268,11.609674079046268,1.5204493395631853,7.635686225745376,2.6604066112274776e-07,25.337695576271358,True
4165,8132.833333333333,4157.166666666666,6,11.608177545092463,11.608177545092463,11.608177545092463,1.453735773551768,7.985066995174342,2.660063674053055e-07,25.337835541081528,True
2213,8155.5,3625.5,4,11.602956693981731,11.602956693981731,11.602956693981731,2.060437772299523,5.631306535907859,2.6588672936278463e-07,25.338323967636455,True
394,8974.0,2094.1666666666665,6,11.602859380267024,11.602859380267024,11.602859380267024,1.295151205231996,8.958690949284676,2.658844993772725e-07,25.3383330737177,True
3325,8349.333333333334,3987.8333333333335,6,11.596574666521914,11.596574666521914,11.596574666521914,1.7388921014987113,6.6689443563100275,2.657404824661747e-07,25.338921324396814,True
1586,7941.5,2738.8333333333335,6,11.592255952380068,11.592255952380068,11.592255952380068,1.7607575724379156,6.5836751940414056,2.656415172792389e-07,25.339325741888416,True
2615,8786.6,3806.2,5,11.59073033135961,11.59073033135961,11.59073033135961,1.7312175233295874,6.69513228416703,2.656065570191884e-07,25.339468641682146,True
4491,8433.57142857143,4231.142857142857,7,11.588434798345588,11.588434798345588,11.588434798345588,1.5900940719883048,7.287892586037401,2.6555395389557597e-07,25.339683691991052,True
3334,8827.4,3988.2,5,11.588378570495353,11.588378570495353,11.588378570495353,1.4118447942078733,8.20796918899085,2.6555266541027065e-07,25.339688960067534,True
3903,8802.666666666666,4109.833333333334,6,11.58828628303802,11.58828628303802,11.58828628303802,1.4588863709086077,7.9432411695098155,2.655505506036021e-07,25.339697606681213,True
3098,9072.6,3935.8,5,11.584747455535634,11.584747455535634,11.584747455535634,1.323142124650854,8.755482302094022,2.6546945685351714e-07,25.340029219124794,True
4710,8721.833333333334,4295.0,6,11.5834139609555,11.5834139609555,11.5834139609555,1.447966214742707,7.99978193069497,2.6543889925325317e-07,25.340154203004186,True
1389,7934.0,2607.8333333333335,6,11.583358647845156,11.583358647845156,11.583358647845156,1.6543263964159558,7.001858081295278,2.6543763172960486e-07,25.34015938762334,True
1009,8418.75,2435.25,4,11.58306781611308,11.58306781611308,11.58306781611308,1.8161929946692674,6.377663524807494,2.6543096719572123e-07,25.3401866483268,True
3218,7962.166666666667,3963.1666666666665,6,11.582063558123473,11.582063558123473,11.582063558123473,1.4802726670898663,7.824277118413032,2.6540795419314483e-07,25.340280786300056,True
1915,9213.0,3279.5,6,11.578523042223818,11.578523042223818,11.578523042223818,1.5863098017213133,7.299030132487299,2.6532682175271225e-07,25.34061273526077,True
3050,8653.8,3926.6,5,11.576234481750236,11.576234481750236,11.576234481750236,1.6743544502699481,6.913849382300059,2.652743784078547e-07,25.3408273583652,True
1008,8125.6,2436.2,5,11.572225711761222,11.572225711761222,11.572225711761222,1.5368648630135333,7.529761392989385,2.6518251572412176e-07,25.341203406423748,True
36,8354.857142857143,1933.5714285714287,7,11.5663147994137,11.5663147994137,11.5663147994137,1.4005270781189254,8.258544215331158,2.650470646323799e-07,25.34175812522076,True
4554,8871.833333333334,4248.0,6,11.554059388659358,11.554059388659358,11.554059388659358,1.3753022050893484,8.401105841249437,2.647662266383745e-07,25.342909157145947,True
29,8554.0,1929.1666666666667,6,11.552390935442805,11.552390935442805,11.552390935442805,1.293316574494332,8.932376777093127,2.6472799331728715e-07,25.343065953195616,True
3306,8612.0,3983.0,5,11.5520102004392,11.5520102004392,11.5520102004392,1.595422163857984,7.240723152864197,2.647192686113753e-07,25.34310173666175,True
154,8567.0,2002.7142857142858,7,11.545861346349735,11.545861346349735,11.545861346349735,1.5140858253727907,7.625632016934688,2.6457836498255933e-07,25.34367980149746,True
2601,7903.666666666667,3802.833333333333,6,11.545575978777773,11.545575978777773,11.545575978777773,1.5418931348359561,7.487922293658905,2.6457182566224847e-07,25.343706636891046,True
2233,9004.833333333334,3636.166666666667,6,11.544197919390566,11.544197919390566,11.544197919390566,1.7285926829826743,6.678379489302902,2.645402468403157e-07,25.343836236165373,True
1726,9465.42857142857,2909.714285714286,7,11.543519122228641,11.543519122228641,11.543519122228641,1.342907967662369,8.595912303895785,2.645246919122017e-07,25.343900079173608,True
902,8726.5,2406.5,4,11.535731237743938,11.535731237743938,11.535731237743938,1.4873677161433,7.755803163225664,2.6434622919886876e-07,25.3446328229441,True
4121,8104.166666666667,4147.166666666666,6,11.533649804613951,11.533649804613951,11.533649804613951,1.4515914503539473,7.945520622763144,2.642985322659304e-07,25.344828743875745,True
1829,9396.285714285714,3105.142857142857,7,11.53099404059412,11.53099404059412,11.53099404059412,1.454836137113917,7.925974442365131,2.6423767429431025e-07,25.34507877671213,True
2067,8904.5,3525.5,4,11.529722135876263,11.529722135876263,11.529722135876263,1.9030783455469982,6.058459002938367,2.6420852805215734e-07,25.345198543417723,True
985,8312.4,2430.8,5,11.528712890563712,11.528712890563712,11.528712890563712,1.7807096440088352,6.474223874370454,2.641854007629365e-07,25.34529358665676,True
1291,7842.571428571428,2549.0,7,11.52850590430262,11.52850590430262,11.52850590430262,1.59455923711328,7.229901301862777,2.6418065758398335e-07,25.345313080116014,True
4188,8728.833333333334,4161.166666666666,6,11.525439622424006,11.525439622424006,11.525439622424006,1.4629892453601023,7.878007072831979,2.641103924195506e-07,25.34560189603825,True
1153,9362.42857142857,2487.0,7,11.52479515753748,11.52479515753748,11.52479515753748,1.302532093291529,8.847993240929714,2.640956242302531e-07,25.345662608553056,True
1320,9059.666666666666,2572.0,6,11.518945100329287,11.518945100329287,11.518945100329287,1.5875333876487918,7.255875807052702,2.639615676601309e-07,25.34621387488189,True
327,8925.0,2070.285714285714,7,11.518756968603157,11.518756968603157,11.518756968603157,1.4032328057623746,8.208728388690307,2.639572565409335e-07,25.34623160767709,True
4769,8762.833333333334,4319.166666666666,6,11.516806485674739,11.516806485674739,11.516806485674739,1.4415616044848356,7.98911850166157,2.63912560388031e-07,25.346415472069328,True
3452,8685.75,4015.0,4,11.511701982830608,11.511701982830608,11.511701982830608,1.3348039857076306,8.624264016358788,2.637955885159432e-07,25.34689680099634,True
4413,8673.5,4209.0,6,11.507242562792658,11.507242562792658,11.507242562792658,1.467811440292392,7.839728078764929,2.636933989930468e-07,25.347317476569753,True
1128,7896.142857142857,2479.4285714285716,7,11.506307704076786,11.506307704076786,11.506307704076786,1.5927637221176272,7.224114628112451,2.636719763045946e-07,25.347405686336863,True
1270,9296.0,2536.5,6,11.50441348793304,11.50441348793304,11.50441348793304,1.3313534840829075,8.641141233695546,2.6362856952919673e-07,25.347584439452366,True
907,8506.6,2409.2,5,11.503621719299064,11.503621719299064,11.503621719299064,1.9101672541440915,6.0223112370616,2.6361042581134514e-07,25.34765916568295,True
1887,7591.0,3211.714285714286,7,11.503283125982307,11.503283125982307,11.503283125982307,1.4266241776322106,8.063289061225976,2.636026668002628e-07,25.347691123308294,True
1117,8401.5,2473.5,4,11.50000945887431,11.50000945887431,11.50000945887431,1.9403492778598999,5.926772870273231,2.635276493143474e-07,25.348000152019065,True
2898,8475.25,3889.0,4,11.498347204540813,11.498347204540813,11.498347204540813,1.694828790899157,6.784370944300869,2.6348955804332406e-07,25.3481570997298,True
4350,7923.571428571428,4196.285714285714,7,11.49569187842371,11.49569187842371,11.49569187842371,1.4593214337038198,7.877422761651047,2.634287101064327e-07,25.348407858955113,True
4336,8342.0,4192.5,6,11.49318826439178,11.49318826439178,11.49318826439178,1.4785725991027412,7.7731646531028105,2.633713387170452e-07,25.348644344107157,True
3354,7793.285714285715,3994.5714285714284,7,11.492065054998417,11.492065054998417,11.492065054998417,1.4373735439953024,7.995183369700295,2.6334559989203126e-07,25.348750456412112,True
3193,8767.0,3957.5,6,11.489989163897402,11.489989163897402,11.489989163897402,1.639322094549645,7.008988167791355,2.632980299570639e-07,25.348946598159078,True
1676,9011.4,2827.2,5,11.489562652526603,11.489562652526603,11.489562652526603,1.9125753531433043,6.0073777661327625,2.632882562660635e-07,25.348986901715975,True
3070,8775.5,3930.5,6,11.485196473620302,11.485196473620302,11.485196473620302,1.671896854540096,6.869560429180686,2.631882034036917e-07,25.349399573600458,True
3614,8731.333333333334,4050.8333333333335,6,11.482117059252625,11.482117059252625,11.482117059252625,1.536359220346041,7.473588798241114,2.6311763730263925e-07,25.34969072055447,True
4716,8641.0,4297.0,7,11.48100100241663,11.48100100241663,11.48100100241663,1.5643431192902564,7.339183367665252,2.630920623815452e-07,25.349796258775466,True
1580,9019.2,2733.4,5,11.479826591430411,11.479826591430411,11.479826591430411,1.6769461043159035,6.845674146524532,2.630651502500697e-07,25.34990732624661,True
3658,7841.714285714285,4060.714285714286,7,11.478070838079471,11.478070838079471,11.478070838079471,1.442451499164781,7.957335719589594,2.6302491640895823e-07,25.35007339415325,True
4618,8231.42857142857,4265.285714285714,7,11.47677097998621,11.47677097998621,11.47677097998621,1.5676343240177277,7.321076608333069,2.6299512960321824e-07,25.350196357579055,True
4002,8298.833333333334,4125.833333333334,6,11.475032689593199,11.475032689593199,11.475032689593199,1.5129060051908136,7.5847624705184,2.629552959332779e-07,25.350360817404948,True
1319,8208.5,2571.5,4,11.473826330517376,11.473826330517376,11.473826330517376,1.767398359543495,6.49192994242734,2.6292765169762596e-07,25.350474965801133,True
4551,8151.0,4248.285714285714,7,11.473463160619755,11.473463160619755,11.473463160619755,1.56118276458915,7.349212033889689,2.6291932950365175e-07,25.350509332100174,True
4116,8370.666666666666,4146.333333333334,6,11.45684659721649,11.45684659721649,11.45684659721649,1.514310005177873,7.565720729601038,2.625385538261182e-07,25.352082900694235,True
2467,8207.25,3749.0,4,11.456473272656048,11.456473272656048,11.456473272656048,1.692493465873058,6.768991138613541,2.625299989336899e-07,25.35211828028949,True
1279,8122.0,2540.25,4,11.453390043591106,11.453390043591106,11.453390043591106,1.5742110201926462,7.2756383335376995,2.624593454172135e-07,25.35241051891155,True
4750,8255.285714285714,4310.571428571428,7,11.451654059515018,11.451654059515018,11.451654059515018,1.564343523419625,7.320421562191099,2.624195645975146e-07,25.352575095828094,True
1365,8138.75,2595.0,4,11.447305601452435,11.447305601452435,11.447305601452435,1.6989094013689048,6.738031817487566,2.623199178158774e-07,25.35298745328713,True
3146,8085.5,3946.5,4,11.445709627483929,11.445709627483929,11.445709627483929,1.2805689756667475,8.937987601585107,2.622833453878467e-07,25.353138836292377,True
2019,7886.5,3460.5,4,11.442565840099896,11.442565840099896,11.442565840099896,1.4964285534747175,7.646583469374584,2.622113041515137e-07,25.35343709588028,True
999,8431.5,2433.5,4,11.441326063488567,11.441326063488567,11.441326063488567,1.8191665758236764,6.2893229325677344,2.621828941387023e-07,25.35355473936153,True
3430,8755.833333333334,4011.3333333333335,6,11.438798787615664,11.438798787615664,11.438798787615664,1.56945765858536,7.288376800127309,2.6212498052807987e-07,25.353794594252502,True
1487,9052.0,2662.0,5,11.436730525909171,11.436730525909171,11.436730525909171,1.5365974523362127,7.442893067745875,2.620775854239603e-07,25.353990925151866,True
2740,9300.166666666666,3843.833333333333,6,11.432636621020198,11.432636621020198,11.432636621020198,1.2348512962791651,9.258310417998379,2.619837718374789e-07,25.35437964607936,True
1348,8081.4,2585.8,5,11.404055259643302,11.404055259643302,11.404055259643302,1.764054093696932,6.464685692117183,2.61328817682459e-07,25.357097363268256,True
3837,8331.833333333334,4094.0,6,11.395959260485537,11.395959260485537,11.395959260485537,1.5650833172941638,7.281375460692883,2.6114329438923684e-07,25.357868425914813,True
1299,8875.2,2554.8,5,11.395342491088615,11.395342491088615,11.395342491088615,1.7657995915110511,6.453361154839353,2.611291608539627e-07,25.357927189461687,True
2375,8964.5,3715.833333333333,6,11.388543489001162,11.388543489001162,11.388543489001162,1.7452489855473055,6.52545486822314,2.609733588049124e-07,25.35857518453576,True
1908,7486.75,3272.25,8,11.388089977929276,11.388089977929276,11.388089977929276,1.388311338994597,8.202835817919944,2.6096296640418103e-07,25.358618421249453,True
1792,9327.0,3049.833333333333,6,11.384349706194762,11.384349706194762,11.384349706194762,1.4522334984692922,7.839200595630309,2.608772564731137e-07,25.358975075918927,True
1805,9403.166666666666,3073.666666666667,6,11.383170011065364,11.383170011065364,11.383170011065364,1.3350305017706101,8.526524297361156,2.6085022325323074e-07,25.359087590389507,True
2820,8386.5,3867.5,4,11.376748960827435,11.376748960827435,11.376748960827435,1.749571863085597,6.502590262718939,2.6070308213292277e-07,25.359700208291134,True
1916,7484.5,3280.666666666667,6,11.372053506396174,11.372053506396174,11.372053506396174,1.2003320030381925,9.47409006642501,2.6059548378066423e-07,25.36014840990118,True
12,8612.625,1919.5,8,11.371290528008622,11.371290528008622,11.371290528008622,1.48269317282757,7.6693484103140515,2.605779998036581e-07,25.360221256995068,True
4147,8670.0,4152.833333333334,6,11.36322152855194,11.36322152855194,11.36322152855194,1.4875152030418581,7.639062448111451,2.6039309522016686e-07,25.36099196236076,True
1228,9338.0,2518.875,8,11.361283623406571,11.361283623406571,11.361283623406571,1.4509164938143828,7.830418684908844,2.6034868729255785e-07,25.361177141643537,True
772,8386.4,2370.2,5,11.360306404052482,11.360306404052482,11.360306404052482,1.7592937018970687,6.457310903689656,2.603262938919116e-07,25.361270533209193,True
60,8781.57142857143,1949.7142857142858,7,11.355083567724247,11.355083567724247,11.355083567724247,1.3699860881519685,8.288466332560787,2.6020661035728015e-07,25.361769809039373,True
1332,8875.5,2577.5,4,11.35329143366679,11.35329143366679,11.35329143366679,1.6083745657760364,7.058860339655308,2.601655428366745e-07,25.361941180600205,True
69,8564.714285714286,1955.0,7,11.352526766881965,11.352526766881965,11.352526766881965,1.4365824320682459,7.902454125474545,2.6014802016932064e-07,25.36201430955824,True
2160,9063.4,3593.2,5,11.351848743377433,11.351848743377433,11.351848743377433,1.5324127358996291,7.407827197881605,2.601324829698976e-07,25.36207915650076,True
1382,9119.166666666666,2602.6666666666665,6,11.338166596911318,11.338166596911318,11.338166596911318,1.5471669416058966,7.32834078340813,2.598189507151039e-07,25.363388560955077,True
1470,9008.4,2652.2,5,11.335069320617423,11.335069320617423,11.335069320617423,1.5966282947756407,7.099378958588627,2.597479753003509e-07,25.36368519484021,True
3735,9141.42857142857,4071.714285714286,7,11.333636862859745,11.333636862859745,11.333636862859745,1.3689158417397493,8.279279497895118,2.597151499164264e-07,25.363822412309855,True
1429,7977.2,2630.2,5,11.332504413543449,11.332504413543449,11.332504413543449,1.6035131014736137,7.067297674792293,2.5968919935461524e-07,25.363930903756085,True
1047,8385.75,2444.0,4,11.330799978588665,11.330799978588665,11.330799978588665,1.8006480356830685,6.29262340782238,2.596501414965631e-07,25.364094213281522,True
2043,9371.166666666666,3493.0,6,11.32707679512298,11.32707679512298,11.32707679512298,1.3315290914796514,8.506818865321113,2.595648231505055e-07,25.364451033575182,True
861,8944.5,2396.0,6,11.321003320238955,11.321003320238955,11.321003320238955,1.5361465958929337,7.36974150156435,2.5942564686851367e-07,25.365033351519553,True
2642,8352.25,3817.0,4,11.320886534069622,11.320886534069622,11.320886534069622,1.8575330315415064,6.094581545435445,2.594229706633517e-07,25.365044551907246,True
3018,8644.8,3916.6,5,11.317968032775626,11.317968032775626,11.317968032775626,1.7035725801765378,6.64366647155284,2.593560919544012e-07,25.365324488555693,True
353,8466.0,2078.5,6,11.314348104021906,11.314348104021906,11.314348104021906,1.4604261369802298,7.747292257735779,2.5927313973435615e-07,25.365671804996165,True
1483,8988.2,2658.8,5,11.311094901977286,11.311094901977286,11.311094901977286,1.6447979174387775,6.876890335312762,2.5919859121414583e-07,25.36598403041996,True
951,8147.0,2422.3333333333335,6,11.310644032976992,11.310644032976992,11.310644032976992,1.6759945062670079,6.748616412931761,2.591882593576181e-07,25.366027309568278,True
873,8237.4,2400.2,5,11.308756492553458,11.308756492553458,11.308756492553458,1.5564313091821231,7.2658243417732375,2.591450055592123e-07,25.36620851428042,True
4540,8124.5,4244.166666666666,6,11.307648065111994,11.307648065111994,11.307648065111994,1.442582428713924,7.838476221558356,2.5911960546896636e-07,25.366314937898853,True
4209,8643.833333333334,4164.833333333334,6,11.306769731066588,11.306769731066588,11.306769731066588,1.4933644627270508,7.571339758828303,2.590994780675823e-07,25.366399276932654,True
3637,8555.333333333334,4055.8333333333335,6,11.305116059801943,11.305116059801943,11.305116059801943,1.637550102963629,6.903676436734368,2.5906158348126317e-07,25.36655808286177,True
4722,8490.666666666666,4300.833333333334,6,11.303728463671565,11.303728463671565,11.303728463671565,1.46130715546236,7.735354214490961,2.590297861207702e-07,25.36669135489667,True
2853,8714.2,3876.6,5,11.301541946349845,11.301541946349845,11.301541946349845,1.6860982846238277,6.7027776787467905,2.5897968113850573e-07,25.366901392731464,True
1667,8070.5,2809.5,4,11.297268789623821,11.297268789623821,11.297268789623821,1.9325040786472416,5.845922352480592,2.588817599192939e-07,25.367311991419648,True
3042,9225.833333333334,3923.666666666667,6,11.292911889574885,11.292911889574885,11.292911889574885,1.2976017507803677,8.70291049066743,2.5878191968591846e-07,25.36773079676251,True
2186,8068.0,3610.5,4,11.291515272472942,11.291515272472942,11.291515272472942,1.7140871207769763,6.587480376933598,2.5874991560599285e-07,25.367865080244023,True
3102,8839.8,3936.4,5,11.290581367431388,11.290581367431388,11.290581367431388,1.4732781743321197,7.663577431702428,2.587285147713967e-07,25.367954883642902,True
344,8998.833333333334,2074.8333333333335,6,11.288092019579768,11.288092019579768,11.288092019579768,1.2569007020849923,8.980894036302688,2.5867147029765004e-07,25.368194293200172,True
3849,8406.833333333334,4096.166666666666,6,11.288073899767763,11.288073899767763,11.288073899767763,1.580704992535339,7.141164197667581,2.58671055074386e-07,25.36819603604136,True
3559,8647.166666666666,4037.6666666666665,6,11.277859094164736,11.277859094164736,11.277859094164736,1.6355727462657166,6.895357678167453,2.584369784226758e-07,25.369178985430448,True
715,8264.5,2351.3333333333335,6,11.277780416033632,11.277780416033632,11.277780416033632,1.649226074230774,6.838225875911993,2.584351754795551e-07,25.36918655991712,True
3168,8539.5,3951.5,4,11.276461046551312,11.276461046551312,11.276461046551312,1.513358615503618,7.451281494702901,2.5840494156196603e-07,25.36931358588857,True
684,7960.857142857143,2340.285714285714,7,11.27357969962122,11.27357969962122,11.27357969962122,1.569947417112533,7.180864516058588,2.583389142612006e-07,25.369591047267264,True
1747,9160.5,2950.5,4,11.273362558697308,11.273362558697308,11.273362558697308,1.3825763787317957,8.153880488713465,2.583339383837935e-07,25.36961195988237,True
2273,7951.5,3664.5,4,11.272596281384075,11.272596281384075,11.272596281384075,1.4087657928223967,8.001753264323627,2.583163788104904e-07,25.369685762467398,True
4099,8625.0,4143.666666666666,6,11.272098901293639,11.272098901293639,11.272098901293639,1.5252717871939852,7.3902231693609926,2.583049811323826e-07,25.369733669397824,True
3663,8908.666666666666,4060.5,6,11.272018792651057,11.272018792651057,11.272018792651057,1.4608121625118091,7.7162684443079,2.5830314540847783e-07,25.369741385543982,True
3838,8543.5,4094.0,6,11.268717172167666,11.268717172167666,11.268717172167666,1.5839006818868449,7.114535211098995,2.582274873589755e-07,25.37005944870966,True
2552,8949.8,3783.4,5,11.26840128701757,11.26840128701757,11.26840128701757,1.550741101315011,7.266462001595297,2.5822024871527215e-07,25.37008988453886,True
246,8475.166666666666,2036.8333333333333,6,11.268052461169123,11.268052461169123,11.268052461169123,1.4457074781316355,7.794144134698277,2.5821225522133723e-07,25.370123495226416,True
3507,8287.5,4027.5,6,11.265419843218691,11.265419843218691,11.265419843218691,1.6188370080443792,6.958958676653788,2.581519276518251e-07,25.37037719146963,True
954,7884.0,2422.5,6,11.265362145922541,11.265362145922541,11.265362145922541,1.4542288285909644,7.746622762827367,2.5815060549353644e-07,25.370382752221442,True
2706,8362.5,3835.5,4,11.259597700451458,11.259597700451458,11.259597700451458,1.8167877413241715,6.197530643973227,2.5801851075309056e-07,25.37093846173903,True
1335,8127.5,2578.5,4,11.258095663403118,11.258095663403118,11.258095663403118,1.6481078697362064,6.830921610249377,2.579840909298767e-07,25.37108330925785,True
2624,8851.4,3809.2,5,11.257565639434562,11.257565639434562,11.257565639434562,1.6428696084506946,6.852379264627696,2.5797194520330023e-07,25.37113442622967,True
785,8748.0,2373.8333333333335,6,11.25697887184418,11.25697887184418,11.25697887184418,1.7027910636244528,6.610898490319353,2.579584991722913e-07,25.37119101851973,True
3499,8560.166666666666,4025.3333333333335,6,11.253933789751894,11.253933789751894,11.253933789751894,1.683311661228556,6.685591295398186,2.578887198100552e-07,25.371484756578596,True
1819,9481.166666666666,3093.166666666667,6,11.246549966357112,11.246549966357112,11.246549966357112,1.2227192800314293,9.197982030730739,2.5771951632990694e-07,25.372197353228863,True
1882,9080.5,3196.5,4,11.245549124096478,11.245549124096478,11.245549124096478,1.6418103223757954,6.8494813139093385,2.57696581600225e-07,25.372293978330326,True
2064,9181.0,3521.5,6,11.242610337756044,11.242610337756044,11.242610337756044,1.5558358009192688,7.226090523892897,2.576292380507348e-07,25.37257774959684,True
4411,8965.5,4208.0,6,11.23264253380096,11.23264253380096,11.23264253380096,1.320578757456164,8.505848265678937,2.574008215477307e-07,25.37354080050509,True
1990,7905.6,3424.2,5,11.229748390136466,11.229748390136466,11.229748390136466,1.7654132090198569,6.3609744918421285,2.5733450100430776e-07,25.3738205816367,True
4547,8372.0,4245.5,6,11.228436830065608,11.228436830065608,11.228436830065608,1.4652449201594038,7.663180861834394,2.5730444604273195e-07,25.37394739582416,True
3255,8592.4,3974.2,5,11.228102825103507,11.228102825103507,11.228102825103507,1.6227888192750333,6.9190166284973325,2.572967921757646e-07,25.373979692988865,True
2199,8850.5,3618.5,4,11.225950163220013,11.225950163220013,11.225950163220013,1.9438335058047178,5.77516033636463,2.5724746300538825e-07,25.374187871258673,True
2643,8657.75,3817.0,4,11.224665563915813,11.224665563915813,11.224665563915813,1.6801438276058962,6.680776597507301,2.572180258613444e-07,25.37431212049902,True
1273,9202.285714285714,2537.714285714286,7,11.219798190221805,11.219798190221805,11.219798190221805,1.570628876519399,7.143506883106277,2.571064879054407e-07,25.374783032522792,True
267,8059.428571428572,2044.2857142857142,7,11.213508231267948,11.213508231267948,11.213508231267948,1.3464325182738524,8.328310612732261,2.569623507981347e-07,25.375391880475327,True
879,8370.5,2401.5,4,11.207982939098919,11.207982939098919,11.207982939098919,1.6340544959974077,6.859001928364512,2.568357363581826e-07,25.37592699295519,True
2342,8840.0,3698.75,4,11.206404608105267,11.206404608105267,11.206404608105267,1.6935979866985174,6.616921309614283,2.56799568226488e-07,25.37607989930627,True
4936,8455.5,4041.0,6,11.205610635302431,11.205610635302431,11.205610635302431,1.6673928205601518,6.720438337702549,2.567813739991616e-07,25.376156826348183,True
1294,9023.8,2551.6,5,11.204899452148185,11.204899452148185,11.204899452148185,1.4728463477605203,7.607649955601522,2.5676507693214263e-07,25.37622573663144,True
350,8159.714285714285,2078.4285714285716,7,11.20476351462366,11.20476351462366,11.20476351462366,1.457336534117725,7.6885216642201675,2.5676196186546205e-07,25.37623890883239,True
1917,7610.833333333333,3284.833333333333,6,11.203963162920832,11.203963162920832,11.203963162920832,1.3675516644257522,8.192716556434803,2.5674362146290627e-07,25.376316465298068,True
2276,8067.6,3665.2,5,11.203446052489982,11.203446052489982,11.203446052489982,1.8142922664220167,6.175105444606456,2.567317716555852e-07,25.376366577786428,True
3208,8670.833333333334,3960.8333333333335,6,11.201143147967226,11.201143147967226,11.201143147967226,1.7406615573976467,6.43499197208293,2.5667899961068843e-07,25.37658977731067,True
3192,8661.833333333334,3957.5,6,11.198746087572939,11.198746087572939,11.198746087572939,1.7586714924552307,6.367730491803612,2.5662406994361034e-07,25.376822151251247,True
137,8479.5,1992.5,4,11.197586458538613,11.197586458538613,11.197586458538613,1.1326753513015848,9.885962862766629,2.5659749654690263e-07,25.376934584947715,True
1661,9389.5,2803.0,6,11.190602662585139,11.190602662585139,11.190602662585139,1.338752834205537,8.358975889097584,2.5643745986715107e-07,25.3776119564241,True
2851,8698.4,3874.8,5,11.188645027099357,11.188645027099357,11.188645027099357,1.7107020957670491,6.540381902135078,2.563925998103287e-07,25.37780190702097,True
3410,8846.166666666666,4005.8333333333335,6,11.188577535174256,11.188577535174256,11.188577535174256,1.5090313475359745,7.414410279444196,2.563910532039165e-07,25.37780845639736,True
1921,9414.857142857143,3289.5714285714284,7,11.182719809637089,11.182719809637089,11.182719809637089,1.4175473267960328,7.8887805706723615,2.562568209107468e-07,25.378377037176612,True
1121,7999.0,2476.5,6,11.177409532091982,11.177409532091982,11.177409532091982,1.5465980218549389,7.227094160308161,2.561351336231256e-07,25.37889273729698,True
4795,8148.5,4331.0,6,11.175226094744563,11.175226094744563,11.175226094744563,1.4360071564225998,7.782152090790714,2.5608509921979327e-07,25.379104849821516,True
2374,8924.5,3714.5,4,11.171922605846966,11.171922605846966,11.171922605846966,1.489477654383738,7.500564089005604,2.5600939835477807e-07,25.37942584983564,True
2023,9437.166666666666,3468.0,6,11.17013967277801,11.17013967277801,11.17013967277801,1.24379383823681,8.980700281175771,2.5596854167877037e-07,25.379599136881712,True
2633,8924.4,3813.8,5,11.167315147338615,11.167315147338615,11.167315147338615,1.5444327695593922,7.230690365709161,2.5590381646683605e-07,25.379873715124567,True
4387,8181.0,4203.5,6,11.157862069628596,11.157862069628596,11.157862069628596,1.453472985277734,7.676690370338406,2.5568719513651315e-07,25.38079317473107,True
3711,8599.166666666666,4068.0,6,11.151684644244082,11.151684644244082,11.151684644244082,1.6176939302737219,6.893568947469044,2.555456367842164e-07,25.381394446881473,True
3810,8945.166666666666,4088.1666666666665,6,11.14827049019134,11.14827049019134,11.14827049019134,1.4447443388990289,7.716431336693735,2.554673999797047e-07,25.381726902320985,True
2471,8219.75,3750.0,4,11.14460937342509,11.14460937342509,11.14460937342509,1.712453883985618,6.507976347653102,2.553835039186862e-07,25.382083519059876,True
1610,9055.5,2758.0,4,11.14385883173808,11.14385883173808,11.14385883173808,1.473674213222453,7.561955506685588,2.553663049340073e-07,25.38215664120318,True
3605,7807.714285714285,4048.8571428571427,7,11.141861064062137,11.141861064062137,11.141861064062137,1.4109372374203668,7.896780075372405,2.5532052523083404e-07,25.38235129937087,True
1623,9398.714285714286,2769.4285714285716,7,11.135506255254764,11.135506255254764,11.135506255254764,1.4228365073515423,7.826272518114057,2.5517490206131944e-07,25.382970730391126,True
620,8557.333333333334,2185.6666666666665,6,11.133134248278504,11.133134248278504,11.133134248278504,1.4883170119377602,7.480351402946995,2.5512054650406125e-07,25.38320203089296,True
1671,9177.8,2817.4,5,11.13249697488378,11.13249697488378,11.13249697488378,1.4687022092669546,7.579819043398955,2.55105943110883e-07,25.383264181459474,True
3240,9170.166666666666,3969.8333333333335,6,11.120206716082453,11.120206716082453,11.120206716082453,1.3410901207083952,8.291916064677666,2.5482430655893396e-07,25.384463494629557,True
2554,8026.166666666667,3786.166666666667,6,11.116171720049746,11.116171720049746,11.116171720049746,1.665769023231911,6.673297176869242,2.547318428941609e-07,25.38485752833783,True
3142,8875.8,3944.4,5,11.111706874786124,11.111706874786124,11.111706874786124,1.436476720983602,7.73538945147512,2.546295290498913e-07,25.385293705294245,True
2651,8137.5,3818.5,4,11.108209532116497,11.108209532116497,11.108209532116497,1.4766560449242456,7.522543635194587,2.545493859425426e-07,25.385635488001135,True
4935,9023.285714285714,4042.0,7,11.107194525823616,11.107194525823616,11.107194525823616,1.5353659001803006,7.234232911203303,2.5452612663798645e-07,25.38573470105872,True
4466,8073.8,4223.6,5,11.10718455117772,11.10718455117772,11.10718455117772,1.2994173077504734,8.547819461021547,2.545258980646975e-07,25.385735676087926,True
848,8057.333333333333,2394.3333333333335,6,11.10413873436249,11.10413873436249,11.10413873436249,1.5250888399261557,7.2809782903533335,2.5445610186596996e-07,25.386033447955683,True
3678,8744.833333333334,4063.0,6,11.099385144732361,11.099385144732361,11.099385144732361,1.5054212362911854,7.372943118616581,2.543471713206941e-07,25.386498342129325,True
1475,8179.5,2656.0,4,11.094992559765423,11.094992559765423,11.094992559765423,2.0494754332140728,5.413576752352573,2.542465133521167e-07,25.386928107600276,True
4146,8563.833333333334,4152.833333333334,6,11.092391850970152,11.092391850970152,11.092391850970152,1.5176083098340423,7.309126985594299,2.5418691699458155e-07,25.387182638162127,True
2417,8082.8,3730.6,5,11.090935371337638,11.090935371337638,11.090935371337638,1.7277925558823524,6.4191359857281585,2.5415354113909177e-07,25.387325209441443,True
2037,8882.0,3489.5,4,11.090684812878216,11.090684812878216,11.090684812878216,2.1676114381781315,5.116546544061371,2.5414779948452497e-07,25.387349737892343,True
2769,9130.166666666666,3851.833333333333,6,11.079548242113951,11.079548242113951,11.079548242113951,1.454391663727521,7.61799487609666,2.538926001887831e-07,25.3884405138948,True
2745,8391.5,3845.5,4,11.068056028698528,11.068056028698528,11.068056028698528,1.846584473083224,5.993798924464205,2.5362925118914834e-07,25.38956727353392,True
4561,8591.0,4250.166666666666,6,11.067692163012385,11.067692163012385,11.067692163012385,1.4639105482592079,7.560360963430042,2.5362091305088174e-07,25.38960296802644,True
3807,8152.0,4088.0,5,11.06349768441747,11.06349768441747,11.06349768441747,1.3517355473473778,8.184661346021628,2.535247947747907e-07,25.390014522701676,True
4517,8059.5,4237.833333333334,6,11.061953904650569,11.061953904650569,11.061953904650569,1.4145803595778732,7.819954398314692,2.534894183992768e-07,25.39016603487137,True
323,8150.5,2070.0,6,11.061209085009455,11.061209085009455,11.061209085009455,1.335452156029527,8.28274456338134,2.5347235053773395e-07,25.39023914174592,True
1464,8940.0,2650.0,5,11.06099571984838,11.06099571984838,11.06099571984838,1.7468761916824094,6.331871584554358,2.534674611835517e-07,25.390260085253335,True
2508,9103.333333333334,3765.333333333333,6,11.057981374285582,11.057981374285582,11.057981374285582,1.484914164054229,7.44688254847958,2.5339838616207224e-07,25.390556010703914,True
1608,7963.6,2755.8,5,11.057403228698478,11.057403228698478,11.057403228698478,1.6743912851386673,6.603834675228104,2.5338513770796656e-07,25.39061277784651,True
1109,8888.6,2470.4,5,11.05685343545507,11.05685343545507,11.05685343545507,1.598766856702942,6.915863553899955,2.533725389599775e-07,25.390666763873597,True
1874,7831.0,3182.0,5,11.055073879180656,11.055073879180656,11.055073879180656,1.6267525886715783,6.795793014971216,2.533317596646651e-07,25.390841522830808,True
1918,9068.2,3284.6,5,11.054285667358146,11.054285667358146,11.054285667358146,1.8699316990189678,5.911598628526172,2.533136974526738e-07,25.390918937114225,True
2277,8888.5,3665.5,4,11.052810591076458,11.052810591076458,11.052810591076458,1.627591106027368,6.790901320451554,2.5327989544699177e-07,25.391063826674344,True
1965,7864.25,3386.0,4,11.051259916637981,11.051259916637981,11.051259916637981,1.4924267145850563,7.404892855801362,2.5324436107712145e-07,25.3912161627232,True
225,8259.142857142857,2027.142857142857,7,11.051082236394901,11.051082236394901,11.051082236394901,1.4405186822703864,7.671599384589311,2.5324028945814096e-07,25.391233619142206,True
890,8953.6,2405.2,5,11.04909386437963,11.04909386437963,11.04909386437963,1.4034027298946286,7.873074228100744,2.5319472506056195e-07,25.391428988399127,True
4031,8358.0,4132.666666666666,6,11.044777753374937,11.044777753374937,11.044777753374937,1.5273124493550414,7.231511638655838,2.530958195256305e-07,25.391853192732547,True
1003,9111.5,2433.5,6,11.035721662066344,11.035721662066344,11.035721662066344,1.4585192483821077,7.566387398937617,2.52888295308971e-07,25.392743800012184,True
3170,7867.714285714285,3953.1428571428573,7,11.03349886618616,11.03349886618616,11.03349886618616,1.5690035221597332,7.032169597043703,2.5283735898797884e-07,25.392962509138584,True
1189,8685.75,2505.0,4,11.033047598217571,11.033047598217571,11.033047598217571,1.7724325679945752,6.224805274651972,2.528270179889215e-07,25.393006916447398,True
1124,9260.666666666666,2475.6666666666665,6,11.030568482897639,11.030568482897639,11.030568482897639,1.3277746195360483,8.307560877125326,2.527702079980274e-07,25.393250907755082,True
1740,7584.6,2929.2,5,11.026708267150621,11.026708267150621,11.026708267150621,1.1686223190008136,9.4356475037877,2.526817494984674e-07,25.393630934363532,True
1621,9061.2,2768.2,5,11.02526631158422,11.02526631158422,11.02526631158422,1.654711530605739,6.662953697765198,2.526487064681822e-07,25.393772924674714,True
4094,8800.2,4141.6,5,11.024933956084947,11.024933956084947,11.024933956084947,1.3233313395055604,8.33119690205797,2.52641090399363e-07,25.393805654572322,True
4524,7988.6,4241.2,5,11.012907646117906,11.012907646117906,11.012907646117906,1.2579426145182584,8.75469796397303,2.523655023481641e-07,25.39499065278337,True
325,8401.5,2069.5,6,11.01000201942718,11.01000201942718,11.01000201942718,1.4527181713026411,7.578897433047593,2.5229891866626976e-07,25.395277149360062,True
2947,9043.2,3899.4,5,11.008269927917226,11.008269927917226,11.008269927917226,1.3404757958658449,8.212210889497431,2.5225922704639344e-07,25.395447970618935,True
2293,8872.4,3672.6,5,11.00618614953588,11.00618614953588,11.00618614953588,1.8554908330875928,5.931684464978603,2.5221147637101426e-07,25.395653511344555,True
1161,8893.5,2491.5,4,11.006114881847942,11.006114881847942,11.006114881847942,1.459403161849557,7.541517772168915,2.522098432413772e-07,25.395660541768944,True
329,8906.5,2071.0,6,11.005087735674739,11.005087735674739,11.005087735674739,1.3108647326643623,8.395288591910354,2.5218630574625644e-07,25.395761872878197,True
2709,8981.333333333334,3837.166666666667,6,11.00089919807709,11.00089919807709,11.00089919807709,1.5903669164827023,6.917208276947165,2.52090323610666e-07,25.396175182854556,True
161,8133.875,2005.25,8,10.99883588475911,10.99883588475911,10.99883588475911,1.440914145098497,7.633234722674792,2.520430419009917e-07,25.396378841123095,True
3923,8715.6,4113.2,5,10.998314998565421,10.998314998565421,10.998314998565421,1.354471096791418,8.120007156017675,2.520311055704457e-07,25.396430260963978,True
3657,9086.0,4059.5,6,10.996944787524104,10.996944787524104,10.996944787524104,1.333604778149844,8.246029834101634,2.5199970659672537e-07,25.396565534450367,True
3642,9026.5,4055.0,6,10.99031675102508,10.99031675102508,10.99031675102508,1.403495340016705,7.830675626535582,2.518478222974642e-07,25.397220122507985,True
652,9046.142857142857,2205.285714285714,7,10.981468302831672,10.981468302831672,10.981468302831672,1.4528452058968784,7.55859485804789,2.5164505631185113e-07,25.3980946150497,True
4183,8569.2,4159.4,5,10.980998657165273,10.980998657165273,10.980998657165273,1.3796556615008966,7.9592313963466,2.5163429417996596e-07,25.398141049842696,True
2978,8865.333333333334,3909.166666666667,6,10.972370507738955,10.972370507738955,10.972370507738955,1.632487973035598,6.721256566035168,2.514365764350909e-07,25.398994485561307,True
2201,8046.5,3619.5,4,10.970036428783978,10.970036428783978,10.970036428783978,1.637470851724669,6.6993781399099515,2.513830900147085e-07,25.399225471527707,True
1961,7579.6,3371.2,5,10.969210288940172,10.969210288940172,10.969210288940172,1.1765761509899173,9.322992208971073,2.513641586658412e-07,25.399307240054277,True
2666,8566.5,3825.0,4,10.967743795727337,10.967743795727337,10.967743795727337,1.8609704272571508,5.893561571471336,2.5133055334486333e-07,25.399452403760364,True
2321,7861.0,3688.166666666667,6,10.962731721423037,10.962731721423037,10.962731721423037,1.5898347104121566,6.895516653162645,2.5121569951241005e-07,25.399948680334354,True
2631,8790.5,3813.5,4,10.961678427074993,10.961678427074993,10.961678427074993,1.530535649321019,7.161988309085023,2.511915628206474e-07,25.400053002393747,True
4124,8829.5,4146.5,4,10.960949343060097,10.960949343060097,10.960949343060097,1.1807535624738987,9.283011875987794,2.5117485554772864e-07,25.40012521936699,True
1177,8901.5,2496.5,4,10.958319109295452,10.958319109295452,10.958319109295452,1.4534269070161887,7.53964238338777,2.511145826128564e-07,25.40038578828563,True
2010,9027.5,3449.5,4,10.956843298290813,10.956843298290813,10.956843298290813,1.671934084260571,6.553394300312134,2.5108076377068284e-07,25.400532019594504,True
1183,9110.5,2501.0,6,10.9553154731015,10.9553154731015,10.9553154731015,1.4787767540782295,7.408363326572786,2.510457530011576e-07,25.40068342550047,True
2543,8968.2,3781.6,5,10.95462717813085,10.95462717813085,10.95462717813085,1.5327709957170947,7.146943156375304,2.5102998042668287e-07,25.40075164172371,True
2572,8783.5,3791.5,4,10.952760618542278,10.952760618542278,10.952760618542278,1.5810977542459819,6.927314006442061,2.5098720741310917e-07,25.40093665614417,True
696,8162.833333333333,2347.1666666666665,6,10.943494679949648,10.943494679949648,10.943494679949648,1.548162533233869,7.068698825239235,2.507748744559287e-07,25.401855568119252,True
1046,8230.2,2443.6,5,10.942680976806388,10.942680976806388,10.942680976806388,1.6573190434433425,6.602639980574432,2.507562280993887e-07,25.40193630099619,True
424,8244.166666666666,2108.1666666666665,6,10.933404328844905,10.933404328844905,10.933404328844905,1.4096426648001106,7.7561531030953,2.5054364973242745e-07,25.402857123256073,True
1885,9230.833333333334,3204.666666666667,6,10.930912377856142,10.930912377856142,10.930912377856142,1.5545816925718003,7.0314171523355204,2.5048654560667663e-07,25.403104613397844,True
810,8967.666666666666,2382.8333333333335,6,10.91480767967499,10.91480767967499,10.91480767967499,1.4908260147824288,7.321315546849977,2.5011749954025614e-07,25.404705426463607,True
658,9169.142857142857,2210.285714285714,7,10.91185675345423,10.91185675345423,10.91185675345423,1.329936466055511,8.204795516148193,2.5004987780020126e-07,25.404999005674007,True
2274,8983.4,3665.2,5,10.911077163635001,10.911077163635001,10.911077163635001,1.5940702214414075,6.844790785796668,2.5003201316511326e-07,25.405076578093478,True
4293,9025.6,4181.8,5,10.909660480437974,10.909660480437974,10.909660480437974,1.165418898810259,9.361149447271979,2.499995492620121e-07,25.40521755813411,True
2948,8075.8,3900.6,5,10.90939249795507,10.90939249795507,10.90939249795507,1.4649727433820257,7.446822848573772,2.4999340832847377e-07,25.40524422824525,True
4324,8616.166666666666,4190.0,6,10.905159833453059,10.905159833453059,10.905159833453059,1.4840225672840215,7.348378706538876,2.49896415005943e-07,25.40566555773946,True
1539,8992.6,2701.2,5,10.904266021667228,10.904266021667228,10.904266021667228,1.6869263921314868,6.463984482387125,2.4987593292549845e-07,25.40575455080357,True
2925,8825.4,3895.4,5,10.90381445687841,10.90381445687841,10.90381445687841,1.5369010853165632,7.09467548761116,2.498655851246783e-07,25.40579951397587,True
2921,8109.6,3895.2,5,10.900275848327384,10.900275848327384,10.900275848327384,1.495891138573681,7.286810896360213,2.497844963919577e-07,25.406151924500527,True
568,8484.2,2166.4,5,10.89989199441503,10.89989199441503,10.89989199441503,1.353102180797584,8.0554832806419,2.4977570021491415e-07,25.406190159443764,True
1706,9222.6,2868.2,5,10.894068859039054,10.894068859039054,10.894068859039054,1.4021553291055469,7.769516424395379,2.4964226057012443e-07,25.40677035586569,True
501,8325.4,2143.8,5,10.890668056426748,10.890668056426748,10.890668056426748,1.3325881043879175,8.172568868479457,2.4956432971959705e-07,25.40710934316361,True
4519,8669.166666666666,4237.333333333334,6,10.88900649788177,10.88900649788177,10.88900649788177,1.4603640833440952,7.456364219083627,2.4952625439286606e-07,25.407275003515196,True
4959,8987.0,4110.5,6,10.883701207659602,10.883701207659602,10.883701207659602,1.3827972406313236,7.870786032730719,2.4940468139188915e-07,25.40780411967869,True
2326,8904.5,3688.5,4,10.881426733349407,10.881426733349407,10.881426733349407,1.5564998614166257,6.990959012001348,2.4935256083750744e-07,25.408031040386074,True
244,8508.166666666666,2035.3333333333333,6,10.879808309100031,10.879808309100031,10.879808309100031,1.4450081220743405,7.529236786213929,2.4931547395166126e-07,25.408192536900586,True
4567,8107.285714285715,4252.0,7,10.878628356084846,10.878628356084846,10.878628356084846,1.5506879688833517,7.0153561350698626,2.4928843482221484e-07,25.40831029515036,True
2973,9079.857142857143,3907.285714285714,7,10.872985941991828,10.872985941991828,10.872985941991828,1.5726869211427528,6.913636653181582,2.4915913648313884e-07,25.408873579632747,True
310,8412.4,2064.8,5,10.868899963317613,10.868899963317613,10.868899963317613,1.325985434877128,8.196847173004413,2.4906550452926826e-07,25.409281667049818,True
2265,8904.4,3656.6,5,10.86673416894506,10.86673416894506,10.86673416894506,1.7872403355387219,6.080175090536739,2.490158744222724e-07,25.40949803813481,True
2411,8841.4,3727.4,5,10.865738532958732,10.865738532958732,10.865738532958732,1.8183030807296139,5.975757643549026,2.489930589965992e-07,25.409597520421315,True
1724,9336.2,2903.4,5,10.862696788726549,10.862696788726549,10.862696788726549,1.3187825830812825,8.23691253439691,2.4892335612285904e-07,25.409901502904283,True
1323,9303.8,2572.6,5,10.862195156036119,10.862195156036119,10.862195156036119,1.2470482346181102,8.710324792980042,2.489118609945984e-07,25.40995164269554,True
2765,9233.0,3849.5,6,10.85874116661346,10.85874116661346,10.85874116661346,1.32304933281308,8.207359239980494,2.48832711345499e-07,25.410296942855986,True
1077,8948.8,2454.6,5,10.85794224542211,10.85794224542211,10.85794224542211,1.4767673933471275,7.352506761956826,2.4881440372372734e-07,25.410376827767152,True
1019,8692.8,2437.8,5,10.854959152160392,10.854959152160392,10.854959152160392,1.7848657618347061,6.081666971415442,2.4874604486213184e-07,25.41067516213689,True
2302,9295.833333333334,3676.166666666667,6,10.844833257220149,10.844833257220149,10.844833257220149,1.3831572838455983,7.840636335347352,2.485140056363947e-07,25.41168844847003,True
3123,8664.4,3940.8,5,10.844630859313712,10.844630859313712,10.844630859313712,1.6349498841519399,6.633005062989377,2.485093676015566e-07,25.411708711832333,True
670,8284.5,2330.8333333333335,6,10.842996480486757,10.842996480486757,10.842996480486757,1.6425196900798662,6.601440790009358,2.4847191510972196e-07,25.41187235391639,True
2603,8796.0,3802.2,5,10.842201850829825,10.842201850829825,10.842201850829825,1.7276258255570305,6.275781300811491,2.4845370583030216e-07,25.411951925075954,True
1370,8223.25,2596.75,4,10.839037817333782,10.839037817333782,10.839037817333782,1.8968196143298803,5.714321876180652,2.4838120064562854e-07,25.412268817079983,True
3922,8684.333333333334,4113.5,6,10.83769023659027,10.83769023659027,10.83769023659027,1.510840699361897,7.173284543610431,2.4835032025488896e-07,25.412403811365124,True
1827,9487.2,3103.4,5,10.837668083129625,10.837668083129625,10.837668083129625,1.109337620359826,9.769494772578168,2.4834981259883623e-07,25.412406030734598,True
4761,8440.4,4314.8,5,10.836885116515855,10.836885116515855,10.836885116515855,1.3305195047334608,8.144852501569886,2.48331870583053e-07,25.412484472508435,True
2267,8915.5,3659.5,4,10.834368627880657,10.834368627880657,10.834368627880657,1.5672828292381653,6.912835657841728,2.482742041666095e-07,25.412736626155343,True
3455,7872.833333333333,4016.0,6,10.831889512560725,10.831889512560725,10.831889512560725,1.4126214163411996,7.667935221183443,2.482173941757154e-07,25.41298509224976,True
751,8913.0,2360.5,6,10.83008802177704,10.83008802177704,10.83008802177704,1.5218785089093174,7.116263196027799,2.4817611224171495e-07,25.4131656799886,True
3717,8532.0,4069.5,6,10.82463729622162,10.82463729622162,10.82463729622162,1.6170086703697604,6.694235779048951,2.480512065276967e-07,25.413712262788962,True
1864,9157.2,3160.4,5,10.823649070678458,10.823649070678458,10.823649070678458,1.5660487682393915,6.91143806641909,2.480285609155071e-07,25.41381138862583,True
1959,7939.5,3368.5,4,10.820306700085247,10.820306700085247,10.820306700085247,1.7850430423649861,6.061650303820981,2.4795196905975986e-07,25.414146718528556,True
3043,7953.8,3924.4,5,10.81853737634252,10.81853737634252,10.81853737634252,1.3600676200485051,7.954411396072124,2.479114242473e-07,25.414324271344494,True
1801,9039.5,3069.5,4,10.810944479321087,10.810944479321087,10.810944479321087,1.8604331503763951,5.8109825000343935,2.477374297553215e-07,25.415086553454515,True
3598,9085.57142857143,4046.714285714286,7,10.809994322881721,10.809994322881721,10.809994322881721,1.4553920577251216,7.427547969293229,2.4771565651297397e-07,25.41518198124852,True
965,8365.5,2425.5,4,10.809775274609173,10.809775274609173,10.809775274609173,1.6840485443401805,6.418921420608159,2.4771063692785473e-07,25.415203982282254,True
3631,7971.6,4054.8,5,10.80885805886815,10.80885805886815,10.80885805886815,1.3286952583729867,8.134941395142636,2.476896185357386e-07,25.415296111541565,True
1191,7965.333333333333,2506.1666666666665,6,10.797496678851015,10.797496678851015,10.797496678851015,1.546719235043366,6.980902825940663,2.474292676395424e-07,25.416437948089868,True
497,8823.833333333334,2142.1666666666665,6,10.797248246691584,10.797248246691584,10.797248246691584,1.4370004587471887,7.513740292125504,2.4742357471005197e-07,25.4164629293333,True
4067,8090.0,4137.833333333334,6,10.792064549944758,10.792064549944758,10.792064549944758,1.4520450339928614,7.432320828417098,2.4730478807571617e-07,25.416984310202963,True
4870,8215.833333333334,1987.1666666666667,6,10.791711690447688,10.791711690447688,10.791711690447688,1.2707009692736266,8.492723269595501,2.472967021489929e-07,25.417019810231032,True
850,8488.5,2393.5,4,10.791326444958294,10.791326444958294,10.791326444958294,1.6653549073106992,6.479895905422756,2.472878740833646e-07,25.41705856983225,True
2724,7787.833333333333,3840.0,6,10.790266873858332,10.790266873858332,10.790266873858332,1.4513957031956954,7.4344073432904825,2.472635935571396e-07,25.41716518056193,True
3169,8550.2,3951.4,5,10.789502284942374,10.789502284942374,10.789502284942374,1.6885332830705921,6.389866514992053,2.472460726741842e-07,25.417242117609963,True
2313,8887.5,3685.5,4,10.78772918543681,10.78772918543681,10.78772918543681,1.599293860648963,6.745307695397114,2.4720544133849944e-07,25.41742055740052,True
2447,8948.8,3740.6,5,10.787614486633048,10.787614486633048,10.787614486633048,1.5976858560158056,6.752024777595783,2.4720281296621485e-07,25.41743210137829,True
4621,8024.0,4265.5,6,10.778392674944758,10.778392674944758,10.778392674944758,1.392880703237396,7.7382023097119035,2.4699149119597407e-07,25.418360641868762,True
3800,8374.4,4087.2,5,10.777245662627921,10.777245662627921,10.777245662627921,1.4504888844860613,7.430078077741717,2.4696520691675924e-07,25.418476189623036,True
2187,9297.166666666666,3611.833333333333,6,10.774111154101252,10.774111154101252,10.774111154101252,1.4200215959400317,7.587286830640743,2.468933783094226e-07,25.418792016551652,True
4233,8128.0,4171.5,6,10.767351033709406,10.767351033709406,10.767351033709406,1.4498711126899513,7.42641945167988,2.467384672511043e-07,25.419473465901277,True
1797,9454.166666666666,3059.166666666667,6,10.766880872271418,10.766880872271418,10.766880872271418,1.2576727042259008,8.560956150271583,2.4672769330009195e-07,25.419520876117495,True
3049,8506.0,3927.4,5,10.753495834289298,10.753495834289298,10.753495834289298,1.7662742266557698,6.0882368502029065,2.464209694136442e-07,25.420871467922773,True
1162,9163.833333333334,2492.0,6,10.748662354967955,10.748662354967955,10.748662354967955,1.457576351714673,7.374339150277359,2.4631020816182803e-07,25.421359594141208,True
2017,8969.5,3457.5,4,10.746539991711224,10.746539991711224,10.746539991711224,1.8736330949354922,5.735669390533059,2.4626157329747964e-07,25.42157399795075,True
285,8899.833333333334,2050.8333333333335,6,10.733267190478205,10.733267190478205,10.733267190478205,1.287806413126342,8.334534663809912,2.45957421364278e-07,25.422915794229375,True
3273,8538.2,3977.6,5,10.731350562988029,10.731350562988029,10.731350562988029,1.63231965837646,6.574294751593973,2.4591350102326403e-07,25.42310969023876,True
3478,8720.0,4020.0,5,10.729254863677726,10.729254863677726,10.729254863677726,1.4539333751545482,7.379468032733785,2.458654771746847e-07,25.423321741723555,True
3371,8524.0,3997.8,5,10.729221485076652,10.729221485076652,10.729221485076652,1.591200914359335,6.742845223537692,2.458647122897244e-07,25.423325119442932,True
1176,8807.2,2497.2,5,10.72867264550756,10.72867264550756,10.72867264550756,1.7771661841948438,6.03695520482135,2.4585213539559134e-07,25.423380660307036,True
1881,9144.6,3196.0,5,10.726606986938224,10.726606986938224,10.726606986938224,1.6070313771839593,6.674796235612226,2.4580479994347626e-07,25.42358972402848,True
2688,8442.75,3831.0,4,10.72236053309306,10.72236053309306,10.72236053309306,1.964412919332584,5.458302797527934,2.457074906322327e-07,25.424019630851497,True
1272,8697.75,2538.0,4,10.722342413281048,10.722342413281048,10.722342413281048,1.8627233574393365,5.756272057500221,2.457070754089685e-07,25.424021465648273,True
1185,8670.5,2501.5,4,10.721753996227825,10.721753996227825,10.721753996227825,1.7896552784435746,5.990960452200777,2.456935915798111e-07,25.424081049944682,True
3863,8893.833333333334,4098.833333333334,6,10.718984010241389,10.718984010241389,10.718984010241389,1.4526477745582045,7.378928462890026,2.4563011616283426e-07,25.424361588244064,True
1182,8992.0,2499.8333333333335,6,10.711048963091738,10.711048963091738,10.711048963091738,1.6036042705807043,6.6793592157328225,2.454482811539133e-07,25.42516563445167,True
2063,9083.8,3521.6,5,10.709618709502921,10.709618709502921,10.709618709502921,1.5963404665751635,6.708856245735383,2.4541550627946363e-07,25.425310623219474,True
2283,9219.8,3667.6,5,10.70660128396581,10.70660128396581,10.70660128396581,1.329003874896944,8.056109907727727,2.4534636067905174e-07,25.425616571530938,True
982,8999.166666666666,2428.5,6,10.704675080798037,10.704675080798037,10.704675080798037,1.505228125085592,7.111662944903674,2.453022209072785e-07,25.42581192172744,True
2192,8932.0,3612.25,4,10.704597395275677,10.704597395275677,10.704597395275677,1.5853728553347326,6.752100844451212,2.453004407102129e-07,25.42581980111562,True
2720,8706.5,3838.5,4,10.701058309887493,10.701058309887493,10.701058309887493,1.5790635847795342,6.776838129277457,2.4521934105056423e-07,25.426178819612936,True
4020,8119.6,4129.8,5,10.699991844115953,10.699991844115953,10.699991844115953,1.332096459464719,8.03244522428621,2.451949025299827e-07,25.42628702930283,True
1342,9065.0,2583.1666666666665,6,10.694879891894228,10.694879891894228,10.694879891894228,1.592641983567494,6.715181442057592,2.450777599522122e-07,25.426805866880187,True
2082,8955.5,3537.5,4,10.694791715954388,10.694791715954388,10.694791715954388,1.6495426350932954,6.483489112937968,2.4507573936273045e-07,25.426814818472533,True
697,8200.333333333334,2347.6666666666665,6,10.687688233874209,10.687688233874209,10.687688233874209,1.575550064104516,6.783464694248668,2.4491296002404984e-07,25.42753620420292,True
906,7959.833333333333,2409.3333333333335,6,10.682808759234312,10.682808759234312,10.682808759234312,1.4708278808376958,7.263126364690628,2.448011447697808e-07,25.428032011330895,True
2878,8409.5,3884.5,4,10.680717390392864,10.680717390392864,10.680717390392864,1.7127596473699305,6.235969773572082,2.447532201557527e-07,25.42824458624573,True
3205,8884.0,3958.5,6,10.680176618121035,10.680176618121035,10.680176618121035,1.5466245179405398,6.905474789926766,2.447408281271966e-07,25.42829955922897,True
3259,8862.0,3975.1666666666665,6,10.67520416023529,10.67520416023529,10.67520416023529,1.5408488666134488,6.928131883367487,2.446268821219667e-07,25.428805172095984,True
460,8688.0,2124.8333333333335,6,10.67428815605438,10.67428815605438,10.67428815605438,1.4574986817531164,7.323703472043677,2.446058914932702e-07,25.428898339548283,True
3953,8324.333333333334,4117.666666666666,6,10.66754567863739,10.66754567863739,10.66754567863739,1.5335427768936067,6.9561448427580945,2.444513847312881e-07,25.429584367950685,True
1349,8121.5,2585.5,4,10.666357916210735,10.666357916210735,10.666357916210735,1.6501885945715176,6.463720541578659,2.4442416664582825e-07,25.42970526440687,True
1454,9214.8,2644.4,5,10.664736888824208,10.664736888824208,10.664736888824208,1.3527429813891578,7.883786525266156,2.443870201079777e-07,25.429870282484185,True
3200,8489.0,3958.0,5,10.663361213622794,10.663361213622794,10.663361213622794,1.6945046162419029,6.292907739178753,2.4435549592068507e-07,25.43001034376551,True
1948,7552.833333333333,3352.166666666667,6,10.65704095604217,10.65704095604217,10.65704095604217,1.2564792969965497,8.48166856510604,2.442106645073511e-07,25.430654058891058,True
361,9014.0,2080.5,6,10.656623723528742,10.656623723528742,10.656623723528742,1.251342044371137,8.516155731732196,2.4420110344534727e-07,25.430696567249193,True
764,8264.8,2367.0,5,10.655737541137443,10.655737541137443,10.655737541137443,1.5312289523014444,6.958944660184108,2.441807961957508e-07,25.43078685854023,True
4416,8414.833333333334,4210.166666666666,6,10.654590489886164,10.654590489886164,10.654590489886164,1.4769329134250608,7.213997598020741,2.441545110243365e-07,25.43090374037064,True
2949,8657.0,3901.2,5,10.654387138305411,10.654387138305411,10.654387138305411,1.7187848135490102,6.198790595726663,2.4414985113564234e-07,25.43092446273258,True
229,8248.57142857143,2028.142857142857,7,10.651884657964729,10.651884657964729,10.651884657964729,1.4341405429764287,7.427364570460931,2.4409250572527603e-07,25.431179508152635,True
1867,9083.4,3162.0,5,10.6511312941892,10.6511312941892,10.6511312941892,1.8259505995043985,5.833197950196539,2.440752420712283e-07,25.431256300502476,True
2038,9002.5,3489.5,4,10.649905126904095,10.649905126904095,10.649905126904095,1.6526028703085451,6.444322055979323,2.440471439219646e-07,25.43138129857202,True
1105,9055.5,2467.3333333333335,6,10.64978778602875,10.64978778602875,10.64978778602875,1.4855892057282627,7.168729918718029,2.440444550054764e-07,25.43139326130192,True
3489,7941.166666666667,4023.1666666666665,6,10.649155499956969,10.649155499956969,10.649155499956969,1.455337237904505,7.317311220106178,2.440299658989425e-07,25.431457724207043,True
2639,8701.2,3816.2,5,10.637700698791251,10.637700698791251,10.637700698791251,1.8177794256507462,5.852030531692845,2.437674742170565e-07,25.43262622869904,True
1344,8110.25,2583.75,4,10.636891287182415,10.636891287182415,10.636891287182415,1.628130999682825,6.533191302944652,2.4374892620286854e-07,25.432708844383445,True
4830,8709.0,4349.166666666666,6,10.636455895922541,10.636455895922541,10.636455895922541,1.438155995130441,7.395898589539177,2.437389490254013e-07,25.432753286854116,True
2104,8927.5,3555.5,4,10.634402197216595,10.634402197216595,10.634402197216595,1.688011215742015,6.299959442237432,2.436918876386856e-07,25.4329629422461,True
3340,8047.0,3990.1666666666665,6,10.633058908007506,10.633058908007506,10.633058908007506,1.5073062675028035,7.0543453160475424,2.4366110559029804e-07,25.433100096156714,True
3243,8579.0,3971.0,5,10.624378822265372,10.624378822265372,10.624378822265372,1.6347953629004641,6.49890442765603,2.4346219770246964e-07,25.433986777232207,True
3552,7785.166666666667,4037.6666666666665,6,10.621385457537531,10.621385457537531,10.621385457537531,1.2891776801181103,8.238884074198705,2.4339360346582233e-07,25.43429272099001,True
4541,8133.666666666667,4244.166666666666,6,10.620869996569514,10.620869996569514,10.620869996569514,1.4436316392287136,7.357049892757897,2.433817914566496e-07,25.434345413571208,True
2252,8999.2,3644.4,5,10.618820331512199,10.618820331512199,10.618820331512199,1.5806498037740173,6.718009457982606,2.433348225027224e-07,25.434554964231587,True
880,8412.0,2401.75,4,10.618262213085735,10.618262213085735,10.618262213085735,1.679138496649283,6.323636933031106,2.433220329795928e-07,25.434612031334005,True
739,8816.8,2357.6,5,10.614645145354972,10.614645145354972,10.614645145354972,1.4614710805428557,7.26298678548755,2.432391463211159e-07,25.43498194595399,True
1218,9113.0,2515.5,6,10.614506604693297,10.614506604693297,10.614506604693297,1.4826708466194647,7.159044523533122,2.4323597160243095e-07,25.43499611690288,True
1889,9343.5,3215.333333333333,6,10.60271966697967,10.60271966697967,10.60271966697967,1.4441978665421529,7.341597652658075,2.429658688690902e-07,25.43620244860445,True
3077,8462.5,3933.0,4,10.600013655041302,10.600013655041302,10.600013655041302,1.5829962817290832,6.696170911698583,2.429038594448645e-07,25.436479584113663,True
91,8420.0,1966.7142857142858,7,10.59753380499842,10.59753380499842,10.59753380499842,1.461000808949084,7.253612551126072,2.428470326174789e-07,25.436733619444052,True
1329,7898.6,2576.8,5,10.597317359863029,10.597317359863029,10.597317359863029,1.4302955801230601,7.409179967508012,2.428420726843641e-07,25.43675579485996,True
4454,8083.8,4220.4,5,10.596780918060045,10.596780918060045,10.596780918060045,1.304308512575367,8.124443577491203,2.4282977989035906e-07,25.436810756791317,True
2106,8908.5,3557.0,4,10.596091192577923,10.596091192577923,10.596091192577923,1.7794047627325555,5.954851540526373,2.4281397453510036e-07,25.436881427715356,True
2420,9063.2,3730.4,5,10.593690059600577,10.593690059600577,10.593690059600577,1.4350274571422397,7.382221160211942,2.4275895154303467e-07,25.437127489435962,True
1123,8770.5,2476.0,4,10.58636371455058,10.58636371455058,10.58636371455058,1.5859681738192228,6.6750164910669065,2.4259106520381063e-07,25.43787861863246,True
1901,9336.833333333334,3239.166666666667,6,10.58229768516815,10.58229768516815,10.58229768516815,1.4475357965421327,7.310560271080755,2.4249789039651796e-07,25.43829571022659,True
2007,9247.5,3441.666666666667,6,10.579617383501892,10.579617383501892,10.579617383501892,1.4813848366815259,7.141707624874482,2.424364701342053e-07,25.43857074210011,True
3685,9082.333333333334,4064.1666666666665,6,10.576545598528742,10.576545598528742,10.576545598528742,1.3326126632850095,7.936699004838069,2.4236607886400085e-07,25.438886030669675,True
3416,8129.4,4007.2,5,10.56597676080297,10.56597676080297,10.56597676080297,1.4045088234305332,7.522898101127922,2.421238894143471e-07,25.439971518060617,True
2597,8669.5,3800.5,4,10.565063398693646,10.565063398693646,10.565063398693646,1.7052594041153817,6.195575507864954,2.4210295932985423e-07,25.44006537717056,True
1308,8239.5,2558.5,4,10.562702101086224,10.562702101086224,10.562702101086224,1.781323064926074,5.9296947920699505,2.4204884918237644e-07,25.44030806694419,True
4434,8355.0,4213.833333333334,6,10.56194818260467,10.56194818260467,10.56194818260467,1.472797968553797,7.171348961715296,2.4203157281700223e-07,25.440385564709146,True
1017,7885.166666666667,2438.0,6,10.560475709460139,10.560475709460139,10.560475709460139,1.4586394742183006,7.239949210286937,2.419978304633247e-07,25.44053694102981,True
1358,9284.166666666666,2591.8333333333335,6,10.559454324267268,10.559454324267268,10.559454324267268,1.4222219981487658,7.424617491511152,2.4197442498353924e-07,25.44064195604473,True
4269,8175.8,4177.6,5,10.556269309936265,10.556269309936265,10.556269309936265,1.3301353935411293,7.936236687780351,2.419014390140335e-07,25.44096949257229,True
1278,8113.5,2540.5,4,10.54479305109843,10.54479305109843,10.54479305109843,1.5606067842148725,6.756854550266115,2.416384556203873e-07,25.4421504938632,True
4294,7982.4,4182.8,5,10.544037483154039,10.544037483154039,10.544037483154039,1.2698768906457745,8.303196601831258,2.4162114145686466e-07,25.44222829310118,True
4950,8960.5,4086.5,6,10.543528440020442,10.543528440020442,10.543528440020442,1.4391042873682407,7.326451969163332,2.416094765151204e-07,25.44228071134253,True
4699,8337.8,4290.4,5,10.542245052276353,10.542245052276353,10.542245052276353,1.3274147712197035,7.9419374266790355,2.415800671344962e-07,25.442412878231334,True
639,9009.0,2194.5,6,10.541933419726252,10.541933419726252,10.541933419726252,1.3736527464333286,7.67438018603919,2.415729259409457e-07,25.44244497345787,True
2333,9234.8,3691.6,5,10.54032196801732,10.54032196801732,10.54032196801732,1.3183212078079758,7.9952608708640325,2.415359988338544e-07,25.44261095299221,True
2760,9106.4,3849.2,5,10.539901874480947,10.539901874480947,10.539901874480947,1.3367790261968897,7.884550601056902,2.4152637221028264e-07,25.44265422679853,True
3033,9112.833333333334,3921.666666666667,6,10.537179353258967,10.537179353258967,10.537179353258967,1.4448107558954748,7.293120784339788,2.4146398446874183e-07,25.442934715338993,True
1943,7566.428571428572,3339.4285714285716,7,10.535000903234504,10.535000903234504,10.535000903234504,1.3754272492981392,7.6594388460824545,2.414140643520543e-07,25.443159202984926,True
8,8496.666666666666,1914.0,6,10.534304025195002,10.534304025195002,10.534304025195002,1.2738473436690454,8.269675387360929,2.4139809509287537e-07,25.443231025545817,True
2726,8646.25,3839.75,4,10.533003729199017,10.533003729199017,10.533003729199017,1.652919477850542,6.3723634879638205,2.413682982524066e-07,25.443365051066117,True
166,8505.0,2006.0,5,10.53074755471776,10.53074755471776,10.53074755471776,1.284331454853004,8.199400174250998,2.4131659704645413e-07,25.44359764119642,True
43,8459.8,1940.4,5,10.529323242126207,10.529323242126207,10.529323242126207,1.1977162540043973,8.791166694885272,2.41283958312505e-07,25.443744499938234,True
3596,8713.2,4045.4,5,10.529314182220206,10.529314182220206,10.529314182220206,1.4270409831567699,7.378424520736761,2.4128375070087307e-07,25.44374543415518,True
1180,9210.0,2498.5,6,10.528676869891047,10.528676869891047,10.528676869891047,1.4331928788102803,7.346308389859636,2.4126914641549546e-07,25.44381115296644,True
2423,9286.857142857143,3731.857142857143,7,10.528010947332405,10.528010947332405,10.528010947332405,1.4561676070349427,7.229944476494436,2.412538865144378e-07,25.443879826277076,True
3583,7835.142857142857,4043.4285714285716,7,10.526442629919075,10.526442629919075,10.526442629919075,1.448049058616184,7.269396411181387,2.4121794784823134e-07,25.44404157628337,True
1614,7627.8,2760.6,5,10.519186160979967,10.519186160979967,10.519186160979967,1.2051269530012665,8.728695458003678,2.4105166275005953e-07,25.444790293409994,True
2502,7975.2,3762.6,5,10.51840128701757,10.51840128701757,10.51840128701757,1.4866645591366816,7.075167846286517,2.410336770265644e-07,25.44487130707942,True
238,8311.42857142857,2032.2857142857142,7,10.516431910619758,10.516431910619758,10.516431910619758,1.4898415018846274,7.058758866172427,2.40988547921707e-07,25.44507461016645,True
1100,9330.714285714286,2465.4285714285716,7,10.513821227178596,10.513821227178596,10.513821227178596,1.326314954202263,7.927092425420424,2.4092872299088296e-07,25.445344175494764,True
4527,8764.4,4241.2,5,10.511721275268297,10.511721275268297,10.511721275268297,1.3212343885292066,7.95598522603541,2.408806016921507e-07,25.445561053972416,True
3277,8868.166666666666,3978.6666666666665,6,10.509581925890808,10.509581925890808,10.509581925890808,1.531337049445928,6.863010288749567,2.408315775835595e-07,25.445782045892805,True
1652,9429.0,2794.5,6,10.508553388140559,10.508553388140559,10.508553388140559,1.275785870210992,8.236925673430317,2.408080081998539e-07,25.44588830847582,True
1482,8079.75,2659.0,4,10.508328359936321,10.508328359936321,10.508328359936321,1.6733561765154494,6.279791778591079,2.408028515820351e-07,25.445911558477547,True
4568,8595.2,4251.4,5,10.504712722717027,10.504712722717027,10.504712722717027,1.3356595088131367,7.8648133400790785,2.407199977043421e-07,25.44628519580644,True
1392,8926.5,2608.5,4,10.502882879589642,10.502882879589642,10.502882879589642,1.5405695424443457,6.8175324710919805,2.406780660642249e-07,25.44647433948333,True
3241,9231.57142857143,3970.285714285714,7,10.502493483648323,10.502493483648323,10.502493483648323,1.3610085614314604,7.716699057794444,2.406691428892105e-07,25.446514594060467,True
3315,8229.333333333334,3985.8333333333335,6,10.501402261278994,10.501402261278994,10.501402261278994,1.6122444463311008,6.513529809438313,2.406441370605721e-07,25.446627409287625,True
3557,8540.8,4037.4,5,10.500975749908195,10.500975749908195,10.500975749908195,1.5207482306384632,6.905137575270772,2.4063436336957175e-07,25.44667150704045,True
592,8204.5,2176.6666666666665,6,10.496091725848082,10.496091725848082,10.496091725848082,1.4535677382207859,7.220916817193287,2.405224438633871e-07,25.447176602511394,True
1220,8624.5,2516.5,4,10.49600498041972,10.49600498041972,10.49600498041972,1.9428258125455544,5.402442623853915,2.405204560546895e-07,25.447185575664815,True
1850,9382.8,3133.4,5,10.495157859740955,10.495157859740955,10.495157859740955,1.2520516452415333,8.382368171175825,2.4050104392099003e-07,25.44727320774106,True
3366,8356.8,3997.2,5,10.493076465545402,10.493076465545402,10.493076465545402,1.5757585900191526,6.6590634707679826,2.404533478802509e-07,25.447488551729208,True
3676,8531.2,4062.4,5,10.490893981872306,10.490893981872306,10.490893981872306,1.4857109250169123,7.061194614122451,2.4040333533077477e-07,25.447714400460235,True
346,8369.833333333334,2076.0,6,10.490814569018244,10.490814569018244,10.490814569018244,1.4495401842772861,7.2373395941753556,2.404015155511623e-07,25.44772261918185,True
4705,8091.5,4294.5,4,10.486019056652626,10.486019056652626,10.486019056652626,1.161431391870425,9.02853076819754,2.402916243284213e-07,25.44821903933556,True
4408,8370.4,4208.2,5,10.484373233733873,10.484373233733873,10.484373233733873,1.34701396036205,7.783418392275524,2.402539095903145e-07,25.44838946337994,True
2092,7821.6,3546.8,5,10.477114341674552,10.477114341674552,10.477114341674552,1.500330819439983,6.983202774962168,2.4008756896530373e-07,25.44914143694116,True
4537,8491.6,4242.8,5,10.4719149093015,10.4719149093015,10.4719149093015,1.3428496160353296,7.798278216900491,2.3996842174234363e-07,25.44968038430907,True
1097,8929.6,2465.2,5,10.46521582406591,10.46521582406591,10.46521582406591,1.5214352139384253,6.878515580676873,2.3981490933081e-07,25.450375172885387,True
3641,8851.5,4054.5,4,10.463648718212688,10.463648718212688,10.463648718212688,1.2027309665449395,8.699907967175234,2.3977899842802307e-07,25.4505377678089,True
4054,8934.5,4134.0,6,10.46002996208465,10.46002996208465,10.46002996208465,1.4173871957544728,7.37979713194516,2.396960730791985e-07,25.450913324578206,True
1275,9005.0,2539.5,6,10.453929784319765,10.453929784319765,10.453929784319765,1.628825738995522,6.41807747387795,2.3955628488923835e-07,25.451546699044158,True
973,9176.166666666666,2426.3333333333335,6,10.453681352160334,10.453681352160334,10.453681352160334,1.4276444566120303,7.32232826159544,2.395505919597479e-07,25.451572501302305,True
789,8074.166666666667,2375.6666666666665,6,10.452535035632021,10.452535035632021,10.452535035632021,1.5191077673676872,6.880706728097503,2.3952432362482553e-07,25.451691566113944,True
889,8599.5,2404.5,4,10.451676290844524,10.451676290844524,10.451676290844524,1.6354951246842009,6.390527329063514,2.395046451196887e-07,25.45178077017837,True
1451,8074.5,2644.5,4,10.450688284252728,10.450688284252728,10.450688284252728,1.6450332955649045,6.352873411394364,2.394820045248636e-07,25.451883410673823,True
4133,8421.4,4149.0,5,10.448374412475331,10.448374412475331,10.448374412475331,1.3819955977802454,7.560352890600708,2.394289811606227e-07,25.45212382857281,True
2997,8562.5,3912.0,4,10.447888296459759,10.447888296459759,10.447888296459759,1.5899997145384757,6.571000108319161,2.394178416036218e-07,25.4521743441856,True
4197,8825.0,4162.5,6,10.447757604143977,10.447757604143977,10.447757604143977,1.4432780987714697,7.238908158474236,2.394148467331493e-07,25.452187925711588,True
7,8449.0,1913.5,6,10.444822194598078,10.444822194598078,10.444822194598078,1.276775528710235,8.180625301574477,2.393475805643542e-07,25.452493017803754,True
4026,8923.666666666666,4131.5,6,10.444476487658381,10.444476487658381,10.444476487658381,1.4302270524103453,7.302670208940898,2.3933965854155105e-07,25.452528954533502,True
4138,8227.0,4149.8,5,10.444215438781484,10.444215438781484,10.444215438781484,1.3462065487852801,7.758256300421055,2.393336764945683e-07,25.452556091725036,True
2629,8408.25,3812.0,4,10.443826597546185,10.443826597546185,10.443826597546185,2.0165908987448127,5.1789515682366405,2.393247660308803e-07,25.45259651475812,True
1647,7886.5,2792.5,4,10.44382230601176,10.44382230601176,10.44382230601176,1.4068609643039154,7.423492847553091,2.393246676885283e-07,25.45259696090448,True
1398,8178.0,2609.25,4,10.44208423457011,10.44208423457011,10.44208423457011,1.841076380486383,5.671727878998414,2.3928483903595225e-07,25.452777665255653,True
2419,9003.6,3730.8,5,10.438764236388907,10.438764236388907,10.438764236388907,1.5261891215282255,6.839757988797754,2.392087598536221e-07,25.453122923472577,True
2482,8923.8,3752.6,5,10.434017799316154,10.434017799316154,10.434017799316154,1.622792430075073,6.429668764743658,2.3909999321226634e-07,25.45361671281541,True
1545,7887.5,2704.5,4,10.434002798412884,10.434002798412884,10.434002798412884,1.3463881728072797,7.749624520733512,2.390996494601337e-07,25.453618273770722,True
3652,9134.714285714286,4057.5714285714284,7,10.433210475072883,10.433210475072883,10.433210475072883,1.387799530514543,7.517808044800713,2.390814930309557e-07,25.45370072408407,True
833,8350.5,2389.5,4,10.432493131970013,10.432493131970013,10.432493131970013,1.5715199509493494,6.638473234569998,2.390650548060718e-07,25.453775377246313,True
2801,8244.5,3862.5,4,10.427869718884075,10.427869718884075,10.427869718884075,1.4819784010433026,7.036451888599002,2.389591073121412e-07,25.454256654307024,True
3291,8529.2,3980.0,5,10.426472804961906,10.426472804961906,10.426472804961906,1.6292113391809493,6.399705522675522,2.3892709643045276e-07,25.454402108906784,True
4048,8862.0,4133.333333333334,6,10.424962403796076,10.424962403796076,10.424962403796076,1.4473462138249624,7.2028118111737705,2.388924849398991e-07,25.454559402370364,True
566,8205.8,2167.6,5,10.424520633636217,10.424520633636217,10.424520633636217,1.3241437153548068,7.872650462901564,2.3888236158720265e-07,25.45460541270606,True
1087,8859.6,2460.6,5,10.419761798797355,10.419761798797355,10.419761798797355,1.6229242534461141,6.420362365447465,2.387733108457189e-07,25.45510116873734,True
3728,8856.0,4070.8333333333335,6,10.416890504382014,10.416890504382014,10.416890504382014,1.4662093125189553,7.104640800900208,2.387075139026407e-07,25.455400398025773,True
4876,8978.6,2053.8,5,10.414456031738023,10.414456031738023,10.414456031738023,1.1402001643272186,9.133883994730986,2.386517269178138e-07,25.455654168956663,True
590,8558.0,2175.1666666666665,6,10.413190724871521,10.413190724871521,10.413190724871521,1.4853337581213142,7.010673976764909,2.386227318682547e-07,25.455786088754692,True
4467,8777.8,4223.6,5,10.41237368386815,10.41237368386815,10.41237368386815,1.3191070024948264,7.893501940460655,2.386040090232186e-07,25.455871281259554,True
956,9024.166666666666,2422.3333333333335,6,10.40722835304535,10.40722835304535,10.40722835304535,1.4811468955823848,7.026466033913025,2.384861015604877e-07,25.45640793628914,True
3978,8420.5,4121.5,4,10.406605642651165,10.406605642651165,10.406605642651165,1.262867885609842,8.240454731039256,2.384718318847131e-07,25.456472902620703,True
1982,7957.0,3414.5,4,10.405804556225384,10.405804556225384,10.405804556225384,1.8101808717168533,5.7484888492695605,2.384534746456657e-07,25.456556484342162,True
1631,9266.6,2777.8,5,10.40532889169286,10.40532889169286,10.40532889169286,1.3452908683541693,7.734631325062627,2.3844257458888174e-07,25.45660611606507,True
443,8981.0,2115.5,6,10.403053643725276,10.403053643725276,10.403053643725276,1.3140635728145171,7.916704989731641,2.383904363058091e-07,25.456843551060206,True
4594,8114.4,4258.2,5,10.401165149627428,10.401165149627428,10.401165149627428,1.3128648400197498,7.922495014392312,2.3834716065354726e-07,25.457040665543623,True
560,8594.8,2165.4,5,10.39798416894506,10.39798416894506,10.39798416894506,1.3530152315487964,7.685045908199044,2.3827426711683006e-07,25.457372766233654,True
2573,8890.0,3793.0,5,10.39589323800634,10.39589323800634,10.39589323800634,1.6164281078873735,6.4313984564358275,2.3822635253753077e-07,25.457591118913633,True
3377,8965.0,3998.5,6,10.392291429064631,10.392291429064631,10.392291429064631,1.4656411680202894,7.090611028006254,2.3814381554074984e-07,25.45796735324793,True
417,8102.571428571428,2104.4285714285716,7,10.390939337835334,10.390939337835334,10.390939337835334,1.4633833913215544,7.100626807340945,2.3811283179029387e-07,25.458108622371903,True
2872,8470.5,3883.5,4,10.38926498255595,10.38926498255595,10.38926498255595,1.7215979817759302,6.034663778961224,2.380744632209052e-07,25.458283587749758,True
1419,8040.0,2621.2,5,10.38838829797338,10.38838829797338,10.38838829797338,1.7287459933329035,6.0092045552309745,2.3805437361766958e-07,25.458375210049844,True
3311,8482.5,3983.5,4,10.38725892863139,10.38725892863139,10.38725892863139,1.4619038740002355,7.10529543930172,2.380284936347907e-07,25.458493251829335,True
4696,8265.2,4289.6,5,10.386097572265367,10.386097572265367,10.386097572265367,1.3242174887406188,7.843196197433505,2.3800188065553632e-07,25.458614650280712,True
1592,9182.4,2743.2,5,10.383269927917228,10.383269927917228,10.383269927917228,1.4363667181266253,7.2288433008664805,2.3793708397247038e-07,25.458910285269297,True
4328,8649.833333333334,4190.333333333334,6,10.378844144366145,10.378844144366145,10.378844144366145,1.479163418269961,7.016698774571716,2.3783566524409784e-07,25.459373170069167,True
2612,8850.2,3804.6,5,10.378181121764884,10.378181121764884,10.378181121764884,1.65209511341708,6.281830287784925,2.3782047179680745e-07,25.45944253141876,True
3779,8462.4,4080.8,5,10.378061912475333,10.378061912475333,10.378061912475333,1.4618865904960368,7.099088246615577,2.3781774006480636e-07,25.459455002831955,True
2691,8458.5,3832.0,4,10.375591200207317,10.375591200207317,10.375591200207317,1.961936316245727,5.288444438431917,2.3776112263345113e-07,25.45971351556309,True
3086,9134.0,3934.166666666667,6,10.375577809832453,10.375577809832453,10.375577809832453,1.4207936767638352,7.30266327864372,2.3776081578726773e-07,25.459714916777138,True
589,8151.166666666667,2175.0,6,10.374422910235285,10.374422910235285,10.374422910235285,1.447010331316589,7.1695569034368445,2.3773435076764108e-07,25.45983577617601,True
1713,9006.5,2883.0,4,10.37094394526347,10.37094394526347,10.37094394526347,1.9151065078667961,5.415335336526783,2.3765462879312027e-07,25.460199928643085,True
3804,8886.5,4087.1666666666665,6,10.370394589922785,10.370394589922785,10.370394589922785,1.4568927972805574,7.118159008871627,2.3764204007985992e-07,25.460257442287325,True
1213,8100.75,2515.0,4,10.370024603222454,10.370024603222454,10.370024603222454,1.4910898076276924,6.954661315619245,2.3763356167592778e-07,25.460296179012186,True
2282,8952.5,3666.5,4,10.369161527966106,10.369161527966106,10.369161527966106,1.481383038995032,6.999649148811998,2.3761378393623982e-07,25.46038654630508,True
612,8101.0,2181.8333333333335,6,10.368128182909846,10.368128182909846,10.368128182909846,1.4404407296120476,7.1978860148603845,2.3759010439105503e-07,25.46049475139419,True
1645,7916.2,2789.4,5,10.360356948791251,10.360356948791251,10.360356948791251,1.6328294987600558,6.345032936175356,2.374120232280031e-07,25.461308849537872,True
884,8024.166666666667,2403.3333333333335,6,10.356199147723084,10.356199147723084,10.356199147723084,1.4957248173073128,6.923866628332671,2.3731674543316916e-07,25.461744662825705,True
4662,8369.4,4279.2,5,10.353126190124254,10.353126190124254,10.353126190124254,1.330853851730763,7.779311136726327,2.372463272917443e-07,25.462066877218575,True
1748,9492.166666666666,2952.333333333333,6,10.351869466326594,10.351869466326594,10.351869466326594,1.211081876968537,8.547621480587582,2.372175289268891e-07,25.462198678311488,True
2112,9271.5,3562.0,4,10.347661417339886,10.347661417339886,10.347661417339886,1.1874614175566434,8.714103266303631,2.3712109967944958e-07,25.462640121281854,True
992,8785.5,2431.5,4,10.345546644543255,10.345546644543255,10.345546644543255,1.4695188837258557,7.040090984277039,2.370726387537501e-07,25.462862038095455,True
4093,8628.2,4141.4,5,10.34433903497289,10.34433903497289,10.34433903497289,1.3935131987542326,7.423208509413819,2.3704496586247936e-07,25.462988780741938,True
1811,9435.0,3084.833333333333,6,10.344181897662043,10.344181897662043,10.344181897662043,1.2835993034880755,8.058731310894748,2.3704136499360224e-07,25.463005273913982,True
3840,8110.5,4094.5,4,10.34415141901835,10.34415141901835,10.34415141901835,1.2005345648493249,8.616287878655632,2.3704066656240917e-07,25.463008472989173,True
4916,8916.833333333334,3932.0,6,10.339754941485289,10.339754941485289,10.339754941485289,1.5480596101981647,6.679171056056241,2.369399193940095e-07,25.46347003134471,True
968,8552.0,2425.5,4,10.338267248486126,10.338267248486126,10.338267248486126,1.7338855058877676,5.962485535163883,2.3690582827083495e-07,25.463626259260387,True
1570,9396.5,2723.5,4,10.332137029980263,10.332137029980263,10.332137029980263,1.071110039087695,9.646195678252194,2.3676535168441034e-07,25.464270252506033,True
2697,8638.0,3833.75,4,10.331556242321575,10.331556242321575,10.331556242321575,1.675081822233525,6.167791987943405,2.3675204268610108e-07,25.464331285369823,True
431,8176.285714285715,2111.285714285714,7,10.328784091100715,10.328784091100715,10.328784091100715,1.5060910034586417,6.858007960595557,2.3668851765184874e-07,25.464622647943244,True
1533,7952.5,2695.5,4,10.326448839520062,10.326448839520062,10.326448839520062,1.4258565890547008,7.242277322129697,2.3663500436024596e-07,25.46486815156043,True
2403,8984.2,3723.6,5,10.326013706145988,10.326013706145988,10.326013706145988,1.555267737671708,6.639380124739425,2.3662503309234242e-07,25.464913903010856,True
1911,9141.5,3274.5,4,10.324974459026897,10.324974459026897,10.324974459026897,1.4407716394475705,7.166281023539415,2.3660121829885637e-07,25.46502318090253,True
870,8537.5,2399.5,4,10.320397299145306,10.320397299145306,10.320397299145306,1.6624985235862237,6.207763286840627,2.3649633071694217e-07,25.465504604859248,True
3898,8103.5,4107.5,6,10.31941306831634,10.31941306831634,10.31941306831634,1.4642408264576536,7.04762009216848,2.3647377664534184e-07,25.465608153780156,True
3636,8497.0,4055.6,5,10.313029907165275,10.313029907165275,10.313029907165275,1.4960375985640706,6.893563314895257,2.363275037697107e-07,25.466279952984145,True
3532,9000.6,4033.2,5,10.311492584167222,10.311492584167222,10.311492584167222,1.3195999863256629,7.814104797681059,2.3629227535382438e-07,25.466441811494196,True
1240,9288.0,2523.5,6,10.311131837389826,10.311131837389826,10.311131837389826,1.3277595757227472,7.765812445206511,2.3628400868668948e-07,25.466479796556523,True
2617,7803.6,3806.8,5,10.309931419311265,10.309931419311265,10.309931419311265,1.340757854632913,7.689629699864057,2.36256500591538e-07,25.46660620491423,True
4176,8040.4,4159.2,5,10.308729789672594,10.308729789672594,10.308729789672594,1.3096274707047832,7.871497826878123,2.362289647329669e-07,25.466732755594865,True
2003,9098.0,3437.6,5,10.30526652139257,10.30526652139257,10.30526652139257,1.666066053324279,6.1853889291067485,2.361496024548711e-07,25.467097575277286,True
846,8907.8,2393.2,5,10.302853725372062,10.302853725372062,10.302853725372062,1.4392679488568811,7.158398638387634,2.3609431219916886e-07,25.467351810983864,True
4991,8530.8,4327.2,5,10.299015186248521,10.299015186248521,10.299015186248521,1.3288922130232013,7.750075653478684,2.3600635042873332e-07,25.46775639961278,True
81,8391.333333333334,1960.8333333333333,6,10.298363091967463,10.298363091967463,10.298363091967463,1.3421100171901643,7.673262966569664,2.3599140740858774e-07,25.467825146456242,True
1334,8009.6,2578.8,5,10.298009059844718,10.298009059844718,10.298009059844718,1.5917484127442674,6.469621064104187,2.3598329461064417e-07,25.46786247200955,True
1202,8982.8,2510.0,5,10.29372563165258,10.29372563165258,10.29372563165258,1.4899591791596358,6.908729967661549,2.3588513801638069e-07,25.468314174909324,True
812,8216.2,2382.6,5,10.289710662780509,10.289710662780509,10.289710662780509,1.5050647305204454,6.836723002088002,2.3579313328258367e-07,25.46873773850272,True
3690,8815.5,4065.0,6,10.286628606341242,10.286628606341242,10.286628606341242,1.474781305395753,6.975019664750128,2.3572250663732753e-07,25.469062995609196,True
117,8755.0,1983.0,6,10.285259130022883,10.285259130022883,10.285259130022883,1.3198639231166331,7.792666311945251,2.356911245000989e-07,25.469207551134836,True
4678,8372.6,4284.2,5,10.284694335876207,10.284694335876207,10.284694335876207,1.3302553189363209,7.731368700032639,2.356781819999773e-07,25.4692671737737,True
847,9246.5,2393.1666666666665,6,10.280151250384211,10.280151250384211,10.280151250384211,1.3126799209241904,7.831422638922127,2.355740752473158e-07,25.469746884886483,True
220,8831.6,2024.2,5,10.276197574554185,10.276197574554185,10.276197574554185,1.1855621819894637,8.667784558807318,2.3548347506986692e-07,25.47016453191904,True
130,8491.833333333334,1989.0,6,10.27529800178802,10.27529800178802,10.27529800178802,1.3806779892382612,7.442211784267699,2.3546286097408706e-07,25.47025958083828,True
1741,7558.0,2941.5,6,10.273681046984553,10.273681046984553,10.273681046984553,1.2502696868783558,8.217171986818013,2.3542580776122414e-07,25.47043044931511,True
365,9013.833333333334,2084.1666666666665,6,10.272677781603694,10.272677781603694,10.272677781603694,1.2547940081126283,8.186744370141776,2.354028175047029e-07,25.47053648090513,True
3848,8361.833333333334,4096.0,6,10.270955445788271,10.270955445788271,10.270955445788271,1.5736603198421761,6.526793181655845,2.3536334944075117e-07,25.470718532671263,True
2924,8803.6,3895.6,5,10.270851276336417,10.270851276336417,10.270851276336417,1.5518361105201013,6.618515451927536,2.3536096235308175e-07,25.470729544413977,True
3901,8124.5,4109.5,6,10.270660283587336,10.270660283587336,10.270660283587336,1.4671715291937122,7.0003132416504865,2.353565856723163e-07,25.470749734529193,True
1571,9445.0,2725.0,5,10.262440822540025,10.262440822540025,10.262440822540025,1.1328240333020765,9.059165872943185,2.351682331969401e-07,25.47161898139777,True
1786,7533.285714285715,3039.285714285714,7,10.259254080877326,10.259254080877326,10.259254080877326,1.3456691811553896,7.6239050611746535,2.350952076448876e-07,25.471956181696527,True
4156,8579.333333333334,4154.666666666666,6,10.25581443550384,10.25581443550384,10.25581443550384,1.5176572763242213,6.757661690486214,2.350163866958274e-07,25.472320260183086,True
3093,8074.833333333333,3935.666666666667,6,10.25329816582001,10.25329816582001,10.25329816582001,1.570882405109619,6.527094665055158,2.3495872529674835e-07,25.472586678839363,True
4250,8934.5,4173.5,4,10.250444334362587,10.250444334362587,10.250444334362587,1.1275275828593372,9.091080777259677,2.3489332852484105e-07,25.472888917141038,True
1666,9177.2,2807.6,5,10.245745323119865,10.245745323119865,10.245745323119865,1.4670043825414134,6.984127276682234,2.3478564866672225e-07,25.47338675472036,True
784,8708.4,2372.8,5,10.24328913491796,10.24328913491796,10.24328913491796,1.6134650846958378,6.3486277032446425,2.347293640605716e-07,25.473647066886336,True
3428,8834.8,4009.6,5,10.242642066894277,10.242642066894277,10.242642066894277,1.3795721328687396,7.424506354441432,2.347145362192696e-07,25.473715654950368,True
964,8116.4,2426.4,5,10.242552898345695,10.242552898345695,10.242552898345695,1.5088975581964754,6.7881035678712385,2.3471249288373282e-07,25.473725106998216,True
3841,8272.833333333334,4095.8333333333335,6,10.242421033404234,10.242421033404234,10.242421033404234,1.5315447150961181,6.687640871629028,2.3470947114203996e-07,25.473739085101542,True
4367,8167.0,4198.5,6,10.242221715472102,10.242221715472102,10.242221715472102,1.451968810445949,7.054023228175519,2.3470490368613406e-07,25.473760213778064,True
2429,8879.5,3734.5,4,10.238527220104778,10.238527220104778,10.238527220104778,1.5419975383709015,6.639781818926661,2.3462024274015525e-07,25.474151922834672,True
3562,8839.8,4037.6,5,10.23789372247289,10.23789372247289,10.23789372247289,1.353201525534454,7.565682959475958,2.3460572587020182e-07,25.474219103648814,True
1015,8742.25,2437.0,4,10.236736219738567,10.236736219738567,10.236736219738567,1.5323024751590686,6.680623692574724,2.3457920119857074e-07,25.474341864610125,True
1550,9266.2,2706.4,5,10.236184261260732,10.236184261260732,10.236184261260732,1.34035043891017,7.636946252342563,2.3456655283330607e-07,25.474400408412276,True
4041,8044.6,4133.2,5,10.235953948913316,10.235953948913316,10.235953948913316,1.3207922615265109,7.749859116439001,2.3456127512707985e-07,25.47442483756095,True
1757,9067.5,2974.5,4,10.235077780102337,10.235077780102337,10.235077780102337,1.672108277465603,6.121061607096125,2.3454119734297143e-07,25.474517777498,True
3805,8014.6,4087.8,5,10.22824396890233,10.22824396890233,10.22824396890233,1.3289563287928172,7.696448519262743,2.3438459762817674e-07,25.475242949745514,True
260,8182.5,2041.0,6,10.226358296893,10.226358296893,10.226358296893,1.3108251398806856,7.801466409031359,2.3434138664528377e-07,25.475443133777453,True
3611,8967.833333333334,4049.1666666666665,6,10.222824933550715,10.222824933550715,10.222824933550715,1.4500432138362285,7.050013983035202,2.342604181087712e-07,25.47581833708022,True
805,8473.5,2380.5,4,10.220405500744427,10.220405500744427,10.220405500744427,1.633184704810241,6.257960578887451,2.3420497576827616e-07,25.476075328343267,True
1199,8887.2,2508.4,5,10.218969009338126,10.218969009338126,10.218969009338126,1.6731158811342675,6.107747302243229,2.3417205795156336e-07,25.476227940716942,True
1566,9138.5,2719.5,4,10.214068811749065,10.214068811749065,10.214068811749065,1.3247370406906782,7.71026135603769,2.3405976782202572e-07,25.47674869755021,True
2055,9443.0,3508.0,5,10.21353449624608,10.21353449624608,10.21353449624608,1.1203788555497172,9.116143566664135,2.3404752375309712e-07,25.476805495763664,True
4886,9281.5,2366.6666666666665,6,10.212326886675715,10.212326886675715,10.212326886675715,1.2568214834659603,8.125519034344471,2.340198508618264e-07,25.476933876683194,True
2459,7620.0,3745.5,6,10.21131694557464,10.21131694557464,10.21131694557464,1.2697653858292774,8.041892667365223,2.3399670762831308e-07,25.477041255134175,True
4552,8471.0,4247.5,6,10.210569741747737,10.210569741747737,10.210569741747737,1.469918286281973,6.946351941490884,2.339795851321302e-07,25.477120705800015,True
3392,8108.0,4003.4,5,10.210400722442374,10.210400722442374,10.210400722442374,1.3977389527675257,7.304941099499132,2.3397571198225235e-07,25.47713867853833,True
4021,8190.166666666667,4129.666666666666,6,10.20746648552215,10.20746648552215,10.20746648552215,1.4733770729218305,6.9279390002179735,2.339084726846776e-07,25.477450739268974,True
4961,7906.4,4116.2,5,10.207029006896715,10.207029006896715,10.207029006896715,1.2517802245851013,8.154010429650143,2.3389844767433312e-07,25.477497273495864,True
3524,8087.4,4030.8,5,10.201944969115956,10.201944969115956,10.201944969115956,1.3643662708258968,7.477423905342057,2.3378194476795033e-07,25.478038204559383,True
3384,9007.0,4001.0,5,10.199770591674547,10.199770591674547,10.199770591674547,1.325131913400702,7.697173759477841,2.337321179762502e-07,25.478269636108642,True
4182,8486.6,4159.8,5,10.196242473541002,10.196242473541002,10.196242473541002,1.369222667314762,7.446738004664549,2.3365126963594567e-07,25.47864525909125,True
1287,8015.0,2546.0,5,10.195008418975577,10.195008418975577,10.195008418975577,1.5407883595504488,6.616748079502719,2.336229907462704e-07,25.478776674052412,True
1355,8263.25,2591.0,4,10.192643087719524,10.192643087719524,10.192643087719524,1.9721240020508568,5.168358113952247,2.3356878816600415e-07,25.479028603588443,True
2221,8999.5,3627.5,4,10.191296499584759,10.191296499584759,10.191296499584759,1.429248634217165,7.130527366336638,2.3353793052131974e-07,25.479172053728362,True
2085,9092.6,3542.4,5,10.185944698272452,10.185944698272452,10.185944698272452,1.5484984937987947,6.577949374225204,2.3341529169876285e-07,25.47974236101605,True
1485,7796.5,2661.8333333333335,6,10.184254052660826,10.184254052660826,10.184254052660826,1.491953186116949,6.826121722469727,2.3337654982942363e-07,25.479922584604108,True
4186,8076.5,4160.333333333334,6,10.183544042132258,10.183544042132258,10.183544042132258,1.444549456213582,7.049633363765278,2.3336027963362498e-07,25.47999828096886,True
4558,8192.4,4250.4,5,10.182364604888658,10.182364604888658,10.182364604888658,1.3232363625627923,7.6950459441485215,2.333332523233057e-07,25.48012403599804,True
2771,8783.0,3852.5,4,10.181991499279583,10.181991499279583,10.181991499279583,1.4715063836413327,6.919434133940773,2.3332470244824193e-07,25.48016382063605,True
2746,8651.5,3845.5,4,10.179363172863567,10.179363172863567,10.179363172863567,1.6358917961604829,6.222516181543929,2.332644732210817e-07,25.480444123121778,True
1039,8036.5,2441.5,4,10.179037969921673,10.179037969921673,10.179037969921673,1.2720531652554021,8.002053882612627,2.332570210561827e-07,25.48047880999188,True
2812,9167.4,3865.2,5,10.178607128082017,10.178607128082017,10.178607128082017,1.3021658194026413,7.816675093461888,2.3324714813063104e-07,25.480524766248767,True
3533,8221.2,4033.4,5,10.17570223611425,10.17570223611425,10.17570223611425,1.4278319000620285,7.126680833837787,2.3318058128522838e-07,25.480834670784983,True
3996,8443.4,4125.2,5,10.175435207305656,10.175435207305656,10.175435207305656,1.406479340707154,7.234685155197245,2.3317446220554591e-07,25.48086316283817,True
3547,8855.166666666666,4036.0,6,10.173834683916926,10.173834683916926,10.173834683916926,1.4800079417943488,6.874175736910072,2.3313778552559945e-07,25.481033954832434,True
2433,8826.0,3735.5,4,10.169778745983685,10.169778745983685,10.169778745983685,1.6386777935838726,6.206088094805908,2.3304484196819332e-07,25.481466884678635,True
3555,7966.5,4038.0,6,10.168241860888362,10.168241860888362,10.168241860888362,1.4590002864228584,6.969321360325851,2.330096235870359e-07,25.481630976536543,True
452,8175.2,2120.4,5,10.166938445983629,10.166938445983629,10.166938445983629,1.2829233001958817,7.9248217289617395,2.3297975527543544e-07,25.48177016042697,True
472,8989.333333333334,2130.8333333333335,6,10.166265847704768,10.166265847704768,10.166265847704768,1.3238912594942172,7.679079210469834,2.3296434239738566e-07,25.481841990158507,True
2939,8196.2,3897.4,5,10.162532947478995,10.162532947478995,10.162532947478995,1.540183803956734,6.598259844942816,2.3287880138760296e-07,25.482240729406236,True
2372,9032.8,3713.4,5,10.151971004424796,10.151971004424796,10.151971004424796,1.4914654971765415,6.806708585376769,2.3263676993230556e-07,25.483369724239388,True
4818,8179.6,4339.8,5,10.150167129455308,10.150167129455308,10.150167129455308,1.316743676407605,7.708536833187927,2.3259543336366482e-07,25.483562662771817,True
786,9121.833333333334,2373.5,6,10.14976728203094,10.14976728203094,10.14976728203094,1.4361042879884691,7.067569790664419,2.3258627068843353e-07,25.483605434222824,True
1945,9017.5,3345.5,4,10.14750758967265,10.14750758967265,10.14750758967265,1.9492343226554272,5.205894166612445,2.3253448886881996e-07,25.483847183899137,True
1032,9283.666666666666,2440.1666666666665,6,10.143701436541438,10.143701436541438,10.143701436541438,1.276571505746035,7.946050331597686,2.324472692372896e-07,25.484254501008586,True
2576,8254.0,3793.75,4,10.142928045605267,10.142928045605267,10.142928045605267,1.6485220373765277,6.152740342947924,2.3242954665226573e-07,25.48433728445381,True
3829,8136.833333333333,4092.8333333333335,6,10.140276315234068,10.140276315234068,10.140276315234068,1.475849644508168,6.870805812074001,2.323687811134341e-07,25.484621172505662,True
2105,8992.25,3556.0,4,10.13936321101054,10.13936321101054,10.13936321101054,1.5416417673113154,6.576990469513545,2.3234785693850485e-07,25.484718944491558,True
436,8150.166666666667,2113.8333333333335,6,10.135303380511164,10.135303380511164,10.135303380511164,1.3903256474273837,7.2898773026774135,2.3225482418127615e-07,25.4851537634808,True
3823,8672.4,4091.2,5,10.133900306640372,10.133900306640372,10.133900306640372,1.4132326851355008,7.170723132311884,2.3222267214172293e-07,25.485304077042734,True
1347,8914.0,2584.5,4,10.123770635937298,10.123770635937298,10.123770635937298,1.5387314769606542,6.579296509832928,2.3199054639276107e-07,25.48638990286866,True
3473,9030.0,4019.2,5,10.122725151000719,10.122725151000719,10.122725151000719,1.3116020760351963,7.717832516398883,2.3196658865701176e-07,25.486502032973558,True
1253,8936.6,2527.8,5,10.121235511718497,10.121235511718497,10.121235511718497,1.5968322911742754,6.338320916766759,2.3193245293392615e-07,25.48666181942351,True
1632,9380.333333333334,2779.0,6,10.117756726763606,10.117756726763606,10.117756726763606,1.3492358892857852,7.498879037467211,2.3185273508457036e-07,25.487035063581796,True
1091,8816.75,2463.0,4,10.11323730311259,10.11323730311259,10.11323730311259,1.5074650221895978,6.7087707868823925,2.3174917055314396e-07,25.48752015116147,True
2379,7990.2,3717.6,5,10.110627315459952,10.110627315459952,10.110627315459952,1.5571074852912166,6.493210912520289,2.3168936156661233e-07,25.487800390191705,True
2604,8878.25,3802.0,4,10.107302587841595,10.107302587841595,10.107302587841595,1.448028320180225,6.980044828531818,2.3161317400720123e-07,25.488157476915816,True
1504,8956.75,2671.0,4,10.107152860973919,10.107152860973919,10.107152860973919,1.550295049085986,6.519502766220428,2.3160974295180784e-07,25.48817356083967,True
619,8136.5,2184.5,6,10.101555230639338,10.101555230639338,10.101555230639338,1.4477599061878226,6.977369097917836,2.3148147085176497e-07,25.488775039176925,True
3057,8704.2,3927.4,5,10.099881313262687,10.099881313262687,10.099881313262687,1.6099556166286484,6.273391147522746,2.3144311231710523e-07,25.488954970213,True
317,8469.0,2066.5,6,10.097416760943293,10.097416760943293,10.097416760943293,1.4565085672351752,6.932617485464411,2.313866360436148e-07,25.489219941664643,True
2341,8055.0,3699.4,5,10.09565033715795,10.09565033715795,10.09565033715795,1.7228157697949829,5.859970934883737,2.3134615768492222e-07,25.489409895003803,True
3074,9077.4,3931.8,5,10.09027542871068,10.09027542871068,10.09027542871068,1.3232043578282209,7.6256364854117304,2.3122298935245654e-07,25.489988093190405,True
266,8500.166666666666,2042.3333333333333,6,10.088590505144953,10.088590505144953,10.088590505144953,1.4478228253919425,6.968111241383319,2.311843786062534e-07,25.490169409873694,True
3689,8304.8,4065.0,5,10.087874553619132,10.087874553619132,10.087874553619132,1.4482819852898046,6.965407742471177,2.3116797226995454e-07,25.49024646345969,True
4571,8311.333333333334,4253.166666666666,6,10.086700322649836,10.086700322649836,10.086700322649836,1.4591790319539502,6.912585845715578,2.31141064263644e-07,25.490372850765034,True
1210,8202.8,2513.4,5,10.081979415832267,10.081979415832267,10.081979415832267,1.8028576303072728,5.592221618805213,2.3103288265903618e-07,25.490881129899932,True
480,8537.2,2133.6,5,10.0763169745786,10.0763169745786,10.0763169745786,1.3474358325563593,7.478142358335373,2.3090312538898383e-07,25.4914910939087,True
2654,8177.5,3819.5,4,10.067340772961224,10.067340772961224,10.067340772961224,1.5102621409018349,6.665955863099126,2.3069743187886473e-07,25.49245872231506,True
3857,9113.5,4098.0,6,10.06704318764007,10.06704318764007,10.06704318764007,1.2709700422220498,7.9207556851928285,2.3069061258359072e-07,25.492490816583036,True
4897,8908.2,2432.2,5,10.064798019347892,10.064798019347892,10.064798019347892,1.5008864930991177,6.705902188889389,2.3063916358918173e-07,25.492732986237133,True
2735,7952.2,3843.4,5,10.064495227752433,10.064495227752433,10.064495227752433,1.4082256906876032,7.146933403010265,2.3063222498989894e-07,25.49276565025506,True
1042,9207.666666666666,2441.8333333333335,6,10.064017655871272,10.064017655871272,10.064017655871272,1.3935926946644408,7.221634911264053,2.3062128122540282e-07,25.492817170909845,True
2091,8935.5,3545.5,4,10.063151281689251,10.063151281689251,10.063151281689251,1.6835329193843132,5.9774009559429695,2.306014278894181e-07,25.49291064196082,True
3540,8227.2,4034.6,5,10.061426780639396,10.061426780639396,10.061426780639396,1.430268508085548,7.034641903782724,2.3056191020819065e-07,25.493096718232707,True
333,8414.0,2072.6666666666665,6,10.059503915331721,10.059503915331721,10.059503915331721,1.455083029115945,6.913353887058601,2.305178469249132e-07,25.493304235918576,True
1698,9075.75,2856.0,4,10.058163565014446,10.058163565014446,10.058163565014446,1.5847440637163472,6.346869374873868,2.3048713222249212e-07,25.493448911425325,True
2394,8171.5,3720.25,4,10.056045454357708,10.056045454357708,10.056045454357708,1.7237341174454466,5.8338727258358425,2.304385948082966e-07,25.49367757658755,True
2346,8994.2,3700.8,5,10.054593704162345,10.054593704162345,10.054593704162345,1.5524765039496928,6.476486876665902,2.3040532732988765e-07,25.493834331202624,True
567,8336.6,2166.8,5,10.049798152862294,10.049798152862294,10.049798152862294,1.3419187153230303,7.489125859939348,2.302954352149474e-07,25.494352298003513,True
3743,9051.5,4073.5,6,10.048941495440364,10.048941495440364,10.048941495440364,1.3550582231298254,7.415874332122772,2.302758045426878e-07,25.494444851466554,True
3068,8849.8,3929.6,5,10.048668048797355,10.048668048797355,10.048668048797355,1.4753952159059296,6.810831389762384,2.3026953839557701e-07,25.49447439636539,True
3476,8547.6,4019.8,5,10.047116420684562,10.047116420684562,10.047116420684562,1.546045918115405,6.498588627258736,2.302339821718507e-07,25.494642059272433,True
6,8625.0,1912.6666666666667,6,10.046566369555354,10.046566369555354,10.046566369555354,1.2758181795906314,7.874606687905145,2.3022137751429792e-07,25.494701501877536,True
2839,8801.4,3870.8,5,10.042714736877189,10.042714736877189,10.042714736877189,1.594039812911904,6.300165563952704,2.3013311569944212e-07,25.49511782907961,True
61,8250.166666666666,1949.8333333333333,6,10.040221574328303,10.040221574328303,10.040221574328303,1.2589059920751995,7.975354504253214,2.3007598381027142e-07,25.495387402892487,True
230,8777.0,2027.8333333333333,6,10.038188817522883,10.038188817522883,10.038188817522883,1.3425510103568625,7.476951519968422,2.3002940231618867e-07,25.495607244764784,True
2715,8917.4,3837.2,5,10.038093231139884,10.038093231139884,10.038093231139884,1.525082719042696,6.581999196372022,2.3002721191322349e-07,25.495617583491494,True
700,9116.166666666666,2346.8333333333335,6,10.028474690935969,10.028474690935969,10.028474690935969,1.414064341297498,7.0919507677664635,2.2980679893888308e-07,25.496658438925934,True
3979,8544.2,4121.6,5,10.026966236053212,10.026966236053212,10.026966236053212,1.4142430781924664,7.089987846267986,2.2977223204824085e-07,25.49682176458788,True
1910,9322.4,3273.8,5,10.025882385192617,10.025882385192617,10.025882385192617,1.3276338487515007,7.551692354500376,2.2974739514088686e-07,25.496939132064522,True
2285,9087.4,3668.8,5,10.021196029601798,10.021196029601798,10.021196029601798,1.429362135662844,7.010956691499755,2.296400052924597e-07,25.497446751770564,True
4533,8601.5,4241.833333333334,6,10.021046044848323,10.021046044848323,10.021046044848323,1.4655840371880475,6.837578597045359,2.296365683275026e-07,25.497463001836444,True
2662,9088.4,3822.8,5,10.020968101440175,10.020968101440175,10.020968101440175,1.350665201035883,7.4192835454372155,2.2963478222087354e-07,25.497471446694284,True
4740,8139.0,4306.833333333334,6,10.019642236254573,10.019642236254573,10.019642236254573,1.4393662136493874,6.961148692555902,2.2960439945145764e-07,25.497615108969285,True
2510,8758.25,3766.0,4,10.014040869091595,10.014040869091595,10.014040869091595,1.6704672741877018,5.994754296495346,2.2947604172038927e-07,25.498222247182607,True
193,8798.5,2013.5,6,10.013938310168147,10.013938310168147,10.013938310168147,1.3136754364314798,7.622840491994284,2.2947369153866904e-07,25.498233366820322,True
2243,7910.4,3641.8,5,10.011866233764396,10.011866233764396,10.011866233764396,1.5412450590086424,6.495959987183489,2.2942620901912566e-07,25.498458049766136,True
4309,8148.6,4187.2,5,10.011075160918931,10.011075160918931,10.011075160918931,1.3242294103260055,7.559925102746626,2.2940808124556625e-07,25.498543841000544,True
3178,8934.0,3954.0,5,10.009831092773183,10.009831092773183,10.009831092773183,1.3701474159263887,7.3056599431713725,2.2937957289040285e-07,25.498678772937357,True
1636,7944.5,2784.0,4,10.004202764843548,10.004202764843548,10.004202764843548,1.5086726146350735,6.631129025473444,2.2925059734180253e-07,25.499289432398612,True
3994,8074.2,4124.6,5,10.00198664468358,10.00198664468358,10.00198664468358,1.3270605786070817,7.536948053405318,2.2919981399780243e-07,25.499529970149442,True
227,8729.666666666666,2026.8333333333333,6,10.00174081566131,10.00174081566131,10.00174081566131,1.376658274556325,7.265231321756093,2.2919418072031658e-07,25.49955665572294,True
2927,8126.4,3895.6,5,9.998051307616935,9.998051307616935,9.998051307616935,1.5063814318797526,6.637131271022619,2.2910963406098228e-07,25.499957243137278,True
4431,7948.5,4213.833333333334,6,9.997323873064875,9.997323873064875,9.997323873064875,1.3618826476046357,7.340811552778643,2.2909296458621186e-07,25.500036241607972,True
1522,9151.4,2686.4,5,9.994667671142325,9.994667671142325,9.994667671142325,1.4428265618157559,6.927144215146915,2.2903209657986307e-07,25.500324750594686,True
3022,8810.8,3917.6,5,9.990486286102042,9.990486286102042,9.990486286102042,1.5179635890807062,6.581505879302665,2.2893627834819252e-07,25.500779075960427,True
3279,7868.5,3979.1666666666665,6,9.986863973162531,9.986863973162531,9.986863973162531,1.444271288062827,6.914811680953457,2.288532714935074e-07,25.501172809493198,True
4743,8790.5,4306.5,6,9.982070806048274,9.982070806048274,9.982070806048274,1.4309249524892123,6.975956907232372,2.2874343401320721e-07,25.501694030602774,True
868,9043.5,2399.1666666666665,6,9.981206300280455,9.981206300280455,9.981206300280455,1.4666159140772415,6.805603433370886,2.287236234927353e-07,25.501788065786172,True
916,8644.0,2412.5,4,9.978319090221966,9.978319090221966,9.978319090221966,1.6080954869403892,6.205053848641175,2.2865746183586787e-07,25.50210217631253,True
1457,9005.6,2646.8,5,9.976555488525138,9.976555488525138,9.976555488525138,1.5962390409045326,6.250038517333704,2.2861704814654406e-07,25.502294089943497,True
4203,8730.166666666666,4164.666666666666,6,9.976486089251399,9.976486089251399,9.976486089251399,1.4617183171507633,6.825176897760947,2.286154578324197e-07,25.502301642606966,True
3419,8803.666666666666,4007.6666666666665,6,9.970520379565125,9.970520379565125,9.970520379565125,1.5351879498615069,6.494657791226533,2.284787510361568e-07,25.50295108213031,True
1239,9088.5,2524.0,6,9.969917180559998,9.969917180559998,9.969917180559998,1.5042701081628274,6.627743997875693,2.2846492847223125e-07,25.503016769254447,True
2090,8058.75,3545.25,4,9.969110411022747,9.969110411022747,9.969110411022747,1.8151627868972597,5.492130228200304,2.2844644100224696e-07,25.50310463100116,True
1469,8874.75,2651.25,4,9.96572868189677,9.96572868189677,9.96572868189677,1.7700115911971697,5.6303183162525645,2.2836894722883979e-07,25.503472997734885,True
3353,8287.4,3992.8,5,9.962790630279288,9.962790630279288,9.962790630279288,1.5144161494133794,6.578634699675153,2.2830162051584113e-07,25.503793136826577,True
1846,9257.833333333334,3131.0,6,9.961675527117617,9.961675527117617,9.961675527117617,1.5017747597347164,6.633268712597962,2.282760674486033e-07,25.50391466659469,True
1375,9269.6,2599.2,5,9.955107353149156,9.955107353149156,9.955107353149156,1.319456231945535,7.5448560642821585,2.2812555492490615e-07,25.50463077667914,True
209,8133.0,2019.5714285714287,7,9.953779799566291,9.953779799566291,9.953779799566291,1.3652792855084879,7.290654670600295,2.2809513346514283e-07,25.504775573621306,True
2704,8847.4,3835.2,5,9.953508518157706,9.953508518157706,9.953508518157706,1.6054513368929753,6.19981950833882,2.2808891693530753e-07,25.504805164798398,True
151,8329.6,2001.2,5,9.944739959655504,9.944739959655504,9.944739959655504,1.244346621593795,7.991937123530736,2.2788798165623456e-07,25.505762067317352,True
1085,8827.0,2459.5,4,9.941044729565228,9.941044729565228,9.941044729565228,1.488318050098619,6.679381956636562,2.2780330387376417e-07,25.506165576175846,True
3005,8021.5,3914.5,4,9.939994257305706,9.939994257305706,9.939994257305706,1.2633781311976293,7.867790340713757,2.2777923185137048e-07,25.50628031220811,True
4273,7915.0,4179.5,6,9.93809974434173,9.93809974434173,9.93809974434173,1.3503013157313124,7.359912656946006,2.2773581827420973e-07,25.50648726779665,True
1360,9209.166666666666,2593.3333333333335,6,9.9378479743222,9.9378479743222,9.9378479743222,1.4690755080623077,6.764695156772505,2.2773004885622342e-07,25.5065147739895,True
2012,7883.0,3450.5,4,9.937359732006634,9.937359732006634,9.937359732006634,1.4970128112762147,6.638126044849916,2.277188605741462e-07,25.506568117065626,True
4575,8496.8,4253.6,5,9.931868694244127,9.931868694244127,9.931868694244127,1.3410113873951537,7.406252316422365,2.2759303108861187e-07,25.50716822276921,True
942,8153.2,2418.4,5,9.931154869018302,9.931154869018302,9.931154869018302,1.5271023818575695,6.503267224911293,2.2757667347738942e-07,25.507246259820256,True
638,8494.8,2194.6,5,9.923168323455558,9.923168323455558,9.923168323455558,1.3623539768778337,7.2838399504634745,2.2739365836024378e-07,25.50811975039982,True
2381,8916.8,3719.0,5,9.921837470947013,9.921837470947013,9.921837470947013,1.6744530982669457,5.92541975718286,2.273631613041835e-07,25.50826537441917,True
2422,9125.2,3731.6,5,9.918131969390615,9.918131969390615,9.918131969390615,1.3495778016102962,7.349062764337445,2.272782481466613e-07,25.508670939282105,True
4521,8912.8,4238.2,5,9.916204116759996,9.916204116759996,9.916204116759996,1.2290447624854608,8.068220474498219,2.2723407057673944e-07,25.508882001492204,True
2757,9099.166666666666,3848.666666666667,6,9.913610818407893,9.913610818407893,9.913610818407893,1.4674230997096707,6.755795803111794,2.2717464403268793e-07,25.50916598174475,True
351,8238.8,2078.6,5,9.910158775268297,9.910158775268297,9.910158775268297,1.2533187001879282,7.907133894820466,2.270955389834997e-07,25.509544114494656,True
16,8542.0,1920.5,6,9.908522965929865,9.908522965929865,9.908522965929865,1.2813873501397215,7.732652398082007,2.27058053710881e-07,25.509723345126645,True
4334,8751.4,4191.8,5,9.906537197051744,9.906537197051744,9.906537197051744,1.3248275141068038,7.4776052667737,2.270125489653063e-07,25.50994095952244,True
4499,8335.8,4231.4,5,9.90353693765233,9.90353693765233,9.90353693765233,1.3385320909321121,7.39880426083458,2.2694379673430263e-07,25.510269831616135,True
1448,9422.166666666666,2643.0,6,9.902976396105647,9.902976396105647,9.902976396105647,1.249209982400542,7.92739133982552,2.2693095168433387e-07,25.51033128617317,True
4711,8289.6,4295.8,5,9.901308200774888,9.901308200774888,9.901308200774888,1.324639853373374,7.474717128251782,2.268927242728101e-07,25.51051419811454,True
654,8589.833333333334,2206.3333333333335,6,9.90019357445038,9.90019357445038,9.90019357445038,1.5089235372310266,6.5610969211984616,2.2686718213250037e-07,25.51063643027353,True
4451,8665.5,4220.0,6,9.89853322746551,9.89853322746551,9.89853322746551,1.4659187123742228,6.752443463549016,2.268291345691889e-07,25.510818532774984,True
4074,9043.833333333334,4139.5,6,9.8897522711972,9.8897522711972,9.8897522711972,1.2913536983319653,7.658438028227076,2.2662791518998792e-07,25.511782113248827,True
788,9141.666666666666,2374.5,6,9.8886216902951,9.8886216902951,9.8886216902951,1.419384510119662,6.966837822868332,2.266020074436895e-07,25.511906239996712,True
2461,8245.0,3745.5,4,9.88728515467509,9.88728515467509,9.88728515467509,1.7843239469859038,5.541194003127505,2.2657138015669244e-07,25.512052996868615,True
2701,8678.75,3835.0,4,9.884376448010052,9.884376448010052,9.884376448010052,1.6193025104999919,6.1040950556904,2.2650472589586562e-07,25.512372452888194,True
1472,7842.4,2653.2,5,9.88371529382299,9.88371529382299,9.88371529382299,1.4185238010148493,6.96760624442954,2.26489575264088e-07,25.51244507892084,True
3634,8210.4,4055.2,5,9.883055351196036,9.883055351196036,9.883055351196036,1.4020633147968293,7.048936554358227,2.264744523957299e-07,25.512517576711833,True
4280,8822.2,4178.4,5,9.88068308633397,9.88068308633397,9.88068308633397,1.3134818297797486,7.522512197972937,2.264200909289079e-07,25.512778221110516,True
1067,9072.6,2451.2,5,9.878469131408439,9.878469131408439,9.878469131408439,1.3459399531773972,7.339457535299451,2.263693572021836e-07,25.51302152821215,True
3069,8616.5,3930.5,4,9.877786558483685,9.877786558483685,9.877786558483685,1.521570472727356,6.491836385848193,2.2635371575084485e-07,25.513096551956398,True
3197,8174.6,3958.0,5,9.876447818694816,9.876447818694816,9.876447818694816,1.4644648567729766,6.744066116040555,2.2632303795437297e-07,25.51324371212793,True
2886,9115.4,3886.2,5,9.875543258605699,9.875543258605699,9.875543258605699,1.3262729516951501,7.446086603804642,2.263023095719485e-07,25.513343156648233,True
756,8854.0,2363.0,5,9.875513217864738,9.875513217864738,9.875513217864738,1.4408737431188294,6.853836614781244,2.2630162117548435e-07,25.51334645939005,True
3171,8070.8,3952.4,5,9.87402119439672,9.87402119439672,9.87402119439672,1.4183778074090672,6.961488781633907,2.2626743081775858e-07,25.513510508209315,True
2988,7968.2,3910.6,5,9.870796821532949,9.870796821532949,9.870796821532949,1.378565960444456,7.160191898507749,2.2619354293059283e-07,25.513865114504913,True
855,8992.8,2395.2,5,9.869073532043203,9.869073532043203,9.869073532043203,1.3545740554941375,7.285739374687083,2.2615405301278494e-07,25.514054683915607,True
4538,8607.4,4242.8,5,9.86715998452733,9.86715998452733,9.86715998452733,1.337114907164415,7.379440563902141,2.261102032507032e-07,25.514265221333726,True
2889,8207.5,3886.5,4,9.866638582562054,9.866638582562054,9.866638582562054,1.398823978728109,7.05352405492317,2.2609825510103006e-07,25.514322595486924,True
152,8547.2,2001.4,5,9.866052291808824,9.866052291808824,9.866052291808824,1.2773683820122521,7.723732973777483,2.26084819996949e-07,25.51438711350948,True
3921,8622.5,4112.5,4,9.865228098248089,9.865228098248089,9.865228098248089,1.2737172217897714,7.74522627902126,2.2606593324799306e-07,25.51447781789069,True
694,9067.833333333334,2346.0,6,9.864960553667903,9.864960553667903,9.864960553667903,1.4455882778790266,6.824184108729642,2.2605980234918332e-07,25.514507263411183,True
2480,8880.5,3751.5,4,9.864871900890911,9.864871900890911,9.864871900890911,1.5154033752146145,6.509733356964332,2.2605777083277377e-07,25.514517020567492,True
2040,9006.75,3490.25,4,9.863881033276165,9.863881033276165,9.863881033276165,1.6420700766713434,6.006979344798327,2.2603506467638063e-07,25.514626081778605,True
1582,9126.4,2735.8,5,9.863080642638907,9.863080642638907,9.863080642638907,1.5077647971007864,6.541524687142308,2.260167233816257e-07,25.514714185877715,True
3226,8413.6,3965.8,5,9.859604022918449,9.859604022918449,9.859604022918449,1.6858212021102168,5.8485466967533375,2.2593705514954566e-07,25.515096962563927,True
1983,9184.2,3415.4,5,9.856452606139884,9.856452606139884,9.856452606139884,1.4594266820779844,6.753646981502292,2.258648390823646e-07,25.515444050968703,True
516,8390.0,2151.0,5,9.849937103210195,9.849937103210195,9.849937103210195,1.3446520673731628,7.325268255045695,2.2571553353811247e-07,25.51616200263667,True
4838,8286.833333333334,4355.5,6,9.848862054369807,9.848862054369807,9.848862054369807,1.4473075520642573,6.8049545104097815,2.2569089833282689e-07,25.51628050929687,True
3107,7878.8,3938.6,5,9.846976898132066,9.846976898132066,9.846976898132066,1.3342685565698085,7.380056173584029,2.2564769916906108e-07,25.516488348362792,True
3185,8772.0,3956.0,5,9.846103809295402,9.846103809295402,9.846103809295402,1.494425466656077,6.5885546178003915,2.2562769196388517e-07,25.516584620162483,True
1601,7972.5,2749.5,4,9.841772001598919,9.841772001598919,9.841772001598919,1.5055276279394398,6.537091594306369,2.2552842673252877e-07,25.517062396492356,True
981,8774.25,2429.0,4,9.838051718090618,9.838051718090618,9.838051718090618,1.476327723533364,6.663867081317656,2.2544317484023846e-07,25.517472892704376,True
3484,8518.2,4022.2,5,9.829543731628165,9.829543731628165,9.829543731628165,1.5451514299241818,6.361540714563159,2.2524821068122045e-07,25.518412247953137,True
3138,8240.75,3945.0,4,9.827758711193646,9.827758711193646,9.827758711193646,1.3568867277150625,7.2428733441465365,2.2520730617233556e-07,25.518609432823535,True
4216,8699.4,4165.8,5,9.827194831786851,9.827194831786851,9.827194831786851,1.3443888507247672,7.30978602395353,2.251943846338707e-07,25.51867173002367,True
3348,8946.8,3991.6,5,9.82551636498998,9.82551636498998,9.82551636498998,1.3454816888000927,7.302601326185587,2.2515592184729528e-07,25.518857187608226,True
3720,8938.75,4069.0,4,9.823102873180947,9.823102873180947,9.823102873180947,1.1852550054533777,8.287754810555272,2.2510061564730054e-07,25.51912391530226,True
1920,7597.0,3288.833333333333,6,9.817915799639582,9.817915799639582,9.817915799639582,1.332812350466274,7.366315142716722,2.2498175163226954e-07,25.51969738796835,True
423,8788.8,2106.2,5,9.81530918878148,9.81530918878148,9.81530918878148,1.2847120828140952,7.640084747456842,2.249220200264331e-07,25.519985684139623,True
3593,9009.0,4044.5,6,9.812020185015559,9.812020185015559,9.812020185015559,1.4346674511688295,6.8392296605193525,2.2484665109442316e-07,25.52034956354794,True
3984,8244.6,4123.0,5,9.811419628082021,9.811419628082021,9.811419628082021,1.3580821388722222,7.224467023938342,2.248328890747013e-07,25.520416019420324,True
646,9055.166666666666,2199.8333333333335,6,9.80919921638763,9.80919921638763,9.80919921638763,1.3297697129202626,7.376615004146828,2.2478200738834915e-07,25.520661759006366,True
1594,9091.5,2744.5,4,9.808002870892132,9.808002870892132,9.808002870892132,1.3957158140551722,7.027220564618769,2.2475459261818538e-07,25.520794185191676,True
471,8924.0,2130.2,5,9.80592598718236,9.80592598718236,9.80592598718236,1.2576169603493061,7.797227849454845,2.2470699993716257e-07,25.52102411850708,True
2280,7857.8,3666.6,5,9.802392147002921,9.802392147002921,9.802392147002921,1.461981681612941,6.704866600098824,2.246260204737221e-07,25.521415464489937,True
4059,8213.2,4134.6,5,9.798618457732896,9.798618457732896,9.798618457732896,1.3480731967211903,7.268610103342523,2.2453954476549518e-07,25.521833527741798,True
2308,8898.0,3681.5,4,9.796161573742474,9.796161573742474,9.796161573742474,1.580266346467272,6.199057263759402,2.2448324421505219e-07,25.52210579697973,True
2695,8670.0,3833.25,4,9.792576711987103,9.792576711987103,9.792576711987103,1.6335546514802644,5.994642850248963,2.2440109557031514e-07,25.522503190031138,True
2780,8011.6,3857.2,5,9.79201903146337,9.79201903146337,9.79201903146337,1.4422051311924706,6.789615998222772,2.2438831608191446e-07,25.522565023723637,True
2846,8846.8,3874.2,5,9.790556095062003,9.790556095062003,9.790556095062003,1.5476770846764607,6.325968247509914,2.2435479226679697e-07,25.52272724580208,True
626,8347.333333333334,2189.3333333333335,6,9.788769605181578,9.788769605181578,9.788769605181578,1.480660914358482,6.611081247743145,2.2431385408492885e-07,25.52292537895311,True
3405,8678.8,4004.8,5,9.78793492120336,9.78793492120336,9.78793492120336,1.512275399787704,6.472323045509706,2.242947269435568e-07,25.523017963137953,True
2074,9307.4,3530.8,5,9.787573955474596,9.787573955474596,9.787573955474596,1.307212862283029,7.487360504073326,2.2428645525905733e-07,25.52305800435097,True
1250,8215.75,2526.75,4,9.787414472912396,9.787414472912396,9.787414472912396,1.651346318451422,5.926930265052281,2.2428280064773953e-07,25.52307569590593,True
3803,8782.2,4086.6,5,9.780031345306142,9.780031345306142,9.780031345306142,1.343674123012403,7.2785738579084525,2.2411361311188386e-07,25.52389502913944,True
3692,9040.5,4065.0,6,9.779507520220639,9.779507520220639,9.779507520220639,1.3766498872122541,7.103845074236234,2.241016094353714e-07,25.523953183461412,True
683,7941.6,2340.8,5,9.778134487090808,9.778134487090808,9.778134487090808,1.3224719941380072,7.393831045521866,2.2407014579228234e-07,25.52410563044672,True
3282,8105.5,3978.5,4,9.776063841198528,9.776063841198528,9.776063841198528,1.2670693498062529,7.715492323047182,2.2402269605352288e-07,25.524335573416828,True
4226,8694.8,4168.6,5,9.772927425323228,9.772927425323228,9.772927425323228,1.3451747695319292,7.26517300701666,2.2395082373847428e-07,25.524683961755827,True
2599,9027.2,3800.4,5,9.772103450713859,9.772103450713859,9.772103450713859,1.4408333540275045,6.782257936629718,2.239319420068828e-07,25.524775506156182,True
2184,8949.5,3609.5,4,9.771340292309368,9.771340292309368,9.771340292309368,1.5471423310972778,6.315734561654229,2.2391445390471132e-07,25.5248603007012,True
912,8417.25,2410.75,4,9.770414274548138,9.770414274548138,9.770414274548138,1.7172031515723987,5.689725333663417,2.2389323381052678e-07,25.524963199446237,True
3881,8446.5,4103.5,4,9.766521375988567,9.766521375988567,9.766521375988567,1.2813040691113937,7.622329165599089,2.2380402637029887e-07,25.525395883572255,True
1909,7900.5,3272.5,4,9.766407888744915,9.766407888744915,9.766407888744915,1.6137230339436368,6.052096724973705,2.2380142576143385e-07,25.525408499929743,True
1043,7832.8,2442.4,5,9.763170383392076,9.763170383392076,9.763170383392076,1.3035973197683164,7.489406609954712,2.237272369376483e-07,25.52576847460589,True
1197,9055.5,2507.5,4,9.762167375897015,9.762167375897015,9.762167375897015,1.2426912335538423,7.855666083665221,2.2370425259069072e-07,25.525880022131,True
878,8199.4,2402.2,5,9.760463378844962,9.760463378844962,9.760463378844962,1.5276102847455033,6.389367416749904,2.2366520476736747e-07,25.526069555121722,True
3492,7829.857142857143,4024.8571428571427,7,9.760222060308479,9.760222060308479,9.760222060308479,1.458012609629213,6.694195918367674,2.2365967484959802e-07,25.52609639928893,True
2406,9293.0,3725.0,5,9.757595203338365,9.757595203338365,9.757595203338365,1.2294030078915368,7.936856458544814,2.235994792954209e-07,25.526388652638357,True
3229,7885.333333333333,3966.8333333333335,6,9.753302934191584,9.753302934191584,9.753302934191584,1.4543264024935918,6.706405740464139,2.2350112010688973e-07,25.526866362280995,True
1752,7560.5,2962.5,4,9.751071852062783,9.751071852062783,9.751071852062783,1.0289026164100037,9.477157212492804,2.2344999390295635e-07,25.52711475441662,True
3309,7885.666666666667,3985.1666666666665,6,9.747130754015805,9.747130754015805,9.747130754015805,1.44835009404108,6.729816771592893,2.2335968195080085e-07,25.527553665938964,True
2362,9360.2,3708.6,5,9.747002265868883,9.747002265868883,9.747002265868883,1.1560973611736112,8.430952784092701,2.2335673758980323e-07,25.527567978371618,True
2393,8004.5,3720.5,4,9.744268816326702,9.744268816326702,9.744268816326702,1.4101433335160984,6.9101264990063225,2.2329409942111768e-07,25.527872504960854,True
3674,8849.8,4062.0,5,9.742846153197988,9.742846153197988,9.742846153197988,1.3422729637185218,7.258468595096495,2.2326149848531699e-07,25.52803103400645,True
1059,8181.4,2447.8,5,9.740582130370841,9.740582130370841,9.740582130370841,1.620016885316663,6.012642348765927,2.2320961743115214e-07,25.528283364502613,True
938,7881.8,2417.6,5,9.738407276092273,9.738407276092273,9.738407276092273,1.3257542877092865,7.345559706179677,2.2315977971252402e-07,25.528525812197497,True
158,8781.8,2002.6,5,9.736906669555406,9.736906669555406,9.736906669555406,1.2025345140910766,8.096987284323351,2.2312539267009414e-07,25.528693127893046,True
1634,8035.0,2783.25,4,9.732129019116009,9.732129019116009,9.732129019116009,1.7073996453415679,5.699971325207276,2.2301591076105376e-07,25.529226001553845,True
1374,9191.5,2598.5,4,9.732013624523724,9.732013624523724,9.732013624523724,1.2069781021377675,8.063123603722918,2.230132664444767e-07,25.52923887528674,True
4676,8384.8,4282.8,5,9.730725906310777,9.730725906310777,9.730725906310777,1.3312634728541675,7.309391495170035,2.2298375782930113e-07,25.529382546971306,True
3768,9052.833333333334,4078.3333333333335,6,9.728392007372737,9.728392007372737,9.728392007372737,1.3481522498017835,7.216092996027033,2.2293027553408404e-07,25.529642990286227,True
1007,8806.0,2434.5,4,9.727327268932903,9.727327268932903,9.727327268932903,1.4544250027121848,6.688091342484874,2.2290587659604949e-07,25.529761826815218,True
2449,9192.6,3740.8,5,9.727181098876697,9.727181098876697,9.727181098876697,1.318330721755907,7.3784073589067996,2.229025270465165e-07,25.529778142017747,True
303,8611.0,2062.1666666666665,6,9.726564290545344,9.726564290545344,9.726564290545344,1.4520510782878526,6.698500098229439,2.2288839261904317e-07,25.529846991601573,True
3796,8877.6,4086.2,5,9.722477100311023,9.722477100311023,9.722477100311023,1.3313230325510215,7.3028685469981305,2.2279473290175311e-07,25.530303323653037,True
1941,7499.166666666667,3337.833333333333,6,9.718666913531184,9.718666913531184,9.718666913531184,1.2127246510018104,8.01391058184788,2.2270742083743434e-07,25.530728901261412,True
4917,8916.6,3934.6,5,9.716270587859855,9.716270587859855,9.716270587859855,1.4103791494752373,6.889119561555492,2.2265250800684796e-07,25.530996643573705,True
3607,8068.8,4048.4,5,9.714562557159168,9.714562557159168,9.714562557159168,1.3516718376418324,7.187071807390385,2.2261336775073614e-07,25.531187522756444,True
3558,8604.0,4038.0,5,9.70991625588964,9.70991625588964,9.70991625588964,1.5118825333326575,6.422401239391248,2.2250689576426138e-07,25.531706935158837,True
1957,9225.2,3364.6,5,9.708029888091788,9.708029888091788,9.708029888091788,1.4012060107771007,6.928338740645119,2.2246366883707598e-07,25.531917884123768,True
3445,9112.6,4013.8,5,9.706302783904771,9.706302783904771,9.706302783904771,1.2349883697140698,7.859428494984143,2.2242409150384394e-07,25.53211105888613,True
298,8970.833333333334,2057.5,6,9.705678346178889,9.705678346178889,9.705678346178889,1.2572995180640436,7.719463983509224,2.2240978224552258e-07,25.532180910040662,True
1234,9068.5,2521.5,4,9.705112379406536,9.705112379406536,9.705112379406536,1.2431961056850211,7.8065820308042735,2.2239681287418063e-07,25.53224422437178,True
196,8468.2,2014.4,5,9.704420230804185,9.704420230804185,9.704420230804185,1.2983355921713169,7.474508354634767,2.2238095199208257e-07,25.532321659600335,True
1259,8979.6,2532.8,5,9.701975486694083,9.701975486694083,9.701975486694083,1.519861774253009,6.383459108616947,2.2232492963220414e-07,25.53259521345798,True
1835,7596.333333333333,3114.833333333333,6,9.701159837267756,9.701159837267756,9.701159837267756,1.3336140892364263,7.2743381429197775,2.2230623867575293e-07,25.532686495624326,True
3568,7955.8,4039.4,5,9.698452136932115,9.698452136932115,9.698452136932115,1.3284805594201856,7.300409530392374,2.2224419056117954e-07,25.53298957883125,True
48,8483.5,1943.5,4,9.697266500805458,9.697266500805458,9.697266500805458,1.0727057517256813,9.040006064296094,2.222170212007962e-07,25.53312231823565,True
900,8975.6,2407.0,5,9.69423022073339,9.69423022073339,9.69423022073339,1.3789828129662232,7.0299862547821625,2.2214744354062873e-07,25.533462322854824,True
335,8100.833333333333,2072.8333333333335,6,9.693593862078547,9.693593862078547,9.693593862078547,1.312830556750838,7.383735709252153,2.2213286110910715e-07,25.533533596209487,True
3009,8234.6,3915.6,5,9.68813481134008,9.68813481134008,9.68813481134008,1.5441125343083104,6.274241414457468,2.2200776461994853e-07,25.53414521236478,True
1802,7890.25,3071.75,4,9.687548559521282,9.687548559521282,9.687548559521282,1.5915934274377184,6.086698017544038,2.2199433040806667e-07,25.53421091480353,True
4690,8147.6,4287.2,5,9.686942241607408,9.686942241607408,9.686942241607408,1.317468987020445,7.352690907370165,2.219804363730094e-07,25.53427887027319,True
4630,8452.5,4268.333333333334,6,9.686029317400815,9.686029317400815,9.686029317400815,1.4655474660015577,6.609154286777989,2.2195951632324546e-07,25.53438119787544,True
1022,8063.6,2439.2,5,9.686015270171866,9.686015270171866,9.686015270171866,1.4591378034894,6.638177180392839,2.2195919442496897e-07,25.534382772472792,True
2954,8324.5,3902.0,4,9.679891508434856,9.679891508434856,9.679891508434856,1.5470550644874053,6.2569792961067945,2.2181886579817206e-07,25.535069421450793,True
904,8402.5,2408.0,4,9.676552694653118,9.676552694653118,9.676552694653118,1.6893214445420774,5.72807071497049,2.2174235544828527e-07,25.535443981054993,True
1812,9470.166666666666,3085.166666666667,6,9.671501519701838,9.671501519701838,9.671501519701838,1.2366794018229321,7.820540639267965,2.2162660560773545e-07,25.536010884949825,True
3157,8607.5,3948.5,4,9.671474855755413,9.671474855755413,9.671474855755413,1.4930331384718007,6.477736231397171,2.2162599459196645e-07,25.536013878285644,True
1102,8296.0,2466.5,4,9.666472357128704,9.666472357128704,9.666472357128704,1.6397014126686928,5.89526378549376,2.2151136019027233e-07,25.5365756125726,True
943,8182.8,2419.6,5,9.666415355621085,9.666415355621085,9.666415355621085,1.5498055481717912,6.237179475208326,2.2151005397627626e-07,25.536582014989193,True
1942,9486.5,3337.5,6,9.665460469744565,9.665460469744565,9.665460469744565,1.201455118453315,8.044795283062532,2.2148817235684777e-07,25.536689273506447,True
2687,8970.6,3829.8,5,9.664717338500724,9.664717338500724,9.664717338500724,1.4741525609325494,6.5561174566537535,2.214711431856526e-07,25.536772753803913,True
271,8094.8,2044.6,5,9.663893840728502,9.663893840728502,9.663893840728502,1.1612726580373673,8.321812947065474,2.2145227238098888e-07,25.536865269643574,True
112,8346.833333333334,1980.1666666666667,6,9.653598668597102,9.653598668597102,9.653598668597102,1.3508667913411534,7.146225468325354,2.2121635409581036e-07,25.538022546362605,True
2311,9104.4,3683.2,5,9.65131964486669,9.65131964486669,9.65131964486669,1.3947259722068284,6.919868015073764,2.2116412928951305e-07,25.538278897469297,True
1771,9187.0,3001.6,5,9.649706981597648,9.649706981597648,9.649706981597648,1.501928353236381,6.42487836440686,2.211271744190022e-07,25.538460331020502,True
2123,7882.5,3569.5,4,9.645680349682415,9.645680349682415,9.645680349682415,1.395306606205246,6.912946808096429,2.210349024215686e-07,25.538913481821986,True
1412,7998.2,2616.8,5,9.645506046233878,9.645506046233878,9.645506046233878,1.6313685224754921,5.912524309098149,2.2103090818328345e-07,25.53893310192837,True
3851,8546.6,4095.8,5,9.645281932769523,9.645281932769523,9.645281932769523,1.444109195907001,6.679053052294716,2.210257725271214e-07,25.53895832931696,True
2806,8035.4,3865.6,5,9.640711448608146,9.640711448608146,9.640711448608146,1.4589972251774215,6.60776544481487,2.2092103792219923e-07,25.539472934929645,True
4211,7916.5,4165.5,4,9.639787119244179,9.639787119244179,9.639787119244179,1.1074770927379336,8.704276758819857,2.2089985651836217e-07,25.539577037824372,True
1023,8774.5,2438.5,4,9.63777629694804,9.63777629694804,9.63777629694804,1.4976996792257378,6.43505265483562,2.2085377766296772e-07,25.539803541820657,True
4107,7921.0,4144.5,6,9.63739574196136,9.63739574196136,9.63739574196136,1.369091828804476,7.039261749430618,2.2084505708222094e-07,25.53984641379359,True
2189,8086.5,3612.5,4,9.637292784069622,9.637292784069622,9.637292784069622,1.7906237277534611,5.382087054191273,2.2084269775797127e-07,25.539858012954895,True
3100,8714.4,3937.2,5,9.631365440307365,9.631365440307365,9.631365440307365,1.5785382440580367,6.101445737258461,2.2070687013331306e-07,25.540525992203765,True
2490,7999.8,3755.4,5,9.627843521056876,9.627843521056876,9.627843521056876,1.520997341252278,6.32995420828942,2.2062616384307258e-07,25.540923087981767,True
75,8657.2,1956.6,5,9.625067375121812,9.625067375121812,9.625067375121812,1.216124959504225,7.914538140098402,2.2056254726823086e-07,25.54123620034057,True
707,9252.0,2348.5,6,9.623335244677426,9.623335244677426,9.623335244677426,1.2801841668452993,7.517149089878045,2.2052285475615533e-07,25.54143160738572,True
4518,8250.0,4237.8,5,9.621465347228746,9.621465347228746,9.621465347228746,1.3300535312646968,7.233893314113503,2.2048000525408566e-07,25.541642595840077,True
4262,8891.0,4176.0,5,9.619339607177476,9.619339607177476,9.619339607177476,1.2915811047575712,7.447724011867624,2.2043129300904205e-07,25.541882501909537,True
2034,9061.5,3483.5,4,9.618993681286419,9.618993681286419,9.618993681286419,1.5314189931194138,6.281098591896836,2.2042336596887452e-07,25.54192154731524,True
3496,8431.0,4024.0,5,9.618619583068595,9.618619583068595,9.618619583068595,1.5510109108243182,6.201516389047561,2.2041479334775554e-07,25.54196377417298,True
1452,9022.5,2644.5,4,9.618391912792767,9.618391912792767,9.618391912792767,1.3972174983313903,6.883961820031177,2.20409576185733e-07,25.541989473576578,True
3855,8997.8,4096.4,5,9.617850444732408,9.617850444732408,9.617850444732408,1.2657847716515385,7.598330032192972,2.2039716821288433e-07,25.54205059689433,True
369,8903.285714285714,2087.1428571428573,7,9.613350493536018,9.613350493536018,9.613350493536018,1.4412125111145737,6.670321288080863,2.2029404990110774e-07,25.542558704530293,True
1434,8127.5,2631.5,4,9.61244384608134,9.61244384608134,9.61244384608134,1.7727475793171497,5.422342107940708,2.2027327368580614e-07,25.542661106537704,True
3926,8193.4,4114.2,5,9.612121246276597,9.612121246276597,9.612121246276597,1.3506689572095227,7.116563385106004,2.202658811729115e-07,25.542697545155274,True
4386,8114.5,4204.0,4,9.61060468516215,9.61060468516215,9.61060468516215,1.1786787218766899,8.153710172913078,2.2023112852449315e-07,25.54286886168114,True
3404,8565.6,4005.2,5,9.610148570953116,9.610148570953116,9.610148570953116,1.5677995678539622,6.129704821967578,2.2022067647175742e-07,25.542920391369258,True
339,8392.833333333334,2074.3333333333335,6,9.602402093432307,9.602402093432307,9.602402093432307,1.45294358813802,6.608929742233147,2.200431626167623e-07,25.54379592650318,True
2922,8551.5,3894.5,4,9.599668424938763,9.599668424938763,9.599668424938763,1.6359851700339656,5.867821176361555,2.1998051943071233e-07,25.544105064298755,True
934,8348.5,2416.5,4,9.599312704418743,9.599312704418743,9.599312704418743,1.632649788577252,5.879590817075302,2.1997236794242105e-07,25.54414529754289,True
4848,8497.0,1923.5,6,9.599238755724787,9.599238755724787,9.599238755724787,1.2852620550977798,7.468701590972044,2.199706733763811e-07,25.5441536615879,True
1080,8783.5,2456.5,4,9.5983103927122,9.5983103927122,9.5983103927122,1.5287860380155138,6.278387003829242,2.199493995397558e-07,25.54425867054784,True
3011,8609.0,3915.5,4,9.596057813976849,9.596057813976849,9.596057813976849,1.5550957701373294,6.1707182272956915,2.1989778073186304e-07,25.54451350636967,True
3680,8933.0,4063.3333333333335,6,9.592965962908625,9.592965962908625,9.592965962908625,1.4546215563046316,6.594819058834045,2.1982692963848328e-07,25.544863387084042,True
680,7840.666666666667,2338.8333333333335,6,9.58696449043548,9.58696449043548,9.58696449043548,1.3453207042777238,7.12615546609203,2.1968940332261993e-07,25.545542849001222,True
3425,8097.8,4009.4,5,9.58668865960668,9.58668865960668,9.58668865960668,1.387879212475892,6.9074373140185665,2.1968308254086905e-07,25.545574087650937,True
3488,7896.8,4023.6,5,9.585060260711412,9.585060260711412,9.585060260711412,1.310723643865709,7.312800303534812,2.1964576708173395e-07,25.54575852691602,True
3465,8726.6,4017.2,5,9.583945892272697,9.583945892272697,9.583945892272697,1.4514692686533588,6.602927185061569,2.1962023085098781e-07,25.545884763002658,True
2081,9151.5,3536.5,4,9.583325785015667,9.583325785015667,9.583325785015667,1.3043969053226718,7.34693998882573,2.1960602082721762e-07,25.545955015348568,True
841,8871.0,2392.0,5,9.578265808044181,9.578265808044181,9.578265808044181,1.4729744617019855,6.502669297454575,2.1949006928459942e-07,25.54652843330231,True
3733,8732.8,4072.0,5,9.577659271178945,9.577659271178945,9.577659271178945,1.3745581795636799,6.967809303073036,2.194761702321778e-07,25.546597188951708,True
821,8479.5,2384.5,4,9.575902860973919,9.575902860973919,9.575902860973919,1.6431813060462082,5.827660542229071,2.194359213389732e-07,25.546796316209832,True
420,8331.75,2105.0,4,9.569905680035195,9.569905680035195,9.569905680035195,1.18330643952255,8.087428040953226,2.192984933654618e-07,25.54747650233733,True
3869,8432.8,4101.2,5,9.56559481423925,9.56559481423925,9.56559481423925,1.436242826639859,6.6601514986280534,2.1919970802673858e-07,25.54796569394735,True
1602,9062.5,2749.5,4,9.561565321301067,9.561565321301067,9.561565321301067,1.4488000284081466,6.599644625771256,2.19107370467737e-07,25.548423155107663,True
1356,8138.5,2591.5,4,9.561320227001751,9.561320227001751,9.561320227001751,1.6883243788935736,5.66320095032192,2.1910175402674272e-07,25.548450986446575,True
1940,9121.5,3334.5,4,9.561242979382122,9.561242979382122,9.561242979382122,1.480559259098824,6.457859029027849,2.19099983864406e-07,25.548459758339387,True
2744,9142.8,3844.6,5,9.560355327544908,9.560355327544908,9.560355327544908,1.3238560939694681,7.221597098880293,2.1907964294182615e-07,25.548560561182548,True
3889,8943.4,4106.2,5,9.558801315246324,9.558801315246324,9.558801315246324,1.3106853006306773,7.292979718813362,2.1904403208345982e-07,25.548737059283425,True
2032,9273.5,3481.5,4,9.55397168955668,9.55397168955668,9.55397168955668,1.1935428009736733,8.004716447338716,2.1893335913926693e-07,25.54928577082591,True
1168,8929.6,2493.8,5,9.551232002197013,9.551232002197013,9.551232002197013,1.5610305002095788,6.118542847762869,2.1887057802831814e-07,25.54959716010231,True
3766,8786.8,4078.4,5,9.550207279144033,9.550207279144033,9.550207279144033,1.3460536252200612,7.0949679122796505,2.1884709606003667e-07,25.5497136517345,True
1902,9430.5,3238.5,4,9.54599706492289,9.54599706492289,9.54599706492289,1.0550587348203002,9.047834731730632,2.1875061719532134e-07,25.550192404684708,True
4833,8281.5,4350.666666666666,6,9.543949487231137,9.543949487231137,9.543949487231137,1.4472668420619532,6.594464275595273,2.1870369607427132e-07,25.550425315681544,True
2627,8741.5,3810.0,4,9.541883390759075,9.541883390759075,9.541883390759075,1.5913803435954819,5.995979169379861,2.186563505874275e-07,25.550660383835535,True
3323,8141.2,3986.6,5,9.539418838439689,9.539418838439689,9.539418838439689,1.4264860200375404,6.687355294367793,2.1859987431393723e-07,25.55094085250213,True
2986,7839.0,3911.2,5,9.539405963836412,9.539405963836412,9.539405963836412,1.328083333373066,7.182836892929173,2.1859957928688097e-07,25.550942317835876,True
811,9309.2,2382.0,5,9.538834236083726,9.538834236083726,9.538834236083726,1.1216853099957256,8.504019934182855,2.185864779002037e-07,25.551007391502424,True
429,8343.5,2109.5,4,9.537305754040325,9.537305754040325,9.537305754040325,1.186455824838618,8.03848365390055,2.185514520785853e-07,25.551181381449783,True
2829,8835.2,3868.8,5,9.532936714111075,9.532936714111075,9.532936714111075,1.564378342222863,6.093753957604332,2.1845133365464545e-07,25.55167887118251,True
4428,8484.0,4213.166666666666,6,9.531540753863215,9.531540753863215,9.531540753863215,1.4772014037812113,6.45243142164989,2.1841934462681287e-07,25.551837873136456,True
2387,9172.4,3718.8,5,9.531118057189685,9.531118057189685,9.531118057189685,1.330750359295049,7.162213401346512,2.184096583512366e-07,25.551886023511145,True
4787,8328.666666666666,4327.833333333334,6,9.528478505633235,9.528478505633235,9.528478505633235,1.4497731188725183,6.572392867267044,2.1834917189516862e-07,25.552186749363138,True
4091,8380.4,4142.2,5,9.527988098083242,9.527988098083242,9.527988098083242,1.3879223308941724,6.864928883985037,2.1833793399581577e-07,25.552242630995686,True
2029,9403.4,3480.2,5,9.527310035644273,9.527310035644273,9.527310035644273,1.1734449006702394,8.119094497068023,2.1832239590419345e-07,25.552319900522956,True
2237,9087.0,3638.5,4,9.524063986157024,9.524063986157024,9.524063986157024,1.2999371198911718,7.32655744683586,2.182480112879032e-07,25.55268988470161,True
1038,7886.2,2441.6,5,9.523286960540515,9.523286960540515,9.523286960540515,1.332736630661133,7.145663097604124,2.182302054126204e-07,25.55277846865711,True
4128,8083.4,4147.8,5,9.518777034698228,9.518777034698228,9.518777034698228,1.322180656184183,7.199301389092657,2.1812685852755477e-07,25.553292760580565,True
2909,8607.25,3892.25,4,9.518755834911907,9.518755834911907,9.518755834911907,1.6007889506312254,5.946290315883588,2.1812637272535823e-07,25.55329517868544,True
3783,8695.8,4081.6,5,9.516220710693105,9.516220710693105,9.516220710693105,1.4008887291089092,6.792988274483638,2.1806827926652328e-07,25.55358438063508,True
3744,7827.5,4074.5,4,9.51393501124247,9.51393501124247,9.51393501124247,1.0707952621810652,8.88492445499233,2.180159014832337e-07,25.553845194755045,True
4965,8495.2,4126.4,5,9.512994430480703,9.512994430480703,9.512994430480703,1.4031293167497703,6.779841541987552,2.179943476716455e-07,25.55395253972529,True
370,9006.6,2086.8,5,9.511258266387681,9.511258266387681,9.511258266387681,1.152639011157166,8.251723370736054,2.1795456272678142e-07,25.554150709529747,True
89,8301.4,1964.8,5,9.50818028253148,9.50818028253148,9.50818028253148,1.1922621759860066,7.974907259528022,2.1788402940651305e-07,25.554502126689712,True
623,9092.142857142857,2187.8571428571427,7,9.507836920843147,9.507836920843147,9.507836920843147,1.3814571680245238,6.882469569750977,2.1787616112615077e-07,25.554541335764082,True
4403,8735.2,4206.8,5,9.507001064239244,9.507001064239244,9.507001064239244,1.3272980054342292,7.162672606540234,2.1785700711355818e-07,25.554636789617348,True
2270,9343.5,3661.5,4,9.502162378643593,9.502162378643593,9.502162378643593,1.0745780105321188,8.842692001428757,2.1774612655773314e-07,25.555189526855248,True
1583,7593.166666666667,2736.8333333333335,6,9.501590135119319,9.501590135119319,9.501590135119319,1.2551185734833028,7.570272909554486,2.177330133519287e-07,25.55525491452139,True
3190,8394.75,3956.25,4,9.499813955639446,9.499813955639446,9.499813955639446,1.5224883474241648,6.239662833355532,2.1769231143731157e-07,25.555457895560462,True
304,9008.2,2061.4,5,9.498713157592515,9.498713157592515,9.498713157592515,1.13028898155867,8.4037916962561,2.1766708617791375e-07,25.555583713344955,True
2618,8001.6,3806.8,5,9.49848761361669,9.49848761361669,9.49848761361669,1.470033812797416,6.461407575068934,2.176619177409678e-07,25.555609494117952,True
2421,8150.5,3731.5,4,9.495590132092083,9.495590132092083,9.495590132092083,1.659574204931758,5.721702653532473,2.1759552070904862e-07,25.555940744801497,True
3771,8253.4,4080.2,5,9.492381713805898,9.492381713805898,9.492381713805898,1.4026652500106735,6.7673892354099925,2.1752199842787144e-07,25.556307660863386,True
689,8296.2,2343.2,5,9.490743301330314,9.490743301330314,9.490743301330314,1.5356754320292498,6.180175252780592,2.174844535032484e-07,25.55649507824025,True
1112,9266.2,2470.4,5,9.490526340423326,9.490526340423326,9.490526340423326,1.201040734285964,7.9019187855152815,2.1747948175100626e-07,25.55651989874132,True
3539,8207.166666666666,4035.1666666666665,6,9.489728810809023,9.489728810809023,9.489728810809023,1.553845011819372,6.10725570351296,2.1746120601781948e-07,25.556611141642982,True
3175,8035.6,3954.2,5,9.488445423064931,9.488445423064931,9.488445423064931,1.3950244415262902,6.801633821328366,2.1743179663719516e-07,25.556757986173277,True
243,8606.333333333334,2035.0,6,9.487261655352473,9.487261655352473,9.487261655352473,1.4431564472630123,6.573966165168951,2.1740467009232455e-07,25.556893449843727,True
2137,9020.5,3581.0,4,9.484502714489544,9.484502714489544,9.484502714489544,1.4528991127697903,6.527984380421567,2.173414477790904e-07,25.55720923301965,True
2279,7799.6,3667.4,5,9.48430599969457,9.48430599969457,9.48430599969457,1.3883139890562803,6.83152807971172,2.1733693997518898e-07,25.557231752132804,True
651,8632.75,2204.0,4,9.481389444683636,9.481389444683636,9.481389444683636,1.2262708404791918,7.731888528784211,2.1727010586614968e-07,25.557565682349367,True
4017,8746.2,4128.8,5,9.477011821685535,9.477011821685535,9.477011821685535,1.3381538819561722,7.082153965604928,2.1716979075750568e-07,25.558067090015285,True
4190,7927.5,4162.5,4,9.475449484203896,9.475449484203896,9.475449484203896,1.1151056522615137,8.497355802104499,2.1713398912399882e-07,25.558246094350853,True
1644,9027.75,2789.0,4,9.47297088465556,9.47297088465556,9.47297088465556,1.5839470558101691,5.980610810132321,2.1707719095223206e-07,25.558530139693918,True
1925,7577.5,3299.5,4,9.471503179882607,9.471503179882607,9.471503179882607,1.0561429475689286,8.968012523005987,2.1704355786783444e-07,25.558698372415254,True
4801,8684.8,4333.0,5,9.469822547851305,9.469822547851305,9.469822547851305,1.3177486884656522,7.186364616213496,2.1700504546398335e-07,25.55889104351698,True
2368,8108.5,3712.5,4,9.468641203259075,9.468641203259075,9.468641203259075,1.6267751796891359,5.820497707045456,2.1697797444595214e-07,25.559026495749283,True
3330,8082.2,3987.6,5,9.468384883819327,9.468384883819327,9.468384883819327,1.3975762159776688,6.774861202968997,2.1697210077605022e-07,25.559055887407133,True
3929,8662.4,4114.2,5,9.467528961120351,9.467528961120351,9.467528961120351,1.398868623230676,6.767990077048957,2.169524869402823e-07,25.55915404018402,True
2331,8924.5,3691.5,4,9.466772001598919,9.466772001598919,9.466772001598919,1.512560040829929,6.258774360060829,2.169351408881749e-07,25.5592408517711,True
2327,8838.5,3689.5,4,9.465995710705364,9.465995710705364,9.465995710705364,1.7333250639637732,5.461177425692153,2.1691735184938374e-07,25.559329887578418,True
3486,8660.6,4021.8,5,9.464371345458732,9.464371345458732,9.464371345458732,1.503954352733154,6.292991092621274,2.168801288230372e-07,25.55951621594248,True
445,8180.6,2118.2,5,9.464305065093736,9.464305065093736,9.464305065093736,1.2816185709679202,7.384650378424201,2.1687860998004447e-07,25.559523819537194,True
1225,9274.2,2517.4,5,9.463981292663316,9.463981292663316,9.463981292663316,1.225377748561267,7.723317404592264,2.1687119059592949e-07,25.55956096304223,True
2268,8086.5,3660.5,4,9.463417929028118,9.463417929028118,9.463417929028118,1.6720988014560048,5.659604516663553,2.1685828087659197e-07,25.559625595725063,True
4285,8131.2,4180.4,5,9.463126323638658,9.463126323638658,9.463126323638658,1.3226157319913967,7.154856920831041,2.168515986140176e-07,25.55965905207342,True
3954,8497.4,4117.8,5,9.461546562133535,9.461546562133535,9.461546562133535,1.4130207029597688,6.695971645932014,2.1681539770153911e-07,25.55984031853708,True
863,8511.5,2396.5,4,9.460618894909466,9.460618894909466,9.460618894909466,1.6656599067828468,5.679802255180807,2.1679413980920615e-07,25.559946775897284,True
4185,7954.333333333333,4161.5,6,9.454866292498469,9.454866292498469,9.454866292498469,1.3846685150100535,6.828252531205869,2.1666231645756184e-07,25.560607166983203,True
4829,8616.0,4348.0,6,9.454422833941342,9.454422833941342,9.454422833941342,1.4460327718173522,6.538180197713753,2.166521544145178e-07,25.560658092113982,True
3149,9073.8,3947.6,5,9.450543067870836,9.450543067870836,9.450543067870836,1.3200503483843535,7.159229251700603,2.1656324791090958e-07,25.561103731907227,True
4359,8046.8,4196.6,5,9.450533054290513,9.450533054290513,9.450533054290513,1.2938799754666233,7.304026056112574,2.1656301844542148e-07,25.561104882329204,True
4223,8189.8,4169.0,5,9.45037474435399,9.45037474435399,9.45037474435399,1.3343208267907858,7.082535590097446,2.1655939070532403e-07,25.561123070114835,True
2877,7847.8,3884.4,5,9.448344371734363,9.448344371734363,9.448344371734363,1.3392313724993024,7.055050057632431,2.1651286384588133e-07,25.56135636095928,True
2723,9242.6,3838.8,5,9.442327640472154,9.442327640472154,9.442327640472154,1.1992752131108613,7.873361791560102,2.1637498786832183e-07,25.562047980948485,True
1949,7610.5,3351.5,4,9.441306513165078,9.441306513165078,9.441306513165078,1.109784658459003,8.507331977606224,2.163515882981e-07,25.562165402720062,True
4574,8625.0,4252.0,5,9.439397476134996,9.439397476134996,9.439397476134996,1.3329074573463675,7.081810086746395,2.163078418957348e-07,25.562384961336946,True
4225,8658.5,4168.333333333334,6,9.437912824175717,9.437912824175717,9.437912824175717,1.4853930075535864,6.353815304220246,2.1627382045929356e-07,25.56255574206379,True
3173,9133.8,3952.4,5,9.435425422607164,9.435425422607164,9.435425422607164,1.2791630497102096,7.376249200400786,2.1621682058545818e-07,25.56284193011585,True
232,8101.5,2029.0,6,9.433909299395442,9.433909299395442,9.433909299395442,1.257654633064742,7.5011923395902596,2.161820779717686e-07,25.563016404721303,True
2018,9253.5,3457.5,4,9.43119899592265,9.43119899592265,9.43119899592265,1.2051156422673797,7.8259701103689965,2.1611997020519088e-07,25.56332837479648,True
2751,9138.2,3846.4,5,9.430082462249498,9.430082462249498,9.430082462249498,1.3254034217307376,7.1148771065759835,2.160943843571689e-07,25.56345691972455,True
1343,7991.75,2583.75,4,9.428706568096722,9.428706568096722,9.428706568096722,1.399436544797632,6.737502034763696,2.160628551525119e-07,25.563615345389724,True
4171,8068.833333333333,4158.166666666666,6,9.428226830981137,9.428226830981137,9.428226830981137,1.4439860883846571,6.52930586161547,2.1605186177074025e-07,25.56367058957437,True
2483,8939.0,3752.5,4,9.421725672100628,9.421725672100628,9.421725672100628,1.4313122473494009,6.582578811540532,2.1590288492652752e-07,25.564419508580734,True
428,8311.2,2109.6,5,9.421060226379137,9.421060226379137,9.421060226379137,1.32001800308295,7.13706949782193,2.158876359523977e-07,25.564496195596796,True
738,8743.5,2358.0,4,9.419238966320599,9.419238966320599,9.419238966320599,1.3708004193022967,6.871342343996916,2.1584590099698459e-07,25.56470610818574,True
1207,8841.5,2512.5,4,9.414515417431438,9.414515417431438,9.414515417431438,1.5732411244811924,5.984152887267082,2.1573765884817303e-07,25.565250718468633,True
1368,9344.833333333334,2596.5,6,9.413363816759944,9.413363816759944,9.413363816759944,1.3309504550353224,7.072662833651551,2.1571126942484315e-07,25.565383535821926,True
4370,8967.833333333334,4198.833333333334,6,9.412872197649838,9.412872197649838,9.412872197649838,1.3245904813076907,7.10625082278793,2.1570000376207066e-07,25.565440240589304,True
595,8604.8,2176.0,5,9.408800743041738,9.408800743041738,9.408800743041738,1.3554368304820266,6.94152654808394,2.1560670463340474e-07,25.565909967776356,True
1350,8968.5,2586.5,4,9.40801898798808,9.40801898798808,9.40801898798808,1.4322152795675478,6.568858133414689,2.1558879038104112e-07,25.56600018278374,True
2250,8065.25,3644.75,4,9.40490047297343,9.40490047297343,9.40490047297343,1.6485374241286315,5.704996644492063,2.1551732827189237e-07,25.566360135920682,True
3368,8689.4,3997.2,5,9.403401992736564,9.403401992736564,9.403401992736564,1.5134935669870075,6.213043912341443,2.1548298995453902e-07,25.566533139757865,True
2984,8844.25,3910.0,4,9.402579229687298,9.402579229687298,9.402579229687298,1.3461137787442206,6.984981045553885,2.1546413598636697e-07,25.56662814183412,True
545,8673.8,2161.6,5,9.401937148986562,9.401937148986562,9.401937148986562,1.3434558838515227,6.99832220916132,2.1544942243170946e-07,25.56670228681604,True
3628,8429.4,4054.2,5,9.39824404519628,9.39824404519628,9.39824404519628,1.502460808147152,6.255234076146238,2.1536479337431544e-07,25.56712885042234,True
935,9158.2,2416.4,5,9.39559187692235,9.39559187692235,9.39559187692235,1.315757984571899,7.140820718621246,2.1530401780075487e-07,25.56743528654822,True
1437,9142.0,2632.0,5,9.39444412988256,9.39444412988256,9.39444412988256,1.4121064542938244,6.652787473151658,2.152777166850484e-07,25.567567926050998,True
4375,8683.4,4200.2,5,9.39268603128026,9.39268603128026,9.39268603128026,1.3401976535459805,7.008433425046292,2.1523742910149607e-07,25.567771132319677,True
2703,8695.5,3834.5,4,9.389039915417278,9.389039915417278,9.389039915417278,1.5993289928709935,5.87061196118429,2.1515387679261012e-07,25.56819268250736,True
3013,7842.166666666667,3917.5,6,9.388635041735531,9.388635041735531,9.388635041735531,1.4542085606845916,6.456181936733809,2.1514459893853517e-07,25.568239502575945,True
3089,8411.25,3934.75,4,9.383512419079388,9.383512419079388,9.383512419079388,1.5796750879997206,5.940153446973298,2.1502721184318316e-07,25.568832063126706,True
4738,8492.2,4305.4,5,9.383179328857164,9.383179328857164,9.383179328857164,1.3333365356875733,7.037367594534907,2.1501957893787242e-07,25.568870604614848,True
3295,8991.4,3980.2,5,9.380382678924304,9.380382678924304,9.380382678924304,1.3344222609875678,7.029546008908867,2.1495549250512666e-07,25.56919425575373,True
3580,8759.4,4042.2,5,9.378684184966787,9.378684184966787,9.378684184966787,1.3883363015104249,6.755340312547725,2.1491657078757504e-07,25.56939086642756,True
4939,8477.5,4051.5,4,9.37571279368266,9.37571279368266,9.37571279368266,1.3450162668098433,6.970705875491233,2.1484848008181524e-07,25.569734908107634,True
1260,9202.0,2533.2,5,9.37469687264989,9.37469687264989,9.37469687264989,1.3262856238845915,7.068384595161413,2.1482519981560223e-07,25.56985256124345,True
4979,8504.4,4157.2,5,9.374494216857656,9.374494216857656,9.374494216857656,1.3722431418623053,6.83151107181727,2.148205558712004e-07,25.569876032200646,True
3575,8737.6,4040.8,5,9.372392795501456,9.372392795501456,9.372392795501456,1.409640572218798,6.648781952089498,2.1477240089948507e-07,25.570119442133816,True
2582,7860.75,3796.0,4,9.37149040064677,9.37149040064677,9.37149040064677,1.234891180001825,7.5889200217892245,2.1475172213433632e-07,25.570223984266867,True
2405,9255.5,3724.5,4,9.370221536968788,9.370221536968788,9.370221536968788,1.1363167059845185,8.246135507486283,2.1472264557891652e-07,25.570370998716854,True
3150,8141.8,3947.6,5,9.368812225280509,9.368812225280509,9.368812225280509,1.4594212527995598,6.419539394337738,2.1469035059710005e-07,25.570534309242472,True
1944,7862.8,3339.6,5,9.367708824096427,9.367708824096427,9.367708824096427,1.6820556096563204,5.569202807754048,2.146650656856979e-07,25.570662188117335,True
988,9286.5,2431.3333333333335,6,9.366257550738215,9.366257550738215,9.366257550738215,1.2703341632298613,7.373065939535339,2.146318091342168e-07,25.570830406635466,True
949,9272.25,2420.0,4,9.365678232525429,9.365678232525429,9.365678232525429,1.0501461235399128,8.918452415893215,2.1461853380889063e-07,25.570897563256672,True
1564,8943.0,2719.75,4,9.361532133434856,9.361532133434856,9.361532133434856,1.6529478156894442,5.663537617205516,2.1452352416989248e-07,25.571378315047966,True
2702,8685.25,3835.0,4,9.359077375744427,9.359077375744427,9.359077375744427,1.6111355103510108,5.808994535602661,2.1446727234452585e-07,25.571663051430335,True
2316,9064.0,3685.75,4,9.358625810955608,9.358625810955608,9.358625810955608,1.3011899002534226,7.192359707935714,2.1445692454370567e-07,25.57171543822536,True
4777,8756.6,4321.8,5,9.35807385247777,9.35807385247777,9.35807385247777,1.3165235328880511,7.108170586171756,2.1444427617844092e-07,25.571779475295344,True
2641,8086.5,3816.5,4,9.355849188183392,9.355849188183392,9.355849188183392,1.4104091514650632,6.633429156684781,2.1439329704193607e-07,25.57203761449726,True
4666,8273.2,4279.6,5,9.345111511169176,9.345111511169176,9.345111511169176,1.325684369506911,7.049273361082997,2.141472385675694e-07,25.573284425948067,True
1688,9212.6,2844.2,5,9.345023296294913,9.345023296294913,9.345023296294913,1.4140201476738226,6.608833199207403,2.141452170858887e-07,25.573294675000177,True
316,8164.8,2066.4,5,9.344763896880846,9.344763896880846,9.344763896880846,1.219337887671526,7.663801798799026,2.1413927283705417e-07,25.573324813313945,True
2022,9400.5,3465.5,4,9.343289774273476,9.343289774273476,9.343289774273476,1.0565292342295916,8.84338026016525,2.141054926852282e-07,25.57349610009603,True
1378,8019.75,2601.0,4,9.342677038525188,9.342677038525188,9.342677038525188,1.4791942354109575,6.316058307196929,2.140914515827426e-07,25.573567305337136,True
2637,8946.75,3815.0,4,9.341807287548626,9.341807287548626,9.341807287548626,1.3589189947577727,6.874440142190965,2.140715208660626e-07,25.573668386010127,True
2117,7797.0,3565.4,5,9.340752742706046,9.340752742706046,9.340752742706046,1.4534214644921508,6.426733725148237,2.1404735551868131e-07,25.573790955670223,True
4826,8320.6,4345.2,5,9.340416572509508,9.340416572509508,9.340416572509508,1.322358684117989,7.063451607110327,2.140396520344381e-07,25.573830031613195,True
3439,9106.833333333334,4013.0,6,9.338148477099299,9.338148477099299,9.338148477099299,1.3597469046397335,6.867563695299202,2.139876776552856e-07,25.574093708540012,True
1243,8278.0,2524.5,4,9.336391371105755,9.336391371105755,9.336391371105755,1.7576974542199504,5.31171695600433,2.1394741281778865e-07,25.574298024535366,True
3825,8811.5,4091.5,4,9.334387701366985,9.334387701366985,9.334387701366985,1.1957098067111522,7.806566149224445,2.1390149786631418e-07,25.574531057852038,True
3344,8525.5,3991.5,4,9.331327837322796,9.331327837322796,9.331327837322796,1.4351928432119991,6.501793735564512,2.1383137976930997e-07,25.574887026547405,True
1249,9207.8,2525.6,5,9.33120741647313,9.33120741647313,9.33120741647313,1.32187856045713,7.059050426875997,2.138286202738892e-07,25.574901038070976,True
1286,7820.0,2544.0,5,9.327522895751697,9.327522895751697,9.327522895751697,1.3341940103492889,6.991129343557594,2.1374418790119925e-07,25.575329836550775,True
2068,7526.833333333333,3526.833333333333,6,9.32618320228851,9.32618320228851,9.32618320228851,1.2151074035052407,7.675192477130098,2.137134882508713e-07,25.575485789870843,True
3748,8647.4,4076.0,5,9.321009300170646,9.321009300170646,9.321009300170646,1.4490308158496223,6.432581832088492,2.1359492606465926e-07,25.576088292686492,True
679,8709.5,2337.5,4,9.320681494091595,9.320681494091595,9.320681494091595,1.374908788205881,6.779127149411966,2.135874142477558e-07,25.576126477090703,True
2859,8660.5,3878.0,4,9.319524687145794,9.319524687145794,9.319524687145794,1.5709367803689933,5.932463230606107,2.1356090552041714e-07,25.576261238173533,True
3067,8730.75,3929.75,4,9.318287294720257,9.318287294720257,9.318287294720257,1.4047329347192832,6.633493858092243,2.1353255014224573e-07,25.576405405499525,True
3604,9065.0,4048.0,5,9.315377376495103,9.315377376495103,9.315377376495103,1.2493839662210193,7.4559764078540995,2.1346586811799922e-07,25.57674451255671,True
1150,8974.5,2486.5,4,9.31361333689555,9.31361333689555,9.31361333689555,1.3206991644362862,7.052032429255664,2.1342544439394662e-07,25.57695013632829,True
4915,8781.5,3918.5,4,9.310170095776165,9.310170095776165,9.310170095776165,1.3753615260945278,6.769252970317772,2.1334654104682688e-07,25.577351607017754,True
3012,8632.5,3915.5,4,9.30960361323222,9.30960361323222,9.30960361323222,1.536842398917634,6.057617631963289,2.1333355985635765e-07,25.577417671258615,True
1440,8947.5,2639.0,4,9.305939596508587,9.305939596508587,9.305939596508587,1.53217305022734,6.073687038894069,2.1324959734157186e-07,25.577845072771236,True
3399,8447.6,4004.0,5,9.305836341796622,9.305836341796622,9.305836341796622,1.593381477168425,5.840306590192004,2.1324723121555934e-07,25.577857119701036,True
4645,8272.6,4274.2,5,9.304599426208238,9.304599426208238,9.304599426208238,1.3263223030826259,7.015338130545325,2.1321888676431582e-07,25.57800144346167,True
1421,9405.333333333334,2622.5,6,9.302829148791195,9.302829148791195,9.302829148791195,1.2619699493471044,7.371672482061976,2.1317832009799997e-07,25.578208033456864,True
2052,7971.0,3503.75,4,9.30254451594218,9.30254451594218,9.30254451594218,1.6179494662047322,5.749589038626411,2.1317179761418055e-07,25.578241253557124,True
2039,7893.0,3490.25,4,9.301646154736126,9.301646154736126,9.301646154736126,1.4818401770300178,6.277091348257931,2.1315121128182027e-07,25.578346109855836,True
4098,8374.2,4142.6,5,9.299840591369374,9.299840591369374,9.299840591369374,1.386732065559314,6.706299524139472,2.1310983602283203e-07,25.5785568849998,True
3010,8600.0,3915.5,4,9.297276419018353,9.297276419018353,9.297276419018353,1.5611539904654643,5.955387153221402,2.1305107691358798e-07,25.578856287834423,True
1495,8103.5,2663.5,4,9.297055166576946,9.297055166576946,9.297055166576946,1.769128443666032,5.255161206560762,2.1304600681899394e-07,25.578882126008274,True
2050,9289.8,3500.4,5,9.29628290933202,9.29628290933202,9.29628290933202,1.324654637221299,7.017891794673849,2.1302831021299118e-07,25.578972316123384,True
731,8147.5,2356.5,4,9.294872206066692,9.294872206066692,9.294872206066692,1.267342131764421,7.334145984025775,2.129959833425898e-07,25.57913708819943,True
2767,7822.8,3850.4,5,9.291973731933336,9.291973731933336,9.291973731933336,1.3380781081237059,6.944268556162858,2.129295635646154e-07,25.57947571244382,True
4659,8387.5,4277.5,4,9.291038912151894,9.291038912151894,9.291038912151894,1.1916538206309701,7.79676005841392,2.1290814176836238e-07,25.579584948518935,True
1001,8945.4,2434.2,5,9.284302852569327,9.284302852569327,9.284302852569327,1.4533667041163738,6.388135097820375,2.127537820738088e-07,25.580372399342654,True
1970,9248.0,3394.0,5,9.2829295615537,9.2829295615537,9.2829295615537,1.3570759714262814,6.840390484401089,2.127223125211561e-07,25.580533008284775,True
3512,8985.2,4027.4,5,9.280303619323472,9.280303619323472,9.280303619323472,1.3249933623006707,7.004037818883476,2.126621379286358e-07,25.58084018328411,True
3820,8260.6,4090.8,5,9.278961799560292,9.278961799560292,9.278961799560292,1.3963251478059713,6.645272996866248,2.126313895532315e-07,25.580997178969746,True
435,8667.833333333334,2112.1666666666665,6,9.277298810503842,9.277298810503842,9.277298810503842,1.4582207406410042,6.362067519644337,2.1259328144571654e-07,25.581191783633848,True
2465,8117.5,3747.0,4,9.275648039196575,9.275648039196575,9.275648039196575,1.581947729941732,5.863435222058965,2.1255545331316453e-07,25.58138499306773,True
1808,7824.5,3076.5,4,9.27502576670512,9.27502576670512,9.27502576670512,1.4492499359970792,6.399880059559177,2.125411936721188e-07,25.5814578339554,True
510,8738.6,2145.8,5,9.274824283538562,9.274824283538562,9.274824283538562,1.3264764938103415,6.992075869280099,2.125365765989373e-07,25.58148141986774,True
1830,9473.4,3106.2,5,9.272919795928697,9.272919795928697,9.272919795928697,1.1252317869082618,8.240897478916228,2.1249293444848771e-07,25.581704387269912,True
4494,8797.6,4230.8,5,9.270555160461168,9.270555160461168,9.270555160461168,1.3150317319415772,7.04968171891462,2.1243874781251392e-07,25.581981290100487,True
2969,8995.2,3905.4,5,9.269951484618886,9.269951484618886,9.269951484618886,1.355157418479016,6.84049790689496,2.1242491432166042e-07,25.582051992884473,True
283,8190.333333333333,2051.6666666666665,6,9.268460633776547,9.268460633776547,9.268460633776547,1.3259732002011124,6.989930590128658,2.1239075083515504e-07,25.582226621728474,True
1899,9133.5,3234.5,4,9.267107885693157,9.267107885693157,9.267107885693157,1.4682659612643625,6.311600302790516,2.123597520326058e-07,25.582385098396845,True
3253,8326.0,3973.5,4,9.26208392939433,9.26208392939433,9.26208392939433,1.4181641695456697,6.531037892715607,2.1224462591915147e-07,25.582973865724945,True
3528,8486.6,4031.8,5,9.262029312072501,9.262029312072501,9.262029312072501,1.5336506991674548,6.039203918532696,2.122433743397954e-07,25.582980268191065,True
2324,9389.2,3687.4,5,9.260378024993638,9.260378024993638,9.260378024993638,1.1285097382895564,8.205846800249395,2.1220553438811607e-07,25.58317385665266,True
1616,7976.5,2766.0,4,9.259572904919231,9.259572904919231,9.259572904919231,1.5395439834586466,6.014490657238148,2.1218708471628032e-07,25.583268257336318,True
3500,8616.8,4025.6,5,9.259524963317618,9.259524963317618,9.259524963317618,1.52380849493013,6.076567360088243,2.1218598611391632e-07,25.58327387876917,True
4348,8535.2,4194.2,5,9.259095333038072,9.259095333038072,9.259095333038072,1.3537339037206153,6.839671598377115,2.1217614095178423e-07,25.58332425672841,True
3620,8916.2,4050.4,5,9.258823059020738,9.258823059020738,9.258823059020738,1.334932823603968,6.935796989412807,2.1216990167589374e-07,25.58335618448098,True
4569,8729.666666666666,4251.5,6,9.258612992785336,9.258612992785336,9.258612992785336,1.4516527165249562,6.377980688762184,2.1216508791800824e-07,25.583380818184757,True
3876,8724.4,4102.2,5,9.256693981109363,9.256693981109363,9.256693981109363,1.355190597263917,6.830547673366615,2.1212111294235412e-07,25.5836058795855,True
1471,9365.0,2651.6,5,9.256257675109605,9.256257675109605,9.256257675109605,1.2241371750891819,7.561454601225766,2.1211111480323007e-07,25.583657055997474,True
4205,7988.333333333333,4165.333333333334,6,9.255437734148861,9.255437734148861,9.255437734148861,1.4030972737630507,6.596433410013083,2.1209232550442697e-07,25.58375323731072,True
2002,8998.0,3437.0,4,9.253889959667767,9.253889959667767,9.253889959667767,1.830318828935684,5.055889615170943,2.120568575883239e-07,25.583934818708233,True
2460,7909.5,3745.5,4,9.252919119213665,9.252919119213665,9.252919119213665,1.3003250691515402,7.115850750498241,2.1203461036290695e-07,25.584048731012242,True
1795,9470.833333333334,3055.833333333333,6,9.251218202135922,9.251218202135922,9.251218202135922,1.2359579644772547,7.485058932444115,2.1199563311851606e-07,25.584248334725267,True
3832,8685.6,4093.0,5,9.24956192773412,9.24956192773412,9.24956192773412,1.3987679159760924,6.612649476792984,2.119576788801924e-07,25.58444273486139,True
3213,7789.2,3961.4,5,9.248980663238267,9.248980663238267,9.248980663238267,1.2360786347109833,7.482518023945006,2.1194435895495496e-07,25.584510967253735,True
4452,8681.8,4220.2,5,9.248466155944566,9.248466155944566,9.248466155944566,1.3356218095502412,6.924464762265978,2.1193256879963822e-07,25.584571366853957,True
2338,7635.833333333333,3697.0,6,9.24721706154144,9.24721706154144,9.24721706154144,1.3165233145559052,7.023967566165546,2.1190394526563115e-07,25.584718015885812,True
3053,7929.6,3927.8,5,9.24585737985204,9.24585737985204,9.24585737985204,1.3523421226722274,6.8369218297972045,2.1187278757652625e-07,25.58487767085768,True
2361,9125.6,3709.2,5,9.245777271209462,9.245777271209462,9.245777271209462,1.354407413136407,6.8264372902382275,2.1187095185262152e-07,25.5848870780145,True
3184,8713.8,3955.8,5,9.244891307769523,9.244891307769523,9.244891307769523,1.5484823457583097,5.970291707292402,2.1185064962038938e-07,25.584991122125125,True
2196,7986.0,3616.25,4,9.242887419079388,9.242887419079388,9.242887419079388,1.512381907040771,6.111477118345491,2.1180472965155045e-07,25.58522648782718,True
699,8866.4,2347.2,5,9.241354129729972,9.241354129729972,9.241354129729972,1.4099322479665601,6.55446681431543,2.1176959366845276e-07,25.585406613991232,True
837,8817.0,2390.75,4,9.239663999889935,9.239663999889935,9.239663999889935,1.356645961874982,6.810667085994976,2.1173086361824073e-07,25.585605199929553,True
2844,8625.5,3873.5,4,9.237764280651653,9.237764280651653,9.237764280651653,1.6179000521089526,5.7097249416675115,2.1168733073707122e-07,25.585828455453196,True
3930,8770.4,4113.8,5,9.237293861327869,9.237293861327869,9.237293861327869,1.3361549222334923,6.913340442504209,2.1167655087649525e-07,25.58588374635268,True
4148,8769.333333333334,4153.333333333334,6,9.236265542528988,9.236265542528988,9.236265542528988,1.4521753299687767,6.360296413193837,2.1165298651015418e-07,25.58600461996742,True
4661,8757.8,4277.6,5,9.232805393157701,9.232805393157701,9.232805393157701,1.3212738138899784,6.987806233724776,2.115736957031898e-07,25.58641144167527,True
1995,7544.4,3426.8,5,9.231495998321275,9.231495998321275,9.231495998321275,1.1338918301041117,8.141425622119225,2.1154369035888973e-07,25.58656543151247,True
4468,8244.5,4224.5,4,9.230511110638222,9.230511110638222,9.230511110638222,1.1911625302412094,7.749161744341514,2.1152112123519624e-07,25.586681272461917,True
3968,9058.4,4119.8,5,9.228312156615953,9.228312156615953,9.228312156615953,1.1845147953042099,7.790795178920425,2.1147073126060438e-07,25.58693995460772,True
1084,8652.0,2458.25,4,9.224280279491985,9.224280279491985,9.224280279491985,1.6862087521062874,5.470426047765258,2.1137833906696287e-07,25.5874144196512,True
3421,8841.2,4007.8,5,9.223389289794667,9.223389289794667,9.223389289794667,1.3780407468444296,6.693117972683517,2.1135792165588708e-07,25.587519297914504,True
4823,8470.8,4343.8,5,9.222566745696763,9.222566745696763,9.222566745696763,1.328086397265041,6.944252094358476,2.1133907270507942e-07,25.587616128450797,True
2096,8949.5,3550.5,4,9.22222225031718,9.22222225031718,9.22222225031718,1.638687794463459,5.627809202873041,2.113311784456959e-07,25.587656685282987,True
1006,7901.5,2434.5,4,9.220489900921429,9.220489900921429,9.220489900921429,1.1941772508068065,7.721207127913305,2.1129148091625592e-07,25.587860654682753,True
4068,7883.8,4138.6,5,9.217617652831773,9.217617652831773,9.217617652831773,1.222584355666163,7.53945329834461,2.1122566211932178e-07,25.58819892191068,True
3792,8232.8,4084.4,5,9.215208194671376,9.215208194671376,9.215208194671376,1.3867800770026,6.645039359513455,2.1117044835211563e-07,25.588482767263002,True
3595,8292.5,4045.5,4,9.214178007458294,9.214178007458294,9.214178007458294,1.3077599445924897,7.045771699583228,2.1114684117026173e-07,25.588604150747383,True
274,8043.8,2045.4,5,9.213873527465562,9.213873527465562,9.213873527465562,1.128123655890471,8.167432248544332,2.1113986388063125e-07,25.588640029196185,True
1409,8059.0,2614.5,4,9.212183874462688,9.212183874462688,9.212183874462688,1.5762472482388812,5.844377450780854,2.1110114475734735e-07,25.588839151276815,True
2773,7815.2,3853.6,5,9.20778956216405,9.20778956216405,9.20778956216405,1.333859343923201,6.903118836414737,2.110004472062232e-07,25.589357182865143,True
4368,8285.5,4198.5,4,9.205000799511515,9.205000799511515,9.205000799511515,1.20053819508327,7.667395204259245,2.1093654151388907e-07,25.589686069529467,True
2289,9207.0,3670.0,5,9.203465125976306,9.203465125976306,9.203465125976306,1.332484262117252,6.906997243894238,2.1090135089615132e-07,25.589867218395046,True
719,8834.4,2353.2,5,9.200913093505607,9.200913093505607,9.200913093505607,1.4414219349677848,6.383219840283091,2.1084286997747187e-07,25.59016832436384,True
766,9002.8,2366.4,5,9.199718139587148,9.199718139587148,9.199718139587148,1.3416508728913124,6.85701349395121,2.108154870958928e-07,25.590309341779786,True
4975,8839.4,4150.8,5,9.197366855560045,9.197366855560045,9.197366855560045,1.3188014464627185,6.974034552531898,2.1076160641390304e-07,25.590586872074446,True
2259,7581.8,3651.6,5,9.197167537627916,9.197167537627916,9.197167537627916,1.1409351818990756,8.061078038034832,2.107570389579972e-07,25.590610401530594,True
4652,8284.833333333334,4277.333333333334,6,9.196132543108822,9.196132543108822,9.196132543108822,1.4531738370118479,6.3283086365075025,2.107333216146641e-07,25.590732590699186,True
1450,7933.5,2643.5,4,9.189921301220501,9.189921301220501,9.189921301220501,1.3746259105207015,6.6853979914720245,2.1059098834267805e-07,25.591466165234355,True
454,8034.166666666667,2122.6666666666665,6,9.188460233233334,9.188460233233334,9.188460233233334,1.3163942992607836,6.980021288752983,2.1055750734307337e-07,25.591638795714537,True
4237,8672.8,4171.4,5,9.184650562225084,9.184650562225084,9.184650562225084,1.3511401018004219,6.797704064875544,2.104702070978818e-07,25.592089051291524,True
3423,8537.4,4008.6,5,9.183906219421134,9.183906219421134,9.183906219421134,1.5660112048931,5.864521397245079,2.1045315016326703e-07,25.592177045132416,True
1164,9345.142857142857,2491.714285714286,7,9.180714709386848,9.180714709386848,9.180714709386848,1.3251235789238334,6.928195117351048,2.103800153419344e-07,25.592554416169957,True
1381,8089.25,2603.0,4,9.177519720409954,9.177519720409954,9.177519720409954,1.6197919291695098,5.665863346482655,2.103068007991397e-07,25.59293232998888,True
1844,9111.5,3123.5,4,9.17595760187968,9.17595760187968,9.17595760187968,1.5359423612342713,5.974154911975963,2.102710041829973e-07,25.593117150403973,True
1345,7987.4,2584.2,5,9.175064227996574,9.175064227996574,9.175064227996574,1.5574023303737528,5.891261396658305,2.102505321372815e-07,25.593222863140742,True
1152,9228.5,2486.5,4,9.172258776043497,9.172258776043497,9.172258776043497,1.1350099169511076,8.081214656416616,2.1018624400246715e-07,25.593554898585825,True
832,9301.0,2387.5,6,9.167944314501645,9.167944314501645,9.167944314501645,1.2405992721765742,7.389932043420362,2.1008737626568417e-07,25.594065729045372,True
3966,8966.8,4119.6,5,9.16599859994481,9.16599859994481,9.16599859994481,1.2746531434223596,7.190974773995935,2.1004278938206178e-07,25.594296179500713,True
4973,8628.8,4148.8,5,9.165335796294908,9.165335796294908,9.165335796294908,1.3859687182735798,6.612945642605578,2.100276009521357e-07,25.59437469314343,True
3811,9087.0,4088.5,6,9.164406182787777,9.164406182787777,9.164406182787777,1.3028830099033233,7.033944040353858,2.1000629845989157e-07,25.594484821812248,True
2647,7941.4,3818.2,5,9.164218089996085,9.164218089996085,9.164218089996085,1.4178011555403724,6.463683609076541,2.100019882328935e-07,25.594507105989255,True
2514,8730.75,3769.25,4,9.161552351330364,9.161552351330364,9.161552351330364,1.7012977030975367,5.385037747743979,2.0994090168798446e-07,25.59482297691119,True
3965,8897.8,4119.4,5,9.160848281799058,9.160848281799058,9.160848281799058,1.3208407631390622,6.935618991669911,2.099247676326863e-07,25.594906419446527,True
1184,9369.2,2500.4,5,9.160110614715318,9.160110614715318,9.160110614715318,1.1028641946529825,8.30574667227959,2.099078636750635e-07,25.594993850662856,True
4051,8556.4,4133.4,5,9.159937522826894,9.159937522826894,9.159937522826894,1.4038091961200874,6.525058781594787,2.0990389720019798e-07,25.59501436721703,True
3021,8687.5,3917.5,4,9.158563059185589,9.158563059185589,9.158563059185589,1.4759330007335176,6.20527019494375,2.098724007763249e-07,25.595177295938583,True
2855,8805.0,3876.8,5,9.157668254791007,9.157668254791007,9.157668254791007,1.5802980035868095,5.794899591093456,2.098518959498251e-07,25.595283379063595,True
2530,7899.5,3776.5,4,9.157394808147991,9.157394808147991,9.157394808147991,1.2729348963084601,7.193922355891603,2.0984562980271413e-07,25.595315799472896,True
4268,7984.8,4177.6,5,9.15671362680028,9.15671362680028,9.15671362680028,1.2731815196458967,7.191993824530997,2.0983002023996019e-07,25.5953965659764,True
4029,7856.0,4132.0,5,9.155525825439195,9.155525825439195,9.155525825439195,1.2002023823494465,7.628318323712096,2.0980280126230123e-07,25.595537415919626,True
1979,7552.8,3408.4,5,9.152993820129137,9.152993820129137,9.152993820129137,1.1424215109894418,8.011923560684536,2.0974477927459789e-07,25.595837723088803,True
2191,8904.5,3613.0,4,9.15152255854472,9.15152255854472,9.15152255854472,1.6617991423575753,5.506996799602123,2.0971106468433998e-07,25.596012259464338,True
4526,8351.2,4241.4,5,9.147139690337877,9.147139690337877,9.147139690337877,1.3372038093099161,6.8404977810064675,2.096106293794879e-07,25.596532367297264,True
2363,7585.5,3710.5,6,9.142394902727963,9.142394902727963,9.142394902727963,1.238548561929874,7.381539314439575,2.095019005362806e-07,25.597095704519578,True
216,8912.8,2021.6,5,9.141975543914537,9.141975543914537,9.141975543914537,1.1384537727408919,8.030168429153441,2.0949229074920027e-07,25.59714550804417,True
3360,9000.8,3994.6,5,9.139056346832017,9.139056346832017,9.139056346832017,1.3282821029465697,6.880357965042639,2.0942539609595736e-07,25.597492258490995,True
1406,9133.2,2611.6,5,9.13891901773046,9.13891901773046,9.13891901773046,1.4049923929522503,6.504603913567989,2.094222491406922e-07,25.597508573555935,True
405,8363.4,2098.6,5,9.13206305306981,9.13206305306981,9.13206305306981,1.3276298681555627,6.878470628080037,2.0926514176984487e-07,25.598323392307453,True
2000,9377.2,3431.4,5,9.127210281310777,9.127210281310777,9.127210281310777,1.2241084171039622,7.456210703055408,2.0915393842354412e-07,25.598900505100474,True
1992,7574.666666666667,3426.5,6,9.122358682177426,9.122358682177426,9.122358682177426,1.2749759139245158,7.1549262872722075,2.0904276194846383e-07,25.599477785250457,True
4420,8436.5,4210.5,4,9.122339647625527,9.122339647625527,9.122339647625527,1.2062385726805591,7.562633009947146,2.090423257635428e-07,25.599480050730733,True
2382,9027.2,3718.8,5,9.121313713012443,9.121313713012443,9.121313713012443,1.4977909672249963,6.089844252373736,2.0901881603184187e-07,25.599602163811078,True
446,8727.6,2118.0,5,9.120015285430652,9.120015285430652,9.120015285430652,1.3208827325722168,6.904485205640337,2.0898906200688583e-07,25.59975673038211,True
54,8325.2,1947.4,5,9.117216251311998,9.117216251311998,9.117216251311998,1.1877129549297327,7.676279199843694,2.0892492093949996e-07,25.600090006043906,True
4464,8731.8,4223.2,5,9.115687511382799,9.115687511382799,9.115687511382799,1.326726414850511,6.870811803660297,2.0888988920831786e-07,25.600272073400184,True
2694,9176.0,3831.6,5,9.115367076812486,9.115367076812486,9.115367076812486,1.2990568209294067,7.016911754707482,2.0888254631269891e-07,25.60031023986089,True
3897,9113.333333333334,4107.5,6,9.113619210741879,9.113619210741879,9.113619210741879,1.2639595930244396,7.210372278542974,2.0884249321199924e-07,25.60051844907777,True
2626,8684.5,3809.5,4,9.112406652783001,9.112406652783001,9.112406652783001,1.6596420171372905,5.490585655634914,2.0881470692628328e-07,25.600662914809153,True
3096,8927.75,3936.0,4,9.111125868176067,9.111125868176067,9.111125868176067,1.249058642470746,7.2943940007119865,2.0878535719766347e-07,25.60081553003004,True
2827,8619.0,3868.75,4,9.110200804089153,9.110200804089153,9.110200804089153,1.6335483681722716,5.576939735357995,2.0876415895733495e-07,25.60092577179123,True
4394,8500.2,4204.8,5,9.105718276916246,9.105718276916246,9.105718276916246,1.3504352801005903,6.742802421629555,2.0866143992452995e-07,25.601460122225816,True
3000,8716.75,3913.0,4,9.105014246319378,9.105014246319378,9.105014246319378,1.4481601722575315,6.287297787043546,2.0864530676143113e-07,25.60154407178772,True
2305,9102.2,3678.6,5,9.102648876128898,9.102648876128898,9.102648876128898,1.4010535414944443,6.497002867156303,2.0859110328896576e-07,25.601826169281576,True
4013,8701.8,4127.6,5,9.092786930022935,9.092786930022935,9.092786930022935,1.3548354283802084,6.711358988370963,2.083651125639787e-07,25.603003109817564,True
1473,9035.5,2653.5,4,9.092190187786663,9.092190187786663,9.092190187786663,1.3872615884818942,6.55405603620613,2.0835143795968087e-07,25.603074366948864,True
456,8320.2,2122.8,5,9.089939735351305,9.089939735351305,9.089939735351305,1.3254290340498156,6.858111224240515,2.0829986787686444e-07,25.603343136087457,True
1116,8197.5,2473.5,4,9.089466970776165,9.089466970776165,9.089466970776165,1.5221144359757268,5.9716055218604565,2.0828903427384777e-07,25.603399606314895,True
1649,9335.4,2793.4,5,9.08905758660863,9.08905758660863,9.08905758660863,1.3067703337750494,6.955359600452365,2.0827965306005635e-07,25.603448508326828,True
3252,7973.2,3973.8,5,9.08874716561864,9.08874716561864,9.08874716561864,1.3514112592486514,6.725374754293331,2.082725396299255e-07,25.603485590396104,True
1158,8942.5,2488.5,4,9.08531801066264,9.08531801066264,9.08531801066264,1.3704734091235204,6.629328194315795,2.081939590732815e-07,25.60389531245834,True
1282,8187.0,2542.5,4,9.084323805187786,9.084323805187786,9.084323805187786,1.6551514152286475,5.4885152630781215,2.0817117642839233e-07,25.604014130967926,True
3664,9096.833333333334,4060.1666666666665,6,9.083321931383969,9.083321931383969,9.083321931383969,1.3214414835936685,6.873798078959816,2.0814821806045588e-07,25.604133879082596,True
3861,8585.6,4099.2,5,9.078480861602529,9.078480861602529,9.078480861602529,1.4432160230587376,6.290451821870496,2.0803728286999086e-07,25.604712689998657,True
2821,8918.8,3867.6,5,9.078070304809318,9.078070304809318,9.078070304809318,1.4877196191410444,6.102003487761133,2.0802787478497914e-07,25.604761791435436,True
2778,8128.5,3854.5,4,9.075709741924847,9.075709741924847,9.075709741924847,1.4006314847049923,6.479727066706926,2.0797378147399292e-07,25.6050441512079,True
26,8596.666666666666,1928.5,6,9.075441243670346,9.075441243670346,9.075441243670346,1.2954381236108445,7.005692574782251,2.0796762872132722e-07,25.60507627239692,True
3630,8647.4,4054.2,5,9.074307105956779,9.074307105956779,9.074307105956779,1.473204365941754,6.159571146910075,2.0794163946916844e-07,25.605211962915014,True
1315,9120.4,2566.8,5,9.072242401061759,9.072242401061759,9.072242401061759,1.3805699529759061,6.571374656898743,2.0789432587090939e-07,25.605459031909092,True
760,9020.4,2365.2,5,9.068846366821033,9.068846366821033,9.068846366821033,1.335967204174574,6.788225293617301,2.07816504289662e-07,25.605865534232958,True
1912,9437.8,3277.4,5,9.068722389159898,9.068722389159898,9.068722389159898,1.166597089142249,7.773654223522671,2.0781366328838082e-07,25.60588037713027,True
1714,7827.0,2883.75,4,9.06783000788554,9.06783000788554,9.06783000788554,1.3884332848273158,6.530979995206135,2.0779321398872024e-07,25.605987221103437,True
1810,7536.5,3085.0,6,9.063939454577328,9.063939454577328,9.063939454577328,1.2476704714621671,7.264690206184921,2.0770406029093316e-07,25.60645315628498,True
4373,8204.6,4200.2,5,9.060972831664781,9.060972831664781,9.060972831664781,1.3307718629033192,6.808810047949641,2.0763607885445334e-07,25.606808575376657,True
3856,8232.2,4098.8,5,9.059641502319081,9.059641502319081,9.059641502319081,1.3725602683669338,6.600541856787245,2.0760557087146515e-07,25.60696811439085,True
1821,9303.5,3095.5,4,9.051936548565472,9.051936548565472,9.051936548565472,1.1966105637671995,7.564647031084146,2.074290085514057e-07,25.607891893393145,True
4287,8470.0,4181.0,5,9.050317905364734,9.050317905364734,9.050317905364734,1.3562969905516606,6.672814264435996,2.0739191664819513e-07,25.60808605921208,True
774,9102.4,2370.2,5,9.047437332092027,9.047437332092027,9.047437332092027,1.318090987966641,6.864046120252364,2.0732590707612054e-07,25.60843168690767,True
314,8305.5,2065.5,4,9.047038477276406,9.047038477276406,9.047038477276406,1.147952414450517,7.881022212586131,2.0731676714694444e-07,25.608479552468232,True
1751,9327.5,2961.5,4,9.042010229443155,9.042010229443155,9.042010229443155,1.1846821507536374,7.632435606201264,2.0720154269113813e-07,25.609083160866682,True
1295,7995.5,2552.5,4,9.037765901897991,9.037765901897991,9.037765901897991,1.360417893834381,6.6433747621657355,2.0710428210497104e-07,25.6095929260465,True
4430,8747.0,4213.0,5,9.037234447417955,9.037234447417955,9.037234447417955,1.3245275288297471,6.822987254483548,2.0709210359761045e-07,25.609656773278495,True
1806,9351.2,3074.6,5,9.036980293212633,9.036980293212633,9.036980293212633,1.3072309607833614,6.913070883661751,2.070862795449841e-07,25.60968730787447,True
1980,9114.0,3410.75,4,9.036092680309856,9.036092680309856,9.036092680309856,1.464614969424073,6.169602843717415,2.070659395146036e-07,25.609793954205898,True
923,8065.2,2413.8,5,9.032422206817374,9.032422206817374,9.032422206817374,1.4260446544236127,6.3338985765969245,2.069818290401902e-07,25.610235071368997,True
1587,9406.166666666666,2740.1666666666665,6,9.030877473376156,9.030877473376156,9.030877473376156,1.2996865533972062,6.948504198778278,2.0694643081082028e-07,25.610420770887647,True
2171,7969.5,3601.5,4,9.029591482494915,9.029591482494915,9.029591482494915,1.4957519130842514,6.036824291185984,2.0691696177819166e-07,25.610575390002413,True
3189,8206.8,3956.6,5,9.029097698150382,9.029097698150382,9.029097698150382,1.4819959195844357,6.092525342905275,2.0690564649814354e-07,25.61063476524665,True
403,8023.666666666667,2097.8333333333335,6,9.027018907091977,9.027018907091977,9.027018907091977,1.2759731189391266,7.074615266658006,2.068580101094087e-07,25.610884765706167,True
2079,7846.5,3534.5,4,9.026955526684368,9.026955526684368,9.026955526684368,1.3778934136420484,6.551272716243208,2.0685655772018335e-07,25.610892388892236,True
4304,7927.4,4186.0,5,9.02472367089818,9.02472367089818,9.02472367089818,1.2386252006292793,7.286081105336142,2.068054137875591e-07,25.611160863267024,True
384,8645.5,2091.5,4,9.02459518275126,9.02459518275126,9.02459518275126,1.1893477513770085,7.587852394140167,2.068024694265615e-07,25.6111763213831,True
4201,8339.6,4163.8,5,9.024037025390369,9.024037025390369,9.024037025390369,1.3589807690213098,6.640297810755014,2.067896790112328e-07,25.611243474577634,True
2412,9003.5,3727.5,4,9.010394495342815,9.010394495342815,9.010394495342815,1.3665988165833334,6.593298915529519,2.0647705458366265e-07,25.612886131470425,True
2645,8729.5,3816.5,4,9.007665556286419,9.007665556286419,9.007665556286419,1.5921894954132698,5.657407979537249,2.0641451977469346e-07,25.61321501348639,True
3725,8193.2,4071.0,5,9.001521728454335,9.001521728454335,9.001521728454335,1.3776091631752483,6.534162205851439,2.0627373132472124e-07,25.61395581055473,True
1372,9292.4,2597.2,5,8.999165199218492,8.999165199218492,8.999165199218492,1.2921178723170932,6.96466273860969,2.0621973044652343e-07,25.614240085164226,True
2389,9188.2,3718.4,5,8.998123310027818,8.998123310027818,8.998123310027818,1.3252508180487073,6.789751183309293,2.061958551088338e-07,25.614365794858372,True
276,8430.8,2048.2,5,8.995926044402818,8.995926044402818,8.995926044402818,1.3224434928276307,6.802503164175167,2.0614550382458956e-07,25.614630954834915,True
2981,8564.5,3909.0,4,8.995844763134563,8.995844763134563,8.995844763134563,1.5955293745315178,5.638156781523336,2.0614364122946447e-07,25.614640764877148,True
539,8242.4,2159.8,5,8.994928501067857,8.994928501067857,8.994928501067857,1.3251801651401436,6.787702334887124,2.0612264469120435e-07,25.614751356999577,True
1034,9077.6,2440.8,5,8.993358276305898,8.993358276305898,8.993358276305898,1.341580960009705,6.703552408973395,2.0608666231728594e-07,25.614940908111265,True
4824,8658.4,4343.6,5,8.992581508575181,8.992581508575181,8.992581508575181,1.317692124148161,6.82449363077779,2.060688623515667e-07,25.615034688570727,True
1494,8008.5,2663.5,4,8.990744512890423,8.990744512890423,8.990744512890423,1.5162643939762412,5.929536134073,2.0602676680752944e-07,25.61525650434913,True
2350,9359.6,3701.8,5,8.990590236602525,8.990590236602525,8.990590236602525,1.1599766603530122,7.75066477101914,2.0602323150022034e-07,25.61527513515198,True
3031,7850.5,3921.5,4,8.990557592724404,8.990557592724404,8.990557592724404,1.1891656712556669,7.560391129716241,2.0602248345175165e-07,25.615279077351957,True
2401,7798.4,3724.4,5,8.98813738626073,8.98813738626073,8.98813738626073,1.3570603888338821,6.6232405427323755,2.0596702338256578e-07,25.615571390648284,True
444,7957.5,2117.5,6,8.986494901202084,8.986494901202084,8.986494901202084,1.2307449383395825,7.301671224686007,2.0592938513295504e-07,25.615769815347097,True
1746,7543.4,2949.2,5,8.985417507110338,8.985417507110338,8.985417507110338,1.1305396138321147,7.94790151284754,2.0590469618522866e-07,25.61589999245313,True
3730,9068.5,4070.5,4,8.983304899548134,8.983304899548134,8.983304899548134,1.0944533904448077,8.208028754789767,2.0585628487680476e-07,25.616155295470826,True
4476,8424.6,4227.2,5,8.980359695373277,8.980359695373277,8.980359695373277,1.344427790027615,6.679689130190337,2.0578879425988602e-07,25.616511315793385,True
1516,8954.0,2680.25,4,8.979300421093548,8.979300421093548,8.979300421093548,1.5683756330332197,5.725223111078108,2.0576452053542392e-07,25.616639390871654,True
607,8475.2,2179.2,5,8.976142070708974,8.976142070708974,8.976142070708974,1.3558858401487675,6.620131138565555,2.056921455816872e-07,25.617021351427272,True
2648,8258.0,3817.25,4,8.973613661144817,8.973613661144817,8.973613661144817,1.6003245373763106,5.607371162262385,2.0563420599204348e-07,25.61732722587631,True
977,9331.6,2427.8,5,8.971038005767564,8.971038005767564,8.971038005767564,1.1080922868260563,8.095930377300604,2.0557518374432805e-07,25.617638904516294,True
2158,8956.5,3591.5,4,8.970740240429485,8.970740240429485,8.970740240429485,1.5558832979701072,5.765689658172446,2.0556836032388897e-07,25.61767494270645,True
2223,7856.5,3631.5,4,8.970612924908245,8.970612924908245,8.970612924908245,1.327839228815725,6.755797486800391,2.0556544283411182e-07,25.617690351919965,True
1095,8849.0,2463.5,4,8.970228117321575,8.970228117321575,8.970228117321575,1.4710489593546274,6.097844711611065,2.0555662480321226e-07,25.617736927164433,True
3939,8238.5,4115.5,4,8.970129888866985,8.970129888866985,8.970129888866985,1.216659314792554,7.37275404856982,2.0555437385604336e-07,25.617748816580406,True
2876,9188.2,3883.4,5,8.966714046416978,8.966714046416978,8.966714046416978,1.264179640354238,7.092911292183443,2.0547609836118418e-07,25.61816234572477,True
3480,8397.75,4021.0,4,8.965673845623577,8.965673845623577,8.965673845623577,1.3884102808562424,6.45751041262413,2.0545226171384226e-07,25.61828830593371,True
1678,7953.5,2828.5,4,8.965199392651165,8.965199392651165,8.965199392651165,1.6225915769054542,5.525234766563535,2.054413894204779e-07,25.618345763343942,True
2957,8630.5,3901.5,4,8.964651029919231,8.964651029919231,8.964651029919231,1.5635103168699813,5.733669252573736,2.0542882345327285e-07,25.618412175194297,True
3709,8230.6,4068.2,5,8.962629459319814,8.962629459319814,8.962629459319814,1.4011470900684515,6.396637100307545,2.053824982958986e-07,25.61865704138032,True
1060,8234.5,2447.5,4,8.961648863171185,8.961648863171185,8.961648863171185,1.4962663644223766,5.989340585511837,2.0536002751455716e-07,25.618775837654596,True
2281,7911.5,3666.5,4,8.959499758099163,8.959499758099163,8.959499758099163,1.3623101927654266,6.576695825722182,2.0531077985004134e-07,25.619036240739803,True
1404,8015.75,2612.25,4,8.957652014111126,8.957652014111126,8.957652014111126,1.4870311733389547,6.02384951621274,2.052684380040243e-07,25.61926017840328,True
703,9061.2,2348.8,5,8.956149719176988,8.956149719176988,8.956149719176988,1.3217331411508781,6.776065031840363,2.0523401227124678e-07,25.619442283355465,True
1569,9268.8,2722.6,5,8.951762340484363,8.951762340484363,8.951762340484363,1.3405026476556305,6.677914703219619,2.0513347360667836e-07,25.61997428685984,True
409,8942.333333333334,2100.1666666666665,6,8.951013925097348,8.951013925097348,8.951013925097348,1.326616135904454,6.747252413747228,2.0511632334707586e-07,25.620065064029845,True
3913,8535.6,4111.0,5,8.95076050561498,8.95076050561498,8.95076050561498,1.4247396500665697,6.282383244683872,2.0511051613094116e-07,25.620095803631454,True
2861,9080.0,3877.25,4,8.950561445568644,8.950561445568644,8.950561445568644,1.1966365764590408,7.479765888532498,2.0510595458459888e-07,25.62011995008274,True
3137,8101.4,3945.2,5,8.948893211303458,8.948893211303458,8.948893211303458,1.4417916119929612,6.206786845523101,2.0506772628087597e-07,25.62032233192953,True
3707,7998.4,4067.8,5,8.946354053436021,8.946354053436021,8.946354053436021,1.3315639641417067,6.718681410999749,2.0500954038925246e-07,25.6206304423014,True
565,8032.8,2166.6,5,8.944183967529039,8.944183967529039,8.944183967529039,1.2482317247148842,7.1654836120849525,2.0495981193990445e-07,25.62089383749337,True
1155,8014.6,2487.8,5,8.942623756347404,8.942623756347404,8.942623756347404,1.4487743759015541,6.1725441208073,2.0492405903147417e-07,25.621083248348278,True
2348,7870.5,3701.5,4,8.942241590832317,8.942241590832317,8.942241590832317,1.2993667452060162,6.881999730887767,2.049153015447782e-07,25.621129648578634,True
2535,8741.75,3779.5,4,8.940084379528606,8.940084379528606,8.940084379528606,1.6573000522647405,5.394366799971897,2.048658681224863e-07,25.621391601350215,True
145,8131.5,1997.6666666666667,6,8.938036324999691,8.938036324999691,8.938036324999691,1.2380491115268273,7.21945215402387,2.048189360745082e-07,25.62164035758112,True
4473,8532.5,4225.5,4,8.9365238364683,8.9365238364683,8.9365238364683,1.2036965235005959,7.424233319607055,2.047842767510774e-07,25.6218241006827,True
3958,8262.6,4119.2,5,8.9335266570432,8.9335266570432,8.9335266570432,1.3698253681518495,6.521653682831263,2.0471559509900622e-07,25.622188301807448,True
2365,9347.0,3711.166666666667,6,8.932994248888852,8.932994248888852,8.932994248888852,1.2827070755983714,6.964173207450103,2.047033947377897e-07,25.62225300996323,True
2049,9182.5,3499.5,4,8.932829302166546,8.932829302166546,8.932829302166546,1.2782928188590068,6.9880931586081445,2.046996149128994e-07,25.6222730581438,True
2692,8600.25,3831.25,4,8.929346006725872,8.929346006725872,8.929346006725872,1.7613846136750906,5.069503808197227,2.046197937038273e-07,25.62269651608824,True
290,8511.4,2053.4,5,8.927468440948228,8.927468440948228,8.927468440948228,1.3255669053688461,6.734830512733804,2.045767684787103e-07,25.62292483689597,True
3988,8816.4,4123.2,5,8.927139423309068,8.927139423309068,8.927139423309068,1.3264070028489054,6.730316866644274,2.0456922889838727e-07,25.622964851929133,True
533,9046.0,2156.5,6,8.925021054766537,8.925021054766537,8.925021054766537,1.2947310069359064,6.89334001190593,2.045206855746282e-07,25.623222522639104,True
686,8475.5,2340.5,4,8.922809046124065,8.922809046124065,8.922809046124065,1.5126753998555413,5.898693828812304,2.04469996447815e-07,25.623491648674825,True
776,9173.5,2370.0,6,8.922770383379818,8.922770383379818,8.922770383379818,1.3841935947796886,6.446186730693539,2.0446911047444743e-07,25.62349635320587,True
4534,8675.2,4242.6,5,8.915013931213121,8.915013931213121,8.915013931213121,1.3312952649114265,6.696496386777319,2.0429136804616345e-07,25.62444058050676,True
4656,8848.6,4276.8,5,8.913353584228258,8.913353584228258,8.913353584228258,1.2636708813173534,7.053540376697018,2.0425332048285216e-07,25.624642808651046,True
2936,8852.5,3896.5,4,8.91240779719218,8.91240779719218,8.91240779719218,1.3560142586217105,6.572503010588541,2.042316473672551e-07,25.62475802114672,True
3415,8022.4,4008.8,5,8.909564636169177,8.909564636169177,8.909564636169177,1.3544643856232028,6.577924625216186,2.0416649511292926e-07,25.62510443879453,True
693,8224.6,2346.2,5,8.90626110833715,8.90626110833715,8.90626110833715,1.4554400976327149,6.119290737436227,2.0409079335571486e-07,25.62550708752529,True
1719,9226.5,2893.5,4,8.90558521113261,8.90558521113261,8.90558521113261,1.2535555141087171,7.10426072950149,2.040753048813682e-07,25.62558948730046,True
1575,7818.8,2730.6,5,8.903993270812736,8.903993270812736,8.903993270812736,1.4348090113961618,6.205699295231339,2.0403882488612597e-07,25.625783588159997,True
3610,8774.0,4049.0,5,8.90308394235204,8.90308394235204,8.90308394235204,1.3679402336882567,6.508386640801872,2.0401798723442153e-07,25.625894475625792,True
2140,9036.5,3582.5,4,8.90193645319804,8.90193645319804,8.90193645319804,1.4236627750153557,6.252840637138963,2.0399169202827855e-07,25.62603442160654,True
2860,9017.6,3878.2,5,8.899202011047109,8.899202011047109,8.899202011047109,1.357580451559595,6.555193101685917,2.0392903111353773e-07,25.626367982616966,True
2847,7849.2,3874.6,5,8.898607871947986,8.898607871947986,8.898607871947986,1.342499824459878,6.628386618618832,2.0391541616124422e-07,25.62644047224744,True
4670,8524.0,4280.75,4,8.898022096966347,8.898022096966347,8.898022096966347,1.1947228036981816,7.447771206361121,2.0390199287629036e-07,25.626511946128367,True
608,8961.4,2180.2,5,8.897464416442613,8.897464416442613,8.897464416442613,1.2833842664241215,6.932814005296725,2.0388921338788964e-07,25.62657999641011,True
2227,7621.0,3635.5,6,8.896587255022885,8.896587255022885,8.896587255022885,1.3139480364198197,6.77088211133818,2.03869112857726e-07,25.62668703958714,True
1822,7552.4,3097.2,5,8.895405433593492,8.895405433593492,8.895405433593492,1.153080583862808,7.7144698801483385,2.0384203091276666e-07,25.626831278216034,True
434,8428.4,2111.8,5,8.894904277740222,8.894904277740222,8.894904277740222,1.3395497124055749,6.640219616610329,2.0383054671143408e-07,25.626892448939095,True
4584,8160.6,4256.2,5,8.89297785562108,8.89297785562108,8.89297785562108,1.3199707869290576,6.737253539005055,2.0378640192229627e-07,25.627127618728608,True
781,8223.4,2372.2,5,8.890835903106437,8.890835903106437,8.890835903106437,1.4937366519815607,5.952077222790265,2.0373731816170064e-07,25.62738915941238,True
1675,9416.6,2825.8,5,8.888924262939195,8.888924262939195,8.888924262939195,1.1864301768471466,7.492159620013102,2.0369351210733088e-07,25.627622631284737,True
4593,8923.0,4257.0,5,8.887180946288805,8.887180946288805,8.887180946288805,1.208874190238066,7.351617743231523,2.036535632585468e-07,25.62783558929635,True
1488,9059.75,2662.0,4,8.885440748547161,8.885440748547161,8.885440748547161,1.3658993135244741,6.505194534156234,2.0361368588089445e-07,25.62804820797805,True
2722,9230.6,3838.8,5,8.883326671539049,8.883326671539049,8.883326671539049,1.2160275907098517,7.305201575527936,2.0356524089948727e-07,25.628306563541372,True
2656,8195.25,3820.75,4,8.880686682079876,8.880686682079876,8.880686682079876,1.5218308491723187,5.835528098875005,2.035047444086906e-07,25.628629275768624,True
3228,9027.0,3965.25,4,8.879332941387734,8.879332941387734,8.879332941387734,1.1868702628562182,7.481300373993285,2.0347372286008603e-07,25.628794794198818,True
3951,8686.6,4116.6,5,8.87651457589696,8.87651457589696,8.87651457589696,1.3738962078641603,6.460833449490529,2.034091388060165e-07,25.629139469548647,True
3262,8805.6,3975.8,5,8.872207305846915,8.872207305846915,8.872207305846915,1.4427825463389088,6.149372494393094,2.0331043586535287e-07,25.629666443734166,True
836,8189.0,2391.5,4,8.871835153912151,8.871835153912151,8.871835153912151,1.3421533412327518,6.610150182812552,2.0330190784414497e-07,25.62971198677547,True
1418,7936.5,2620.5,4,8.87087480387553,8.87087480387553,8.87087480387553,1.3642883195947892,6.50219948119932,2.0327990101114414e-07,25.629829520884687,True
1014,9323.333333333334,2435.8333333333335,6,8.870625379107357,8.870625379107357,8.870625379107357,1.2257958263236797,7.236625536335453,2.0327418533559862e-07,25.629860049250205,True
1431,8095.0,2629.5,4,8.86761371455058,8.86761371455058,8.86761371455058,1.6699850825624292,5.309995764120295,2.0320517175052205e-07,25.63022872995859,True
1619,7549.333333333333,2767.5,6,8.864355924151303,8.864355924151303,8.864355924151303,1.2091001941116888,7.331365892852111,2.031305180861968e-07,25.630627681806114,True
1252,9296.2,2526.4,5,8.862897537170152,8.862897537170152,8.862897537170152,1.203955782778528,7.361480931397722,2.030970985229949e-07,25.630806324657136,True
1090,8788.5,2462.5,4,8.862878721569622,8.862878721569622,8.862878721569622,1.536910735809043,5.76668411188118,2.030966673554384e-07,25.630808629637002,True
2719,8661.5,3838.5,4,8.862833898876751,8.862833898876751,8.862833898876751,1.6352500086903325,5.419864761826219,2.03095640224206e-07,25.630814120600498,True
966,8383.0,2425.5,4,8.862328451489056,8.862328451489056,8.862328451489056,1.7247416497710881,5.138351272879208,2.0308405768052132e-07,25.630876041898336,True
2910,7844.5,3892.5,4,8.860090654705607,8.860090654705607,8.860090654705607,1.1946338615504,7.416574182157326,2.0303277760739663e-07,25.631150232118646,True
4689,8795.4,4285.8,5,8.85828318399022,8.85828318399022,8.85828318399022,1.3108378272182661,6.757726241993196,2.0299135864069635e-07,25.631371746397487,True
2489,8921.25,3755.25,4,8.850170057629192,8.850170057629192,8.850170057629192,1.4520206367429982,6.095071814875064,2.0280544287026522e-07,25.632366606368606,True
438,8810.833333333334,2114.0,6,8.848955037615658,8.848955037615658,8.848955037615658,1.406558750804603,6.2912089754898135,2.027776001655108e-07,25.63251567489185,True
1415,7894.5,2618.5,4,8.843520086620892,8.843520086620892,8.843520086620892,1.3106012808587373,6.7476815533297865,2.026530559323159e-07,25.633182729468473,True
3247,8726.5,3971.5,4,8.842038076733196,8.842038076733196,8.842038076733196,1.3544327629435409,6.528222233429371,2.0261909504007823e-07,25.63336469395947,True
2108,7985.5,3560.5,4,8.838467520092571,8.838467520092571,8.838467520092571,1.5620157255511358,5.658372944340262,2.025372742031813e-07,25.6338032201823,True
3339,9114.5,3988.5,4,8.837965887402138,8.837965887402138,8.837965887402138,1.1257941254383617,7.8504281446315165,2.0252577907492058e-07,25.633864843560854,True
1201,8155.5,2509.5,4,8.835359495495403,8.835359495495403,8.835359495495403,1.561566687813082,5.658009718348312,2.0246605248644865e-07,25.63418508369859,True
287,8569.8,2052.4,5,8.834778926788072,8.834778926788072,8.834778926788072,1.3245098347452215,6.670225237313924,2.024527485055036e-07,25.63425642942889,True
3411,8116.4,4007.2,5,8.828748844085439,8.828748844085439,8.828748844085439,1.3985452218533172,6.312808986173362,2.023145665739601e-07,25.634997739935738,True
691,8909.2,2343.8,5,8.828467986999259,8.828467986999259,8.828467986999259,1.3733664588505006,6.42834105209518,2.0230813061336555e-07,25.635032279547477,True
3734,8881.6,4072.6,5,8.825413845000963,8.825413845000963,8.825413845000963,1.334566358158828,6.612944939790428,2.0223814363949725e-07,25.635407946792412,True
668,7952.8,2330.6,5,8.82522072595189,8.82522072595189,8.82522072595189,1.3226626909787005,6.672313951353458,2.0223371823365549e-07,25.635431705297247,True
4562,8833.4,4250.2,5,8.820668361602525,8.820668361602525,8.820668361602525,1.2866252049099052,6.855662649808096,2.021293988519975e-07,25.635991911345975,True
3747,8404.8,4076.4,5,8.819092891631827,8.819092891631827,8.819092891631827,1.469211243909397,6.002603729171897,2.020932962818711e-07,25.6361858532896,True
4445,8569.8,4216.6,5,8.818156383453111,8.818156383453111,8.818156383453111,1.347378181230488,6.544678031968696,2.0207183579527034e-07,25.636301154810916,True
3211,8696.0,3960.25,4,8.817466181133831,8.817466181133831,8.817466181133831,1.3950793188199666,6.320404913314979,2.0205601951308365e-07,25.63638613935221,True
4238,8944.0,4170.5,6,8.816284062884213,8.816284062884213,8.816284062884213,1.3735708036107621,6.418514458598336,2.0202893076636153e-07,25.636531708906737,True
727,8559.5,2355.5,4,8.815111082409466,8.815111082409466,8.815111082409466,1.539561047998352,5.72573013189075,2.0200205141566994e-07,25.636676172502533,True
2813,9229.6,3865.8,5,8.814562461791734,8.814562461791734,8.814562461791734,1.2058634268051964,7.309751888856067,2.019894795389012e-07,25.636743746898173,True
4234,8252.4,4170.6,5,8.811845920501451,8.811845920501451,8.811845920501451,1.3449330751141912,6.551884315695993,2.0192722883006014e-07,25.637078409205998,True
3130,8951.2,3941.4,5,8.80491843026708,8.80491843026708,8.80491843026708,1.3641293400444818,6.454606738375678,2.0176848242001236e-07,25.637932303507295,True
1672,9077.25,2821.25,4,8.801636617992962,8.801636617992962,8.801636617992962,1.5322667552679774,5.744193423065978,2.0169327828412167e-07,25.638337059853413,True
3784,8762.5,4081.5,4,8.799190920208536,8.799190920208536,8.799190920208536,1.2081189076199113,7.28338151543678,2.0163723407038708e-07,25.638638793694252,True
2762,9257.4,3848.8,5,8.797269008575181,8.797269008575181,8.797269008575181,1.173382527905471,7.497358107316132,2.0159319264096575e-07,25.63887596515481,True
1584,7814.25,2737.0,4,8.793632906292522,8.793632906292522,8.793632906292522,1.2816648258927887,6.861101848657669,2.0150986979756787e-07,25.639324816267486,True
1743,9370.0,2943.0,5,8.789681098876695,8.789681098876695,8.789681098876695,1.2707360953728666,6.916999627918476,2.0141931243563178e-07,25.639812849462658,True
2865,8553.5,3880.5,4,8.788584631298626,8.788584631298626,8.788584631298626,1.667967109380064,5.269039528342434,2.0139418641078533e-07,25.639948297926875,True
2120,7840.5,3567.5,4,8.786596697186077,8.786596697186077,8.786596697186077,1.3508369403037,6.504557607974982,2.01348632047935e-07,25.64019391383348,True
3613,8700.0,4050.0,5,8.785954616485343,8.785954616485343,8.785954616485343,1.4340159137302793,6.126818072493074,2.0133391849327754e-07,25.640273256923855,True
3463,8504.5,4017.0,4,8.785798471783245,8.785798471783245,8.785798471783245,1.3908582512485514,6.316818025054942,2.0133034037045564e-07,25.64029255288771,True
3389,8860.8,4001.4,5,8.785341403899892,8.785341403899892,8.785341403899892,1.374231362628675,6.392912898665768,2.0131986646386383e-07,25.64034903814167,True
971,8935.5,2426.5,4,8.785242956493938,8.785242956493938,8.785242956493938,1.3022681225236685,6.746109195600208,2.0131761049933052e-07,25.640361204830118,True
3757,8992.6,4077.2,5,8.782666347442369,8.782666347442369,8.782666347442369,1.2916800218062563,6.799413321544515,2.0125856639775908e-07,25.640679685271298,True
1712,9462.5,2880.5,4,8.780941885326943,8.780941885326943,8.780941885326943,1.0163664622341424,8.639543128986146,2.0121904960873078e-07,25.64089288872399,True
564,8006.5,2166.5,4,8.77733079752787,8.77733079752787,8.77733079752787,1.0939056244212317,8.023846483257474,2.0113629998295347e-07,25.64133948035497,True
2399,9095.8,3722.6,5,8.776488445220693,8.776488445220693,8.776488445220693,1.3846898102733463,6.338234296306521,2.011169971185342e-07,25.641443682453115,True
834,8593.0,2389.5,4,8.775820654247845,8.775820654247845,8.775820654247845,1.6079675113691823,5.457710178967014,2.0110169440196364e-07,25.64152629777542,True
400,8528.8,2095.6,5,8.77564158242772,8.77564158242772,8.77564158242772,1.3388474034239541,6.554624193903643,2.010975908943983e-07,25.641548452597142,True
4096,8081.4,4142.8,5,8.77545323175023,8.77545323175023,8.77545323175023,1.32311837045848,6.632402230731183,2.0109327475783657e-07,25.64157175588983,True
4502,8034.8,4232.8,5,8.774366043029527,8.774366043029527,8.774366043029527,1.2809511125695463,6.849883619233863,2.0106836136198654e-07,25.64170627581149,True
3223,7802.5,3965.5,4,8.771060865734658,8.771060865734658,8.771060865734658,1.1187103110652696,7.8403325498829,2.0099262180662366e-07,25.64211533404795,True
2078,7514.4,3534.8,5,8.76919569772313,8.76919569772313,8.76919569772313,1.0981967858238544,7.985085925328567,2.0094988068163486e-07,25.64234624064141,True
650,8456.4,2204.2,5,8.76884951394628,8.76884951394628,8.76884951394628,1.3713241922048294,6.3944394504173605,2.009419477319038e-07,25.64238910337275,True
4657,8330.0,4278.0,5,8.768491409240465,8.768491409240465,8.768491409240465,1.3287962734629488,6.598822998193002,2.0093374160897238e-07,25.642433443874076,True
4192,8230.8,4162.4,5,8.766972682891588,8.766972682891588,8.766972682891588,1.3433883186975357,6.526015271140283,2.0089893934327836e-07,25.642621512598982,True
4251,9002.5,4173.5,4,8.766926687573037,8.766926687573037,8.766926687573037,1.0651936672800835,8.230359376768478,2.0089788534082553e-07,25.642627208854165,True
4355,8798.4,4195.8,5,8.763895652709703,8.763895652709703,8.763895652709703,1.3166109833754818,6.6564047872676335,2.00828427876866e-07,25.64300265094786,True
2681,9069.2,3828.2,5,8.762522361694078,8.762522361694078,8.762522361694078,1.357833607507991,6.453310857267546,2.0079695832421335e-07,25.643172797725956,True
21,8405.4,1923.8,5,8.759570262847642,8.759570262847642,8.759570262847642,1.1793536563648783,7.427432997365069,2.007293097129381e-07,25.64353864451111,True
27,8390.0,1929.3333333333333,6,8.755492570422055,8.755492570422055,8.755492570422055,1.2985502710675632,6.742513374722101,2.0063586764200896e-07,25.64404418633194,True
561,8732.2,2165.6,5,8.75297655862401,8.75297655862401,8.75297655862401,1.3338220151426001,6.562327251502309,2.005782121524933e-07,25.64435623247366,True
3299,8408.25,3980.25,4,8.749967974041546,8.749967974041546,8.749967974041546,1.4742284828379364,5.935286202853428,2.0050926914634925e-07,25.64472948729742,True
3046,8063.4,3925.4,5,8.746857784209952,8.746857784209952,8.746857784209952,1.4346835673836622,6.096715668222938,2.0043799781234102e-07,25.645115482538618,True
4869,8483.4,1982.8,5,8.742849014220933,8.742849014220933,8.742849014220933,1.2522770304924433,6.981561428770206,2.0034613512860792e-07,25.645613200063558,True
1836,7826.5,3114.5,4,8.742813032482708,8.742813032482708,8.742813032482708,1.4481005004272374,6.037435267720224,2.0034531059164327e-07,25.645617668487553,True
3370,8118.6,3998.6,5,8.742524288116202,8.742524288116202,8.742524288116202,1.4066395290714406,6.215184563942526,2.0033869389063707e-07,25.645653527128076,True
617,8580.8,2182.4,5,8.74147381585668,8.74147381585668,8.74147381585668,1.3578159255793523,6.437893127617333,2.0031462186824332e-07,25.64578399337027,True
891,8964.8,2405.4,5,8.738392017303214,8.738392017303214,8.738392017303214,1.3900708185552602,6.286292684271491,2.0024400113255095e-07,25.646166836160017,True
2991,8671.5,3910.5,4,8.737384241436565,8.737384241436565,8.737384241436565,1.5058976144999814,5.802110420593055,2.002209075163132e-07,25.64629205849403,True
324,8251.8,2069.4,5,8.735848091064195,8.735848091064195,8.735848091064195,1.2502583320115674,6.987234451786377,2.0018570597164738e-07,25.646482962391808,True
3364,8010.0,3996.75,4,8.733216684673868,8.733216684673868,8.733216684673868,1.2117972518734963,7.206829914139432,2.0012540616555475e-07,25.646810056400064,True
2107,9345.5,3556.5,4,8.731861513470253,8.731861513470253,8.731861513470253,1.1053643814001985,7.899532190832257,2.000943518361662e-07,25.646978547880686,True
2955,8385.0,3902.0,4,8.728592794750774,8.728592794750774,8.728592794750774,1.6409502896434487,5.319230478729098,2.0001944774469614e-07,25.647385062652376,True
258,8555.8,2039.4,5,8.727982662139635,8.727982662139635,8.727982662139635,1.3202905891903134,6.610652786287139,2.0000546629421485e-07,25.647460958760124,True
2036,9455.166666666666,3485.166666666667,6,8.724778535387875,8.724778535387875,8.724778535387875,1.2178751811215764,7.163934917659603,1.9993204235538976e-07,25.647859616189596,True
573,8009.4,2170.2,5,8.724290988860826,8.724290988860826,8.724290988860826,1.2300204359219051,7.092801659284576,1.999208700176048e-07,25.647920289558492,True
779,8781.5,2370.5,4,8.7227639373289,8.7227639373289,8.7227639373289,1.3533559571964018,6.445284325196224,1.9988587697677038e-07,25.648110347438863,True
2116,9385.75,3564.0,4,8.722572248791298,8.722572248791298,8.722572248791298,1.0486448562738737,8.317946916542382,1.9988148435171253e-07,25.648134207476076,True
1548,7930.75,2706.0,4,8.720023077343548,8.720023077343548,8.720023077343548,1.396190444359956,6.245582837619975,1.9982306899460113e-07,25.648451560220998,True
4485,8816.5,4228.5,4,8.719745081280312,8.719745081280312,8.719745081280312,1.1655922298634225,7.480956768476435,1.9981669859557447e-07,25.648486174258057,True
2690,8834.5,3830.5,4,8.717606943462933,8.717606943462933,8.717606943462933,1.455997392525599,5.987378128707509,1.9976770225040284e-07,25.648752436434496,True
3224,8117.4,3965.8,5,8.716540477691398,8.716540477691398,8.716540477691398,1.432688397174112,6.08404485922007,1.9974326372982147e-07,25.64888526776519,True
4406,8191.6,4207.8,5,8.716014526305894,8.716014526305894,8.716014526305894,1.327744320807139,6.564527815873021,1.997312113282325e-07,25.648950782483052,True
4585,8284.6,4257.6,5,8.713419578490953,8.713419578490953,8.713419578490953,1.3294795569906934,6.55400794444254,1.9967174698603256e-07,25.64927407798376,True
704,7927.5,2348.5,4,8.711355131481728,8.711355131481728,8.711355131481728,1.1815383234357746,7.372892574614196,1.9962443929733712e-07,25.64953134901406,True
3815,8936.8,4088.6,5,8.707276485381822,8.707276485381822,8.707276485381822,1.3206327010663805,6.593261304487536,1.995309753725519e-07,25.650039808451677,True
732,8517.0,2357.5,4,8.703546446178997,8.703546446178997,8.703546446178997,1.5565903270283026,5.591417532958077,1.994454999243372e-07,25.650505017785612,True
2056,9111.75,3513.0,4,8.702928942059124,8.702928942059124,8.702928942059124,1.3833275622514243,6.291300180482732,1.994313495525715e-07,25.650582051942713,True
2164,9354.6,3594.0,5,8.702899597106676,8.702899597106676,8.702899597106676,1.209771758139727,7.193835976539224,1.9943067710039956e-07,25.6505857128862,True
745,8581.25,2360.0,4,8.700502317761028,8.700502317761028,8.700502317761028,1.543432559151894,5.637112076048141,1.9937574241595712e-07,25.650884828312908,True
3712,7834.5,4068.5,4,8.698487680767617,8.698487680767617,8.698487680767617,1.079834699881857,8.055388182764736,1.9932957614513846e-07,25.651136264095463,True
3467,7879.6,4017.8,5,8.696732662139635,8.696732662139635,8.696732662139635,1.2958391589681049,6.7112747766203995,1.992893591405187e-07,25.651355345801047,True
373,8135.6,2088.2,5,8.696528575835924,8.696528575835924,8.696528575835924,1.2350606180256583,7.041377928265586,1.992846824153328e-07,25.651380825081308,True
176,8222.4,2010.2,5,8.693940303741197,8.693940303741197,8.693940303741197,1.1828865821092436,7.349766609270983,1.9922537105012493e-07,25.65170401139229,True
835,8804.5,2389.5,4,8.691203993176067,8.691203993176067,8.691203993176067,1.364317655561701,6.370366870021796,1.9916266731987138e-07,25.65204578726965,True
901,7937.8,2407.2,5,8.68991913598607,8.68991913598607,8.68991913598607,1.3370046271074185,6.49954305303081,1.9913322426626386e-07,25.652206308078497,True
4809,8751.5,4335.5,4,8.688955705975136,8.688955705975136,8.688955705975136,1.1718177403745402,7.414937841099712,1.9911114685433058e-07,25.652326687660512,True
1532,9247.5,2693.5,4,8.687216204022015,8.687216204022015,8.687216204022015,1.20538090607072,7.207029877667844,1.990712854209706e-07,25.652544070437898,True
3949,8153.6,4117.2,5,8.68693365853856,8.68693365853856,8.68693365853856,1.3419092701875595,6.4735625958708685,1.9906481077002832e-07,25.652579383804405,True
502,8481.5,2143.5,4,8.685519617413128,8.685519617413128,8.685519617413128,1.2062826184913484,7.2002360676271495,1.9903240741113097e-07,25.652756132087898,True
2128,9035.5,3570.5,4,8.68420307001933,8.68420307001933,8.68420307001933,1.4434211693952133,6.016402734108417,1.9900223816291084e-07,25.652920719997464,True
359,8665.5,2080.5,4,8.680519026135048,8.680519026135048,8.680519026135048,1.1840268448022633,7.331353224161675,1.9891781671714879e-07,25.653381412643505,True
141,8811.4,1994.8,5,8.670481346069078,8.670481346069078,8.670481346069078,1.173895874956715,7.386073612694809,1.9868779897309262e-07,25.654637625385295,True
207,8609.2,2018.6,5,8.668116710601549,8.668116710601549,8.668116710601549,1.2992300247110582,6.671733677436596,1.9863361233711882e-07,25.654933770476802,True
1968,9352.2,3390.2,5,8.659476898132066,8.659476898132066,8.659476898132066,1.2760682487406056,6.786060938886609,1.9843562732860716e-07,25.65601650108437,True
1837,7871.5,3115.5,4,8.65943328699931,8.65943328699931,8.65943328699931,1.5349424199166952,5.6415362391699855,1.9843462796079444e-07,25.65602196911732,True
4687,8287.8,4286.8,5,8.659291885314683,8.659291885314683,8.659291885314683,1.3255328853513313,6.532687329759869,1.9843138768054146e-07,25.656039698474057,True
1266,8049.25,2536.0,4,8.658813398693646,8.658813398693646,8.658813398693646,1.423822089251386,6.081387178960159,1.984204229543887e-07,25.656099694673358,True
2686,8196.5,3829.5,4,8.658115309094036,8.658115309094036,8.658115309094036,1.5038762323156685,5.757199377878504,1.9840442593179028e-07,25.65618723226916,True
2315,8940.5,3685.5,4,8.657900732372845,8.657900732372845,8.657900732372845,1.4880455675617,5.818303498971214,1.9839950881418828e-07,25.656214140735216,True
3845,8536.75,4095.0,4,8.655823152874554,8.655823152874554,8.655823152874554,1.2914461419061294,6.702426738523421,1.9835190018887314e-07,25.656474708976376,True
67,8800.8,1952.8,5,8.655520580230455,8.655520580230455,8.655520580230455,1.1476379300822188,7.54203076889447,1.9834496660695467e-07,25.656512662595617,True
2045,9299.5,3495.5,4,8.655200403545937,8.655200403545937,8.655200403545937,1.1811070034567144,7.3280408787815094,1.983376296208993e-07,25.656552825846898,True
4783,8222.4,4325.2,5,8.652091167388658,8.652091167388658,8.652091167388658,1.319923577943001,6.554994025390678,1.9826638014074706e-07,25.65694292851404,True
3361,9155.6,3994.8,5,8.652003906188707,8.652003906188707,8.652003906188707,1.213591329499202,7.129256526378632,1.9826438051292224e-07,25.656953878828826,True
4396,8730.6,4205.2,5,8.651362083373765,8.651362083373765,8.651362083373765,1.3284412424927798,6.512416060750828,1.9824967286782834e-07,25.65703442388208,True
4487,8961.4,4229.2,5,8.649562023101549,8.649562023101549,8.649562023101549,1.196383620422312,7.229756305129233,1.9820842371461173e-07,25.657260352925327,True
2231,7599.5,3635.5,4,8.649103086803994,8.649103086803994,8.649103086803994,1.0433925926152143,8.289404341203367,1.9819790699250709e-07,25.65731796242882,True
2053,7957.5,3505.5,4,8.648317259167278,8.648317259167278,8.648317259167278,1.5863715545721833,5.451634098103567,1.9817989941515594e-07,25.657416613152385,True
4404,8771.2,4206.6,5,8.646436832366685,8.646436832366685,8.646436832366685,1.320288077445004,6.548901698104479,1.981368086284709e-07,25.65765271335422,True
1181,9326.5,2498.5,4,8.642516535137734,8.642516535137734,8.642516535137734,1.022511428791706,8.452244436378114,1.9804697333598235e-07,25.658145098129324,True
1465,9005.5,2650.5,4,8.64053623041972,8.64053623041972,8.64053623041972,1.4314609055314071,6.036166406662749,1.9800159380398018e-07,25.658393907013654,True
2867,8249.0,3881.75,4,8.64022819361552,8.64022819361552,8.64022819361552,1.450328411978402,5.957428760448354,1.9799453500848934e-07,25.658432614411378,True
1643,9339.4,2788.2,5,8.64010634225438,8.64010634225438,8.64010634225438,1.2989183758633558,6.65177004406573,1.9799174273228453e-07,25.658447926433738,True
687,8590.75,2341.0,4,8.638511103008831,8.638511103008831,8.638511103008831,1.4883507255286108,5.8040829724060705,1.979551871407455e-07,25.658648406479614,True
610,8796.2,2180.4,5,8.6359454612119,8.6359454612119,8.6359454612119,1.3295278129139658,6.4954981590676475,1.9789639435851817e-07,25.65897091853057,True
2443,8963.0,3739.5,4,8.635625761364544,8.635625761364544,8.635625761364544,1.4101493058325956,6.123908812808871,1.978890682993909e-07,25.6590111128701,True
2452,8886.5,3741.5,4,8.634377401684368,8.634377401684368,8.634377401684368,1.5199763119252079,5.680599976422022,1.9786046160187539e-07,25.65916807743935,True
3565,8827.2,4038.6,5,8.633302829681142,8.633302829681142,8.633302829681142,1.3551305819263646,6.370827243385361,1.978358373235179e-07,25.65930320870358,True
3705,8917.8,4067.2,5,8.633221290527086,8.633221290527086,8.633221290527086,1.3299651029831026,6.4913141488922,1.9783396881882904e-07,25.659313463229747,True
2583,7876.5,3795.5,4,8.6314553435789,8.6314553435789,8.6314553435789,1.2471427256134413,6.920984396018733,1.9779350138706443e-07,25.659535575996134,True
3956,8107.2,4119.0,5,8.63124575418065,8.63124575418065,8.63124575418065,1.3334865222434642,6.472690657314931,1.9778869855610684e-07,25.659561940213017,True
4150,8377.0,4153.75,4,8.631143015240273,8.631143015240273,8.631143015240273,1.2305013276330188,7.014330518312452,1.9778634424922147e-07,25.659574863961716,True
3821,8599.2,4090.4,5,8.62753929894994,8.62753929894994,8.62753929894994,1.4518669254775867,5.94237608664578,1.9770376354472874e-07,25.66002828042002,True
2260,9073.5,3651.5,4,8.62653533778056,8.62653533778056,8.62653533778056,1.3075396060742492,6.597532723066668,1.9768075734391507e-07,25.66015463167489,True
1251,9029.5,2527.0,4,8.626292150829876,8.626292150829876,8.626292150829876,1.287436162610796,6.700364958940248,1.9767518461063284e-07,25.6601852396291,True
632,9155.666666666666,2189.6666666666665,6,8.625706079028012,8.625706079028012,8.625706079028012,1.2246127758440954,7.0436192151290635,1.976617545239162e-07,25.660259007243226,True
3454,9136.5,4014.5,4,8.622538488720497,8.622538488720497,8.622538488720497,1.0835799888603126,7.957454527920461,1.9758916783338214e-07,25.660657791885203,True
2251,8907.25,3644.75,4,8.621099394177044,8.621099394177044,8.621099394177044,1.6072469715335873,5.36389213784055,1.9755619036466494e-07,25.660839015483393,True
1362,9352.666666666666,2593.5,6,8.6188200736264,8.6188200736264,8.6188200736264,1.3158320915429176,6.550091101304688,1.9750395875660472e-07,25.6611261097315,True
1869,9154.0,3166.5,4,8.617876928661907,8.617876928661907,8.617876928661907,1.4097937386159018,6.112863671193994,1.9748234618521122e-07,25.661244926768802,True
4588,8526.5,4256.5,4,8.612117212627968,8.612117212627968,8.612117212627968,1.198227855533087,7.187378571495878,1.9735035982184603e-07,25.66197081586764,True
3294,8905.4,3979.8,5,8.604843757568105,8.604843757568105,8.604843757568105,1.3687831595832536,6.286491543472801,1.9718368547943147e-07,25.66288817334735,True
3907,8745.5,4110.0,4,8.604473036144816,8.604473036144816,8.604473036144816,1.202738385521493,7.154068698334608,1.971751902390076e-07,25.66293495099414,True
3529,8521.0,4031.25,4,8.600437563274944,8.600437563274944,8.600437563274944,1.3693673686703105,6.280591870409605,1.9708271564730643e-07,25.663444277567287,True
4583,8038.5,4255.5,4,8.599449556683144,8.599449556683144,8.599449556683144,1.144736399943577,7.512165732745987,1.9706007505248123e-07,25.663569012633396,True
1834,7882.5,3113.0,4,8.598369520519817,8.598369520519817,8.598369520519817,1.5664286403937089,5.489154946987364,1.9703532556055135e-07,25.663705382758145,True
1687,9464.166666666666,2842.6666666666665,6,8.597745301745297,8.597745301745297,8.597745301745297,1.2376797009295324,6.946664226041801,1.9702102131959437e-07,25.663784207182204,True
1132,9315.8,2477.6,5,8.59666266244481,8.59666266244481,8.59666266244481,1.1421607586831064,7.526666099399728,1.9699621217565994e-07,25.663920933109523,True
3990,8133.5,4123.5,4,8.595855158184609,8.595855158184609,8.595855158184609,1.1952185141178586,7.191869149156256,1.9697770786918408e-07,25.664022923594057,True
1825,7608.0,3101.75,4,8.594621103619179,8.594621103619179,8.594621103619179,1.1131993973147736,7.720648362145064,1.969494289795087e-07,25.664178807317374,True
2353,9030.5,3703.5,4,8.59340087733134,8.59340087733134,8.59340087733134,1.340742654065795,6.409433496631063,1.9692146697074554e-07,25.664332966284867,True
3661,8596.5,4059.5,4,8.592827242230022,8.592827242230022,8.592827242230022,1.3301386428104456,6.460098944328289,1.9690832187635625e-07,25.664405444829164,True
1035,9173.6,2441.0,5,8.590733669219713,8.590733669219713,8.590733669219713,1.3164862169401241,6.525502172887871,1.9686034675285327e-07,25.66467000792381,True
375,9013.0,2089.0,5,8.59036268991063,8.59036268991063,8.59036268991063,1.1500819414986356,7.469348382878527,1.9685184560286584e-07,25.66471689499769,True
4548,8850.2,4245.6,5,8.588297508178453,8.588297508178453,8.588297508178453,1.2743994838106858,6.739093680811831,1.968045210776788e-07,25.664977944760704,True
4063,8589.8,4136.2,5,8.58772816461156,8.58772816461156,8.58772816461156,1.4046525378573764,6.113773999733113,1.967914743256416e-07,25.665049923801206,True
3238,7887.2,3969.4,5,8.586080692229967,8.586080692229967,8.586080692229967,1.3274191345665176,6.468251412568224,1.9675372178938636e-07,25.665258231746332,True
3435,7993.8,4011.6,5,8.585839412627916,8.585839412627916,8.585839412627916,1.346651090913668,6.375697068498007,1.9674819276381613e-07,25.66528874271981,True
4360,8140.4,4196.4,5,8.585375926910142,8.585375926910142,8.585375926910142,1.3218963214900588,6.49474227845085,1.9673757178979586e-07,25.665347355137666,True
509,8662.25,2146.0,4,8.583611887310585,8.583611887310585,8.583611887310585,1.199364587084046,7.156799508462631,1.966971480657432e-07,25.665570464582128,True
4596,8615.4,4258.2,5,8.575357101379137,8.575357101379137,8.575357101379137,1.3320072434999122,6.43792077199744,1.965079861054955e-07,25.666615110171925,True
2516,8788.5,3768.5,4,8.575181883190716,8.575181883190716,8.575181883190716,1.624451588118217,5.278816522395908,1.9650397090555355e-07,25.66663729498268,True
1051,8283.5,2444.5,4,8.573536794994915,8.573536794994915,8.573536794994915,1.5652378079293598,5.477465948983673,1.9646627300393838e-07,25.666845605802074,True
4815,8465.5,4338.5,4,8.572194021557412,8.572194021557412,8.572194021557412,1.1883380128247025,7.213599101472097,1.964355027746779e-07,25.66701566536436,True
767,9033.0,2366.25,4,8.570668142651163,8.570668142651163,8.570668142651163,1.1920459431116859,7.189880719092515,1.9640053660506387e-07,25.667208947205058,True
3085,8732.25,3933.75,4,8.569986742352093,8.569986742352093,8.569986742352093,1.396543876286418,6.136568200879404,1.9638492202494563e-07,25.6672952707417,True
1137,8173.5,2479.5,4,8.569879453991497,8.569879453991497,8.569879453991497,1.5158806402351723,5.653399896090746,1.9638246346614465e-07,25.66730886324658,True
40,8572.5,1938.8333333333333,6,8.56877649071014,8.56877649071014,8.56877649071014,1.30787667423966,6.551670092053318,1.9635718858947125e-07,25.667448608997073,True
3894,8791.0,4106.25,4,8.568415563915812,8.568415563915812,8.568415563915812,1.1937574566275613,7.17768548070235,1.963489177971711e-07,25.66749434242723,True
613,8858.5,2181.5,4,8.568124693249308,8.568124693249308,8.568124693249308,1.1844253621474221,7.2339929277729,1.9634225237108843e-07,25.667531200370412,True
3514,8051.5,4028.5,4,8.566531103466595,8.566531103466595,8.566531103466595,1.2118681185600388,7.068864154661882,1.9630573457769778e-07,25.667733155769824,True
2977,8308.0,3909.0,4,8.566201132153118,8.566201132153118,8.566201132153118,1.5021981170144483,5.702444328167619,1.9629817314351874e-07,25.66777497768085,True
3633,8147.8,4055.2,5,8.561895988403066,8.561895988403066,8.561895988403066,1.3697086249447108,6.250888570369244,1.9619951892793144e-07,25.66832077684367,True
728,8713.5,2355.5,4,8.560203951214397,8.560203951214397,8.560203951214397,1.4001478729701982,6.113785633981104,1.9616074517000743e-07,25.668535365713964,True
3490,8656.5,4022.5,4,8.55460397562846,8.55460397562846,8.55460397562846,1.3470454392212192,6.350642470215569,1.960324193275238e-07,25.669245872835326,True
332,8356.0,2072.0,5,8.554560802398424,8.554560802398424,8.554560802398424,1.3197501943916967,6.481954568941297,1.9603142999443972e-07,25.66925135232419,True
2071,7551.5,3527.5,4,8.552361410473427,8.552361410473427,8.552361410473427,1.0104008256039794,8.464325437740165,1.9598102998511902e-07,25.669530532813212,True
1033,7920.2,2440.4,5,8.55215468209813,8.55215468209813,8.55215468209813,1.341236038969426,6.376323356677325,1.9597629271572953e-07,25.669556777634224,True
2885,8921.0,3886.25,4,8.549032133434856,8.549032133434856,8.549032133434856,1.3083634354511962,6.534141739054849,1.9590473817379243e-07,25.669953272241184,True
2218,8905.75,3626.25,4,8.548393171642864,8.548393171642864,8.548393171642864,1.637872947013219,5.219204082484837,1.9589009609026652e-07,25.670034424103406,True
3609,8710.0,4049.0,5,8.547466419158683,8.547466419158683,8.547466419158683,1.4255786982744902,5.995787135080281,1.9586885915959044e-07,25.67015213783644,True
3767,8980.5,4078.5,4,8.547264498089394,8.547264498089394,8.547264498089394,1.164906950867983,7.33729375699986,1.9586423205168003e-07,25.670177787028166,True
1839,9362.25,3116.0,4,8.546744268749794,8.546744268749794,8.546744268749794,1.1514834762724828,7.422376825082051,1.9585231077322725e-07,25.67024387238435,True
4354,8779.8,4196.6,5,8.544129512725572,8.544129512725572,8.544129512725572,1.3191602043277981,6.47694607879669,1.9579239251741553e-07,25.670576088904177,True
1188,9184.2,2504.2,5,8.54403176110814,8.54403176110814,8.54403176110814,1.3258853027849726,6.444020265675863,1.9579015249717465e-07,25.670588510658447,True
3777,8947.8,4080.8,5,8.533830783782701,8.533830783782701,8.533830783782701,1.3201103537766945,6.464482881577532,1.9555639272637657e-07,25.671885578332372,True
3444,8750.0,4014.5,4,8.532905500744427,8.532905500744427,8.532905500744427,1.2822135075116714,6.654824216681211,1.9553518946868372e-07,25.672003305972684,True
300,8714.2,2060.6,5,8.53184618753026,8.53184618753026,8.53184618753026,1.2939209479557288,6.593792457730713,1.9551091485202228e-07,25.672138102508995,True
2995,8165.5,3911.5,4,8.527573030804241,8.527573030804241,8.527573030804241,1.347706734562998,6.327469331500638,1.9541299363281054e-07,25.672682027364075,True
3328,9219.0,3987.0,5,8.527544162688951,8.527544162688951,8.527544162688951,1.1537906302285836,7.390893927609304,1.954123321075666e-07,25.672685702877715,True
1058,8177.5,2447.5,4,8.52642957529887,8.52642957529887,8.52642957529887,1.4451339284782516,5.900096459763652,1.95386790859456e-07,25.672827622632383,True
3461,8137.5,4016.5,4,8.525980871533001,8.525980871533001,8.525980871533001,1.252548410866739,6.806907260082018,1.9537650862020386e-07,25.67288476105577,True
548,8340.0,2162.25,4,8.525675695751751,8.525675695751751,8.525675695751751,1.199369381954923,7.108465351896219,1.9536951538628103e-07,25.672923624188307,True
111,8315.4,1981.2,5,8.524278304992418,8.524278304992418,8.524278304992418,1.2164148993654345,7.007706259960534,1.953374935776645e-07,25.67310159507819,True
99,8545.2,1973.2,5,8.524186275420885,8.524186275420885,8.524186275420885,1.23734192561155,6.889111327257297,1.9533538468055964e-07,25.673113316935865,True
4443,8109.5,4216.5,4,8.524083536480507,8.524083536480507,8.524083536480507,1.1773895352395614,7.23981594990661,1.9533303037367427e-07,25.67312640300131,True
2125,8975.5,3570.0,4,8.523917120312298,8.523917120312298,8.523917120312298,1.549388803514617,5.501470709596413,1.9532921687580084e-07,25.673147600097966,True
1089,8291.5,2462.5,4,8.520263594006146,8.520263594006146,8.520263594006146,1.621731289489002,5.253807242438315,1.9524549475343114e-07,25.673613068742412,True
2926,7978.0,3895.5,4,8.518157404278362,8.518157404278362,8.518157404278362,1.246791604662689,6.8320618878267885,1.9519723051243573e-07,25.67388149343428,True
498,8854.6,2141.8,5,8.515810630737047,8.515810630737047,8.515810630737047,1.302343731480518,6.538834890429568,1.951434531901624e-07,25.674180657670007,True
3772,8565.5,4079.5,4,8.514277857159222,8.514277857159222,8.514277857159222,1.3105180766224682,6.496879370868839,1.9510832902619196e-07,25.674376098553687,True
3483,8386.5,4021.5,4,8.511617105816448,8.511617105816448,8.511617105816448,1.384819854064018,6.1463713715812816,1.950473567679274e-07,25.674715449183367,True
3560,8655.8,4038.4,5,8.51082768243383,8.51082768243383,8.51082768243383,1.4862884845721616,5.726228636484208,1.950292667925166e-07,25.674816152173875,True
1926,9459.8,3300.2,5,8.510327480254869,8.510327480254869,8.510327480254869,1.1357254706445683,7.493296311673743,1.9501780444503986e-07,25.674879965423962,True
3017,8445.75,3916.75,4,8.510302465771282,8.510302465771282,8.510302465771282,1.626958528644973,5.230804790616983,1.950172312274193e-07,25.674883156743032,True
2136,7533.166666666667,3580.333333333333,6,8.50787151100433,8.50787151100433,8.50787151100433,1.2095343745914602,7.034005555962807,1.9496152485625366e-07,25.675193339918284,True
3088,8023.6,3934.4,5,8.505587242065175,8.505587242065175,8.505587242065175,1.4006466738854653,6.072614457770597,1.9490917985374823e-07,25.675484887162092,True
2890,8673.5,3887.0,4,8.505582731579388,8.505582731579388,8.505582731579388,1.5412776042075709,5.5185274270902225,1.9490907649403178e-07,25.67548546292469,True
1807,7486.0,3077.166666666667,6,8.503259065173031,8.503259065173031,8.503259065173031,1.2035784076868612,7.064981401182923,1.9485582868166712e-07,25.675782119074594,True
1361,9255.6,2592.8,5,8.502638957916002,8.502638957916002,8.502638957916002,1.3229428186050383,6.4270646004802465,1.9484161865789696e-07,25.675861300179783,True
2156,9393.6,3590.4,5,8.501098297057847,8.501098297057847,8.501098297057847,1.1539362738758816,7.367043128390496,1.9480631375351474e-07,25.67605805119427,True
3853,8198.2,4096.8,5,8.500633380828601,8.500633380828601,8.500633380828601,1.3576089497450574,6.2614741766581,1.947956599987105e-07,25.676117430602435,True
743,9264.5,2358.5,4,8.494673651074013,8.494673651074013,8.494673651074013,1.0390025773386056,8.175796515185779,1.946590902351471e-07,25.676878899002883,True
242,8565.0,2034.25,4,8.489943426464638,8.489943426464638,8.489943426464638,1.1791645665946464,7.199964845435497,1.9455069510934347e-07,25.677483655203673,True
3693,7834.5,4065.5,6,8.489591958544613,8.489591958544613,8.489591958544613,1.3244017719702896,6.41013334338476,1.945426410712051e-07,25.67752860360031,True
1956,9171.0,3364.5,4,8.486690920208538,8.486690920208538,8.486690920208538,1.3465410157512785,6.302586271739774,1.9447616253342557e-07,25.677899681580815,True
3494,7916.2,4023.4,5,8.483867786346178,8.483867786346178,8.483867786346178,1.3208949411541597,6.422817986518458,1.9441146921007586e-07,25.67826091643778,True
2442,8824.75,3740.25,4,8.481239240978802,8.481239240978802,8.481239240978802,1.6305882485553465,5.201337154547098,1.943512349655513e-07,25.678597360751333,True
778,8269.0,2370.5,4,8.481063288067425,8.481063288067425,8.481063288067425,1.3800471736323818,6.1454879587519216,1.9434720292911767e-07,25.678619885811933,True
416,8959.2,2103.2,5,8.480269096313219,8.480269096313219,8.480269096313219,1.2028842538001323,7.0499460521845645,1.9432900368442669e-07,25.678721562109782,True
1789,7815.5,3043.5,4,8.480078142498577,8.480078142498577,8.480078142498577,1.4394515387366886,5.891186965516728,1.943246278958606e-07,25.678746010367483,True
2466,7996.5,3748.5,4,8.47972957453593,8.47972957453593,8.47972957453593,1.3643875833509165,6.215044521080905,1.9431664031148937e-07,25.678790639748104,True
1432,9183.5,2629.5,4,8.478229921673382,8.478229921673382,8.478229921673382,1.2214995550980932,6.940837502795925,1.9428227512291556e-07,25.67898267080137,True
189,8439.4,2012.8,5,8.477642677245836,8.477642677245836,8.477642677245836,1.296131658908773,6.540726490998031,1.9426881816497847e-07,25.679057876902686,True
4196,8718.75,4163.0,4,8.477003019665322,8.477003019665322,8.477003019665322,1.1971888401906503,7.080756798831647,1.9425416013716016e-07,25.679139801279824,True
4178,8254.5,4158.5,4,8.475027006481728,8.475027006481728,8.475027006481728,1.2063269115850097,7.0254811735454625,1.9420887894750992e-07,25.67939291893723,True
182,8335.8,2010.6,5,8.472569129882555,8.472569129882555,8.472569129882555,1.2572885726086291,6.738762535877998,1.941525556510117e-07,25.679707843320344,True
3885,8860.8,4104.4,5,8.470923088012437,8.470923088012437,8.470923088012437,1.3281948888200337,6.3777711835181,1.941148358955405e-07,25.6799187995076,True
4642,8413.4,4272.2,5,8.46942581933568,8.46942581933568,8.46942581933568,1.3349817747345767,6.344225801149671,1.940805253416067e-07,25.680110724576405,True
758,8705.0,2364.25,4,8.467547338818157,8.467547338818157,8.467547338818157,1.4302922594817111,5.920151830987679,1.9403747915483304e-07,25.680351562688053,True
3667,8611.0,4060.5,4,8.463162344311321,8.463162344311321,8.463162344311321,1.326157999382176,6.3817149602491545,1.9393699512490462e-07,25.68091396644894,True
110,8858.6,1979.8,5,8.462865016875963,8.462865016875963,8.462865016875963,1.128992645011449,7.495943445043562,1.939301817391942e-07,25.68095211115406,True
4654,8580.8,4276.6,5,8.461637638030748,8.461637638030748,8.461637638030748,1.3310695284862601,6.35702152062156,1.9390205582651087e-07,25.68110958811852,True
2975,7924.8,3908.6,5,8.459596774993638,8.459596774993638,8.459596774993638,1.3562860365311713,6.237324979493153,1.9385528857465206e-07,25.681371488502975,True
2710,9129.5,3835.5,4,8.459541719769081,8.459541719769081,8.459541719769081,1.1897685980859527,7.110241212768953,1.9385402696056715e-07,25.681378554518844,True
765,8695.0,2366.5,4,8.451734464977825,8.451734464977825,8.451734464977825,1.4491332196832674,5.832268800535188,1.9367512036835123e-07,25.682381035904193,True
933,9090.5,2415.5,4,8.44980089030131,8.44980089030131,8.44980089030131,1.1910602846439304,7.094351981375479,1.9363081167529336e-07,25.682629457363653,True
4941,8678.5,4049.0,4,8.447120588635052,8.447120588635052,8.447120588635052,1.3015215092240042,6.490189004768282,1.935693914129807e-07,25.68297391071118,True
275,8971.0,2046.2,5,8.446227691589097,8.446227691589097,8.446227691589097,1.1369796562980299,7.428653313894595,1.9354893029419277e-07,25.68308868377271,True
1732,9394.4,2918.8,5,8.44616856378148,8.44616856378148,8.44616856378148,1.2297116290675296,6.8684139957154615,1.9354757535512023e-07,25.683096284494415,True
1828,9363.75,3105.0,4,8.446142118786415,8.446142118786415,8.446142118786415,1.1489747752389898,7.351024844761796,1.935469693567156e-07,25.683099683945102,True
3577,8400.5,4041.5,4,8.441828173016155,8.441828173016155,8.441828173016155,1.3594661662975454,6.209664044826621,1.9344811343905988e-07,25.68365437549525,True
4263,8309.0,4177.0,5,8.441568038879137,8.441568038879137,8.441568038879137,1.3512233308242996,6.247352192867663,1.934421523537338e-07,25.683687832869246,True
1327,8971.5,2575.5,4,8.439397734020794,8.439397734020794,8.439397734020794,1.4142724441035808,5.967306914029568,1.9339241888702148e-07,25.68396700867053,True
2733,8784.5,3843.0,4,8.438962858532513,8.438962858532513,8.438962858532513,1.4856137048638447,5.680455713960943,1.9338245352868147e-07,25.68402295723967,True
1204,9279.2,2510.2,5,8.43779101174901,8.43779101174901,8.43779101174901,1.2110815573611329,6.967153417920426,1.9335560015701098e-07,25.68417373463337,True
3543,8086.25,4036.0,4,8.435955923412884,8.435955923412884,8.435955923412884,1.2157237420859868,6.9390402040994426,1.9331354832068573e-07,25.684409891055644,True
4095,8929.25,4142.0,4,8.435692232464394,8.435692232464394,8.435692232464394,1.1554228054525073,7.300957011282686,1.9330750572949922e-07,25.684443829507543,True
484,9010.4,2135.8,5,8.434962890563707,8.434962890563707,8.434962890563707,1.1949861220939098,7.058628325978862,1.9329079254701691e-07,25.684537705282008,True
4046,8762.6,4132.8,5,8.434765003143053,8.434765003143053,8.434765003143053,1.3321590873575333,6.3316499382023705,1.932862578718951e-07,25.684563177362936,True
2708,8851.5,3835.5,4,8.430531900738323,8.430531900738323,8.430531900738323,1.4313385776071772,5.889963445847985,1.9318925451463572e-07,25.685108205732373,True
4663,8422.0,4279.0,5,8.429608962951402,8.429608962951402,8.429608962951402,1.3344395905569209,6.316965580610024,1.9316810499938356e-07,25.68522707389357,True
621,8716.0,2185.4,5,8.428003929076892,8.428003929076892,8.428003929076892,1.3436536038699258,6.2724528887527,1.9313132495972078e-07,25.685433822429538,True
2176,8900.5,3608.5,4,8.427370947216595,8.427370947216595,8.427370947216595,1.681773077685038,5.011003600329289,1.9311681990889457e-07,25.685515369274754,True
2559,9245.2,3785.4,5,8.426543853698472,8.426543853698472,8.426543853698472,1.228825357592106,6.8573974337658195,1.9309786670617128e-07,25.685621932692055,True
4371,9005.2,4198.4,5,8.426097057281236,8.426097057281236,8.426097057281236,1.174264296277391,7.175639320716244,1.9308762817463116e-07,25.68567950266569,True
4444,8334.8,4216.6,5,8.42355932992528,8.42355932992528,8.42355932992528,1.3422470298996863,6.275714635445921,1.9302947506379175e-07,25.68600654820605,True
1433,9123.5,2630.5,4,8.421567362164105,8.421567362164105,8.421567362164105,1.2796259136958201,6.5812729111126735,1.9298382826815307e-07,25.68626332888412,True
1849,9220.0,3131.75,4,8.420078676556194,8.420078676556194,8.420078676556194,1.2839014280167695,6.558197142566163,1.9294971439892333e-07,25.68645527210184,True
49,8613.8,1943.6,5,8.41945900720189,8.41945900720189,8.41945900720189,1.2022443714726199,7.003117841083307,1.9293551440988195e-07,25.68653517898122,True
3542,9127.0,4035.3333333333335,6,8.418548944018246,8.418548944018246,8.418548944018246,1.3146670033355186,6.403559930126073,1.9291465992168602e-07,25.68665254304839,True
1048,8784.75,2443.25,4,8.413908880566204,8.413908880566204,8.413908880566204,1.4972897310889075,5.619426024145086,1.9280833087747443e-07,25.687251134776623,True
3615,8828.8,4050.2,5,8.413822315154771,8.413822315154771,8.413822315154771,1.3500153941203683,6.232389905921761,1.9280634719394198e-07,25.687262305290368,True
555,8136.25,2165.0,4,8.413488310192665,8.413488310192665,8.413488310192665,1.1776866433240505,7.144080607423194,1.927986933269745e-07,25.687305406804096,True
4495,8822.2,4231.0,5,8.407699726043443,8.407699726043443,8.407699726043443,1.2990926373438996,6.471978582862011,1.926660454383655e-07,25.688052663849156,True
3917,9045.4,4112.2,5,8.406717918334703,8.406717918334703,8.406717918334703,1.2027986742053,6.989297626129408,1.9264354689360447e-07,25.68817945791354,True
2994,7940.4,3912.6,5,8.404809616027576,8.404809616027576,8.404809616027576,1.3594498034318678,6.182508243268729,1.925998173277309e-07,25.688425945082436,True
4842,8456.6,4357.2,5,8.404769561706285,8.404769561706285,8.404769561706285,1.3262074407123918,6.337447147175965,1.925988994657785e-07,25.688431119325802,True
1778,9212.8,3013.6,5,8.40439810556005,8.40439810556005,8.40439810556005,1.4529902164546138,5.784208324586866,1.925903873888632e-07,25.688479105447964,True
2246,9360.4,3642.0,5,8.402479312835435,8.402479312835435,8.402479312835435,1.1837175829905229,7.098381770766268,1.9254641743057338e-07,25.688727016191606,True
4614,8597.8,4264.0,5,8.402389190612535,8.402389190612535,8.402389190612535,1.3321327631765858,6.307471314327794,1.9254435224118055e-07,25.68873866150264,True
4141,8019.8,4151.0,5,8.401183746276597,8.401183746276597,8.401183746276597,1.3058426056850974,6.43353472286884,1.9251672896718544e-07,25.688894437249317,True
2718,8641.75,3839.25,4,8.401122969006146,8.401122969006146,8.401122969006146,1.6597685382896263,5.06162321745381,1.9251533622996455e-07,25.688902291895005,True
3135,8757.25,3944.0,4,8.401118200634563,8.401118200634563,8.401118200634563,1.3624664717399264,6.166110047395137,1.925152269606845e-07,25.688902908145373,True
2364,7605.6,3711.2,5,8.399791858611803,8.399791858611803,8.399791858611803,1.153940492362531,7.279224461059001,1.924848332643406e-07,25.689074334282637,True
3351,8849.5,3991.5,4,8.398825567577923,8.398825567577923,8.398825567577923,1.2465165401702898,6.73783724236065,1.9246269029083936e-07,25.689199241843106,True
2166,7889.5,3594.5,4,8.396423261974896,8.396423261974896,8.396423261974896,1.3865873049383486,6.055459495461213,1.924076404275532e-07,25.689509838037587,True
183,8406.0,2010.8,5,8.395115993438463,8.395115993438463,8.395115993438463,1.2896215862165035,6.509751452027167,1.923776838083295e-07,25.68967889326958,True
4127,7978.5,4147.5,4,8.394981306408486,8.394981306408486,8.394981306408486,1.1504161145016474,7.297343283517144,1.9237459739726784e-07,25.689696312416377,True
4825,8202.4,4344.4,5,8.394846580444078,8.394846580444078,8.394846580444078,1.3179637767707426,6.3695578955993915,1.92371510094007e-07,25.68971373687817,True
2225,9179.25,3633.0,4,8.393971842144573,8.393971842144573,8.393971842144573,1.2102422063793579,6.935778473018674,1.923514650906826e-07,25.689826875875617,True
2228,9036.5,3634.5,4,8.393555086468304,8.393555086468304,8.393555086468304,1.3674370603622994,6.138165572494028,1.9234191495560676e-07,25.689880783366373,True
2121,7820.0,3568.75,4,8.392180364941204,8.392180364941204,8.392180364941204,1.326151222440733,6.328222771981993,1.923104126221701e-07,25.690058623049485,True
3284,8400.0,3978.75,4,8.39071933588847,8.39071933588847,8.39071933588847,1.4748807259616314,5.689083319207164,1.9227693251476462e-07,25.690247659767937,True
341,9016.5,2074.0,6,8.389733197710873,8.389733197710873,8.389733197710873,1.243719685191646,6.7456785460608755,1.922543347354523e-07,25.69037527085845,True
1946,9372.4,3346.8,5,8.388632915435533,8.388632915435533,8.388632915435533,1.2544015886985975,6.687358331663528,1.922291212951817e-07,25.69051767045749,True
2239,9152.5,3638.5,4,8.38763324580058,8.38763324580058,8.38763324580058,1.223938731262367,6.852984574766743,1.9220621343672015e-07,25.69064706486579,True
3813,8281.8,4089.2,5,8.380932949004873,8.380932949004873,8.380932949004873,1.409696649394575,5.945203141827887,1.9205267326176678e-07,25.691514730606126,True
2919,8679.5,3894.5,4,8.380321424816692,8.380321424816692,8.380321424816692,1.5223188249016704,5.504971289675797,1.9203865992270073e-07,25.691593955458476,True
1302,9141.0,2555.25,4,8.380098741863812,8.380098741863812,8.380098741863812,1.212735649872229,6.910078666151786,1.920335570473227e-07,25.691622806160517,True
3650,8966.8,4058.2,5,8.377987525878648,8.377987525878648,8.377987525878648,1.3215527874729451,6.339502746537216,1.9198517762748353e-07,25.691896372438514,True
3335,8037.8,3988.8,5,8.377246044097644,8.377246044097644,8.377246044097644,1.3714646629270073,6.108247824788105,1.9196818625443673e-07,25.691992468218015,True
473,9090.5,2130.5,6,8.376940133593441,8.376940133593441,8.376940133593441,1.2305203888210496,6.807640255046332,1.9196117618402234e-07,25.692032116590827,True
803,8098.4,2381.0,5,8.37627663415502,8.37627663415502,8.37627663415502,1.4162063108992011,5.9145878461992005,1.9194597180980388e-07,25.692118116237637,True
1353,7948.5,2589.5,4,8.3731807883726,8.3731807883726,8.3731807883726,1.3502928995992995,6.201010751709758,1.918750291758349e-07,25.692519475135875,True
2667,9278.5,3824.5,4,8.369265001629433,8.369265001629433,8.369265001629433,1.0407463661977552,8.041599061455829,1.917852972430627e-07,25.693027347350966,True
1245,7979.0,2526.0,5,8.367378375945792,8.367378375945792,8.367378375945792,1.4564288226686994,5.745133744753662,1.9174206440631383e-07,25.693272124965212,True
3775,8748.4,4080.6,5,8.366075656829578,8.366075656829578,8.366075656829578,1.3554665229202791,6.172100539086219,1.9171221203900575e-07,25.693441176651636,True
2831,8687.5,3869.0,4,8.365195196484173,8.365195196484173,8.365195196484173,1.5525117616417234,5.388168645909832,1.9169203591254524e-07,25.693555447430363,True
2976,8202.0,3908.25,4,8.36218921503886,8.36218921503886,8.36218921503886,1.3679330537106837,6.113010569015356,1.9162315255840553e-07,25.693945670174195,True
2564,8055.5,3788.5,4,8.359791200970257,8.359791200970257,8.359791200970257,1.3981421167440444,5.979214202085774,1.9156820103747141e-07,25.694257069978153,True
1731,9391.0,2917.0,5,8.357779167114,8.357779167114,8.357779167114,1.2348656929898236,6.768168566476545,1.9152209441865721e-07,25.694518416329974,True
2841,8783.5,3871.5,4,8.355940264080608,8.355940264080608,8.355940264080608,1.440821130663125,5.79942928809967,1.914799551669079e-07,25.69475732947156,True
796,9217.5,2376.5,4,8.355013292645058,8.355013292645058,8.355013292645058,1.0943828177597417,7.634452183513081,1.914587132188673e-07,25.69487778297482,True
3612,9041.6,4048.8,5,8.35315623086522,8.35315623086522,8.35315623086522,1.2722441558961786,6.565686462109306,1.9141615785165458e-07,25.695119135471792,True
1044,9235.5,2442.5,4,8.352543753002724,8.352543753002724,8.352543753002724,1.10270619117059,7.574586793727882,1.9140212265873252e-07,25.695198747746744,True
3079,8831.5,3932.5,4,8.35150567850932,8.35150567850932,8.35150567850932,1.3274366166592562,6.2914534477189985,1.91378334736467e-07,25.6953336940742,True
426,8521.5,2108.5,4,8.349086206768593,8.349086206768593,8.349086206768593,1.200492357006876,6.9547183353877635,1.9132289150377263e-07,25.695648282694975,True
3504,8138.0,4027.5,4,8.348128717754925,8.348128717754925,8.348128717754925,1.2442268913369652,6.709490669169326,1.913009502323399e-07,25.695772804118896,True
440,8001.0,2116.0,5,8.347714565215806,8.347714565215806,8.347714565215806,1.1625182676238521,7.180716895123077,1.912914597492684e-07,25.695826669071803,True
1500,9274.6,2667.6,5,8.344479701934556,8.344479701934556,8.344479701934556,1.3321077057892392,6.264117883013573,1.9121733146968657e-07,25.69624748950675,True
3798,8120.5,4086.5,4,8.341352384899697,8.341352384899697,8.341352384899697,1.2045553755868068,6.9248392842347775,1.9114566765846932e-07,25.696654474468676,True
1408,8007.25,2615.25,4,8.340213220928753,8.340213220928753,8.340213220928753,1.4744186306781597,5.656611390682622,1.911195632274669e-07,25.696802761697526,True
4161,8317.2,4155.8,5,8.337645194946031,8.337645194946031,8.337645194946031,1.3595148399991765,6.13280925638964,1.9106071581059954e-07,25.69713712103033,True
97,8655.2,1968.6,5,8.336479328094224,8.336479328094224,8.336479328094224,1.2309484168345293,6.772403468808278,1.910339994716288e-07,25.6972889519527,True
4932,8997.2,4040.4,5,8.33607735436986,8.33607735436986,8.33607735436986,1.3186867104734443,6.321499479870379,1.9102478807132108e-07,25.697341305941865,True
1237,9197.5,2522.5,4,8.33572809061869,8.33572809061869,8.33572809061869,1.1853102640052326,7.032528396785985,1.9101678454265746e-07,25.69738679691175,True
989,8055.5,2431.5,4,8.330281656597698,8.330281656597698,8.330281656597698,1.2850334613253978,6.482540655404999,1.9089197717099132e-07,25.6980964317798,True
383,8171.8,2091.6,5,8.324182174621324,8.324182174621324,8.324182174621324,1.2496972845595473,6.6609588397682735,1.907522049253234e-07,25.698891705500433,True
4456,8886.2,4220.4,5,8.320364139495592,8.320364139495592,8.320364139495592,1.2616050398355416,6.595062540793436,1.906647130127922e-07,25.699389812082796,True
2588,8895.5,3798.5,4,8.320154112194622,8.320154112194622,8.320154112194622,1.4319123978092203,5.810518943005305,1.9065990014710593e-07,25.699417219191304,True
838,8911.2,2390.4,5,8.319433830199943,8.319433830199943,8.319433830199943,1.431500828599363,5.811686353224124,1.9064339457625575e-07,25.69951121625931,True
1527,8002.25,2692.75,4,8.31936637720927,8.31936637720927,8.31936637720927,1.5175957230294033,5.481938470808463,1.9064184886204266e-07,25.69952001931641,True
3665,8343.5,4060.5,4,8.317897718762005,8.317897718762005,8.317897718762005,1.318374952013775,6.309204908707257,1.9060819392378913e-07,25.699711706560603,True
1224,9065.0,2518.0,5,8.312667034087882,8.312667034087882,8.312667034087882,1.3900286232498662,5.980212849612399,1.9048833054094535e-07,25.700394683236144,True
1198,9153.5,2507.5,4,8.310859125469769,8.310859125469769,8.310859125469769,1.1968147018444975,6.944148590973443,1.9044690153951623e-07,25.700630843943625,True
656,8698.8,2209.6,5,8.30899681848119,8.30899681848119,8.30899681848119,1.3562534388372012,6.126433733215085,1.9040422597609545e-07,25.7008741642392,True
1209,9326.166666666666,2513.1666666666665,6,8.305694940111996,8.305694940111996,8.305694940111996,1.264987025470454,6.5658340938501505,1.903285620170294e-07,25.701305706273008,True
1257,9076.4,2529.4,5,8.303176544128165,8.303176544128165,8.303176544128165,1.3897450035684347,5.974604350300364,1.9027085189287383e-07,25.701634965695735,True
1551,9037.5,2707.5,4,8.302793424938763,8.302793424938763,8.302793424938763,1.435275266514151,5.784809101534742,1.9026207255232185e-07,25.7016850641092,True
4070,8127.0,4138.25,4,8.301923197125038,8.301923197125038,8.301923197125038,1.1903536113271533,6.97433360820322,1.9024213090871374e-07,25.701798867658653,True
2014,9263.25,3454.0,4,8.299773615215862,8.299773615215862,8.299773615215862,1.200702477994291,6.912431486841093,1.9019287231727e-07,25.70208002914995,True
1950,9392.25,3353.0,4,8.299629610394081,8.299629610394081,8.299629610394081,1.0919753620155601,7.60056490200904,1.901895723850126e-07,25.70209886732703,True
4796,8554.5,4330.5,4,8.299341600750527,8.299341600750527,8.299341600750527,1.1865116670582727,6.994740828235719,1.9018297252049794e-07,25.70213654466177,True
2804,7878.5,3863.5,4,8.298376005505165,8.298376005505165,8.298376005505165,1.2125411162214381,6.843789372986252,1.9016084549128903e-07,25.70226287308151,True
1491,8001.25,2662.75,4,8.298206251476849,8.298206251476849,8.298206251476849,1.5011474822668298,5.527908716168261,1.9015695550491954e-07,25.70228508344887,True
175,8137.2,2009.6,5,8.296723030029039,8.296723030029039,8.296723030029039,1.1452238451211458,7.244630004321454,1.901229668492622e-07,25.702479165291887,True
2594,8919.5,3799.5,4,8.292672079418743,8.292672079418743,8.292672079418743,1.4017832635377236,5.915801889723145,1.900301375785005e-07,25.70300941534618,True
1293,9188.4,2549.8,5,8.287768505035142,8.287768505035142,8.287768505035142,1.3363777856749957,6.2016658716375215,1.8991777006826763e-07,25.703651616422697,True
952,9046.8,2421.2,5,8.286812923370105,8.286812923370105,8.286812923370105,1.344331531161963,6.164262855761078,1.8989587250454686e-07,25.703776809280924,True
1776,9277.0,3009.6,5,8.28575339120458,8.28575339120458,8.28575339120458,1.3524055676939466,6.126677964904438,1.8987159287052114e-07,25.70391563780174,True
698,8440.5,2346.5,4,8.285455149029339,8.285455149029339,8.285455149029339,1.5326826417691701,5.4058517551066325,1.8986475852315397e-07,25.703954719118794,True
2774,8043.75,3853.25,4,8.28525869212016,8.28525869212016,8.28525869212016,1.3220245141884492,6.26709913711867,1.8986025662881617e-07,25.70398046337834,True
3119,8984.5,3939.5,4,8.283988397930706,8.283988397930706,8.283988397930706,1.2055291145465714,6.871661827135974,1.8983114729261246e-07,25.70414694099647,True
3960,8792.4,4118.8,5,8.28390517037938,8.28390517037938,8.28390517037938,1.3303628871882474,6.226801160913023,1.8982924009757602e-07,25.704157849222714,True
2144,7975.75,3587.25,4,8.283522528027142,8.283522528027142,8.283522528027142,1.5183813369586399,5.455495484829435,1.8982047168395216e-07,25.704208001686084,True
2132,7805.25,3578.25,4,8.281764429424847,8.281764429424847,8.281764429424847,1.30209236658628,6.360350956620154,1.8978018410039993e-07,25.70443846329126,True
3778,8156.2,4080.4,5,8.281576297698717,8.281576297698717,8.281576297698717,1.3552564479730886,6.110707910731271,1.8977587298120255e-07,25.70446312757,True
4458,8376.4,4221.6,5,8.280075214324693,8.280075214324693,8.280075214324693,1.3436697386439795,6.162284508007806,1.897414750118447e-07,25.70465994134414,True
4742,8755.4,4306.4,5,8.2765704612119,8.2765704612119,8.2765704612119,1.3188401188603243,6.275643531654238,1.8966116209101237e-07,25.70511960418584,True
3163,8892.2,3949.8,5,8.27174725335668,8.27174725335668,8.27174725335668,1.4159391535195818,5.841880445777422,1.89550636214248e-07,25.705752506167798,True
2518,8849.5,3771.0,4,8.268041532848919,8.268041532848919,8.268041532848919,1.5317683629294314,5.397710080025871,1.894657180393614e-07,25.706239022052525,True
184,8648.2,2011.8,5,8.266982219634752,8.266982219634752,8.266982219634752,1.282879122081135,6.444085087473979,1.8944144342269996e-07,25.706378137027816,True
2495,9288.4,3757.6,5,8.265445850311021,8.265445850311021,8.265445850311021,1.207085371813474,6.84744098745341,1.8940623686066979e-07,25.706579933375746,True
2404,8957.5,3724.5,4,8.262698095654095,8.262698095654095,8.262698095654095,1.4294291164416635,5.780418210748896,1.8934327088414414e-07,25.70694093419351,True
1788,9503.2,3042.4,5,8.261875770507555,8.261875770507555,8.261875770507555,1.0912172030897276,7.571247728788055,1.8932442695070088e-07,25.707048994854155,True
754,8375.5,2362.5,4,8.260166090344036,8.260166090344036,8.260166090344036,1.5400835055432212,5.363453384581568,1.892852488964408e-07,25.707273696095605,True
3296,8129.5,3980.5,4,8.25826494059428,8.25826494059428,8.25826494059428,1.2756850794288381,6.47359216923016,1.8924168323448726e-07,25.70752361657767,True
1040,8821.5,2442.0,4,8.254677694653118,8.254677694653118,8.254677694653118,1.455088856480698,5.672971556264968,1.8915947995511017e-07,25.707995343869527,True
3437,8089.6,4012.2,5,8.24901737969945,8.24901737969945,8.24901737969945,1.3815221305949719,5.970962894490077,1.8902977141013434e-07,25.70874009940322,True
101,8770.6,1973.2,5,8.248074195800523,8.248074195800523,8.248074195800523,1.1857849848908966,6.955792408317115,1.8900815794654162e-07,25.70886424842709,True
2721,8805.0,3838.75,4,8.248062532757366,8.248062532757366,8.248062532757366,1.4724883118209888,5.6014451636340645,1.8900789068290517e-07,25.70886578369422,True
35,8723.4,1932.2,5,8.247505329070787,8.247505329070787,8.247505329070787,1.1703197275467505,7.0472240490719456,1.8899512212143236e-07,25.708939133847576,True
3297,8342.0,3980.5,4,8.244780939434612,8.244780939434612,8.244780939434612,1.4253565689978556,5.784363799741268,1.889326915643789e-07,25.709297843179026,True
2605,9134.5,3801.5,4,8.243447702740273,8.243447702740273,8.243447702740273,1.1918072016518737,6.916762787902821,1.8890213987367855e-07,25.70947342824436,True
1617,9161.25,2765.75,4,8.242880743359173,8.242880743359173,8.242880743359173,1.3216973378347883,6.236587233248653,1.8888914775628138e-07,25.709548104462172,True
1138,9302.5,2480.0,4,8.24198619685038,8.24198619685038,8.24198619685038,1.0359491750298797,7.9559754431125045,1.8886864883934505e-07,25.70966593878087,True
1922,9317.8,3295.6,5,8.240158698974351,8.240158698974351,8.240158698974351,1.3288674701657104,6.200888263106328,1.8882677094166862e-07,25.70990670606314,True
2457,8868.25,3745.25,4,8.23876277766093,8.23876277766093,8.23876277766093,1.5447858800776253,5.3332716746782625,1.8879478280603544e-07,25.710090650420753,True
2545,8979.0,3782.5,4,8.237038534496868,8.237038534496868,8.237038534496868,1.3593656818481366,6.059472182126988,1.8875527103437151e-07,25.7103179016725,True
1205,9023.5,2512.0,4,8.235273760174358,8.235273760174358,8.235273760174358,1.2801844220496665,6.432880777434471,1.8871483047382724e-07,25.71055054410281,True
4019,8946.0,4129.6,5,8.233210227905015,8.233210227905015,8.233210227905015,1.2867339133257985,6.398533638259974,1.8866754374678855e-07,25.71082263371444,True
3045,8132.0,3924.5,4,8.23248950800761,8.23248950800761,8.23248950800761,1.3210924679748368,6.231577052761168,1.8865102814120959e-07,25.71091768120093,True
3606,7996.8,4048.6,5,8.230243823943834,8.230243823943834,8.230243823943834,1.3368144900024577,6.156608778177369,1.8859956732767319e-07,25.71121389209841,True
3548,8931.0,4036.4,5,8.230055950103502,8.230055950103502,8.230055950103502,1.3358506300838595,6.160910332906645,1.8859526211803947e-07,25.711238676753997,True
2772,8926.0,3852.25,4,8.22984926066264,8.22984926066264,8.22984926066264,1.3397179299830622,6.142971648342938,1.8859052574084924e-07,25.71126594425113,True
3183,7929.75,3956.0,4,8.229467790936074,8.229467790936074,8.229467790936074,1.2024224591912214,6.844073584978955,1.8858178419844563e-07,25.711316271429588,True
1229,7808.6,2520.2,5,8.226974151550035,8.226974151550035,8.226974151550035,1.320314012127868,6.231073877865715,1.8852464138234704e-07,25.711645313952047,True
2728,7939.5,3841.5,4,8.226879995678509,8.226879995678509,8.226879995678509,1.2543755385324606,6.558546259044109,1.8852248376016586e-07,25.711657740030176,True
3369,9122.6,3996.8,5,8.226445815978746,8.226445815978746,8.226445815978746,1.2428381234124424,6.619080683968331,1.8851253434611817e-07,25.711715042076577,True
2229,9096.5,3634.5,4,8.222352903698528,8.222352903698528,8.222352903698528,1.2914136656022557,6.36693967448765,1.884187435056921e-07,25.712255363982507,True
1530,8034.5,2694.0,4,8.22139159998759,8.22139159998759,8.22139159998759,1.591213866180594,5.166742054430104,1.8839671481883523e-07,25.712382308577602,True
2284,8909.25,3668.75,4,8.218212049816692,8.218212049816692,8.218212049816692,1.5706738821927382,5.23228414439773,1.8832385406290192e-07,25.712802288627238,True
3124,8726.0,3940.25,4,8.21615878901347,8.21615878901347,8.21615878901347,1.3935613699816134,5.895799758802064,1.88276802710915e-07,25.713073585852463,True
115,8849.2,1981.6,5,8.214693687377672,8.214693687377672,8.214693687377672,1.1367476566149186,7.2264883411679275,1.882432292785218e-07,25.713267211094507,True
2759,8890.0,3848.5,4,8.214387815807903,8.214387815807903,8.214387815807903,1.3777115971978942,5.962342069642889,1.8823622010030667e-07,25.713307638897763,True
199,8758.4,2015.8,5,8.211413524566392,8.211413524566392,8.211413524566392,1.2292162375805704,6.6802026149025435,1.8816806294077957e-07,25.7137008368493,True
2230,9135.5,3635.0,4,8.21132890543803,8.21132890543803,8.21132890543803,1.2451999736269088,6.594385704587508,1.8816612385715845e-07,25.713712025486238,True
2332,8949.5,3691.5,4,8.20915309748515,8.20915309748515,8.20915309748515,1.4669187808961273,5.596187876516417,1.881162642846744e-07,25.71399975802447,True
4682,8057.2,4284.4,5,8.208923480926256,8.208923480926256,8.208923480926256,1.2847669343926937,6.389426176201051,1.881110025227406e-07,25.71403012735672,True
1190,8834.0,2504.5,4,8.204051893566692,8.204051893566692,8.204051893566692,1.5698864794152483,5.225888623884792,1.8799936800888336e-07,25.714674648999573,True
2337,9047.5,3695.5,4,8.202666681622112,8.202666681622112,8.202666681622112,1.3201625567811714,6.213376253922778,1.8796762528303058e-07,25.71485798544874,True
2512,8899.5,3767.5,4,8.197066229199017,8.197066229199017,8.197066229199017,1.46655275291183,5.589342908343256,1.8783928851361895e-07,25.71559953584206,True
2486,8887.5,3753.5,4,8.19656364283427,8.19656364283427,8.19656364283427,1.5018446612688428,5.45766406754035,1.878277715315023e-07,25.71566610757958,True
4643,8589.6,4273.2,5,8.194841525970201,8.194841525970201,8.194841525970201,1.3308370621224508,6.157659535646589,1.8778830848491476e-07,25.715894247219317,True
1907,7580.0,3269.25,4,8.194004934643349,8.194004934643349,8.194004934643349,1.0612210541385294,7.721298878012763,1.8776913763583064e-07,25.716005093030844,True
749,8278.5,2360.5,4,8.19285909495219,8.19285909495219,8.19285909495219,1.3770401791826847,5.949615137457283,1.8774288022783614e-07,25.71615693167884,True
3132,9101.6,3943.2,5,8.192697189269762,8.192697189269762,8.192697189269762,1.3143710544171057,6.233169211796923,1.8773917008967897e-07,25.716178387997818,True
840,7853.5,2391.5,4,8.192074697826943,8.192074697826943,8.192074697826943,1.1580171762914169,7.074225551698893,1.8772490543126883e-07,25.71626088673526,True
792,9178.5,2375.5,4,8.1899098571287,8.1899098571287,8.1899098571287,1.129874069575091,7.248515633435733,1.8767529717812887e-07,25.716547841704532,True
674,8170.0,2333.5,4,8.187558096264446,8.187558096264446,8.187558096264446,1.2521563778715519,6.5387664360116675,1.8762140556921127e-07,25.716859659372567,True
3987,8616.5,4123.0,4,8.186886709545696,8.186886709545696,8.186886709545696,1.265862903134268,6.4674355250280415,1.8760602045458108e-07,25.71694869431415,True
4005,8657.5,4126.0,4,8.186186712597452,8.186186712597452,8.186186712597452,1.2445430325839588,6.577664651419114,1.875899797242706e-07,25.71704153113358,True
4034,8706.2,4132.2,5,8.184186599670152,8.184186599670152,8.184186599670152,1.3516468503121695,6.054974047237246,1.875441462786565e-07,25.717306839075942,True
1958,9254.5,3365.5,4,8.182388704632366,8.182388704632366,8.182388704632366,1.213358519663061,6.743586971231342,1.875029467427156e-07,25.71754537886896,True
1497,9251.5,2665.75,4,8.181990068768105,8.181990068768105,8.181990068768105,1.2001036777777938,6.817736017540184,1.8749381183090385e-07,25.717598275883432,True
378,8523.5,2089.5,4,8.18178741297587,8.18178741297587,8.18178741297587,1.1959939668410806,6.840993884430721,1.8748916788650202e-07,25.717625168296383,True
1442,9278.5,2640.5,4,8.181162279461464,8.181162279461464,8.181162279461464,1.1860300769981207,6.897938288519835,1.8747484268388822e-07,25.717708127677486,True
843,8078.5,2392.5,4,8.180602472637737,8.180602472637737,8.180602472637737,1.26355877043677,6.474255621533122,1.8746201447041112e-07,25.717782423151796,True
746,8945.5,2359.5,4,8.180566233013714,8.180566233013714,8.180566233013714,1.2152502881696774,6.731589626145816,1.874611840238828e-07,25.717787232914784,True
2672,7973.5,3826.5,4,8.179586809490765,8.179586809490765,8.179586809490765,1.2804503246581092,6.388054774147355,1.8743874011376176e-07,25.717917231158346,True
3686,7873.5,4064.5,4,8.171600263928017,8.171600263928017,8.171600263928017,1.1176337228314535,7.311519057626313,1.8725572499661603e-07,25.718977861474546,True
1107,8941.0,2468.5,4,8.171055715893353,8.171055715893353,8.171055715893353,1.348910518855792,6.057522423966579,1.872432464448351e-07,25.719050216361957,True
4613,8467.6,4264.2,5,8.167504928527574,8.167504928527574,8.167504928527574,1.3390429242600783,6.0995094186698555,1.871618786293507e-07,25.71952213289647,True
2940,8686.5,3897.5,4,8.16717140040263,8.16717140040263,8.16717140040263,1.5092213124335585,5.411513429553546,1.8715423568931127e-07,25.719566470911293,True
239,8913.2,2032.6,5,8.16471161645482,8.16471161645482,8.16471161645482,1.1496121615254835,7.102144435929258,1.8709786868510092e-07,25.719893521564966,True
2609,9017.5,3803.5,4,8.161758821819866,8.161758821819866,8.161758821819866,1.2971167192512332,6.292231609296718,1.8703020412953336e-07,25.72028625263167,True
3554,7884.2,4037.6,5,8.15700259011815,8.15700259011815,8.15700259011815,1.2824082971681698,6.360690747346649,1.8692121304005385e-07,25.72091914540737,True
1626,9466.166666666666,2774.6666666666665,6,8.155079724810482,8.155079724810482,8.155079724810482,1.2222404050787825,6.672238694551115,1.8687714975677656e-07,25.721175118182735,True
3671,8271.5,4061.5,4,8.153058451031292,8.153058451031292,8.153058451031292,1.280836572302464,6.365416656064989,1.8683083140116514e-07,25.721444256217914,True
474,8064.0,2131.5,4,8.149751108501992,8.149751108501992,8.149751108501992,1.1073159700815565,7.3599147205487725,1.8675504222852655e-07,25.721884781706695,True
4412,8463.6,4209.2,5,8.138809345184068,8.138809345184068,8.138809345184068,1.3492246710353222,6.032212069572361,1.8650430702897407e-07,25.723343458229873,True
1951,9151.0,3353.5,4,8.138430517529095,8.138430517529095,8.138430517529095,1.389838685626894,5.855665554350441,1.8649562603077427e-07,25.723393995901354,True
293,8459.8,2054.8,5,8.13686909478734,8.13686909478734,8.13686909478734,1.3256270763637494,6.138128316680972,1.8645984535892419e-07,25.72360232302863,True
129,8142.0,1990.1666666666667,6,8.135268094561459,8.135268094561459,8.135268094561459,1.235203063706973,6.586178688827626,1.8642315775204986e-07,25.723815972150984,True
3749,8681.75,4075.75,4,8.134221952770794,8.134221952770794,8.134221952770794,1.2711391704199304,6.399159228240596,1.8639918496420744e-07,25.7239555996397,True
2880,8796.75,3884.75,4,8.133857172344769,8.133857172344769,8.133857172344769,1.4084385516492048,5.775088421728065,1.863908258642841e-07,25.72400429073744,True
1692,7614.25,2852.0,4,8.13351623377665,8.13351623377665,8.13351623377665,1.0708578573981267,7.595327594213792,1.8638301311076086e-07,25.724049801384776,True
2200,7857.5,3619.5,4,8.133192461346233,8.133192461346233,8.133192461346233,1.3365561098788266,6.08518595009348,1.8637559372664596e-07,25.724093022353006,True
2349,7953.25,3701.25,4,8.133178633068646,8.133178633068646,8.133178633068646,1.3727326530984942,5.92480889466034,1.8637527684573383e-07,25.72409486835314,True
2800,8186.5,3862.5,4,8.133043211315716,8.133043211315716,8.133043211315716,1.428318635753971,5.694137853926761,1.8637217359818059e-07,25.72411294658931,True
3785,8969.5,4082.5,4,8.130748670910439,8.130748670910439,8.130748670910439,1.1708733687212696,6.944174227645271,1.8631959322062333e-07,25.7244193038799,True
4629,8354.5,4267.5,4,8.129229467724404,8.129229467724404,8.129229467724404,1.1913614006530333,6.823478973943964,1.8628478002800135e-07,25.724622189011992,True
4882,9082.4,2165.2,5,8.127848289428453,8.127848289428453,8.127848289428453,1.1571964396476664,7.023741182528312,1.8625312973493702e-07,25.724806674232173,True
2754,7968.6,3849.0,5,8.12737288278173,8.12737288278173,8.12737288278173,1.4145795457983474,5.745433621546448,1.8624223558771674e-07,25.724870181975685,True
1690,9114.5,2848.5,4,8.126711767529095,8.126711767529095,8.126711767529095,1.4624168446776633,5.557041959073121,1.862270858481382e-07,25.724958503992106,True
2310,9188.2,3681.4,5,8.126014373718004,8.126014373718004,8.126014373718004,1.3354989451006374,6.084628073671494,1.862111047698321e-07,25.72505168044799,True
682,8783.25,2339.25,4,8.124814909313763,8.124814909313763,8.124814909313763,1.3078466551258932,6.212360506845253,1.861836185285367e-07,25.72521195558345,True
1701,9376.5,2860.5,4,8.121955793713173,8.121955793713173,8.121955793713173,1.11943053134402,7.255435300627117,1.8611810066822227e-07,25.725594092490525,True
4243,8822.4,4173.2,5,8.120628974853258,8.120628974853258,8.120628974853258,1.31582121891229,6.171529124272743,1.8608769604495045e-07,25.72577147500656,True
2887,7822.5,3886.5,4,8.115806501720986,8.115806501720986,8.115806501720986,1.1879460137058226,6.831797411738902,1.8597718700467757e-07,25.72641643600649,True
3710,8475.5,4068.0,4,8.113170545910442,8.113170545910442,8.113170545910442,1.323104182197926,6.131921170737239,1.8591678294666934e-07,25.72676913262741,True
3474,9159.4,4018.8,5,8.111007354675035,8.111007354675035,8.111007354675035,1.1852057293633602,6.843543828489512,1.8586721249167773e-07,25.72705865793592,True
1078,7891.0,2455.5,4,8.110944193218788,8.110944193218788,8.110944193218788,1.1964789958367883,6.779010932445321,1.8586576511981673e-07,25.727067112736144,True
3032,8259.5,3921.5,4,8.11014882883891,8.11014882883891,8.11014882883891,1.398737860464174,5.798190681810485,1.8584753900390546e-07,25.727173585943927,True
3713,7985.25,4069.0,4,8.110069197033486,8.110069197033486,8.110069197033486,1.1879877015888285,6.826728244902692,1.8584571420692867e-07,25.727184246606324,True
1285,9088.75,2543.0,4,8.102320593212688,8.102320593212688,8.102320593212688,1.2436696458873562,6.514849518122392,1.8566815162685728e-07,25.728222087474208,True
1826,7546.25,3104.0,4,8.101831358288369,8.101831358288369,8.101831358288369,1.0255422067702777,7.9000467311855695,1.856569405987247e-07,25.7282876484578,True
557,8066.2,2166.6,5,8.100469253478746,8.100469253478746,8.100469253478746,1.276182447572041,6.347422556147852,1.8562572738278055e-07,25.728470201114412,True
1219,9117.0,2515.25,4,8.100267332409462,8.100267332409462,8.100267332409462,1.2094002883499166,6.697755416828382,1.8562110027487028e-07,25.72849726568821,True
4040,8970.2,4131.6,5,8.099823615966539,8.099823615966539,8.099823615966539,1.2597331974264796,6.429792937515454,1.856109323222626e-07,25.728556741774902,True
2830,9299.4,3868.8,5,8.099692008910875,8.099692008910875,8.099692008910875,1.111970228194335,7.284090709931597,1.8560791649013338e-07,25.728574383110416,True
3626,8198.4,4054.2,5,8.098698757110341,8.098698757110341,8.098698757110341,1.3964635018969929,5.799434604705999,1.855851556991003e-07,25.72870753330505,True
648,8542.5,2202.0,4,8.094038408611858,8.094038408611858,8.094038408611858,1.2261255391681827,6.6013129569937385,1.854783618143489e-07,25.729332493641223,True
1298,8067.25,2555.0,4,8.093234938000286,8.093234938000286,8.093234938000286,1.4970172989128634,5.40624009079762,1.854599499406615e-07,25.72944027672667,True
1401,9226.5,2609.5,4,8.092721861218058,8.092721861218058,8.092721861218058,1.1976798369240529,6.756999334648757,1.8544819256612873e-07,25.729509109980754,True
1823,7617.75,3099.25,4,8.088931959484658,8.088931959484658,8.088931959484658,1.135977263504133,7.120681213753208,1.8536134534234975e-07,25.73001769008576,True
2031,7578.4,3480.8,5,8.088017604766588,8.088017604766588,8.088017604766588,1.1628314176871601,6.955451565673581,1.8534039251180172e-07,25.73014042620712,True
213,8867.0,2021.0,5,8.087980888305406,8.087980888305406,8.087980888305406,1.1608027000070658,6.967575875087278,1.853395511383454e-07,25.730145355039333,True
4497,8952.2,4230.8,5,8.086542747436265,8.086542747436265,8.086542747436265,1.2028626912641032,6.7227479962305745,1.8530659552348414e-07,25.73033842924027,True
872,8861.75,2400.0,4,8.084656637524212,8.084656637524212,8.084656637524212,1.337193486693895,6.04598864560198,1.852633745058624e-07,25.730591696518502,True
3708,8227.0,4067.5,4,8.083517950390423,8.083517950390423,8.083517950390423,1.2519819475379426,6.456577082670311,1.8523728100178792e-07,25.73074462829721,True
2262,7902.0,3654.5,4,8.081618231152142,8.081618231152142,8.081618231152142,1.3612075822359297,5.937094633191225,1.851937481206184e-07,25.73099981871963,True
4786,8201.4,4327.2,5,8.080293319640855,8.080293319640855,8.080293319640855,1.318763188702079,6.127175363147226,1.851633872050585e-07,25.731177830385473,True
407,8516.5,2098.5,4,8.079605024670204,8.079605024670204,8.079605024670204,1.1982314943460908,6.742941629221218,1.8514761463058375e-07,25.73127031942887,True
2474,8921.5,3749.5,4,8.078166883801067,8.078166883801067,8.078166883801067,1.4579263859104825,5.540860609883407,1.8511465901572258e-07,25.731463593801365,True
4483,8678.6,4227.8,5,8.077095649657945,8.077095649657945,8.077095649657945,1.3343117332522723,6.053379767538059,1.8509011122586102e-07,25.73160758127198,True
2065,9366.8,3523.6,5,8.076867244659166,8.076867244659166,8.076867244659166,1.2128255069171212,6.659545992885439,1.8508487722734692e-07,25.73163828427386,True
4628,8760.2,4266.2,5,8.07661404412816,8.07661404412816,8.07661404412816,1.3214816809703158,6.111786610766936,1.8507907502857658e-07,25.731672321393006,True
1709,7813.5,2872.0,4,8.072369497631634,8.072369497631634,8.072369497631634,1.3659262754606665,5.9098134669890445,1.849818094250451e-07,25.732243064176693,True
2652,8249.0,3818.75,4,8.071246069286907,8.071246069286907,8.071246069286907,1.5832713861549603,5.097828546556545,1.8495606558266674e-07,25.73239417615334,True
1947,9438.6,3350.8,5,8.069525382934312,8.069525382934312,8.069525382934312,1.1538194072531216,6.993750783014905,1.849166353168632e-07,25.73262566589132,True
3320,8829.5,3985.5,4,8.067362230633343,8.067362230633343,8.067362230633343,1.264797501149152,6.378382486764571,1.8486706575407093e-07,25.732916752108178,True
3231,8868.5,3966.5,4,8.067092817638958,8.067092817638958,8.067092817638958,1.264100635101392,6.381685598150108,1.8486089203974846e-07,25.732953011336164,True
105,8182.2,1975.4,5,8.065865180907945,8.065865180907945,8.065865180907945,1.132980952875415,7.119153380679018,1.8483276021750147e-07,25.73311824943421,True
741,9127.8,2358.4,5,8.064259193359117,8.064259193359117,8.064259193359117,1.2923482035785965,6.240004954569254,1.8479595832398265e-07,25.733334450970098,True
530,8532.5,2156.5,4,8.063261907909954,8.063261907909954,8.063261907909954,1.2090362639053287,6.6691646467779835,1.8477310510016114e-07,25.73346872937696,True
744,9275.6,2358.8,5,8.062350891051988,8.062350891051988,8.062350891051988,1.1501310881997808,7.009940843935814,1.8475222875810906e-07,25.73359140675973,True
195,8906.2,2013.4,5,8.060898445068101,8.060898445068101,8.060898445068101,1.1332109069785536,7.113325856137966,1.8471894533540767e-07,25.7337870215718,True
3600,8511.5,4047.0,4,8.058375757549847,8.058375757549847,8.058375757549847,1.348745595138535,5.9747188695894415,1.8466113686890006e-07,25.73412685984985,True
3462,8215.0,4016.75,4,8.056312483166302,8.056312483166302,8.056312483166302,1.2863840149830899,6.262758545916949,1.8461385605142506e-07,25.734404888400864,True
1208,9042.0,2512.5,4,8.055213850353802,8.055213850353802,8.055213850353802,1.260315851316473,6.391424690834178,1.845886804093029e-07,25.7345529594647,True
1691,9300.8,2848.6,5,8.050865791259508,8.050865791259508,8.050865791259508,1.3326305147153614,6.041333814856479,1.8448904277019515e-07,25.735139178507303,True
144,8804.0,1995.5,6,8.049533727190854,8.049533727190854,8.049533727190854,1.2927874242924886,6.226494453715907,1.8445851795071533e-07,25.735318834942294,True
462,8762.4,2125.2,5,8.048326156554918,8.048326156554918,8.048326156554918,1.31670085319408,6.1124940695763375,1.8443084595164373e-07,25.735481726552877,True
1445,9263.4,2642.8,5,8.047705791412096,8.047705791412096,8.047705791412096,1.3326054368303066,6.039076210400368,1.8441663001831e-07,25.735565418347008,True
3310,8174.25,3983.75,4,8.047629278515423,8.047629278515423,8.047629278515423,1.2909160768320898,6.234045282218747,1.8441487669246497e-07,25.735575740943176,True
59,8514.8,1948.4,5,8.044631145416002,8.044631145416002,8.044631145416002,1.2036773774626899,6.683378200871237,1.8434617318653767e-07,25.735980305821524,True
4108,7928.4,4144.8,5,8.041362903533678,8.041362903533678,8.041362903533678,1.2550636208561505,6.407135678148495,1.8427128002199552e-07,25.736421490690248,True
3029,9040.5,3920.5,4,8.040709894512734,8.040709894512734,8.040709894512734,1.1935554873214322,6.736770916748606,1.842563160401931e-07,25.736509662848817,True
4246,8217.5,4173.5,4,8.038943212841591,8.038943212841591,8.038943212841591,1.1969399225657922,6.716246205247377,1.8421583177193682e-07,25.736748243898738,True
1873,9144.5,3169.5,4,8.038923662518108,8.038923662518108,8.038923662518108,1.436649113160436,5.595606880537135,1.842153837678887e-07,25.73675088436021,True
4033,8623.5,4131.5,4,8.036465090130413,8.036465090130413,8.036465090130413,1.2565756999272397,6.395528013629225,1.8415904452709804e-07,25.737082989681607,True
762,8795.5,2365.5,4,8.033457678173626,8.033457678173626,8.033457678173626,1.3343258412736867,6.020611629993805,1.840901283921743e-07,25.737489370736366,True
342,8319.6,2074.6,5,8.032179019866685,8.032179019866685,8.032179019866685,1.3032230070740431,6.163318922599664,1.8406082738863084e-07,25.737662197452966,True
4804,8729.5,4333.5,4,8.028462332104287,8.028462332104287,8.028462332104287,1.1775932630143502,6.817687043787419,1.8397565789440017e-07,25.73816471070247,True
3553,7862.2,4037.6,5,8.028461597381334,8.028461597381334,8.028461597381334,1.257368753188437,6.385128926595919,1.8397564105790857e-07,25.73816481006338,True
795,8979.25,2377.0,4,8.026149195049845,8.026149195049845,8.026149195049845,1.2102659689806632,6.631723439939243,1.8392265136665087e-07,25.73847757491095,True
3924,8902.6,4113.0,5,8.026057861266832,8.026057861266832,8.026057861266832,1.3215352131619442,6.073283391415238,1.839205584138384e-07,25.738489930145914,True
4776,8356.6,4322.2,5,8.024661205230455,8.024661205230455,8.024661205230455,1.3249062802375438,6.056776486704935,1.8388855344171353e-07,25.738678881185656,True
3941,8408.0,4115.75,4,8.02444974741801,8.02444974741801,8.02444974741801,1.2690464197238198,6.323212155757357,1.8388370779524324e-07,25.738707491792617,True
618,8620.2,2183.4,5,8.019995830474599,8.019995830474599,8.019995830474599,1.3568500459777544,5.910745888426706,1.8378164437811858e-07,25.739310289686653,True
2254,9140.5,3646.5,4,8.018072527264202,8.018072527264202,8.018072527264202,1.230440622542864,6.516423775650241,1.8373757106011243e-07,25.739570695103527,True
170,8261.5,2006.5,4,8.01549283823832,8.01549283823832,8.01549283823832,1.075140696259386,7.45529665663825,1.8367845637960856e-07,25.739920069897305,True
3967,9039.6,4120.2,5,8.01308979791234,8.01308979791234,8.01308979791234,1.2000519376140661,6.6772858296815905,1.8362338967983082e-07,25.740245621814427,True
4170,8022.4,4158.2,5,8.012172840057115,8.012172840057115,8.012172840057115,1.3019010358595162,6.154210358061103,1.8360237719727836e-07,25.740369872426136,True
4695,8110.8,4289.8,5,8.01103844445775,8.01103844445775,8.01103844445775,1.307371651695978,6.127590753605137,1.8357638203555591e-07,25.740523606200583,True
4816,8610.6,4339.0,5,8.010779521880846,8.010779521880846,8.010779521880846,1.3207074253255102,6.065521680478518,1.835704487136495e-07,25.740558698549854,True
1340,9315.0,2581.25,4,8.009001177166542,8.009001177166542,8.009001177166542,1.110180376184932,7.214144069713241,1.8352969718175672e-07,25.740799752192856,True
3888,7871.8,4105.4,5,8.008378169952135,8.008378169952135,8.008378169952135,1.2250689757679762,6.537083485386454,1.8351542070421938e-07,25.74088421313671,True
864,8074.5,2397.5,4,8.00811664423808,8.00811664423808,8.00811664423808,1.2657265086405907,6.326893360903784,1.8350942773030862e-07,25.74091967007526,True
636,8683.5,2192.5,4,8.004036825512493,8.004036825512493,8.004036825512493,1.209470464934451,6.6178026314568035,1.83415936934303e-07,25.7414729506822,True
921,8955.5,2412.5,4,8.002705973003948,8.002705973003948,8.002705973003948,1.2615495239838732,6.343552766546999,1.8338543987824275e-07,25.741653493941158,True
2549,8079.75,3784.25,4,8.001253050182903,8.001253050182903,8.001253050182903,1.4499515353271923,5.518289994691003,1.8335214552861334e-07,25.74185063152587,True
3862,8766.0,4098.5,4,8.00071994624003,8.00071994624003,8.00071994624003,1.201062954603276,6.661366013809621,1.8333992922310438e-07,25.74192297388666,True
1011,9195.5,2435.5,4,7.993204515789589,7.993204515789589,7.993204515789589,1.1493104793812479,6.954782592857655,1.8316770991082704e-07,25.742943333280543,True
4060,8282.0,4135.0,5,7.992283008514147,7.992283008514147,7.992283008514147,1.3645979906992727,5.856877309645307,1.8314659317635898e-07,25.74306851104712,True
85,8206.8,1964.6,5,7.990714214263659,7.990714214263659,7.990714214263659,1.1365769009128308,7.030509073205688,1.8311064358322452e-07,25.743281649634,True
3919,8335.0,4112.75,4,7.986294668530071,7.986294668530071,7.986294668530071,1.2603155081722563,6.336742360737917,1.8300936779711542e-07,25.74388232038146,True
4556,8251.5,4248.5,4,7.984770696972451,7.984770696972451,7.984770696972451,1.1882570410105777,6.719733543662941,1.8297444533521327e-07,25.744089523979,True
1211,9016.0,2513.5,4,7.983987253521526,7.983987253521526,7.983987253521526,1.2907363874322775,6.185606395899667,1.8295649239250215e-07,25.744196058616495,True
2275,7941.25,3666.0,4,7.978334349011028,7.978334349011028,7.978334349011028,1.3930062552047509,5.727421767993665,1.8282695366101002e-07,25.74496506496764,True
1681,9441.75,2834.0,4,7.9760259803281635,7.9760259803281635,7.9760259803281635,1.033091446533571,7.720542075041735,1.8277405640254064e-07,25.745279246096644,True
2391,9043.5,3719.5,4,7.975358408306683,7.975358408306683,7.975358408306683,1.316717951050091,6.05699831307554,1.8275875870333457e-07,25.745370123113428,True
2874,8686.5,3883.5,4,7.975225370739544,7.975225370739544,7.975225370739544,1.531103807732738,5.208807744100171,1.8275571009042136e-07,25.745388234513644,True
3479,7929.6,4021.0,5,7.967198512969714,7.967198512969714,7.967198512969714,1.3256266314263536,6.01013763913081,1.8257177120175967e-07,25.74648155017143,True
3245,7812.2,3971.4,5,7.967002056060534,7.967002056060534,7.967002056060534,1.2584749426657773,6.330679925326404,1.8256726930742187e-07,25.74650832282037,True
2476,8918.5,3750.5,4,7.965358656262005,7.965358656262005,7.965358656262005,1.4609661081461494,5.452117343344409,1.8252961009615436e-07,25.746732307036986,True
624,8546.5,2187.5,4,7.96413652262553,7.96413652262553,7.96413652262553,1.2156087739537584,6.5515622240223195,1.825016043796791e-07,25.746898905504025,True
3145,8721.75,3946.25,4,7.961688917492474,7.961688917492474,7.961688917492474,1.3898746527389059,5.728350324112366,1.8244551645823253e-07,25.74723263433194,True
4305,8321.75,4185.75,4,7.959471624706827,7.959471624706827,7.959471624706827,1.207430486208907,6.592074422187231,1.8239470624301204e-07,25.74753504885293,True
4429,8689.25,4213.0,4,7.9590958770261615,7.9590958770261615,7.9590958770261615,1.1949046954295686,6.660862500138443,1.8238609582374452e-07,25.7475863050807,True
2546,9145.5,3782.5,4,7.956953924511514,7.956953924511514,7.956953924511514,1.1893410594838252,6.6902204889527965,1.823370120631488e-07,25.747878537818984,True
2359,7965.75,3709.0,4,7.956631582592571,7.956631582592571,7.956631582592571,1.3767953190806206,5.77909546344605,1.8232962545981788e-07,25.747922522663455,True
4061,8782.4,4135.2,5,7.952353141723376,7.952353141723376,7.952353141723376,1.327292864664463,5.991408040706761,1.8223158315219878e-07,25.74850650188577,True
1877,9238.5,3186.5,4,7.950556200359905,7.950556200359905,7.950556200359905,1.256567175432042,6.32720347611045,1.8219040547011388e-07,25.74875186633607,True
3194,8918.5,3956.5,4,7.946918886517131,7.946918886517131,7.946918886517131,1.2372217795878584,6.423196728046929,1.821070548632963e-07,25.74924869534502,True
3319,8807.5,3985.5,4,7.94322816691264,7.94322816691264,7.94322816691264,1.2776042798743938,6.21728362376304,1.820224804405423e-07,25.74975305165523,True
4677,8231.5,4284.0,4,7.943020742748818,7.943020742748818,7.943020742748818,1.1834133886187739,6.711957815535237,1.820177272268603e-07,25.7497814042167,True
39,8508.5,1936.5,4,7.942526739452919,7.942526739452919,7.942526739452919,1.0632256253544499,7.4702175625282745,1.8200640692944776e-07,25.749848931919402,True
4016,8371.25,4129.0,4,7.942103784893595,7.942103784893595,7.942103784893595,1.2528714954345765,6.339120822713555,1.819967147443079e-07,25.749906750963724,True
4249,8731.5,4173.5,4,7.941030901287636,7.941030901287636,7.941030901287636,1.1916571061978762,6.66385561751437,1.8197212915629796e-07,25.750053430898035,True
1931,7481.2,3312.4,5,7.94083752435277,7.94083752435277,7.94083752435277,1.09314835594101,7.264190154242234,1.819676978408926e-07,25.75007987065106,True
4447,8415.5,4217.5,4,7.9405106719480365,7.9405106719480365,7.9405106719480365,1.2042683712422342,6.593638811386529,1.8196020787784515e-07,25.750124561502883,True
3028,8170.5,3920.5,4,7.940111082409466,7.940111082409466,7.940111082409466,1.3405847118316228,5.922871574121563,1.8195105111217756e-07,25.750179200274065,True
2149,9081.0,3588.75,4,7.939182203625286,7.939182203625286,7.939182203625286,1.3527135100518362,5.8690788142724,1.8192976545642498e-07,25.75030622322261,True
2783,7989.0,3857.5,4,7.937699716900433,7.937699716900433,7.937699716900433,1.2730765373260637,6.235053026405284,1.8189579363725933e-07,25.75050898211733,True
3544,8559.5,4035.5,4,7.928521078442181,7.928521078442181,7.928521078442181,1.3615875784989229,5.82299750940953,1.8168546120010267e-07,25.751765183115005,True
2219,9361.5,3626.5,4,7.92629377207621,7.92629377207621,7.92629377207621,1.062388390621581,7.460824913042116,1.8163442151939405e-07,25.752070234570898,True
517,8826.5,2150.5,4,7.924023073528847,7.924023073528847,7.924023073528847,1.17838729245786,6.724464125034016,1.8158238748823711e-07,25.75238131726582,True
3118,8835.75,3939.75,4,7.9144310172544365,7.9144310172544365,7.9144310172544365,1.3161682814341429,6.0132363990952555,1.8136258140450077e-07,25.75369640066837,True
3864,8924.5,4099.0,4,7.914410036419472,7.914410036419472,7.914410036419472,1.1813089460215531,6.699695336324891,1.813621006196685e-07,25.753699278914738,True
4438,8753.5,4214.5,4,7.9142679389463275,7.9142679389463275,7.9142679389463275,1.1835608511190312,6.686828084473695,1.8135884439512318e-07,25.75371877269324,True
133,8734.2,1990.6,5,7.914108894286852,7.914108894286852,7.914108894286852,1.2241728675335943,6.464862197307007,1.8135519981853413e-07,25.753740591802906,True
3701,8504.5,4066.5,4,7.910981100414837,7.910981100414837,7.910981100414837,1.3236277735636044,5.976741542009273,1.8128352508038895e-07,25.754169778504938,True
1263,8002.75,2535.0,4,7.91082374415263,7.91082374415263,7.91082374415263,1.3446669748999331,5.88311001297651,1.8127991919414749e-07,25.7541913749527,True
4713,8241.2,4296.8,5,7.910176418243151,7.910176418243151,7.910176418243151,1.3225191267132275,5.981143303312224,1.8126508544328187e-07,25.754280222076066,True
4947,7888.2,4077.6,5,7.909080169616442,7.909080169616442,7.909080169616442,1.2564404817885666,6.294830741491008,1.8123996443579978e-07,25.754430701565248,True
4327,8556.0,4190.5,4,7.908560198162636,7.908560198162636,7.908560198162636,1.2123190531608277,6.523497405689521,1.8122804906691055e-07,25.754502084125473,True
4056,9074.6,4133.8,5,7.906306884704333,7.906306884704333,7.906306884704333,1.1613093775352035,6.808096996069132,1.8117641342252618e-07,25.754811477053792,True
4834,8427.8,4351.8,5,7.905537269530993,7.905537269530993,7.905537269530993,1.3257463724973273,5.963084216960157,1.811587773607271e-07,25.754917169855965,True
585,8175.2,2173.4,5,7.905391834197741,7.905391834197741,7.905391834197741,1.322998839757944,5.975358100574081,1.8115544464768576e-07,25.754937143939177,True
4839,8607.8,4355.2,5,7.904168270049792,7.904168270049792,7.904168270049792,1.3205830502136997,5.985362502396741,1.8112740615042648e-07,25.75510520274513,True
2579,8016.5,3794.5,4,7.902390879009808,7.902390879009808,7.902390879009808,1.3405730016030353,5.894785938222132,1.8108667647238975e-07,25.75534937705177,True
3485,8632.5,4021.5,4,7.900102537487591,7.900102537487591,7.900102537487591,1.3615310789966406,5.802366658651266,1.8103423814489663e-07,25.755663825562067,True
118,8164.0,1983.6,5,7.898251197753649,7.898251197753649,7.898251197753649,1.1316010855571084,6.979713344712101,1.809918139008199e-07,25.75591829088413,True
1053,9053.5,2445.5,4,7.89671937785014,7.89671937785014,7.89671937785014,1.207274303998316,6.540948773362739,1.8095671159070543e-07,25.75612888353141,True
44,8520.5,1941.5,4,7.896025102947792,7.896025102947792,7.896025102947792,1.068657250280362,7.388734882841315,1.8094080198353095e-07,25.756224345013603,True
282,8080.6,2051.2,5,7.894546173034411,7.894546173034411,7.894546173034411,1.1596002907104823,6.807989128907043,1.8090691167022574e-07,25.756427723058373,True
1106,8837.5,2468.0,4,7.89153663477763,7.89153663477763,7.89153663477763,1.494521199681797,5.280310936009365,1.8083794681022564e-07,25.756841703489663,True
4155,8482.0,4154.8,5,7.890832088409167,7.890832088409167,7.890832088409167,1.3737948274647513,5.743821370306934,1.808218018279995e-07,25.756938640966425,True
2805,8072.75,3863.75,4,7.890372675274456,7.890372675274456,7.890372675274456,1.3408793615569068,5.8844761889040305,1.8081127417896692e-07,25.757001855591785,True
3974,9016.8,4120.4,5,7.889935634551745,7.889935634551745,7.889935634551745,1.2212721078248614,6.460423998877746,1.8080125920335124e-07,25.757061995219782,True
102,8390.4,1973.2,5,7.887231967864733,7.887231967864733,7.887231967864733,1.2404226933973297,6.358503443904916,1.807393035215663e-07,25.757434111294153,True
3380,8156.5,3999.5,4,7.881359499310101,7.881359499310101,7.881359499310101,1.2726564468675952,6.192841374204788,1.806047333858278e-07,25.75824280140818,True
465,8750.5,2126.5,4,7.879819315289102,7.879819315289102,7.879819315289102,1.1796975220990922,6.679525189870843,1.8056943940837355e-07,25.758454997916903,True
2589,7606.333333333333,3800.5,6,7.876980664751889,7.876980664751889,7.876980664751889,1.2285225290345598,6.411751090101743,1.805043905137642e-07,25.75884619736072,True
1395,7828.5,2609.5,4,7.870645922039592,7.870645922039592,7.870645922039592,1.2213888961054027,6.444012997937371,1.80359227167425e-07,25.759719708025152,True
2159,7839.0,3592.5,4,7.870598715160931,7.870598715160931,7.870598715160931,1.3330944750416538,5.904006702086892,1.803581454015526e-07,25.759726220117237,True
1799,9370.5,3066.5,4,7.8696841414914935,7.8696841414914935,7.8696841414914935,1.1382269537697214,6.913985049666674,1.8033718755364006e-07,25.759852391388108,True
1480,9429.0,2657.75,4,7.868134897564492,7.868134897564492,7.868134897564492,1.0170647934445713,7.736119614284235,1.8030168596455378e-07,25.760066152929376,True
3993,8890.6,4123.8,5,7.867334983764391,7.867334983764391,7.867334983764391,1.3208279349889087,5.956366287657639,1.8028335559672684e-07,25.760176539893443,True
3442,8250.5,4013.5,4,7.8654407676206475,7.8654407676206475,7.8654407676206475,1.3089266491176286,6.009076805734596,1.8023994882132902e-07,25.76043798378476,True
1986,9243.5,3418.5,4,7.861970823620403,7.861970823620403,7.861970823620403,1.213746367482514,6.477441279537891,1.8016043356624102e-07,25.760917076465564,True
4307,8582.5,4185.5,4,7.86130468211039,7.86130468211039,7.86130468211039,1.2142053945363325,6.474443877028219,1.801451686478188e-07,25.761009074339047,True
4615,8608.5,4263.5,4,7.860581796978554,7.860581796978554,7.860581796978554,1.1906999112403798,6.601648091826935,1.8012860342496413e-07,25.76110891764489,True
1855,9170.5,3136.5,4,7.859283846233929,7.859283846233929,7.859283846233929,1.3718901185419503,5.728799806931187,1.8009886032693624e-07,25.761288210795428,True
3758,8032.0,4077.25,4,7.856637876843057,7.856637876843057,7.856637876843057,1.1944145679339886,6.577814845671966,1.800382268034398e-07,25.761653804979737,True
4113,8909.25,4145.0,4,7.855547827099404,7.855547827099404,7.855547827099404,1.1676063250011701,6.727907907737252,1.800132478460217e-07,25.76180445320855,True
4597,8077.5,4258.5,4,7.853753012035927,7.853753012035927,7.853753012035927,1.160342293386898,6.768479488161874,1.7997211888901317e-07,25.762052547725773,True
3546,8849.75,4035.25,4,7.8503412421689855,7.8503412421689855,7.8503412421689855,1.209567167926157,6.490206951986516,1.7989393671914173e-07,25.7625243077732,True
418,8790.5,2103.5,4,7.848647039745888,7.848647039745888,7.848647039745888,1.146007580228377,6.84868684566799,1.7985511334394207e-07,25.76275864859607,True
2383,9053.0,3717.25,4,7.847392481182659,7.847392481182659,7.847392481182659,1.3038927598445544,6.018433971608369,1.798263645963626e-07,25.762932210806355,True
3904,8834.4,4108.4,5,7.845581672607165,7.845581672607165,7.845581672607165,1.3291208100061254,5.9028356290433885,1.7978486914116624e-07,25.763182776495146,True
3909,8226.5,4110.5,4,7.840536516522012,7.840536516522012,7.840536516522012,1.2152403756187398,6.45184004237022,1.7966925722551532e-07,25.76388119132833,True
2307,7928.5,3679.5,4,7.840252798412884,7.840252798412884,7.840252798412884,1.3688764269415528,5.727509542939657,1.7966275570335276e-07,25.763920480552475,True
4879,8042.8,2056.4,5,7.83726897042821,7.83726897042821,7.83726897042821,1.1384281581393612,6.88428946033572,1.795943800052656e-07,25.764333766549917,True
1546,7975.5,2704.5,4,7.837084692333782,7.837084692333782,7.837084692333782,1.4709102410640562,5.328050939848264,1.7959015719369155e-07,25.764359295819347,True
4737,8358.0,4305.25,4,7.834543627117714,7.834543627117714,7.834543627117714,1.1865628969930506,6.6027208898675,1.7953192759435603e-07,25.764711387697954,True
2952,7794.8,3902.8,5,7.834415100036364,7.834415100036364,7.834415100036364,1.2986474090387248,6.032749956229842,1.7952898234115928e-07,25.764729199539566,True
2560,7868.5,3786.5,4,7.834074419354046,7.834074419354046,7.834074419354046,1.2466607729772923,6.28404662211726,1.795211754971998e-07,25.76477641396322,True
885,8081.0,2403.5,4,7.834045809124554,7.834045809124554,7.834045809124554,1.2797451812806413,6.121566952324854,1.7952051988151954e-07,25.76478037910537,True
4374,8304.4,4200.2,5,7.832880638061266,7.832880638061266,7.832880638061266,1.3439264956713686,5.8283549459662165,1.7949381948684114e-07,25.76494187452245,True
4136,9052.0,4148.8,5,7.832823417602282,7.832823417602282,7.832823417602282,1.1656555111034568,6.719672615957878,1.7949250825548062e-07,25.764949806029872,True
4751,8742.0,4310.0,5,7.831545970855456,7.831545970855456,7.831545970855456,1.3193227812085035,5.936034822109065,1.7946323501535682e-07,25.76512689202055,True
2665,9073.75,3824.25,4,7.829752844189248,7.829752844189248,7.829752844189248,1.213787067118817,6.450680730002207,1.7942214474869589e-07,25.765375512849857,True
937,7820.5,2417.5,4,7.829262178753456,7.829262178753456,7.829262178753456,1.1310088511915013,6.92237038685015,1.7941090093977935e-07,25.76544355457885,True
1599,9417.4,2746.8,5,7.82650818627904,7.82650818627904,7.82650818627904,1.1715576138860586,6.68042962080072,1.7934779202099036e-07,25.76582553633998,True
214,8542.5,2021.5,4,7.826486509655556,7.826486509655556,7.826486509655556,1.1687217097559928,6.696621141135113,1.7934729529186575e-07,25.76582854344442,True
311,8796.8,2065.2,5,7.823771140990954,7.823771140990954,7.823771140990954,1.2431672185171863,6.293418153611644,1.7928507145424513e-07,25.766205300704755,True
3755,8220.5,4077.5,4,7.822979849194132,7.822979849194132,7.822979849194132,1.2400896051761607,6.308398858067067,1.7926693866332145e-07,25.7663151170051,True
1595,9195.5,2744.5,4,7.821179788921917,7.821179788921917,7.821179788921917,1.2682492428470185,6.166910670779987,1.792256895101049e-07,25.766564972626895,True
3938,8587.5,4114.5,4,7.819110792492473,7.819110792492473,7.819110792492473,1.276290472769871,6.126435133158236,1.791782775694938e-07,25.766852228714928,True
614,8889.8,2181.6,5,7.817276618896227,7.817276618896227,7.817276618896227,1.32087651026484,5.918249403442595,1.7913624669482525e-07,25.767106945950566,True
286,8273.0,2053.0,5,7.81525912087987,7.81525912087987,7.81525912087987,1.2481952405213752,6.261247333081811,1.7909001486243865e-07,25.767387191035308,True
2203,9128.5,3620.5,4,7.8142651732908135,7.8142651732908135,7.8142651732908135,1.2652444190451353,6.176091398362496,1.7906723812711314e-07,25.767525284155,True
2682,7913.5,3828.5,4,7.81357614359721,7.81357614359721,7.81357614359721,1.2490526999490712,6.255601660294878,1.7905144871614679e-07,25.767621024119308,True
3625,8400.0,4052.5,4,7.812503736828411,7.812503736828411,7.812503736828411,1.3443906242300414,5.811185823542011,1.790268740550649e-07,25.767770050729418,True
1838,9304.5,3115.5,4,7.812307756756388,7.812307756756388,7.812307756756388,1.1961348587526435,6.531293440359425,1.7902238308765503e-07,25.76779728723844,True
1331,7950.5,2577.5,4,7.811674993847454,7.811674993847454,7.811674993847454,1.3389304191254032,5.834265083730104,1.7900788305419326e-07,25.76788523070466,True
486,9104.5,2136.3333333333335,6,7.809863927386166,7.809863927386166,7.809863927386166,1.2232972060753775,6.384273493472636,1.7896638168943333e-07,25.768136978044662,True
3324,8186.0,3986.5,4,7.808683317516888,7.808683317516888,7.808683317516888,1.293927217658076,6.034870594692409,1.7893932750789367e-07,25.768301120184276,True
2463,9077.5,3745.5,4,7.807853620861614,7.807853620861614,7.807853620861614,1.2552763039789094,6.220027890363808,1.7892031465316602e-07,25.768416489129642,True
427,8799.8,2108.4,5,7.807522914825182,7.807522914825182,7.807522914825182,1.2822487882766644,6.088929844354505,1.789127363824953e-07,25.768462477071864,True
2371,7849.5,3714.0,4,7.803451937054241,7.803451937054241,7.803451937054241,1.2716545365574035,6.136455863382191,1.7881944818075743e-07,25.769028746391598,True
549,8885.8,2162.8,5,7.797317645965319,7.797317645965319,7.797317645965319,1.3152523312501199,5.928381543756042,1.7867887826934522e-07,25.769882578919994,True
4510,8675.5,4234.5,4,7.796225469921669,7.796225469921669,7.796225469921669,1.1923815367158621,6.538364801751762,1.786538505868507e-07,25.770034669444346,True
1281,9133.5,2540.5,4,7.795413416241251,7.795413416241251,7.795413416241251,1.2112093738281917,6.436057699588956,1.7863524202845926e-07,25.77014776545539,True
4987,8177.2,4257.2,5,7.793687484679919,7.793687484679919,7.793687484679919,1.321394966673843,5.898075655833505,1.7859569156644774e-07,25.770388177831016,True
4380,8352.0,4202.0,5,7.792972228942614,7.792972228942614,7.792972228942614,1.3476521896648348,5.782628699531702,1.7857930117444115e-07,25.770487824460183,True
4086,8787.6,4141.2,5,7.7922927359921745,7.7922927359921745,7.7922927359921745,1.3249997445526753,5.880976783601479,1.7856373030203486e-07,25.77058249722953,True
1509,9302.75,2672.0,4,7.790462416027626,7.790462416027626,7.790462416027626,1.1812264458086394,6.5952319673087425,1.7852178773498956e-07,25.77083755413591,True
399,8381.75,2096.0,4,7.789483946178994,7.789483946178994,7.789483946178994,1.1897368547916665,6.547232621068129,1.7849936567872455e-07,25.77097392946309,True
2271,8992.0,3664.25,4,7.787777822826946,7.787777822826946,7.787777822826946,1.4113888603067402,5.517811598098069,1.7846026913032488e-07,25.771211763291394,True
576,8098.2,2171.4,5,7.784003398833971,7.784003398833971,7.784003398833971,1.3032459666099883,5.972781499628785,1.7837377658560643e-07,25.771738103702063,True
3397,8802.5,4002.5,4,7.782462519024456,7.782462519024456,7.782462519024456,1.2602811422018512,6.175179694768446,1.783384666638599e-07,25.771953051527813,True
2028,9201.5,3477.5,4,7.782185953472698,7.782185953472698,7.782185953472698,1.2570822339919954,6.190673722879335,1.7833212904561733e-07,25.7719916360462,True
4224,8637.0,4168.75,4,7.781374376629434,7.781374376629434,7.781374376629434,1.2188252856556623,6.384323059431339,1.7831353141415378e-07,25.772104869566522,True
2578,9242.6,3793.8,5,7.781303546844225,7.781303546844225,7.781303546844225,1.22579016072519,6.347989889428323,1.7831190831924555e-07,25.77211475250088,True
798,8923.75,2378.0,4,7.777225416515911,7.777225416515911,7.777225416515911,1.2532658065909184,6.2055673869146695,1.782184562135876e-07,25.772683928912997,True
3831,8653.5,4092.5,4,7.776369016979777,7.776369016979777,7.776369016979777,1.2768357148908276,6.090344220708671,1.7819883145089164e-07,25.77280349278449,True
2823,8065.5,3868.5,4,7.773838442181194,7.773838442181194,7.773838442181194,1.329872609915813,5.845551208602841,1.7814084224397235e-07,25.77315686899624,True
3134,8522.25,3944.0,4,7.773624342297161,7.773624342297161,7.773624342297161,1.5352434928535386,5.063447185077084,1.781359360532984e-07,25.773186771752563,True
753,7922.5,2361.5,4,7.7734831984983295,7.7734831984983295,7.7734831984983295,1.183284769013489,6.569410341501417,1.78132701682609e-07,25.773206485378658,True
3127,8677.75,3941.25,4,7.7734727080808526,7.7734727080808526,7.7734727080808526,1.447405658950762,5.370624786499672,1.7813246129019299e-07,25.773207950594887,True
663,9126.5,2219.5,4,7.7733072455869525,7.7733072455869525,7.7733072455869525,1.0417172135079789,7.462012861830678,1.7812866964617537e-07,25.77323106131244,True
1170,9252.0,2493.75,4,7.772975843762001,7.772975843762001,7.772975843762001,1.1068633179354046,7.0225254715827745,1.7812107543121232e-07,25.773277350828415,True
3925,8158.5,4113.5,4,7.772663515423378,7.772663515423378,7.772663515423378,1.2021573308534663,6.465595904909726,1.7811391829336943e-07,25.773320978006073,True
364,8599.5,2083.5,4,7.772026937817177,7.772026937817177,7.772026937817177,1.1919746770015642,6.520295345005033,1.7809933084448358e-07,25.77340990294886,True
1426,7577.2,2627.4,5,7.771333835540514,7.771333835540514,7.771333835540514,1.0905439572057372,7.126107832877028,1.7808344810852962e-07,25.773506732231386,True
3188,7947.5,3957.0,4,7.771122377728068,7.771122377728068,7.771122377728068,1.2065895562096627,6.440568242725384,1.7807860246205928e-07,25.773536275490137,True
2086,9384.6,3542.8,5,7.770885131774645,7.770885131774645,7.770885131774645,1.1809496142081215,6.580200406759406,1.7807316586927746e-07,25.773569422626494,True
2964,8755.0,3903.25,4,7.7690333541379815,7.7690333541379815,7.7690333541379815,1.4194962162625802,5.473091978077423,1.7803073159047206e-07,25.773828181002173,True
3414,7959.5,4007.5,4,7.768641393993935,7.768641393993935,7.768641393993935,1.1969986693247539,6.4901002758644255,1.7802174965565236e-07,25.77388295951005,True
2586,9008.5,3797.0,4,7.766476076458538,7.766476076458538,7.766476076458538,1.3140114311327535,5.9105087615283445,1.7797213047558446e-07,25.774185623929895,True
2258,7855.0,3650.5,4,7.766458910320843,7.766458910320843,7.766458910320843,1.314367506401273,5.908894485367598,1.7797173710617632e-07,25.77418802372069,True
3151,8819.5,3947.5,4,7.76508514246806,7.76508514246806,7.76508514246806,1.3164845650376507,5.8983487909301715,1.7794025662659563e-07,25.77438009084467,True
2035,9169.5,3483.5,4,7.763202589367474,7.763202589367474,7.763202589367474,1.306018423249778,5.944175404547681,1.778971171148343e-07,25.77464334666579,True
1663,9148.5,2803.5,4,7.760901850079144,7.760901850079144,7.760901850079144,1.3567724796490348,5.720120334462199,1.7784439468721306e-07,25.77496516825248,True
3201,8748.5,3958.0,4,7.759003561352337,7.759003561352337,7.759003561352337,1.3524575875390559,5.736966270026027,1.7780089458682755e-07,25.775230767913484,True
2809,8232.0,3865.5,4,7.756711881970013,7.756711881970013,7.756711881970013,1.4610169459643614,5.3091183530729715,1.7774837977083843e-07,25.775551495539904,True
2587,9191.2,3797.0,5,7.755703113494616,7.755703113494616,7.755703113494616,1.2881992622176497,6.020577204914002,1.7772526340854547e-07,25.775692705848915,True
3621,8243.5,4051.5,4,7.754353922222698,7.754353922222698,7.754353922222698,1.2741851299072335,6.0857356911607114,1.776943461118567e-07,25.77588159823163,True
140,8357.8,1995.8,5,7.7534133414609245,7.7534133414609245,7.7534133414609245,1.2552751746765636,6.176664286743887,1.7767279230026835e-07,25.7760133028891,True
3327,9186.4,3986.8,5,7.752365253387194,7.752365253387194,7.752365253387194,1.1893296571249103,6.518264475240438,1.776487749125147e-07,25.776160080061523,True
1929,9440.2,3309.8,5,7.751106880126696,7.751106880126696,7.751106880126696,1.158990169996051,6.68781071728426,1.776199387495111e-07,25.776336332374456,True
3395,8554.5,4002.5,4,7.749856394146526,7.749856394146526,7.749856394146526,1.4092075241127058,5.499442957506312,1.775912833269192e-07,25.776511508314318,True
3946,9075.2,4115.4,5,7.749520919738512,7.749520919738512,7.749520919738512,1.1750791788337733,6.5948925479469835,1.7758359578696846e-07,25.77655850848771,True
3375,8386.75,3999.0,4,7.7457155402646904,7.7457155402646904,7.7457155402646904,1.426356611640541,5.430420048571068,1.7749639388412903e-07,25.7770917870035,True
1871,9206.5,3167.5,4,7.742659967754925,7.742659967754925,7.742659967754925,1.3071363652967627,5.923375841507621,1.7742637412947687e-07,25.777520178701707,True
3977,8210.6,4122.8,5,7.742168567596178,7.742168567596178,7.742168567596178,1.351312173991717,5.7293708416214075,1.7741511348406868e-07,25.777589088853645,True
210,8197.5,2019.5,4,7.740628641460976,7.740628641460976,7.740628641460976,1.0555663309489276,7.333152275236314,1.7737982541617804e-07,25.777805064499468,True
3034,8704.5,3922.5,4,7.7401379760251885,7.7401379760251885,7.7401379760251885,1.4476029207452985,5.34686540425062,1.773685816072616e-07,25.777873889673486,True
4410,8579.5,4207.5,4,7.738941591595253,7.738941591595253,7.738941591595253,1.207498917035318,6.409067107568178,1.773411659448985e-07,25.778041723669986,True
1648,7893.5,2792.5,4,7.738573950146282,7.738573950146282,7.738573950146282,1.4201122398730337,5.4492692428579845,1.7733274128340717e-07,25.778093303218462,True
1026,9101.25,2439.0,4,7.738421839092813,7.738421839092813,7.738421839092813,1.194290325174338,6.479514801363887,1.7732925559337372e-07,25.778114644889698,True
1593,7887.5,2744.5,4,7.737528246258343,7.737528246258343,7.737528246258343,1.3674408226047574,5.658400801227787,1.7730877853029353e-07,25.778240027317064,True
1761,7550.8,2984.8,5,7.730914256988268,7.730914256988268,7.730914256988268,1.1465403901545095,6.742818938935452,1.771572161293089e-07,25.779168504511137,True
1232,8028.0,2521.25,4,7.729900759075726,7.729900759075726,7.729900759075726,1.3614096222425043,5.677865524663391,1.7713399138993521e-07,25.779310850354808,True
1774,9222.5,3004.5,4,7.728636186932171,7.728636186932171,7.728636186932171,1.2826524339485468,6.025510872918363,1.7710501317686754e-07,25.779488485763338,True
1924,9340.75,3297.75,4,7.728089731548867,7.728089731548867,7.728089731548867,1.1785076438451139,6.557521940489455,1.7709249091737441e-07,25.77956525575943,True
2547,9218.5,3782.5,4,7.727524679516396,7.727524679516396,7.727524679516396,1.1275970140383718,6.853090761424658,1.770795425076892e-07,25.7796446440559,True
2913,8814.75,3892.75,4,7.725939672802532,7.725939672802532,7.725939672802532,1.3843006817511216,5.581113824945404,1.770432213990027e-07,25.77986736423577,True
1380,9317.0,2600.5,4,7.722367685650429,7.722367685650429,7.722367685650429,1.1262230890775864,6.856872106906724,1.7696136778132167e-07,25.780369456245346,True
4198,8906.8,4163.2,5,7.719594142852526,7.719594142852526,7.719594142852526,1.2921485087155848,5.974231360237314,1.7689781085848451e-07,25.780759476101238,True
3460,8875.5,4015.5,4,7.717329424236856,7.717329424236856,7.717329424236856,1.2121871286923456,6.366450559957664,1.7684591386002722e-07,25.78107804825735,True
4418,8147.75,4211.0,4,7.715055864666542,7.715055864666542,7.715055864666542,1.1819397533004927,6.527452726014784,1.7679381426730224e-07,25.781397958097706,True
4244,8956.8,4172.4,5,7.71390356820653,7.71390356820653,7.71390356820653,1.2393660677560443,6.224071942015543,1.7676740889968005e-07,25.781560132351,True
3458,8527.25,4015.75,4,7.713171881054485,7.713171881054485,7.713171881054485,1.3901744044326443,5.5483483629540515,1.7675064197475695e-07,25.781663122607938,True
4364,8829.0,4196.75,4,7.7115606482969135,7.7115606482969135,7.7115606482969135,1.16634139940355,6.61175248708525,1.7671371988503001e-07,25.78188994971722,True
1766,9295.5,2990.5,4,7.709393423412883,7.709393423412883,7.709393423412883,1.1999757833776907,6.424624171758275,1.7666405699725008e-07,25.78219512338222,True
4346,8394.75,4194.75,4,7.707467954968057,7.707467954968057,7.707467954968057,1.2092729401462547,6.37363799278919,1.766199340619683e-07,25.782466326548832,True
2174,7933.5,3603.0,4,7.707077425335491,7.707077425335491,7.707077425335491,1.4384882673190167,5.357761756166118,1.7661098490793275e-07,25.78252134110174,True
2998,8698.5,3912.25,4,7.705166738842571,7.705166738842571,7.705166738842571,1.471344107505417,5.236821692177949,1.7656720070741913e-07,25.782790542846776,True
4623,8251.25,4266.5,4,7.702573221539101,7.702573221539101,7.702573221539101,1.1860528933109833,6.494291498279314,1.7650776914600314e-07,25.783156057278855,True
667,8363.5,2330.0,4,7.699595373486126,7.699595373486126,7.699595373486126,1.4369229110336608,5.358391403159803,1.7643953048061576e-07,25.78357588874138,True
2042,9165.5,3493.5,4,7.698945921276653,7.698945921276653,7.698945921276653,1.3079747916091462,5.8861577231201565,1.7642464800467378e-07,25.783667473231628,True
461,8636.25,2125.0,4,7.697866361950479,7.697866361950479,7.697866361950479,1.1980856770500312,6.425138459967601,1.7639990943967175e-07,25.783819727688716,True
507,9085.5,2144.5,4,7.696332853649697,7.696332853649697,7.696332853649697,1.0178796412057556,7.561142341478416,1.763647684392096e-07,25.784036041049955,True
178,8289.6,2009.8,5,7.694782874999743,7.694782874999743,7.694782874999743,1.224023631390015,6.286465945319586,1.7632925001363172e-07,25.784254721485116,True
4756,8706.0,4312.0,5,7.694265029845934,7.694265029845934,7.694265029845934,1.3198960705783567,5.829447637096483,1.7631738336981897e-07,25.784327792052654,True
2222,9142.5,3628.5,4,7.693931024883831,7.693931024883831,7.693931024883831,1.2427584338230697,6.191010912084631,1.7630972950285153e-07,25.78437492444929,True
4691,8608.75,4286.75,4,7.693162363384804,7.693162363384804,7.693162363384804,1.1861481135501148,6.485836191535424,1.7629211529490836e-07,25.784483400247588,True
393,8897.6,2094.2,5,7.6913944701535515,7.6913944701535515,7.6913944701535515,1.2294765100721654,6.255828726408199,1.7625160326323248e-07,25.784732931737715,True
1939,7514.5,3332.5,4,7.6913298781858295,7.6913298781858295,7.6913298781858295,0.9999858037274011,7.691439067951516,1.7625012311058746e-07,25.784742049737396,True
3573,8040.75,4040.75,4,7.691062849377237,7.691062849377237,7.691062849377237,1.2064854680458073,6.374766255440075,1.7624400403090502e-07,25.784779745153234,True
255,8861.5,2038.5,4,7.690994661663613,7.690994661663613,7.690994661663613,1.0569527670649743,7.276573657137531,1.7624244148020038e-07,25.784789371156695,True
3802,8550.25,4087.0,4,7.6853050406919365,7.6853050406919365,7.6853050406919365,1.3014804617058655,5.905048340578788,1.76112061375252e-07,25.785592871073035,True
162,8835.2,2004.4,5,7.685282371459704,7.685282371459704,7.685282371459704,1.1652723397437863,6.595267139997077,1.7611154190007212e-07,25.785596073658013,True
3937,8548.5,4114.5,4,7.683418196056927,7.683418196056927,7.683418196056927,1.272600363156099,6.037573474363741,1.760688235211386e-07,25.785859466483952,True
2424,7946.5,3732.5,4,7.682929914806927,7.682929914806927,7.682929914806927,1.3365850330277533,5.748178922371186,1.7605763434686208e-07,25.785928467215626,True
2669,8872.5,3825.5,4,7.681649607037151,7.681649607037151,7.681649607037151,1.422786505071988,5.399017758218396,1.760282955451703e-07,25.786109412811975,True
3030,9263.0,3921.2,5,7.680185935912829,7.680185935912829,7.680185935912829,1.1324193013206454,6.782104408637396,1.7599475489356115e-07,25.78631631005832,True
3128,8781.75,3942.5,4,7.679779928539837,7.679779928539837,7.679779928539837,1.3462322576660328,5.704647088054698,1.7598545106046504e-07,25.7863737082203,True
4047,8786.4,4132.4,5,7.678453586517077,7.678453586517077,7.678453586517077,1.3273766017495332,5.7846835452701075,1.7595505736412116e-07,25.78656123728166,True
886,9051.5,2403.5,4,7.6780575927244055,7.6780575927244055,7.6780575927244055,1.1966289108723707,6.41640655926232,1.7594598299651313e-07,25.786617232395734,True
4357,8937.6,4195.8,5,7.6747600058896355,7.6747600058896355,7.6747600058896355,1.2399579166818087,6.189532646743116,1.758704173797991e-07,25.787083636617226,True
3556,8039.0,4037.5,4,7.671451013897501,7.671451013897501,7.671451013897501,1.2070901652235462,6.355325587858462,1.757945904090122e-07,25.787551855444427,True
3447,7919.8,4014.8,5,7.670655391631823,7.670655391631823,7.670655391631823,1.324313568280739,5.792174584143303,1.7577635838353726e-07,25.78766446526176,True
1276,9080.0,2539.5,4,7.670122545574749,7.670122545574749,7.670122545574749,1.2484430109418694,6.143750638475791,1.75764147987592e-07,25.787739889110316,True
386,8206.6,2092.8,5,7.667619846282702,7.667619846282702,7.667619846282702,1.2585090179914729,6.092622092227753,1.7570679755986125e-07,25.788094213910632,True
3585,8055.5,4042.5,4,7.6670288260923245,7.6670288260923245,7.6670288260923245,1.2085519552228103,6.343979497909811,1.756932540786994e-07,25.78817790569027,True
2532,7599.2,3777.4,5,7.665598056731921,7.665598056731921,7.665598056731921,1.1231379644939867,6.825161555451064,1.7566046738512261e-07,25.788380537386928,True
3874,8510.5,4101.5,4,7.664588373516644,7.664588373516644,7.664588373516644,1.2819560483994028,5.978823051762446,1.7563733006117296e-07,25.788523555820362,True
348,8460.5,2076.5,4,7.664308470104775,7.664308470104775,7.664308470104775,1.191730149079614,6.431244922371061,1.756309159544343e-07,25.788563206588613,True
2354,8943.75,3705.75,4,7.663415830944622,7.663415830944622,7.663415830944622,1.4654013459300492,5.229567894303295,1.7561046074521016e-07,25.788689666412132,True
3305,8551.5,3982.5,4,7.663219850872601,7.663219850872601,7.663219850872601,1.4474187484750654,5.294404165308913,1.7560596977780035e-07,25.788717432800535,True
2194,7856.5,3615.0,4,7.6626304801450615,7.6626304801450615,7.6626304801450615,1.338322906636791,5.725546833388119,1.755924640947869e-07,25.788800938919074,True
3341,7900.75,3991.0,4,7.661863249157509,7.661863249157509,7.661863249157509,1.1852734297261016,6.464215814681721,1.7557488266762775e-07,25.788909655131956,True
3420,8812.5,4007.5,4,7.659063261364544,7.659063261364544,7.659063261364544,1.248549391941485,6.134369461711689,1.75510719746386e-07,25.789306504258732,True
1813,9396.5,3085.5,4,7.654435079907021,7.654435079907021,7.654435079907021,1.0994167560037225,6.9622688922171605,1.7540466298317525e-07,25.789962785953698,True
3394,8479.5,4002.5,4,7.654256265972698,7.654256265972698,7.654256265972698,1.4231141606537088,5.378525825684082,1.7540056538517368e-07,25.7899881499457,True
2739,9275.2,3843.8,5,7.6541983107907585,7.6541983107907585,7.6541983107907585,1.1547190333882793,6.628624011099158,1.753992373173215e-07,25.789996370767593,True
4650,8440.5,4274.5,4,7.647508543346962,7.647508543346962,7.647508543346962,1.1952113234513344,6.39845723789141,1.752459384269834e-07,25.790945718869366,True
2750,9079.5,3846.5,4,7.644667070721231,7.644667070721231,7.644667070721231,1.2052939140316825,6.3425750198555155,1.7518082486300522e-07,25.791349204915814,True
4531,8374.5,4241.5,4,7.642527979229531,7.642527979229531,7.642527979229531,1.1973185586809334,6.383036430713294,1.7513180666397745e-07,25.791653052558946,True
4229,7950.2,4169.6,5,7.642118595061999,7.642118595061999,7.642118595061999,1.2580000013571189,6.074816046754969,1.751224254501861e-07,25.79171121330349,True
4572,8460.0,4252.5,4,7.641228121136269,7.641228121136269,7.641228121136269,1.199180010387105,6.372044276046278,1.7510201985823746e-07,25.791837732684307,True
2901,9235.5,3888.5,4,7.641219538067421,7.641219538067421,7.641219538067421,1.0613091227361717,7.199805762874737,1.751018231735334e-07,25.791838952246614,True
2558,9085.5,3785.5,4,7.640961092327678,7.640961092327678,7.640961092327678,1.2224430460421638,6.250566124177642,1.7509590077855507e-07,25.791875675264542,True
4512,8256.5,4236.0,4,7.639361780499062,7.639361780499062,7.639361780499062,1.190446027639457,6.417226487493264,1.7505925186202825e-07,25.79210295197536,True
3526,8464.25,4031.0,4,7.638901155804241,7.638901155804241,7.638901155804241,1.3751833747789048,5.554823666358231,1.750486964495761e-07,25.79216841974617,True
2198,7606.25,3619.0,4,7.6381496604429095,7.6381496604429095,7.6381496604429095,1.0553450002305251,7.237585489839308,1.750314756110411e-07,25.79227523692338,True
2950,8735.75,3900.75,4,7.63809482416972,7.63809482416972,7.63809482416972,1.4449632745356495,5.286013117962657,1.7503021901432065e-07,25.79228303173541,True
401,9037.8,2096.2,5,7.637893341003161,7.637893341003161,7.637893341003161,1.1380278680457454,6.711516963217407,1.7502560194113916e-07,25.792311672444765,True
478,8958.8,2131.6,5,7.637108943877917,7.637108943877917,7.637108943877917,1.2344618685904267,6.1865895887074815,1.7500762714457193e-07,25.7924231812148,True
1769,9418.5,2999.5,4,7.635821741436562,7.635821741436562,7.635821741436562,1.0696872085904323,7.1383687494015895,1.7497813034852363e-07,25.792606192887618,True
2714,8896.0,3836.25,4,7.634482782696331,7.634482782696331,7.634482782696331,1.3848300006113639,5.512938612917051,1.7494744753468737e-07,25.792796595899212,True
3788,8071.5,4083.5,4,7.634258669231972,7.634258669231972,7.634258669231972,1.1984852375156143,6.369922991339733,1.749423118785252e-07,25.792828468611578,True
2636,8782.0,3815.5,4,7.634040754650677,7.634040754650677,7.634040754650677,1.5361562778958366,4.969572994947799,1.7493731827242728e-07,25.792859460635494,True
1919,7490.4,3289.2,5,7.633983276305895,7.633983276305895,7.633983276305895,1.100694620109044,6.935605150454546,1.749360011315031e-07,25.7928676354091,True
2453,8987.0,3741.5,4,7.6321081336484795,7.6321081336484795,7.6321081336484795,1.3792031988464217,5.533708259980868,1.7489303143322547e-07,25.793134358596824,True
527,8129.5,2155.5,4,7.629156988476358,7.629156988476358,7.629156988476358,1.1673705136119854,6.53533466840003,1.7482540467580618e-07,25.79355426679882,True
3154,7915.5,3948.5,4,7.6251844581113675,7.6251844581113675,7.6251844581113675,1.200750156777155,6.350350582986858,1.7473437243860156e-07,25.79411976091135,True
4668,8512.5,4279.5,4,7.624783914898476,7.624783914898476,7.624783914898476,1.195457818200428,6.378128779463233,1.7472519381907785e-07,25.79417679503198,True
2622,8949.5,3807.5,4,7.62461129984721,7.62461129984721,7.62461129984721,1.3640544437729967,5.589667871875709,1.7472123827114034e-07,25.79420137494587,True
1503,9316.5,2669.5,4,7.624516409252724,7.624516409252724,7.624516409252724,1.1712648377969668,6.50964338995584,1.7471906381246737e-07,25.794214887345518,True
241,8738.6,2034.4,5,7.623560092864733,7.623560092864733,7.623560092864733,1.2566126899416146,6.066754023643469,1.74697149412255e-07,25.794351075975854,True
4603,8272.5,4260.5,4,7.620654028271279,7.620654028271279,7.620654028271279,1.1880024694242153,6.414678609182313,1.7463055569563176e-07,25.794765032320942,True
2097,9442.5,3550.5,4,7.6169399436460345,7.6169399436460345,7.6169399436460345,0.991521701442066,7.682070833717488,1.7454544585340553e-07,25.795294317486626,True
1289,7998.5,2547.5,4,7.615821760510052,7.615821760510052,7.615821760510052,1.357169062051248,5.6115497865825,1.7451982220723529e-07,25.7954537175928,True
980,8167.5,2428.5,4,7.615122240398968,7.615122240398968,7.615122240398968,1.3926884418807104,5.467929517757307,1.7450379240385284e-07,25.795553448024616,True
963,8030.5,2425.5,4,7.612735193585003,7.612735193585003,7.612735193585003,1.2481321291376148,6.0993023221387235,1.7444909220226283e-07,25.795893837758474,True
4612,8403.4,4263.8,5,7.612102649627428,7.612102649627428,7.612102649627428,1.3358074477702504,5.698502925952137,1.7443459718616533e-07,25.795984055583233,True
537,8979.5,2157.5,4,7.6116766150937885,7.6116766150937885,7.6116766150937885,1.1131591350024868,6.837905179726872,1.74424834422093e-07,25.79604482382083,True
4503,8093.8,4232.8,5,7.610861919341784,7.610861919341784,7.610861919341784,1.3068702127623375,5.823732031702422,1.7440616531949789e-07,25.796161038954416,True
771,7957.5,2368.5,4,7.6098179038511145,7.6098179038511145,7.6098179038511145,1.1919196038110047,6.384506035071269,1.7438224125673188e-07,25.796309984393318,True
2529,7594.0,3776.8,5,7.607974670348864,7.607974670348864,7.607974670348864,1.1178475068262466,6.80591460274323,1.7434000277043128e-07,25.796573000904715,True
4728,8471.8,4301.8,5,7.607974670348864,7.607974670348864,7.607974670348864,1.3336259403180155,5.704729070082928,1.7434000277043128e-07,25.796573000904715,True
4168,8546.25,4157.0,4,7.604463499401651,7.604463499401651,7.604463499401651,1.232860774441753,6.168144576458764,1.7425954278217048e-07,25.79707419676085,True
1658,7835.5,2801.5,4,7.604393881176556,7.604393881176556,7.604393881176556,1.345252620955015,5.652762732235439,1.742579474506819e-07,25.797084136630176,True
1809,9389.8,3084.2,5,7.602230213103991,7.602230213103991,7.602230213103991,1.2400107216546532,6.130777807275472,1.7420836606876232e-07,25.79739310366491,True
3513,7789.5,4028.5,4,7.601617258404335,7.601617258404335,7.601617258404335,1.0615898558615782,7.160597114254564,1.7419431994891221e-07,25.797480648230305,True
4832,8543.5,4349.5,4,7.596057337139687,7.596057337139687,7.596057337139687,1.185803742163199,6.405830127743231,1.7406691196838097e-07,25.79827506030223,True
3106,8663.5,3937.5,4,7.594511431072796,7.594511431072796,7.594511431072796,1.468959405902905,5.1699940791793235,1.7403148686779078e-07,25.798496045601382,True
2496,9281.6,3758.8,5,7.5938955764157585,7.5938955764157585,7.5938955764157585,1.213208645311684,6.259348386414457,1.7401737429417345e-07,25.79858409376839,True
1169,9032.5,2493.5,4,7.591166418408001,7.591166418408001,7.591166418408001,1.2527530070136883,6.059587465292794,1.7395483446783994e-07,25.79897436490333,True
1230,8001.0,2520.25,4,7.590921324108685,7.590921324108685,7.590921324108685,1.3210517375369033,5.746119632121247,1.7394921802684567e-07,25.799009420392256,True
4599,8795.5,4258.5,4,7.586326998089394,7.586326998089394,7.586326998089394,1.176626252432589,6.447524846913126,1.7384393707552322e-07,25.799666749855685,True
1705,9208.5,2865.5,4,7.585805338238323,7.585805338238323,7.585805338238323,1.2746524774769916,5.9512733645279035,1.738319830162865e-07,25.7997414110799,True
4378,8708.5,4200.5,4,7.585181158398232,7.585181158398232,7.585181158398232,1.1933556868982662,6.356177995944699,1.7381767966752867e-07,25.79983075196109,True
3550,9037.5,4035.5,4,7.5828680213437885,7.5828680213437885,7.5828680213437885,1.1532292546976473,6.575334427612885,1.7376467313977934e-07,25.800161902873946,True
1394,9323.0,2608.75,4,7.581797521923622,7.581797521923622,7.581797521923622,1.125544914460417,6.736112814794525,1.7374014218640946e-07,25.800315190788705,True
3976,7842.4,4121.8,5,7.581687591491442,7.581687591491442,7.581687591491442,1.1909933372829382,6.3658522295245215,1.7373762308340487e-07,25.800330933271297,True
4162,8703.5,4155.5,4,7.581575792645058,7.581575792645058,7.581575792645058,1.2036461998486403,6.298840800227217,1.7373506116488743e-07,25.800346943552476,True
4214,8664.5,4165.5,4,7.580867689465126,7.580867689465126,7.580867689465126,1.2122653874188742,6.253472026951231,1.737188346768009e-07,25.800448353758636,True
556,8431.75,2164.25,4,7.576801222179972,7.576801222179972,7.576801222179972,1.2085462835823693,6.269351306696207,1.7362564983477944e-07,25.801030911787656,True
1131,9186.2,2477.6,5,7.572334907470446,7.572334907470446,7.572334907470446,1.3192317876222408,5.739957889521965,1.7352330231752665e-07,25.801671111952338,True
392,8739.5,2094.0,4,7.572134416912636,7.572134416912636,7.572134416912636,1.165466137730357,6.49708659202978,1.7351870799040037e-07,25.801699859061618,True
3773,8633.75,4079.25,4,7.57149736246928,7.57149736246928,7.57149736246928,1.3000051344101444,5.824205737390969,1.7350410961458658e-07,25.801791207436175,True
4306,8433.5,4185.5,4,7.569794576977333,7.569794576977333,7.569794576977333,1.2121327886163835,6.245020882256677,1.7346508955468279e-07,25.802035410622103,True
4187,8685.75,4161.25,4,7.569749754284463,7.569749754284463,7.569749754284463,1.207672252852321,6.268049743136827,1.734640624234504e-07,25.802041839563344,True
476,8575.5,2130.5,4,7.567963045452676,7.567963045452676,7.567963045452676,1.2038777212153509,6.28632203427819,1.7342311922421792e-07,25.802298139111457,True
2226,9047.5,3633.5,4,7.567927759502972,7.567927759502972,7.567927759502972,1.354016094780327,5.58924505305144,1.7342231063154566e-07,25.80230320141451,True
3210,8164.5,3960.5,4,7.567596834515179,7.567596834515179,7.567596834515179,1.3039626281091063,5.803538131678707,1.734147273435106e-07,25.802350678756724,True
2556,7833.0,3785.25,4,7.566492002819619,7.566492002819619,7.566492002819619,1.2156854207747907,6.2240542442281495,1.7338940965132436e-07,25.802509202442828,True
4001,7950.75,4126.0,4,7.566084783886513,7.566084783886513,7.566084783886513,1.1469495885588306,6.596702121314223,1.733800780548086e-07,25.802567636950748,True
4528,8823.75,4241.0,4,7.558234613751015,7.558234613751015,7.558234613751015,1.1593746954111204,6.519233724581875,1.7320018803907218e-07,25.803694724321883,True
584,7940.5,2173.5,4,7.557228487347206,7.557228487347206,7.557228487347206,1.037891287553108,7.281329536124956,1.7317713222098292e-07,25.803839263441517,True
284,8425.5,2050.5,4,7.556775968884072,7.556775968884072,7.556775968884072,1.18318931067688,6.386785192101663,1.7316676256630674e-07,25.803904278068227,True
4570,8197.8,4252.4,5,7.554232738433581,7.554232738433581,7.554232738433581,1.3235455187282072,5.707573053998498,1.7310848334969572e-07,25.804269743730607,True
1557,7973.0,2711.5,4,7.550943296764935,7.550943296764935,7.550943296764935,1.4703989279317224,5.135302504189231,1.7303310438295703e-07,25.804742623485364,True
551,9009.25,2163.0,4,7.5508293326841205,7.5508293326841205,7.5508293326841205,1.093837917600542,6.903060509410503,1.730304928471639e-07,25.804759010293935,True
775,9149.2,2369.6,5,7.549893043456774,7.549893043456774,7.549893043456774,1.2849980320584458,5.875412144688313,1.7300903737792772e-07,25.80489364797394,True
2929,8844.5,3895.5,4,7.549754541729534,7.549754541729534,7.549754541729534,1.3624275373995465,5.541398962134665,1.7300586355144207e-07,25.80491356583478,True
259,8622.8,2039.4,5,7.549581191955309,7.549581191955309,7.549581191955309,1.317824481378009,5.728821477091503,1.7300189116701283e-07,25.804938495689882,True
4135,8986.5,4148.5,4,7.547145765637001,7.547145765637001,7.547145765637001,1.09730094282935,6.877917871989578,1.7294608232832995e-07,25.805288800833264,True
4025,9085.4,4130.4,5,7.541340492187243,7.541340492187243,7.541340492187243,1.1567638107440505,6.519343380336667,1.7281305199724085e-07,25.80612427177001,True
629,8542.25,2190.0,4,7.540230673168742,7.540230673168742,7.540230673168742,1.2170352729829623,6.195572832238118,1.7278762001841023e-07,25.806284065557815,True
1955,9150.5,3363.5,4,7.535004061077679,7.535004061077679,7.535004061077679,1.3874572269217413,5.430800975245261,1.7266784996055405e-07,25.80703691913561,True
1439,7895.0,2636.5,4,7.5349916633115654,7.5349916633115654,7.5349916633115654,1.3230475852101764,5.6951781232528935,1.7266756586042595e-07,25.80703870555994,True
998,9313.4,2433.2,5,7.534721038757067,7.534721038757067,7.534721038757067,1.1291842068971916,6.672712027616127,1.726613643826838e-07,25.807077701243873,True
628,7949.6,2190.4,5,7.532320640502673,7.532320640502673,7.532320640502673,1.1885661567617047,6.337317109065916,1.7260635822710968e-07,25.807423648294154,True
1333,9169.5,2577.5,4,7.531917970989786,7.531917970989786,7.531917970989786,1.2090527607974364,6.229602392224864,1.7259713088250956e-07,25.80748169209976,True
2911,8125.25,3892.75,4,7.530955236767376,7.530955236767376,7.530955236767376,1.349873765681265,5.579007036236899,1.7257506941486872e-07,25.80762048041562,True
1739,9481.5,2927.5,4,7.530540388439736,7.530540388439736,7.530540388439736,0.9994397669249817,7.5347616111066555,1.7256556298750482e-07,25.807680290657594,True
3162,8805.5,3949.5,4,7.527226847027386,7.527226847027386,7.527226847027386,1.3224826119017756,5.691739747113177,1.7248963176480234e-07,25.808158134667156,True
4836,8675.5,4353.5,4,7.524180334423622,7.524180334423622,7.524180334423622,1.1775795523352524,6.389530388416185,1.7241981962178217e-07,25.808597656239783,True
3597,8961.5,4045.5,4,7.523919504498085,7.523919504498085,7.523919504498085,1.186189662359153,6.34293127250337,1.7241384259216378e-07,25.808635294545816,True
3222,8974.25,3965.0,4,7.522131841991983,7.522131841991983,7.522131841991983,1.2022878446094303,6.256514923375598,1.723728775390753e-07,25.808893293122214,True
2069,9120.25,3527.0,4,7.521910112713421,7.521910112713421,7.521910112713421,1.3581996483291678,5.538147592636132,1.7236779651755333e-07,25.80892529775317,True
4385,8015.5,4203.5,4,7.521134775494179,7.521134775494179,7.521134775494179,1.1432895300788832,6.578504025113609,1.723500293326181e-07,25.809037218138545,True
4557,8792.5,4248.5,4,7.521123331402382,7.521123331402382,7.521123331402382,1.1777623619621607,6.3859430172926706,1.72349767086346e-07,25.809038870186356,True
1305,9012.5,2557.0,4,7.518530767773235,7.518530767773235,7.518530767773235,1.3364830939384074,5.625608585603053,1.7229035737878616e-07,25.809413192654766,True
3426,8112.5,4010.0,4,7.517143648480022,7.517143648480022,7.517143648480022,1.247180386563598,6.027310667699228,1.7225857094522136e-07,25.80961352229739,True
2070,9421.8,3526.6,5,7.5161978225095085,7.5161978225095085,7.5161978225095085,1.1393647389682855,6.596832046352036,1.72236896937425e-07,25.8097501409597,True
371,8036.4,2088.0,5,7.514008663116198,7.514008663116198,7.514008663116198,1.1656254071074053,6.446332258459281,1.721867314109568e-07,25.810066417336927,True
2590,7971.5,3800.0,4,7.513651293133343,7.513651293133343,7.513651293133343,1.2961282609935147,5.7969967319236915,1.7217854212451718e-07,25.810118056717922,True
1517,9250.5,2684.5,4,7.511189859722695,7.511189859722695,7.511189859722695,1.2030634470290282,6.243386313724034,1.721221373221584e-07,25.810473796571177,True
2170,7928.25,3601.75,4,7.508556764935101,7.508556764935101,7.508556764935101,1.431917216737965,5.243708698496036,1.720617988257182e-07,25.810854474946407,True
2970,9014.0,3906.5,4,7.507562082623087,7.507562082623087,7.507562082623087,1.2051028268417256,6.229810365890965,1.7203900525390097e-07,25.810998315390258,True
4158,8757.5,4154.5,4,7.506192129467568,7.506192129467568,7.506192129467568,1.1880058141861976,6.318312620893549,1.720076121897443e-07,25.811196454739402,True
1758,9247.5,2974.5,4,7.504303377483929,7.504303377483929,7.504303377483929,1.2393571045945686,6.054996860601219,1.7196433062791897e-07,25.811469688413844,True
1563,9336.5,2718.5,4,7.50359622797831,7.50359622797831,7.50359622797831,1.1542911862150829,6.500609480162955,1.7194812599368837e-07,25.81157200490598,True
1588,7591.5,2740.5,4,7.502155702923378,7.502155702923378,7.502155702923378,1.0235953628183008,7.329220095592688,1.719151157441871e-07,25.81178046233191,True
3165,8179.5,3950.5,4,7.500653189037884,7.500653189037884,7.500653189037884,1.317731248845035,5.692096317524576,1.718806849940453e-07,25.81199793277239,True
4149,8021.5,4153.5,4,7.499789160107216,7.499789160107216,7.499789160107216,1.1670530210784256,6.426262581606593,1.7186088540050128e-07,25.812123010082935,True
3940,8333.5,4115.5,4,7.498198431347453,7.498198431347453,7.498198431347453,1.257186455045187,5.964269183188063,1.7182443316867867e-07,25.81235332255684,True
3413,9172.5,4007.0,4,7.496765058849892,7.496765058849892,7.496765058849892,1.0591454095994268,7.0781263751926184,1.7179158682309737e-07,25.81256089417531,True
1284,8030.5,2542.25,4,7.496207159374798,7.496207159374798,7.496207159374798,1.3966840783557704,5.367145853197967,1.717788023173323e-07,25.8126416962538,True
3722,7862.5,4069.5,4,7.495109957073769,7.495109957073769,7.495109957073769,1.1044815287354037,6.786089003820129,1.7175365945599412e-07,25.812800624552764,True
3947,9103.75,4116.0,4,7.49336091837748,7.49336091837748,7.49336091837748,1.0327708454375781,7.255589128489189,1.71713579484074e-07,25.813054018599498,True
2241,7627.25,3641.0,4,7.493201177929482,7.493201177929482,7.493201177929482,1.080783168134362,6.933121646281906,1.7170991896319252e-07,25.813077164133027,True
2141,9306.5,3583.5,4,7.491149824474892,7.491149824474892,7.491149824474892,1.1554214249476387,6.48347837657102,1.716629113189176e-07,25.813374438099444,True
2803,9146.25,3863.0,4,7.490998190258583,7.490998190258583,7.490998190258583,1.1811717549206722,6.342005859056188,1.716594365558122e-07,25.81339641555666,True
881,9137.0,2401.25,4,7.488161009167276,7.488161009167276,7.488161009167276,1.1789467450582856,6.35156850006577,1.7159442133418606e-07,25.813807711040756,True
2818,7871.5,3867.5,4,7.487964552258095,7.487964552258095,7.487964552258095,1.2096558357860563,6.190161143968921,1.7158991943984824e-07,25.813836196429463,True
2613,9009.5,3804.5,4,7.486708086346233,7.486708086346233,7.486708086346233,1.3052205624067654,5.735971606623401,1.7156112698455673e-07,25.81401839614316,True
2824,8160.5,3868.5,4,7.485394399975384,7.485394399975384,7.485394399975384,1.3998653979876088,5.347224390813639,1.7153102329790462e-07,25.814208926078358,True
1510,9378.5,2672.5,4,7.482911985729775,7.482911985729775,7.482911985729775,1.0839255017940312,6.903529784422109,1.7147413771071365e-07,25.814569053266684,True
4180,8100.5,4159.5,4,7.482536714886269,7.482536714886269,7.482536714886269,1.1823363352442637,6.3286025235284855,1.7146553821837417e-07,25.814623504710088,True
3726,8276.5,4070.5,4,7.4820436652646904,7.4820436652646904,7.4820436652646904,1.2753389978715548,5.866709696599618,1.714542397748177e-07,25.814695049893647,True
1547,9294.5,2704.5,4,7.482020300243935,7.482020300243935,7.482020300243935,1.1870748574069077,6.302905207332881,1.7145370435534542e-07,25.814698440449718,True
1322,9196.0,2572.25,4,7.480389040325723,7.480389040325723,7.480389040325723,1.1984817696414287,6.241554297954624,1.714163233346424e-07,25.81493518279773,True
2595,9002.0,3799.5,4,7.4791187461362725,7.4791187461362725,7.4791187461362725,1.3187554147050338,5.671346379123022,1.7138721399843874e-07,25.81511957447895,True
536,8920.6,2157.8,5,7.477116725860339,7.477116725860339,7.477116725860339,1.2906159830172368,5.793448108693132,1.7134133684511264e-07,25.81541024466976,True
1976,9228.25,3401.75,4,7.477027338360394,7.477027338360394,7.477027338360394,1.2376191395012561,6.041460655960391,1.7133928849221146e-07,25.815423224515953,True
3601,8659.5,4046.25,4,7.476626318310345,7.476626318310345,7.476626318310345,1.318410786484353,5.670938371376164,1.7133009894575977e-07,25.815481458041653,True
387,8302.5,2092.5,4,7.475063246105751,7.475063246105751,7.475063246105751,1.1685616560424825,6.396806884303586,1.7129428047576126e-07,25.815708467047166,True
3581,9012.75,4042.0,4,7.473018091534218,7.473018091534218,7.473018091534218,1.1702288797484486,6.385945707595775,1.712474148815504e-07,25.81600556181489,True
709,8838.5,2350.0,4,7.469942015026653,7.469942015026653,7.469942015026653,1.2824911528512584,5.82455637094988,1.7117692526899412e-07,25.81645256932294,True
3910,8491.75,4111.0,4,7.468906801556194,7.468906801556194,7.468906801556194,1.2710294953807717,5.8762655223187235,1.7115320290829658e-07,25.816603045274622,True
813,8259.75,2382.75,4,7.4687146361814385,7.4687146361814385,7.4687146361814385,1.3876701104948674,5.382197526412069,1.7114879935631082e-07,25.816630980231405,True
4432,8184.5,4213.5,4,7.468102377270302,7.468102377270302,7.468102377270302,1.18604734810595,6.296630896900058,1.7113476918075308e-07,25.816719988708417,True
4720,8724.5,4298.5,4,7.468015116070351,7.468015116070351,7.468015116070351,1.181858719554102,6.318872968917913,1.7113276955292827e-07,25.81673267509015,True
1425,9166.75,2625.75,4,7.467893522595011,7.467893522595011,7.467893522595011,1.2350025290629443,6.046864963314092,1.711299831862872e-07,25.816750353082384,True
2080,9242.5,3535.5,4,7.467677992199502,7.467677992199502,7.467677992199502,1.202817284633377,6.208489092735043,1.711250442148292e-07,25.81678168889748,True
2634,7994.5,3814.5,4,7.4674510177122,7.4674510177122,7.4674510177122,1.3029898926342902,5.731012235724293,1.7111984299709915e-07,25.816814689538887,True
3001,8185.5,3913.5,4,7.462799471233929,7.462799471233929,7.462799471233929,1.3541359627607212,5.511115335877555,1.7101325081441625e-07,25.817491215707914,True
432,8539.5,2111.0,4,7.462779444073281,7.462779444073281,7.462779444073281,1.2009158232045662,6.2142402488788395,1.7101279188344e-07,25.817494129392337,True
4195,8710.5,4162.5,4,7.462013166760048,7.462013166760048,7.462013166760048,1.1998191922828532,6.219281384024489,1.7099523231013693e-07,25.817605618381737,True
3459,8759.5,4015.5,4,7.460720461224163,7.460720461224163,7.460720461224163,1.2736004203771374,5.857975815534751,1.7096560940831708e-07,25.81779372563352,True
3270,9161.4,3977.2,5,7.459280631957751,7.459280631957751,7.459280631957751,1.2262218597896508,6.083141131766591,1.7093261510310817e-07,25.81800327987662,True
2114,7883.5,3563.5,4,7.45917407832011,7.45917407832011,7.45917407832011,1.4016798649424138,5.32159608258806,1.7093017338079883e-07,25.81801878941087,True
2561,9182.5,3786.5,4,7.456002634380898,7.456002634380898,7.456002634380898,1.1677828699287205,6.384750818305804,1.708574983826415e-07,25.818480513951503,True
4007,8328.0,4126.5,4,7.452548426006876,7.452548426006876,7.452548426006876,1.2450824232027728,5.985586405465754,1.707783437161777e-07,25.818983629129143,True
3602,8691.0,4046.5,4,7.450038832043255,7.450038832043255,7.450038832043255,1.294122083090681,5.756828454894097,1.707208352940906e-07,25.81934930483419,True
3834,9050.5,4092.5,4,7.443331163738808,7.443331163738808,7.443331163738808,1.0895942717223892,6.831286981687847,1.7056712619785266e-07,25.820327291525196,True
3281,8100.75,3979.0,4,7.4409617598997,7.4409617598997,7.4409617598997,1.2646079322204953,5.884006869096805,1.705128302925989e-07,25.82067296431822,True
1936,7579.4,3323.4,5,7.440735481200915,7.440735481200915,7.440735481200915,1.1816848452935085,6.296717361516788,1.7050764501916117e-07,25.820705981919865,True
1893,9478.0,3222.6,5,7.437328002868395,7.437328002868395,7.437328002868395,1.121034048690586,6.634346219506447,1.7042956119164175e-07,25.821203307752786,True
4762,8377.75,4316.0,4,7.434745710705361,7.434745710705361,7.434745710705361,1.1864672645024246,6.26628810852469,1.703703868591335e-07,25.82158034839619,True
321,8586.75,2068.75,4,7.43385164103373,7.43385164103373,7.43385164103373,1.1887919055015947,6.253282518690364,1.7034989886912525e-07,25.821710922086535,True
2616,9099.5,3805.5,4,7.432545107220255,7.432545107220255,7.432545107220255,1.2069576123395074,6.158082961019132,1.7031995908639325e-07,25.821901762017916,True
1496,7591.5,2665.5,4,7.432504576061806,7.432504576061806,7.432504576061806,1.0038992895202057,7.403635657132528,1.7031903029751284e-07,25.82190768277124,True
192,8431.5,2013.5,4,7.430629175518593,7.430629175518593,7.430629175518593,1.159704565566854,6.407346660644181,1.7027605468967153e-07,25.822181674826084,True
2367,9355.0,3711.75,4,7.428825300549111,7.428825300549111,7.428825300549111,1.038366500013685,7.154338377105967,1.7023471812103092e-07,25.822445282400103,True
1669,9185.5,2809.5,4,7.428794782970989,7.428794782970989,7.428794782970989,1.2996987050043356,5.715782245813815,1.702340187976387e-07,25.8224497426083,True
4586,8384.5,4256.5,4,7.424666803692421,7.424666803692421,7.424666803692421,1.194957975366835,6.213328800465268,1.7013942438190457e-07,25.823053224381816,True
1050,8110.5,2444.5,4,7.424197595928753,7.424197595928753,7.424197595928753,1.3723927984964153,5.409673968023336,1.701286722847483e-07,25.82312184051879,True
3359,8001.0,3994.75,4,7.422998350475869,7.422998350475869,7.422998350475869,1.2102717312806215,6.133332010177081,1.701011910608172e-07,25.82329723582092,True
3466,8797.0,4016.75,4,7.4218558486448165,7.4218558486448165,7.4218558486448165,1.2467623020842786,5.952903641886915,1.7007501014131871e-07,25.823464358459887,True
2300,7879.5,3674.5,4,7.418526571606243,7.418526571606243,7.418526571606243,1.3251305062294083,5.598336568912963,1.6999871832999201e-07,25.82395150448817,True
3321,9123.5,3985.5,4,7.41738263926371,7.41738263926371,7.41738263926371,1.1214059188626182,6.614360165663084,1.699725046297094e-07,25.82411893726831,True
593,8259.5,2175.5,4,7.415948313091836,7.415948313091836,7.415948313091836,1.192236794259065,6.220197488285536,1.699396364302722e-07,25.824328910316723,True
1781,9305.5,3023.5,4,7.414466303204142,7.414466303204142,7.414466303204142,1.1955985963467834,6.201467888854543,1.6990567553803453e-07,25.824545906515123,True
1246,9071.5,2525.5,4,7.411103170727337,7.411103170727337,7.411103170727337,1.2439931973076035,5.957511011127166,1.6982860791481957e-07,25.825038498015303,True
809,8921.25,2382.25,4,7.406368654583538,7.406368654583538,7.406368654583538,1.2606424414586643,5.875074811866382,1.6972011444666393e-07,25.825732332405526,True
1903,9313.5,3241.0,4,7.405743044231973,7.405743044231973,7.405743044231973,1.192355924950595,6.211017104258385,1.6970577831712208e-07,25.825824047594146,True
2974,8753.5,3907.5,4,7.402448099468792,7.402448099468792,7.402448099468792,1.4144321027504536,5.233512506591344,1.6963027324461176e-07,25.826307218137586,True
4362,8572.25,4197.0,4,7.400662344311318,7.400662344311318,7.400662344311318,1.2106590450682597,6.112920375442329,1.6958935189923522e-07,25.82656917106215,True
979,8127.5,2428.5,4,7.3995570357786065,7.3995570357786065,7.3995570357786065,1.3635097145011792,5.426845850149025,1.695640232801211e-07,25.826731340752044,True
3790,8898.25,4083.25,4,7.3981475051389545,7.3981475051389545,7.3981475051389545,1.1889301089861344,6.222525150320029,1.6953172328094004e-07,25.826938180731528,True
499,9075.0,2141.6,5,7.389302871642809,7.389302871642809,7.389302871642809,1.1443157200189118,6.457398725170609,1.693290447107509e-07,25.82823697663008,True
3948,7921.4,4116.6,5,7.3889676551205925,7.3889676551205925,7.3889676551205925,1.2646340118481094,5.8427715733522865,1.6932136308036382e-07,25.828286232287432,True
4632,8661.5,4267.5,4,7.388527315472206,7.388527315472206,7.388527315472206,1.1866181232713509,6.226541774958741,1.6931127250845133e-07,25.828350937800746,True
2607,8919.0,3803.5,4,7.387461584423626,7.387461584423626,7.387461584423626,1.3972688730972356,5.287072321340929,1.6928685082436157e-07,25.828507557136863,True
4505,8787.75,4234.0,4,7.386659544323525,7.386659544323525,7.386659544323525,1.178476722687632,6.267972376643572,1.692684717314581e-07,25.82862543947553,True
3574,8186.25,4041.25,4,7.38661376795634,7.38661376795634,7.38661376795634,1.2540147510352642,5.890372311695894,1.6926742274636975e-07,25.82863216798561,True
245,8930.5,2035.5,4,7.386350077007851,7.386350077007851,7.386350077007851,1.0240514910059624,7.212869803794705,1.6926138015518324e-07,25.828670927819136,True
4624,8097.2,4266.8,5,7.385113380370837,7.385113380370837,7.385113380370837,1.3049695826223773,5.659222619986452,1.6923304072130428e-07,25.828852727858127,True
4872,8271.2,2001.4,5,7.381743572173815,7.381743572173815,7.381743572173815,1.2043059582444808,6.129458649307189,1.691558201210972e-07,25.8293482595529,True
1759,7563.0,2979.5,4,7.380201261852822,7.380201261852822,7.380201261852822,1.0356016269302548,7.126486739625275,1.6912047741856655e-07,25.829575132391053,True
659,9109.2,2213.8,5,7.38002266686986,7.38002266686986,7.38002266686986,1.174682170560745,6.28256974679963,1.6911638483792934e-07,25.82960140665897,True
2,8502.4,1905.8,5,7.376425884185534,7.376425884185534,7.376425884185534,1.1539426451032488,6.392367866364388,1.6903396301999218e-07,25.830130688111055,True
820,8204.5,2384.5,4,7.3755115684018975,7.3755115684018975,7.3755115684018975,1.3408518462154448,5.500616335219497,1.6901301108164338e-07,25.830265274602265,True
1928,9486.6,3304.8,5,7.37476839822362,7.37476839822362,7.37476839822362,1.1025520687517063,6.688816435284755,1.6899598101824887e-07,25.83037468090118,True
4422,8577.0,4210.25,4,7.3720621283994525,7.3720621283994525,7.3720621283994525,1.2067484324573696,6.109029794542437,1.689339656844595e-07,25.830773179433542,True
4174,8671.0,4157.5,4,7.369820040081581,7.369820040081581,7.369820040081581,1.2129189150823814,6.076102819767654,1.6888258726898283e-07,25.831103438005943,True
611,8026.5,2181.5,4,7.368518274639687,7.368518274639687,7.368518274639687,1.125628972713851,6.5461341643281035,1.688527567555308e-07,25.83129523355899,True
1417,9223.5,2618.5,4,7.365506094311318,7.365506094311318,7.365506094311318,1.2009529659658975,6.133051254332361,1.6878373135132705e-07,25.831739162956886,True
201,8537.5,2016.5,4,7.364843290661415,7.364843290661415,7.364843290661415,1.162177301718592,6.33710818458639,1.6876854292140093e-07,25.831836870064983,True
470,8161.25,2130.0,4,7.364063185070595,7.364063185070595,7.364063185070595,1.153946881847441,6.381630992650986,1.6875066646718574e-07,25.831951880488283,True
257,8930.0,2039.6,5,7.362402580199938,7.362402580199938,7.362402580199938,1.1493979746708929,6.405442451130136,1.6871261299431086e-07,25.832196742883138,True
3227,8964.5,3965.5,4,7.359526079510293,7.359526079510293,7.359526079510293,1.2053153105334766,6.105892802650073,1.6864669674722393e-07,25.832621024382348,True
1187,8024.5,2504.0,4,7.3577622588621026,7.3577622588621026,7.3577622588621026,1.3315010393630395,5.525915520412881,1.686062780405357e-07,25.83288126851178,True
3153,7814.5,3948.5,4,7.357146662090859,7.357146662090859,7.357146662090859,1.14858947342029,6.405375316720097,1.6859217137648197e-07,25.832972111847074,True
3762,8003.5,4078.5,4,7.3559722121702045,7.3559722121702045,7.3559722121702045,1.1891699838344607,6.185803806156445,1.6856525835280713e-07,25.833145445973322,True
1703,9276.5,2861.5,4,7.3557728942380765,7.3557728942380765,7.3557728942380765,1.2032005102826904,6.113505464280303,1.685606908969013e-07,25.833174865555243,True
2915,8916.5,3892.5,4,7.355698030804241,7.355698030804241,7.355698030804241,1.306383674263284,5.630580185375004,1.6855897536920468e-07,25.833185915699847,True
340,8626.75,2074.0,4,7.354634683941445,7.354634683941445,7.354634683941445,1.1873391407365967,6.194215647080249,1.685346083197548e-07,25.833342882127674,True
3590,8794.75,4043.75,4,7.354432504986369,7.354432504986369,7.354432504986369,1.2169874321162477,6.043145813098148,1.68529975302281e-07,25.833372729433222,True
3518,7887.5,4029.5,4,7.354428690289101,7.354428690289101,7.354428690289101,1.1571624497918667,6.355571503043421,1.685298878868569e-07,25.83337329259782,True
3406,8825.75,4005.0,4,7.352267187450969,7.352267187450969,7.352267187450969,1.2440566937418212,5.90991328967262,1.6848035612221302e-07,25.83369244272161,True
34,8436.0,1931.4,5,7.350851676879626,7.350851676879626,7.350851676879626,1.1882329287537974,6.186372637046087,1.6844791909033236e-07,25.833901496473324,True
2916,9283.4,3893.2,5,7.3467689971310906,7.3467689971310906,7.3467689971310906,1.1175657890635347,6.573902913838587,1.683543627327587e-07,25.83450468435356,True
1379,9020.5,2600.5,4,7.342412870739544,7.342412870739544,7.342412870739544,1.365056626651196,5.378833908709123,1.6825454022807417e-07,25.83514864183424,True
852,9095.5,2393.5,4,7.3423122580991595,7.3423122580991595,7.3423122580991595,1.1851696757237065,6.1951570382660055,1.6825223464626517e-07,25.83516351971386,True
3632,8055.25,4055.0,4,7.341454428051553,7.341454428051553,7.341454428051553,1.2047808379691274,6.093601588507069,1.6823257710278527e-07,25.835290377782524,True
625,8605.0,2187.5,4,7.339978617046915,7.339978617046915,7.339978617046915,1.215517899760586,6.038560697866013,1.681987582606117e-07,25.83550865912326,True
3622,8335.0,4052.25,4,7.337806623791302,7.337806623791302,7.337806623791302,1.3239459535686307,5.542376260913527,1.6814898610355172e-07,25.83582998985438,True
3382,8544.5,4001.25,4,7.335799139355267,7.335799139355267,7.335799139355267,1.4132087914050344,5.190881336127197,1.681029837366532e-07,25.83612706728463,True
1400,9024.5,2609.5,4,7.335340898846233,7.335340898846233,7.335340898846233,1.367625041764857,5.363561411087,1.6809248295884097e-07,25.83619489136783,True
1151,9190.5,2486.5,4,7.335164469097695,7.335164469097695,7.335164469097695,1.1801409288676468,6.2154987507600765,1.6808843999547925e-07,25.836221005828207,True
3372,8801.25,3998.0,4,7.33322421870097,7.33322421870097,7.33322421870097,1.2663931953585252,5.790637730507451,1.6804397832542944e-07,25.83650823575634,True
817,9018.0,2383.75,4,7.331300657604777,7.331300657604777,7.331300657604777,1.200272880531157,6.108028246343826,1.6799989909785967e-07,25.836793070069596,True
994,9010.25,2432.0,4,7.328061979626262,7.328061979626262,7.328061979626262,1.2204460613035024,6.004412822472052,1.6792568340285383e-07,25.837272811253584,True
4553,8612.5,4247.5,4,7.327181738232216,7.327181738232216,7.327181738232216,1.194309838549564,6.135076093093859,1.6790551229375764e-07,25.837403236918277,True
3160,8016.0,3949.75,4,7.323232572887981,7.323232572887981,7.323232572887981,1.238863271578075,5.911251661823489,1.678150154760253e-07,25.837988578985147,True
4097,8215.5,4142.5,4,7.321394365643106,7.321394365643106,7.321394365643106,1.2040100203584632,6.080841722117352,1.677728921685683e-07,25.838261144230607,True
100,8669.5,1972.5,4,7.320475977276406,7.320475977276406,7.320475977276406,1.1024708219703325,6.640063239218679,1.6775184690523182e-07,25.838397346433975,True
3386,8126.25,4002.0,4,7.3142933066831475,7.3142933066831475,7.3142933066831475,1.2587849198944694,5.810598134029397,1.676101683567269e-07,25.839314716509897,True
3464,8720.5,4016.5,4,7.313083093975628,7.313083093975628,7.313083093975628,1.3042319712581254,5.607195081194853,1.6758243581345173e-07,25.839494375762385,True
827,9167.0,2386.75,4,7.312513273571572,7.312513273571572,7.312513273571572,1.1478301264668866,6.370727780146418,1.675693781344864e-07,25.839578977391973,True
1147,8086.25,2483.5,4,7.312279623364056,7.312279623364056,7.312279623364056,1.4017713888187806,5.216456607468523,1.6756402393976432e-07,25.83961366950575,True
1215,9180.5,2514.5,4,7.310382765148721,7.310382765148721,7.310382765148721,1.1894819024001242,6.145854552640025,1.6752055662016278e-07,25.83989535386616,True
3945,8925.5,4115.5,4,7.308920305584511,7.308920305584511,7.308920305584511,1.1777446051907128,6.205861842518034,1.6748704373197326e-07,25.840112579720838,True
1466,7589.5,2651.5,4,7.307047766064247,7.307047766064247,7.307047766064247,0.9966391720490478,7.3316883090610085,1.674441336857e-07,25.840390780104578,True
2522,9184.5,3772.5,4,7.305774134014687,7.305774134014687,7.305774134014687,1.172276167452448,6.232127153016644,1.6741494786100024e-07,25.84058004244428,True
1875,7478.8,3183.4,5,7.305388114867907,7.305388114867907,7.305388114867907,1.0900462318015232,6.7019066730722665,1.6740610206668112e-07,25.84063741159211,True
4064,8702.0,4135.25,4,7.304967325543008,7.304967325543008,7.304967325543008,1.2095104756449837,6.039606495882196,1.6739645949881683e-07,25.84069995164551,True
4688,8730.75,4285.75,4,7.3043216880308,7.3043216880308,7.3043216880308,1.1829062726235862,6.174894712351497,1.6738166443829885e-07,25.840795916893647,True
2088,9112.5,3544.5,4,7.303347986553753,7.303347986553753,7.303347986553753,1.3542905153954705,5.392748382662253,1.6735935165131395e-07,25.840940660438836,True
1016,9184.5,2436.5,4,7.302370470379433,7.302370470379433,7.302370470379433,1.1628029697219864,6.279972325943879,1.6733695144890488e-07,25.841085990462265,True
3563,9163.5,4037.5,4,7.300089281414589,7.300089281414589,7.300089281414589,1.0415994325244564,7.0085380746817805,1.6728467702533184e-07,25.841425216799646,True
2356,7604.0,3708.0,5,7.299305580077868,7.299305580077868,7.299305580077868,1.1530179741955322,6.330608666504647,1.6726671817305703e-07,25.841541782304432,True
4302,8618.5,4184.5,4,7.298792761181435,7.298792761181435,7.298792761181435,1.2133762064055267,6.015275989961253,1.6725496670808787e-07,25.841618064300835,True
256,8865.5,2038.5,4,7.2951249297605365,7.2951249297605365,7.2951249297605365,1.0549399804841952,6.915203769613725,1.6717091677787805e-07,25.842163811856054,True
70,8665.5,1954.5,4,7.294204157208046,7.294204157208046,7.294204157208046,1.0842424798183,6.727465758794497,1.6714981687990156e-07,25.84230085943267,True
233,8239.75,2030.0,4,7.291892927502236,7.291892927502236,7.291892927502236,1.0813140047093441,6.7435480311403975,1.6709685405986424e-07,25.84264493856166,True
714,7998.5,2351.5,4,7.290291231487832,7.290291231487832,7.290291231487832,1.1971544131112426,6.0896832953581574,1.670601505086975e-07,25.8428834514401,True
3052,7815.0,3927.25,4,7.28615180811747,7.28615180811747,7.28615180811747,1.1689397067843548,6.233128848160185,1.6696529384669132e-07,25.843500106947705,True
1609,9263.0,2755.5,4,7.2848862822996,7.2848862822996,7.2848862822996,1.2036574678534422,6.052291849516951,1.6693629377976766e-07,25.84368870397057,True
2005,9206.0,3438.75,4,7.284520548199261,7.284520548199261,7.284520548199261,1.2618108125735028,5.773068732342095,1.6692791282598836e-07,25.843743214186222,True
3962,8597.5,4119.5,4,7.280397814129435,7.280397814129435,7.280397814129435,1.2714748613520412,5.72594711498088,1.668334386064623e-07,25.84435786943528,True
3545,8701.0,4035.75,4,7.279828470562542,7.279828470562542,7.279828470562542,1.2979143209649133,5.608866743338244,1.6682039185442508e-07,25.84444277978101,True
3745,8300.5,4075.5,4,7.276948374126995,7.276948374126995,7.276948374126995,1.2829034158836488,5.672249589509994,1.6675439320927853e-07,25.84487241129181,True
3236,8156.25,3969.25,4,7.276567381237591,7.276567381237591,7.276567381237591,1.2942569797797943,5.622196746797248,1.6674566259380302e-07,25.84492925773095,True
2087,7579.5,3543.5,4,7.273845117901406,7.273845117901406,7.273845117901406,1.0344356173457037,7.031704048015701,1.6668328076182585e-07,25.84533552248773,True
3870,8657.5,4100.5,4,7.27158347926005,7.27158347926005,7.27158347926005,1.2668665437853088,5.739818069181199,1.6663145434230103e-07,25.84567316024909,True
3659,7927.5,4060.0,4,7.269536417339882,7.269536417339882,7.269536417339882,1.1738976750871335,6.1926491308540115,1.665845450403781e-07,25.845978854620718,True
1265,7830.0,2535.5,4,7.267746847485147,7.267746847485147,7.267746847485147,1.1954008888886927,6.079756937642589,1.6654353627957762e-07,25.846246167399407,True
641,8449.0,2197.5,4,7.2665189918027755,7.2665189918027755,7.2665189918027755,1.2207077548832799,5.9527097806448985,1.6651539943996635e-07,25.846429613524098,True
1258,7864.5,2531.5,4,7.263978880261026,7.263978880261026,7.263978880261026,1.2093188445587326,6.006669715720483,1.664571916944869e-07,25.846809213881553,True
1618,9289.5,2765.5,4,7.262727182720742,7.262727182720742,7.262727182720742,1.1924435990122941,6.090625324951627,1.664285085084753e-07,25.846996319387006,True
1716,7497.2,2887.8,5,7.260645530639391,7.260645530639391,7.260645530639391,1.0820203828082282,6.710266872972791,1.6638080655817255e-07,25.847307559081877,True
1384,9268.75,2603.25,4,7.260427873943886,7.260427873943886,7.260427873943886,1.1814814144869128,6.145190085022966,1.663758188616381e-07,25.847340107330613,True
3073,9042.5,3931.5,4,7.259965341900429,7.259965341900429,7.259965341900429,1.1903597824393874,6.098967260992878,1.6636521974147384e-07,25.84740927732872,True
163,8909.0,2004.25,4,7.259906214092812,7.259906214092812,7.259906214092812,1.0045140853950678,7.2272816475615125,1.663638648024013e-07,25.847418119996668,True
1555,7576.4,2711.8,5,7.258185050903063,7.258185050903063,7.258185050903063,1.1213373584475677,6.472793398189852,1.6632442360966986e-07,25.847675554553877,True
3567,7908.5,4039.5,4,7.257809561108193,7.257809561108193,7.257809561108193,1.1710052052330238,6.197931084058612,1.6631581909996598e-07,25.847731724713185,True
4347,8433.75,4194.25,4,7.257584493969521,7.257584493969521,7.257584493969521,1.209939752793014,5.998302375978786,1.663106615899479e-07,25.847765394283577,True
4164,8102.0,4156.25,4,7.255650919293007,7.255650919293007,7.255650919293007,1.183111226496034,6.132687068469238,1.6626635289689007e-07,25.848054696011765,True
1559,7584.5,2712.5,4,7.252894800518593,7.252894800518593,7.252894800518593,1.0108840545838638,7.174803843853575,1.6620319525302466e-07,25.848467200205057,True
742,9146.75,2359.0,4,7.25201455912455,7.25201455912455,7.25201455912455,1.1426759765600047,6.346518792629687,1.6618302414392853e-07,25.848598977650596,True
3599,8356.5,4046.5,4,7.251298349712933,7.251298349712933,7.251298349712933,1.3403397884500048,5.410044835047743,1.6616661189806602e-07,25.84870621032135,True
1694,7545.5,2852.5,4,7.248951357220253,7.248951357220253,7.248951357220253,0.9915097248342162,7.311023962404708,1.661128295584283e-07,25.8490576821643,True
777,8084.5,2370.5,4,7.244472902630413,7.244472902630413,7.244472902630413,1.2429376342616305,5.828508770622274,1.660102038506111e-07,25.849728665136595,True
594,8342.5,2175.5,4,7.242727678631388,7.242727678631388,7.242727678631388,1.203757804984869,6.016764874660503,1.6597021129411495e-07,25.849990255066228,True
218,8593.5,2022.5,4,7.242709558819374,7.242709558819374,7.242709558819374,1.1682373632315857,6.199690051672842,1.6596979607085073e-07,25.849992971357857,True
653,8594.0,2205.75,4,7.241802137707317,7.241802137707317,7.241802137707317,1.231465763606847,5.8806361912139264,1.6594900212685844e-07,25.850129009075417,True
3114,7956.75,3939.25,4,7.240740698193155,7.240740698193155,7.240740698193155,1.2130626413329515,5.968975097804348,1.659246787851206e-07,25.85028815838018,True
1577,9306.0,2730.5,4,7.238157671307167,7.238157671307167,7.238157671307167,1.1838944043358632,6.1138541113112215,1.6586548761612076e-07,25.85067554777489,True
735,8812.5,2356.5,4,7.237658422802532,7.237658422802532,7.237658422802532,1.3087649816080373,5.530143703806817,1.6585404712250024e-07,25.850750438499304,True
235,8950.5,2029.5,4,7.237171572064003,7.237171572064003,7.237171572064003,1.0109747255462824,7.15860781599004,1.6584289072900768e-07,25.850823474448397,True
780,8167.25,2371.5,4,7.236903589581097,7.236903589581097,7.236903589581097,1.2987168783034813,5.572348916443352,1.6583674979546928e-07,25.850863678507135,True
633,8390.5,2190.5,4,7.235194605206096,7.235194605206096,7.235194605206096,1.2134399159410305,5.962548709793476,1.657975876855015e-07,25.851120103828876,True
770,7817.5,2369.0,4,7.230198782299599,7.230198782299599,7.230198782299599,1.0954477616625344,6.600222334040376,1.6568310626079938e-07,25.851870051773254,True
2026,7851.5,3476.0,4,7.2267054732786065,7.2267054732786065,7.2267054732786065,1.4215408075452427,5.083712992916389,1.6560305558623925e-07,25.85239475776636,True
894,9137.25,2404.75,4,7.223344248150429,7.223344248150429,7.223344248150429,1.1795939717033759,6.123585251728323,1.6552603167073617e-07,25.85289986383176,True
4669,8255.5,4280.5,4,7.220024507855019,7.220024507855019,7.220024507855019,1.1848336171922478,6.093703287187806,1.6544995839796956e-07,25.85339896654851,True
1217,8035.5,2515.5,4,7.220006388043011,7.220006388043011,7.220006388043011,1.364825549512406,5.290058052197522,1.6544954317470547e-07,25.853401691381453,True
570,8304.5,2167.5,4,7.219608705853066,7.219608705853066,7.219608705853066,1.1957974267380564,6.037484731462419,1.6544043011674973e-07,25.85346149601598,True
3441,8126.25,4014.0,4,7.219030779217325,7.219030779217325,7.219030779217325,1.249858268121684,5.775879524376993,1.6542718668000843e-07,25.853548412220672,True
2435,9063.5,3735.5,4,7.217898767803753,7.217898767803753,7.217898767803753,1.2808952914149394,5.635042002403265,1.6540124615292603e-07,25.853718679142656,True
1238,9008.25,2524.0,4,7.216860693310345,7.216860693310345,7.216860693310345,1.3108043396463458,5.505673482327232,1.6537745823066047e-07,25.853874840395733,True
1890,9171.5,3218.5,4,7.214622419689739,7.214622419689739,7.214622419689739,1.373075998759849,5.254350397360326,1.6532616723060782e-07,25.854211628334504,True
3816,9078.5,4088.5,4,7.2137369330869525,7.2137369330869525,7.2137369330869525,1.0705050306243078,6.7386296436925415,1.653058759253036e-07,25.85434489433394,True
2918,7987.5,3893.5,4,7.2111720260129815,7.2111720260129815,7.2111720260129815,1.2534012233214813,5.753283060394308,1.6524709997956802e-07,25.854731005956456,True
2427,9203.0,3733.5,4,7.209047239636025,7.209047239636025,7.209047239636025,1.1777676670260573,6.120941711568085,1.6519840958838034e-07,25.855050967459263,True
3617,7789.6,4050.8,5,7.208253047881823,7.208253047881823,7.208253047881823,1.1735641405563673,6.14218924963446,1.6518021034368944e-07,25.855170585241332,True
4637,8845.5,4269.5,4,7.207329195355019,7.207329195355019,7.207329195355019,1.1355304767623033,6.347103263934416,1.651590398667805e-07,25.85530974856067,True
4817,8652.5,4338.5,4,7.206096094463906,7.206096094463906,7.206096094463906,1.178963423050195,6.112230416631935,1.6513078283096113e-07,25.855495522900632,True
4819,8278.25,4340.0,4,7.20607368311747,7.20607368311747,7.20607368311747,1.1818927827197512,6.0970620926671355,1.6513026926534492e-07,25.855498899603873,True
30,8624.75,1929.0,4,7.204902094219765,7.204902094219765,7.204902094219765,1.0590236133561555,6.803344140161978,1.6510342180323813e-07,25.85567543678023,True
903,8960.5,2407.0,4,7.204494875286663,7.204494875286663,7.204494875286663,1.249740694398494,5.7647917744682395,1.6509409020672243e-07,25.8557368040033,True
1028,9149.25,2438.75,4,7.202775877331337,7.202775877331337,7.202775877331337,1.1835959487712278,6.085502307446248,1.650546986312665e-07,25.855995892397885,True
4477,8853.75,4227.0,4,7.202274244640908,7.202274244640908,7.202274244640908,1.1444413700766793,6.293266245835158,1.6504320350300588e-07,25.856071510430326,True
3449,8355.5,4015.25,4,7.200904291485394,7.200904291485394,7.200904291485394,1.38011490752663,5.21761213665207,1.6501181043884933e-07,25.856278049249592,True
3503,8782.5,4025.5,4,7.198270719860638,7.198270719860638,7.198270719860638,1.2454671290406527,5.7795750301376945,1.6495146101548105e-07,25.856675205904814,True
3041,8972.75,3923.25,4,7.197935980175577,7.197935980175577,7.197935980175577,1.2147516324812409,5.925438408733099,1.6494379031202193e-07,25.856725696843554,True
3387,8165.5,4002.0,4,7.197463911388958,7.197463911388958,7.197463911388958,1.2744963457032514,5.647300547901914,1.649329726532976e-07,25.85679690600437,True
1707,9336.5,2867.5,4,7.197134893749794,7.197134893749794,7.197134893749794,1.1781459023913243,6.108865531120989,1.649254330729745e-07,25.856846539393636,True
3115,7980.5,3939.5,4,7.196916502331338,7.196916502331338,7.196916502331338,1.2233939625345525,5.882746460037459,1.649204285399485e-07,25.85687948570782,True
2021,7621.5,3463.5,4,7.195529383038124,7.195529383038124,7.195529383038124,1.1127445432362337,6.466470158650354,1.648886421063837e-07,25.857088768501534,True
2388,9181.5,3718.5,4,7.19156591257914,7.19156591257914,7.19156591257914,1.1873677831082892,6.056729864905945,1.6479781748081115e-07,25.85768698285881,True
4080,8738.5,4139.5,4,7.189910810803017,7.189910810803017,7.189910810803017,1.196369872569589,6.00977254246663,1.6475989011370787e-07,25.857936888200715,True
4206,8203.25,4165.0,4,7.189798277233681,7.189798277233681,7.189798277233681,1.1964593051652512,6.009229270226327,1.6475731135869885e-07,25.85795388183664,True
3477,8610.25,4020.25,4,7.181464594219769,7.181464594219769,7.181464594219769,1.3714835776695793,5.236274579694561,1.6456634143796607e-07,25.859213086746095,True
4591,8804.5,4257.0,4,7.17889968714579,7.17889968714579,7.17889968714579,1.1706284681799843,6.13251760253795,1.6450756549223034e-07,25.85960093380166,True
2946,8958.5,3899.5,4,7.1776613410459404,7.1776613410459404,7.1776613410459404,1.2524077593895397,5.731089804605285,1.64479188260203e-07,25.85978823732028,True
4044,8515.75,4133.25,4,7.175523680065713,7.175523680065713,7.175523680065713,1.2496142660909948,5.742190910249422,1.6443020284195924e-07,25.86011164093188,True
3422,8245.5,4009.0,4,7.172758501385296,7.172758501385296,7.172758501385296,1.309227497191836,5.478618893026732,1.6436683758646179e-07,25.860530123730747,True
3329,8002.5,3987.5,4,7.16851083598002,7.16851083598002,7.16851083598002,1.2123471311116956,5.912919371044046,1.6426950051179858e-07,25.861173280782275,True
4402,8521.5,4206.75,4,7.168108862255654,7.168108862255654,7.168108862255654,1.2076489969835034,5.935589629238578,1.6426028911149085e-07,25.861234165068137,True
355,8020.6,2080.2,5,7.167448661742907,7.167448661742907,7.167448661742907,1.1446497552198158,6.261695884752526,1.642451603335692e-07,25.861334168656892,True
1420,9134.25,2620.75,4,7.166233461712444,7.166233461712444,7.166233461712444,1.2623372212702204,5.676956474832817,1.6421731350364962e-07,25.86151826464296,True
4780,8170.5,4323.5,4,7.163538378094277,7.163538378094277,7.163538378094277,1.1780320114955913,6.080936942451742,1.641555545065687e-07,25.861926666106196,True
4607,8829.5,4261.5,4,7.163182180737099,7.163182180737099,7.163182180737099,1.1511480962527532,6.222641729639196,1.6414739209134942e-07,25.861980654227928,True
413,8853.75,2101.75,4,7.162571352337441,7.162571352337441,7.162571352337441,1.1235212129982663,6.375110028606548,1.6413339469657579e-07,25.86207324251758,True
3587,8344.5,4042.5,4,7.159107607220257,7.159107607220257,7.159107607220257,1.3398483459793558,5.343222334604848,1.6405402149155192e-07,25.862598420265492,True
252,8846.6,2037.8,5,7.158388278899889,7.158388278899889,7.158388278899889,1.189550519460141,6.0177253187604105,1.6403753777455765e-07,25.862707517667353,True
4806,8519.5,4334.5,4,7.156953256939492,7.156953256939492,7.156953256939492,1.1884488775060773,6.022096021461296,1.6400465363082798e-07,25.86292519396915,True
4345,8030.5,4194.5,4,7.15532962641581,7.15532962641581,7.15532962641581,1.151587691110528,6.21344747052272,1.63967447440973e-07,25.86317153265106,True
4723,8836.5,4299.5,4,7.155009668682656,7.155009668682656,7.155009668682656,1.132849240556843,6.315941620939488,1.6396011547228205e-07,25.863220083518755,True
645,8499.5,2199.5,4,7.152227323864544,7.152227323864544,7.152227323864544,1.222295049699484,5.851473689288855,1.638963568473765e-07,25.86364237225876,True
4671,8599.0,4280.5,4,7.151640814159951,7.151640814159951,7.151640814159951,1.1880947368140389,6.019419657844447,1.6388291672593098e-07,25.863731410386755,True
4308,8938.0,4185.75,4,7.150566500042519,7.150566500042519,7.150566500042519,1.1157517937714492,6.408743001767688,1.6385829835713708e-07,25.86389452111633,True
2185,9300.5,3609.5,4,7.148839872692665,7.148839872692665,7.148839872692665,1.155482388854213,6.186887780939285,1.6381873195083315e-07,25.864156722467367,True
2904,7812.25,3891.25,4,7.145580690716347,7.145580690716347,7.145580690716347,1.182817681671798,6.041151397582054,1.637440463979231e-07,25.86465182640183,True
3412,9163.5,4006.5,4,7.145517271374306,7.145517271374306,7.145517271374306,1.0675777293628204,6.693205632566989,1.6374259311649852e-07,25.86466146270492,True
3933,8978.5,4113.5,4,7.144756239269814,7.144756239269814,7.144756239269814,1.1343767714297104,6.298397868518525,1.637251537394035e-07,25.864777105013516,True
1524,9275.5,2688.5,4,7.143472116802773,7.143472116802773,7.143472116802773,1.1934179841497585,5.985725212522321,1.6369572752228766e-07,25.864972261225027,True
3818,9107.6,4090.4,5,7.141198776183825,7.141198776183825,7.141198776183825,1.1701727165487663,6.10268781282615,1.6364363294692714e-07,25.865317841218438,True
2796,9165.5,3860.5,4,7.140922468517861,7.140922468517861,7.140922468517861,1.1686372650513561,6.110469588871146,1.6363730123824816e-07,25.865359851397667,True
328,8327.5,2070.0,4,7.138676565502724,7.138676565502724,7.138676565502724,1.1676287536652448,6.113823887167957,1.6358583540734744e-07,25.865701381748796,True
993,8925.5,2431.5,4,7.138339918469036,7.138339918469036,7.138339918469036,1.3210289349739708,5.403621169440689,1.6357812099617641e-07,25.86575258430546,True
1722,9300.25,2902.75,4,7.137414854382119,7.137414854382119,7.137414854382119,1.1947756597208115,5.973853581893316,1.6355692275584783e-07,25.865893294984268,True
2301,9214.5,3674.5,4,7.135752123211464,7.135752123211464,7.135752123211464,1.1885613049597072,6.003688739852901,1.6351882055789648e-07,25.86614625740554,True
4167,8542.5,4156.5,4,7.133746546124062,7.133746546124062,7.133746546124062,1.2326934203961557,5.787121459471618,1.6347286189871e-07,25.866451457710053,True
253,8938.4,2038.2,5,7.133086822448473,7.133086822448473,7.133086822448473,1.1441936227440908,6.2341606181490254,1.6345774404771634e-07,25.866551870445203,True
51,8575.6,1945.8,5,7.131598613677721,7.131598613677721,7.131598613677721,1.2030051758973124,5.928152892906979,1.6342364110541462e-07,25.86677841622579,True
2101,9305.5,3554.0,4,7.131213587139687,7.131213587139687,7.131213587139687,1.1656796968288003,6.117644157773321,1.6341481805715062e-07,25.866837035416225,True
4522,8202.0,4238.5,4,7.13004772028788,7.13004772028788,7.13004772028788,1.1853652045620895,6.015064127786626,1.633881017181799e-07,25.867014554616873,True
4189,8143.5,4161.5,4,7.127723615978798,7.127723615978798,7.127723615978798,1.1876791179809385,6.001388344771078,1.6333484387108645e-07,25.86736851796147,True
2210,9235.25,3625.0,4,7.126622598980508,7.126622598980508,7.126622598980508,1.19284527112678,5.974473614879313,1.6330961359432432e-07,25.867536244211617,True
4272,8838.0,4177.25,4,7.125669401501259,7.125669401501259,7.125669401501259,1.1713306012820146,6.083397286557916,1.6328777066524352e-07,25.867681472925007,True
3508,8467.75,4028.25,4,7.1229223426328545,7.1229223426328545,7.1229223426328545,1.3788742829802516,5.165751824189233,1.6322482063301026e-07,25.868100122200744,True
3982,8020.0,4122.25,4,7.121298712109169,7.121298712109169,7.121298712109169,1.1808306056994948,6.030753842030278,1.6318761444315522e-07,25.868347637939735,True
4746,8705.5,4307.5,4,7.117009085033974,7.117009085033974,7.117009085033974,1.1810320329861992,6.026093184821464,1.6308931579882766e-07,25.869001845395804,True
139,8778.5,1993.5,4,7.115690630291542,7.115690630291542,7.115690630291542,1.071125619551964,6.643189650591991,1.6305910284289549e-07,25.869203001055787,True
526,8229.5,2154.5,4,7.115482729290566,7.115482729290566,7.115482729290566,1.1824727458385111,6.017460236891006,1.6305433870228559e-07,25.869234723758908,True
1526,7833.75,2693.0,4,7.114679258678997,7.114679258678997,7.114679258678997,1.2804894777023228,5.556218448155773,1.6303592682859826e-07,25.86935733053375,True
269,8357.5,2043.5,4,7.11450759730204,7.11450759730204,7.11450759730204,1.1658597012306617,6.102370285028368,1.630319931345166e-07,25.869383527248118,True
815,9051.0,2383.5,4,7.113448065136514,7.113448065136514,7.113448065136514,1.1918977488804234,5.968169729172101,1.6300771350049085e-07,25.86954523318278,True
146,8681.0,1996.5,4,7.113163393353066,7.113163393353066,7.113163393353066,1.122776231173505,6.335334856455341,1.630011901244722e-07,25.869588683931784,True
3660,8097.5,4059.5,4,7.112637441967569,7.112637441967569,7.112637441967569,1.2099002921308246,5.878697185402853,1.6298913772288335e-07,25.86966896685828,True
1794,7556.5,3052.5,4,7.109923284863076,7.109923284863076,7.109923284863076,1.0370147458802317,6.856144826395964,1.629269416486823e-07,25.870083358995693,True
1847,9361.5,3130.5,4,7.107703131054482,7.107703131054482,7.107703131054482,1.1529211518407376,6.164951627183197,1.6287606587189385e-07,25.870422445326874,True
3040,8804.5,3924.0,4,7.105701845501507,7.105701845501507,7.105701845501507,1.3539215476477982,5.248237505227996,1.6283020555505946e-07,25.870728194469862,True
787,8945.25,2374.0,4,7.104706686352337,7.104706686352337,7.104706686352337,1.2292598617903383,5.779662142392566,1.628074010563143e-07,25.87088026333081,True
580,8309.0,2172.5,4,7.103865545605263,7.103865545605263,7.103865545605263,1.198084270713616,5.929353818637467,1.6278812595531445e-07,25.87100881346921,True
748,8068.0,2361.5,4,7.102578085278118,7.102578085278118,7.102578085278118,1.2209742085392143,5.817140145634782,1.6275862324970266e-07,25.871205603366747,True
1081,9108.75,2457.0,4,7.101050775860391,7.101050775860391,7.101050775860391,1.1968755581289623,5.9329900486573885,1.6272362429930453e-07,25.871439100757204,True
1964,9248.5,3375.5,4,7.1002992804990654,7.1002992804990654,7.1002992804990654,1.2156441898276216,5.840770959063184,1.6270640346076965e-07,25.87155400894819,True
2455,7634.0,3744.0,5,7.099504135070544,7.099504135070544,7.099504135070544,1.1777751456012147,6.027894340941017,1.6268818236222266e-07,25.871675604741515,True
1886,7556.5,3207.5,4,7.094572466229042,7.094572466229042,7.094572466229042,1.0332429936084193,6.866315581248218,1.6257517105543677e-07,25.87243007321128,True
1765,7599.5,2990.5,4,7.094324510906777,7.094324510906777,7.094324510906777,1.090146176893877,6.507681869894217,1.6256948905287448e-07,25.872468020357,True
559,8503.5,2165.5,4,7.092385214184366,7.092385214184366,7.092385214184366,1.2103065285713408,5.859990875663784,1.6252504923668065e-07,25.872764856581494,True
4602,8269.0,4260.5,4,7.091341894482216,7.091341894482216,7.091341894482216,1.1877978155373106,5.970159063876024,1.6250114111820698e-07,25.872924584693454,True
4747,8811.25,4308.0,4,7.090681951855263,7.090681951855263,7.090681951855263,1.1516965461378175,6.156727634231142,1.624860182498489e-07,25.873025631428593,True
1762,7601.0,2984.5,4,7.090351503704628,7.090351503704628,7.090351503704628,1.091249905874022,6.497458983078405,1.6247844588874184e-07,25.873076231340384,True
1596,9406.5,2745.5,4,7.090105932568154,7.090105932568154,7.090105932568154,1.0616097073381434,6.678637058006683,1.6247281852081957e-07,25.8731138359769,True
1163,9208.5,2491.5,4,7.0881265815244525,7.0881265815244525,7.0881265815244525,1.1669852502126157,6.073878466101479,1.6242746084267333e-07,25.873416984215144,True
1534,9213.5,2697.5,4,7.07722608408793,7.07722608408793,7.07722608408793,1.2283603589420118,5.76152269370167,1.6217767126849283e-07,25.875087972200003,True
1733,9461.0,2921.25,4,7.076385420178017,7.076385420178017,7.076385420178017,1.0200818400161753,6.9370761664238705,1.6215840709442105e-07,25.87521694836186,True
543,8107.5,2161.5,4,7.076300543163857,7.076300543163857,7.076300543163857,1.1621647998009579,6.0888959503641855,1.621564621012363e-07,25.875229971196884,True
1574,9191.5,2728.5,4,7.073318403576458,7.073318403576458,7.073318403576458,1.267429787701019,5.580836486734855,1.6208812509349687e-07,25.87568762549525,True
2917,7838.5,3893.5,4,7.066419523571572,7.066419523571572,7.066419523571572,1.192215075888529,5.927134848806655,1.6193003429912917e-07,25.87674710261237,True
3025,9222.75,3918.0,4,7.064500254009804,7.064500254009804,7.064500254009804,1.0666588797419607,6.623017337762943,1.6188605341391147e-07,25.877042033231966,True
1879,7470.5,3188.5,4,7.061284464214882,7.061284464214882,7.061284464214882,0.9682602872304735,7.292754393978461,1.6181236221144982e-07,25.877536377374568,True
368,8198.6,2086.0,5,7.0604130248410515,7.0604130248410515,7.0604130248410515,1.2492857000789503,5.651559946931962,1.617923928044222e-07,25.877670377310533,True
3900,8965.25,4108.0,4,7.059337061260781,7.059337061260781,7.059337061260781,1.1515861125755156,6.130099159907907,1.6176773663747985e-07,25.877835849448388,True
1693,9360.0,2851.5,4,7.058096330975136,7.058096330975136,7.058096330975136,1.1420855751873147,6.18000654619732,1.6173930477081243e-07,25.878026692324354,True
1513,9429.4,2675.8,5,7.055692813811999,7.055692813811999,7.055692813811999,1.1419098070109435,6.178852979887211,1.6168422714410668e-07,25.878396484674408,True
2335,7585.5,3695.5,4,7.05543367228373,7.05543367228373,7.05543367228373,1.0149652536917082,6.951404145729299,1.6167828880483587e-07,25.87843636233261,True
4500,8521.0,4231.5,4,7.055356901501259,7.055356901501259,7.055356901501259,1.2027061611380323,5.86623493707332,1.6167652956942715e-07,25.8784481763862,True
3715,8215.5,4068.5,4,7.0544332679258215,7.0544332679258215,7.0544332679258215,1.2453101371404607,5.664800323656355,1.6165536410988267e-07,25.87859032200313,True
206,8386.5,2018.5,4,7.053843420361122,7.053843420361122,7.053843420361122,1.1564532552103348,6.099549107221091,1.616418474999412e-07,25.878681108265805,True
4828,8376.5,4347.5,4,7.053782862042031,7.053782862042031,7.053782862042031,1.1841397885805685,5.9568835791738906,1.6164045978008464e-07,25.878690429516347,True
4414,8753.5,4208.5,4,7.050271910046181,7.050271910046181,7.050271910046181,1.1837379071052727,5.955939965872178,1.6156000480918827e-07,25.87923097871803,True
3481,8774.5,4020.5,4,7.046559732769573,7.046559732769573,7.046559732769573,1.2567273178221217,5.607071345422086,1.6147493867467413e-07,25.879802801587594,True
804,8105.5,2380.5,4,7.046026628826702,7.046026628826702,7.046026628826702,1.2717230865420213,5.540535281140295,1.614627223691652e-07,25.879884945523006,True
2408,7842.0,3727.0,4,7.04408685526713,7.04408685526713,7.04408685526713,1.256944551680287,5.604134920550453,1.6141827162604327e-07,25.880183890226093,True
946,7866.5,2419.5,4,7.04273025355204,7.04273025355204,7.04273025355204,1.181904419060128,5.958798478097364,1.6138718451587072e-07,25.880393009374963,True
2212,7537.0,3625.75,4,7.042056005810341,7.042056005810341,7.042056005810341,0.9822546382614556,7.169277427159263,1.613717338396725e-07,25.88049695915045,True
4253,8336.5,4174.5,4,7.041182916973671,7.041182916973671,7.041182916973671,1.21192006232779,5.809940057803277,1.6135172663449646e-07,25.88063157934206,True
1157,9263.0,2487.5,4,7.038578909252724,7.038578909252724,7.038578909252724,1.0877393111012743,6.470832521559382,1.6129205468066445e-07,25.881033186347526,True
4384,8721.5,4202.5,4,7.038330953930458,7.038330953930458,7.038330953930458,1.1903193950790036,5.912976788438629,1.6128637267810216e-07,25.88107143537706,True
200,8529.0,2016.5,4,7.036467951153359,7.036467951153359,7.036467951153359,1.162195481674308,6.054461630685679,1.6124368117038898e-07,25.881358861093066,True
862,8069.5,2396.5,4,7.036328237866009,7.036328237866009,7.036328237866009,1.2595922275149898,5.586195344939339,1.6124047958048377e-07,25.88138041925,True
3051,8762.5,3926.5,4,7.034453314159954,7.034453314159954,7.034453314159954,1.3795578853385642,5.099063539790209,1.6119751489957048e-07,25.8816697667256,True
1572,9162.0,2726.75,4,7.03026954493388,7.03026954493388,7.03026954493388,1.3023723536713845,5.398048818462375,1.6110164203325992e-07,25.88231570477935,True
265,8922.5,2041.5,4,7.027046602581581,7.027046602581581,7.027046602581581,1.0328691992494263,6.803423519345966,1.610277869268781e-07,25.88281356158535,True
4043,8387.25,4133.0,4,7.025348585461221,7.025348585461221,7.025348585461221,1.2507483765827654,5.616916013639402,1.6098887613625447e-07,25.883075950829056,True
939,7981.0,2417.5,4,7.024764459942423,7.024764459942423,7.024764459942423,1.2079193342591763,5.815590710989613,1.609754906494491e-07,25.883166228568776,True
1606,9351.0,2752.5,4,7.024501722668251,7.024501722668251,7.024501722668251,1.1385191330149695,6.169858300111581,1.6096946991211864e-07,25.883206837575283,True
4638,8875.5,4269.5,4,7.024423521374306,7.024423521374306,7.024423521374306,1.1098445482076122,6.329195861455263,1.6096767789592592e-07,25.883218924759838,True
4732,8338.0,4303.5,4,7.023337286327919,7.023337286327919,7.023337286327919,1.1858850126431961,5.92244375419986,1.609427863539319e-07,25.883386832618637,True
4255,8748.5,4174.5,4,7.022463720654091,7.022463720654091,7.022463720654091,1.1871959938818974,5.91516797297472,1.6092276822182784e-07,25.883521885347932,True
2792,8011.25,3860.25,4,7.022259157513226,7.022259157513226,7.022259157513226,1.2878228521703963,5.452814527773333,1.6091808056971405e-07,25.883553513114478,True
2907,9126.25,3890.75,4,7.018803041790566,7.018803041790566,7.018803041790566,1.1829375986111,5.933367110853032,1.6083888219553808e-07,25.884088006871494,True
3999,9030.25,4125.0,4,7.016253393505654,7.016253393505654,7.016253393505654,1.0767293517219836,6.5162646325975535,1.6078045591149858e-07,25.884482482732068,True
643,8631.25,2197.25,4,7.016035955761517,7.016035955761517,7.016035955761517,1.220209616172505,5.749861222835698,1.6077547323232865e-07,25.884516130845398,True
1793,9299.5,3052.0,4,7.015832346294961,7.015832346294961,7.015832346294961,1.1985897071771643,5.85340613579785,1.6077080743407073e-07,25.884547640002225,True
3342,8185.5,3990.5,4,7.014989775036419,7.014989775036419,7.014989775036419,1.2909193690909713,5.4341037426498415,1.6075149955228702e-07,25.884678040076246,True
2173,9322.5,3601.5,4,7.014492910717568,7.014492910717568,7.014492910717568,1.1260103687259477,6.229510052073756,1.6074011369330635e-07,25.884754944348792,True
301,8740.5,2060.5,4,7.013909262035927,7.013909262035927,7.013909262035927,1.1404534339746177,6.150105785197741,1.6072673913342896e-07,25.884845287995496,True
2428,9238.5,3733.5,4,7.011660974834999,7.011660974834999,7.011660974834999,1.1443026555380231,6.1274532055842235,1.6067521866788823e-07,25.885193373213056,True
3403,7971.5,4004.5,4,7.008110922192177,7.008110922192177,7.008110922192177,1.2008150945763887,5.836128271409202,1.605938676888955e-07,25.88574322820268,True
522,7897.5,2153.5,4,7.007660787914833,7.007660787914833,7.007660787914833,0.9844555689358367,7.118310880693049,1.6058355266885935e-07,25.885812967792077,True
3891,8263.5,4106.75,4,7.0074171241269925,7.0074171241269925,7.0074171241269925,1.236341315492275,5.667866176046089,1.6057796900864912e-07,25.885850720646246,True
839,9026.75,2390.25,4,7.003437918041788,7.003437918041788,7.003437918041788,1.1995553755037154,5.838361497151323,1.6048678379445246e-07,25.886467437929532,True
2205,9195.5,3621.5,4,7.0012430366025775,7.0012430366025775,7.0012430366025775,1.2073739959134264,5.7987359842928035,1.6043648714484818e-07,25.88680776160716,True
1041,9057.0,2441.5,4,6.999201696728312,6.999201696728312,6.999201696728312,1.2052180243933817,5.807415384657225,1.603897089660614e-07,25.88712437392421,True
4235,8374.5,4170.5,4,6.9969729598508685,6.9969729598508685,6.9969729598508685,1.215787413607573,5.755095735930462,1.603386365045688e-07,25.88747015702546,True
3683,7879.0,4064.5,4,6.996443193768105,6.996443193768105,6.996443193768105,1.12288862851457,6.230754338498782,1.6032649668755592e-07,25.887552365145346,True
1156,9183.5,2487.5,4,6.99423400721415,6.99423400721415,6.99423400721415,1.1827239555365745,5.913665631335782,1.6027587223011155e-07,25.88789524974059,True
3174,9191.0,3952.5,4,6.992343824719033,6.992343824719033,6.992343824719033,1.0867836477723227,6.433979604912039,1.602325578875021e-07,25.888188708169906,True
3638,8740.5,4054.5,4,6.98940221629008,6.98940221629008,6.98940221629008,1.2424382810486057,5.6255528527268925,1.6016514966864306e-07,25.88864556252977,True
459,8605.5,2123.5,4,6.989375513409218,6.989375513409218,6.989375513409218,1.2007803670949921,5.820694362548899,1.6016453776067476e-07,25.888649710572622,True
2151,7621.5,3589.5,4,6.989015024517617,6.989015024517617,6.989015024517617,1.083996836685733,6.4474496492869715,1.6015627700310342e-07,25.888705710702258,True
1388,9291.5,2604.5,4,6.9872149642454,6.9872149642454,6.9872149642454,1.1640527214840397,6.00249012376129,1.6011502784988683e-07,25.888985384208013,True
508,8067.0,2145.5,4,6.986663263653359,6.986663263653359,6.986663263653359,1.1227209271551775,6.222974111079069,1.6010238539418574e-07,25.88907111578482,True
4675,8833.5,4282.0,4,6.985649507855019,6.985649507855019,6.985649507855019,1.1420536597978759,6.116743681808576,1.6007915474524838e-07,25.88922866613356,True
1463,7819.75,2650.25,4,6.984790247295939,6.984790247295939,6.984790247295939,1.2393522443004834,5.63583943097493,1.6005946442098451e-07,25.889362223890636,True
532,8850.5,2156.0,4,6.983100813244423,6.983100813244423,6.983100813244423,1.1782530572038685,5.926656222574235,1.6002075031506488e-07,25.889624866220284,True
4729,8563.0,4301.5,4,6.98119632563456,6.98119632563456,6.98119632563456,1.1886476289514574,5.873226140023421,1.5997710816461532e-07,25.889921017346516,True
2951,9156.5,3900.5,4,6.978546064709267,6.978546064709267,6.978546064709267,1.1631761091913873,5.999561037718173,1.599163762987669e-07,25.89033327198457,True
455,8280.0,2122.25,4,6.978524607037148,6.978524607037148,6.978524607037148,1.1787488862115454,5.920280976439234,1.599158845870067e-07,25.8903366104174,True
475,8124.5,2130.5,4,6.975075167034706,6.975075167034706,6.975075167034706,1.1424401070925727,6.105418676858052,1.598368391898229e-07,25.890873415547794,True
1880,9258.5,3189.0,4,6.974082868908489,6.974082868908489,6.974082868908489,1.2269063158424829,5.684283126474558,1.598141002526458e-07,25.89102788709376,True
1,8489.5,1904.5,4,6.972258489941201,6.972258489941201,6.972258489941201,1.0313927112413193,6.760042429958449,1.597722938261009e-07,25.89131194644041,True
3391,9081.5,4001.5,4,6.970838468884072,6.970838468884072,6.970838468884072,1.1412431874613862,6.108109599664032,1.5973975343450382e-07,25.891533097922483,True
3934,8997.0,4113.5,4,6.969478052471718,6.969478052471718,6.969478052471718,1.1168689812437762,6.240193048167847,1.5970857890890727e-07,25.891745008944,True
397,8507.0,2094.25,4,6.969273489330849,6.969273489330849,6.969273489330849,1.1971710967504843,5.821451510354491,1.5970389125679338e-07,25.891776877165128,True
4727,8401.5,4301.5,4,6.968459051464638,6.968459051464638,6.968459051464638,1.1893337685568404,5.859128224300144,1.5968522806376188e-07,25.891903765046827,True
4611,8588.75,4262.75,4,6.967993658398232,6.967993658398232,6.967993658398232,1.1925557344252689,5.842908182196058,1.5967456338202958e-07,25.891976279066334,True
3793,8921.5,4084.5,4,6.960831564282021,6.960831564282021,6.960831564282021,1.1849580789058787,5.874327276378628,1.5951044092340354e-07,25.893092833469858,True
4577,8752.0,4253.75,4,6.958157461498818,6.958157461498818,6.958157461498818,1.1830987357426181,5.881299042324864,1.5944916271115488e-07,25.89351001466561,True
2963,7880.25,3903.75,4,6.956488531445107,6.956488531445107,6.956488531445107,1.2032421032275835,5.7814537180713526,1.594109184631395e-07,25.893770462224555,True
3116,8096.75,3940.0,4,6.955687921856487,6.955687921856487,6.955687921856487,1.2912257452585836,5.386887573608228,1.593925721510202e-07,25.893895424816872,True
4745,8591.5,4308.0,4,6.954004686688027,6.954004686688027,6.954004686688027,1.18500447816888,5.8683362086813835,1.593540000951646e-07,25.894158198326522,True
3662,8758.25,4060.0,4,6.950330179546915,6.950330179546915,6.950330179546915,1.2219845745449966,5.68773970173466,1.5926979718796275e-07,25.894732054691314,True
191,8383.0,2013.75,4,6.950228613232216,6.950228613232216,6.950228613232216,1.1504576400761983,6.04127294314972,1.5926746975229776e-07,25.894747920848452,True
4426,8306.25,4212.75,4,6.950208586071572,6.950208586071572,6.950208586071572,1.199227411453014,5.795571815399487,1.5926701082132158e-07,25.89475104941385,True
3374,9072.5,3997.5,4,6.949061792706093,6.949061792706093,6.949061792706093,1.1518812388871822,6.032793623255374,1.59240731559471e-07,25.894930212067017,True
3233,8035.0,3967.75,4,6.948213499401651,6.948213499401651,6.948213499401651,1.2388169830916198,5.608748987329453,1.5922129255455122e-07,25.895062759308786,True
360,8817.5,2080.5,4,6.9453348334775775,6.9453348334775775,6.9453348334775775,1.1154547179776537,6.2264605828819635,1.5915532669018864e-07,25.895512676318468,True
1852,9443.5,3134.5,4,6.940112989758095,6.940112989758095,6.940112989758095,1.0387502900971293,6.6812140087192216,1.590356659016125e-07,25.89632929312785,True
3531,8788.5,4032.5,4,6.936020773266399,6.936020773266399,6.936020773266399,1.2335086419019938,5.623001361848171,1.5894189100547884e-07,25.896969682995433,True
4653,8745.75,4276.0,4,6.933445375774941,6.933445375774941,6.933445375774941,1.1828304241233105,5.8617408162407285,1.5888287466732702e-07,25.897372900004683,True
4782,8536.75,4324.0,4,6.933350485180458,6.933350485180458,6.933350485180458,1.1885205513334631,5.833597473263354,1.5888070020865413e-07,25.897387759407668,True
128,8401.5,1987.5,4,6.929780405376992,6.929780405376992,6.929780405376992,1.1270337907636394,6.148689118435048,1.5879889029868522e-07,25.897946964252924,True
3682,7805.2,4063.4,5,6.928138397155505,6.928138397155505,6.928138397155505,1.1816055113379158,5.86332606836851,1.587612629760025e-07,25.898204259422325,True
540,8382.5,2161.0,4,6.92502824625834,6.92502824625834,6.92502824625834,1.2043529244093134,5.749999112307372,1.5868999253419342e-07,25.898691773010366,True
3973,8970.5,4121.0,4,6.923008840893349,6.923008840893349,6.923008840893349,1.1353935830899042,6.09745285159425,1.5864371699409478e-07,25.899008430384782,True
1359,9291.5,2591.5,4,6.92267410120829,6.92267410120829,6.92267410120829,1.1511311309504804,6.013801481932202,1.586360462906357e-07,25.899060928914007,True
3872,9074.5,4100.5,4,6.922505777691445,6.922505777691445,6.922505777691445,1.063559889284645,6.508806741807039,1.5863218908505014e-07,25.899087328706276,True
3774,8669.0,4079.25,4,6.921452921246135,6.921452921246135,6.921452921246135,1.2780689365433529,5.415555235984217,1.586080624280165e-07,25.899252472851554,True
1777,7635.5,3012.5,4,6.9212516959653705,6.9212516959653705,6.9212516959653705,1.1785137921454356,5.872864400988909,1.5860345126439858e-07,25.899284038586533,True
3571,8862.25,4040.0,4,6.920504968975624,6.920504968975624,6.920504968975624,1.2059224499786585,5.738764519308931,1.585863396951437e-07,25.899401183909664,True
4012,8115.0,4127.5,4,6.917623442028603,6.917623442028603,6.917623442028603,1.1914342238773243,5.806131218487538,1.5852030826921312e-07,25.899853351729423,True
2008,7497.0,3449.25,4,6.9174112494932025,6.9174112494932025,6.9174112494932025,0.9830301809294953,7.036824894788587,1.5851544578625117e-07,25.899886656325073,True
4462,8450.5,4222.5,4,6.916912000988564,6.916912000988564,6.916912000988564,1.2040339149894432,5.7447816999816075,1.5850400529263055e-07,25.899965019706794,True
4260,8506.0,4175.5,4,6.9163102324949115,6.9163102324949115,6.9163102324949115,1.214724787278776,5.693726105638146,1.5849021550948902e-07,25.90005948241835,True
3640,8844.5,4054.5,4,6.912843626354775,6.912843626354775,6.912843626354775,1.2036971883696699,5.743008867303059,1.5841077674289703e-07,25.900603813606104,True
3427,8160.75,4010.5,4,6.911981981609905,6.911981981609905,6.911981981609905,1.2664511842019943,5.457756341366782,1.5839103178399317e-07,25.900739152585835,True
544,8250.5,2161.5,4,6.9112419303403705,6.9112419303403705,6.9112419303403705,1.1866549966955515,5.824137554374214,1.5837407319173026e-07,25.900855406285057,True
1119,7828.75,2475.0,4,6.907293718670449,6.907293718670449,6.907293718670449,1.179037760705867,5.858416031166962,1.5828359822785386e-07,25.90147583620319,True
1113,7842.25,2472.0,4,6.90573827586039,6.90573827586039,6.90573827586039,1.1840211678374515,5.832444945619795,1.5824795458870354e-07,25.90172035899603,True
4208,8638.5,4164.5,4,6.904378813122353,6.904378813122353,6.904378813122353,1.2220257025887562,5.649945658668243,1.58216801916963e-07,25.901934117924938,True
4240,8459.0,4172.25,4,6.903858583782753,6.903858583782753,6.903858583782753,1.2156413186065718,5.679190463595214,1.5820488063851019e-07,25.902015928776358,True
4480,8017.0,4227.75,4,6.900839250897011,6.900839250897011,6.900839250897011,1.1392175342315907,6.05752548880111,1.5813569133038634e-07,25.902490868412098,True
3023,9082.5,3917.5,4,6.900699060772499,6.900699060772499,6.900699060772499,1.1859065384898033,5.81892319234551,1.5813247881355306e-07,25.902512925300293,True
4587,8456.5,4256.5,4,6.9000748809324115,6.9000748809324115,6.9000748809324115,1.198475989150939,5.757374318212895,1.5811817546479531e-07,25.902611136408453,True
4125,8905.75,4147.25,4,6.89877502283915,6.89877502283915,6.89877502283915,1.168099282951978,5.9059834412403855,1.580883886590553e-07,25.902815690122264,True
3877,9030.0,4101.5,4,6.897189062450966,6.897189062450966,6.897189062450966,1.0983457632242621,6.279615484839528,1.580520456965127e-07,25.903065318870162,True
4545,8487.5,4245.0,4,6.896581095074257,6.896581095074257,6.896581095074257,1.2007353353207604,5.743631333404482,1.5803811386330709e-07,25.903161027611876,True
3217,9083.75,3962.0,4,6.895814817761025,6.895814817761025,6.895814817761025,1.1716356960796184,5.885630525627499,1.5802055429000402e-07,25.903281670178693,True
4474,8760.5,4225.5,4,6.895015638683876,6.895015638683876,6.895015638683876,1.1823188982759862,5.831773177894672,1.5800224075866866e-07,25.903407507076164,True
147,8902.5,1996.5,4,6.892543238018593,6.892543238018593,6.892543238018593,1.0006752774139973,6.887892000120859,1.5794558463696584e-07,25.90379689797092,True
3697,9093.5,4065.5,4,6.89217511973246,6.89217511973246,6.89217511973246,1.0773816851750029,6.3971526661073135,1.5793714904854645e-07,25.903854886729285,True
3182,9100.5,3955.0,4,6.891293447826943,6.891293447826943,6.891293447826943,1.1660166836899197,5.910115647761652,1.5791694515866633e-07,25.903993786905993,True
132,8152.4,1991.2,5,6.890494964538317,6.890494964538317,6.890494964538317,1.1334750789274124,6.079088188739599,1.578986475716234e-07,25.90411959673421,True
1933,9482.5,3315.0,4,6.8888701613889545,6.8888701613889545,6.8888701613889545,0.9889278597666649,6.965998675590317,1.5786141451054798e-07,25.904375647371797,True
571,8743.5,2167.5,4,6.888049524639687,6.888049524639687,6.888049524639687,1.19176683999722,5.779695569190157,1.578426092674524e-07,25.904504993415905,True
4731,8095.5,4303.5,4,6.887590330456337,6.887590330456337,6.887590330456337,1.1611516088414802,5.931689090392181,1.5783208663578418e-07,25.904577376805037,True
4493,8781.5,4230.5,4,6.886665743206581,6.886665743206581,6.886665743206581,1.1793510040864246,5.839369042248186,1.5781089932238366e-07,25.90472313536327,True
4076,8115.5,4139.5,4,6.884856623028359,6.884856623028359,6.884856623028359,1.1884460827250634,5.793158581701607,1.5776944255753498e-07,25.905008394644753,True
1971,9383.8,3395.8,5,6.884644172607165,6.884644172607165,6.884644172607165,1.2234560303306707,5.6272101341855425,1.5776457416500946e-07,25.905041898417682,True
825,7971.5,2386.5,4,6.8818935569272845,6.8818935569272845,6.8818935569272845,1.1985959806392328,5.741629096117148,1.5770154262691566e-07,25.90547576830239,True
164,8318.5,2005.5,4,6.881508749340615,6.881508749340615,6.881508749340615,1.1098625031977767,6.200325472311532,1.576927245960161e-07,25.905536479966486,True
1096,8970.75,2463.5,4,6.881478708599651,6.881478708599651,6.881478708599651,1.3009304715451901,5.28965910101723,1.5769203619955191e-07,25.905541219681638,True
4455,8822.75,4221.0,4,6.880102079723915,6.880102079723915,6.880102079723915,1.163298754727932,5.914303657389376,1.5766049015840313e-07,25.90575844121147,True
3819,8230.0,4090.5,4,6.880062025402627,6.880062025402627,6.880062025402627,1.2336811497963358,5.576855921433535,1.576595722964508e-07,25.90576476212835,True
919,7889.25,2413.0,4,6.877365988110146,6.877365988110146,6.877365988110146,1.1867054837333604,5.795343564499289,1.575977914455139e-07,25.90619030465453,True
799,8057.5,2379.5,4,6.876585882519329,6.876585882519329,6.876585882519329,1.2302097939025405,5.589766815873769,1.575799149912988e-07,25.906313467639592,True
1664,9455.75,2803.75,4,6.875170629833779,6.875170629833779,6.875170629833779,1.0137692033252197,6.781790773760767,1.5754748386898167e-07,25.906536943249215,True
3833,8966.25,4093.5,4,6.874872606609902,6.874872606609902,6.874872606609902,1.1636429338488241,5.908060287764406,1.575406545389789e-07,25.90658400849818,True
226,8376.5,2026.5,4,6.871338766430458,6.871338766430458,6.871338766430458,1.1603821821488032,5.92161692254363,1.574596750755383e-07,25.90714224497586,True
631,9129.5,2189.5,4,6.870267313335976,6.870267313335976,6.870267313335976,1.0177213601906012,6.750636846267328,1.5743512226831246e-07,25.90731155785122,True
1772,9487.4,3004.4,5,6.868957660613757,6.868957660613757,6.868957660613757,1.1098489813387251,6.189092188315804,1.574051110144488e-07,25.907518547311422,True
3675,9122.5,4061.5,4,6.8686160262571185,6.8686160262571185,6.8686160262571185,1.0561844134688452,6.503235551165162,1.5739728231663323e-07,25.907572548811007,True
319,9004.5,2066.5,4,6.867927473400673,6.867927473400673,6.867927473400673,1.016731606336297,6.7549070281670955,1.5738150383259487e-07,25.90768139522725,True
1768,9227.5,2998.5,4,6.86737195811137,6.86737195811137,6.86737195811137,1.2738474720541728,5.3910472868758985,1.5736877396146983e-07,25.907769219022466,True
3256,7988.5,3975.0,4,6.8664611991391995,6.8664611991391995,6.8664611991391995,1.2120793816500346,5.665025990122619,1.5734790352898137e-07,25.907913220188057,True
4820,8614.5,4339.5,4,6.86580268702372,6.86580268702372,6.86580268702372,1.180973858284827,5.813678803182981,1.5733281344140727e-07,25.90801735020646,True
865,9245.5,2397.5,4,6.864198606823525,6.864198606823525,6.864198606823525,1.0744833456868563,6.388371336212411,1.572960552556005e-07,25.90827104398541,True
1004,9172.25,2433.5,4,6.863638799999794,6.863638799999794,6.863638799999794,1.1746047001809554,5.843360578194866,1.5728322704212331e-07,25.908359594354785,True
4024,8637.25,4129.25,4,6.861527841900429,6.861527841900429,6.861527841900429,1.2535145506828766,5.473831826014686,1.5723485353184787e-07,25.90869357116003,True
506,8407.25,2145.0,4,6.85460702738627,6.85460702738627,6.85460702738627,1.2029714382100265,5.698062987751107,1.5707626009879206e-07,25.909789241273185,True
1025,9004.75,2439.0,4,6.852507036541546,6.852507036541546,6.852507036541546,1.2327978358816842,5.558500215601614,1.5702813790786075e-07,25.910121920507777,True
3267,8871.5,3976.5,4,6.849739950512491,6.849739950512491,6.849739950512491,1.2507339008865854,5.476576548902239,1.5696472894465121e-07,25.91056043625298,True
307,8684.5,2062.5,4,6.849347990368447,6.849347990368447,6.849347990368447,1.1771591542883237,5.818540309877948,1.5695574700983154e-07,25.910622566713222,True
3148,9021.5,3946.5,4,6.8464016135679095,6.8464016135679095,6.8464016135679095,1.1921296247401922,5.743000988722167,1.568882295216924e-07,25.911089717195242,True
4264,8417.5,4176.5,4,6.844128530834755,6.844128530834755,6.844128530834755,1.2145782195224868,5.634983750594124,1.5683614085589542e-07,25.91145025374371,True
3121,8015.0,3941.5,4,6.844101827953898,6.844101827953898,6.844101827953898,1.2432367821044523,5.50506703668206,1.5683552894792722e-07,25.911454489833222,True
4781,8407.5,4323.5,4,6.843590658520302,6.843590658520302,6.843590658520302,1.187348963113797,5.763756798652633,1.5682381528110646e-07,25.911535583876155,True
4010,9017.5,4126.5,4,6.842055242870888,6.842055242870888,6.842055242870888,1.0863150047811738,6.298408116206721,1.5678863057293231e-07,25.91177920502183,True
3288,8874.5,3979.0,4,6.840235155438029,6.840235155438029,6.840235155438029,1.2460363527953133,5.489595179220005,1.5674692248873957e-07,25.912068065260257,True
19,8648.5,1921.5,4,6.837491434429726,6.837491434429726,6.837491434429726,1.0499829002299224,6.512002655407503,1.5668404894500222e-07,25.912503657718528,True
2638,9225.0,3814.25,4,6.8367790397153705,6.8367790397153705,6.8367790397153705,1.1046876529189993,6.188879745012117,1.5666772411456366e-07,25.912616785908533,True
4507,8515.5,4234.5,4,6.83634130320414,6.83634130320414,6.83634130320414,1.2022498580111909,5.686289965143423,1.566576931946556e-07,25.912686304257907,True
92,8384.5,1966.5,4,6.830398958538613,6.830398958538613,6.830398958538613,1.1010311765626632,6.203638102113153,1.5652152181786482e-07,25.91363046782984,True
802,8015.5,2380.5,4,6.829137724255167,6.829137724255167,6.829137724255167,1.2083375907059113,5.651680272783356,1.5649262009329324e-07,25.91383096770914,True
1021,8954.5,2437.5,4,6.823362749432171,6.823362749432171,6.823362749432171,1.2924384482518627,5.279448904248688,1.5636028406823203e-07,25.914749495363903,True
372,8126.0,2087.5,4,6.822666090344033,6.822666090344033,6.822666090344033,1.1002415089859081,6.201062252807095,1.5634431982641752e-07,25.914860353695495,True
887,9114.5,2403.5,4,6.8204569037900775,6.8204569037900775,6.8204569037900775,1.1837607409703745,5.761685337020963,1.5629369536897315e-07,25.915211973166592,True
3235,8846.5,3967.5,4,6.819994848583782,6.819994848583782,6.819994848583782,1.2763889344700696,5.343194902747495,1.5628310717573696e-07,25.915285529391177,True
2215,9336.5,3625.5,4,6.819254797314247,6.819254797314247,6.819254797314247,1.0978870740557851,6.211253377929607,1.5626614858347405e-07,25.915403351189056,True
95,8212.8,1967.6,5,6.818265102325182,6.818265102325182,6.818265102325182,1.1423206510899075,5.968783892525938,1.5624346929830135e-07,25.915560938153707,True
4254,8685.5,4174.5,4,6.8156704123960345,6.8156704123960345,6.8156704123960345,1.2043376109134776,5.659268921466647,1.56184010865665e-07,25.91597419356733,True
4277,8606.0,4178.25,4,6.815346639965615,6.815346639965615,6.815346639965615,1.2174893692594202,5.597869527280787,1.5617659148155002e-07,25.916025771736226,True
20,8370.75,1923.0,4,6.81267301401957,6.81267301401957,6.81267301401957,1.0508137781978288,6.483235331862007,1.5611532419622937e-07,25.91645178411345,True
2819,8114.0,3867.75,4,6.81134168467387,6.81134168467387,6.81134168467387,1.3716880195034054,4.965663903035176,1.5608481621324119e-07,25.916663978904438,True
2162,9366.5,3592.5,4,6.8096927817808,6.8096927817808,6.8096927817808,1.0659296745819025,6.38850099041648,1.5604703089620188e-07,25.916926847863806,True
87,8230.6,1965.2,5,6.808758399902087,6.808758399902087,6.808758399902087,1.1502198937458752,5.919527593744076,1.560256191346777e-07,25.917075835766006,True
4405,8185.75,4207.75,4,6.8077968772397845,6.8077968772397845,6.8077968772397845,1.1868489715144845,5.736026268407733,1.560035854304564e-07,25.91722917263376,True
217,8214.8,2022.8,5,6.80571379464696,6.80571379464696,6.80571379464696,1.1907724366698393,5.715377334127824,1.5595585069936962e-07,25.917561442282743,True
4175,8685.5,4157.5,4,6.802062433575234,6.802062433575234,6.802062433575234,1.2087459732493224,5.627371328725166,1.5587217819427552e-07,25.91814411133033,True
1367,9266.0,2595.75,4,6.799525659893593,6.799525659893593,6.799525659893593,1.1804923122002928,5.75990676908358,1.5581404693729215e-07,25.918549103312507,True
1725,7799.0,2905.5,4,6.798277300213421,6.798277300213421,6.798277300213421,1.3703097531760646,4.9611245081315145,1.557854402397767e-07,25.918748457474226,True
96,8286.25,1968.0,4,6.796588342999062,6.796588342999062,6.796588342999062,1.060611190947704,6.4081808687366415,1.5574673706078504e-07,25.919018230203648,True
4089,8153.5,4141.5,4,6.793061178539833,6.793061178539833,6.793061178539833,1.193611839597768,5.6911811303991495,1.5566591057433652e-07,25.919581831234485,True
4578,8185.0,4254.5,4,6.792678278301796,6.792678278301796,6.792678278301796,1.1826641566299372,5.7435394826354464,1.55657136251149e-07,25.91964303197408,True
4620,8770.5,4265.0,4,6.789919298504433,6.789919298504433,6.789919298504433,1.1807991885615021,5.750274360178203,1.5559391304571554e-07,25.920084114657776,True
4496,8856.5,4230.5,4,6.788516920422158,6.788516920422158,6.788516920422158,1.1413554263916237,5.947767683449793,1.5556177695045462e-07,25.92030838387959,True
3684,8732.5,4063.5,4,6.7883361991392,6.7883361991392,6.7883361991392,1.2390588749175502,5.478622797153938,1.55557635644741e-07,25.920337288315416,True
669,8168.5,2330.5,4,6.788218897198284,6.788218897198284,6.788218897198284,1.2480805476761103,5.438926926501459,1.5555494762045196e-07,25.92035604991779,True
515,8978.5,2149.5,4,6.784277361248574,6.784277361248574,6.784277361248574,1.1065651929832498,6.130933273762631,1.5546462563356753e-07,25.920986658808264,True
4049,9033.5,4132.5,4,6.7842277701841205,6.7842277701841205,6.7842277701841205,1.0677756405259495,6.353607923517007,1.5546348923305507e-07,25.920994595248366,True
1074,7948.25,2455.0,4,6.782201689098916,6.782201689098916,6.782201689098916,1.2095906941488175,5.607022046305933,1.5541706071596442e-07,25.921318894226356,True
450,8423.5,2120.0,4,6.782038133953652,6.782038133953652,6.782038133953652,1.1993789428637118,5.654624982626788,1.554133127796589e-07,25.921345077447093,True
4436,8764.0,4213.5,4,6.7803215201841205,6.7803215201841205,6.7803215201841205,1.1819044994425056,5.736776129866957,1.5537397583884305e-07,25.921619924859588,True
685,8047.5,2340.5,4,6.779301088665567,6.779301088665567,6.779301088665567,1.205768866976495,5.62238856412414,1.5535059221291367e-07,25.921783339355432,True
856,9135.5,2394.5,4,6.778847616528115,6.778847616528115,6.778847616528115,1.1778934978625326,5.755059883452423,1.5534020070438145e-07,25.921855967430012,True
2756,9058.0,3847.5,4,6.778325956677041,6.778325956677041,6.778325956677041,1.2124109095926534,5.59078271487546,1.5532824664514467e-07,25.921939522454828,True
1997,7515.5,3432.0,4,6.777794760082802,6.777794760082802,6.777794760082802,0.9955596663055633,6.808024661379281,1.5531607404734776e-07,25.922024611601874,True
4840,8221.5,4356.5,4,6.7707790549741595,6.7707790549741595,6.7707790549741595,1.1793656054694563,5.741034861092964,1.5515530615561908e-07,25.923149040759238,True
385,8929.5,2091.5,4,6.768382948254189,6.768382948254189,6.768382948254189,1.0812440676134047,6.259810482191891,1.5510039834239697e-07,25.923533339262036,True
4560,8565.75,4250.0,4,6.767293375347695,6.767293375347695,6.767293375347695,1.1971532506242264,5.652821284007753,1.5507543031190691e-07,25.92370813492449,True
4008,8366.0,4127.25,4,6.761188429211221,6.761188429211221,6.761188429211221,1.2537346538897056,5.392838435337707,1.5493553285266664e-07,25.924688047023146,True
2266,9163.5,3657.0,4,6.760220449780069,6.760220449780069,6.760220449780069,1.209239133841232,5.590474423620214,1.5491335118881773e-07,25.924843499805483,True
107,8733.25,1975.75,4,6.758974951122841,6.758974951122841,6.758974951122841,1.0832224429231765,6.2396924983229844,1.548848100528702e-07,25.92504355357331,True
630,9121.5,2189.5,4,6.757574957226357,6.757574957226357,6.757574957226357,1.0234860265785253,6.602508272454556,1.548527285922493e-07,25.925268466598542,True
1376,9405.25,2598.75,4,6.7573513205991595,6.7573513205991595,6.7573513205991595,1.0181080750461484,6.63716503799743,1.5484760386301524e-07,25.925304398778692,True
1403,7867.5,2611.0,4,6.757212084148968,6.757212084148968,6.757212084148968,1.2716412326254516,5.313772399624001,1.5484441320003805e-07,25.925326770800705,True
4714,8299.5,4296.5,4,6.75611726603373,6.75611726603373,6.75611726603373,1.1850921820105165,5.700921302655067,1.5481932497333987e-07,25.925502698381116,True
376,8306.5,2089.5,4,6.7556022819028705,6.7556022819028705,6.7556022819028705,1.1687584100766333,5.780152873047492,1.548075238910951e-07,25.925585461631794,True
4286,8393.5,4181.0,4,6.754187029217324,6.754187029217324,6.754187029217324,1.2130418006209833,5.567975502377332,1.5477509276877806e-07,25.92581293980334,True
1858,7525.25,3143.0,4,6.752357405041298,6.752357405041298,6.752357405041298,1.0078326917043097,6.699879315903743,1.547331661460252e-07,25.9261070919058,True
315,8011.5,2066.5,4,6.752077978466591,6.752077978466591,6.752077978466591,1.005486427086124,6.715235329465316,1.5472676296621463e-07,25.9261520228548,True
1853,9470.8,3135.4,5,6.749572894988757,6.749572894988757,6.749572894988757,1.1286200412999194,5.980376608601375,1.5466935790384394e-07,25.926554915787605,True
3961,8994.5,4118.5,4,6.7493251975522845,6.7493251975522845,6.7493251975522845,1.1146932371886635,6.054872293452293,1.5466368181084523e-07,25.92659476112502,True
3349,9052.5,3991.0,4,6.746669214581093,6.746669214581093,6.746669214581093,1.173524552174263,5.749065242888284,1.5460281882186074e-07,25.92702210227829,True
3525,8260.5,4030.5,4,6.743137281750286,6.743137281750286,6.743137281750286,1.301533206975651,5.180918355067707,1.5452188306613227e-07,25.927590642299357,True
2525,7855.5,3774.5,4,6.742894571636758,6.742894571636758,6.742894571636758,1.2430170688571294,5.424619452600435,1.5451632125977797e-07,25.927629722610064,True
4084,8134.5,4140.5,4,6.741236132000527,6.741236132000527,6.741236132000527,1.1909011986234568,5.660617471703455,1.5447831740417866e-07,25.92789679625465,True
185,8761.5,2010.5,4,6.739707868908486,6.739707868908486,6.739707868908486,1.0939151426580516,6.161088375220764,1.5444329659992455e-07,25.92814296456103,True
198,8277.5,2015.5,4,6.737800997112831,6.737800997112831,6.737800997112831,1.091321931497004,6.1739811165256775,1.5439959981483498e-07,25.928450196376755,True
3087,7811.5,3934.5,4,6.737100523327431,6.737100523327431,6.737100523327431,1.1572841716249933,5.821474697841563,1.543835481575965e-07,25.928563077313036,True
2161,9160.5,3592.5,4,6.736370962475384,6.736370962475384,6.736370962475384,1.251437053178574,5.3829083495373675,1.5436682995774988e-07,25.928680658091274,True
3912,8528.5,4110.5,4,6.736181181286418,6.736181181286418,6.736181181286418,1.2739166808849933,5.287772177224946,1.543624810404041e-07,25.92871124655078,True
661,9072.0,2217.75,4,6.735983770702919,6.735983770702919,6.735983770702919,1.0858352738687265,6.2035042817344275,1.543579572922102e-07,25.928743065611563,True
295,8925.5,2055.0,4,6.734908026074013,6.734908026074013,6.734908026074013,1.0445348171838387,6.4477582894095775,1.543333061426323e-07,25.928916472823317,True
3179,9225.5,3953.5,4,6.734267633770546,6.734267633770546,6.734267633770546,1.0442029335771363,6.449194325379741,1.543186312783224e-07,25.929019715535002,True
277,8945.5,2047.5,4,6.734267156933388,6.734267156933388,6.734267156933388,1.0289883055156168,6.544551692994127,1.543186203513944e-07,25.92901979241335,True
3797,7871.75,4087.0,4,6.73041335902079,6.73041335902079,6.73041335902079,1.1038393574808523,6.097276123928694,1.5423030891926287e-07,25.929641301112177,True
970,8037.0,2427.0,4,6.728677194927776,6.728677194927776,6.728677194927776,1.2572307989863452,5.351982468416173,1.5419052397439893e-07,25.92992141160197,True
3591,8825.0,4043.5,4,6.728533666943155,6.728533666943155,6.728533666943155,1.2105770483609237,5.558120960622324,1.5418723496906954e-07,25.929944571457444,True
4648,8865.5,4273.5,4,6.72817365488871,6.72817365488871,6.72817365488871,1.1165960580886949,6.025611147513356,1.541789851384262e-07,25.930002665627498,True
3511,8981.5,4027.5,4,6.725982111309609,6.725982111309609,6.725982111309609,1.1859439720406486,5.671416415849933,1.54128764977318e-07,25.93035637614944,True
337,8163.5,2073.5,4,6.723631304119667,6.723631304119667,6.723631304119667,1.097531981126599,6.126137023558956,1.540748952222563e-07,25.93073591962384,True
288,8059.5,2053.5,4,6.721804540966591,6.721804540966591,6.721804540966591,1.026457943348635,6.548543546789564,1.5403303416107147e-07,25.931030946565006,True
419,8279.5,2104.5,4,6.719861906384072,6.719861906384072,6.719861906384072,1.1645262146526403,5.7704685577975585,1.5398851785638156e-07,25.931344775020996,True
1937,9463.25,3330.75,4,6.718772810314736,6.718772810314736,6.718772810314736,1.007347673662689,6.669765549649267,1.5396356075281952e-07,25.93152075584947,True
1037,9336.25,2441.0,4,6.718313139294228,6.718313139294228,6.718313139294228,0.9899620052220681,6.7864353418161505,1.5395302719422327e-07,25.93159504003152,True
4837,8308.5,4355.0,4,6.71374027094706,6.71374027094706,6.71374027094706,1.182220429232152,5.678924255527888,1.538482379546611e-07,25.932334305840598,True
603,8502.5,2178.5,4,6.712905805920206,6.712905805920206,6.712905805920206,1.2128084951514253,5.5350088927947905,1.5382911583065346e-07,25.932469262684954,True
491,8733.5,2137.5,4,6.712525289867958,6.712525289867958,6.712525289867958,1.1851125754424827,5.664040217750384,1.5382039614210591e-07,25.932530808575223,True
4439,7967.0,4215.75,4,6.711421888683876,6.711421888683876,6.711421888683876,1.1202170744769402,5.991179782559216,1.5379511123070373e-07,25.932709295960596,True
3920,8576.0,4112.25,4,6.7109064277158605,6.7109064277158605,6.7109064277158605,1.277950861549354,5.251302401079595,1.5378329922153103e-07,25.93279268754843,True
4478,8914.5,4227.0,4,6.71058503947123,6.71058503947123,6.71058503947123,1.1052605993675655,6.071495757028752,1.5377593447205603e-07,25.93284468517536,True
673,7804.8,2335.0,5,6.709360740600329,6.709360740600329,6.709360740600329,1.177644350418184,5.697272472982035,1.5374787913830515e-07,25.93304278815358,True
574,7899.4,2170.8,5,6.707160137115221,6.707160137115221,6.707160137115221,1.1176154593711893,6.001312956863456,1.5369745136556486e-07,25.933398957225915,True
1543,9207.75,2702.5,4,6.707020681713663,6.707020681713663,6.707020681713663,1.237135665340639,5.421410819860989,1.5369425568522318e-07,25.93342153210849,True
1288,9141.5,2546.5,4,6.7048448737607815,6.7048448737607815,6.7048448737607815,1.2102766807811394,5.539927340774116,1.536443961127391e-07,25.933773810243103,True
4163,8916.5,4155.5,4,6.70288936457499,6.70288936457499,6.70288936457499,1.154945666533104,5.803640429852954,1.5359958478099304e-07,25.934090518062494,True
3338,8818.5,3988.75,4,6.702588003491009,6.702588003491009,6.702588003491009,1.2672388827919394,5.289127483781184,1.5359267896249435e-07,25.93413933372652,True
3564,8733.5,4039.0,4,6.701582830761517,6.701582830761517,6.701582830761517,1.2663856142222545,5.291897472222366,1.535696449982611e-07,25.93430217146411,True
2945,9149.0,3898.5,4,6.70075837931498,6.70075837931498,6.70075837931498,1.1724608986831229,5.715123111432624,1.535507523397414e-07,25.93443575063087,True
4222,8021.75,4168.75,4,6.700507562969765,6.700507562969765,6.700507562969765,1.1583118210782848,5.7847182779609305,1.5354500477561108e-07,25.93447639162523,True
1975,9432.0,3400.5,4,6.695102136944374,6.695102136944374,6.695102136944374,1.0315060060861174,6.490608971195288,1.5342113711975326e-07,25.935352629017615,True
4674,8397.0,4281.5,4,6.694423120831093,6.694423120831093,6.694423120831093,1.1916534949233464,5.61775981805996,1.5340557717427498e-07,25.935462749782054,True
3721,9072.5,4068.5,4,6.694033544872841,6.694033544872841,6.694033544872841,1.0927839225654246,6.125669866333591,1.533966498740954e-07,25.93552593506667,True
4023,8574.5,4129.5,4,6.693779390667519,6.693779390667519,6.693779390667519,1.2615721787811822,5.305902827640387,1.5339082582146904e-07,25.93556715829315,True
708,8779.5,2349.25,4,6.69254342875346,6.69254342875346,6.69254342875346,1.3243276833035116,5.053540383645104,1.5336250322408174e-07,25.935767650783838,True
4808,8457.75,4335.75,4,6.690783422802529,6.690783422802529,6.690783422802529,1.1884209222372177,5.629977811402918,1.533221719328174e-07,25.93605321538429,True
552,8003.25,2164.0,4,6.69031612238749,6.69031612238749,6.69031612238749,1.088473084070314,6.146514985349241,1.5331146354337312e-07,25.93612904846177,True
4270,8434.25,4178.0,4,6.687750738476357,6.687750738476357,6.687750738476357,1.2141145321215907,5.508335961344539,1.5325267667070945e-07,25.936545450959162,True
322,8854.25,2069.0,4,6.686596315716347,6.686596315716347,6.686596315716347,1.0902532055006688,6.133067329662848,1.5322622257801082e-07,25.93673288419746,True
2698,7860.75,3834.75,4,6.6828936751829,6.6828936751829,6.6828936751829,1.2139896355729205,5.504901754807016,1.5314137498205668e-07,25.937334267045404,True
1393,9193.25,2608.25,4,6.682663839672647,6.682663839672647,6.682663839672647,1.2089016989945682,5.527880261257431,1.531361082027586e-07,25.937371607909693,True
4322,8282.25,4190.0,4,6.681501787518105,6.681501787518105,6.681501787518105,1.20219475463419,5.557753235706961,1.5310947927921183e-07,25.937560423603003,True
1313,9101.5,2564.5,4,6.677874487255657,6.677874487255657,6.677874487255657,1.2498991750255566,5.342730534340192,1.5302635813788247e-07,25.938150015697158,True
2870,9054.5,3881.5,4,6.677077215527138,6.677077215527138,6.677077215527138,1.2018591053810241,5.555623937641435,1.5300808831425903e-07,25.938279649529008,True
1841,7535.5,3122.5,4,6.677071970318398,6.677071970318398,6.677071970318398,1.0159783171999344,6.5720614872181535,1.53007968118051e-07,25.938280502434417,True
2600,9332.8,3800.8,5,6.674295566497546,6.674295566497546,6.674295566497546,1.127389941889374,5.920130487692843,1.5294434563364582e-07,25.93873205800466,True
1036,9240.75,2441.0,4,6.666551512096962,6.666551512096962,6.666551512096962,1.0953857539693372,6.086030868978763,1.5276688730548997e-07,25.939992547856487,True
3035,9200.25,3922.75,4,6.664507788036904,6.664507788036904,6.664507788036904,1.0953377589312154,6.084431704919814,1.5272005449206314e-07,25.940325446416455,True
4153,9036.5,4153.5,4,6.664063375805458,6.664063375805458,6.664063375805458,1.0497270516728823,6.348377290254043,1.5270987059516304e-07,25.94039784944357,True
136,8212.25,1993.0,4,6.662632387493691,6.662632387493691,6.662632387493691,1.0402361162702694,6.404923154737531,1.5267707888422185e-07,25.940631016892162,True
4369,8676.0,4198.5,4,6.660914820049843,6.660914820049843,6.660914820049843,1.200596515722182,5.548004456803853,1.5263772008955e-07,25.940910946124095,True
251,8382.0,2037.5,4,6.659210127209267,6.659210127209267,6.659210127209267,1.1733531251236744,5.675367444482981,1.525986563219343e-07,25.94118884843394,True
211,8259.0,2019.5,4,6.654841822002968,6.654841822002968,6.654841822002968,1.0832181484657448,6.143584126086508,1.52498554734486e-07,25.94190130280984,True
4529,8910.5,4241.0,4,6.654274385784706,6.654274385784706,6.654274385784706,1.0991617283259016,6.053953858018347,1.5248555169016077e-07,25.941993883870342,True
1336,9281.25,2579.75,4,6.65357295832499,6.65357295832499,6.65357295832499,1.1522719439507847,5.774307873462528,1.524694781790663e-07,25.942108337420798,True
3206,9063.0,3958.25,4,6.648232382153115,6.648232382153115,6.648232382153115,1.1804653812264392,5.631874079395673,1.5234709658541707e-07,25.94298016753216,True
1529,9418.5,2692.5,4,6.646881979321083,6.646881979321083,6.646881979321083,1.0375076705611406,6.406585867192758,1.5231615152530862e-07,25.9432007269363,True
4658,8356.5,4277.5,4,6.640904825543007,6.640904825543007,6.640904825543007,1.1899071361562847,5.581027816166301,1.521791824827735e-07,25.94417750550617,True
577,8111.5,2172.0,4,6.637659471844277,6.637659471844277,6.637659471844277,1.1733371937588004,5.657077528225669,1.5210481381077558e-07,25.94470822524351,True
3037,8059.75,3923.25,4,6.636702936504925,6.636702936504925,6.636702936504925,1.2824722787592224,5.174928960589979,1.5208289439319882e-07,25.944864699056552,True
4760,8294.5,4314.5,4,6.635438364361367,6.635438364361367,6.635438364361367,1.183529139089126,5.606484999151071,1.520539161801311e-07,25.945071597360723,True
3278,9054.0,3977.25,4,6.635377329205117,6.635377329205117,6.635377329205117,1.1785971342788,5.629894334729904,1.5205251753334654e-07,25.94508158440002,True
4703,8766.0,4292.5,4,6.633133810375771,6.633133810375771,6.633133810375771,1.1799960745925138,5.621318539272583,1.5200110633708584e-07,25.945448749881766,True
1525,9173.0,2691.5,4,6.632442873333538,6.632442873333538,6.632442873333538,1.270805831857787,5.21908438493518,1.5198527321840756e-07,25.945561850937302,True
969,9327.4,2425.8,5,6.631745956359606,6.631745956359606,6.631745956359606,1.1120854956894506,5.963341831239492,1.5196930306702947e-07,25.945675942797838,True
4655,8592.0,4276.5,4,6.630505483959755,6.630505483959755,6.630505483959755,1.1894840392510193,5.574270242528665,1.519408771099256e-07,25.945879049458192,True
1099,9110.5,2465.5,4,6.6293768104062885,6.6293768104062885,6.6293768104062885,1.1984971581260084,5.531408035019541,1.519150130713392e-07,25.94606388394105,True
3699,7781.25,4066.25,4,6.627896707867226,6.627896707867226,6.627896707867226,1.036268359513209,6.395926930530529,1.5188109588681354e-07,25.94630631703529,True
569,8012.5,2167.5,4,6.623231333111367,6.623231333111367,6.623231333111367,1.1002223983184443,6.0199022881502575,1.5177418682321852e-07,25.947070835569082,True
3352,8220.25,3992.25,4,6.622028272961224,6.622028272961224,6.622028272961224,1.306562304150889,5.068283580448741,1.5174661818386352e-07,25.947268069297067,True
3724,8077.0,4070.5,4,6.620424192761025,6.620424192761025,6.620424192761025,1.203349386877596,5.501664159184427,1.5170985999805664e-07,25.947531103347853,True
2320,9295.5,3687.0,4,6.619464319561562,6.619464319561562,6.619464319561562,1.1229900393125618,5.894499583997794,1.516878640919838e-07,25.947688532027936,True
1720,9435.0,2895.25,4,6.618307989452919,6.618307989452919,6.618307989452919,1.0463884933741714,6.324905167976002,1.5166136629157312e-07,25.947878211898153,True
4326,8895.25,4190.25,4,6.6177615340696185,6.6177615340696185,6.6177615340696185,1.1430340395049867,5.789645194587179,1.516488440320801e-07,25.94796786183437,True
3322,9145.5,3985.5,4,6.617464941357216,6.617464941357216,6.617464941357216,1.1031929049537563,5.998465827365529,1.5164204748286136e-07,25.94801652310157,True
4634,8305.5,4268.5,4,6.617369097088417,6.617369097088417,6.617369097088417,1.1886619055960579,5.567074258823933,1.5163985117033246e-07,25.948032248511097,True
1996,7494.5,3431.5,4,6.616452616070351,6.616452616070351,6.616452616070351,0.9830171981571847,6.730759775590801,1.5161884961470802e-07,25.94818262935277,True
4799,8273.5,4332.5,4,6.615343016003212,6.615343016003212,6.615343016003212,1.1820256712474204,5.5966153501741465,1.5159342265324178e-07,25.948364726023854,True
4282,8346.5,4179.5,4,6.612479132031044,6.612479132031044,6.612479132031044,1.2112427446217957,5.459251798528426,1.515277955236474e-07,25.948834859735754,True
4105,8645.25,4144.25,4,6.612466734264931,6.612466734264931,6.612466734264931,1.2365267895793481,5.347612999565027,1.5152751142351926e-07,25.94883689538923,True
10,8605.5,1913.5,4,6.612385195110878,6.612385195110878,6.612385195110878,1.0422398418045973,6.344398793718914,1.515256429188305e-07,25.948850283820665,True
3431,8918.25,4011.25,4,6.612369459484658,6.612369459484658,6.612369459484658,1.204755583794953,5.488556806398724,1.5152528233020636e-07,25.948852867572057,True
3072,7849.5,3931.5,4,6.610056799267372,6.610056799267372,6.610056799267372,1.18615906373004,5.572656316835906,1.5147228672938505e-07,25.949232667603255,True
4058,8104.25,4134.75,4,6.606654089306435,6.606654089306435,6.606654089306435,1.1881225257406867,5.56058314371894,1.5139431217114566e-07,25.94979172431739,True
1815,7506.75,3089.25,4,6.606544893597206,6.606544893597206,6.606544893597206,0.9974212850986585,6.6236253349493435,1.5139180990463268e-07,25.949809669666593,True
3879,8626.5,4103.0,4,6.6037773307309955,6.6037773307309955,6.6037773307309955,1.2809735754297606,5.1552799038149235,1.5132839001449514e-07,25.950264593202252,True
1262,9338.5,2533.5,4,6.60340730509623,6.60340730509623,6.60340730509623,1.0370178662169027,6.367689043956221,1.5131991071836372e-07,25.950325431335365,True
4770,8271.5,4319.5,4,6.602914732311806,6.602914732311806,6.602914732311806,1.182555258657091,5.583599315105216,1.513086232017352e-07,25.95040642346993,True
2776,7894.5,3854.5,4,6.600954931591591,6.600954931591591,6.600954931591591,1.223757401038691,5.394006137155032,1.5126371352763711e-07,25.95072872695608,True
3436,8019.0,4011.5,4,6.600611132000527,6.600611132000527,6.600611132000527,1.2100815820210158,5.454682750378306,1.5125583521254595e-07,25.950785277165576,True
4393,8468.5,4204.5,4,6.599950712536415,6.599950712536415,6.599950712536415,1.2077696665787836,5.464577307386695,1.5124070141725986e-07,25.950893915166226,True
4778,8214.5,4323.0,4,6.599406164501747,6.599406164501747,6.599406164501747,1.180341513078683,5.591098924656582,1.5122822286547883e-07,25.950983500669867,True
4841,8336.5,4356.5,4,6.597170275066933,6.597170275066933,6.597170275066933,1.182754337912388,5.577802645569849,1.511769865000662e-07,25.951351412172304,True
4734,8680.5,4304.5,4,6.597060602520546,6.597060602520546,6.597060602520546,1.181214244355889,5.584982262144912,1.511744733066252e-07,25.95136946179647,True
4794,8580.5,4330.25,4,6.596081655834755,6.596081655834755,6.596081655834755,1.184227736264873,5.56994356224015,1.511520403234322e-07,25.951530587605692,True
4563,8245.0,4250.25,4,6.595014971111855,6.595014971111855,6.595014971111855,1.1875644349312762,5.5533954850150975,1.5112759678548633e-07,25.95170618153211,True
2504,7788.5,3763.5,4,6.59413520655497,6.59413520655497,6.59413520655497,1.2021548973129526,5.485262524233883,1.5110743660331822e-07,25.951851026684313,True
1373,9335.25,2597.0,4,6.594125669811806,6.594125669811806,6.594125669811806,1.0993488311145858,5.998210470762302,1.5110721806475813e-07,25.951852596927342,True
1790,7602.75,3045.0,4,6.593882006023964,6.593882006023964,6.593882006023964,1.1043776403747065,5.97067684545543,1.511016344045479e-07,25.951892717406913,True
831,9064.5,2387.5,4,6.591730516766152,6.591730516766152,6.591730516766152,1.189908365560804,5.5396959190714385,1.5105233210539206e-07,25.95224703538767,True
3536,9161.5,4033.5,4,6.590334337566933,6.590334337566933,6.590334337566933,1.046024128321186,6.300365507002286,1.5102033806019518e-07,25.952477027020603,True
4660,8754.25,4278.0,4,6.585526865337929,6.585526865337929,6.585526865337929,1.182077259960312,5.571147579269934,1.5091017277205484e-07,25.9532693314937,True
83,8520.5,1963.5,4,6.585400503491005,6.585400503491005,6.585400503491005,1.094358103174351,6.017591942152259,1.509072771361337e-07,25.953290164595014,True
525,8731.5,2153.5,4,6.584938925121865,6.584938925121865,6.584938925121865,1.189678858649103,5.535055849104653,1.5089669986982544e-07,25.95336626777362,True
4576,8636.0,4254.0,4,6.584394377087197,6.584394377087197,6.584394377087197,1.1908951274525437,5.528945601760874,1.508842213180444e-07,25.95345605751517,True
179,8554.5,2009.5,4,6.583675306652626,6.583675306652626,6.583675306652626,1.153105946821273,5.709514658910237,1.508677435106138e-07,25.9535746353818,True
1227,9129.0,2518.5,4,6.577256601666055,6.577256601666055,6.577256601666055,1.2068196027459996,5.450074382865635,1.5072065613274662e-07,25.954633682110813,True
1685,9349.75,2839.0,4,6.575897138928017,6.575897138928017,6.575897138928017,1.1553576403061678,5.6916550421438465,1.5068950346100605e-07,25.954858117702166,True
4104,8137.5,4143.5,4,6.575779360149941,6.575779360149941,6.575779360149941,1.1906292223376467,5.522944705858342,1.5068680450978898e-07,25.954877564148177,True
4730,8343.25,4303.0,4,6.571472090099892,6.571472090099892,6.571472090099892,1.186147542974593,5.540181007853466,1.5058810156912524e-07,25.955588976601497,True
4865,8649.5,1975.0,4,6.570956629131874,6.570956629131874,6.570956629131874,1.108720184556856,5.9266140552480495,1.505762895599525e-07,25.955674144213567,True
4142,8648.25,4151.0,4,6.5677336867795795,6.5677336867795795,6.5677336867795795,1.2290521389530702,5.343738868860437,1.5050243445357078e-07,25.956206809979147,True
4845,8558.5,1905.5,4,6.56662170252665,6.56662170252665,6.56662170252665,1.032586234348641,6.3593930309064195,1.5047695285746452e-07,25.956390651748254,True
343,8646.5,2074.5,4,6.564644258831581,6.564644258831581,6.564644258831581,1.1852806284481012,5.53847257879067,1.5043163888703028e-07,25.956717654831607,True
587,8934.5,2174.0,4,6.563732069347939,6.563732069347939,6.563732069347939,1.1612930716188488,5.652089235491658,1.5041073567375788e-07,25.95686853367981,True
4457,8240.5,4221.0,4,6.563022058819374,6.563022058819374,6.563022058819374,1.1913151200430108,5.509056292832433,1.5039446547795934e-07,25.95698598604158,True
4316,8739.5,4187.5,4,6.562595766399941,6.562595766399941,6.562595766399941,1.1879006094461784,5.52453270434767,1.5038469680432342e-07,25.95705651089152,True
4759,8173.5,4314.5,4,6.558841627453408,6.558841627453408,6.558841627453408,1.1786912388252508,5.564512071872455,1.502986691001448e-07,25.957677785003618,True
4274,8097.5,4178.5,4,6.555769842480263,6.555769842480263,6.555769842480263,1.1791794924693022,5.5596029988207505,1.5022827782994047e-07,25.95818640063851,True
114,8384.5,1981.5,4,6.554441850994667,6.554441850994667,6.554441850994667,1.1173598927418493,5.866007804263457,1.501978463354482e-07,25.958406358709997,True
769,9233.5,2367.5,4,6.553562563274941,6.553562563274941,6.553562563274941,1.0737891768291334,6.1032116030703625,1.5017769708020811e-07,25.958552021540584,True
1984,9452.0,3415.75,4,6.553484838818154,6.553484838818154,6.553484838818154,1.007070747005561,6.507472149602579,1.5017591599094339e-07,25.958564898316588,True
3133,7868.75,3944.5,4,6.551512640331826,6.551512640331826,6.551512640331826,1.1887584475368376,5.511222783658751,1.501307222167172e-07,25.95889168774469,True
521,7940.5,2152.5,4,6.549807470654091,6.549807470654091,6.549807470654091,1.0193504752350728,6.4254715426935345,1.5009164752217348e-07,25.959174310327626,True
1200,9254.5,2508.5,4,6.541552942608437,6.541552942608437,6.541552942608437,1.1147935660781263,5.867950032777634,1.4990249147148937e-07,25.960543494408906,True
3429,9142.5,4009.5,4,6.536773126934609,6.536773126934609,6.536773126934609,1.0830471565925344,6.03553879177385,1.497929599451733e-07,25.96133711572292,True
3047,9075.0,3925.5,4,6.535912435864052,6.535912435864052,6.535912435864052,1.1853640884090062,5.513843805270449,1.4977323684012535e-07,25.96148008305022,True
1567,7568.5,2721.5,4,6.535624903057656,6.535624903057656,6.535624903057656,0.9976761041731578,6.550848392298795,1.497666479025387e-07,25.961527848629725,True
1998,7528.5,3431.5,4,6.534019392345986,6.534019392345986,6.534019392345986,1.0033626439968157,6.512121446258191,1.4972985693594791e-07,25.961794598217725,True
197,8847.25,2015.0,4,6.532560747479042,6.532560747479042,6.532560747479042,1.0435984737068111,6.259649579857762,1.4969643146318247e-07,25.962037003427284,True
597,9059.5,2175.5,4,6.532459658001503,6.532459658001503,6.532459658001503,1.0615725127295859,6.153568955176513,1.4969411495444552e-07,25.96205380500926,True
4333,8409.5,4191.5,4,6.532218855236611,6.532218855236611,6.532218855236611,1.2104309272926639,5.396606041657443,1.496885968558033e-07,25.962093828692936,True
1351,7592.0,2588.0,5,6.530777595458727,6.530777595458727,6.530777595458727,1.0819969586466638,6.03585577876972,1.4965556976981043e-07,25.962333410466314,True
2766,9251.5,3849.5,4,6.529108446453652,6.529108446453652,6.529108446453652,1.0564885797571952,6.180008541080668,1.4961732050443062e-07,25.962610940532045,True
4036,8823.75,4132.0,4,6.523752611492714,6.523752611492714,6.523752611492714,1.1838925878392785,5.510426096508645,1.4949458924908523e-07,25.96350193664766,True
489,8635.5,2136.5,4,6.5214127715574115,6.5214127715574115,6.5214127715574115,1.2007285720652947,5.431213117832581,1.4944097081336767e-07,25.96389142177625,True
3272,7796.75,3977.75,4,6.521039884899697,6.521039884899697,6.521039884899697,1.1023776145006468,5.915432061683861,1.4943242595566822e-07,25.96395350466132,True
1492,9203.0,2663.5,4,6.519098680828653,6.519098680828653,6.519098680828653,1.22320366805745,5.329528394221976,1.4938794243176233e-07,25.96427675821353,True
1467,7604.75,2652.0,4,6.518617552136025,6.518617552136025,6.518617552136025,1.0118153937052063,6.442496914644918,1.4937691716140588e-07,25.964356891701886,True
2538,9138.5,3780.5,4,6.51649848780497,6.51649848780497,6.51649848780497,1.1926778189696796,5.463754237866508,1.4932835789335434e-07,25.96470989889839,True
4758,8313.0,4314.5,4,6.5163773711667865,6.5163773711667865,6.5163773711667865,1.1840967263385245,5.503247518736744,1.4932558245364122e-07,25.964730078745188,True
4352,8300.25,4195.75,4,6.511588972424111,6.511588972424111,6.511588972424111,1.2027358933364265,5.413980748808254,1.4921585424262108e-07,25.96552819841709,True
1895,7483.5,3230.5,4,6.50915042719706,6.50915042719706,6.50915042719706,0.9788053788977508,6.650096707199468,1.4915997393280658e-07,25.965934875302274,True
950,9154.5,2420.5,4,6.508368414257607,6.508368414257607,6.508368414257607,1.1788785850945211,5.520813166468516,1.4914205377087937e-07,25.966065324087836,True
3646,7858.5,4056.5,4,6.507819574688515,6.507819574688515,6.507819574688515,1.1083109607588861,5.871835437080276,1.4912947687674632e-07,25.966156886224407,True
3287,8783.5,3978.5,4,6.506572168682659,6.506572168682659,6.506572168682659,1.3012579444702201,5.000217056374379,1.491008920330869e-07,25.966365017944035,True
1502,9197.0,2667.5,4,6.505755823467813,6.505755823467813,6.505755823467813,1.2316908096975256,5.281971556697313,1.490821851323433e-07,25.966501248072426,True
4511,8172.5,4236.0,4,6.503220003460488,6.503220003460488,6.503220003460488,1.1827977333482316,5.498167455099318,1.490240757292159e-07,25.966924529914472,True
4382,8810.25,4201.75,4,6.501231115673622,6.501231115673622,6.501231115673622,1.1723409419387363,5.545512302012021,1.4897849951250958e-07,25.967256632742103,True
3347,8943.0,3991.5,4,6.500395696972451,6.500395696972451,6.500395696972451,1.204509003645317,5.396718229004268,1.4895935553464587e-07,25.9673961605634,True
2903,9065.5,3889.5,4,6.500198763226113,6.500198763226113,6.500198763226113,1.196626975972047,5.432101142418134,1.4895484271338005e-07,25.967429054151307,True
3880,7857.5,4103.5,4,6.500104826305947,6.500104826305947,6.500104826305947,1.0843190963000156,5.994642027873556,1.489526901085632e-07,25.967444744664142,True
3214,8056.0,3961.5,4,6.498492639874064,6.498492639874064,6.498492639874064,1.2545332024427323,5.180008490186381,1.4891574616498035e-07,25.96771406744169,True
1206,9313.0,2511.8,5,6.493089816985827,6.493089816985827,6.493089816985827,1.1680905980040834,5.558721068451857,1.4879193816112693e-07,25.968617119979793,True
1146,9287.5,2482.5,4,6.492678564404091,6.492678564404091,6.492678564404091,1.0535486341884606,6.162675697838425,1.487825141318227e-07,25.968685889390173,True
477,7953.2,2132.0,5,6.490319393096667,6.490319393096667,6.490319393096667,1.1326147514912956,5.7303857154879605,1.4872845270942139e-07,25.969080472788903,True
918,9259.0,2411.75,4,6.4802703078733295,6.4802703078733295,6.4802703078733295,1.0635773863542786,6.092899671444073,1.4849817361129227e-07,25.97076284160732,True
1843,9430.75,3123.0,4,6.479961317394814,6.479961317394814,6.479961317394814,1.0534808281188677,6.151000705884377,1.4849109296194543e-07,25.970814612618707,True
1073,9293.2,2453.8,5,6.476900718627673,6.476900718627673,6.476900718627673,1.1580611103999718,5.592883363806835,1.4842095802844965e-07,25.971327545911087,True
3569,8087.5,4039.5,4,6.475353639935097,6.475353639935097,6.475353639935097,1.214638245163304,5.331096452561074,1.4838550605663895e-07,25.971586916876113,True
2968,8966.0,3906.25,4,6.474938791607461,6.474938791607461,6.474938791607461,1.237011332668711,5.234340721550641,1.4837599962927515e-07,25.9716564775986,True
4463,8648.5,4222.5,4,6.470329683636269,6.470329683636269,6.470329683636269,1.1982854105453242,5.399656564867718,1.4827037994318462e-07,25.97242962117874,True
1088,7947.5,2461.5,4,6.470188063000284,6.470188063000284,6.470188063000284,1.2112842054291049,5.341593685445754,1.4826713464556735e-07,25.97245338570731,True
4827,8379.5,4346.5,4,6.469466131542763,6.469466131542763,6.469466131542763,1.1842972640963367,5.462704616209013,1.4825059127656867e-07,25.97257453687716,True
4419,8243.0,4210.5,4,6.468996923779091,6.468996923779091,6.468996923779091,1.193342069970078,5.420907455262426,1.4823983917941233e-07,25.972653284384442,True
4532,8597.0,4241.5,4,6.46734134516581,6.46734134516581,6.46734134516581,1.1970536754104448,5.402716250754832,1.4820190088538107e-07,25.972931187081898,True
642,8457.5,2197.5,4,6.465931337689007,6.465931337689007,6.465931337689007,1.220756331589163,5.296660087170509,1.4816958995927215e-07,25.973167924713607,True
4523,8105.0,4239.5,4,6.465801637981972,6.465801637981972,6.465801637981972,1.1725107969364146,5.514492194763656,1.4816661783485486e-07,25.97318970364578,True
2150,7610.5,3589.5,4,6.461552542065224,6.461552542065224,6.461552542065224,1.0670458583394091,6.055552806437972,1.4806924797940768e-07,25.973903445588054,True
3209,8044.75,3960.75,4,6.461443823193156,6.461443823193156,6.461443823193156,1.2488052287370193,5.174100551875448,1.4806675663982273e-07,25.973921713799577,True
9,8578.5,1913.5,4,6.461223047588906,6.461223047588906,6.461223047588906,1.041142725927205,6.205895586346981,1.4806169747215666e-07,25.97395881203465,True
4137,8003.5,4149.5,4,6.458640020702919,6.458640020702919,6.458640020702919,1.1615750293015055,5.560243512282387,1.4800250630315684e-07,25.974392947571616,True
4299,8789.5,4183.0,4,6.457189958904824,6.457189958904824,6.457189958904824,1.1792932193324788,5.475474507145745,1.4796927751509547e-07,25.97463673904339,True
3501,9096.5,4024.5,4,6.456614893292031,6.456614893292031,6.456614893292031,1.1092886517854386,5.820500266454439,1.4795609963992216e-07,25.974733437044243,True
3964,8795.5,4119.5,4,6.452826898907265,6.452826898907265,6.452826898907265,1.1893287094760945,5.425604248424953,1.4786929612385522e-07,25.97537060832263,True
1967,9433.5,3387.5,4,6.450331610058388,6.450331610058388,6.450331610058388,1.0318378058445257,6.251303812985415,1.478121155096082e-07,25.97579054046195,True
1222,7936.5,2517.5,4,6.449693125103558,6.449693125103558,6.449693125103558,1.2512610514000144,5.154554373675347,1.4779748435301042e-07,25.9758980171911,True
4339,8046.5,4193.5,4,6.4484380897031635,6.4484380897031635,6.4484380897031635,1.1580856408552107,5.568187586663444,1.4776872467850275e-07,25.976109309409182,True
1186,9365.5,2501.5,4,6.447899740551552,6.447899740551552,6.447899740551552,0.9901223753260616,6.51222505544142,1.477563881767858e-07,25.97619995609861,True
72,8287.5,1955.5,4,6.447135847424111,6.447135847424111,6.447135847424111,1.0510991184291505,6.13370873820087,1.4773888323812274e-07,25.97632859264565,True
4400,8640.0,4205.5,4,6.4465459998594135,6.4465459998594135,6.4465459998594135,1.2043660337304862,5.352646802809141,1.4772536662818132e-07,25.97642793104477,True
4290,8341.5,4182.0,4,6.444359701489052,6.444359701489052,6.444359701489052,1.2101501744593675,5.325256185140872,1.4767526666328116e-07,25.976796212897554,True
4501,8956.25,4232.0,4,6.442650717114052,6.442650717114052,6.442650717114052,1.0723311203165622,6.008079589457519,1.4763610455331339e-07,25.977084178245594,True
1679,9363.5,2830.0,4,6.4425906356321185,6.4425906356321185,6.4425906356321185,1.133580227985971,5.683400677408296,1.4763472776038484e-07,25.977094303417232,True
390,7994.5,2093.5,4,6.441496771191201,6.441496771191201,6.441496771191201,1.0152689323632609,6.344621179530438,1.4760966138754274e-07,25.97727866233874,True
2138,9268.5,3580.5,4,6.441272180889687,6.441272180889687,6.441272180889687,1.1868383166319052,5.42725330874823,1.476045148044527e-07,25.977316518458416,True
4664,8541.5,4278.5,4,6.434961717938027,6.434961717938027,6.434961717938027,1.193830105718311,5.39018214326753,1.474599078392425e-07,25.978380726937043,True
1364,7837.5,2594.0,4,6.431439798687539,6.431439798687539,6.431439798687539,1.2202495000588918,5.270594086190688,1.4737920154900205e-07,25.978975123953344,True
2536,7795.5,3780.5,4,6.429461878155312,6.429461878155312,6.429461878155312,1.2015956270572605,5.3507700372555735,1.4733387665163977e-07,25.97930908186747,True
3890,7996.5,4106.0,4,6.427299898480019,6.427299898480019,6.427299898480019,1.181165142819728,5.441491342299937,1.4728433396006785e-07,25.97967423441059,True
2431,7577.0,3735.75,4,6.425057810162148,6.425057810162148,6.425057810162148,0.9964030696972792,6.448251722181233,1.4723295554459118e-07,25.980053046849658,True
701,8086.25,2348.0,4,6.424388330792034,6.424388330792034,6.424388330792034,1.2204044999400396,5.264146708003514,1.4721761413767307e-07,25.98016618448737,True
496,8359.5,2141.5,4,6.421836775158486,6.421836775158486,6.421836775158486,1.196615853486029,5.366665297346793,1.4715914414592146e-07,25.9805974888345,True
352,8374.5,2078.5,4,6.420835417126259,6.420835417126259,6.420835417126259,1.1848096029142345,5.419297245171845,1.4713619759711222e-07,25.9807668010548,True
187,8621.5,2011.5,4,6.420071523998818,6.420071523998818,6.420071523998818,1.1524272441127874,5.570912660036427,1.471186926584492e-07,25.980895979847205,True
2076,7626.5,3532.5,4,6.419314306591591,6.419314306591591,6.419314306591591,1.1051115525417692,5.808747806343256,1.471013406967782e-07,25.981024044906654,True
842,9106.5,2391.5,4,6.413211744640908,6.413211744640908,6.413211744640908,1.182699122466826,5.422521774823414,1.4696149787217793e-07,25.98205669785817,True
1861,7588.5,3156.5,4,6.4108194526182025,6.4108194526182025,6.4108194526182025,1.0735309593286468,5.971713621214363,1.4690667747437988e-07,25.982461780792168,True
2235,9119.5,3637.5,4,6.408819597576702,6.408819597576702,6.408819597576702,1.2614361861965457,5.080573767984595,1.468608499383295e-07,25.982800529025553,True
1318,9251.0,2571.5,4,6.407777708386025,6.407777708386025,6.407777708386025,1.1790240815958126,5.43481495281511,1.4683697460063984e-07,25.98297705276132,True
3944,8916.5,4116.0,4,6.407554548595986,6.407554548595986,6.407554548595986,1.179258231589583,5.433546594759752,1.4683186079833376e-07,25.983014865696433,True
4535,8918.25,4242.0,4,6.407461565350136,6.407461565350136,6.407461565350136,1.0931545860546927,5.861441416511203,1.468297300473729e-07,25.983030621474743,True
289,8450.0,2053.75,4,6.406399648998818,6.406399648998818,6.406399648998818,1.185117161930288,5.405709962519014,1.4680539577870711e-07,25.98321057676104,True
649,9139.0,2203.5,4,6.40620271525248,6.40620271525248,6.40620271525248,1.0209756079390637,6.2745893882656105,1.468008829574413e-07,25.98324395297803,True
4053,8838.5,4133.5,4,6.404762667034706,6.404762667034706,6.404762667034706,1.182833527138282,5.4147625342766785,1.4676788363486804e-07,25.983488042700632,True
366,8035.5,2084.5,4,6.403480451916298,6.403480451916298,6.403480451916298,1.0387013422831701,6.164890899092133,1.467385011254642e-07,25.983705425735614,True
3992,8791.0,4124.0,4,6.402465742443642,6.402465742443642,6.402465742443642,1.1887104461772706,5.386059963579097,1.4671524862267086e-07,25.983877487494635,True
1337,7619.0,2581.5,4,6.398288172100624,6.398288172100624,6.398288172100624,0.9887736423626726,6.470933182251833,1.4661951780642433e-07,25.984586155056036,True
483,9077.2,2133.6,5,6.3964187125546745,6.3964187125546745,6.3964187125546745,1.1362446760799183,5.629437785022263,1.4657667833908351e-07,25.984903433121897,True
1012,9258.5,2435.5,4,6.394560259197792,6.394560259197792,6.394560259197792,1.0710891612483437,5.970147482161986,1.4653409108328596e-07,25.985218935182072,True
824,8956.75,2386.0,4,6.392512720440472,6.392512720440472,6.392512720440472,1.230917060803864,5.193292809075024,1.4648717085443516e-07,25.98556664368143,True
3648,8036.5,4057.5,4,6.391689222668251,6.391689222668251,6.391689222668251,1.200891983534968,5.3224514030425585,1.4646830004977149e-07,25.985706519655082,True
4390,8091.5,4204.5,4,6.385829370831093,6.385829370831093,6.385829370831093,1.1728209499623041,5.444845925574864,1.4633401903152544e-07,25.986702370875115,True
1556,7604.0,2711.5,4,6.385222357128701,6.385222357128701,6.385222357128701,1.031455475447242,6.1904973206526925,1.4632010905217585e-07,25.98680558191333,True
4081,7880.0,4140.5,4,6.367447775219521,6.367447775219521,6.367447775219521,1.090028155881277,5.841544313203086,1.4591279688388395e-07,25.989832166840216,True
4579,8530.5,4255.0,4,6.366000097607216,6.366000097607216,6.366000097607216,1.1982895511415617,5.312572484290285,1.458796227304626e-07,25.99007904357289,True
2856,9164.5,3876.5,4,6.365275781963906,6.365275781963906,6.365275781963906,1.1646366511787876,5.46546064433168,1.4586302472682393e-07,25.990202584328095,True
4739,8096.75,4306.75,4,6.357230108593544,6.357230108593544,6.357230108593544,1.1609051955355059,5.476097559939907,1.4567865467060573e-07,25.991575816945875,True
1727,9306.5,2911.5,4,6.354110163067421,6.354110163067421,6.354110163067421,1.1923969292884857,5.328854852770359,1.4560715978067295e-07,25.992108795815167,True
3980,8944.0,4121.5,4,6.352084081982216,6.352084081982216,6.352084081982216,1.1591622484406927,5.47989212944698,1.4556073126358227e-07,25.992455050494456,True
1221,7929.75,2517.25,4,6.348422449444378,6.348422449444378,6.348422449444378,1.2453214186943027,5.097818405870338,1.454768233834366e-07,25.9930810990879,True
2497,9303.5,3758.5,4,6.346806448315224,6.346806448315224,6.346806448315224,1.0643348995314306,5.963166716706726,1.4543979202442962e-07,25.993357510164287,True
4120,8901.5,4145.75,4,6.345737856243691,6.345737856243691,6.345737856243691,1.1716431147222715,5.416101350749538,1.4541530477877175e-07,25.993540327584512,True
1883,7572.5,3198.0,4,6.342888277386269,6.342888277386269,6.342888277386269,1.050409379907609,6.038491657361409,1.4535000545701748e-07,25.994027991253258,True
1063,8006.0,2449.5,4,6.33460418543681,6.33460418543681,6.33460418543681,1.243153399711714,5.095593341019538,1.4516017193679718e-07,25.995446937446225,True
3302,9134.5,3981.5,4,6.33412544092997,6.33412544092997,6.33412544092997,1.1162790042081632,5.674321040753702,1.4514920130108068e-07,25.995528996225516,False
581,8841.5,2172.5,4,6.325166147564492,6.325166147564492,6.325166147564492,1.1833328092707787,5.3452131961610485,1.4494389525080608e-07,25.997065801145762,False
4692,8524.5,4287.5,4,6.323479574535927,6.323479574535927,6.323479574535927,1.1937694572471256,5.2970693261981205,1.4490524670645452e-07,25.99735534572629,False
1659,9386.5,2801.5,4,6.31829349360331,6.31829349360331,6.31829349360331,1.0968918524889786,5.760179072591658,1.447864054374787e-07,25.998246156867243,False
514,9045.5,2148.5,4,6.316636961315712,6.316636961315712,6.316636961315712,1.0508521068152537,6.010966643497643,1.4474844528959143e-07,25.99853085286865,False
4733,8512.5,4304.0,4,6.312924784039101,6.312924784039101,6.312924784039101,1.1922777042254402,5.294844281383484,1.446633791550772e-07,25.999169108647436,False
2020,7635.25,3462.25,4,6.304020803783974,6.304020803783974,6.304020803783974,1.1452364478395578,5.5045583081784155,1.444593406284511e-07,26.0007015517046,False
64,8580.75,1950.25,4,6.302277487133583,6.302277487133583,6.302277487133583,1.081444517124857,5.8276475467173325,1.4441939177966702e-07,26.001001843189396,False
4702,8863.5,4290.5,4,6.300692003582558,6.300692003582558,6.300692003582558,1.1113494272014233,5.669406803446894,1.4438305974405238e-07,26.001275019587027,False
4181,8208.75,4160.0,4,6.297812383984169,6.297812383984169,6.297812383984169,1.198485019852501,5.254811098731337,1.4431707202583385e-07,26.001771349502416,False
3313,7835.0,3984.75,4,6.295309465740761,6.295309465740761,6.295309465740761,1.1406251183989486,5.519174849118914,1.4425971658073876e-07,26.002202935732207,False
4289,7950.0,4181.75,4,6.293918531750283,6.293918531750283,6.293918531750283,1.1209635185435263,5.614739844458099,1.4422784273174993e-07,26.002442853127988,False
1427,9381.25,2627.75,4,6.293398779247841,6.293398779247841,6.293398779247841,1.0617201110366268,5.927549750473488,1.4421593238022514e-07,26.00253251704855,False
42,8418.0,1939.25,4,6.291886728619179,6.291886728619179,6.291886728619179,1.0725047558425165,5.866535038044215,1.441812830915232e-07,26.002793407136082,False
4082,8069.75,4141.25,4,6.290812414501747,6.290812414501747,6.290812414501747,1.1824340117291465,5.320222821823522,1.4415666472272928e-07,26.002978808014245,False
3378,9117.5,3998.5,4,6.290111463879189,6.290111463879189,6.290111463879189,1.1142544051602048,5.645130443056056,1.4414060213856282e-07,26.00309979236751,False
1410,9151.0,2614.75,4,6.287237566326702,6.287237566326702,6.287237566326702,1.2421701446332278,5.061494670026156,1.440747455434804e-07,26.00359596921182,False
4018,8787.5,4128.5,4,6.285069387768349,6.285069387768349,6.285069387768349,1.1880369868088052,5.29029774119299,1.4402506080184435e-07,26.003970454179633,False
616,8145.5,2183.0,4,6.2827886756406635,6.2827886756406635,6.2827886756406635,1.1827483844746611,5.312024736716319,1.439727973051993e-07,26.00436451524308,False
936,9215.0,2416.5,4,6.282562654827675,6.282562654827675,6.282562654827675,1.1167550309091954,5.625730335607074,1.4396761794132523e-07,26.004403574871937,False
63,8505.0,1949.25,4,6.274136942242226,6.274136942242226,6.274136942242226,1.0778964443975776,5.820723293830661,1.4377453912348753e-07,26.00586066198423,False
442,8968.5,2116.0,4,6.273835104321083,6.273835104321083,6.273835104321083,1.0822515878894718,5.797020927967275,1.4376762237806074e-07,26.005912896139325,False
381,8769.5,2090.5,4,6.273409288738808,6.273409288738808,6.273409288738808,1.1449406822415649,5.479243934678544,1.437578646313528e-07,26.005986589355132,False
4601,8225.5,4260.5,4,6.262467306469521,6.262467306469521,6.262467306469521,1.1851021363553718,5.284327075579265,1.4350712441443593e-07,26.007881966870762,False
4132,8316.5,4148.5,4,6.259975355480751,6.259975355480751,6.259975355480751,1.221895332355158,5.12316823685289,1.4345002028868495e-07,26.008314087267355,False
240,8665.0,2033.5,4,6.25886909327372,6.25886909327372,6.25886909327372,1.162531168816255,5.383829062963362,1.4342466981571474e-07,26.008505975414565,False
495,8938.5,2140.5,4,6.257551115368447,6.257551115368447,6.257551115368447,1.1264431518044997,5.555141513661116,1.433944677867106e-07,26.008734631261884,False
4271,8636.5,4177.5,4,6.256812971447548,6.256812971447548,6.256812971447548,1.2138667832674452,5.154447800775693,1.4337755290215978e-07,26.008862712812753,False
186,8559.0,2011.75,4,6.255426805828652,6.255426805828652,6.255426805828652,1.1560273620068169,5.411140783873388,1.43345788322451e-07,26.00910327888744,False
3645,7833.5,4056.5,4,6.2544707473264545,6.2544707473264545,6.2544707473264545,1.0853297515102631,5.762737765755711,1.433238798318022e-07,26.009269231858248,False
4220,8974.0,4167.75,4,6.251975935314736,6.251975935314736,6.251975935314736,1.0954845956978625,5.707041395075032,1.432667101444832e-07,26.00970240169935,False
1277,9301.5,2539.5,4,6.246767919872841,6.246767919872841,6.246767919872841,1.0834286389587984,5.765740072992846,1.4314736623681917e-07,26.010607217625328,False
38,8696.5,1933.5,4,6.246539514874062,6.246539514874062,6.246539514874062,1.0557879669704169,5.9164715930590726,1.4314213223830504e-07,26.01064691689277,False
761,7884.25,2366.0,4,6.243967455242714,6.243967455242714,6.243967455242714,1.1705623885301075,5.334160328765865,1.4308319238864933e-07,26.011094069007363,False
357,8199.5,2080.5,4,6.2429961379514545,6.2429961379514545,6.2429961379514545,1.1122511823044228,5.61293729085266,1.430609342363044e-07,26.011262980263282,False
4427,8383.5,4212.5,4,6.2425455268369525,6.2425455268369525,6.2425455268369525,1.2043325369700169,5.183406854175499,1.4305060828934022e-07,26.011341350079284,False
550,8928.25,2162.75,4,6.239540975903115,6.239540975903115,6.239540975903115,1.15458400733649,5.404146373287391,1.4298175771598453e-07,26.01186404310664,False
542,8997.5,2160.5,4,6.23687784037455,6.23687784037455,6.23687784037455,1.1013836455639583,5.662765981222634,1.4292073082307995e-07,26.012327551545727,False
4797,8287.25,4332.0,4,6.234104555462441,6.234104555462441,6.234104555462441,1.1824207011929617,5.272323589372852,1.4285717980980639e-07,26.012810441472,False
3644,9059.5,4055.5,4,6.233043115948281,6.233043115948281,6.233043115948281,1.1157905760067681,5.586212368144676,1.428328564680686e-07,26.012995318292717,False
5,8399.0,1911.25,4,6.232682627056679,6.232682627056679,6.232682627056679,1.041344614829912,5.985225772809796,1.4282459571049727e-07,26.013058113808867,False
512,7928.5,2146.5,4,6.23114053568705,6.23114053568705,6.23114053568705,1.0039792883349463,6.206443308229108,1.4278925802533105e-07,26.013326780078877,False
3873,7828.5,4101.5,4,6.22849218211039,6.22849218211039,6.22849218211039,1.0603696824202942,5.873887461487822,1.4272856986719464e-07,26.013788336766723,False
168,8716.5,2005.5,4,6.227527540539345,6.227527540539345,6.227527540539345,1.1154738723600335,5.58285379411319,1.4270646469184174e-07,26.0139565038544,False
2317,9300.5,3685.5,4,6.225996416424355,6.225996416424355,6.225996416424355,1.1179666477990862,5.569035917736296,1.4267137832601964e-07,26.014223479997014,False
4766,8206.5,4317.5,4,6.225456159924111,6.225456159924111,6.225456159924111,1.180251330628315,5.274686838615929,1.4265899811659064e-07,26.014317698087464,False
458,8924.5,2122.5,4,6.219119947765908,6.219119947765908,6.219119947765908,1.116664742785405,5.569370742603509,1.4251380109726823e-07,26.01542331317248,False
93,8447.5,1966.5,4,6.2187699492917865,6.2187699492917865,6.2187699492917865,1.1030810917429943,5.637636249811353,1.4250578073211298e-07,26.01548441775183,False
4140,7934.5,4150.5,4,6.2108964141355365,6.2108964141355365,6.2108964141355365,1.123946996474722,5.525969136993216,1.423253552969044e-07,26.016859930669398,False
272,8773.5,2044.5,4,6.208269995068154,6.208269995068154,6.208269995068154,1.1096172944009932,5.5949650626341185,1.4226516977745617e-07,26.017319156066478,False
2030,7504.5,3480.5,4,6.206582945202431,6.206582945202431,6.206582945202431,0.9842202877483588,6.306091250569002,1.4222651030617662e-07,26.017614236666873,False
1562,7587.75,2717.75,4,6.205927294109902,6.205927294109902,6.205927294109902,1.015310052518671,6.112346941424358,1.4221148578017056e-07,26.017728937741154,False
3932,8951.75,4113.5,4,6.205311220501503,6.205311220501503,6.205311220501503,1.1590029186764872,5.354008277725135,1.4219736818918888e-07,26.01783672608495,False
2155,9220.25,3590.75,4,6.203949373577675,6.203949373577675,6.203949373577675,1.2045158549802646,5.150575102790427,1.4216616088280834e-07,26.01807503303407,False
4539,8861.5,4242.5,4,6.196678560589394,6.196678560589394,6.196678560589394,1.1329693361338642,5.469414187090793,1.4199954708459728e-07,26.019348224334692,False
2822,9238.0,3867.5,4,6.194735449169716,6.194735449169716,6.194735449169716,1.0662874858549125,5.8096297024465136,1.4195501985297938e-07,26.01968873534237,False
2139,9433.5,3580.5,4,6.193030279491982,6.193030279491982,6.193030279491982,0.9914032774825718,6.246731698545197,1.4191594515843566e-07,26.019987637421504,False
2147,9370.5,3587.5,4,6.190153520916542,6.190153520916542,6.190153520916542,1.0619319275462897,5.829143432215633,1.4185002300178512e-07,26.02049209589426,False
866,9300.5,2397.5,4,6.189525049542031,6.189525049542031,6.189525049542031,1.0157386208642183,6.0936198766133485,1.4183562131067533e-07,26.020602333671707,False
4042,8123.25,4133.0,4,6.186973493908486,6.186973493908486,6.186973493908486,1.1911436773153738,5.194145434959471,1.417771513189238e-07,26.021050007358948,False
3588,9048.0,4042.5,4,6.184983652447304,6.184983652447304,6.184983652447304,1.1376702992577434,5.436534342579399,1.4173155324836145e-07,26.021399255729143,False
1686,9400.25,2842.25,4,6.18277685007914,6.18277685007914,6.18277685007914,1.0844906449107479,5.701088228924256,1.416809834255571e-07,26.021786715569235,False
169,8748.5,2005.5,4,6.182037275646767,6.182037275646767,6.182037275646767,1.0981846222152558,5.629324205229148,1.4166403576022227e-07,26.021916597463154,False
3719,8925.5,4068.5,4,6.181225221966347,6.181225221966347,6.181225221966347,1.1878752801169097,5.2035978232984155,1.4164542720183078e-07,26.022059225848256,False
4129,8137.25,4148.0,4,6.181162756298622,6.181162756298622,6.181162756298622,1.1895511274247124,5.196214449126175,1.416439957742622e-07,26.022070198038598,False
588,9103.25,2173.75,4,6.180272978161415,6.180272978161415,6.180272978161415,1.0255960531756292,6.02603038401423,1.41623606126606e-07,26.022226500973012,False
356,8790.25,2079.75,4,6.179200094555458,6.179200094555458,6.179200094555458,1.126363932191686,5.485971201627463,1.415990205385961e-07,26.022414999070065,False
4314,8988.0,4186.5,4,6.1761745627866595,6.1761745627866595,6.1761745627866595,1.0707736776492787,5.767955163359558,1.415296891804082e-07,26.022946740038964,False
4887,9278.5,2368.5,4,6.166552465771279,6.166552465771279,6.166552465771279,1.0297957486341371,5.98813160177661,1.413091947002075e-07,26.02463956872868,False
215,8566.5,2021.5,4,6.166518610333046,6.166518610333046,6.166518610333046,1.1684021583363726,5.277736408081643,1.4130841888831918e-07,26.024645529624358,False
3787,7976.0,4084.0,4,6.1654299911008685,6.1654299911008685,6.1654299911008685,1.1824944911260644,5.213918574140384,1.4128347271168513e-07,26.024837219251822,False
4039,8966.25,4132.0,4,6.165017050121865,6.165017050121865,6.165017050121865,1.1302016545357734,5.454793863891595,1.4127400999203335e-07,26.02490994086037,False
1149,9344.5,2485.5,4,6.15960208735331,6.15960208735331,6.15960208735331,0.9989908258500994,6.165824478029362,1.411499237976154e-07,26.0258640022294,False
3,8459.5,1907.5,4,6.15879003367289,6.15879003367289,6.15879003367289,1.035938049742598,5.945133529175011,1.4113131523922391e-07,26.02600715014573,False
125,8330.75,1986.75,4,6.1540469344602435,6.1540469344602435,6.1540469344602435,1.101154262767244,5.588723707970654,1.410226250863642e-07,26.026843635645534,False
1962,9425.5,3373.0,4,6.152456682537636,6.152456682537636,6.152456682537636,1.0435807840160647,5.895525077474909,1.4098618378146952e-07,26.027124234286777,False
2048,9205.5,3498.5,4,6.150999945019327,6.150999945019327,6.150999945019327,1.2438730535375506,4.945038344167038,1.4095280201641614e-07,26.02738133807797,False
4636,8607.25,4269.5,4,6.150556963299355,6.150556963299355,6.150556963299355,1.189494767490125,5.1707305751981085,1.4094265090029999e-07,26.02745953326825,False
4724,8083.5,4300.5,4,6.149386804913124,6.149386804913124,6.149386804913124,1.157084100004947,5.314554754392384,1.409158362189772e-07,26.02766611686782,False
90,8498.25,1964.25,4,6.145365160320839,6.145365160320839,6.145365160320839,1.0960422991171956,5.6068686083289005,1.4082367850818812e-07,26.0283764110331,False
2179,9379.0,3608.75,4,6.145143907879433,6.145143907879433,6.145143907879433,1.0444056497077479,5.883866972185573,1.4081860841359408e-07,26.028415501649242,False
634,8119.5,2191.5,4,6.141462725018105,6.141462725018105,6.141462725018105,1.181578404413941,5.197676855023641,1.4073425252940013e-07,26.029066095217974,False
1981,7541.5,3412.5,4,6.141022604321083,6.141022604321083,6.141022604321083,1.0130946641194116,6.0616473680264615,1.4072416697485208e-07,26.029143906013203,False
308,8442.5,2063.25,4,6.139829080914101,6.139829080914101,6.139829080914101,1.1874761611146445,5.170486180666437,1.4069681687405708e-07,26.02935494212234,False
493,8064.5,2138.5,4,6.1389617141233295,6.1389617141233295,6.1389617141233295,1.1143496449004409,5.509008543428756,1.4067694079201708e-07,26.029508333697265,False
1894,9442.0,3227.5,4,6.13840429148539,6.13840429148539,6.13840429148539,1.041525615340544,5.893666176878748,1.4066416721317995e-07,26.0296069238899,False
65,8347.25,1951.25,4,6.134518545483193,6.134518545483193,6.134518545483193,1.0746143273521191,5.708576918566519,1.405751236768721e-07,26.030294436606162,False
3887,7867.5,4105.5,4,6.132613581036171,6.132613581036171,6.132613581036171,1.0920447816320435,5.615716208882092,1.4053147059949454e-07,26.03063164482471,False
657,9003.5,2210.5,4,6.1295108016477435,6.1295108016477435,6.1295108016477435,1.1399062349977258,5.37720613630995,1.4046036907896993e-07,26.03118110915636,False
228,8141.5,2027.5,4,6.128891390179238,6.128891390179238,6.128891390179238,1.0429615148638063,5.876431011914731,1.4044617499949222e-07,26.031290832666333,False
3307,9115.25,3983.25,4,6.128842752789101,6.128842752789101,6.128842752789101,1.1299959075071344,5.423774291634243,1.4044506045283577e-07,26.031299448838748,False
4525,8298.75,4240.75,4,6.123040598248085,6.123040598248085,6.123040598248085,1.1928326209903923,5.133193451034404,1.4031210159287826e-07,26.03232779844692,False
4810,8334.0,4337.0,4,6.122007768963417,6.122007768963417,6.122007768963417,1.183412999268135,5.17317941644167,1.4028843386682075e-07,26.032510954955043,False
15,8664.75,1920.0,4,6.118375223492226,6.118375223492226,6.118375223492226,1.0470446508953537,5.843471162629266,1.4020519252928324e-07,26.033155376988525,False
2178,9264.0,3608.5,4,6.1177848990903705,6.1177848990903705,6.1177848990903705,1.1852977371492026,5.161390853410764,1.401916649924138e-07,26.033260138052405,False
448,9046.75,2118.0,4,6.117778700207314,6.117778700207314,6.117778700207314,1.0271209693673835,5.95623970560676,1.4019152294234975e-07,26.03326123818183,False
3740,7802.5,4073.5,4,6.117283743237099,6.117283743237099,6.117283743237099,1.0497938011967198,5.827128847840079,1.4018018079108117e-07,26.033349082883092,False
4516,8921.0,4236.5,4,6.116491716717324,6.116491716717324,6.116491716717324,1.0946184367487122,5.587784301244568,1.401620311636659e-07,26.033489666118687,False
2047,7505.0,3498.5,4,6.1156815703855365,6.1156815703855365,6.1156815703855365,0.982081200951332,6.227266711206099,1.401434663129864e-07,26.033633484422147,False
2131,9271.0,3578.5,4,6.1148904975400775,6.1148904975400775,6.1148904975400775,1.1860554868570763,5.1556529734910646,1.401253385394271e-07,26.033773935159093,False
763,9246.0,2366.5,4,6.113724153851113,6.113724153851113,6.113724153851113,1.0608411458286218,5.763091088511362,1.4009861127352836e-07,26.033981046366733,False
485,9093.75,2136.0,4,6.104978006695351,6.104978006695351,6.104978006695351,1.0061179204163972,6.0678553505624,1.398981895600717e-07,26.035535386609453,False
120,8319.5,1985.5,4,6.098911207531533,6.098911207531533,6.098911207531533,1.093936114635513,5.575198703046402,1.3975916625507176e-07,26.03661486937534,False
4204,8756.0,4163.5,4,6.096812170361122,6.096812170361122,6.096812170361122,1.1868886414789679,5.1368021879154195,1.397110659179964e-07,26.036988607054184,False
4644,8151.5,4273.5,4,6.094078939770302,6.094078939770302,6.094078939770302,1.1792072661197432,5.167945546861543,1.396484327666752e-07,26.037475457019678,False
4313,8949.5,4186.5,4,6.093082826946816,6.093082826946816,6.093082826946816,1.1053635082289843,5.512288746268787,1.3962560641407402e-07,26.03765294145446,False
1657,9448.0,2799.75,4,6.093071859692177,6.093071859692177,6.093071859692177,1.0214999233829622,5.964828503866538,1.3962535509472994e-07,26.03765489572892,False
4335,7919.5,4192.5,4,6.09110204539164,6.09110204539164,6.09110204539164,1.1017866566340617,5.528386106979954,1.3958021595514375e-07,26.038005957481328,False
627,9133.5,2189.0,4,6.088914316509804,6.088914316509804,6.088914316509804,1.0145306605013646,6.00170557043664,1.395300832094596e-07,26.0383959892199,False
1862,7563.25,3157.75,4,6.088809889172158,6.088809889172158,6.088809889172158,1.0394966896154958,5.857459624449959,1.3952769021222664e-07,26.038414610193627,False
1493,9422.0,2662.75,4,6.086152475689492,6.086152475689492,6.086152475689492,1.0263389265607943,5.929963599922938,1.3946679444245812e-07,26.038888574710064,False
678,7813.0,2337.5,4,6.0846828635679095,6.0846828635679095,6.0846828635679095,1.0649374956863724,5.713652574178747,1.3943311765034856e-07,26.03915077710631,False
263,8340.75,2041.75,4,6.079963129376015,6.079963129376015,6.079963129376015,1.1537075718075962,5.269934321268345,1.3932496291696106e-07,26.039993281943538,False
1770,9482.5,3000.5,4,6.079120081280312,6.079120081280312,6.079120081280312,0.9977722890963089,6.092692839551822,1.3930564410824927e-07,26.04014384063706,False
76,8527.0,1957.25,4,6.070845049236855,6.070845049236855,6.070845049236855,1.0869330778808362,5.585297910956042,1.3911601819966096e-07,26.04162277546161,False
1383,9198.0,2603.25,4,6.066371363018593,6.066371363018593,6.066371363018593,1.2059651020239264,5.030304237525304,1.3901350176112374e-07,26.04242316381276,False
3827,9055.0,4091.25,4,6.065330427502236,6.065330427502236,6.065330427502236,1.087038594923509,5.579682686362236,1.3898964827729013e-07,26.042609482500644,False
377,8332.0,2089.5,4,6.06283752283915,6.06283752283915,6.06283752283915,1.1798917092642367,5.138469467354633,1.3893252229768314e-07,26.043055821452565,False
3155,7953.5,3949.0,4,6.062629621838173,6.062629621838173,6.062629621838173,1.2099931002259356,5.0104662751433295,1.3892775815707321e-07,26.043093053114006,False
2292,9323.25,3670.75,4,6.0616606887327045,6.0616606887327045,6.0616606887327045,1.0974304017078818,5.523503521771598,1.389055546393683e-07,26.04326658999376,False
4217,9005.0,4166.75,4,6.045542162273964,6.045542162273964,6.045542162273964,1.0670497509572765,5.665661003013552,1.3853619169203565e-07,26.046157510101118,False
2761,9157.0,3849.5,4,6.045107286785683,6.045107286785683,6.045107286785683,1.1788440675727303,5.127995680745725,1.3852622633369565e-07,26.046235613442775,False
554,9134.5,2163.5,4,6.044002455090126,6.044002455090126,6.044002455090126,0.9963042078113565,6.066422692690782,1.3850090864150947e-07,26.04643406573595,False
4069,7902.25,4139.0,4,6.0432891067014545,6.0432891067014545,6.0432891067014545,1.107028021860428,5.459020898626703,1.3848456195721487e-07,26.046562218212316,False
1820,7520.5,3095.5,4,6.034950178478798,6.034950178478798,6.034950178478798,1.0065742734122716,5.995533899371785,1.38293471840274e-07,26.048061423105512,False
1625,9416.5,2771.5,4,6.0342606719480365,6.0342606719480365,6.0342606719480365,1.0529578184714967,5.73077151438748,1.3827767150237962e-07,26.048185477977693,False
116,8189.0,1982.75,4,6.027088087414345,6.027088087414345,6.027088087414345,1.0222358257894775,5.8959859705167315,1.381133086513375e-07,26.04947679883795,False
1796,9464.5,3056.5,4,6.025261801098427,6.025261801098427,6.025261801098427,1.0158283306602058,5.93137798901759,1.3807145851708065e-07,26.049805840926332,False
37,8650.5,1932.5,4,6.023266237591347,6.023266237591347,6.023266237591347,1.0619527945997003,5.671877571414837,1.3802572932338224e-07,26.050165495742487,False
345,9024.25,2075.25,4,6.022442262981972,6.022442262981972,6.022442262981972,1.0118183820299427,5.952098093829402,1.3800684759179066e-07,26.05031403313513,False
1935,9445.75,3321.25,4,6.014316004131874,6.014316004131874,6.014316004131874,1.0285390512695287,5.847435735870589,1.378206308847397e-07,26.05178003828161,False
553,8995.25,2163.75,4,6.013971727703652,6.013971727703652,6.013971727703652,1.1061501357285175,5.436849423467106,1.3781274164272056e-07,26.05184219066622,False
3572,9160.0,4039.5,4,6.0134405311094135,6.0134405311094135,6.0134405311094135,1.042767919230018,5.766806228129601,1.3780056904492364e-07,26.0519380948162,False
1900,7546.0,3238.5,4,6.009486597393593,6.009486597393593,6.009486597393593,1.0242148932209505,5.86740794062754,1.3770996295791118e-07,26.052652218605754,False
1303,9347.0,2555.5,4,6.007647436474404,6.007647436474404,6.007647436474404,1.047075217409767,5.737550976840038,1.3766781779659823e-07,26.05298455135769,False
4281,7910.5,4179.5,4,6.0052313025937885,6.0052313025937885,6.0052313025937885,1.099814285848051,5.4602230393499935,1.3761245105239994e-07,26.05342129664116,False
596,8683.25,2176.0,4,6.000405710552773,6.000405710552773,6.000405710552773,1.20426829256901,4.982615375310084,1.3750187054099546e-07,26.054294106682768,False
4344,8874.5,4193.5,4,5.997330587719521,5.997330587719521,5.997330587719521,1.1510523862946276,5.210302032408473,1.374314027822951e-07,26.054850673719123,False
547,8017.25,2163.25,4,5.995397966717324,5.995397966717324,5.995397966717324,1.1001752953793706,5.449493359737683,1.3738711594309326e-07,26.055200605196482,False
4635,8540.5,4268.0,4,5.9940432723508685,5.9940432723508685,5.9940432723508685,1.1955491032209635,5.013632025821559,1.3735607254063278e-07,26.055445961205486,False
4242,7894.5,4172.5,4,5.991897028301796,5.991897028301796,5.991897028301796,1.0914560839908531,5.489819623701883,1.37306890437685e-07,26.05583479259206,False
159,8809.0,2002.25,4,5.9747280295835345,5.9747280295835345,5.9747280295835345,1.0572996526608216,5.650931611059754,1.369134554679587e-07,26.05895029361401,False
155,8172.25,2003.0,4,5.962780397747597,5.962780397747597,5.962780397747597,1.0320375989750015,5.777677483523573,1.366396703598805e-07,26.061123608230826,False
562,7881.5,2166.5,4,5.961811464642128,5.961811464642128,5.961811464642128,0.9822935378340776,6.069276886202174,1.3661746684217557e-07,26.061300051293543,False
124,8298.75,1987.5,4,5.961393278454384,5.961393278454384,5.961393278454384,1.0834900925576232,5.5020284166902425,1.366078839263157e-07,26.061376212006092,False
2625,9334.0,3808.25,4,5.961248796795449,5.961248796795449,5.961248796795449,1.0022768203913788,5.947706936360797,1.366045730671304e-07,26.061402526470122,False
1459,7582.5,2649.0,4,5.959150236462197,5.959150236462197,5.959150236462197,0.9892766835024106,6.023744758002957,1.3655648365698303e-07,26.06178480947069,False
109,8380.25,1977.0,4,5.958813589428505,5.958813589428505,5.958813589428505,1.1115144279341755,5.360986272129065,1.3654876924581192e-07,26.061846147108252,False
68,8345.5,1954.0,4,5.9557413276182025,5.9557413276182025,5.9557413276182025,1.0767608733487577,5.531164323510079,1.364783670486796e-07,26.062406078381404,False
123,8676.25,1986.0,4,5.951122206066689,5.951122206066689,5.951122206066689,1.1143178677500563,5.3405965912426145,1.36372517897101e-07,26.06324847449018,False
3700,7861.25,4066.75,4,5.9497269805417865,5.9497269805417865,5.9497269805417865,1.1048597019038586,5.385052029944987,1.3634054570576014e-07,26.063503052436573,False
1840,9495.0,3117.75,4,5.9382452186094135,5.9382452186094135,5.9382452186094135,0.9844392750246804,6.0321092110638705,1.3607743620634228e-07,26.065600326604415,False
2269,9333.0,3661.5,4,5.93499795756205,5.93499795756205,5.93499795756205,1.0887570764953785,5.45116820426677,1.3600302382663233e-07,26.066194211345262,False
412,8816.5,2101.5,4,5.931089323376259,5.931089323376259,5.931089323376259,1.1348094228428116,5.22650693939277,1.3591345579778027e-07,26.06690948432441,False
80,8251.25,1960.75,4,5.929616850231728,5.929616850231728,5.929616850231728,1.0361647085406345,5.722658570936255,1.358797134441027e-07,26.067179066487288,False
711,7814.0,2351.5,4,5.928934973095497,5.928934973095497,5.928934973095497,1.0776934759660244,5.501504003984909,1.3586408793705643e-07,26.067303928056532,False
2857,9249.0,3877.25,4,5.923386495922646,5.923386495922646,5.923386495922646,1.0471544833663162,5.656650083644366,1.3573694220279726e-07,26.06832046865639,False
31,8669.0,1928.5,4,5.9226249869809955,5.9226249869809955,5.9226249869809955,1.0556077056823614,5.610630687043458,1.3571949189877423e-07,26.068460059577863,False
33,8708.5,1930.5,4,5.92249910197123,5.92249910197123,5.92249910197123,1.0495524853955962,5.642880355563093,1.3571660718978107e-07,26.068483137075695,False
4790,8376.5,4328.5,4,5.9183172400937885,5.9183172400937885,5.9183172400937885,1.1853677936371545,4.9928108995893705,1.3562077803118252e-07,26.069250043495195,False
194,8862.5,2013.5,4,5.916968267773232,5.916968267773232,5.916968267773232,1.03419217280712,5.721343115286529,1.3558986575185807e-07,26.069497545440626,False
2072,9318.5,3529.5,4,5.910360258434853,5.910360258434853,5.910360258434853,1.1523239252093014,5.129078837238695,1.3543844038357313e-07,26.070710762053437,False
3594,9132.5,4044.5,4,5.903844755505165,5.903844755505165,5.903844755505165,1.0611371224497956,5.5636963693016845,1.3528913483932105e-07,26.071908323485935,False
3493,7856.75,4024.0,4,5.901403826092324,5.901403826092324,5.901403826092324,1.129679942969267,5.223960877433115,1.3523319989486655e-07,26.072357311147016,False
1620,7588.5,2767.5,4,5.888754289959511,5.888754289959511,5.888754289959511,1.023784310641884,5.751948167937275,1.3494333034876592e-07,26.07468706185728,False
1611,7547.5,2758.5,4,5.8761467154966205,5.8761467154966205,5.8761467154966205,0.9849264394153416,5.966076734608462,1.3465442237232967e-07,26.077014069161816,False
2568,9293.5,3789.5,4,5.875177782391152,5.875177782391152,5.875177782391152,1.050423739889266,5.593150230030505,1.3463221885462473e-07,26.077193113788688,False
1045,9295.25,2443.0,4,5.874034326885781,5.874034326885781,5.874034326885781,1.0307139604380378,5.698995601446405,1.3460601608127018e-07,26.07740444558406,False
528,9058.0,2155.5,4,5.870832842205605,5.870832842205605,5.870832842205605,1.046405568842319,5.610475533593294,1.3453265268664867e-07,26.077996358265967,False
1689,9456.5,2845.5,4,5.86153547129496,5.86153547129496,5.86153547129496,1.0188858973365815,5.7528870373192,1.3431959944441892e-07,26.07971715223528,False
4606,8253.5,4262.0,4,5.854715746258339,5.854715746258339,5.854715746258339,1.1866946238486364,4.933632990828406,1.3416332252010005e-07,26.080981109976964,False
4159,9032.5,4154.5,4,5.851787012432656,5.851787012432656,5.851787012432656,1.0520484474876806,5.562279024703546,1.3409620932829703e-07,26.08152436913481,False
3653,7785.75,4059.0,4,5.846488874767861,5.846488874767861,5.846488874767861,1.0428520253158997,5.606249719845774,1.3397480023124018e-07,26.082507826924527,False
430,8879.25,2109.25,4,5.843572061871132,5.843572061871132,5.843572061871132,1.1230961784230826,5.203091395143003,1.339079602126373e-07,26.083049635807708,False
415,8850.5,2102.5,4,5.838505667065224,5.838505667065224,5.838505667065224,1.125285125203261,5.188467825886005,1.3379186160259058e-07,26.083991380716597,False
3670,7836.5,4061.5,4,5.8365115340696185,5.8365115340696185,5.8365115340696185,1.0852692493332377,5.377938735162196,1.337461651896762e-07,26.084362275658197,False
3071,9145.5,3930.5,4,5.829852026318154,5.829852026318154,5.829852026318154,1.1532806581865138,5.055015867070341,1.335935597131668e-07,26.08560181691191,False
1628,7533.0,2775.25,4,5.829748552654824,5.829748552654824,5.829748552654824,0.9754774007485242,5.9763030370374715,1.3359118856978981e-07,26.085621087744006,False
1613,7553.5,2760.5,4,5.829390924786171,5.829390924786171,5.829390924786171,0.9899754349501684,5.888419771829592,1.3358299337378652e-07,26.085687694636515,False
4100,9003.5,4142.0,4,5.821578424786171,5.821578424786171,5.821578424786171,1.0861181280041903,5.359986427520259,1.3340396658536248e-07,26.087143764962764,False
519,9071.5,2151.0,4,5.820218962048134,5.820218962048134,5.820218962048134,1.0328691717778133,5.635001141558087,1.3337281391362196e-07,26.08739733713403,False
1953,7553.75,3356.25,4,5.820126932476601,5.820126932476601,5.820126932476601,1.0263990669866332,5.670432797219599,1.3337070501651711e-07,26.087414504980867,False
4030,8083.5,4132.0,4,5.815464895580849,5.815464895580849,5.815464895580849,1.186213126714161,4.902546401328257,1.3326387244141812e-07,26.088284549683586,False
13,8368.5,1918.5,4,5.811610143993935,5.811610143993935,5.811610143993935,1.045834837141954,5.55691007566342,1.3317553915543057e-07,26.089004463074936,False
1699,7516.0,2859.75,4,5.809506815289101,5.809506815289101,5.809506815289101,0.9739777030695493,5.964722597837805,1.3312734047600318e-07,26.089397482120912,False
106,8728.5,1975.5,4,5.8037590201841205,5.8037590201841205,5.8037590201841205,1.0852413390963318,5.347897109242857,1.3299562728583818e-07,26.09047221679779,False
4160,7893.0,4155.5,4,5.801579874371132,5.801579874371132,5.801579874371132,1.0950702024978636,5.2979068018997175,1.3294569122485807e-07,26.09087995629664,False
4536,8087.75,4242.75,4,5.800845068310341,5.800845068310341,5.800845068310341,1.1655882920734362,4.976753033432895,1.329288528288033e-07,26.091017480227833,False
1779,9419.5,3014.5,4,5.79938308558329,5.79938308558329,5.79938308558329,1.0683479820094142,5.4283652735276915,1.328953508675418e-07,26.091291152015113,False
441,8061.5,2115.5,4,5.798368376110634,5.798368376110634,5.798368376110634,1.089811236742244,5.320525409009003,1.3287209836474847e-07,26.09148113829275,False
389,9050.0,2092.5,4,5.791542452190956,5.791542452190956,5.791542452190956,1.0073537762019658,5.749263653953685,1.3271567939036552e-07,26.092760035722975,False
4101,9056.0,4142.75,4,5.782632749889931,5.782632749889931,5.782632749889931,1.043956494413542,5.539151086117253,1.3251150974060337e-07,26.09443161717111,False
602,9149.5,2178.0,4,5.778371733044228,5.778371733044228,5.778371733044228,0.9960320995541238,5.801391075278528,1.3241386671195607e-07,26.09523195255283,False
410,8095.0,2100.5,4,5.776683729504189,5.776683729504189,5.776683729504189,1.097753454988978,5.262277885121472,1.3237518538682052e-07,26.09554916895671,False
4055,8998.5,4134.0,4,5.776405733440956,5.776405733440956,5.776405733440956,1.0973858159578689,5.263787493370268,1.3236881498779394e-07,26.09560141998301,False
3008,9267.5,3915.0,4,5.774411600445351,5.774411600445351,5.774411600445351,1.0096525097577251,5.719206900036301,1.3232311857487956e-07,26.095976302963034,False
3475,7796.5,4019.5,4,5.773245256756386,5.773245256756386,5.773245256756386,1.0735142555718746,5.377893425067658,1.322963913089808e-07,26.096195627383608,False
666,7800.0,2329.25,4,5.770243566845497,5.770243566845497,5.770243566845497,1.0435736494281533,5.529311294902296,1.3222760629719314e-07,26.096760282235355,False
3398,9163.0,4002.75,4,5.762406271313271,5.762406271313271,5.762406271313271,1.071455022372156,5.3781130808044075,1.3204801130851286e-07,26.09823595988725,False
2454,7602.5,3742.5,4,5.753027361248574,5.753027361248574,5.753027361248574,1.0193411911859787,5.6438682268447,1.3183308956159438e-07,26.100004547123298,False
28,8457.5,1928.5,4,5.748063486431679,5.748063486431679,5.748063486431679,1.0579145566160897,5.4333910526931275,1.317193402410686e-07,26.10094175542999,False
4221,8987.5,4167.5,4,5.743151586865029,5.743151586865029,5.743151586865029,1.0827626931574452,5.304164636590331,1.316067819556953e-07,26.101869947528815,False
1760,9472.0,2980.5,4,5.737750452374062,5.737750452374062,5.737750452374062,1.0089414051035561,5.686901561726618,1.3148301264218952e-07,26.10289150623146,False
66,8764.0,1951.75,4,5.733618181561074,5.733618181561074,5.733618181561074,1.046698821646582,5.477810868785931,1.313883198841034e-07,26.103673724354994,False
4028,9069.25,4131.5,4,5.727463167522988,5.727463167522988,5.727463167522988,1.0433570192017476,5.489456688473672,1.3124727509742266e-07,26.10483988346701,False
911,9287.75,2409.5,4,5.726118009899697,5.726118009899697,5.726118009899697,1.0313600419145534,5.552006842605695,1.3121645023352224e-07,26.10509491048726,False
1013,9278.0,2435.75,4,5.723961752270302,5.723961752270302,5.723961752270302,1.047401334725901,5.464917374549872,1.3116703866508636e-07,26.10550383811944,False
1607,7557.5,2753.5,4,5.712914388989052,5.712914388989052,5.712914388989052,0.9926182799527243,5.755399134157737,1.309138835970805e-07,26.10760135598426,False
1787,9425.5,3039.5,4,5.710657995556435,5.710657995556435,5.710657995556435,1.0603869426884553,5.38544729820786,1.308621773737637e-07,26.10803026700988,False
395,8978.0,2094.5,4,5.710090082501015,5.710090082501015,5.710090082501015,1.0551929115679586,5.411418158615315,1.3084916340251045e-07,26.1081382465856,False
3143,9191.75,3944.25,4,5.70820991358622,5.70820991358622,5.70820991358622,1.092050288985785,5.227057738236194,1.308060785253891e-07,26.108495807252424,False
396,8009.5,2095.25,4,5.680250089977822,5.680250089977822,5.680250089977822,1.0284887618609602,5.522909243752851,1.301653671749233e-07,26.113827002822937,False
131,8167.5,1989.5,4,5.678561609600624,5.678561609600624,5.678561609600624,1.0186084413027985,5.574822845899209,1.3012667492285973e-07,26.114149790864246,False
463,9091.5,2124.5,4,5.6658572371946185,5.6658572371946185,5.6658572371946185,1.000051000831231,5.6655682885025085,1.2983554878003857e-07,26.116581577460373,False
2469,7582.5,3749.5,4,5.664199274395546,5.664199274395546,5.664199274395546,0.9976704141441317,5.677425324128384,1.297975558513673e-07,26.116899335848977,False
52,8696.5,1946.0,4,5.659793775890908,5.659793775890908,5.659793775890908,1.0687218131116352,5.295853145742525,1.2969660196353466e-07,26.117744127866523,False
320,8783.5,2067.5,4,5.656711977337441,5.656711977337441,5.656711977337441,1.1203116487229468,5.049230706282111,1.2962598122784226e-07,26.118335480077345,False
1402,9403.25,2610.25,4,5.654965322826943,5.654965322826943,5.654965322826943,1.0265616554712327,5.508646551025802,1.2958595589056216e-07,26.11867078067053,False
46,8320.5,1942.5,4,5.652932566021523,5.652932566021523,5.652932566021523,1.0557298716449688,5.354525544695913,1.295393743964794e-07,26.119061133980153,False
2127,7519.75,3571.0,4,5.652353685711464,5.652353685711464,5.652353685711464,0.9790696241751029,5.7731886948017115,1.2952610910588207e-07,26.119172322904944,False
3363,7821.25,3996.75,4,5.6488846953855365,5.6488846953855365,5.6488846953855365,1.1149284818840304,5.0665892809913045,1.2944661570465008e-07,26.11983887083219,False
104,8782.5,1974.75,4,5.640862387035927,5.640862387035927,5.640862387035927,1.0542181217559035,5.3507545266253995,1.292627810679041e-07,26.121381883624824,False
4027,8962.0,4130.5,4,5.636822145794472,5.636822145794472,5.636822145794472,1.1354743348176808,4.964288467779025,1.2917019720692285e-07,26.122159815720142,False
1391,7626.5,2607.5,4,5.6278814490781635,5.6278814490781635,5.6278814490781635,1.0121508029193764,5.5603191074348794,1.2896531730684041e-07,26.12388329474065,False
541,8978.5,2160.5,4,5.6087469275937885,5.6087469275937885,5.6087469275937885,1.1166959248497843,5.0226268429772105,1.2852684153987996e-07,26.127581034333144,False
1655,7517.75,2797.0,4,5.607253473614296,5.607253473614296,5.607253473614296,0.9669887450231537,5.79867501299618,1.284926184013702e-07,26.12787017431304,False
205,8275.0,2018.75,4,5.604058187817177,5.604058187817177,5.604058187817177,1.092137917059535,5.1312733495285165,1.2841939705681274e-07,26.128489055969915,False
1753,9486.5,2964.5,4,5.593319815014443,5.593319815014443,5.593319815014443,0.9943785605367459,5.624940075131225,1.2817332263815372e-07,26.130571515578485,False
62,8256.5,1949.5,4,5.583473604534706,5.583473604534706,5.583473604534706,1.0308950580941987,5.416141595301462,1.2794769250179092e-07,26.13248447747404,False
1977,9456.75,3404.0,4,5.574328344677529,5.574328344677529,5.574328344677529,1.0033812486673372,5.555543670046849,1.2773812494959458e-07,26.13426427998309,False
575,9017.5,2170.5,4,5.567255419109902,5.567255419109902,5.567255419109902,1.093442789392904,5.091492186985774,1.2757604582650538e-07,26.135642779226416,False
1506,7576.0,2671.75,4,5.561680715893349,5.561680715893349,5.561680715893349,0.9917882960378834,5.607729732355008,1.2744829911120597e-07,26.13673051259928,False
4566,8927.0,4250.5,4,5.542676847790322,5.542676847790322,5.542676847790322,1.0821909243976173,5.121718102446254,1.2701281732251873e-07,26.140446748798524,False
86,8219.5,1964.5,4,5.522773187969765,5.522773187969765,5.522773187969765,1.022749071132446,5.39992980082068,1.2655671642068721e-07,26.14435262651888,False
1750,9499.25,2961.25,4,5.49866287073954,5.49866287073954,5.49866287073954,0.9816465321522082,5.601469256641709,1.260042181600009e-07,26.149102912406008,False
511,7924.5,2146.5,4,5.496734541271767,5.496734541271767,5.496734541271767,1.0006250485301194,5.493300961580228,1.259600296631511e-07,26.149483736683816,False
334,8850.0,2072.25,4,5.490738790844521,5.490738790844521,5.490738790844521,1.0951621353912293,5.013630962399044,1.258226344704238e-07,26.15066868681074,False
546,7898.5,2162.5,4,5.481851023052773,5.481851023052773,5.481851023052773,0.9922154043410586,5.52485982284596,1.2561896745934985e-07,26.152427573918526,False
224,8853.75,2024.75,4,5.481089990948281,5.481089990948281,5.481089990948281,1.0481405675917224,5.229346292303139,1.2560152808225484e-07,26.15257831451069,False
2180,9422.75,3608.75,4,5.466617983196816,5.466617983196816,5.466617983196816,0.9940408671804861,5.499389576107088,1.2526989581732139e-07,26.1554488316931,False
4126,9055.5,4146.5,4,5.442729872082314,5.442729872082314,5.442729872082314,1.041893511995376,5.223883064267002,1.2472248950508513e-07,26.160203694934605,False
1646,9449.5,2789.5,4,5.416710775707802,5.416710775707802,5.416710775707802,1.0183001517033143,5.319365578653063,1.241262507515972e-07,26.165406528105105,False
156,8210.5,2002.5,4,5.414187353466591,5.414187353466591,5.414187353466591,1.046595690645647,5.173141263486923,1.2406842544859794e-07,26.16591244569459,False
1057,9327.5,2446.5,4,5.388084333752236,5.388084333752236,5.388084333752236,0.9995850633381794,5.390320975543969,1.2347026355578123e-07,26.17115968433862,False
126,8784.0,1986.5,4,5.3795928176389545,5.3795928176389545,5.3795928176389545,1.062300374586451,5.064097637858037,1.2327567682187894e-07,26.172872133227845,False
1985,7502.75,3419.0,4,5.3651346381650775,5.3651346381650775,5.3651346381650775,0.9889939033197925,5.4248409622705775,1.2294436143785762e-07,26.175794083263092,False
469,9075.0,2128.5,4,5.351938169811806,5.351938169811806,5.351938169811806,1.014341957317276,5.276266185386407,1.2264195870533593e-07,26.178467927318138,False
490,9083.75,2136.75,4,5.346465032909951,5.346465032909951,5.346465032909951,1.0137557966275383,5.273918088257584,1.2251653942570145e-07,26.179578818970608,False
4239,9012.5,4170.5,4,5.290521066998085,5.290521066998085,5.290521066998085,1.0582173830654396,4.999465281578088,1.2123455945144162e-07,26.190999525685,False
1934,7486.0,3321.5,4,5.2367095168577045,5.2367095168577045,5.2367095168577045,0.981339114465083,5.336289402580449,1.200014446992174e-07,26.202099435889807,False
1878,9458.75,3187.75,4,5.235130709026894,5.235130709026894,5.235130709026894,1.0231486824471432,5.116686165793255,1.1996526564059486e-07,26.20242682225138,False
2992,9271.5,3910.5,4,5.211530607555947,5.211530607555947,5.211530607555947,1.0065092242030802,5.177826970917489,1.1942445919287324e-07,26.207332414079595,False
3530,9184.5,4031.5,4,5.204294603680214,5.204294603680214,5.204294603680214,1.030280985035223,5.051335198137517,1.1925864306040652e-07,26.208840963328498,False
487,7964.5,2137.0,4,5.170829695080361,5.170829695080361,5.170829695080361,1.0270115226902803,5.034831236883549,1.1849178032612993e-07,26.21584506040042,False
262,8919.5,2040.5,4,5.113819521282753,5.113819521282753,5.113819521282753,1.033141294723469,4.949777486777856,1.1718536774085224e-07,26.227882154214576,False
1581,9458.5,2733.5,4,5.101655405376992,5.101655405376992,5.101655405376992,0.9996895521566975,5.103239695134201,1.1690662180746008e-07,26.230467844527485,False
1377,7602.5,2599.5,4,5.059895914410195,5.059895914410195,5.059895914410195,0.9835840459897737,5.1443452494376904,1.1594968516054702e-07,26.239391687954647,False
1481,7593.0,2658.5,4,5.054694574688515,5.054694574688515,5.054694574688515,1.002714970039907,5.041008387944326,1.1583049422987506e-07,26.240508348753316,False
2392,9374.5,3719.5,4,4.999452989910683,4.999452989910683,4.999452989910683,1.0142429834438746,4.929245823259214,1.1456460962056567e-07,26.252439423322066,False
