label,xcentroid,ycentroid,area_pix,flux_img_signed,flux_img_positive,flux_img_adopted,flux_err_img,snr,flux_jy,mag_ab,mask_brighter_than_mcut
1155,7880.8644859813085,2839.5981308411215,214,2872.3639467060566,2872.3639467060566,2872.3639467060566,11.197394948859078,256.52073181528056,6.582322336630132e-05,19.354117757532162,True
3631,8466.173913043478,4005.1345755693583,483,2230.7969598919153,2230.7969598919153,2230.7969598919153,15.391049399780048,144.9411863965426,5.112104499996294e-05,19.628566314909165,True
2578,8326.647887323943,3862.845070422535,71,1503.7306262999773,1503.7306262999773,1503.7306262999773,7.571121037701006,198.61399901177512,3.4459559698623646e-05,20.05679131222999,True
2031,8153.238805970149,3591.3432835820895,67,1183.527168765664,1183.527168765664,1183.527168765664,11.450850387159099,103.35714193706198,2.7121762644001316e-05,20.316770844979803,True
1864,8041.311111111111,3482.0,45,796.9296843856573,796.9296843856573,796.9296843856573,7.620677773804955,104.57464651306934,1.8262477038367195e-05,20.746166415034722,True
762,9250.746835443038,2614.8987341772154,79,649.3153978139162,649.3153978139162,649.3153978139162,5.239949745418807,123.91634068277104,1.487974130663255e-05,20.968577170278856,True
3599,9490.821782178218,3400.6237623762377,101,634.3761142343283,634.3761142343283,634.3761142343283,5.271040413604212,120.35121426825808,1.4537392001935486e-05,20.993849368828794,True
1388,7836.950819672131,3013.360655737705,61,621.2929501384497,621.2929501384497,621.2929501384497,6.5504958348460995,94.84670562393337,1.4237577616084918e-05,21.016475360662582,True
244,8726.126984126984,2366.1111111111113,63,545.5866444855928,545.5866444855928,545.5866444855928,5.02960847049741,108.47497328785838,1.2502688458692414e-05,21.157557098315486,True
3400,8385.277777777777,4192.833333333334,54,468.6582262814045,468.6582262814045,468.6582262814045,4.3426986476729965,107.91866171338681,1.0739793314267068e-05,21.322575813504912,True
2988,8510.68253968254,4026.0476190476193,63,425.46481592953205,425.46481592953205,425.46481592953205,5.3515333814550745,79.50334709747223,9.7499711502603e-06,21.427557295677246,True
603,8304.2,2534.4222222222224,45,424.0583855956793,424.0583855956793,424.0583855956793,6.017810549717448,70.46722094227275,9.717741328506515e-06,21.43115228572649,True
1334,8026.054054054054,2960.675675675676,37,416.09934936463833,416.09934936463833,416.09934936463833,8.579353349452267,48.50008298017046,9.535351690794667e-06,21.451723833060328,True
394,8381.97619047619,2430.214285714286,42,382.9767563045025,382.9767563045025,382.9767563045025,5.20736778287255,73.5451714327042,8.776312835718988e-06,21.54178538360801,True
1437,8420.5,3049.5,12,365.5133915543556,365.5133915543556,365.5133915543556,30.812990538530556,11.862314730447668,8.37612157165779e-06,21.59245819203406,True
1794,7562.675675675676,3431.054054054054,74,365.4317290484905,365.4317290484905,365.4317290484905,4.928475624364598,74.14700952195614,8.374250189944349e-06,21.592700792845143,True
636,8886.642857142857,2548.309523809524,42,363.2958881556988,363.2958881556988,363.2958881556988,4.588758247165934,79.17084940791426,8.325305162514127e-06,21.59906521864805,True
303,8589.173076923076,2396.5,52,354.3300628066063,354.3300628066063,354.3300628066063,5.339975880055209,66.35424405754861,8.119843899399005e-06,21.626196421802838,True
2051,9401.0,3602.0,45,329.02779315412045,329.02779315412045,329.02779315412045,3.7805370652428194,87.0320241478673,7.540015932640168e-06,21.706634963360315,True
1703,9106.0,3326.2444444444445,45,322.41168378293514,322.41168378293514,322.41168378293514,5.694041671160134,56.62264212359466,7.388400868172163e-06,21.728689495605302,True
108,8254.595238095239,2137.9523809523807,42,322.1250011622906,322.1250011622906,322.1250011622906,3.525652963774484,91.36605459246076,7.381831236146401e-06,21.72965534201344,True
1816,8058.40625,3448.84375,32,316.9812226295471,316.9812226295471,316.9812226295471,7.337391283810679,43.20080671299878,7.263956172404624e-06,21.74713258434639,True
3632,8468.825396825398,4023.126984126984,126,307.8709580004215,307.8709580004215,307.8709580004215,7.603416849131268,40.49113235657959,7.055184932152591e-06,21.77879461711274,True
599,9036.48717948718,2531.846153846154,39,307.1906349211931,307.1906349211931,307.1906349211931,3.799161457554063,80.8574835139977,7.03959461740273e-06,21.78119649590924,True
3357,7885.333333333333,4168.458333333334,48,299.43027091026306,299.43027091026306,299.43027091026306,3.548504603025186,84.38210018242374,6.861757761359108e-06,21.80897716673512,True
1198,8568.0,2854.0,9,297.2661757916212,297.2661757916212,297.2661757916212,19.985455871515487,14.874125349089656,6.812165258799103e-06,21.816852684466138,True
621,8230.28205128205,2544.6153846153848,39,295.4358183890581,295.4358183890581,295.4358183890581,5.149172322854931,57.37539935840704,6.770220704980554e-06,21.82355855566803,True
3614,9383.74358974359,3748.128205128205,39,243.8360573798418,243.8360573798418,243.8360573798418,3.1625631036844597,77.100772185626,5.587758225442619e-06,22.031971605962006,True
664,7812.854838709677,2557.1935483870966,62,225.76809707283974,225.76809707283974,225.76809707283974,4.6584475693994,48.464234857095825,5.173712021992284e-06,22.115559993656166,True
1820,8984.125,3450.625,24,216.86598217487335,216.86598217487335,216.86598217487335,5.395256836101957,40.19567348930099,4.969710750484442e-06,22.159237841155193,True
505,8483.58620689655,2485.7241379310344,29,213.62658022344112,213.62658022344112,213.62658022344112,4.874834790843963,43.8223220661098,4.895476467441417e-06,22.175578204145587,True
1655,8368.166666666666,3274.833333333333,6,205.67209723591805,205.67209723591805,205.67209723591805,21.788074558431884,9.439663733678747,4.713191172065944e-06,22.21677798337035,True
2487,9070.64705882353,3822.5588235294117,34,199.7166174352169,199.7166174352169,199.7166174352169,3.5356475198880175,56.48657461237607,4.576715125002133e-06,22.24868092013574,True
145,8355.333333333334,2166.8,30,190.91133180260658,190.91133180260658,190.91133180260658,3.155067273001062,60.50943301155478,4.374932797360801e-06,22.297637156577565,True
859,9108.823529411764,2661.2941176470586,34,187.5763781964779,187.5763781964779,187.5763781964779,3.6244829803924943,51.75258904820828,4.298508848235483e-06,22.31677105966814,True
1985,8110.538461538462,3558.0,26,177.3425564467907,177.3425564467907,177.3425564467907,6.422037074965386,27.614688980559418,4.063990121702564e-06,22.377684013176776,True
1180,8589.714285714286,2845.0,7,175.2731887847185,175.2731887847185,175.2731887847185,15.333421148576726,11.430794673045792,4.016568397862943e-06,22.390427704950184,True
1131,7642.305555555556,2819.6944444444443,36,162.536006629467,162.536006629467,162.536006629467,3.5440159702397587,45.86209768644783,3.7246825499626997e-06,22.472342461567706,True
170,8165.15625,2192.75,32,159.9198513031006,159.9198513031006,159.9198513031006,3.1728225175183433,50.403024568857255,3.664730615039608e-06,22.489960481593528,True
1427,8344.0,3042.0,5,154.82592092454433,154.82592092454433,154.82592092454433,19.889699867095924,7.784226104923639,3.547997873875451e-06,22.525107245006204,True
2662,8570.111111111111,3899.5555555555557,27,154.06808342039585,154.06808342039585,154.06808342039585,4.549845431743416,33.86226757188098,3.5306312350245034e-06,22.530434724691,True
1722,9132.57142857143,3347.285714285714,28,147.04660779237747,147.04660779237747,147.04660779237747,4.146929550876486,35.45915260636584,3.369726778904274e-06,22.581078899202222,True
484,8083.121951219512,2475.2926829268295,41,143.13484339416027,143.13484339416027,143.13484339416027,4.284884023739896,33.404601525067775,3.2800846073279757e-06,22.610353006888882,True
3591,7912.292682926829,2844.048780487805,41,129.58676056563854,129.58676056563854,129.58676056563854,5.167828826866054,25.07566812042115,2.9696161225701156e-06,22.7183148412658,True
1735,8488.5,3354.5,4,128.52620762586594,128.52620762586594,128.52620762586594,17.789888381958008,7.224677573368786,2.9453124429732125e-06,22.727237191909314,True
1344,9249.60606060606,2970.212121212121,33,126.36815898120403,126.36815898120403,126.36815898120403,3.6026328500746265,35.07661319931238,2.8958585016870384e-06,22.745622278743834,True
3421,8323.333333333334,4203.939393939394,33,124.45138327777386,124.45138327777386,124.45138327777386,3.3924549317532677,36.68475654986982,2.851933582139615e-06,22.76221710443622,True
853,8546.285714285714,2658.5,14,122.78991833329201,122.78991833329201,122.78991833329201,6.144785810557508,19.98278249541646,2.813859375602758e-06,22.776809648531312,True
2603,8419.157894736842,3874.842105263158,19,118.88014341890812,118.88014341890812,118.88014341890812,4.31601660051986,27.543949530821806,2.724262795128832e-06,22.811943123936818,True
2136,8163.214285714285,3641.642857142857,14,116.74578610062599,116.74578610062599,116.74578610062599,4.704138215555565,24.817677702277752,2.6753517653598176e-06,22.831613390304177,True
2608,9320.25,3877.5555555555557,36,115.56352299451828,115.56352299451828,115.56352299451828,3.134562945980872,36.86750752371826,2.648258970033408e-06,22.84266449234458,True
1769,7866.545454545455,3390.636363636364,22,100.38705518841743,100.38705518841743,100.38705518841743,3.9943954678320814,25.131977040546143,2.3004743407707965e-06,22.99552213839082,True
3636,7913.931034482759,4196.396551724138,58,99.49739357829094,99.49739357829094,99.49739357829094,3.9441303285928817,25.226700258099203,2.280086814687643e-06,23.005187164406088,True
3637,7923.568181818182,4203.25,44,98.84397846460342,98.84397846460342,98.84397846460342,3.450960947746168,28.642450598914685,2.265113124104842e-06,23.01234088130229,True
2493,8315.5,3824.285714285714,14,91.90082970261574,91.90082970261574,91.90082970261574,3.6640273080773307,25.08191723899568,2.1060036100232883e-06,23.09141784403338,True
3330,8762.869565217392,4154.434782608696,23,89.9613894969225,89.9613894969225,89.9613894969225,2.8321642790166695,31.764184783856248,2.0615593097070527e-06,23.114576038072094,True
2674,8402.380952380952,3902.3809523809523,21,86.70422135293484,86.70422135293484,86.70422135293484,4.1114894275680225,21.088275400046705,1.986917895784153e-06,23.154615818806384,True
783,9343.64,2623.32,25,85.28146104514599,85.28146104514599,85.28146104514599,2.643032320988731,32.2665221941906,1.9543138556019576e-06,23.172579844589983,True
3590,7915.642857142857,2838.285714285714,28,85.18596917390823,85.18596917390823,85.18596917390823,4.277729155623667,19.913829528435546,1.9521255595201337e-06,23.173796252822036,True
1134,9082.117647058823,2819.8823529411766,17,76.72797386348248,76.72797386348248,76.72797386348248,2.8955840444190573,26.498272088274494,1.7583017527606428e-06,23.287332099713872,True
1880,9096.5,3490.125,16,74.2227189540863,74.2227189540863,74.2227189540863,3.065428327473465,24.21283782395946,1.7008912168569964e-06,23.323374275977848,True
1648,9362.777777777777,3270.5,18,73.57571277022362,73.57571277022362,73.57571277022362,2.506296279828288,29.356350788369067,1.6860643936027183e-06,23.33288022969759,True
1285,8880.0,2917.0,11,72.2049693018198,72.2049693018198,72.2049693018198,4.608283054256475,15.668518719814127,1.6546523736871666e-06,23.35329870562405,True
901,7934.133333333333,2682.2,15,71.08762510120869,71.08762510120869,71.08762510120869,2.808757146782804,25.309281431694302,1.6290472629635732e-06,23.370231410979162,True
1485,7558.882352941177,3091.4117647058824,17,70.7744082659483,70.7744082659483,70.7744082659483,2.3951004956821205,29.549661232812642,1.621869571664017e-06,23.375025807372694,True
3054,8943.733333333334,4047.733333333333,30,60.35818925499916,60.35818925499916,60.35818925499916,3.2352599118383663,18.656364836141382,1.3831710211630337e-06,23.547875918654913,True
2618,9305.677419354839,3881.741935483871,31,56.956288650631905,56.956288650631905,56.956288650631905,2.958142254972229,19.25407358449251,1.3052129115690142e-06,23.61086221900183,True
1162,8041.416666666667,2835.5833333333335,12,55.09222608804703,55.09222608804703,55.09222608804703,3.658048878323982,15.060549467914376,1.2624959687642935e-06,23.646990622129675,True
659,8098.5,2554.4444444444443,18,51.282407850027084,51.282407850027084,51.282407850027084,3.2557229850975786,15.751465368755898,1.175190000050344e-06,23.7247954040551,True
3593,7911.739130434783,2858.0434782608695,23,50.29094214737415,50.29094214737415,50.29094214737415,3.907128550320567,12.87158625565262,1.152469526734074e-06,23.745991995471197,True
1609,8876.5,3226.5,4,49.591589629650116,49.591589629650116,49.591589629650116,7.477663004820151,6.631963702788298,1.136443132502687e-06,23.761196350898338,True
1326,9486.814814814814,2957.3333333333335,27,49.18181385099888,49.18181385099888,49.18181385099888,2.738392428093974,17.960104383297356,1.12705269204712e-06,23.770205070564565,True
2999,8871.6,4029.2,15,48.22327049076557,48.22327049076557,48.22327049076557,2.2932410354402553,21.028435190855415,1.1050866686331035e-06,23.791574772855903,True
1098,8610.0,2798.75,4,48.06134098768234,48.06134098768234,48.06134098768234,7.7072927906513495,6.235826546771248,1.1013758847461017e-06,23.79522671447299,True
3592,7914.117647058823,2849.235294117647,17,47.67282573878765,47.67282573878765,47.67282573878765,3.3491691148000537,14.234224700126477,1.0924726515612763e-06,23.804039187637613,True
876,9415.2,2667.52,25,47.42849712073803,47.42849712073803,47.42849712073803,2.531556045538159,18.734918867125323,1.086873605793033e-06,23.809618016662313,True
1713,9013.0,3336.0,9,47.00495772063732,47.00495772063732,47.00495772063732,3.554025945144436,13.225834151508153,1.077167757559828e-06,23.819357258863313,True
3619,9344.5,3845.0,20,45.00384420156479,45.00384420156479,45.00384420156479,2.284652721299811,19.69833042107191,1.0313101487779434e-06,23.866592393488904,True
3609,9182.739130434782,3692.304347826087,23,44.235306695103645,44.235306695103645,44.235306695103645,2.839306675468982,15.579615642539594,1.0136983081853943e-06,23.885293818086776,True
2934,8481.0,4005.0,19,42.98111464083195,42.98111464083195,42.98111464083195,3.044134347650343,14.119322517420269,9.849571857982965e-07,23.91652223988506,True
3563,8655.909090909092,4340.636363636364,11,42.59902800619602,42.59902800619602,42.59902800619602,1.9252017464282924,22.12704620969068,9.76201271031381e-07,23.926217200332246,True
3418,7936.142857142857,4201.809523809524,21,42.594828233122826,42.594828233122826,42.594828233122826,2.4056280128646694,17.70632367321,9.761050288398572e-07,23.926324246682356,True
1097,8001.5625,2800.1875,16,42.03508162498474,42.03508162498474,42.03508162498474,3.6739487280297722,11.441390377684145,9.63277850007504e-07,23.940686687128206,True
1952,7899.0,3542.166666666667,18,40.18473443388939,40.18473443388939,40.18473443388939,3.2472438806334436,12.375028150349614,9.208752092821358e-07,23.989563668375684,True
3515,8236.714285714286,4266.5,14,40.16948166489601,40.16948166489601,40.16948166489601,2.2048845370808707,18.218405993303346,9.205256761313814e-07,23.989975855427513,True
543,8843.631578947368,2504.421052631579,19,39.41867758333683,39.41867758333683,39.41867758333683,2.97364134401125,13.256029568839523,9.033202155136644e-07,24.010461298605875,True
1469,9487.684210526317,3078.210526315789,19,38.07213570177555,38.07213570177555,38.07213570177555,2.3196723653919005,16.41272115398219,8.724628002673374e-07,24.048198325419197,True
802,8978.0,2634.4666666666667,15,37.15888173878193,37.15888173878193,37.15888173878193,2.676422255386342,13.883788951462758,8.515346307485599e-07,24.07455983523159,True
3612,9201.631578947368,3697.105263157895,19,35.97609116137028,35.97609116137028,35.97609116137028,2.578432789681433,13.95269688833547,8.244297478656628e-07,24.10968148723136,True
2411,8990.058823529413,3787.0588235294117,17,35.94648353755474,35.94648353755474,35.94648353755474,2.7247612394552565,13.192526015505594,8.237512582063039e-07,24.11057539491094,True
951,9062.875,2715.6875,16,35.892608404159546,35.892608404159546,35.892608404159546,2.6685568328389726,13.45019448807272,8.225166531892664e-07,24.112203873006873,True
2017,8668.5,3580.5,4,35.85619229078293,35.85619229078293,35.85619229078293,4.826180383791517,7.429517639084552,8.216821398722229e-07,24.113306004213015,True
3629,8453.92857142857,3984.285714285714,14,35.38953056931496,35.38953056931496,35.38953056931496,2.761760278186732,12.814121069389262,8.109880985534288e-07,24.127529420078936,True
1243,9407.058823529413,2887.0,17,35.29328243434429,35.29328243434429,35.29328243434429,2.3885924216927257,14.77576589200303,8.087824718973676e-07,24.130486295871663,True
2768,8554.076923076924,3937.7692307692305,13,34.801453813910484,34.801453813910484,34.801453813910484,2.932204961990895,11.868697538210682,7.975117047726516e-07,24.14572295790943,True
668,9200.29411764706,2558.764705882353,17,34.12410347163677,34.12410347163677,34.12410347163677,2.4324306806933564,14.028808196873182,7.81989513398591e-07,24.16706329942693,True
1808,9147.384615384615,3444.4615384615386,13,33.98298667371273,33.98298667371273,33.98298667371273,2.6022992832657064,13.058831046929553,7.787556744134083e-07,24.171562561854284,True
3441,8394.1875,4218.0625,16,33.047459840774536,33.047459840774536,33.047459840774536,2.3619774747599096,13.99143734176963,7.57317098789913e-07,24.201871216070842,True
2060,9408.64705882353,3607.7058823529414,17,32.481137201189995,32.481137201189995,32.481137201189995,2.290553585218116,14.180474716157757,7.443392233206448e-07,24.220638359892938,True
3562,8540.875,4337.875,8,32.39476954936981,32.39476954936981,32.39476954936981,1.6675667825558205,19.426370138963488,7.423600182676424e-07,24.223529187831858,True
3299,8442.25,4140.375,16,32.386922121047974,32.386922121047974,32.386922121047974,2.3694192397212066,13.668717455362067,7.421801862418743e-07,24.223792232431812,True
1994,9280.5625,3562.375,16,32.31347632408142,32.31347632408142,32.31347632408142,2.367288503225872,13.649995038647925,7.40497099004761e-07,24.22625721864589,True
1600,7552.941176470588,3220.470588235294,17,32.17299644649029,32.17299644649029,32.17299644649029,2.3717720961878515,13.564961194290941,7.372778557150115e-07,24.230987647334604,True
182,7863.055555555556,2329.8888888888887,18,32.0384221971035,32.0384221971035,32.0384221971035,2.1997289956521313,14.564713317153595,7.341939460708673e-07,24.235538624459885,True
744,8850.166666666666,2604.5,12,31.882380545139313,31.882380545139313,31.882380545139313,2.866550048213631,11.122213116428123,7.306180884489723e-07,24.240839571890564,True
3610,9178.75,3696.875,16,31.748781442642212,31.748781442642212,31.748781442642212,2.3685048112672624,13.404567004301379,7.275565253154812e-07,24.245398771852283,True
751,8021.111111111111,2608.3333333333335,9,31.612596079707146,31.612596079707146,31.612596079707146,2.181401119107166,14.49187671300269,7.244356953196948e-07,24.250066019079846,True
318,7918.277777777777,2406.3333333333335,18,31.463209718465805,31.463209718465805,31.463209718465805,2.503856705228217,12.565898700500137,7.210123506439117e-07,24.255208862111402,True
179,7855.909090909091,2327.6363636363635,11,31.439410105347633,31.439410105347633,31.439410105347633,1.7063387946958704,18.42506904436363,7.204669576229105e-07,24.256030452783683,True
2762,8441.583333333334,3937.083333333333,12,31.054075300693512,31.054075300693512,31.054075300693512,2.8732626168030975,10.807948817169198,7.116366076435337e-07,24.269419920433744,True
2441,9139.733333333334,3800.333333333333,15,31.04570396244526,31.04570396244526,31.04570396244526,2.29401381962583,13.53335524696579,7.114447696739681e-07,24.269712644987077,True
359,7805.0,2418.866666666667,15,30.87097080051899,30.87097080051899,30.87097080051899,2.1441432500329847,14.397811713393722,7.074405765562531e-07,24.27584070740117,True
3156,8610.4375,4084.0625,16,30.638238191604614,30.638238191604614,30.638238191604614,2.5343934663614154,12.088982471846172,7.021072654628728e-07,24.28405695435119,True
752,9072.375,2607.8125,16,30.50992465019226,30.50992465019226,30.50992465019226,2.4917218951425437,12.244514409761962,6.991668264885597e-07,24.288613587142084,True
692,9273.411764705883,2570.0,17,29.625986024737358,29.625986024737358,29.625986024737358,2.284620893132528,12.967572043918446,6.789104485834746e-07,24.32053439074492,True
2292,9202.857142857143,3728.642857142857,14,29.543139845132828,29.543139845132828,29.543139845132828,2.2127654366876595,13.351229802900685,6.770119417485705e-07,24.323574799203904,True
500,9257.23076923077,2479.846153846154,13,29.504570707678795,29.504570707678795,29.504570707678795,1.854526165930511,15.909492812615474,6.761280896334533e-07,24.324993174767787,True
2990,9032.25,4023.6875,16,29.317221879959106,29.317221879959106,29.317221879959106,2.3589379103884456,12.428144781111024,6.718347953423348e-07,24.33190939013823,True
1548,9269.3,3158.7,10,29.290763586759567,29.290763586759567,29.290763586759567,1.9476316003489464,15.039170437320745,6.71228475887183e-07,24.33288969098173,True
568,8040.846153846154,2515.6153846153848,13,29.276167139410973,29.276167139410973,29.276167139410973,2.4390183364696716,12.00325831981502,6.708939830332107e-07,24.3334308800616,True
1696,9346.142857142857,3317.0714285714284,14,29.05366125702858,29.05366125702858,29.05366125702858,2.212163680244537,13.133594731930925,6.657950280720304e-07,24.341714253104385,True
2223,7587.764705882353,3688.235294117647,17,28.763875409960747,28.763875409960747,28.763875409960747,2.2291480390709815,12.90352857047052,6.591542823678473e-07,24.35259792745545,True
2138,7865.5,3642.25,12,28.66773945093155,28.66773945093155,28.66773945093155,2.3388863464506384,12.257004062825066,6.569512263407832e-07,24.356232803091103,True
3542,8816.0,4302.692307692308,13,28.657750353217125,28.657750353217125,28.657750353217125,2.0229910075826867,14.166029530433185,6.567223157214174e-07,24.356611187128927,True
3121,8764.857142857143,4073.3571428571427,14,28.527850061655045,28.527850061655045,28.527850061655045,2.216080646471139,12.873110059005505,6.537455147082157e-07,24.361543816711126,True
1513,7619.384615384615,3121.846153846154,13,28.43327496945858,28.43327496945858,28.43327496945858,2.1308435222440987,13.343671026352073,6.51578227576766e-07,24.365149212354822,True
3474,8212.933333333332,4244.133333333333,15,28.390226915478706,28.390226915478706,28.390226915478706,2.282704486926967,12.4371012884363,6.505917364060175e-07,24.36679426548043,True
932,9011.642857142857,2700.642857142857,14,28.19044628739357,28.19044628739357,28.19044628739357,2.658285379838348,10.60474789546781,6.460135544100388e-07,24.374461546552535,True
2573,9116.866666666667,3858.133333333333,15,27.95629222691059,27.95629222691059,27.95629222691059,2.29064022656078,12.204575778748463,6.406476692676032e-07,24.3835174960723,True
113,8904.8,2141.0,10,27.86858579516411,27.86858579516411,27.86858579516411,1.5593987149818633,17.87136639745675,6.386377846726756e-07,24.386929097854942,True
727,9229.857142857143,2590.5714285714284,14,27.648771673440933,27.648771673440933,27.648771673440933,2.2066780406511444,12.529590254717158,6.336005142216785e-07,24.395526819659338,True
3598,9456.4,3384.866666666667,15,27.609805658459663,27.609805658459663,27.609805658459663,2.141329550428925,12.89376763746113,6.327075672430241e-07,24.39705805054784,True
1538,7866.0,3147.1,10,27.584568709135056,27.584568709135056,27.584568709135056,2.788947625869208,9.890672902305939,6.321292361598817e-07,24.398050929688257,True
251,8232.545454545454,2369.727272727273,11,27.485855475068092,27.485855475068092,27.485855475068092,2.131045170855491,12.897828657491159,6.298671191803635e-07,24.401943278385044,True
1884,9459.2,3492.0666666666666,15,27.4799395352602,27.4799395352602,27.4799395352602,2.0898717914652227,13.149103044256048,6.297315492335805e-07,24.4021769928272,True
2435,8183.125,3795.875,8,27.42908799648285,27.42908799648285,27.42908799648285,2.321999966029869,11.812699568372869,6.285662330488748e-07,24.40418800540508,True
1044,9308.57142857143,2764.142857142857,14,27.250493437051773,27.250493437051773,27.250493437051773,2.2081224903971486,12.341024356918965,6.244735519696129e-07,24.411280498200547,True
3383,8167.785714285715,4180.714285714286,14,27.140449434518814,27.140449434518814,27.140449434518814,2.206047635180058,12.302748590604937,6.219517785825199e-07,24.415673837031683,True
1814,7569.923076923077,3447.6923076923076,13,27.051743730902672,27.051743730902672,27.051743730902672,2.0763825359742007,13.028304400667908,6.199189946277964e-07,24.419228263393716,True
3538,8412.1,4296.8,10,26.931341856718063,26.931341856718063,26.931341856718063,1.8645348791279421,14.444000033570875,6.171598597809525e-07,24.42407144304026,True
3223,8477.2,4108.0,15,26.92331798374653,26.92331798374653,26.92331798374653,2.3644268032478393,11.386826585946304,6.169759843415348e-07,24.424394973426594,True
1743,9247.75,3360.916666666667,12,26.89627605676651,26.89627605676651,26.89627605676651,2.1872842371435155,12.296653356717695,6.163562903080185e-07,24.425486040803182,True
12,8418.066666666668,2022.4666666666667,15,26.82822711765766,26.82822711765766,26.82822711765766,1.954817735596312,13.724157822557192,6.147968777120144e-07,24.428236489184524,True
1447,7480.307692307692,3059.0,13,26.808071836829185,26.808071836829185,26.808071836829185,1.9340212692924499,13.86131179758781,6.143349983761785e-07,24.42905247833997,True
2386,9258.866666666667,3774.666666666667,15,26.797949865460396,26.797949865460396,26.797949865460396,2.2832867671817123,11.736567763031106,6.141030428180819e-07,24.429462499101078,True
1640,9372.153846153846,3257.076923076923,13,26.75291036069393,26.75291036069393,26.75291036069393,2.128997464725006,12.565966284111802,6.130709154701703e-07,24.431288838857093,True
2157,7544.0,3651.076923076923,13,26.70829938352108,26.70829938352108,26.70829938352108,1.8657773980450323,14.31483702798958,6.120486082801622e-07,24.43310083542508,True
3037,8211.076923076924,4041.6923076923076,13,26.685322031378746,26.685322031378746,26.685322031378746,2.1860066909856917,12.207337764069731,6.11522058229231e-07,24.434035304524173,True
3635,7913.75,4187.9375,16,26.143812894821167,26.143812894821167,26.143812894821167,2.076418546831444,12.590820350124442,5.991128101284122e-07,24.45629410803089,True
1839,7476.466666666666,3462.6,15,26.14168794453144,26.14168794453144,26.14168794453144,2.013625171111465,12.982400259777222,5.990641146705392e-07,24.456382359474485,True
2959,8483.111111111111,4014.8888888888887,9,26.135551020503044,26.135551020503044,26.135551020503044,2.051013810094672,12.742747460728538,5.98923480639268e-07,24.456637272731804,True
2777,9205.9375,3942.6875,16,26.08273959159851,26.08273959159851,26.08273959159851,2.21111990622097,11.796166964177253,5.977132515229114e-07,24.458833411259675,True
2897,8478.833333333334,3992.166666666667,12,25.97995001077652,25.97995001077652,25.97995001077652,2.4979901113091634,10.400341415747548,5.953577207950127e-07,24.463120647099114,True
3182,7922.090909090909,4094.3636363636365,11,25.962252989411354,25.962252989411354,25.962252989411354,1.855355152770913,13.993144628206394,5.949521750452921e-07,24.463860480854564,True
937,9003.7,2703.1,10,25.95155593752861,25.95155593752861,25.95155593752861,2.2893246073026936,11.335900489928777,5.94707040915877e-07,24.46430792159982,True
2059,9353.166666666666,3606.083333333333,12,25.759690821170807,25.759690821170807,25.759690821170807,2.0422626357105567,12.613309557126739,5.903102511480958e-07,24.472364809501165,True
432,7807.416666666667,2447.1666666666665,12,25.617888510227203,25.617888510227203,25.617888510227203,2.0119691676573557,12.732744080792994,5.870607029152535e-07,24.47835809668406,True
1040,7810.636363636364,2765.0,11,25.592854872345924,25.592854872345924,25.592854872345924,2.1810139860829683,11.734383656250586,5.864870309264305e-07,24.47941958993154,True
1865,9233.363636363636,3480.090909090909,11,25.562092676758766,25.562092676758766,25.562092676758766,2.0910484910880047,12.224533666102795,5.857820830476307e-07,24.480725412148672,True
2648,8065.333333333333,3890.166666666667,12,25.547353327274323,25.547353327274323,25.547353327274323,2.284176734254281,11.184490650026172,5.854443154417878e-07,24.481351638690523,True
812,9237.1,2636.9,10,25.477221220731735,25.477221220731735,25.477221220731735,1.866331307430477,13.65096385582697,5.838371648857463e-07,24.48433627955483,True
3613,9380.5625,3744.0625,16,25.430586099624634,25.430586099624634,25.430586099624634,2.039903323494752,12.466564374265092,5.827684723209105e-07,24.48632550109974,True
2056,9229.083333333334,3605.75,12,25.424237310886383,25.424237310886383,25.424237310886383,2.051373911781166,12.393760671749519,5.826229831882737e-07,24.486596590816035,True
2091,8969.1,3623.0,10,25.38523742556572,25.38523742556572,25.38523742556572,2.618964481346524,9.692852883790948,5.817292600353752e-07,24.488263350648115,True
2287,9059.916666666666,3726.0,12,25.35857492685318,25.35857492685318,25.35857492685318,2.2512545194223446,11.264197232288069,5.811182609973628e-07,24.489404315092195,True
1756,9176.0,3378.25,12,25.316276609897614,25.316276609897614,25.316276609897614,2.3877716111081573,10.602469889550454,5.801489508344993e-07,24.491216844320867,True
3117,8736.5,4071.7,10,25.291969031095505,25.291969031095505,25.291969031095505,1.9043425564963485,13.281207703317952,5.795919172486892e-07,24.492259821410897,True
2166,9214.727272727272,3655.363636363636,11,25.27280081808567,25.27280081808567,25.27280081808567,1.9620359041564428,12.880906391441115,5.791526576040588e-07,24.49308298836703,True
1256,9443.0,2894.8333333333335,12,25.251055777072906,25.251055777072906,25.251055777072906,1.907643748924419,13.236777459790453,5.786543472512451e-07,24.494017571803465,True
231,7834.307692307692,2358.923076923077,13,25.2282502502203,25.2282502502203,25.2282502502203,1.88620703948285,13.375122519496715,5.781317347564995e-07,24.49499859907209,True
2587,9053.0,3866.5,10,24.877590388059616,24.877590388059616,24.877590388059616,1.886957387530784,13.183970423737915,5.700959973426985e-07,24.510195642724373,True
2160,9226.0,3653.3076923076924,13,24.839122995734215,24.839122995734215,24.839122995734215,2.13223810408136,11.649319533399739,5.692144768235951e-07,24.511875779887195,True
736,9189.5,2597.6666666666665,12,24.828915655612946,24.828915655612946,24.828915655612946,2.047434031443026,12.126845248397865,5.689805649512683e-07,24.512322041877034,True
3630,8461.545454545454,3991.363636363636,11,24.826617136597633,24.826617136597633,24.826617136597633,2.402919127454551,10.331857136988562,5.689278919845539e-07,24.51242255777823,True
2715,9105.833333333334,3917.333333333333,12,24.690952837467194,24.690952837467194,24.690952837467194,2.0451310450030413,12.073041919634287,5.658190027107081e-07,24.518371800032035,True
2780,8028.307692307692,3943.3846153846152,13,24.67689822614193,24.67689822614193,24.67689822614193,2.233385226485666,11.04910068066142,5.654969265957888e-07,24.51898999995134,True
1116,7842.090909090909,2808.0,11,24.611349001526833,24.611349001526833,24.611349001526833,2.324724912577582,10.586779050016089,5.639947975712704e-07,24.521877877379332,True
978,9044.454545454546,2725.6363636363635,11,24.591755762696266,24.591755762696266,24.591755762696266,2.2730778915837275,10.818703509347138,5.635457980155238e-07,24.522742582563815,True
2533,9006.0,3842.181818181818,11,24.53061331808567,24.53061331808567,24.53061331808567,2.082425456479766,11.779827816527666,5.621446549628197e-07,24.525445408233097,True
24,8731.933333333334,2038.8,15,24.526712015271187,24.526712015271187,24.526712015271187,1.8827658833513488,13.026957962300287,5.62055252529374e-07,24.525618095418615,True
785,7907.692307692308,2623.923076923077,13,24.46118949353695,24.46118949353695,24.46118949353695,2.3896212304070854,10.236429599083303,5.605537354292927e-07,24.528522494843997,True
3578,8789.75,2381.25,12,24.431333124637604,24.431333124637604,24.431333124637604,2.112023347486006,11.567738185147824,5.598695455162345e-07,24.529848511296002,True
1972,9464.333333333334,3551.6,15,24.404100492596626,24.404100492596626,24.404100492596626,2.0384226007941137,11.972051567270425,5.592454812768329e-07,24.53105941311186,True
1641,9335.5,3259.0714285714284,14,24.39697352051735,24.39697352051735,24.39697352051735,2.213299793100062,11.022896038112256,5.590821592592183e-07,24.531376537758327,True
528,7955.2,2498.9,10,24.363433092832565,24.363433092832565,24.363433092832565,1.9845949653501556,12.27627476548292,5.583135452868041e-07,24.532870211209108,True
3628,8458.0,3980.5,10,24.30909988284111,24.30909988284111,24.30909988284111,2.354503029728976,10.32451416536903,5.570684429655691e-07,24.5352942296074,True
2124,9160.083333333334,3635.333333333333,12,24.300953924655914,24.300953924655914,24.300953924655914,2.106206154038618,11.53778507296601,5.568817698158202e-07,24.53565811983644,True
1277,9053.714285714286,2914.0,7,24.29503746330738,24.29503746330738,24.29503746330738,2.2708537628662926,10.698635843746256,5.56746187917388e-07,24.535922492108245,True
2014,9069.545454545454,3579.727272727273,11,24.171685114502907,24.171685114502907,24.171685114502907,2.3491138783125654,10.289703422920523,5.539194398594248e-07,24.54144910472366,True
3616,7994.181818181818,3755.181818181818,11,24.161027804017067,24.161027804017067,24.161027804017067,2.2733295227737687,10.628035910314205,5.53675216445676e-07,24.541927912029465,True
142,8458.307692307691,2164.923076923077,13,24.126322016119957,24.126322016119957,24.126322016119957,2.08454006733828,11.57393057305275,5.528798970254212e-07,24.543488624599668,True
2154,9176.23076923077,3648.076923076923,13,24.090980753302574,24.090980753302574,24.090980753302574,2.1459585861696078,11.226209540372986,5.520700150328752e-07,24.545080223184833,True
2806,9088.0,3954.5384615384614,13,24.09031556546688,24.09031556546688,24.09031556546688,2.1275693210700433,11.322928624177969,5.520547715580573e-07,24.545110202391346,True
2261,9278.916666666666,3707.0,12,24.090209543704987,24.090209543704987,24.090209543704987,2.0427187581428705,11.793209147208549,5.520523419585204e-07,24.54511498073966,True
1238,8940.285714285714,2883.0,7,24.046988680958748,24.046988680958748,24.046988680958748,2.7734507312052044,8.670422160522433,5.510618906941908e-07,24.547064677432665,True
3379,8065.25,4177.833333333334,12,23.92843919992447,23.92843919992447,23.92843919992447,1.967168473440943,12.163899291283977,5.483452053733674e-07,24.55243049619774,True
1324,9327.076923076924,2952.923076923077,13,23.914003118872643,23.914003118872643,23.914003118872643,2.1328893198632533,11.212022534955471,5.480143874807748e-07,24.55308572095504,True
3594,7911.111111111111,2862.3333333333335,9,23.894436404109,23.894436404109,23.894436404109,2.4504188081674267,9.751164300758337,5.47565995751757e-07,24.553974446545134,True
2089,8700.2,3620.4,5,23.700669154524803,23.700669154524803,23.700669154524803,3.5990583165208014,6.585241768862519,5.431256166121006e-07,24.56281490516019,True
1367,9152.272727272728,2987.272727272727,11,23.613267794251442,23.613267794251442,23.613267794251442,2.429014285875915,9.721337553079222,5.411227230489818e-07,24.566826193810133,True
1311,9487.642857142857,2941.4285714285716,14,23.50141468644142,23.50141468644142,23.50141468644142,1.961359164242846,11.982208620884487,5.385594921227488e-07,24.571981410423213,True
346,8854.545454545454,2411.909090909091,11,23.49071015417576,23.49071015417576,23.49071015417576,1.9976933326786834,11.758917031913674,5.383141865725372e-07,24.572476059195804,True
2490,7861.076923076923,3823.923076923077,13,23.463921293616295,23.463921293616295,23.463921293616295,2.1543102135058683,10.891616790616112,5.377002918206704e-07,24.573714941838585,True
3638,7929.466666666666,4209.0,15,23.42781026661396,23.42781026661396,23.42781026661396,2.0199052604253893,11.598469851838544,5.368727698769115e-07,24.575387179388933,True
3284,9011.125,4133.125,8,23.39918315410614,23.39918315410614,23.39918315410614,1.5630322899683688,14.970377326356878,5.362167496594543e-07,24.576714682783404,True
897,9083.3,2680.6,10,23.329165190458298,23.329165190458298,23.329165190458298,2.0276279783068984,11.505643757164231,5.34612214807201e-07,24.57996842907249,True
1810,9235.333333333334,3444.666666666667,9,23.20656780898571,23.20656780898571,23.20656780898571,1.9048987777226702,12.18257268070141,5.318027676150901e-07,24.585689139375752,True
2130,7985.285714285715,3637.0,7,23.06934566795826,23.06934566795826,23.06934566795826,2.106798552041013,10.949953257566683,5.286581787651953e-07,24.5921282335869,True
1535,7508.538461538462,3143.5384615384614,13,23.01934026181698,23.01934026181698,23.01934026181698,1.9853146081163073,11.594807275234846,5.275122525946155e-07,24.594484243531216,True
3552,8134.5,4319.0,10,22.992713183164597,22.992713183164597,22.992713183164597,1.7938863625325296,12.817262934484043,5.26902065244319e-07,24.595740870192383,True
2530,9156.9,3840.9,10,22.94972202181816,22.94972202181816,22.94972202181816,1.8691137062609198,12.278398015564326,5.259168778277563e-07,24.5977728510299,True
2176,9011.444444444445,3662.666666666667,9,22.94160322844982,22.94160322844982,22.94160322844982,2.2231079702951457,10.319608194920031,5.25730827188191e-07,24.59815701374226,True
1104,9094.333333333334,2801.3333333333335,9,22.79804377257824,22.79804377257824,22.79804377257824,2.0250977575958244,11.257749749149813,5.224410121419409e-07,24.60497246689123,True
2117,9026.555555555555,3632.333333333333,9,22.790603205561638,22.790603205561638,22.790603205561638,2.221728168366047,10.258052056081556,5.222705037684226e-07,24.605326874999438,True
1343,9120.25,2968.125,8,22.73555314540863,22.73555314540863,22.73555314540863,2.2251692710317337,10.21744882126066,5.210089740761511e-07,24.607952612698547,True
2973,8088.166666666667,4018.25,12,22.576103270053864,22.576103270053864,22.576103270053864,2.0515907135563762,11.004194511545048,5.173550134514045e-07,24.615593967299354,True
2597,8203.875,3871.875,8,22.57450520992279,22.57450520992279,22.57450520992279,2.062479463992188,10.945323628205733,5.17318392232467e-07,24.615670824369538,True
1496,9264.0,3104.636363636364,11,22.499350920319557,22.499350920319557,22.499350920319557,2.0566542795858624,10.939782706138697,5.155961531000749e-07,24.61929145130439,True
482,8252.111111111111,2472.6666666666665,9,22.46362166106701,22.46362166106701,22.46362166106701,2.234384332937556,10.053606861597519,5.147773797635031e-07,24.62101698483911,True
726,8290.714285714286,2589.857142857143,7,22.407909587025642,22.407909587025642,22.407909587025642,2.6900776256753116,8.329837538201302,5.135006793307358e-07,24.623713066083873,True
2482,8110.0,3820.0,9,22.3952908962965,22.3952908962965,22.3952908962965,2.199942092444549,10.17994563275578,5.132115088377672e-07,24.624324654970188,True
1966,8925.0,3547.75,8,22.387425780296326,22.387425780296326,22.387425780296326,2.809873034673482,7.967415432668413,5.130312714803546e-07,24.624706027156495,True
390,8752.090909090908,2427.5454545454545,11,22.372125521302223,22.372125521302223,22.372125521302223,2.207770250216039,10.1333576349772,5.126806500465749e-07,24.625448306526863,True
2267,9014.4,3712.5,10,22.273510664701462,22.273510664701462,22.273510664701462,2.1707121373909715,10.260923261558073,5.104207874895645e-07,24.630244739209438,True
2419,7953.727272727273,3786.818181818182,11,22.265169993042946,22.265169993042946,22.265169993042946,2.1682836768868823,10.2685687442015,5.102296522769697e-07,24.63065138660733,True
2760,8469.5,3935.5,8,22.208393454551697,22.208393454551697,22.208393454551697,2.3443112970669335,9.473312474472802,5.089285585282612e-07,24.633423567297676,True
2213,7532.214285714285,3684.785714285714,14,22.173049360513687,22.173049360513687,22.173049360513687,1.8596403153027117,11.923299994119757,5.08118611655334e-07,24.635152865319544,True
1087,7906.0,2790.7,10,22.16326305270195,22.16326305270195,22.16326305270195,2.4631843272466583,8.99780938338301,5.078943481786384e-07,24.635632172158395,True
2353,7999.9,3762.0,10,22.099209517240524,22.099209517240524,22.099209517240524,2.1643787114171333,10.210417151428643,5.064264944350646e-07,24.638774576412036,True
1740,9501.909090909092,3357.5454545454545,11,22.08974350988865,22.08974350988865,22.08974350988865,1.7203883618876785,12.83997497265728,5.062095709783334e-07,24.639239741859488,True
1807,7635.125,3442.875,8,22.02561318874359,22.02561318874359,22.02561318874359,1.6710637508995567,13.180594203474822,5.047399576105273e-07,24.642396405014807,True
2991,7817.266666666666,4025.333333333333,15,21.985975816845894,21.985975816845894,21.985975816845894,2.0215917471307963,10.875576558941804,5.038316257861192e-07,24.64435205998381,True
2701,8729.1,3913.0,10,21.86581489443779,21.86581489443779,21.86581489443779,2.2815424764498,9.583786022017064,5.010780126011885e-07,24.65030225669264,True
631,7924.666666666667,2545.6666666666665,9,21.848372980952263,21.848372980952263,21.848372980952263,1.9112514760535706,11.431448584707265,5.006783129152869e-07,24.651168671871645,True
3005,8456.545454545454,4030.909090909091,11,21.84178628027439,21.84178628027439,21.84178628027439,2.2267545573206693,9.808798283792626,5.005273717817778e-07,24.65149604167624,True
2525,8624.0,3836.125,8,21.821056723594666,21.821056723594666,21.821056723594666,2.739725797970452,7.964686371081142,5.00052332314311e-07,24.652526979212066,True
336,9236.23076923077,2410.6923076923076,13,21.818676695227623,21.818676695227623,21.818676695227623,1.7709375729982597,12.320409837082984,4.999977914755703e-07,24.65264540720264,True
883,9203.272727272728,2672.0,11,21.80975140631199,21.80975140631199,21.80975140631199,1.9613456750124514,11.11978968530039,4.997932591472154e-07,24.653089636338112,True
2005,7592.727272727273,3571.4545454545455,11,21.802043333649635,21.802043333649635,21.802043333649635,1.9061404201999195,11.437794982262114,4.996166206021035e-07,24.653473428552832,True
506,9119.0,2484.727272727273,11,21.6848014742136,21.6848014742136,21.6848014742136,1.9571302530075956,11.079896926068027,4.969299007975368e-07,24.659327798557445,True
1061,9259.083333333334,2775.5833333333335,12,21.668098032474518,21.668098032474518,21.668098032474518,2.0483174564920734,10.57848624186559,4.965471239638983e-07,24.660164445358184,True
298,8292.3,2392.1,10,21.59814617037773,21.59814617037773,21.59814617037773,2.1674332959622937,9.964849303834571,4.949441038978075e-07,24.663675234743508,True
2190,7969.777777777777,3668.0,9,21.532266184687614,21.532266184687614,21.532266184687614,2.2531404890792306,9.55655729815898,4.934343951373901e-07,24.6669920748735,True
2280,9300.545454545454,3719.272727272727,11,21.49817980825901,21.49817980825901,21.49817980825901,1.9313610542455002,11.131103509104063,4.926532701786324e-07,24.66871219744553,True
2941,7802.5,4006.0,8,21.478742480278015,21.478742480278015,21.478742480278015,1.4819619905843004,14.493450315692298,4.922078434830341e-07,24.669694297187803,True
1392,7477.636363636364,3012.909090909091,11,21.43592442572117,21.43592442572117,21.43592442572117,1.7698800776682262,12.11151235396834,4.912266229895663e-07,24.671860881753318,True
1048,9268.545454545454,2769.181818181818,11,21.405360117554665,21.405360117554665,21.405360117554665,1.9601698564237224,10.920155744363997,4.905262099079346e-07,24.67341007813871,True
1912,9061.5,3516.2,10,21.400415152311325,21.400415152311325,21.400415152311325,2.4805584992646375,8.627256788604456,4.904128908586114e-07,24.67366092876744,True
598,9007.333333333334,2530.1111111111113,9,21.35924629867077,21.35924629867077,21.35924629867077,1.8666203349589672,11.442737389411487,4.894694635286505e-07,24.675751615512876,True
2753,9045.272727272728,3933.090909090909,11,21.345627680420876,21.345627680420876,21.345627680420876,1.9616372605225743,10.881536617394016,4.891573786509556e-07,24.67644409981343,True
2087,7886.777777777777,3620.0,9,21.34428457915783,21.34428457915783,21.34428457915783,2.1074546805072707,10.127992206228699,4.891266000810803e-07,24.676512418232996,True
3142,8627.454545454546,4077.2727272727275,11,21.31017817556858,21.31017817556858,21.31017817556858,2.114522240334635,10.078010894884759,4.883450161789947e-07,24.678248722604977,True
2331,7891.2,3751.0,10,21.30654403567314,21.30654403567314,21.30654403567314,2.0436704815579176,10.425625964627564,4.882617360632015e-07,24.678433894859552,True
1110,9063.0,2804.75,8,21.249395728111267,21.249395728111267,21.249395728111267,2.0336326607690345,10.448984292018421,4.869521228374941e-07,24.681349963648245,True
3617,8983.111111111111,3830.8888888888887,9,21.22310261428356,21.22310261428356,21.22310261428356,1.9344418770549405,10.971176165082989,4.8634958864037e-07,24.682694240080263,True
829,8857.285714285714,2648.0,7,21.216052249073982,21.216052249073982,21.216052249073982,2.3486321673806843,9.033365268404383,4.861880221492796e-07,24.683054984155394,True
1670,9179.9,3287.3,10,21.191035956144333,21.191035956144333,21.191035956144333,2.1671885017117987,9.778123102538682,4.856147476381601e-07,24.684335953882048,True
1920,9482.923076923078,3520.7692307692305,13,21.190594419836998,21.190594419836998,21.190594419836998,1.864609765269461,11.364626966208489,4.856046293719789e-07,24.68435857651125,True
1150,7917.444444444444,2828.5555555555557,9,21.154967829585075,21.154967829585075,21.154967829585075,2.4187468070928144,8.74625147516455,4.847882088029138e-07,24.686185501740745,True
3095,8701.090909090908,4062.3636363636365,11,21.102455511689186,21.102455511689186,21.102455511689186,2.0697879490512308,10.195467376917685,4.835848341280898e-07,24.688883941426624,True
1781,9348.25,3399.916666666667,12,21.03904300928116,21.03904300928116,21.03904300928116,2.047515100723083,10.275403098053435,4.821316703272399e-07,24.692151471252558,True
3583,9295.181818181818,2576.818181818182,11,20.977054968476295,20.977054968476295,20.977054968476295,1.7917723367653702,11.707433214615596,4.807111495535347e-07,24.695355134240515,True
1430,7849.5,3042.5,8,20.9396470785141,20.9396470785141,20.9396470785141,2.444095123443201,8.567443581743525,4.798539086389676e-07,24.697293030557475,True
2958,8891.0,4013.75,12,20.88158804178238,20.88158804178238,20.88158804178238,2.051933293425119,10.176543315853367,4.785234251020164e-07,24.700307615779952,True
3601,9147.9,3521.2,10,20.873073309659958,20.873073309659958,20.873073309659958,2.129473987345033,9.801985576580773,4.783283011118825e-07,24.700750428762653,True
622,9341.25,2543.3333333333335,12,20.827976286411285,20.827976286411285,20.827976286411285,1.7297228557716207,12.041221642481004,4.772948556678061e-07,24.703098738478104,True
773,7568.545454545455,2617.6363636363635,11,20.814074888825417,20.814074888825417,20.814074888825417,1.6448504279084004,12.65408363925995,4.769762906059351e-07,24.703823642789512,True
1533,7464.416666666667,3141.25,12,20.797676146030426,20.797676146030426,20.797676146030426,1.8170163192066449,11.44605908388936,4.7660049626721313e-07,24.704679396716898,True
2686,8512.5,3906.25,8,20.796755194664,20.796755194664,20.796755194664,2.482924699302651,8.375910554397777,4.7657939170364584e-07,24.704727475760624,True
2144,8746.6,3644.8,5,20.768817767500877,20.768817767500877,20.768817767500877,3.0894026559125396,6.722599829372594,4.7593917634704146e-07,24.706186985568614,True
761,8975.6,2613.0,10,20.694694250822067,20.694694250822067,20.694694250822067,2.1491894940858116,9.629069148053345,4.7424055845405466e-07,24.710068888837103,True
469,9066.363636363636,2467.4545454545455,11,20.69406260550022,20.69406260550022,20.69406260550022,1.9603483866609892,10.556318839197703,4.7422608364101575e-07,24.71010202828108,True
2532,7984.8,3842.3,10,20.675936430692673,20.675936430692673,20.675936430692673,2.029933781591401,10.185522610734337,4.738107033914126e-07,24.711053454239998,True
2916,8328.7,3998.7,10,20.642888754606247,20.642888754606247,20.642888754606247,2.147174225395246,9.61397939229005,4.730533813371275e-07,24.712790244475464,True
77,8409.0,2099.0,11,20.60053576529026,20.60053576529026,20.60053576529026,1.8587836752933689,11.082804330115989,4.7208281829995605e-07,24.71502013641966,True
2743,9008.9,3927.2,10,20.576400965452194,20.576400965452194,20.576400965452194,1.8740997084277993,10.97935231136338,4.715297441247758e-07,24.716292889133193,True
52,8737.090909090908,2062.090909090909,11,20.574110880494118,20.574110880494118,20.574110880494118,1.6331487280437735,12.597818267989776,4.714772644333021e-07,24.7164137346849,True
3584,7874.333333333333,2698.8888888888887,9,20.556930109858513,20.556930109858513,20.556930109858513,2.048274043513231,10.036220580425338,4.710835491088741e-07,24.717320776439276,True
3194,7999.5,4098.2,10,20.463442534208298,20.463442534208298,20.463442534208298,1.8640377654677158,10.978019283355938,4.6894118355625847e-07,24.722269684251387,True
2634,9070.0,3884.0,9,20.324669405817986,20.324669405817986,20.324669405817986,1.775699617182162,11.446006525625645,4.6576105220913197e-07,24.729657699236522,True
776,9030.0,2618.125,8,20.27828299999237,20.27828299999237,20.27828299999237,1.831791449287694,11.070191974025063,4.64698059215044e-07,24.73213847559096,True
440,8299.111111111111,2450.777777777778,9,20.1951013058424,20.1951013058424,20.1951013058424,2.290668458927288,8.81624803761418,4.627918637134956e-07,24.736601334609063,True
580,7859.0,2522.6,10,20.1480915248394,20.1480915248394,20.1480915248394,1.8793673647647795,10.720677554896843,4.6171458542537696e-07,24.739131637281325,True
2937,8346.4,4005.9,10,20.125806540250778,20.125806540250778,20.125806540250778,2.152074462564826,9.351816998127935,4.612039017009229e-07,24.740333190556385,True
1762,8989.2,3385.6,5,20.12566076219082,20.12566076219082,20.12566076219082,2.799558890989325,7.188868513167333,4.61200561044244e-07,24.740341054941368,True
3028,8913.7,4037.6,10,20.114021509885788,20.114021509885788,20.114021509885788,1.8701486281859014,10.755306400110548,4.609338354069273e-07,24.74096914926333,True
2180,9254.5,3663.0,10,20.112363070249557,20.112363070249557,20.112363070249557,1.8679942850975662,10.766822591857705,4.6089583052849246e-07,24.741058673985783,True
705,9141.9,2579.1,10,20.104575365781784,20.104575365781784,20.104575365781784,1.871822501706649,10.740641993271947,4.607173671372914e-07,24.741479163119322,True
1080,9021.333333333334,2789.3333333333335,9,20.07517485320568,20.07517485320568,20.07517485320568,2.3139692775411596,8.675644507492212,4.600436236485528e-07,24.74306808323284,True
1241,9155.444444444445,2884.6666666666665,9,20.056063696742058,20.056063696742058,20.056063696742058,2.0253859136447856,9.902341850818022,4.5960567151434084e-07,24.744102174220586,True
2535,8775.375,3843.25,8,20.05035436153412,20.05035436153412,20.05035436153412,2.247904137257272,8.919577142643679,4.594748361280047e-07,24.744411293423067,True
3605,9026.222222222223,3618.4444444444443,9,20.026213213801384,20.026213213801384,20.026213213801384,2.2482257936458248,8.907563141745639,4.5892161648418036e-07,24.745719335646935,True
1479,9223.111111111111,3086.1111111111113,9,19.993578478693962,19.993578478693962,19.993578478693962,1.9508257083499436,10.248777424409187,4.581737574042266e-07,24.74749009555319,True
2548,7994.0,3848.333333333333,9,19.989059016108513,19.989059016108513,19.989059016108513,1.930594025183722,10.353838640004227,4.5807018919324175e-07,24.74773554930429,True
3372,9073.181818181818,4172.454545454546,11,19.984987154603004,19.984987154603004,19.984987154603004,1.682052169301277,11.881312315601216,4.579768782290441e-07,24.747956741197335,True
1317,9369.4,2948.5,10,19.96331998705864,19.96331998705864,19.96331998705864,1.8667272028914743,10.694288890276189,4.5748035242818823e-07,24.749134504774695,True
2804,9045.1,3953.4,10,19.950328558683395,19.950328558683395,19.950328558683395,1.8689362276828592,10.674697329516787,4.5718264026230076e-07,24.749841293813056,True
3017,9041.454545454546,4036.181818181818,11,19.89757241308689,19.89757241308689,19.89757241308689,1.9546804661926236,10.179450174710084,4.559736780207554e-07,24.75271619007446,True
1786,9450.5,3409.666666666667,12,19.838594019412994,19.838594019412994,19.838594019412994,1.9257509008165883,10.301744639455036,4.5462212645813584e-07,24.755939199744606,True
2859,8210.5,3979.5,10,19.82304260134697,19.82304260134697,19.82304260134697,2.0279594359915265,9.774871355676266,4.5426574945159513e-07,24.756790639066505,True
540,9234.0,2502.818181818182,11,19.812127009034157,19.812127009034157,19.812127009034157,1.7993102045145242,11.010956842975117,4.540156072397052e-07,24.757388666232103,True
1826,9271.272727272728,3451.4545454545455,11,19.800169363617897,19.800169363617897,19.800169363617897,2.0228332861949,9.788334757365739,4.537415852913125e-07,24.75804416213289,True
731,9132.111111111111,2592.777777777778,9,19.79255346953869,19.79255346953869,19.79255346953869,1.7782288640073303,11.130487121289411,4.535670591148213e-07,24.758461857681144,True
3191,8879.4,4096.3,10,19.779101580381393,19.779101580381393,19.779101580381393,1.8659946156695535,10.599763479641277,4.532587950086258e-07,24.75920002259361,True
1276,7525.444444444444,2913.8888888888887,9,19.776353403925896,19.776353403925896,19.776353403925896,1.656214924911026,11.940692664020224,4.5319581767147894e-07,24.75935088900032,True
262,8911.555555555555,2371.8888888888887,9,19.740489527583122,19.740489527583122,19.740489527583122,1.7721337889506958,11.139390067875029,4.523739594435204e-07,24.761321629413292,True
1847,7862.0,3468.333333333333,9,19.725801035761833,19.725801035761833,19.725801035761833,2.3464844259157482,8.406533969669782,4.520373572942087e-07,24.76212980407944,True
2210,9298.444444444445,3679.222222222222,9,19.6840510815382,19.6840510815382,19.6840510815382,1.7689386030184746,11.127605586734218,4.510806134367506e-07,24.764430216355542,True
453,9305.833333333334,2457.9166666666665,12,19.67179971933365,19.67179971933365,19.67179971933365,1.6756749987917006,11.739627155336587,4.507998606610251e-07,24.76510618944021,True
1516,9517.0,3123.5454545454545,11,19.669182673096657,19.669182673096657,19.669182673096657,1.6882453859069724,11.65066573691823,4.5073988830995343e-07,24.765250640426455,True
1779,9142.625,3395.25,8,19.624396681785583,19.624396681785583,19.624396681785583,2.128674096390734,9.219070554322835,4.49713570487962e-07,24.767725639858288,True
1354,7491.166666666667,2977.9166666666665,12,19.623335897922516,19.623335897922516,19.623335897922516,1.868659072297628,10.501292712423167,4.496892615165163e-07,24.7677843302014,True
1208,9464.5,2857.8,10,19.594681471586227,19.594681471586227,19.594681471586227,1.6640443030904715,11.77533641093262,4.490326153741186e-07,24.769370904726213,True
873,9257.545454545454,2665.818181818182,11,19.573504343628883,19.573504343628883,19.573504343628883,1.9566238122771284,10.003713652472184,4.485473193428161e-07,24.770544958428115,True
3231,8558.333333333334,4111.444444444444,9,19.570691630244255,19.570691630244255,19.570691630244255,1.8333908949622097,10.674587554689285,4.4848286307445426e-07,24.77070098997683,True
2948,8179.727272727273,4007.4545454545455,11,19.558069124817848,19.558069124817848,19.558069124817848,2.0400593261852706,9.587009982395804,4.481936051637088e-07,24.77140148298234,True
1984,7552.888888888889,3556.777777777778,9,19.538887545466423,19.538887545466423,19.538887545466423,1.6426593203205675,11.89466817845917,4.477540392153842e-07,24.772466841445553,True
644,8950.5,2548.9,10,19.538243502378464,19.538243502378464,19.538243502378464,2.0960815185074577,9.321318531681404,4.4773928029457095e-07,24.772502630198687,True
1904,9150.5,3509.25,8,19.537983298301697,19.537983298301697,19.537983298301697,1.9160323550737153,10.197105099276893,4.477333174460658e-07,24.772517089782422,True
1230,9397.7,2876.6,10,19.52229329943657,19.52229329943657,19.52229329943657,1.8503902034110882,10.55036568149158,4.473737647156046e-07,24.773389341707936,True
3122,8825.0,4072.6363636363635,11,19.51240338385105,19.51240338385105,19.51240338385105,1.9612557097585388,9.94893388290165,4.4714712695843396e-07,24.773939510688628,True
185,8053.2,2332.5,10,19.438227385282516,19.438227385282516,19.438227385282516,1.8656078223152563,10.41924629215978,4.454473063880657e-07,24.77807477951156,True
2877,8644.888888888889,3985.777777777778,9,19.363030955195427,19.363030955195427,19.363030955195427,2.145792630036617,9.023719572969643,4.4372410156242125e-07,24.78228307544414,True
2122,9256.125,3634.125,8,19.36085832118988,19.36085832118988,19.36085832118988,1.671924851547704,11.579981183524783,4.4367431338233906e-07,24.78240490759716,True
2678,8980.4,3902.2,10,19.36002704501152,19.36002704501152,19.36002704501152,1.9462923867928272,9.947131878223955,4.4365526381947633e-07,24.782451525675988,True
1295,9215.090909090908,2925.727272727273,11,19.351067915558815,19.351067915558815,19.351067915558815,2.142412755917709,9.032371498959698,4.434499559998286e-07,24.78295408192729,True
1382,9210.222222222223,3003.777777777778,9,19.34400276839733,19.34400276839733,19.34400276839733,1.9781273109059285,9.77894732141295,4.4328805076485324e-07,24.783350560652607,True
1561,7438.090909090909,3176.363636363636,11,19.286256685853004,19.286256685853004,19.286256685853004,1.6774129952676964,11.497619691908453,4.419647389003512e-07,24.786596568320537,True
1209,8937.0,2859.5,6,19.240151435136795,19.240151435136795,19.240151435136795,2.439038127251548,7.888417659472069,4.4090818886958905e-07,24.789195209941703,True
915,7600.727272727273,2692.090909090909,11,19.216630831360817,19.216630831360817,19.216630831360817,1.840403910917118,10.441529012935375,4.403691896394142e-07,24.790523307237244,True
1461,9318.8,3072.4,10,19.160051077604294,19.160051077604294,19.160051077604294,1.8722904196574157,10.23348241086985,4.3907260541867266e-07,24.79372476857071,True
1707,9367.7,3329.8,10,19.106722563505173,19.106722563505173,19.106722563505173,1.867604475582544,10.230604399009804,4.378505267543847e-07,24.79675093098146,True
890,9049.444444444445,2675.8888888888887,9,19.094226881861687,19.094226881861687,19.094226881861687,1.9837645416240923,9.625248602452283,4.3756417514324e-07,24.79746122821984,True
2406,7894.6,3782.0,10,19.08347436785698,19.08347436785698,19.08347436785698,2.003327470226662,9.52588862853152,4.3731777004130547e-07,24.798072810042406,True
274,8504.2,2376.6,5,19.079408511519432,19.079408511519432,19.079408511519432,1.6018376032088781,11.91095056908306,4.37224596691811e-07,24.798304157734854,True
1681,7924.666666666667,3297.5,6,19.06005385518074,19.06005385518074,19.06005385518074,2.630824773284129,7.244896752050714,4.3678106450334284e-07,24.79940611626376,True
3611,9203.444444444445,3693.1111111111113,9,19.016604468226433,19.016604468226433,19.016604468226433,1.7745222866491994,10.716464149985496,4.3578537636782577e-07,24.801883990901068,True
927,7631.1,2698.9,10,19.005276888608932,19.005276888608932,19.005276888608932,1.8334421484722123,10.365899411904447,4.355257930360487e-07,24.80253092173289,True
1156,7912.5,2830.375,8,18.990052580833435,18.990052580833435,18.990052580833435,2.2652513852539946,8.383198749795334,4.351769121038628e-07,24.80340100672806,True
2894,8037.0,3991.0,9,18.985379740595818,18.985379740595818,18.985379740595818,1.789858639877419,10.607195069827446,4.350698290835971e-07,24.803668204310313,True
1455,9433.714285714286,3063.0,7,18.933175280690193,18.933175280690193,18.933175280690193,1.531405270043619,12.363268986367613,4.338735092965361e-07,24.806657785951757,True
3580,8867.222222222223,2406.3333333333335,9,18.893009707331657,18.893009707331657,18.893009707331657,1.7807479495277179,10.609592285276745,4.329530731833317e-07,24.80896355554412,True
2801,8336.222222222223,3952.0,9,18.861810252070427,18.861810252070427,18.861810252070427,2.243113547013025,8.408763023694094,4.322381050418739e-07,24.810757995877466,True
3621,8238.875,3862.5,8,18.83246076107025,18.83246076107025,18.83246076107025,2.1735189302682576,8.664502755789632,4.3156553076589913e-07,24.812448746782216,True
3296,9106.583333333334,4138.5,12,18.828662931919098,18.828662931919098,18.828662931919098,1.7424564755212297,10.805815351162092,4.314784995396473e-07,24.8126677227563,True
3160,8730.2,4084.9,10,18.810524195432663,18.810524195432663,18.810524195432663,1.8917600347229835,9.943398660595527,4.3106283142603713e-07,24.813714179172575,True
1656,9010.2,3274.6,5,18.759154185652733,18.759154185652733,18.759154185652733,2.613069021672636,7.178973854140647,4.298856339361609e-07,24.816683292383996,True
2799,9264.5,3949.8,10,18.75698110461235,18.75698110461235,18.75698110461235,1.6490137048630038,11.374666595733743,4.2983583551180793e-07,24.816809072544764,True
1375,9464.818181818182,2996.3636363636365,11,18.74884356558323,18.74884356558323,18.74884356558323,1.8215701972304181,10.292682430844366,4.2964935529582417e-07,24.817280211145658,True
3206,8620.1,4103.8,10,18.7152096927166,18.7152096927166,18.7152096927166,1.9552311310865713,9.571865645529122,4.288785999293558e-07,24.819229681110183,True
1128,9071.777777777777,2816.0,9,18.71306185424328,18.71306185424328,18.71306185424328,2.1455809297033177,8.721676071585351,4.288293799648223e-07,24.819354292047247,True
2370,9300.090909090908,3768.909090909091,11,18.692387476563454,18.692387476563454,18.692387476563454,1.863893392890959,10.028678436147551,4.2835560498183696e-07,24.820554487368792,True
3380,8366.625,4178.0,8,18.687944769859314,18.687944769859314,18.687944769859314,1.672385181004,11.174426192081055,4.282537957121332e-07,24.820812570015395,True
489,8851.777777777777,2475.3333333333335,9,18.664438292384148,18.664438292384148,18.664438292384148,1.9651368924313435,9.497780212803283,4.2771512020091283e-07,24.822179113990263,True
1222,8942.333333333334,2867.6666666666665,6,18.65026381611824,18.65026381611824,18.65026381611824,2.450576348109331,7.610562237943451,4.2739029725554024e-07,24.823003976145714,True
698,8709.714285714286,2572.0,7,18.604632571339607,18.604632571339607,18.604632571339607,2.387002633822367,7.794139942588813,4.263446095664886e-07,24.825663681263915,True
824,9245.444444444445,2644.6666666666665,9,18.576555773615837,18.576555773615837,18.576555773615837,1.770112695600474,10.494561063703419,4.2570120038775217e-07,24.82730343528758,True
477,8104.111111111111,2471.222222222222,9,18.568817660212517,18.568817660212517,18.568817660212517,2.0218406087364236,9.184115493563732,4.255238734276486e-07,24.82775579579568,True
2234,9078.5,3690.0,8,18.546789526939392,18.546789526939392,18.546789526939392,1.8413477605658155,10.072399100341737,4.250190757196693e-07,24.829044566016005,True
1385,9443.222222222223,3008.3333333333335,9,18.543157622218132,18.543157622218132,18.543157622218132,1.7064209359474798,10.866696037060843,4.2493584682522964e-07,24.8292571999378,True
1084,9451.75,2788.8333333333335,12,18.531324446201324,18.531324446201324,18.531324446201324,1.799805633323134,10.296292056818027,4.2466467722327854e-07,24.82995027546243,True
3106,7921.625,4066.375,8,18.49258553981781,18.49258553981781,18.49258553981781,1.6315368023269785,11.334458109337632,4.2377693467562106e-07,24.832222334170343,True
192,8171.0,2340.3,10,18.48082372546196,18.48082372546196,18.48082372546196,1.8751587534543945,9.855604860877412,4.235074004007511e-07,24.832913113212058,True
2738,8838.5,3926.5,10,18.478367537260056,18.478367537260056,18.478367537260056,2.0492650245429984,9.017070664825733,4.234511142797569e-07,24.83305742223881,True
3263,8570.875,4123.125,8,18.47501504421234,18.47501504421234,18.47501504421234,1.7080323281457288,10.816548808692138,4.2337428839598727e-07,24.83325442304544,True
1680,9423.888888888889,3294.222222222222,9,18.309796378016472,18.309796378016472,18.309796378016472,1.756685408169306,10.422922791336699,4.1958812989689995e-07,24.843007638404515,True
1720,9084.857142857143,3342.5714285714284,7,18.28791542351246,18.28791542351246,18.28791542351246,2.396001368271844,7.632681544210854,4.190867049443144e-07,24.844305913414672,True
1795,9212.0,3431.0,9,18.28556589782238,18.28556589782238,18.28556589782238,1.96046709953183,9.327147546719386,4.1903286310631187e-07,24.84444541148907,True
3397,7951.6,4190.2,10,18.281068056821823,18.281068056821823,18.281068056821823,1.6840446127149884,10.855453542498136,4.189297903765538e-07,24.8447125112089,True
3053,8932.9,4045.7,10,18.26303693652153,18.26303693652153,18.26303693652153,1.8685659664002217,9.77382509631444,4.1851658840037943e-07,24.84578393116649,True
2164,9088.666666666666,3654.0,9,18.26175980269909,18.26175980269909,18.26175980269909,1.9635934926240195,9.300173315554867,4.1848732154338535e-07,24.845859859333306,True
869,7868.666666666667,2666.1111111111113,9,18.25684742629528,18.25684742629528,18.25684742629528,1.990137468659561,9.173661475049768,4.18374749301397e-07,24.846151959462524,True
657,9280.0,2552.5,12,18.224015295505524,18.224015295505524,18.224015295505524,1.8676112152191866,9.757927745880835,4.1762236669297296e-07,24.848106246726722,True
1860,7515.363636363636,3474.4545454545455,11,18.1897801309824,18.1897801309824,18.1897801309824,1.790943539502125,10.156534658841945,4.16837832099447e-07,24.850147800929747,True
2892,8005.8,3990.8,10,18.184589594602585,18.184589594602585,18.184589594602585,1.8727452951639791,9.710124298035055,4.1671888553074663e-07,24.850457664899924,True
2616,8105.125,3878.125,8,18.162975668907166,18.162975668907166,18.162975668907166,1.9225254880982972,9.447456369940468,4.162235798225324e-07,24.851748921920876,True
1115,8998.714285714286,2806.4285714285716,7,18.138673022389412,18.138673022389412,18.138673022389412,2.1556960679120274,8.414299813590253,4.1566665926517586e-07,24.85320264471799,True
1915,8960.5,3516.5,6,18.13310816884041,18.13310816884041,18.13310816884041,2.3412911920878323,7.744917945328415,4.155391348271335e-07,24.853535794225476,True
1331,7842.714285714285,2956.5714285714284,7,18.11956997215748,18.11956997215748,18.11956997215748,2.1374897114918565,8.477032602655646,4.1522889289373945e-07,24.854346708713607,True
352,9252.333333333334,2414.25,12,18.113776743412018,18.113776743412018,18.113776743412018,1.6861383715991027,10.742758155864305,4.150961349992666e-07,24.85469389818492,True
1232,7598.222222222223,2879.1111111111113,9,18.056237742304802,18.056237742304802,18.056237742304802,1.7690256473812203,10.206882963531015,4.137775686224335e-07,24.858148263922608,True
3362,8817.5,4168.5,8,18.044166445732117,18.044166445732117,18.044166445732117,1.6671624477999174,10.823280280541484,4.1350094223895034e-07,24.858874363505734,True
3274,9031.4,4128.1,10,18.040814131498337,18.040814131498337,18.040814131498337,1.7315473060675717,10.418897634665209,4.13424120452889e-07,24.8590760944689,True
1113,9305.111111111111,2805.6666666666665,9,18.03189615905285,18.03189615905285,18.03189615905285,1.772380253634892,10.173830430615594,4.1321975578909807e-07,24.859612930524545,True
2365,8019.125,3765.875,8,18.02128541469574,18.02128541469574,18.02128541469574,1.976337787227012,9.118524946072755,4.1297659948688167e-07,24.86025201252162,True
765,8838.857142857143,2613.285714285714,7,17.985040858387947,17.985040858387947,17.985040858387947,2.2581179132822053,7.964615466978181,4.121460175794614e-07,24.86243785286544,True
2029,9261.7,3586.2,10,17.969265669584274,17.969265669584274,17.969265669584274,1.8716571043063543,9.600725276141741,4.1178451263247845e-07,24.86339060074875,True
1454,7888.5,3062.0,6,17.961610823869705,17.961610823869705,17.961610823869705,2.354779564307835,7.6277249455192,4.116090938385326e-07,24.863853219202344,True
2664,8998.666666666666,3897.666666666667,9,17.95225815474987,17.95225815474987,17.95225815474987,1.8285295789709808,9.817865874968588,4.1139476764590234e-07,24.86441871281208,True
1095,9369.333333333334,2797.4444444444443,9,17.940651938319206,17.940651938319206,17.940651938319206,1.7608579469970909,10.188585609029168,4.111287990601911e-07,24.865120873198933,True
2032,9081.111111111111,3586.777777777778,9,17.921981379389763,17.921981379389763,17.921981379389763,2.0564264576645255,8.715109316257134,4.1070094367919186e-07,24.866251370418404,True
563,9120.6,2509.7,10,17.880007952451706,17.880007952451706,17.880007952451706,1.8678728827313953,9.57239013305109,4.097390787108054e-07,24.868797155778047,True
2817,9207.636363636364,3958.5454545454545,11,17.872968569397926,17.872968569397926,17.872968569397926,1.8023745998043643,9.91634512122947,4.095777638872987e-07,24.86922469574159,True
2033,9217.4,3587.4,10,17.87254497408867,17.87254497408867,17.87254497408867,1.8989862149827965,9.411624388358492,4.095680567578487e-07,24.86925042835628,True
2150,9035.75,3647.0,8,17.86937654018402,17.86937654018402,17.86937654018402,2.024944437891782,8.82462560740099,4.094954487818065e-07,24.869442924073685,True
946,7835.444444444444,2710.4444444444443,9,17.83756260573864,17.83756260573864,17.83756260573864,1.9760320364423531,9.026960229781182,4.087663992073051e-07,24.8713776488308,True
3220,8174.9,4107.6,10,17.825882643461227,17.825882643461227,17.825882643461227,1.8683525429314312,9.540963085849178,4.084987406584023e-07,24.872088817271177,True
1178,9262.5,2843.5,8,17.816831946372986,17.816831946372986,17.816831946372986,1.6768702115312395,10.625051255519345,4.082913344706372e-07,24.872640215773302,True
286,8142.571428571428,2383.8571428571427,7,17.80300922691822,17.80300922691822,17.80300922691822,1.6122961318697673,11.04202191831361,4.0797457240041135e-07,24.87348288251292,True
3215,9093.3,4104.8,10,17.795763701200485,17.795763701200485,17.795763701200485,1.6670182659037656,10.675206184110166,4.078085336022042e-07,24.873924848853658,True
1148,7862.75,2828.375,8,17.759633421897888,17.759633421897888,17.759633421897888,2.086571636212418,8.511394056010218,4.069805704718533e-07,24.876131431763888,True
2047,9193.4,3600.0,10,17.75818321108818,17.75818321108818,17.75818321108818,1.9155105597721558,9.270731043738262,4.069473373747156e-07,24.876220094104692,True
3600,9484.8,3404.7,10,17.741291254758835,17.741291254758835,17.741291254758835,1.6720993796119041,10.610189484596667,4.065602405321183e-07,24.87725336066518,True
1749,7497.3,3367.9,10,17.73145219683647,17.73145219683647,17.73145219683647,1.713198181604917,10.349913038213547,4.0633476823147886e-07,24.877855660946548,True
3513,8467.222222222223,4266.111111111111,9,17.724076315760612,17.724076315760612,17.724076315760612,1.7706237041467894,10.010075135812844,4.0616574220393234e-07,24.87830739649119,True
1410,9308.25,3028.0,8,17.72022235393524,17.72022235393524,17.72022235393524,1.6755204218531168,10.57595128225102,4.0607742463875487e-07,24.87854350701159,True
1038,8964.5,2763.0,6,17.706842452287674,17.706842452287674,17.706842452287674,2.0294252320319344,8.725052873497063,4.0577081020161956e-07,24.879363616970174,True
2816,9119.9,3957.4,10,17.70375034213066,17.70375034213066,17.70375034213066,1.863889051625329,9.49828549435001,4.056999512640634e-07,24.87955323344876,True
2526,9136.1,3837.7,10,17.683509558439255,17.683509558439255,17.683509558439255,1.8706603692585853,9.453083974536709,4.0523611254071627e-07,24.880795271070475,True
2354,8863.5,3761.0,6,17.677188903093338,17.677188903093338,17.677188903093338,2.0782044559376467,8.505991242867259,4.0509126811418293e-07,24.88118341749962,True
2135,8883.5,3640.0,6,17.655710250139236,17.655710250139236,17.655710250139236,2.4386422150004146,7.239975647734055,4.0459906232228587e-07,24.88250344243803,True
1674,9424.5,3289.5,8,17.646138072013855,17.646138072013855,17.646138072013855,1.6549205403401255,10.662831019299063,4.043797058512608e-07,24.883092242237346,True
1405,9355.125,3026.125,8,17.639416575431824,17.639416575431824,17.639416575431824,1.671517397399261,10.55293627387741,4.0422567572865665e-07,24.883505883023243,True
1057,7573.5,2774.625,8,17.607512831687927,17.607512831687927,17.607512831687927,1.6125090069387304,10.91932681053046,4.034945680801694e-07,24.885471390923794,True
582,8921.25,2521.25,8,17.591774821281433,17.591774821281433,17.591774821281433,1.869990020409096,9.407416418956554,4.0313391511503395e-07,24.886442281527962,True
3031,8675.555555555555,4039.222222222222,9,17.57526831328869,17.57526831328869,17.57526831328869,1.9527724119241512,9.000162131526128,4.0275565122411924e-07,24.88746151505234,True
1032,9134.5,2761.125,8,17.559510588645935,17.559510588645935,17.559510588645935,1.7681413284236076,9.931056022711248,4.0239454648664543e-07,24.88843540666806,True
551,8285.57142857143,2507.714285714286,7,17.548082545399666,17.548082545399666,17.548082545399666,2.1816439315244507,8.043513559583358,4.021326609257639e-07,24.88914225322931,True
167,8446.8,2186.5,10,17.546682566404343,17.546682566404343,17.546682566404343,1.8490107950989894,9.489767508612601,4.0210057894317845e-07,24.889228876284175,True
2561,7999.75,3854.5,8,17.51302134990692,17.51302134990692,17.51302134990692,1.8207816701686428,9.618408201728462,4.0132919696881824e-07,24.891313732035645,True
2115,7832.75,3632.0,8,17.5123428106308,17.5123428106308,17.5123428106308,1.8553342076170278,9.438915500363393,4.013136475317818e-07,24.891355799530224,True
2605,8016.875,3875.625,8,17.47625958919525,17.47625958919525,17.47625958919525,1.8207357211928774,9.598460328852925,4.0048676278166113e-07,24.893595207285813,True
651,8821.0,2549.0,7,17.4747783690691,17.4747783690691,17.4747783690691,2.0290018364321813,8.612500026021138,4.004528190736118e-07,24.893687233984487,True
1159,7571.444444444444,2834.222222222222,9,17.448223158717155,17.448223158717155,17.448223158717155,1.7329056090328656,10.068767201033532,3.9984427866056994e-07,24.89533840699938,True
3429,8746.7,4207.6,10,17.44362708926201,17.44362708926201,17.44362708926201,1.8655151786489015,9.3505682981875,3.9973895492306095e-07,24.895624440500065,True
196,8330.857142857143,2340.285714285714,7,17.42450113594532,17.42450113594532,17.42450113594532,1.7284143555124114,10.081205979557833,3.9930066370348845e-07,24.896815542122436,True
194,8450.0,2339.5,8,17.423036456108093,17.423036456108093,17.423036456108093,1.8731552189445466,9.301437638427704,3.9926709903345543e-07,24.896906811465325,True
1399,9492.7,3023.1,10,17.41934272646904,17.41934272646904,17.41934272646904,1.6687943811276513,10.43827982851806,3.9918245335637647e-07,24.897137014804407,True
596,8386.2,2529.4,5,17.401481494307518,17.401481494307518,17.401481494307518,2.3032707702589885,7.555117582788943,3.98773144544548e-07,24.898250864838353,True
2318,8013.285714285715,3745.285714285714,7,17.377921298146248,17.377921298146248,17.377921298146248,1.8981567556632823,9.155156046147408,3.982332380134639e-07,24.89972185972743,True
76,8104.454545454546,2100.2727272727275,11,17.367643252015114,17.367643252015114,17.367643252015114,1.5931736475060814,10.901287050035027,3.9799770583898627e-07,24.900364200542363,True
522,9140.285714285714,2492.4285714285716,7,17.365868285298347,17.365868285298347,17.365868285298347,1.5603546601161118,11.129436614113159,3.979570306206528e-07,24.900475168051432,True
804,9394.636363636364,2634.5454545454545,11,17.360945120453835,17.360945120453835,17.360945120453835,1.6761797225967772,10.357448480260725,3.978442111502646e-07,24.900783014227066,True
641,7934.888888888889,2549.0,9,17.356644198298454,17.356644198298454,17.356644198298454,1.9275863653110377,9.004340615107933,3.9774565102175464e-07,24.90105202293496,True
1905,8082.2,3509.4,5,17.343877658247948,17.343877658247948,17.343877658247948,2.700554064660629,6.422340469020568,3.9745309240698614e-07,24.901850921316083,True
1467,7913.0,3077.5,6,17.340227156877518,17.340227156877518,17.340227156877518,2.588234443272344,6.6996354221119185,3.973694373508849e-07,24.902079468746624,True
103,8170.181818181818,2133.909090909091,11,17.321532621979713,17.321532621979713,17.321532621979713,1.7032806487482635,10.169511779934366,3.969410325354999e-07,24.90325063463475,True
2909,8761.333333333334,3995.4444444444443,9,17.312578722834587,17.312578722834587,17.312578722834587,1.8942555506805216,9.139515899327812,3.9673584457381946e-07,24.9038120217941,True
1240,9471.181818181818,2884.909090909091,11,17.307308569550514,17.307308569550514,17.307308569550514,1.7473506933149312,9.904885513689585,3.9661507350050545e-07,24.904142583024473,True
2600,8013.222222222223,3873.5555555555557,9,17.29336266219616,17.29336266219616,17.29336266219616,1.9284415298338802,8.967532795088605,3.962954884507473e-07,24.90501780172999,True
942,9066.555555555555,2708.4444444444443,9,17.28546480834484,17.28546480834484,17.28546480834484,1.9851833150227116,8.707238609925092,3.9611450087124304e-07,24.9055137691553,True
2697,7858.2,3909.6,10,17.263921469449997,17.263921469449997,17.263921469449997,1.8677156087449673,9.243335221174643,3.9562081273337407e-07,24.90686779529359,True
1179,7541.666666666667,2844.8888888888887,9,17.262328669428825,17.262328669428825,17.262328669428825,1.6682795269913826,10.34738387071149,3.955843120553553e-07,24.906967971863256,True
1597,7501.833333333333,3211.833333333333,6,17.261323004961014,17.261323004961014,17.261323004961014,1.3405803183934515,12.876008075105075,3.9556126620248827e-07,24.907031226256684,True
1190,7859.0,2850.5,8,17.242993712425232,17.242993712425232,17.242993712425232,2.1003115958407803,8.209731235389695,3.9514123129774976e-07,24.90818475023739,True
1771,8983.8,3391.8,5,17.232415065169334,17.232415065169334,17.232415065169334,2.8235447725468372,6.103113799617811,3.948988105341704e-07,24.908851058257557,True
1236,9096.0,2881.285714285714,7,17.22341652214527,17.22341652214527,17.22341652214527,1.981151657421105,8.693638600371086,3.9469259951132166e-07,24.909418163663133,True
2348,9364.9,3758.0,10,17.21968576312065,17.21968576312065,17.21968576312065,1.625699815369369,10.592168123737059,3.946071052671521e-07,24.909653370127792,True
3328,8584.0,4152.714285714286,7,17.218887999653816,17.218887999653816,17.218887999653816,1.5665213459317757,10.991799150628188,3.945888236831171e-07,24.909703671901894,True
2921,9007.25,3998.875,8,17.19718635082245,17.19718635082245,17.19718635082245,1.670809688027461,10.292726020235884,3.940915077075137e-07,24.911072931435804,True
3034,8064.818181818182,4040.6363636363635,11,17.189327135682106,17.189327135682106,17.189327135682106,1.9613674384855648,8.763950496167379,3.939114055744745e-07,24.911569232671503,True
3013,8580.57142857143,4035.1428571428573,7,17.188450053334236,17.188450053334236,17.188450053334236,1.777692347788374,9.668967791146976,3.9389130631533963e-07,24.911624633580914,True
2975,8485.75,4019.75,8,17.18747651576996,17.18747651576996,17.18747651576996,1.9219710312688292,8.94263037066864,3.938689966840611e-07,24.911686130394877,True
2684,8952.0,3905.5555555555557,9,17.178851172327995,17.178851172327995,17.178851172327995,1.8764171154202842,9.15513455465377,3.936713379198775e-07,24.912231131765697,True
2706,7888.875,3914.125,8,17.161943793296814,17.161943793296814,17.161943793296814,1.6722243054703239,10.262943635704366,3.932838876499406e-07,24.91330023660403,True
3595,9480.444444444445,3144.777777777778,9,17.143066927790642,17.143066927790642,17.143066927790642,1.6106178968040483,10.643782713334836,3.9285130453800827e-07,24.91449512317892,True
2389,8236.333333333334,3775.166666666667,6,17.126349478960037,17.126349478960037,17.126349478960037,2.2327891665733612,7.670383632881769,3.924682067172208e-07,24.915554419939095,True
1846,7992.666666666667,3464.5,6,17.113944083452225,17.113944083452225,17.113944083452225,2.5963526200035414,6.591533042006013,3.92183924107284e-07,24.91634115312536,True
1218,7528.0,2864.9,10,17.10495635867119,17.10495635867119,17.10495635867119,1.7347481898486266,9.860195536600479,3.919779609957864e-07,24.91691149865321,True
3255,8716.8,4121.3,10,17.083334654569626,17.083334654569626,17.083334654569626,1.8722117831547667,9.124680662880664,3.914824770372618e-07,24.91828480333652,True
3125,8493.285714285714,4073.0,7,17.082683756947517,17.082683756947517,17.082683756947517,1.6829028285626149,10.150724965824686,3.91467561037631e-07,24.918326172108586,True
218,9187.5,2352.0833333333335,12,17.043029844760895,17.043029844760895,17.043029844760895,1.683026701306979,10.126416789184557,3.905588501752067e-07,24.920849413556443,True
2438,9097.625,3797.875,8,17.01500165462494,17.01500165462494,17.01500165462494,1.714743031716043,9.922770549239111,3.8991655489017226e-07,24.922636435666334,True
967,9085.714285714286,2721.4285714285716,7,16.99690790474415,16.99690790474415,16.99690790474415,1.7228712075047716,9.865454730862158,3.8950191769167133e-07,24.923791621684003,True
1987,9084.25,3558.375,8,16.989497542381287,16.989497542381287,16.989497542381287,1.997264696634869,8.50638253958345,3.893321014893773e-07,24.92426508739651,True
1089,7857.142857142857,2792.4285714285716,7,16.985818102955818,16.985818102955818,16.985818102955818,1.895141052875712,8.962825261571593,3.892477832874854e-07,24.924500252282375,True
2220,9208.777777777777,3685.333333333333,9,16.95613007247448,16.95613007247448,16.95613007247448,1.7742765194664243,9.556644573966222,3.8856745102530125e-07,24.926399576245455,True
316,8709.625,2402.5,8,16.91118562221527,16.91118562221527,16.91118562221527,1.899529013836378,8.902830911785152,3.875375019508185e-07,24.92928128354908,True
3366,8607.111111111111,4171.777777777777,9,16.902072951197624,16.902072951197624,16.902072951197624,1.7746239517075966,9.524312424011825,3.8732867556565726e-07,24.929866495238393,True
2226,9192.777777777777,3687.5555555555557,9,16.884305521845818,16.884305521845818,16.884305521845818,1.775396129159683,9.510162405185241,3.869215163432996e-07,24.931008419526396,True
1821,9062.166666666666,3449.166666666667,6,16.87976649403572,16.87976649403572,16.87976649403572,2.1605564419191565,7.812694066460924,3.8681749977473334e-07,24.931300338513843,True
2576,9057.285714285714,3859.4285714285716,7,16.864430621266365,16.864430621266365,16.864430621266365,1.580842194646643,10.668003851602643,3.864660622140537e-07,24.932287217139923,True
3329,8645.222222222223,4153.111111111111,9,16.83900885283947,16.83900885283947,16.83900885283947,1.775890432467924,9.482008881279118,3.858834958079237e-07,24.933925111671474,True
1296,7511.2,2925.7,10,16.838915079832077,16.838915079832077,16.838915079832077,1.7235578084033665,9.7698580214324,3.8588134690140423e-07,24.933931157931887,True
3560,8539.2,4332.4,10,16.787805289030075,16.787805289030075,16.787805289030075,1.86457282139212,9.003566445045589,3.8471011260150884e-07,24.937231616163555,True
2903,8766.5,3991.5,8,16.786115527153015,16.786115527153015,16.786115527153015,1.7856664569636806,9.400476478510921,3.8467138994117285e-07,24.937340905493144,True
870,7947.5,2664.5,8,16.77059304714203,16.77059304714203,16.77059304714203,2.0258088584402296,8.278467624065252,3.843156760804228e-07,24.938345373479052,True
523,7952.25,2494.875,8,16.75980317592621,16.75980317592621,16.75980317592621,1.7651757645130257,9.494693680291878,3.8406841489893255e-07,24.939044139705977,True
2800,7879.6,3952.7,10,16.752070635557175,16.752070635557175,16.752070635557175,1.866139208299479,8.976860119038234,3.8389121565073713e-07,24.939545185945867,True
2511,9239.5,3831.5,8,16.712100386619568,16.712100386619568,16.712100386619568,1.6672781616095869,10.023582609926192,3.829752556008821e-07,24.942138835553585,True
3588,7858.875,2786.25,8,16.689277052879333,16.689277052879333,16.689277052879333,2.025932714411465,8.237823958397147,3.824522350426865e-07,24.94362261409874,True
289,8210.333333333334,2386.1111111111113,9,16.672856375575066,16.672856375575066,16.672856375575066,1.929062700593233,8.642983128774281,3.8207593805174834e-07,24.944691402180524,True
2660,9132.777777777777,3896.8888888888887,9,16.67040066421032,16.67040066421032,16.67040066421032,1.770646155904909,9.414868469691914,3.8201966285797626e-07,24.94485132985278,True
3603,9210.25,3535.75,8,16.662190794944763,16.662190794944763,16.662190794944763,1.77565485172451,9.383687814533607,3.818315251189914e-07,24.945386166904928,True
794,9364.3,2628.1,10,16.661682814359665,16.661682814359665,16.661682814359665,1.639583900034015,10.162141024935655,3.818198842127069e-07,24.94541926827358,True
674,9013.125,2559.875,8,16.65974509716034,16.65974509716034,16.65974509716034,1.787503313758608,9.320119839179297,3.8177547939688325e-07,24.9455455443579,True
799,9225.444444444445,2630.6666666666665,9,16.64313940703869,16.64313940703869,16.64313940703869,1.7713523718886264,9.395724798275836,3.813949426437735e-07,24.94662829744266,True
537,8385.8,2501.6,5,16.635366305708885,16.635366305708885,16.635366305708885,2.100001251596918,7.921598281457566,3.812168138987489e-07,24.947135503971904,True
503,8994.666666666666,2483.777777777778,9,16.634682700037956,16.634682700037956,16.634682700037956,1.8186092593893037,9.14692511002828,3.8120114835997776e-07,24.94718012160542,True
3177,8876.125,4092.25,8,16.63456380367279,16.63456380367279,16.63456380367279,1.669414292331346,9.964311363623546,3.8119842372544433e-07,24.94718788193076,True
1433,9491.5,3044.8,10,16.633290022611618,16.633290022611618,16.633290022611618,1.6733718621703686,9.939984290782915,3.811692337004806e-07,24.94727102466807,True
217,8888.222222222223,2352.8888888888887,9,16.631691500544548,16.631691500544548,16.631691500544548,1.7714651855977255,9.388664048135219,3.811326018957967e-07,24.947375373037083,True
1210,7884.571428571428,2860.4285714285716,7,16.629452899098396,16.629452899098396,16.629452899098396,2.0647357316355106,8.054034540258543,3.8108130200283325e-07,24.947521521384388,True
1200,7499.1,2855.3,10,16.625589102506638,16.625589102506638,16.625589102506638,1.672073364938941,9.943097863480263,3.809927590637002e-07,24.94777381779503,True
2577,8062.0,3860.0,7,16.625269129872322,16.625269129872322,16.625269129872322,1.773406649617086,9.374764176880724,3.8098542655620096e-07,24.947794713849575,True
465,7856.0,2465.375,8,16.61043107509613,16.61043107509613,16.61043107509613,1.6711224396415518,9.939685256490836,3.80645397015385e-07,24.94876416623058,True
1672,9131.857142857143,3288.5714285714284,7,16.592489436268806,16.592489436268806,16.592489436268806,2.072441896469229,8.006250725068357,3.8023424560073133e-07,24.949937550284965,True
2279,9092.0,3718.875,8,16.575062155723572,16.575062155723572,16.575062155723572,1.7914209472725402,9.252466418325241,3.7983488124395767e-07,24.951078510667717,True
2178,9195.666666666666,3663.222222222222,9,16.570432230830193,16.570432230830193,16.570432230830193,1.775725665121774,9.331639766379025,3.797287816736802e-07,24.951381832564575,True
889,7964.0,2674.5,6,16.56932643055916,16.56932643055916,16.56932643055916,1.823715892293373,9.085475704070756,3.797034411041739e-07,24.951454289784447,True
888,9220.777777777777,2673.777777777778,9,16.56284289062023,16.56284289062023,16.56284289062023,1.7727628590085773,9.342954590036396,3.7955486400686917e-07,24.9518792190469,True
1658,7806.833333333333,3275.833333333333,6,16.557583838701248,16.557583838701248,16.557583838701248,1.9850471712342799,8.341153841903882,3.794343473329445e-07,24.952224017932842,True
2833,8907.625,3964.875,8,16.50590407848358,16.50590407848358,16.50590407848358,1.727328595088557,9.55574065375636,3.782500515878926e-07,24.955618132465283,True
1767,7797.714285714285,3388.5714285714284,7,16.497551158070564,16.497551158070564,16.497551158070564,1.9842085972862926,8.31442378620548,3.780586356822803e-07,24.956167715424797,True
1632,7845.666666666667,3249.833333333333,6,16.483002692461014,16.483002692461014,16.483002692461014,2.0916630862904126,7.880333501364122,3.777252423800309e-07,24.957125600906775,True
521,9122.285714285714,2493.0,7,16.47980470955372,16.47980470955372,16.47980470955372,1.5615589397292418,10.553431119552329,3.776519572576947e-07,24.95733627263708,True
2739,7946.888888888889,3927.222222222222,9,16.47609333693981,16.47609333693981,16.47609333693981,1.7770710399281933,9.271488289857881,3.775669072733983e-07,24.957580815912923,True
754,9183.0,2608.5,6,16.46347811818123,16.46347811818123,16.46347811818123,1.4486491314133236,11.364710585315587,3.772778163442655e-07,24.958412447886364,True
284,9165.181818181818,2383.909090909091,11,16.461748495697975,16.461748495697975,16.461748495697975,1.6939224308367526,9.718124157294682,3.772381802364578e-07,24.95852651931095,True
3168,8235.625,4087.625,8,16.428513884544373,16.428513884544373,16.428513884544373,1.6771268156394645,9.795630080770257,3.7647657436963703e-07,24.960720726973058,True
3341,8714.111111111111,4159.222222222223,9,16.41032414138317,16.41032414138317,16.41032414138317,1.7734713397308164,9.253222070041451,3.7605973738473877e-07,24.96192352621398,True
1560,7937.5,3174.5,4,16.4088436961174,16.4088436961174,16.4088436961174,2.2771924615924823,7.205734241998323,3.7602581143342534e-07,24.96202147952183,True
2140,9210.0,3643.7,10,16.400655955076218,16.400655955076218,16.400655955076218,1.871565725529193,8.76306705736389,3.758381807858407e-07,24.962563379103514,True
2454,8289.0,3804.5,6,16.39554598927498,16.39554598927498,16.39554598927498,2.3548720253996698,6.9623936300709675,3.757210805761981e-07,24.962901715532215,True
691,9268.5,2568.5,8,16.372373461723328,16.372373461723328,16.372373461723328,1.5767890311545132,10.383363365824277,3.751900578766745e-07,24.964437318447143,True
1471,9185.5,3081.375,8,16.351449370384216,16.351449370384216,16.351449370384216,1.9281803819270904,8.480248800188502,3.7471056044407e-07,24.965825789881624,True
769,9091.0,2617.1111111111113,9,16.342145010828972,16.342145010828972,16.342145010828972,1.855021667700528,8.809678773772266,3.744973413156279e-07,24.966443775177837,True
1585,9470.0,3200.0,9,16.331779047846794,16.331779047846794,16.331779047846794,1.6363584816904762,9.980563079903426,3.7425979443457715e-07,24.967132685494473,True
3531,8568.111111111111,4287.222222222223,9,16.30053000152111,16.30053000152111,16.30053000152111,1.7697359722207093,9.210712929718435,3.735436898620218e-07,24.969212111212066,True
2255,8905.5,3702.5,4,16.27842777967453,16.27842777967453,16.27842777967453,1.7172019196502148,9.47962356284249,3.7303719433691e-07,24.97068528210398,True
502,9299.090909090908,2483.272727272727,11,16.27028502523899,16.27028502523899,16.27028502523899,1.645689034339679,9.88660961198379,3.728505946044346e-07,24.9712285222336,True
1697,7616.714285714285,3318.285714285714,7,16.252491667866707,16.252491667866707,16.252491667866707,1.562930246355663,10.398731297038488,3.7244284121437573e-07,24.972416544671727,True
1529,9466.125,3136.75,8,16.235248923301697,16.235248923301697,16.235248923301697,1.5525343891064785,10.457255592673524,3.720477056925515e-07,24.973569045489622,True
1706,9341.5,3325.375,8,16.234360575675964,16.234360575675964,16.234360575675964,1.672632371682717,9.70587491341192,3.720273482777947e-07,24.97362845557769,True
2755,9013.111111111111,3934.1111111111113,9,16.228655859827995,16.228655859827995,16.228655859827995,1.7765096317139786,9.135135306961757,3.718966187489226e-07,24.974010047757215,True
648,7595.7,2550.6,10,16.218922823667526,16.218922823667526,16.218922823667526,1.5341688773500057,10.571797579209617,3.716735760478201e-07,24.974661406686746,True
119,8760.875,2146.125,8,16.205385088920593,16.205385088920593,16.205385088920593,1.4800726234264838,10.949047251076005,3.7136334470017243e-07,24.975568035728074,True
426,8913.75,2443.5,8,16.187310576438904,16.187310576438904,16.187310576438904,1.717025144621097,9.427532629413546,3.709491483467878e-07,24.976779676452516,True
398,8796.0,2430.0,7,16.16760988533497,16.16760988533497,16.16760988533497,1.7018701537337713,9.499907998189219,3.704976864098379e-07,24.978101871403297,True
1988,9371.0,3558.0,8,16.16436517238617,16.16436517238617,16.16436517238617,1.6676580961922571,9.692853234901124,3.704233304197367e-07,24.978319792042424,True
1145,9146.285714285714,2826.0,7,16.139009669423103,16.139009669423103,16.139009669423103,1.717499586900538,9.396805561128632,3.6984228255600175e-07,24.980024220347218,True
2696,9208.3,3909.1,10,16.132287710905075,16.132287710905075,16.132287710905075,1.8069113815464464,8.928101220491646,3.696882418476512e-07,24.980476527780013,True
1532,9423.777777777777,3138.8888888888887,9,16.132267519831657,16.132267519831657,16.132267519831657,1.7583414408426357,9.174706996668817,3.6968777914809075e-07,24.980477886681708,True
3249,8021.625,4117.875,8,16.11032235622406,16.11032235622406,16.11032235622406,1.6652916443973398,9.674174737155004,3.691848827767554e-07,24.981955848744867,True
823,9102.5,2645.0,8,16.10050332546234,16.10050332546234,16.10050332546234,1.7572903172033496,9.162119183064519,3.689598694194438e-07,24.982617792504342,True
1855,7928.0,3470.5,6,16.092806845903397,16.092806845903397,16.092806845903397,2.172600986111154,7.407161714820312,3.687834965424191e-07,24.983136928102457,True
2062,7579.222222222223,3607.4444444444443,9,16.09236006438732,16.09236006438732,16.09236006438732,1.6719619805271912,9.624836121759893,3.687732580767949e-07,24.983167071607323,True
1105,9235.25,2801.625,8,16.092220664024353,16.092220664024353,16.092220664024353,1.6752403338150297,9.605917634144763,3.6877006357171156e-07,24.983176476857764,True
1975,8900.2,3551.4,5,16.07993684709072,16.07993684709072,16.07993684709072,2.4179328947320253,6.650282512853951,3.684885670619324e-07,24.984005577947485,True
2828,8880.333333333334,3963.4444444444443,9,16.056457087397575,16.056457087397575,16.056457087397575,1.8538252009604006,8.661257317615112,3.6795050381662487e-07,24.985592117480575,True
1897,8956.2,3500.4,5,16.05295167863369,16.05295167863369,16.05295167863369,2.267827005970902,7.078560946830731,3.6787017370932076e-07,24.9858291787887,True
965,9024.5,2722.5,6,16.052622824907303,16.052622824907303,16.052622824907303,1.7452937012832688,9.197662727542207,3.678626376823101e-07,24.985851420932143,True
507,8183.2,2484.4,5,16.0436981767416,16.0436981767416,16.0436981767416,1.618929397818231,9.910066614617707,3.6765812003740985e-07,24.986455216854893,True
228,8244.25,2356.0,8,16.039413332939148,16.039413332939148,16.039413332939148,1.804531016171827,8.888410999421623,3.675599283611698e-07,24.98674522676084,True
288,8000.428571428572,2386.285714285714,7,16.03040762245655,16.03040762245655,16.03040762245655,1.563256639605415,10.254495145789255,3.67353553088514e-07,24.987355010407036,True
618,9345.0,2538.714285714286,7,16.00131531059742,16.00131531059742,16.00131531059742,1.3122881080083302,12.193446860448,3.666868723414792e-07,24.989327216836067,True
781,7593.2,2621.4,10,15.988568037748337,15.988568037748337,15.988568037748337,1.6158538711776955,9.894810615575814,3.6639475525477833e-07,24.990192501415322,True
3606,9025.0,3622.0,7,15.98547287285328,15.98547287285328,15.98547287285328,1.982231729562186,8.064381492058942,3.6632382631470564e-07,24.990402705224476,True
1565,9343.777777777777,3180.0,9,15.982254549860954,15.982254549860954,15.982254549860954,1.7737958657886899,9.010199458749275,3.6625007507805207e-07,24.990621316310396,True
2052,9414.0,3599.714285714286,7,15.981527999043465,15.981527999043465,15.981527999043465,1.4658243308369359,10.902758033712372,3.662334254063413e-07,24.9906706748321,True
2534,8487.8,3842.4,5,15.961631640791893,15.961631640791893,15.961631640791893,2.4261349185632883,6.579037100807268,3.6577747955210126e-07,24.99202321475199,True
1505,9338.25,3114.125,8,15.942191004753113,15.942191004753113,15.942191004753113,1.6728845355447188,9.5297617175725,3.653319770488996e-07,24.993346404467395,True
931,8697.5,2699.5,4,15.926188170909882,15.926188170909882,15.926188170909882,2.61655794824924,6.086694231849986,3.6496525537779497e-07,24.99443681809947,True
2650,8178.875,3892.25,8,15.918140769004822,15.918140769004822,15.918140769004822,1.957873969803069,8.130319425313129,3.6478084074826217e-07,24.99498557237249,True
994,9355.8,2736.4,10,15.915413111448288,15.915413111448288,15.915413111448288,1.8129591086249985,8.778693924056018,3.6471833362314095e-07,24.99517163495172,True
1568,9238.285714285714,3180.5714285714284,7,15.912575915455818,15.912575915455818,15.912575915455818,1.6868772536080794,9.433155780256236,3.646533163102198e-07,24.99536520334931,True
928,9053.42857142857,2698.714285714286,7,15.910522654652596,15.910522654652596,15.910522654652596,1.766636516966573,9.006109916697506,3.646062636918931e-07,24.99550530910237,True
695,8657.6,2570.2,5,15.910418376326561,15.910418376326561,15.910418376326561,2.1718943785913005,7.325594896859636,3.646038740450119e-07,24.995512425092677,True
887,8089.2,2673.6,5,15.904224261641502,15.904224261641502,15.904224261641502,2.129338879876362,7.46909024765704,3.6446192943004115e-07,24.99593519738225,True
1517,9310.375,3123.875,8,15.896321654319763,15.896321654319763,15.896321654319763,1.6753067188204371,9.488603773709071,3.642808329197916e-07,24.996474820008885,True
756,9089.0,2610.5,8,15.84503972530365,15.84503972530365,15.84503972530365,1.7447619844608513,9.081490694101708,3.6310565389272114e-07,24.999983093945932,True
1962,7848.0,3546.0,8,15.843618750572205,15.843618750572205,15.843618750572205,1.9855742376254593,7.97936357671498,3.63073090770888e-07,25.00008046655728,True
666,7592.8,2556.8,10,15.835314482450485,15.835314482450485,15.835314482450485,1.536690713083468,10.304815632467719,3.6288278978340466e-07,25.000649693096193,True
2954,8387.142857142857,4012.857142857143,7,15.821230128407478,15.821230128407478,15.821230128407478,1.812970377363803,8.726689815755705,3.6256003208300737e-07,25.00161580574696,True
655,9160.111111111111,2551.4444444444443,9,15.810789629817009,15.810789629817009,15.810789629817009,1.7724333817062248,8.920385833963941,3.623207771405534e-07,25.002332524300733,True
2896,8127.428571428572,3991.285714285714,7,15.804053977131844,15.804053977131844,15.804053977131844,1.6233875942577605,9.735231458607837,3.621664226160434e-07,25.002795164077455,True
492,7903.0,2477.5,8,15.794801115989685,15.794801115989685,15.794801115989685,1.6769868047368026,9.418560164800239,3.619543836275872e-07,25.00343102044612,True
2092,9412.0,3622.25,8,15.772268652915955,15.772268652915955,15.772268652915955,1.5491609966361197,10.181168185336569,3.614380286748675e-07,25.00498101005716,True
344,7858.777777777777,2412.4444444444443,9,15.77118544280529,15.77118544280529,15.77118544280529,1.7650744181680382,8.935139096953273,3.6141320578250787e-07,25.005055578963372,True
2908,8593.333333333334,3995.5,6,15.761904746294022,15.761904746294022,15.761904746294022,1.7634071127551951,8.938324356459692,3.6120052891746203e-07,25.00569467829922,True
2602,9137.0,3873.375,8,15.7465261220932,15.7465261220932,15.7465261220932,1.6706574988305736,9.425346687226705,3.608481116630267e-07,25.006754529897023,True
1617,9109.2,3236.6,5,15.743443354964256,15.743443354964256,15.743443354964256,1.8551743952120068,8.486233636900275,3.607774668307284e-07,25.006967110089956,True
858,8767.4,2660.2,5,15.735337123274803,15.735337123274803,15.735337123274803,2.41363026723586,6.519365180689104,3.605917040551701e-07,25.007526294994214,True
2923,9212.0,3999.5,10,15.7322618663311,15.7322618663311,15.7322618663311,1.644381437216081,9.567282572202737,3.605212313266197e-07,25.007738508059116,True
1616,7446.0,3237.5,8,15.71489942073822,15.71489942073822,15.71489942073822,1.4471751731056248,10.85901673327783,3.6012335273057477e-07,25.0089374104037,True
3597,9455.0,3381.0,9,15.71206621825695,15.71206621825695,15.71206621825695,1.6629460962056801,9.448331641119903,3.600584269331387e-07,25.009133172893343,True
3283,8835.125,4133.25,8,15.69685161113739,15.69685161113739,15.69685161113739,1.6680126558827384,9.410511098808403,3.5970976830162726e-07,25.01018504301333,True
2860,8259.166666666666,3978.166666666667,6,15.683685332536697,15.683685332536697,15.683685332536697,1.6160797807804699,9.70477170685374,3.59408049259989e-07,25.011096124058447,True
605,8351.833333333334,2532.3333333333335,6,15.655629187822342,15.655629187822342,15.655629187822342,2.4205965966467673,6.46767379971944,3.5876511336655947e-07,25.01304010915744,True
2432,9353.0,3793.285714285714,7,15.653274729847908,15.653274729847908,15.653274729847908,1.3544055688268208,11.557302399019736,3.587111585001034e-07,25.013203405852657,True
2657,8763.142857142857,3894.857142857143,7,15.63695640861988,15.63695640861988,15.63695640861988,1.884963787921773,8.295626955178845,3.5833720710568234e-07,25.014335861134683,True
3198,8061.444444444444,4100.666666666666,9,15.621785685420036,15.621785685420036,15.621785685420036,1.769351524589944,8.829102339649811,3.57989554120079e-07,25.0153897362186,True
2355,7917.142857142857,3762.142857142857,7,15.606311038136482,15.606311038136482,15.606311038136482,1.7253528277618055,9.045286730356244,3.57634936396295e-07,25.01646577913825,True
2471,7943.25,3816.0,8,15.599544405937195,15.599544405937195,15.599544405937195,1.8009911734827555,8.661644007821986,3.574798719438248e-07,25.016936638057107,True
2704,8903.125,3914.25,8,15.597870230674744,15.597870230674744,15.597870230674744,1.8048308443127046,8.642289264850495,3.574415064670609e-07,25.01705316775795,True
1636,7891.4,3254.2,5,15.590707644820213,15.590707644820213,15.590707644820213,2.119908868362287,7.354423521452905,3.572773683225463e-07,25.017551855383253,True
243,8069.285714285715,2362.5714285714284,7,15.583390906453133,15.583390906453133,15.583390906453133,1.5638202994281722,9.964949880847158,3.5710969761201483e-07,25.01806151232674,True
2070,9349.5,3610.5,8,15.579155325889587,15.579155325889587,15.579155325889587,1.6675810085018252,9.342367924833882,3.5701263485440713e-07,25.018356656578433,True
2245,9419.4,3696.0,10,15.57752725481987,15.57752725481987,15.57752725481987,1.6129785770072291,9.657615715964996,3.569753259034293e-07,25.018470125379313,True
1723,9150.0,3343.5,6,15.571919471025467,15.571919471025467,15.571919471025467,1.824098805622846,8.536774117182961,3.56846817673923e-07,25.018861051999192,True
1709,7842.5,3332.0,6,15.552857428789139,15.552857428789139,15.552857428789139,2.051497935687793,7.581220121274375,3.564099910435865e-07,25.020190947602742,True
1671,7565.75,3288.0,8,15.545384287834167,15.545384287834167,15.545384287834167,1.654607961107514,9.39520699358224,3.5623873620420894e-07,25.020712768735148,True
1483,9505.4,3088.4,10,15.531269758939743,15.531269758939743,15.531269758939743,1.6379399244896093,9.482197440043088,3.559152870155387e-07,25.021699017516276,True
919,9088.375,2692.25,8,15.509443640708923,15.509443640708923,15.509443640708923,1.8131004441965302,8.554100623797423,3.554151186934937e-07,25.023225877441998,True
3256,8904.25,4120.625,8,15.501531481742859,15.501531481742859,15.501531481742859,1.6634379914680542,9.318971648628816,3.5523380329732663e-07,25.023779908239145,True
1404,9211.0,3025.5,6,15.483920603990555,15.483920603990555,15.483920603990555,1.615781859023418,9.582927619542076,3.5483023161857196e-07,25.02501408546394,True
2082,8058.4,3617.2,5,15.450724467635155,15.450724467635155,15.450724467635155,2.191907550054774,7.048985468045427,3.5406950744198376e-07,25.02734430524507,True
2779,9297.714285714286,3941.0,7,15.450206950306892,15.450206950306892,15.450206950306892,1.3530122512146263,11.419118294336899,3.540576479912574e-07,25.027380672258886,True
960,9096.5,2719.0,8,15.444755911827087,15.444755911827087,15.444755911827087,1.8161318048855952,8.5042043040483,3.53932731744538e-07,25.027763802021425,True
3320,8467.833333333334,4150.833333333334,6,15.428038150072098,15.428038150072098,15.428038150072098,1.4501559825472432,10.638881841505269,3.5354962675276104e-07,25.028939664558365,True
1815,9189.875,3446.5,8,15.405086874961853,15.405086874961853,15.405086874961853,1.8898905816209588,8.151311522886639,3.53023674284288e-07,25.030556045312167,True
814,8983.57142857143,2638.857142857143,7,15.399961665272713,15.399961665272713,15.399961665272713,1.8190091220900295,8.466126683069218,3.5290622474501414e-07,25.030917325429,True
627,8377.4,2543.8,5,15.38932977616787,15.38932977616787,15.38932977616787,2.395557765453221,6.424111327265918,3.5266258388879314e-07,25.031667159338422,True
399,8835.125,2430.75,8,15.38006341457367,15.38006341457367,15.38006341457367,1.768087440260161,8.698700677558463,3.5245023552336145e-07,25.032321109483682,True
3633,9098.888888888889,4076.6666666666665,9,15.379284903407097,15.379284903407097,15.379284903407097,1.6206452802413573,9.48960583226251,3.524323951259183e-07,25.032376068889896,True
2557,9253.625,3853.25,8,15.37773311138153,15.37773311138153,15.37773311138153,1.6321088533306862,9.42200214158498,3.523968341889995e-07,25.032485626766086,True
1783,7551.666666666667,3407.5555555555557,9,15.368699595332146,15.368699595332146,15.368699595332146,1.7047349148628264,9.015301711333112,3.521898217227054e-07,25.033123620500636,True
706,7806.25,2578.75,8,15.363883376121521,15.363883376121521,15.363883376121521,1.6738181558557241,9.178944153743437,3.5207945302334697e-07,25.03346392015034,True
3627,8455.0,3980.166666666667,6,15.359696418046951,15.359696418046951,15.359696418046951,1.8260947774253486,8.411226299931117,3.519835045009169e-07,25.033759844780732,True
1980,9275.5,3554.0,8,15.356841921806335,15.356841921806335,15.356841921806335,1.674667474160603,9.170084305544703,3.519180907347193e-07,25.0339616403014,True
2452,8106.6,3804.2,5,15.351168498396873,15.351168498396873,15.351168498396873,1.6737798744919907,9.171557581940762,3.5178807830479694e-07,25.03436282821207,True
939,8253.5,2705.5,4,15.347903907299042,15.347903907299042,15.347903907299042,2.5615296514939634,5.991694805620411,3.517132667861248e-07,25.034593746248632,True
1776,7926.6,3394.2,5,15.327565059065819,15.327565059065819,15.327565059065819,2.2771237058278557,6.731107765396273,3.5124718081125937e-07,25.036033504326983,True
2375,9387.0,3771.0,8,15.313199400901794,15.313199400901794,15.313199400901794,1.403661945743437,10.909463954151223,3.509179767327794e-07,25.037051580513502,True
787,9309.0,2623.125,8,15.310957789421082,15.310957789421082,15.310957789421082,1.562219504491414,9.800772391716885,3.5086660786172647e-07,25.037210526846675,True
472,7945.625,2470.0,8,15.308987498283386,15.308987498283386,15.308987498283386,1.7127573674764855,8.93821144137835,3.508214565800437e-07,25.037350253838667,True
405,8734.666666666666,2433.1666666666665,6,15.307149916887283,15.307149916887283,15.307149916887283,1.6662795305624465,9.186423787922553,3.507793464808593e-07,25.037480585671602,True
3546,8124.875,4308.25,8,15.283571124076843,15.283571124076843,15.283571124076843,1.6054530886817986,9.519786801510245,3.502390137881136e-07,25.039154318961792,True
1990,9181.5,3559.5,8,15.269421458244324,15.269421458244324,15.269421458244324,1.789802487340193,8.531344417191002,3.4991475939976545e-07,25.040159968770826,True
1191,9260.125,2851.125,8,15.243469595909119,15.243469595909119,15.243469595909119,1.686984702083868,9.035926394044617,3.4932004533742644e-07,25.042006852650985,True
2680,8218.833333333334,3903.333333333333,6,15.235737830400467,15.235737830400467,15.235737830400467,1.7049109102095124,8.93638356066839,3.49142863845967e-07,25.04255769754679,True
2883,7801.166666666667,3987.166666666667,6,15.225223571062088,15.225223571062088,15.225223571062088,1.3132930749354987,11.59316519795847,3.489019185988457e-07,25.043307228221995,True
2179,9248.75,3663.375,8,15.216490149497986,15.216490149497986,15.216490149497986,1.6710730640565876,9.105819773409207,3.4870178311147986e-07,25.043930201838442,True
3615,7991.5,3751.0,8,15.177784323692322,15.177784323692322,15.177784323692322,1.942492665113446,7.81356068739951,3.47814798639855e-07,25.04669548180367,True
879,9103.25,2669.375,8,15.175946116447449,15.175946116447449,15.175946116447449,1.771559702712749,8.56643221970384,3.4777267419869165e-07,25.046826985123435,True
2204,9078.625,3674.5,8,15.172674059867859,15.172674059867859,15.172674059867859,1.85554820992321,8.176922582084659,3.476976916006986e-07,25.04706110386001,True
1856,9168.714285714286,3471.4285714285716,7,15.165188029408455,15.165188029408455,15.165188029408455,1.7955624072931595,8.445926450571122,3.475261413848489e-07,25.047596926354075,True
594,8971.285714285714,2528.4285714285716,7,15.163272097706795,15.163272097706795,15.163272097706795,1.6938401175498727,8.952009071340425,3.474822358064846e-07,25.047734104200124,True
1726,7549.0,3347.285714285714,7,15.163108542561531,15.163108542561531,15.163108542561531,1.5105193884221875,10.03834089041396,3.4747848776930714e-07,25.04774581530702,True
604,7866.428571428572,2533.285714285714,7,15.16045255959034,15.16045255959034,15.16045255959034,1.5969589001562166,9.493326696201965,3.4741762314225657e-07,25.047936010440676,True
2829,8896.25,3963.0,8,15.154741168022156,15.154741168022156,15.154741168022156,1.7382504027211338,8.718387836584565,3.4728674063227517e-07,25.04834511649715,True
3318,8359.25,4150.125,8,15.1534184217453,15.1534184217453,15.1534184217453,1.6745051033350906,9.049490737032947,3.472564285181929e-07,25.04843988658829,True
3489,8703.75,4251.0,8,15.13145911693573,15.13145911693573,15.13145911693573,1.6676294340648008,9.07363399076809,3.467532080864274e-07,25.05001440287359,True
2566,8182.833333333333,3854.666666666667,6,15.12814524769783,15.12814524769783,15.12814524769783,1.8123114166454939,8.347431412035874,3.466772673076472e-07,25.05025221086212,True
3022,8885.125,4037.0,8,15.122425436973572,15.122425436973572,15.122425436973572,1.6737398250485427,9.035111198680466,3.4654619186390075e-07,25.050662795226057,True
936,9430.75,2702.25,8,15.093852877616882,15.093852877616882,15.093852877616882,1.4398573141480733,10.482880997515736,3.458914217889459e-07,25.05271614349612,True
3224,8016.75,4109.25,8,15.091243147850037,15.091243147850037,15.091243147850037,1.6669734407290933,9.053079538717483,3.458316171024382e-07,25.052903883703884,True
2414,8845.333333333334,3785.333333333333,6,15.090996772050858,15.090996772050858,15.090996772050858,2.0425398825632857,7.388348644195093,3.4582597114337374e-07,25.05292160930184,True
2242,9258.285714285714,3692.142857142857,7,15.079939559102058,15.079939559102058,15.079939559102058,1.5617683180593056,9.655682846634248,3.4557258354652264e-07,25.05371742265201,True
2290,9212.625,3728.125,8,15.076176047325134,15.076176047325134,15.076176047325134,1.6719587800195068,9.017074001758129,3.454863387387857e-07,25.05398842446589,True
3525,8475.714285714286,4276.857142857143,7,15.070792868733406,15.070792868733406,15.070792868733406,1.5613731013577925,9.652268798295314,3.453629775723603e-07,25.054376172366656,True
1146,7478.5,2827.5,8,15.06749951839447,15.06749951839447,15.06749951839447,1.4474691042754608,10.409548275599704,3.452875070056057e-07,25.05461345918213,True
1339,9148.42857142857,2966.0,7,15.039089396595955,15.039089396595955,15.039089396595955,1.9357154297108354,7.769266683400128,3.4463645935715156e-07,25.0566625725547,True
3128,8740.714285714286,4074.0,7,15.03015060722828,15.03015060722828,15.03015060722828,1.5851836253749507,9.481646395175908,3.4443161765182114e-07,25.05730809386005,True
3640,8485.142857142857,4331.428571428572,7,15.026580527424812,15.026580527424812,15.026580527424812,1.560058589538333,9.632061659858312,3.4434980554002084e-07,25.05756601711174,True
2628,8240.714285714286,3881.4285714285716,7,15.021459773182869,15.021459773182869,15.021459773182869,1.9632962407762087,7.651142736994181,3.442324581019784e-07,25.05793607707401,True
615,9206.125,2538.75,8,15.016221404075623,15.016221404075623,15.016221404075623,1.6669396195111694,9.008257544732865,3.4411241539631195e-07,25.058314767227735,True
790,9213.285714285714,2623.4285714285716,7,15.016002848744392,15.016002848744392,15.016002848744392,1.562909362759623,9.607724674597057,3.4410740697236136e-07,25.058330569815904,True
269,9042.0,2376.0,9,15.014990374445915,15.014990374445915,15.014990374445915,1.7684587489746022,8.490438571525624,3.4408420506510385e-07,25.05840377951593,True
2695,8986.0,3908.5555555555557,9,15.014901205897331,15.014901205897331,15.014901205897331,1.8308319590655087,8.201135626647691,3.440821616745727e-07,25.058410227326192,True
3294,7996.0,4136.5,6,14.972841769456863,14.972841769456863,14.972841769456863,1.394362107423187,10.738130138323264,3.431183257085015e-07,25.061455837185957,True
3419,8165.285714285715,4200.0,7,14.963703826069832,14.963703826069832,14.963703826069832,1.5593822858369115,9.595917538616195,3.429089201805693e-07,25.062118665584027,True
1183,7984.6,2845.8,5,14.958666667342186,14.958666667342186,14.958666667342186,2.0475182600546655,7.305754951822903,3.427934884211498e-07,25.0624842132035,True
3192,8929.625,4095.75,8,14.948980212211609,14.948980212211609,14.948980212211609,1.6676504867036017,8.964096692563466,3.425715131730554e-07,25.063187507276826,True
413,8289.714285714286,2437.5714285714284,7,14.944235041737556,14.944235041737556,14.944235041737556,1.9542764965035457,7.646939963958392,3.4246277262978864e-07,25.063532201106575,True
3607,9431.444444444445,3652.8888888888887,9,14.937823340296745,14.937823340296745,14.937823340296745,1.5652563389271597,9.543371886636319,3.4231584178678716e-07,25.0639981272758,True
3079,8663.0,4054.0,7,14.905542090535164,14.905542090535164,14.905542090535164,1.7091116970522562,8.72122174123733,3.4157608319316025e-07,25.066346986713377,True
3211,8967.0,4104.0,7,14.888436034321785,14.888436034321785,14.888436034321785,1.5442134912464383,9.641436316104407,3.4118408002784374e-07,25.067593726340725,True
89,8809.888888888889,2116.1111111111113,9,14.861436411738396,14.861436411738396,14.861436411738396,1.4734204328974385,10.086351512387957,3.405653554438124e-07,25.069564455852596,True
2408,9247.125,3781.875,8,14.856840014457703,14.856840014457703,14.856840014457703,1.6682268667285116,8.905767141607553,3.4046002419383825e-07,25.069900308101047,True
2554,8760.0,3852.166666666667,6,14.850290328264236,14.850290328264236,14.850290328264236,1.9398502980577128,7.65537956363601,3.40309931285944e-07,25.070379063973004,True
1205,9003.5,2857.0,6,14.848725348711014,14.848725348711014,14.848725348711014,2.100802964977255,7.06811899842867,3.4027406814303914e-07,25.070493488974872,True
949,9382.75,2711.375,8,14.843846678733826,14.843846678733826,14.843846678733826,1.534605444022596,9.672744702263197,3.401622683190624e-07,25.070850275087444,True
3091,8645.714285714286,4059.714285714286,7,14.827751353383064,14.827751353383064,14.827751353383064,1.7126976661233548,8.657541635439536,3.3979342710834763e-07,25.072028187996338,True
2095,8916.6,3624.2,5,14.827467784285545,14.827467784285545,14.827467784285545,2.055093539270324,7.214984379518874,3.3978692882596e-07,25.07204895204696,True
2137,9238.285714285714,3641.0,7,14.821572974324226,14.821572974324226,14.821572974324226,1.5645042394092796,9.473654721396285,3.396518430917059e-07,25.072480683294636,True
3345,8984.75,4159.0,8,14.820388674736023,14.820388674736023,14.820388674736023,1.5432084121418295,9.60362097441311,3.396247036282628e-07,25.072567441179018,True
1544,9350.4,3152.2,5,14.813311442732811,14.813311442732811,14.813311442732811,1.3216886053330081,11.207868012904976,3.3946252145650257e-07,25.07308604041779,True
1504,7886.8,3112.4,5,14.806425914168358,14.806425914168358,14.806425914168358,2.109201129779238,7.019921289212513,3.393047323694989e-07,25.073590830024525,True
2870,8612.833333333334,3981.833333333333,6,14.803404837846756,14.803404837846756,14.803404837846756,1.8056333943326361,8.198455392058202,3.3923550124655864e-07,25.07381238427646,True
2970,8192.375,4017.75,8,14.802067160606384,14.802067160606384,14.802067160606384,1.7333351475103582,8.539645193179773,3.3920484697383465e-07,25.07391049888252,True
2004,7579.5,3571.625,8,14.790127635002136,14.790127635002136,14.790127635002136,1.5957495668100137,9.268451605829584,3.389312402598814e-07,25.074786620171196,True
1716,9281.166666666666,3338.833333333333,6,14.780853778123856,14.780853778123856,14.780853778123856,1.4922188929467495,9.90528524198984,3.387187201321774e-07,25.075467623101737,True
2373,7857.5,3771.25,8,14.775646567344666,14.775646567344666,14.775646567344666,1.7495963389707567,8.445174602981169,3.385993914521795e-07,25.075850189187786,True
1939,9369.666666666666,3531.777777777778,9,14.75706247985363,14.75706247985363,14.75706247985363,1.769501051920327,8.339674318836222,3.3817351765461143e-07,25.077216634728046,True
1123,7807.0,2812.8333333333335,6,14.753806620836258,14.753806620836258,14.753806620836258,1.6388052737319807,9.002782000596111,3.3809890624069383e-07,25.07745620774876,True
1647,9344.777777777777,3265.8888888888887,9,14.747486636042595,14.747486636042595,14.747486636042595,1.7737689254685098,8.314209604358306,3.3795407718056656e-07,25.07792139660331,True
2447,9276.555555555555,3802.8888888888887,9,14.744869276881218,14.744869276881218,14.744869276881218,1.7235923256203294,8.554731335076273,3.378940976585054e-07,25.07811410834314,True
242,7851.625,2363.625,8,14.739191889762878,14.739191889762878,14.739191889762878,1.5146167983175935,9.731300950930217,3.377639943960494e-07,25.078532242384046,True
2159,8954.333333333334,3651.166666666667,6,14.736829787492752,14.736829787492752,14.736829787492752,2.0382496304712845,7.2301398058319775,3.377098643525642e-07,25.0787062563665,True
1699,7870.8,3318.4,5,14.733757838606834,14.733757838606834,14.733757838606834,1.9847319271328014,7.423550574858554,3.3763946743161704e-07,25.07893260584952,True
2311,9036.4,3738.8,5,14.731001242995262,14.731001242995262,14.731001242995262,1.4707839923506185,10.015747601013837,3.375762971607051e-07,25.07913575943091,True
2417,7581.1,3786.0,10,14.726116389036179,14.726116389036179,14.726116389036179,1.5795578639766243,9.322935692879504,3.374643556243169e-07,25.07949585324003,True
2783,8525.166666666666,3945.5,6,14.71881678700447,14.71881678700447,14.71881678700447,1.962218168343111,7.501111254837162,3.3729707761082936e-07,25.080034176239177,True
2868,8274.0,3980.5,6,14.712195426225662,14.712195426225662,14.712195426225662,1.6293446812151384,9.029516956015438,3.371453422048644e-07,25.080522712018478,True
1439,9007.5,3049.5,4,14.705828368663788,14.705828368663788,14.705828368663788,2.412393627727074,6.095948936210476,3.369994344230313e-07,25.080992692263845,True
1717,7459.5,3340.125,8,14.687838435173035,14.687838435173035,14.687838435173035,1.4689854834666993,9.998627352334891,3.3658717628566514e-07,25.08232170811486,True
2076,9140.0,3614.285714285714,7,14.683936312794685,14.683936312794685,14.683936312794685,1.6651839672442565,8.818206637609778,3.364977550710564e-07,25.082610194296095,True
278,8848.833333333334,2379.3333333333335,6,14.66495469212532,14.66495469212532,14.66495469212532,1.449806554308899,10.115111321948662,3.3606277138502084e-07,25.0840146109506,True
980,7839.166666666667,2726.8333333333335,6,14.64982083439827,14.64982083439827,14.64982083439827,1.637059012405243,8.948865449189931,3.3571596321027546e-07,25.08513564144915,True
3479,8312.57142857143,4246.285714285714,7,14.640497878193855,14.640497878193855,14.640497878193855,1.5603488462526538,9.38283635313641,3.3550231792017175e-07,25.08582680985381,True
862,8956.5,2661.0,6,14.634809523820877,14.634809523820877,14.634809523820877,1.836798844323889,7.967562462838893,3.3537196333160767e-07,25.086248738975247,True
909,7987.571428571428,2686.285714285714,7,14.631775096058846,14.631775096058846,14.631775096058846,2.0843319287424147,7.019887233069904,3.353024262464489e-07,25.086473882300755,True
886,7922.0,2672.714285714286,7,14.63038082420826,14.63038082420826,14.63038082420826,1.8604039667616903,7.864088168804871,3.3527047504905283e-07,25.086577347775595,True
272,8743.125,2376.5,8,14.629352927207947,14.629352927207947,14.629352927207947,1.787392882463487,8.18474386394833,3.352469197144558e-07,25.086653631790888,True
2963,9118.285714285714,4014.0,7,14.613934710621834,14.613934710621834,14.613934710621834,1.4995487628197715,9.745554844873197,3.3489359515911124e-07,25.087798517941774,True
1157,7986.0,2830.0,5,14.611455783247948,14.611455783247948,14.611455783247948,2.0185526422350013,7.238580494521912,3.3483678794621356e-07,25.08798270444261,True
718,9367.888888888889,2583.6666666666665,9,14.598815962672234,14.598815962672234,14.598815962672234,1.5019671433857686,9.719797151995781,3.345471332407159e-07,25.088922340458094,True
1362,7555.625,2982.0,8,14.59535014629364,14.59535014629364,14.59535014629364,1.6349673159609732,8.92699811415804,3.344677104343211e-07,25.089180129108396,True
1129,9198.285714285714,2817.142857142857,7,14.59335632622242,14.59335632622242,14.59335632622242,1.62347534072013,8.988960879288255,3.344220199625232e-07,25.089328457890453,True
2690,8693.8,3907.6,5,14.589514598250389,14.589514598250389,14.589514598250389,1.7272207403582118,8.44681531280399,3.3433398274888755e-07,25.089614317577315,True
3134,8275.25,4076.5,8,14.58314836025238,14.58314836025238,14.58314836025238,1.7320992229690264,8.419349288347991,3.3418809374821736e-07,25.090088189654203,True
969,9333.57142857143,2722.285714285714,7,14.578738883137703,14.578738883137703,14.578738883137703,1.5437818627362994,9.443522582456954,3.3408704596930313e-07,25.090416531159953,True
2781,9196.714285714286,3943.0,7,14.568760588765144,14.568760588765144,14.568760588765144,1.4740981487601832,9.883168635018274,3.338583829198129e-07,25.09115990853925,True
2546,9002.57142857143,3847.5714285714284,7,14.554240420460701,14.554240420460701,14.554240420460701,1.660288246992025,8.766092542562346,3.335256380798995e-07,25.092242563017656,True
1914,9367.125,3517.0,8,14.552698493003845,14.552698493003845,14.552698493003845,1.6687636065689953,8.720647092085395,3.3349030319988764e-07,25.092357595826265,True
1268,9104.714285714286,2904.714285714286,7,14.54977722465992,14.54977722465992,14.54977722465992,2.013516985183196,7.226051397493494,3.334233592811215e-07,25.092575565379526,True
2810,9070.5,3955.0,6,14.536806613206863,14.536806613206863,14.536806613206863,1.4462633048095235,10.05128634935628,3.3312612415677345e-07,25.09354389245873,True
981,9062.0,2726.8333333333335,6,14.532304793596268,14.532304793596268,14.532304793596268,1.6459188703058887,8.82929593661897,3.3302296025300603e-07,25.093880179902072,True
1298,7547.75,2928.625,8,14.51850974559784,14.51850974559784,14.51850974559784,1.6060441254164088,9.039919586165503,3.3270683230313717e-07,25.094911323738938,True
1035,7945.166666666667,2761.6666666666665,6,14.516855269670486,14.516855269670486,14.516855269670486,1.9903966470645547,7.293448414455483,3.32668918257236e-07,25.095035057290435,True
3301,8839.57142857143,4140.428571428572,7,14.506175711750984,14.506175711750984,14.506175711750984,1.5597328060071256,9.300423544264872,3.3242418502028146e-07,25.095834090528193,True
2708,8519.0,3915.166666666667,6,14.490028411149979,14.490028411149979,14.490028411149979,2.1031523882003227,6.88967118714073,3.320541527423587e-07,25.09704333230409,True
660,9132.57142857143,2553.4285714285716,7,14.487407878041267,14.487407878041267,14.487407878041267,1.5650141967425657,9.257045660157898,3.319941004859755e-07,25.097239706313943,True
2505,9033.142857142857,3830.5714285714284,7,14.486890509724617,14.486890509724617,14.486890509724617,1.6377236456446131,8.845747906401224,3.319822444500061e-07,25.09727848036846,True
803,9098.57142857143,2633.714285714286,7,14.48653955757618,14.48653955757618,14.48653955757618,1.6408694471109373,8.828575352586695,3.319742020145466e-07,25.097304783188168,True
1854,7624.0,3471.0,7,14.485095217823982,14.485095217823982,14.485095217823982,1.5614788284084744,9.276523609729507,3.3194110345883094e-07,25.097413038864754,True
3032,9046.25,4039.5,8,14.479828715324402,14.479828715324402,14.479828715324402,1.6660838700041891,8.690936258381756,3.3182041604706103e-07,25.097807863481762,True
110,8710.777777777777,2137.4444444444443,9,14.476811930537224,14.476811930537224,14.476811930537224,1.6135460020365693,8.972047845097089,3.3175128326911966e-07,25.098034093624776,True
1564,7524.25,3179.0,8,14.476236701011658,14.476236701011658,14.476236701011658,1.5790220031533388,9.167849891959909,3.317381012830445e-07,25.098077235715266,True
1514,9271.2,3121.4,5,14.474195823073387,14.474195823073387,14.474195823073387,1.375207054609711,10.525102946902216,3.316913324310165e-07,25.09823031495295,True
1867,9109.166666666666,3481.166666666667,6,14.471943885087967,14.471943885087967,14.471943885087967,1.8534418044556082,7.808145823784662,3.3163972691731014e-07,25.098399250129194,True
1294,9494.333333333334,2924.3333333333335,9,14.470737501978874,14.470737501978874,14.470737501978874,1.5507623372674981,9.331370226257146,3.316120813868939e-07,25.098489761011834,True
478,8161.285714285715,2471.285714285714,7,14.468433573842049,14.468433573842049,14.468433573842049,1.838541078606674,7.869518795199753,3.315592844645039e-07,25.098662637988166,True
3273,8935.714285714286,4128.142857142857,7,14.458345130085945,14.458345130085945,14.458345130085945,1.5168621582532993,9.531746211359806,3.3132809722671045e-07,25.099419956263517,True
2878,8941.142857142857,3984.714285714286,7,14.442547038197517,14.442547038197517,14.442547038197517,1.5672184890538507,9.21540113205062,3.3096606743159143e-07,25.10060694813476,True
2720,8541.5,3918.666666666667,6,14.432897597551346,14.432897597551346,14.432897597551346,2.0775526218596676,6.947067162434668,3.307449404091118e-07,25.101332599122124,True
1077,7610.625,2785.125,8,14.429660677909851,14.429660677909851,14.429660677909851,1.6676360325376156,8.652763790401233,3.306707630107967e-07,25.10157612852987,True
1247,9263.42857142857,2889.4285714285716,7,14.420986846089363,14.420986846089363,14.420986846089363,1.601281591972511,9.005903095610511,3.3047199308471663e-07,25.102228973046955,True
3431,8774.5,4207.375,8,14.415733695030212,14.415733695030212,14.415733695030212,1.6677201340243804,8.643976528749798,3.3035161163516535e-07,25.10262454759566,True
2502,7810.875,3830.0,8,14.414721369743347,14.414721369743347,14.414721369743347,1.6717665079741484,8.622448949052789,3.3032841314266473e-07,25.102700794620752,True
1083,9359.42857142857,2788.5714285714284,7,14.41451807320118,14.41451807320118,14.41451807320118,1.5591753178078485,9.24496296764596,3.303237543898211e-07,25.102716107297773,True
2568,8301.2,3855.6,5,14.412145480513573,14.412145480513573,14.412145480513573,1.9428671330042908,7.417977912996968,3.3026938394744986e-07,25.102894831400274,True
1250,7558.125,2890.875,8,14.411745429039001,14.411745429039001,14.411745429039001,1.6168181111176072,8.913646705180119,3.3026021634959065e-07,25.102924969619373,True
617,8768.333333333334,2538.6666666666665,6,14.398695021867752,14.398695021867752,14.398695021867752,1.9501881626612072,7.383233729723514,3.299611526229207e-07,25.103908592243673,True
3413,8414.166666666666,4196.166666666666,6,14.397311717271805,14.397311717271805,14.397311717271805,1.4475389635180265,9.946061612242406,3.2992945275163275e-07,25.104012905588004,True
3349,8978.5,4160.5,8,14.386419177055359,14.386419177055359,14.386419177055359,1.5438852427682817,9.318321581505385,3.296798388026359e-07,25.10483464936283,True
683,7617.0,2565.1111111111113,9,14.383501574397087,14.383501574397087,14.383501574397087,1.4976170260366577,9.60425884878062,3.2961297888688955e-07,25.105054861776715,True
2034,9331.5,3587.0,6,14.374585181474686,14.374585181474686,14.374585181474686,1.4458343780078209,9.942069022650484,3.2940865041952177e-07,25.105728122901777,True
3596,9483.875,3144.25,8,14.36953055858612,14.36953055858612,14.36953055858612,1.5105631784922418,9.512697491361447,3.2929281845059316e-07,25.10610997407283,True
2312,9393.0,3739.3,10,14.353071421384811,14.353071421384811,14.353071421384811,1.5963149778809753,8.991378030191612,3.289156401108982e-07,25.107354310023105,True
387,7949.166666666667,2426.1666666666665,6,14.34670975804329,14.34670975804329,14.34670975804329,1.4488978208360916,9.901809190219135,3.2876985594326494e-07,25.10783564388989,True
2672,9249.142857142857,3900.5714285714284,7,14.343946650624275,14.343946650624275,14.343946650624275,1.4724245536210947,9.741719272032368,3.2870653644747635e-07,25.108044771609315,True
332,8021.5,2409.0,8,14.340925097465515,14.340925097465515,14.340925097465515,1.67486265768607,8.562448408324073,3.2863729439731403e-07,25.108273506093468,True
2710,9199.142857142857,3915.714285714286,7,14.340303137898445,14.340303137898445,14.340303137898445,1.5127665818280704,9.479521368438224,3.286230415434739e-07,25.108320595012703,True
1246,7598.6,2888.8,5,14.326153621077538,14.326153621077538,14.326153621077538,1.3186502470154626,10.864255820299821,3.2829879056988265e-07,25.10939241522886,True
2187,8938.0,3665.5,6,14.322262793779373,14.322262793779373,14.322262793779373,2.069335245284173,6.921190187244193,3.282096281938472e-07,25.109687329406935,True
2197,8035.2,3672.4,5,14.318015918135643,14.318015918135643,14.318015918135643,1.9025418697716607,7.525729733272079,3.2811230659766623e-07,25.110009322549786,True
555,7864.5,2509.125,8,14.304269671440125,14.304269671440125,14.304269671440125,1.6754638809106972,8.537498083017491,3.2779729698068336e-07,25.111052202149153,True
1832,9190.0,3456.5,6,14.29910472035408,14.29910472035408,14.29910472035408,1.631820548483579,8.762669849722126,3.276789367257433e-07,25.111444307945767,True
1165,7630.5,2836.5,8,14.283120512962341,14.283120512962341,14.283120512962341,1.6700098251851658,8.55271645565239,3.273126418992516e-07,25.112658673470992,True
993,7834.4,2735.8,5,14.278349742293358,14.278349742293358,14.278349742293358,1.4930982624200175,9.56290024686719,3.272033147007488e-07,25.113021385785295,True
2522,9046.857142857143,3835.5714285714284,7,14.271290972828865,14.271290972828865,14.271290972828865,1.6165988639554871,8.827972907212079,3.2704155561736894e-07,25.11355827252242,True
929,9081.285714285714,2698.5714285714284,7,14.254286006093025,14.254286006093025,14.254286006093025,1.713731282778933,8.31769026412281,3.2665186902313584e-07,25.11485275362943,True
437,9109.75,2449.5,8,14.252902388572693,14.252902388572693,14.252902388572693,1.6674672770326227,8.547635437822056,3.2662016198085843e-07,25.114958147652562,True
3309,8033.0,4144.75,8,14.226581931114197,14.226581931114197,14.226581931114197,1.623690614842076,8.761879757799738,3.2601700117584253e-07,25.116965001527014,True
1924,7845.5,3523.0,6,14.202118903398514,14.202118903398514,14.202118903398514,1.7509613364204144,8.111040836819777,3.254564053156306e-07,25.11883356397587,True
168,8673.5,2188.25,8,14.189061999320984,14.189061999320984,14.189061999320984,1.6374484029873915,8.665349072028281,3.2515719270555966e-07,25.119832208909102,True
1487,9430.0,3093.833333333333,6,14.184968501329422,14.184968501329422,14.184968501329422,1.424583265034835,9.957275821980515,3.250633859186596e-07,25.120145485445846,True
1122,9378.57142857143,2812.285714285714,7,14.175584986805916,14.175584986805916,14.175584986805916,1.544705458058334,9.176885413886193,3.2484835287135026e-07,25.120863949690353,True
1605,7485.888888888889,3225.777777777778,9,14.170414492487907,14.170414492487907,14.170414492487907,1.6159887521021419,8.768881883648307,3.247298655874534e-07,25.121260040358734,True
2645,8208.0,3888.166666666667,6,14.164680510759354,14.164680510759354,14.164680510759354,1.7393819240407322,8.143513690112172,3.245984654003254e-07,25.1216994665646,True
3279,8363.0,4131.285714285714,7,14.164649680256844,14.164649680256844,14.164649680256844,1.5769386399660694,8.982372123598685,3.24597758887122e-07,25.121701829754453,True
1873,7960.8,3484.6,5,14.159332141280174,14.159332141280174,14.159332141280174,2.071030231053473,6.836854396894888,3.2447590192111266e-07,25.122109501577672,True
3449,8873.0,4222.666666666666,9,14.157001540064812,14.157001540064812,14.157001540064812,1.6559591556235749,8.549124833174881,3.2442249375723685e-07,25.1222882265604,True
3107,8660.857142857143,4067.714285714286,7,14.156202509999275,14.156202509999275,14.156202509999275,1.6855550505755725,8.398540590629363,3.2440418314776813e-07,25.12234950792365,True
1261,7887.833333333333,2899.0,6,14.145048171281815,14.145048171281815,14.145048171281815,1.9991959067410177,7.075368713784692,3.241485698123673e-07,25.123205347840347,True
2904,9238.111111111111,3992.222222222222,9,14.134849593043327,14.134849593043327,14.134849593043327,1.530936684125641,9.232811349814979,3.2391485872774634e-07,25.123988445870115,True
1174,7990.8,2839.8,5,14.119741305708885,14.119741305708885,14.119741305708885,2.0639719370192777,6.841052948665651,3.235686365252857e-07,25.12514957513035,True
415,9258.714285714286,2437.8571428571427,7,14.118600562214851,14.118600562214851,14.118600562214851,1.307787880528022,10.79578788917545,3.235424951952855e-07,25.125237296039625,True
1468,9031.0,3076.5,4,14.116594016551971,14.116594016551971,14.116594016551971,2.2052216351066023,6.401440014835318,3.234965131032481e-07,25.125391612615715,True
282,8724.0,2382.714285714286,7,14.116545870900154,14.116545870900154,14.116545870900154,1.7138507496061002,8.236741661515511,3.234954097952925e-07,25.12539531560288,True
2478,7906.857142857143,3818.142857142857,7,14.114543154835701,14.114543154835701,14.114543154835701,1.6448332175654268,8.581139415294102,3.234495154625075e-07,25.125549360056546,True
2957,8911.375,4012.875,8,14.103849291801453,14.103849291801453,14.103849291801453,1.6747202838592428,8.421614897563906,3.2320445440889027e-07,25.12637227828924,True
3626,8523.166666666666,3978.666666666667,6,14.093963652849197,14.093963652849197,14.093963652849197,1.8194884277876053,7.7461133786856,3.229779146552427e-07,25.12713355694432,True
1488,7867.5,3095.5,4,14.088736236095428,14.088736236095428,14.088736236095428,1.785077868334373,7.89250513157804,3.2285812293420866e-07,25.127536328553454,True
1683,7603.5,3300.0,6,14.088254004716873,14.088254004716873,14.088254004716873,1.4457430790455699,9.744645648947154,3.2284707209791704e-07,25.12757349193126,True
3246,8808.142857142857,4117.571428571428,7,14.087661460042,14.087661460042,14.087661460042,1.562265994673806,9.017453819049194,3.228334933170897e-07,25.127619158394687,True
957,7598.0,2718.25,8,14.080025553703308,14.080025553703308,14.080025553703308,1.604475512524057,8.775469269427193,3.2265850853874635e-07,25.12820781731915,True
1909,9039.5,3513.5,4,14.073401153087616,14.073401153087616,14.073401153087616,1.6393779258358327,8.584598420716398,3.225067034717406e-07,25.128718757020447,True
199,7942.75,2340.625,8,14.068276762962341,14.068276762962341,14.068276762962341,1.5982171520829451,8.802481405375518,3.2238927271362973e-07,25.129114165991044,True
16,8460.0,2026.0,9,14.063226267695427,14.063226267695427,14.063226267695427,1.5218585494125874,9.240823513541127,3.222735353334674e-07,25.1295040140284,True
2027,8922.2,3584.8,5,14.059388026595116,14.059388026595116,14.059388026595116,2.117273382020376,6.64032719911642,3.221855780251433e-07,25.129800381735002,True
1124,7832.0,2813.0,7,14.037236407399178,14.037236407399178,14.037236407399178,1.8215840093560947,7.706060404186986,3.2167795050811795e-07,25.131512389524037,True
2191,9112.375,3668.25,8,14.03417432308197,14.03417432308197,14.03417432308197,1.7866614053394427,7.854971446263293,3.2160777964407784e-07,25.131749257977166,True
601,8947.5,2531.0,6,14.026562720537186,14.026562720537186,14.026562720537186,1.6023403390609243,8.753797416569855,3.2143335181258546e-07,25.132338279758663,True
2652,8729.0,3893.5,6,14.025767356157303,14.025767356157303,14.025767356157303,1.8422575436330995,7.613358623299332,3.2141512520613656e-07,25.132399847257766,True
681,7821.75,2563.875,8,14.02458941936493,14.02458941936493,14.02458941936493,1.6747312467472641,8.374232848765494,3.2138813155281324e-07,25.13249103530456,True
713,7808.5,2583.0,6,14.0188789665699,14.0188789665699,14.0188789665699,1.449997596480892,9.668208416754187,3.212572705558003e-07,25.13293320924293,True
1305,9069.2,2933.6,5,14.010417804121971,14.010417804121971,14.010417804121971,1.9131342331204284,7.323280071817125,3.2106337417077317e-07,25.13358870843424,True
2869,8448.833333333334,3980.833333333333,6,13.994405776262283,13.994405776262283,13.994405776262283,1.8246104777435717,7.669804567585651,3.2069644180916757e-07,25.134830268853527,True
1790,7878.166666666667,3420.0,6,13.993962317705154,13.993962317705154,13.993962317705154,2.08725978055351,6.704466041114522,3.206862794926223e-07,25.134864674504417,True
57,8792.444444444445,2075.222222222222,9,13.983188673853874,13.983188673853874,13.983188673853874,1.430608599130099,9.774293739291474,3.2043939017815886e-07,25.135700880862117,True
124,8882.166666666666,2148.8333333333335,6,13.958848506212234,13.958848506212234,13.958848506212234,1.2304102855079724,11.3448730643936,3.19881609785014e-07,25.137592440003097,True
894,9414.25,2676.625,8,13.957139372825623,13.957139372825623,13.957139372825623,1.4420985434221356,9.678353422162806,3.1984244320628053e-07,25.13772538661469,True
2402,8183.2,3780.6,5,13.94883619248867,13.94883619248867,13.94883619248867,1.891931405067647,7.372802288246768,3.196521671465226e-07,25.13837148936436,True
2113,9279.125,3631.75,8,13.93880546092987,13.93880546092987,13.93880546092987,1.670839338121817,8.342397226892215,3.19422302444078e-07,25.139152532739676,True
2361,9326.0,3763.714285714286,7,13.929363921284676,13.929363921284676,13.929363921284676,1.4314581152920391,9.730891719764273,3.1920593969043037e-07,25.139888212336924,True
2661,7852.0,3897.285714285714,7,13.924545481801033,13.924545481801033,13.924545481801033,1.563028041485498,8.908698444441969,3.190955201111941e-07,25.14026385470542,True
429,8545.4,2444.2,5,13.92333398759365,13.92333398759365,13.92333398759365,1.8407879632823916,7.563790216645229,3.1906775745461606e-07,25.140358322445778,True
2513,8935.714285714286,3831.857142857143,7,13.91811104118824,13.91811104118824,13.91811104118824,1.7773036189176754,7.831026107775526,3.189480681762891e-07,25.140765682198015,True
742,9262.0,2602.5,6,13.914332896471024,13.914332896471024,13.914332896471024,1.4277832088693054,9.745410094498943,3.1886148803942423e-07,25.141060451032594,True
525,9223.125,2494.875,8,13.911893725395203,13.911893725395203,13.911893725395203,1.5401725048256134,9.032685417904133,3.188055918836684e-07,25.14125079637761,True
2617,8816.857142857143,3878.142857142857,7,13.908845141530037,13.908845141530037,13.908845141530037,1.8401584547426748,7.558504054736433,3.1873573039660383e-07,25.14148874533394,True
2998,8540.0,4027.0,7,13.905323222279549,13.905323222279549,13.905323222279549,1.7866498069070949,7.782903604568895,3.1865502193423474e-07,25.141763704139898,True
1509,7467.285714285715,3117.857142857143,7,13.893530562520027,13.893530562520027,13.893530562520027,1.3939724417533292,9.966861715748726,3.1838478080468574e-07,25.14268487294192,True
3440,7973.0,4215.285714285714,7,13.887185767292976,13.887185767292976,13.887185767292976,1.416727378155553,9.802299285959165,3.18239383187534e-07,25.143180812206253,True
2643,8831.0,3886.5,6,13.87972167134285,13.87972167134285,13.87972167134285,1.6628860162559997,8.3467667270383,3.180683356239005e-07,25.14376453147149,True
1486,7443.125,3092.125,8,13.863511443138123,13.863511443138123,13.863511443138123,1.4429925789476312,9.607472446773585,3.1769686129413737e-07,25.145033311759608,True
3414,8762.375,4196.5,8,13.851150870323181,13.851150870323181,13.851150870323181,1.6685140550752355,8.301488877598105,3.1741360584307713e-07,25.146001775467,True
3109,8194.714285714286,4068.714285714286,7,13.847255900502205,13.847255900502205,13.847255900502205,1.5665847859119963,8.839135950398589,3.173243485367998e-07,25.146307129476266,True
895,7813.285714285715,2677.0,7,13.845963194966316,13.845963194966316,13.845963194966316,1.655169065347903,8.365286353425176,3.172947248377093e-07,25.146408492716027,True
3213,8489.875,4105.375,8,13.841364741325378,13.841364741325378,13.841364741325378,1.7313480184416534,7.994559495775825,3.1718934646408983e-07,25.146769142010985,True
373,9117.714285714286,2421.1428571428573,7,13.8387600928545,13.8387600928545,13.8387600928545,1.5109728343686306,9.158841097654221,3.1712965822079254e-07,25.146973473542783,True
2641,9328.222222222223,3887.5555555555557,9,13.831031367182732,13.831031367182732,13.831031367182732,1.545465299504967,8.949428610019904,3.169525463903739e-07,25.147580009194407,True
2243,9038.57142857143,3693.5714285714284,7,13.815920069813728,13.815920069813728,13.815920069813728,1.795711183891174,7.69384308220192,3.1660625520982377e-07,25.148766894795564,True
1255,9255.857142857143,2894.714285714286,7,13.811894610524178,13.811894610524178,13.811894610524178,1.6170929005536732,8.541188082512235,3.1651400760092593e-07,25.149083285141522,True
2980,8629.2,4019.4,5,13.809741839766502,13.809741839766502,13.809741839766502,1.5228112599306487,9.068584008497167,3.164646746079389e-07,25.149252525017012,True
1321,7473.25,2951.125,8,13.804977774620056,13.804977774620056,13.804977774620056,1.4845020638741904,9.299399516220552,3.163555010734968e-07,25.149627145374186,True
944,7842.5,2709.0,6,13.802686244249344,13.802686244249344,13.802686244249344,1.62609975865897,8.488216156942483,3.163029882588811e-07,25.14980738499836,True
64,8165.25,2085.875,8,13.801409125328064,13.801409125328064,13.801409125328064,1.3815378217505485,9.989888737059895,3.1627372174336274e-07,25.149907849384753,True
2158,9308.0,3649.375,8,13.792622447013855,13.792622447013855,13.792622447013855,1.6684998098160153,8.266481282089424,3.1607236582187956e-07,25.150599304351218,True
2184,8934.0,3664.25,4,13.78459233045578,13.78459233045578,13.78459233045578,1.7041666967786582,8.088758192794423,3.158883473041476e-07,25.151231608127524,True
2480,7965.0,3817.5,6,13.775632411241531,13.775632411241531,13.775632411241531,1.5779355167851832,8.730161825184975,3.1568302138628824e-07,25.151937560935714,True
591,7798.375,2525.625,8,13.771555304527283,13.771555304527283,13.771555304527283,1.6700471715631449,8.246207376069064,3.1558959022264756e-07,25.1522589485451,True
628,9042.714285714286,2544.4285714285716,7,13.765729621052742,13.765729621052742,13.765729621052742,1.6153315826911103,8.521921919039873,3.154560885941211e-07,25.152718337012573,True
2669,9095.0,3898.714285714286,7,13.75409097969532,13.75409097969532,13.75409097969532,1.5636374131509632,8.796215071356453,3.1518937695730766e-07,25.153636692930124,True
1978,8006.2,3553.8,5,13.746171817183495,13.746171817183495,13.746171817183495,1.992353712435149,6.8994635497641,3.1500790106756615e-07,25.154262004895436,True
1323,9017.5,2951.5,4,13.731939971446991,13.731939971446991,13.731939971446991,2.0504338354547857,6.697090017733369,3.146817634407856e-07,25.155386684180336,True
86,8187.5,2114.5,8,13.72187077999115,13.72187077999115,13.72187077999115,1.436912115627081,9.549554653175713,3.1445101738958417e-07,25.15618311177324,True
2735,8901.57142857143,3922.4285714285716,7,13.721671774983406,13.721671774983406,13.721671774983406,1.677599187847624,8.179350511362875,3.144464569817393e-07,25.156198858059746,True
600,8715.666666666666,2531.1666666666665,6,13.72142031788826,13.72142031788826,13.72142031788826,2.049464532428336,6.6951245560859975,3.1444069457946443e-07,25.156218754948277,True
1824,7591.875,3452.125,8,13.710292220115662,13.710292220115662,13.710292220115662,1.6669152983757907,8.224948342291116,3.1418568258275426e-07,25.157099646309895,True
3422,8453.125,4202.625,8,13.70756471157074,13.70756471157074,13.70756471157074,1.6713571337897906,8.201457626527093,3.1412317887238993e-07,25.1573156628128,True
2876,8459.333333333334,3984.833333333333,6,13.69782641530037,13.69782641530037,13.69782641530037,1.8041004771782603,7.59260727912712,3.139000156303687e-07,25.158087278968864,True
1033,9207.714285714286,2762.142857142857,7,13.68941517174244,13.68941517174244,13.68941517174244,1.5664210279364243,8.739294817675319,3.137072631889043e-07,25.15875418745733,True
2933,8106.5,4004.5,6,13.68597987294197,13.68597987294197,13.68597987294197,1.4712964210779893,9.301986789932194,3.136285397247233e-07,25.15902668239633,True
561,8193.5,2510.0,6,13.68491843342781,13.68491843342781,13.68491843342781,1.8676186014965819,7.327469549972169,3.1360421572834727e-07,25.15911089178525,True
2997,8146.285714285715,4026.5714285714284,7,13.679310515522957,13.679310515522957,13.679310515522957,1.571450030456675,8.704896910751689,3.1347570442555973e-07,25.1595559048422,True
1506,9506.428571428572,3114.142857142857,7,13.677173808217049,13.677173808217049,13.677173808217049,1.3672834308432549,10.003173811432662,3.13426739543367e-07,25.159725510004787,True
1164,9324.833333333334,2835.0,6,13.661433726549149,13.661433726549149,13.661433726549149,1.4468049215851475,9.442484969971913,3.130660391131105e-07,25.160975725722558,True
697,8003.571428571428,2572.142857142857,7,13.657598689198494,13.657598689198494,13.657598689198494,1.8000075430085836,7.587523031359522,3.1297815522205987e-07,25.161280556352146,True
3577,8846.875,2357.875,8,13.646283030509949,13.646283030509949,13.646283030509949,1.6723852250172395,8.159772537077561,3.127188450708351e-07,25.162180488541157,True
1922,9299.714285714286,3520.857142857143,7,13.639094069600105,13.639094069600105,13.639094069600105,1.5658490070946494,8.710350747615651,3.125541025143485e-07,25.16275261296417,True
707,7981.166666666667,2579.0,6,13.632048636674881,13.632048636674881,13.632048636674881,1.646925915763073,8.277268883924704,3.123926490517115e-07,25.163313607555242,True
3038,8236.0,4040.5,6,13.615385085344315,13.615385085344315,13.615385085344315,1.5104889863124054,9.013892328062514,3.120107863484961e-07,25.164641602214818,True
3119,8434.0,4071.5,6,13.6062231361866,13.6062231361866,13.6062231361866,1.5655357091567454,8.69109727526778,3.118008307032268e-07,25.165372452515896,True
121,8306.0,2146.5714285714284,7,13.606036379933357,13.606036379933357,13.606036379933357,1.4863376094213143,9.154068559989332,3.117965509883994e-07,25.16538735521264,True
290,8764.0,2385.5,6,13.603672534227371,13.603672534227371,13.603672534227371,1.5349333392126183,8.86271226684392,3.1174238099225846e-07,25.165576002057776,True
1351,9313.714285714286,2971.4285714285716,7,13.598392680287361,13.598392680287361,13.598392680287361,1.5664460347021654,8.681047657586799,3.1162138761827e-07,25.165997479515852,True
1443,7639.0,3052.0,7,13.592189982533455,13.592189982533455,13.592189982533455,1.5665486089100813,8.676519774250833,3.114792463133016e-07,25.166492834375948,True
902,8970.166666666666,2683.1666666666665,6,13.591279059648514,13.591279059648514,13.591279059648514,1.8413009871002863,7.38134566530174,3.114583715628739e-07,25.166565600802834,True
2569,8803.6,3856.2,5,13.590813502669334,13.590813502669334,13.590813502669334,1.6670894023975142,8.15242030998685,3.1144770283787983e-07,25.166602792352126,True
1037,7579.25,2763.125,8,13.588163256645203,13.588163256645203,13.588163256645203,1.6164327470473958,8.406265761112287,3.1138696967897e-07,25.16681453454496,True
3011,9201.75,4032.875,8,13.582077860832214,13.582077860832214,13.582077860832214,1.4410670586736065,9.425014456532988,3.112475164706362e-07,25.167300885375372,True
3199,8616.0,4101.428571428572,7,13.561192229390144,13.561192229390144,13.561192229390144,1.641058532070272,8.263685885891022,3.1076890038678855e-07,25.168971744532413,True
3390,8814.285714285714,4183.285714285714,7,13.548960879445076,13.548960879445076,13.548960879445076,1.559170091709695,8.68985427022146,3.1048860621291517e-07,25.16995145278535,True
26,8365.444444444445,2044.3333333333333,9,13.522389456629753,13.522389456629753,13.522389456629753,1.5601797272772575,8.667199823335935,3.098796942743222e-07,25.172082825226617,True
1081,9213.625,2788.75,8,13.520982146263123,13.520982146263123,13.520982146263123,1.6781444001415113,8.057102919822007,3.0984744428569704e-07,25.17219582650769,True
1401,7869.2,3023.4,5,13.513647899031639,13.513647899031639,13.513647899031639,2.0023213969572518,6.748990406618597,3.096793723412294e-07,25.172784927075064,True
2547,9171.714285714286,3847.142857142857,7,13.50780363380909,13.50780363380909,13.50780363380909,1.5626431660484095,8.644202289616405,3.0954544489251703e-07,25.173254578413633,True
2069,9300.75,3611.125,8,13.5059894323349,13.5059894323349,13.5059894323349,1.6705267775857797,8.08486856574281,3.0950387056869085e-07,25.173400410894203,True
2677,8726.166666666666,3902.166666666667,6,13.485302954912186,13.485302954912186,13.485302954912186,1.8167450269408303,7.422782368982034,3.090298183074449e-07,25.1750646559079,True
1393,7890.2,3012.4,5,13.481989726424217,13.481989726424217,13.481989726424217,2.131237815277183,6.325896448431207,3.089538922121194e-07,25.175331445176266,True
3398,7965.0,4189.0,7,13.475730612874031,13.475730612874031,13.475730612874031,1.4219707442750953,9.476798778827062,3.088104580801873e-07,25.17583562329131,True
3625,8520.0,3977.5,6,13.47479823231697,13.47479823231697,13.47479823231697,1.8241199747057835,7.38701314560757,3.0878909160476547e-07,25.17591074755574,True
2359,7901.166666666667,3763.833333333333,6,13.463274985551834,13.463274985551834,13.463274985551834,1.5795755706472132,8.523349712249228,3.085250243556982e-07,25.17683963410759,True
2542,8258.5,3845.5,4,13.452871024608612,13.452871024608612,13.452871024608612,1.637160260496337,8.217198614709908,3.0828660671163705e-07,25.17767897846449,True
1282,7927.4,2915.4,5,13.452211245894432,13.452211245894432,13.452211245894432,2.0315038331929873,6.621799588116509,3.0827148719249474e-07,25.17773222830257,True
914,8969.8,2689.6,5,13.445169314742088,13.445169314742088,13.445169314742088,1.6960994331042545,7.927111496131047,3.08110113976645e-07,25.178300735690193,True
1886,9372.166666666666,3494.166666666667,6,13.42907002568245,13.42907002568245,13.42907002568245,1.445195599785293,9.292216242339482,3.077411819333966e-07,25.179601578692477,True
3376,7894.75,4175.0,8,13.40511405467987,13.40511405467987,13.40511405467987,1.4551595865536262,9.212126407680344,3.071922058079764e-07,25.181540141226716,True
2270,7792.0,3711.5,6,13.396115809679031,13.396115809679031,13.396115809679031,1.4547101834596003,9.208786713667124,3.0698600161464143e-07,25.182269191407862,True
2884,8839.285714285714,3986.5714285714284,7,13.377084448933601,13.377084448933601,13.377084448933601,1.623700882876791,8.238638403172363,3.065498780827514e-07,25.18381275292967,True
833,9392.875,2649.875,8,13.375419974327087,13.375419974327087,13.375419974327087,1.4474626386754386,9.240597730775853,3.0651173490666195e-07,25.18394785656826,True
1027,9128.166666666666,2757.1666666666665,6,13.374894171953201,13.374894171953201,13.374894171953201,1.539336255186007,8.68874109012461,3.064996855954518e-07,25.18399053888375,True
2003,9296.5,3570.0,6,13.369054824113846,13.369054824113846,13.369054824113846,1.4484091294913959,9.230164704090443,3.0636587083371723e-07,25.18446466418687,True
992,7601.5,2736.0,6,13.365879565477371,13.365879565477371,13.365879565477371,1.4170460665550035,9.432212460086996,3.062931064618088e-07,25.18472256594395,True
1997,7520.875,3562.625,8,13.363762736320496,13.363762736320496,13.363762736320496,1.4868973690279277,8.987683356422355,3.06244597108187e-07,25.18489453368177,True
626,8098.166666666667,2544.8333333333335,6,13.361728698015213,13.361728698015213,13.361728698015213,1.85418158018848,7.206267628145122,3.061979849935008e-07,25.18505980129076,True
2497,7993.375,3827.625,8,13.355368971824646,13.355368971824646,13.355368971824646,1.8421642868025092,7.249825147248889,3.0605224521770733e-07,25.185576697638798,True
1986,9291.285714285714,3557.0,7,13.339441016316414,13.339441016316414,13.339441016316414,1.5652891980605639,8.522029688088532,3.0568723946194675e-07,25.186872347244318,True
2310,8967.833333333334,3739.333333333333,6,13.334534674882889,13.334534674882889,13.334534674882889,1.7636673414248623,7.560685828717537,3.05574805517613e-07,25.187271762213356,True
2068,8915.8,3610.4,5,13.329765185713768,13.329765185713768,13.329765185713768,2.094033753693269,6.365592322570695,3.0546550768601956e-07,25.18766017722154,True
3460,8827.5,4228.875,8,13.324444651603699,13.324444651603699,13.324444651603699,1.619182714501301,8.229117401186901,3.053435820833964e-07,25.188093631945875,True
158,8811.75,2180.375,8,13.323338389396667,13.323338389396667,13.323338389396667,1.5283456300901448,8.717490420416768,3.0531823092814373e-07,25.188183778952023,True
3576,8847.75,2353.75,8,13.313974261283875,13.313974261283875,13.313974261283875,1.6720330010042754,7.9627461020727965,3.0510364214070755e-07,25.188947142243975,True
312,8199.0,2398.5,6,13.311803847551346,13.311803847551346,13.311803847551346,1.5833285305137577,8.407480564524368,3.050539048405032e-07,25.189124150913113,True
322,8917.5,2404.75,8,13.30749499797821,13.30749499797821,13.30749499797821,1.6735887499763775,7.951472545549821,3.0495516304692597e-07,25.18947564582291,True
2953,7852.125,4011.875,8,13.303853869438171,13.303853869438171,13.303853869438171,1.5703820762207905,8.471730587663492,3.04871722779034e-07,25.18977276004485,True
101,8691.5,2131.0,6,13.290735274553299,13.290735274553299,13.290735274553299,1.3305284867744167,9.989064801441312,3.0457109645960493e-07,25.190843905344384,True
2962,9011.166666666666,4014.166666666667,6,13.286551982164383,13.286551982164383,13.286551982164383,1.4459240475079471,9.188969507121609,3.0447523194019476e-07,25.19118569734109,True
3622,8237.166666666666,3865.333333333333,6,13.272162467241287,13.272162467241287,13.272162467241287,1.8679047406053007,7.105374368791633,3.0414548115913446e-07,25.192362201488486,True
509,9099.0,2484.5,6,13.271813422441483,13.271813422441483,13.271813422441483,1.446679359343377,9.173984087576484,3.0413748243256336e-07,25.192390755656696,True
356,8174.428571428572,2415.714285714286,7,13.269799426198006,13.269799426198006,13.269799426198006,1.716754764290448,7.7295835737392276,3.0409132960268075e-07,25.192555528510137,True
2143,9301.57142857143,3644.285714285714,7,13.248245909810066,13.248245909810066,13.248245909810066,1.5612752160431447,8.485528863633714,3.035974082369153e-07,25.19432047294242,True
3254,8513.285714285714,4119.857142857143,7,13.24386377632618,13.24386377632618,13.24386377632618,1.594639599731613,8.305239490199039,3.034969870658929e-07,25.1946796622314,True
1322,7636.0,2952.0,5,13.208266600966454,13.208266600966454,13.208266600966454,1.3226306301248718,9.986360742091266,3.0268124056984047e-07,25.19760185903406,True
2343,8606.25,3755.25,4,13.203791320323944,13.203791320323944,13.203791320323944,2.500118227105848,5.281266772575284,3.025786848342776e-07,25.197969795094245,True
1803,9144.4,3437.8,5,13.193278178572655,13.193278178572655,13.193278178572655,1.6343090806031173,8.072694654369707,3.023377651978331e-07,25.198834625883823,True
800,9086.857142857143,2632.285714285714,7,13.190390303730965,13.190390303730965,13.190390303730965,1.6540144882554415,7.974773133724737,3.0227158652608904e-07,25.199072308546118,True
2982,9091.0,4021.0,8,13.188860297203064,13.188860297203064,13.188860297203064,1.6330079241417945,8.076421493260233,3.022365248266295e-07,25.199198254768614,True
788,7582.0,2624.5714285714284,7,13.173387244343758,13.173387244343758,13.173387244343758,1.3394242306300514,9.835111940708382,3.018819436407444e-07,25.20047277854282,True
1184,8927.8,2846.8,5,13.172810420393944,13.172810420393944,13.172810420393944,2.2242979262918094,5.92223292783207,3.0186872511677034e-07,25.200520320784335,True
3039,8356.833333333334,4041.1666666666665,6,13.167570620775223,13.167570620775223,13.167570620775223,1.6111459314587373,8.172798232406706,3.017486496294376e-07,25.200952284180605,True
2258,7874.0,3703.5,6,13.162179976701736,13.162179976701736,13.162179976701736,1.6110875533092603,8.169748409803,3.016251173836913e-07,25.201396862453205,True
1799,7505.125,3434.75,8,13.160669207572937,13.160669207572937,13.160669207572937,1.5273882704456803,8.616452975465599,3.01590496529348e-07,25.201521491571466,True
3047,8645.0,4043.5,6,13.142993956804276,13.142993956804276,13.142993956804276,1.615372362857938,8.136200828365986,3.0118544967561097e-07,25.202980654309087,True
3176,8290.857142857143,4091.285714285714,7,13.140729144215584,13.140729144215584,13.140729144215584,1.6108574654972128,8.157598934527408,3.011335491269081e-07,25.203167765474515,True
2464,8019.142857142857,3814.285714285714,7,13.136873438954353,13.136873438954353,13.136873438954353,1.7680284460410525,7.430238731944771,3.010451916090749e-07,25.20348638501477,True
1254,9429.57142857143,2892.714285714286,7,13.128445342183113,13.128445342183113,13.128445342183113,1.4848466773283095,8.841616809760572,3.008520529586047e-07,25.2041831738253,True
3006,8559.714285714286,4030.714285714286,7,13.128104403614998,13.128104403614998,13.128104403614998,1.7832800248444443,7.36177393382745,3.0084423999480913e-07,25.204211370168732,True
2709,8204.5,3916.5,6,13.127444297075272,13.127444297075272,13.127444297075272,1.6632513037395218,7.892640316926595,3.0082911296320165e-07,25.204265964462493,True
1270,7563.5,2906.0,6,13.119228392839432,13.119228392839432,13.119228392839432,1.413728449225779,9.279878607538887,3.0064083692656223e-07,25.20494569290506,True
2481,8045.6,3818.2,5,13.117726191878319,13.117726191878319,13.117726191878319,1.5193049270543697,8.63403123249984,3.0060641242074085e-07,25.205070020899516,True
1462,9388.25,3071.25,8,13.11699903011322,13.11699903011322,13.11699903011322,1.669017899937122,7.85911225434274,3.005897487485268e-07,25.205130208749672,True
1233,9125.166666666666,2878.8333333333335,6,13.111990958452225,13.111990958452225,13.111990958452225,1.7196049064859784,7.625002062390394,3.004749835496549e-07,25.20554482210587,True
2378,7846.714285714285,3772.714285714286,7,13.103839591145515,13.103839591145515,13.103839591145515,1.616388776443083,8.10686128369497,3.0028818644423043e-07,25.206220004596975,True
3604,9208.42857142857,3540.285714285714,7,13.097992613911629,13.097992613911629,13.097992613911629,1.658542985407855,7.897288601591884,3.001541968469424e-07,25.206704571853717,True
3455,8935.5,4226.5,8,13.095444560050964,13.095444560050964,13.095444560050964,1.4989039789926542,8.736680096647566,3.0009580552831713e-07,25.20691580906696,True
3096,8467.285714285714,4062.8571428571427,7,13.093809798359871,13.093809798359871,13.093809798359871,1.7056752673924636,7.676613508254078,3.000583432547543e-07,25.207051354732535,True
2821,8568.4,3960.2,5,13.085752353072166,13.085752353072166,13.085752353072166,1.7346203204738169,7.543871242957509,2.998736984706062e-07,25.207719682208168,True
2199,9006.166666666666,3672.666666666667,6,13.074042350053787,13.074042350053787,13.074042350053787,1.8117267357461553,7.216343443024411,2.996053515067116e-07,25.2086917062801,True
2044,7556.222222222223,3596.8888888888887,9,13.069867178797722,13.069867178797722,13.069867178797722,1.625590672911538,8.040072692708518,2.9950967309155266e-07,25.209038489505254,True
1051,9428.42857142857,2768.857142857143,7,13.061188414692879,13.061188414692879,13.061188414692879,1.4033177088488815,9.307363779658106,2.9931079013701907e-07,25.209759688747585,True
542,8310.2,2503.8,5,13.057875499129295,13.057875499129295,13.057875499129295,1.9001869121178672,6.871890031373569,2.992348712126831e-07,25.21003511610607,True
633,8103.4,2544.8,5,13.056259021162987,13.056259021162987,13.056259021162987,1.7033349107671656,7.665115614452224,2.9919782792979234e-07,25.210169531332667,True
178,7825.125,2326.875,8,13.050881266593933,13.050881266593933,13.050881266593933,1.4207482409444425,9.185921115706156,2.990745910605182e-07,25.210616828344456,True
338,8088.285714285715,2411.1428571428573,7,13.033964827656746,13.033964827656746,13.033964827656746,1.6194238925292164,8.04851953079456,2.9868693317336157e-07,25.212025063050397,True
3401,8844.5,4191.0,8,13.02626359462738,13.02626359462738,13.02626359462738,1.6180585413850284,8.050551485904297,2.985104513655917e-07,25.21266676945674,True
1571,9302.0,3182.5714285714284,7,13.024178221821785,13.024178221821785,13.024178221821785,1.5735292669190843,8.277048603819535,2.984626628671522e-07,25.212840598735816,True
1553,7559.714285714285,3166.714285714286,7,13.015932276844978,13.015932276844978,13.015932276844978,1.5342221612618867,8.483733715682654,2.98273698415521e-07,25.21352822418222,True
153,8589.875,2173.75,8,13.013603568077087,13.013603568077087,13.013603568077087,1.6448196845894836,7.911872462375741,2.9822033361905786e-07,25.213722492988353,True
2129,7924.5,3637.166666666667,6,13.008229285478592,13.008229285478592,13.008229285478592,1.7842796843436777,7.290465390387206,2.980971763136196e-07,25.214170966645653,True
1943,7823.0,3533.5,6,13.00641444325447,13.00641444325447,13.00641444325447,1.669390449816702,7.79111587986056,2.980555873063387e-07,25.214322453626018,True
2864,9047.57142857143,3980.714285714286,7,13.006209567189217,13.006209567189217,13.006209567189217,1.5619531870039118,8.326888203440532,2.980508923570719e-07,25.214339556196016,True
129,8861.25,2152.125,8,12.997811198234558,12.997811198234558,12.997811198234558,1.4368936386757074,9.045771272405247,2.9785843495060393e-07,25.21504086416945,True
1422,7820.8,3039.0,5,12.994888171553612,12.994888171553612,12.994888171553612,1.8459554739803214,7.039654181654515,2.9779145073770634e-07,25.215285058576747,True
1784,9307.0,3407.285714285714,7,12.993931010365486,12.993931010365486,12.993931010365486,1.5672443740473607,8.29094123771461,2.9776951638821144e-07,25.21536503331888,True
3167,8683.666666666666,4087.1666666666665,6,12.96997120976448,12.96997120976448,12.96997120976448,1.5089555571773345,8.595330159376081,2.972204525035388e-07,25.217368894690342,True
1286,7582.428571428572,2918.714285714286,7,12.96625204384327,12.96625204384327,12.96625204384327,1.5593559735088278,8.31513282670595,2.971352239274564e-07,25.217680276427025,True
863,9118.57142857143,2662.285714285714,7,12.96355314552784,12.96355314552784,12.96355314552784,1.6310547639727107,7.947957010316997,2.9707337585041755e-07,25.217906293676535,True
2549,8907.6,3847.8,5,12.959087237715721,12.959087237715721,12.959087237715721,1.5143115083000993,8.55774202777012,2.969710349030639e-07,25.218280391204793,True
3024,8796.5,4037.875,8,12.95320212841034,12.95320212841034,12.95320212841034,1.686595601354521,7.680087697375411,2.9683617146948425e-07,25.21877356849696,True
1974,9159.4,3551.2,5,12.951257571578026,12.951257571578026,12.951257571578026,1.4541495246598513,8.906413922328607,2.967916099163187e-07,25.218936573306436,True
2596,7979.714285714285,3872.142857142857,7,12.948942855000496,12.948942855000496,12.948942855000496,1.6619862734249855,7.79124536829994,2.967385657655289e-07,25.21913063910958,True
1946,7941.6,3535.8,5,12.9379271119833,12.9379271119833,12.9379271119833,1.831361959776966,7.064647730019988,2.9648612849552403e-07,25.22005467447989,True
1058,7859.5,2774.1666666666665,6,12.930325537919998,12.930325537919998,12.930325537919998,1.7437865713038943,7.415084936828887,2.963119304771713e-07,25.22069277744903,True
2589,7830.5,3868.0,6,12.929936915636063,12.929936915636063,12.929936915636063,1.447398851792734,8.93322313999432,2.9630302479116656e-07,25.220725409854403,True
266,8111.571428571428,2374.5714285714284,7,12.929547503590584,12.929547503590584,12.929547503590584,1.567033286175586,8.25097183171247,2.9629410100695024e-07,25.22075810955943,True
979,7820.0,2725.5,6,12.929244548082352,12.929244548082352,12.929244548082352,1.596172743146411,8.100153698023899,2.9628715846468945e-07,25.220783550017988,True
2691,8842.42857142857,3908.285714285714,7,12.922857478260994,12.922857478260994,12.922857478260994,1.7437347454027572,7.411022526408483,2.9614079208100416e-07,25.221320038159757,True
2155,9124.166666666666,3648.833333333333,6,12.922467738389969,12.922467738389969,12.922467738389969,1.5380326643862126,8.401946224950287,2.9613186078432267e-07,25.221352783322363,True
1315,9339.375,2945.125,8,12.920874953269958,12.920874953269958,12.920874953269958,1.672010032769585,7.7277496546281474,2.960953604477796e-07,25.221486616201027,True
1694,9313.833333333334,3313.166666666667,6,12.91475585103035,12.91475585103035,12.91475585103035,1.4506644068543635,8.902648875927719,2.959551348214341e-07,25.222000923826545,True
2341,9089.0,3754.5,6,12.912064105272293,12.912064105272293,12.912064105272293,1.5296973729919257,8.44092716196385,2.9589345065272667e-07,25.222227240952627,True
2030,9313.0,3585.5,6,12.903671771287918,12.903671771287918,12.903671771287918,1.4469317946358304,8.917954404710255,2.957011315439133e-07,25.22293315622956,True
276,8255.714285714286,2377.4285714285716,7,12.902155116200447,12.902155116200447,12.902155116200447,1.743582550549111,7.399795961560374,2.9566637580667234e-07,25.223060777587918,True
3212,8425.142857142857,4105.857142857143,7,12.870365336537361,12.870365336537361,12.870365336537361,1.6236023200838847,7.927042957090874,2.94937879764265e-07,25.225739237561548,True
3306,8393.285714285714,4143.428571428572,7,12.869284823536873,12.869284823536873,12.869284823536873,1.5670451554227969,8.212453086627661,2.949131186790053e-07,25.225830392808625,True
2309,8772.5,3737.5,4,12.857838332653046,12.857838332653046,12.857838332653046,2.08642752331935,6.162609622881694,2.946508103712191e-07,25.22679652262536,True
2803,9245.57142857143,3951.714285714286,7,12.849003031849861,12.849003031849861,12.849003031849861,1.3998376395216956,9.178923804506486,2.9444834021455827e-07,25.227542845847548,True
1020,8891.8,2756.2,5,12.843765124678612,12.843765124678612,12.843765124678612,2.1853444030166536,5.877226997698419,2.943283080946382e-07,25.227985537386047,True
2752,8444.2,3930.4,5,12.831671580672264,12.831671580672264,12.831671580672264,1.8847760186360323,6.808061782300393,2.940511718879493e-07,25.2290083359225,True
3090,9181.0,4058.0,7,12.830541804432869,12.830541804432869,12.830541804432869,1.3434012724213928,9.550788783537966,2.9402528188405726e-07,25.229103934766513,True
120,8050.875,2147.75,8,12.829848647117615,12.829848647117615,12.829848647117615,1.4128711299475938,9.080692764663894,2.940093974593686e-07,25.22916259217427,True
1387,9197.714285714286,3009.0,7,12.815637305378914,12.815637305378914,12.815637305378914,1.7726904390612828,7.229484078542983,2.9368372970313803e-07,25.23036590490165,True
1136,7617.25,2820.375,8,12.813079714775085,12.813079714775085,12.813079714775085,1.6686857231552357,7.67854577825923,2.936251198400709e-07,25.230582604685928,True
1666,9405.57142857143,3280.285714285714,7,12.812842085957527,12.812842085957527,12.812842085957527,1.55992211403423,8.213770399613919,2.9361967432723666e-07,25.230602740719476,True
732,9109.714285714286,2593.714285714286,7,12.808704569935799,12.808704569935799,12.808704569935799,1.5932386345689888,8.039413740052115,2.9352485882114724e-07,25.23095340268707,True
2919,9059.0,3998.0,7,12.80283136665821,12.80283136665821,12.80283136665821,1.5604806834316638,8.204415153991793,2.933902682266442e-07,25.231451361853907,True
1274,9428.57142857143,2908.714285714286,7,12.800157263875008,12.800157263875008,12.800157263875008,1.4966953712421247,8.552279581951275,2.933289883651541e-07,25.231678161174827,True
67,8594.57142857143,2087.1428571428573,7,12.799074366688728,12.799074366688728,12.799074366688728,1.4570941935927755,8.783971841332981,2.933041726437839e-07,25.23177001867265,True
2167,8901.4,3656.6,5,12.782537326216698,12.782537326216698,12.782537326216698,2.055998647806185,6.21719150440885,2.929252090691797e-07,25.233173750875032,True
2275,8812.5,3713.5,4,12.780178725719452,12.780178725719452,12.780178725719452,2.0640202084205637,6.191886432884852,2.9287115927248173e-07,25.233374106577024,True
2790,8798.0,3946.0,5,12.774900302290916,12.774900302290916,12.774900302290916,1.44668681904896,8.830453235683056,2.9275019868015957e-07,25.233822626066683,True
314,8404.8,2400.2,5,12.771510943770409,12.771510943770409,12.771510943770409,1.706130925524069,7.485657022392585,2.92672527985532e-07,25.23411072518501,True
2506,9040.0,3829.5,6,12.76428273320198,12.76428273320198,12.76428273320198,1.509633846709253,8.455217641698988,2.92506885982077e-07,25.234725386332308,True
371,9100.0,2420.1428571428573,7,12.763386443257332,12.763386443257332,12.763386443257332,1.5529149475127821,8.218986148404161,2.9248634656077724e-07,25.23480162787528,True
2458,9174.75,3808.0,8,12.759156584739685,12.759156584739685,12.759156584739685,1.672701513862144,7.627874118006707,2.9238941492983463e-07,25.235161506635848,True
2512,7788.5,3832.0,6,12.754953891038895,12.754953891038895,12.754953891038895,1.4460602904016866,8.820485546626706,2.9229310580907557e-07,25.235519192376373,True
508,8830.0,2485.6666666666665,6,12.746329337358475,12.746329337358475,12.746329337358475,1.6482458025961633,7.7332697084874376,2.920954651431036e-07,25.236253586050125,True
1108,7904.2,2802.6,5,12.740357264876366,12.740357264876366,12.740357264876366,1.7459154354794209,7.297236169618902,2.919586088573949e-07,25.236762408207444,True
2203,8117.5,3674.5,4,12.73557823896408,12.73557823896408,12.73557823896408,2.103987092124518,6.053068617500038,2.9184909248135966e-07,25.237169754309928,True
2269,9189.5,3710.333333333333,6,12.71169713139534,12.71169713139534,12.71169713139534,1.449602736810916,8.769090184915562,2.9130183192980786e-07,25.239207582747866,True
646,9299.875,2548.625,8,12.705038905143738,12.705038905143738,12.705038905143738,1.4798661261737687,8.585262329095226,2.91149251712985e-07,25.239776426635277,True
1047,8855.0,2766.75,4,12.686001479625702,12.686001479625702,12.686001479625702,2.27676943807074,5.571930678398163,2.9071298920048897e-07,25.241404530540454,True
2235,9206.857142857143,3689.857142857143,7,12.67920084297657,12.67920084297657,12.67920084297657,1.5648110096069643,8.102704265968336,2.905571455004933e-07,25.241986721646867,True
3574,8284.5,4357.0,6,12.679001361131668,12.679001361131668,12.679001361131668,1.4157766744633462,8.955509431554717,2.9055257416542637e-07,25.24200380366707,True
2393,9131.333333333334,3778.5,6,12.672314196825027,12.672314196825027,12.672314196825027,1.4706964425535702,8.616539640785483,2.903993308028128e-07,25.24257659418334,True
619,8194.6,2540.2,5,12.660154208540916,12.660154208540916,12.660154208540916,1.7921265279031595,7.064319405702714,2.901206719560206e-07,25.243618935603234,True
389,8742.666666666666,2426.3333333333335,6,12.655187636613846,12.655187636613846,12.655187636613846,1.6418644325295952,7.70781520439918,2.900068577669464e-07,25.244044952921662,True
581,8262.8,2521.4,5,12.65204893052578,12.65204893052578,12.65204893052578,1.8311599712974689,6.909308377662476,2.8993493103490644e-07,25.24431426773557,True
987,9241.714285714286,2731.142857142857,7,12.648385718464851,12.648385718464851,12.648385718464851,1.5634900546637565,8.089840853631147,2.898509847000413e-07,25.244628671977495,True
3291,8252.285714285714,4136.142857142857,7,12.623357966542244,12.623357966542244,12.623357966542244,1.5651108400392097,8.065472197627868,2.8927744759411596e-07,25.246779180118807,True
1963,9186.142857142857,3545.285714285714,7,12.60103626549244,12.60103626549244,12.60103626549244,1.6866022368599005,7.471255516032592,2.887659224735608e-07,25.24870077118536,True
3555,8488.5,4319.5,4,12.600676238536835,12.600676238536835,12.600676238536835,1.179550737188062,10.682606386712674,2.887576720794059e-07,25.24873179243444,True
1583,9000.25,3197.25,4,12.594776809215546,12.594776809215546,12.594776809215546,2.383710900918726,5.2836846969828795,2.886224804876878e-07,25.24924023529565,True
3355,8273.285714285714,4165.0,7,12.593780234456062,12.593780234456062,12.593780234456062,1.5639763981596162,8.05241066890497,2.8859964293499187e-07,25.249326148696397,True
3586,9382.857142857143,2748.142857142857,7,12.58637972176075,12.58637972176075,12.58637972176075,1.4746469504165676,8.53518173838509,2.884300524481292e-07,25.249964349947888,True
1809,7934.75,3443.75,4,12.583807647228241,12.583807647228241,12.583807647228241,1.910315983315646,6.587291190113541,2.8837111067069105e-07,25.250186246941347,True
575,8593.0,2517.5,4,12.582680404186249,12.582680404186249,12.582680404186249,1.8550783880545156,6.782829494004368,2.883452787176664e-07,25.250283510300513,True
2423,8117.2,3789.2,5,12.571877345442772,12.571877345442772,12.571877345442772,1.7412746897267193,7.219927688385478,2.8809771533019013e-07,25.251216086642163,True
1391,9451.166666666666,3011.833333333333,6,12.5709128677845,12.5709128677845,12.5709128677845,1.3768235065087868,9.130373507103013,2.8807561331613127e-07,25.251299384343326,True
1352,9211.166666666666,2974.1666666666665,6,12.560918360948563,12.560918360948563,12.560918360948563,1.607753105909066,7.812715966638602,2.8784657874108993e-07,25.252162942465596,True
2632,9005.714285714286,3883.0,7,12.559238150715828,12.559238150715828,12.559238150715828,1.6198945088986785,7.75312100987027,2.8780807496667146e-07,25.252308185595997,True
3004,8425.5,4030.0,6,12.555043250322342,12.555043250322342,12.555043250322342,1.6488512892491811,7.61441819052062,2.877119444376985e-07,25.25267089199418,True
2326,7975.166666666667,3748.333333333333,6,12.550568610429764,12.550568610429764,12.550568610429764,1.6670311418461805,7.528694752834932,2.876094033855903e-07,25.25305791929413,True
3152,7793.5,4081.5,8,12.536346316337585,12.536346316337585,12.536346316337585,1.3874514653816592,9.035520613969078,2.872834846447273e-07,25.254288972319983,True
1018,9084.857142857143,2754.0,7,12.535947993397713,12.535947993397713,12.535947993397713,1.7534752780967695,7.149201445830642,2.872743566580481e-07,25.254323470450206,True
1325,9419.5,2953.0,6,12.526695758104324,12.526695758104324,12.526695758104324,1.4274685398948563,8.77546188095116,2.870623320115709e-07,25.255125100748185,True
2371,9264.142857142857,3768.857142857143,7,12.525337412953377,12.525337412953377,12.525337412953377,1.5595260639989517,8.031502455839556,2.8703120411206433e-07,25.255242840055033,True
409,7882.2,2434.4,5,12.517624720931053,12.517624720931053,12.517624720931053,1.3202688807574712,9.481117750612572,2.8685445970948854e-07,25.255911606727665,True
842,9312.57142857143,2653.714285714286,7,12.503609374165535,12.503609374165535,12.503609374165535,1.493734709655652,8.370702838556902,2.8653328338301333e-07,25.257127931305355,True
2942,8690.6,4005.8,5,12.495925769209862,12.495925769209862,12.495925769209862,1.4869248405460134,8.403871822210755,2.8635720554098507e-07,25.25779533318289,True
1574,7627.285714285715,3186.142857142857,7,12.493339732289314,12.493339732289314,12.493339732289314,1.56473381083568,7.984322730022032,2.862979438008251e-07,25.2580200499855,True
126,8568.2,2149.6,5,12.481620654463768,12.481620654463768,12.481620654463768,1.2861476415259103,9.704656177462903,2.860293888782351e-07,25.259038976768036,True
2153,9086.0,3647.833333333333,6,12.48105338215828,12.48105338215828,12.48105338215828,1.613617143400753,7.734829437826891,2.8601638924017857e-07,25.259088323090406,True
305,8577.8,2393.6,5,12.465228900313377,12.465228900313377,12.465228900313377,1.6513106903949728,7.548687822842019,2.8565375469161186e-07,25.260465780057384,True
872,9080.833333333334,2664.8333333333335,6,12.464874774217606,12.464874774217606,12.464874774217606,1.5630665328981368,7.974628406320006,2.8564563952183035e-07,25.260496625298003,True
2835,9009.833333333334,3963.833333333333,6,12.449553519487381,12.449553519487381,12.449553519487381,1.4489149262457948,8.592328848281484,2.85294536948803e-07,25.26183198349798,True
753,8997.833333333334,2609.0,6,12.444446593523026,12.444446593523026,12.444446593523026,1.6235766752419305,7.6648345491097105,2.851775064002012e-07,25.262277454251347,True
2398,8918.0,3780.0,5,12.440622195601463,12.440622195601463,12.440622195601463,1.665166353911675,7.471098708172281,2.8508986632279347e-07,25.262611171417465,True
1845,9218.57142857143,3465.0,7,12.440325930714607,12.440325930714607,12.440325930714607,1.7029452300756636,7.3051826394686055,2.8508307710311763e-07,25.262637027788553,True
843,7617.142857142857,2654.857142857143,7,12.439179137349129,12.439179137349129,12.439179137349129,1.4382039795728034,8.649106325685455,2.850567971339872e-07,25.26273711941608,True
1460,9253.857142857143,3067.714285714286,7,12.435996726155281,12.435996726155281,12.435996726155281,1.660087812704064,7.491168015924822,2.849838688537474e-07,25.263014927226518,True
1629,9108.6,3248.2,5,12.41005788743496,12.41005788743496,12.41005788743496,1.8610136230988437,6.668440108874918,2.843894532411617e-07,25.265281906590246,True
388,8415.8,2425.4,5,12.408120021224022,12.408120021224022,12.408120021224022,1.8023377742001963,6.884458728459063,2.843450450105812e-07,25.265451460658014,True
1869,9101.5,3481.5,4,12.408095061779022,12.408095061779022,12.408095061779022,1.5371192775552327,8.072304630460382,2.843444730387998e-07,25.26545364466335,True
1618,9235.0,3237.5,6,12.397510558366776,12.397510558366776,12.397510558366776,1.5674137804940833,7.909532704541367,2.8410191807527416e-07,25.266380207750537,True
1598,9317.714285714286,3211.857142857143,7,12.384359076619148,12.384359076619148,12.384359076619148,1.566437316185976,7.906067449141903,2.8380053811899646e-07,25.267532585793873,True
2049,7870.0,3599.5,6,12.376215010881424,12.376215010881424,12.376215010881424,1.7049368604181656,7.259045949564338,2.836139083366603e-07,25.268246810537857,True
801,8076.8,2632.4,5,12.367836818099022,12.367836818099022,12.367836818099022,1.8771114936638913,6.5887598365073785,2.834219132882771e-07,25.26898205855987,True
719,8825.6,2585.2,5,12.3560761064291,12.3560761064291,12.3560761064291,1.8333606040723878,6.739577625363459,2.831524042826082e-07,25.270014988214314,True
2455,9303.285714285714,3805.0,7,12.35189838707447,12.35189838707447,12.35189838707447,1.4534473924076678,8.49834569286562,2.830566674751062e-07,25.270382149124334,True
419,8041.4,2439.8,5,12.342057570815086,12.342057570815086,12.342057570815086,1.3883363048111648,8.889818358883726,2.8283115488033527e-07,25.27124750509087,True
2336,8082.25,3752.0,4,12.338748633861542,12.338748633861542,12.338748633861542,1.6000629567960856,7.711414467445865,2.8275532713000856e-07,25.27153863275027,True
1202,9225.0,2856.0,7,12.335359767079353,12.335359767079353,12.335359767079353,1.6339086901328514,7.5496016647517665,2.8267766770407877e-07,25.27183687375026,True
474,8523.2,2469.6,5,12.334444865584373,12.334444865584373,12.334444865584373,1.936960318972672,6.3679388497366505,2.8265670177964175e-07,25.27191740472261,True
881,7820.428571428572,2671.285714285714,7,12.332845881581306,12.332845881581306,12.332845881581306,1.6645102456259204,7.409294063518172,2.826200593892115e-07,25.272058163985,True
2631,8403.0,3882.75,4,12.332214057445526,12.332214057445526,12.332214057445526,1.9139634554692835,6.443286062858394,2.8260558047846437e-07,25.272113788770923,True
750,9111.0,2607.0,7,12.328850463032722,12.328850463032722,12.328850463032722,1.6047025007333895,7.682950863102741,2.825285001953054e-07,25.272409962218884,True
844,9080.166666666666,2654.0,6,12.328798800706863,12.328798800706863,12.328798800706863,1.5559463362603092,7.923665818924658,2.8252731629908694e-07,25.272414511854336,True
208,8973.166666666666,2350.0,6,12.304057151079178,12.304057151079178,12.304057151079178,1.444317452466224,8.518942376601181,2.8196033552641654e-07,25.27459557554036,True
3539,8472.333333333334,4296.333333333334,6,12.304013282060623,12.304013282060623,12.304013282060623,1.4450802827156637,8.514415032318022,2.819593302219841e-07,25.27459944664288,True
2969,8695.142857142857,4016.142857142857,7,12.302083685994148,12.302083685994148,12.302083685994148,1.7352468345383523,7.0895295361636625,2.8191511151041176e-07,25.274769732268997,True
1601,7437.714285714285,3220.4285714285716,7,12.302055075764656,12.302055075764656,12.302055075764656,1.3376683485258514,9.196640624203953,2.8191445587708623e-07,25.2747722573045,True
630,7867.285714285715,2545.0,7,12.299882605671883,12.299882605671883,12.299882605671883,1.6118385766250145,7.63096428143957,2.818646714532366e-07,25.274964008821815,True
3426,8918.375,4204.0,8,12.296640276908875,12.296640276908875,12.296640276908875,1.5238163611779425,8.06963397308801,2.8179037009924585e-07,25.275250253651045,True
3166,8670.5,4087.0,6,12.286120444536209,12.286120444536209,12.286120444536209,1.5203325435982362,8.081205981066564,2.8154929714021637e-07,25.2761795035186,True
3435,8948.75,4207.375,8,12.281256079673767,12.281256079673767,12.281256079673767,1.5027073330118135,8.172753143527263,2.814378251329024e-07,25.27660945721008,True
2966,7988.571428571428,4015.4285714285716,7,12.278479769825935,12.278479769825935,12.278479769825935,1.5644314279701497,7.848525381363162,2.8137420308965207e-07,25.276854927287506,True
1774,9295.2,3392.4,5,12.275434359908104,12.275434359908104,12.275434359908104,1.3398863224520345,9.161549121155046,2.813044143369095e-07,25.277124253946024,True
841,8888.8,2652.6,5,12.27340780198574,12.27340780198574,12.27340780198574,1.8923135069796113,6.485927282512379,2.812579736430199e-07,25.27730351350522,True
1474,7433.5,3083.0,6,12.267896682024002,12.267896682024002,12.267896682024002,1.2325829794771148,9.952998610469436,2.81131680566317e-07,25.27779115038497,True
3042,9175.111111111111,4042.0,9,12.24923424422741,12.24923424422741,12.24923424422741,1.559060463531864,7.856805127671728,2.80704011289569e-07,25.279444075301782,True
2813,8744.333333333334,3956.0,6,12.245225936174393,12.245225936174393,12.245225936174393,1.6275289996500257,7.523814284604167,2.8061215671919075e-07,25.279799418116422,True
402,9235.57142857143,2430.8571428571427,7,12.240214541554451,12.240214541554451,12.240214541554451,1.324197980565512,9.243492832036448,2.8049731537123993e-07,25.280243849790516,True
1417,9222.0,3035.714285714286,7,12.223791792988777,12.223791792988777,12.223791792988777,1.7225400161475124,7.096376094836669,2.801209709151808e-07,25.281701564862527,True
2395,8952.333333333334,3779.5,6,12.220606833696365,12.220606833696365,12.220606833696365,1.7022733158997208,7.178992186244356,2.80047984242598e-07,25.281984494762895,True
2072,7922.166666666667,3611.333333333333,6,12.21436408162117,12.21436408162117,12.21436408162117,1.818214133878119,6.7177808455205525,2.7990492505097384e-07,25.282539271939946,True
3285,8488.5,4134.0,6,12.21042874455452,12.21042874455452,12.21042874455452,1.4543393808451444,8.395859250857118,2.798147426870513e-07,25.282889140861954,True
958,8953.2,2717.4,5,12.2029999345541,12.2029999345541,12.2029999345541,1.8076816621523442,6.750635463118218,2.7964450373785263e-07,25.283549902472352,True
1889,7894.8,3494.6,5,12.20262037217617,12.20262037217617,12.20262037217617,1.7992360364542321,6.78211203251796,2.7963580566906763e-07,25.283583673760322,True
3495,8406.166666666666,4254.166666666666,6,12.195173293352127,12.195173293352127,12.195173293352127,1.4452475511247131,8.438120710781805,2.794651480706726e-07,25.28424648478831,True
3335,8951.0,4153.714285714286,7,12.191066935658455,12.191066935658455,12.191066935658455,1.464000649245999,8.327227820518518,2.793710465902517e-07,25.284612135353377,True
3088,8903.0,4057.8333333333335,6,12.189581423997879,12.189581423997879,12.189581423997879,1.4475175015657857,8.421025245506433,2.793370045372036e-07,25.28474444305666,True
1686,9510.875,3301.125,8,12.187804102897644,12.187804102897644,12.187804102897644,1.4519944945685634,8.39383630481261,2.7929627536571103e-07,25.284902762074694,True
2412,9053.285714285714,3785.285714285714,7,12.167151167988777,12.167151167988777,12.167151167988777,1.6616842296839043,7.322180081292152,2.788229917662441e-07,25.28674416513133,True
1176,9209.5,2842.0,6,12.163750678300858,12.163750678300858,12.163750678300858,1.518735466417965,8.009130587428661,2.7874506598927585e-07,25.287047650371246,True
679,8903.5,2563.0,6,12.153791457414627,12.153791457414627,12.153791457414627,1.7419726480543072,6.977027722559122,2.7851684002866927e-07,25.287936974401738,True
2612,8324.6,3877.2,5,12.153214320540428,12.153214320540428,12.153214320540428,1.9354089302823145,6.27940386674131,2.785036143337058e-07,25.287988533068017,True
3358,8958.42857142857,4166.285714285714,7,12.14678068459034,12.14678068459034,12.14678068459034,1.443703203967933,8.413627296251494,2.7835618083848805e-07,25.288563449370756,True
2338,7787.5,3754.0,6,12.141935855150223,12.141935855150223,12.141935855150223,1.4488740945628389,8.380256021358257,2.7824515650580413e-07,25.288996589326107,True
2416,9164.0,3784.833333333333,6,12.132883101701736,12.132883101701736,12.132883101701736,1.4501769821427672,8.366484402320541,2.780377031943938e-07,25.289806391668602,True
861,8750.0,2661.5,4,12.11999100446701,12.11999100446701,12.11999100446701,2.2130878475105518,5.4765069620261535,2.777422673054583e-07,25.290960681092617,True
1078,7627.428571428572,2786.285714285714,7,12.117201998829842,12.117201998829842,12.117201998829842,1.5609913589453508,7.762504212077484,2.776783543249198e-07,25.291210555276358,True
758,8237.0,2610.25,4,12.11354511976242,12.11354511976242,12.11354511976242,1.887547664395219,6.41761018715449,2.7759455311722315e-07,25.291538271628696,True
3437,8488.0,4210.0,7,12.110674574971199,12.110674574971199,12.110674574971199,1.5632649270000458,7.74703913956028,2.77528771581707e-07,25.291795588847666,True
2077,8042.5,3614.5,4,12.110376060009003,12.110376060009003,12.110376060009003,1.8603171740808293,6.509844788156977,2.775219307992019e-07,25.291822351394593,True
2194,9215.4,3669.2,5,12.097461566329002,12.097461566329002,12.097461566329002,1.322427563191672,9.147920009419527,2.772259816723038e-07,25.29298079725838,True
2483,9030.0,3819.5,6,12.08913853764534,12.08913853764534,12.08913853764534,1.5301720537858983,7.900509297457639,2.770352507669263e-07,25.29372803861458,True
1185,9049.2,2845.6,5,12.08202539384365,12.08202539384365,12.08202539384365,1.7434967368421805,6.92976656539467,2.768722456387523e-07,25.294367064356162,True
945,9211.5,2709.1666666666665,6,12.081118136644363,12.081118136644363,12.081118136644363,1.4485225238609325,8.340303956367219,2.7685145489134444e-07,25.2944485969587,True
2100,9215.0,3625.714285714286,7,12.074015334248543,12.074015334248543,12.074015334248543,1.5664403111438594,7.707931957797838,2.7668868674729955e-07,25.29508711712651,True
1851,7850.2,3467.6,5,12.072327479720116,12.072327479720116,12.072327479720116,1.7115936586668412,7.053267239330181,2.7665000779585194e-07,25.295238905311326,True
1890,9123.0,3496.166666666667,6,12.059194594621658,12.059194594621658,12.059194594621658,1.763489670584819,6.838256438793041,2.7634905400123584e-07,25.29642066667624,True
1950,9255.0,3538.5,6,12.058339148759842,12.058339148759842,12.058339148759842,1.4729574650464206,8.186481575270621,2.7632945056480337e-07,25.296497688527122,True
3487,8166.285714285715,4251.142857142857,7,12.057264521718025,12.057264521718025,12.057264521718025,1.5450760024044607,7.803670824577176,2.7630482436244136e-07,25.29659445255614,True
418,9254.375,2439.125,8,12.04979121685028,12.04979121685028,12.04979121685028,1.4045367577898304,8.579192498893194,2.7613356576683125e-07,25.297267619616605,True
3216,8122.0,4105.5,6,12.047591716051102,12.047591716051102,12.047591716051102,1.4454220955092967,8.33499899681976,2.760831619060793e-07,25.297465821858182,True
3572,8473.2,4353.4,5,12.047344073653221,12.047344073653221,12.047344073653221,1.3179388511008716,9.141049346553597,2.760774869215811e-07,25.297488139769264,True
417,8716.0,2439.0,5,12.045738086104393,12.045738086104393,12.045738086104393,1.5772457393790087,7.637198050601187,2.7604068403757636e-07,25.297632884955217,True
3226,8303.0,4109.5,6,12.034468203783035,12.034468203783035,12.034468203783035,1.4731151976523273,8.169400616436592,2.757824228996724e-07,25.29864916529815,True
3078,7882.857142857143,4054.5714285714284,7,12.033667281270027,12.033667281270027,12.033667281270027,1.465305601577351,8.212394239342428,2.75764068922791e-07,25.298721426032298,True
2433,8914.833333333334,3793.333333333333,6,12.024421721696854,12.024421721696854,12.024421721696854,1.7927313072809705,6.707319536877087,2.7555219725742303e-07,25.29955592616694,True
2093,7534.166666666667,3623.833333333333,6,12.023823767900467,12.023823767900467,12.023823767900467,1.2699417518773441,9.46801201718563,2.755384945209201e-07,25.299609919302185,True
2644,9312.285714285714,3886.857142857143,7,12.017618849873543,12.017618849873543,12.017618849873543,1.3902921631587357,8.643952090307106,2.7539630233607384e-07,25.300170360237956,True
977,8967.2,2724.4,5,12.012345179915428,12.012345179915428,12.012345179915428,1.7761253836314348,6.7632303950046575,2.7527545067449686e-07,25.30064691646503,True
248,8760.333333333334,2368.8333333333335,6,12.011794596910477,12.011794596910477,12.011794596910477,1.5106229960545783,7.951550206956134,2.752628334892136e-07,25.300696682068118,True
2477,7821.8,3817.6,5,12.00480018556118,12.00480018556118,12.00480018556118,1.322919180546699,9.074477384627663,2.7510254923934044e-07,25.301329085280678,True
1007,9232.0,2746.1666666666665,6,12.002680331468582,12.002680331468582,12.002680331468582,1.4484233643137376,8.286721014857038,2.7505397056615345e-07,25.301520825712704,True
2845,9249.5,3969.0,6,12.001078635454178,12.001078635454178,12.001078635454178,1.2672922512648417,9.469858766575985,2.7501726602714753e-07,25.30166572129817,True
740,8147.8,2600.2,5,11.98939023911953,11.98939023911953,11.98939023911953,1.9255532949694945,6.226465021997468,2.74749414203004e-07,25.302723684454005,True
1199,9075.8,2854.2,5,11.982653483748436,11.982653483748436,11.982653483748436,1.6740966367470023,7.157683266739227,2.745950344092929e-07,25.303333923571376,True
2606,8122.6,3874.8,5,11.978489741683006,11.978489741683006,11.978489741683006,1.5371221681977314,7.792802673406063,2.7449961790598847e-07,25.303711261623295,True
976,7870.166666666667,2724.8333333333335,6,11.976340800523758,11.976340800523758,11.976340800523758,1.705950559153877,7.02033287908638,2.744503726722539e-07,25.30390606018141,True
421,9207.42857142857,2439.4285714285716,7,11.97176094353199,11.97176094353199,11.97176094353199,1.3698971424599347,8.739167761189872,2.7434542046029605e-07,25.30432133456619,True
3623,9203.42857142857,3926.4285714285716,7,11.971252635121346,11.971252635121346,11.971252635121346,1.4900537455022957,8.034107944935803,2.743337720415463e-07,25.304367434765137,True
3050,8544.8,4044.6,5,11.953731879591942,11.953731879591942,11.953731879591942,1.479154653647717,8.081461833698766,2.73932265607767e-07,25.30595764871089,True
690,8786.2,2567.6,5,11.944119319319725,11.944119319319725,11.944119319319725,1.8438815816607061,6.477704120544532,2.7371198373762104e-07,25.30683109169821,True
877,9146.0,2666.5,6,11.929903537034988,11.929903537034988,11.929903537034988,1.4748747115458658,8.088757264358309,2.7338621422163477e-07,25.308124094676593,True
3354,9015.714285714286,4162.428571428572,7,11.929074004292488,11.929074004292488,11.929074004292488,1.4205400029997246,8.397562883904792,2.7336720461142786e-07,25.30819959277624,True
476,9074.166666666666,2470.1666666666665,6,11.925289660692215,11.925289660692215,11.925289660692215,1.4474668638373882,8.238730680906233,2.7328048242067576e-07,25.308544083113542,True
2241,9198.833333333334,3691.833333333333,6,11.924547225236893,11.924547225236893,11.924547225236893,1.4491833970510883,8.228459730840067,2.73263468735879e-07,25.308611680142207,True
2437,8669.25,3796.75,4,11.917328536510468,11.917328536510468,11.917328536510468,2.0187435263185916,5.90333956797527,2.7309804493539016e-07,25.30926914451447,True
2090,9185.857142857143,3621.857142857143,7,11.913523867726326,11.913523867726326,11.913523867726326,1.5862320227446776,7.510580858853299,2.7301085697179647e-07,25.309615826757398,True
2173,9173.285714285714,3662.0,7,11.913502410054207,11.913502410054207,11.913502410054207,1.5702628734406856,7.5869477726044074,2.7301036524680235e-07,25.30961778229907,True
991,9446.285714285714,2735.5714285714284,7,11.911830142140388,11.911830142140388,11.911830142140388,1.3486039831176606,8.832711671667314,2.7297204347892687e-07,25.309770195015,True
467,8151.833333333333,2466.3333333333335,6,11.907674819231033,11.907674819231033,11.907674819231033,1.6757798981200236,7.105751078998906,2.728768199093875e-07,25.31014900931683,True
2230,8042.8,3687.6,5,11.906802043318748,11.906802043318748,11.906802043318748,1.8894898592146117,6.301596161128882,2.728568193367271e-07,25.310228591531676,True
535,9297.25,2501.0,8,11.902608752250671,11.902608752250671,11.902608752250671,1.4260328590783609,8.346658126758228,2.727607256871287e-07,25.310611029216993,True
3504,8372.166666666666,4261.0,6,11.89763405919075,11.89763405919075,11.89763405919075,1.444626414728276,8.235786039831352,2.726467253938032e-07,25.31106490731262,True
3585,7875.833333333333,2702.1666666666665,6,11.893113166093826,11.893113166093826,11.893113166093826,1.678451934354298,7.085763329093554,2.7254312440115214e-07,25.311477546505984,True
1701,9168.0,3323.5,6,11.89114573597908,11.89114573597908,11.89114573597908,1.733709581999443,6.858787572867495,2.724980386828019e-07,25.31165717035885,True
2289,9088.833333333334,3726.833333333333,6,11.890748530626297,11.890748530626297,11.890748530626297,1.550367894892247,7.669630266339282,2.7248893630679955e-07,25.311693438305166,True
391,8955.142857142857,2426.714285714286,7,11.886279299855232,11.886279299855232,11.886279299855232,1.5664271321811254,7.588146971959387,2.723865192103669e-07,25.312101597453342,True
649,7920.6,2549.2,5,11.882065638899803,11.882065638899803,11.882065638899803,1.424105069852833,8.343531590774896,2.7228995876349974e-07,25.312486556886874,True
310,8288.833333333334,2397.6666666666665,6,11.877980262041092,11.877980262041092,11.877980262041092,1.6878578812141518,7.037310661189513,2.7219633808085096e-07,25.312859926671408,True
2257,7808.5,3704.333333333333,6,11.875076800584793,11.875076800584793,11.875076800584793,1.4936358598503123,7.950449717895014,2.7212980222553476e-07,25.313125357199333,True
1163,9066.6,2834.8,5,11.86759839951992,11.86759839951992,11.86759839951992,1.6594353946451983,7.151588087017582,2.719584268452386e-07,25.313809321494837,True
3639,8483.5,4328.0,6,11.867593318223953,11.867593318223953,11.867593318223953,1.4444081429138669,8.216232632338215,2.7195831040202817e-07,25.313809786369703,True
1625,9402.5,3246.0,6,11.864209681749344,11.864209681749344,11.864209681749344,1.4444093841112156,8.213882997616853,2.718807708340657e-07,25.314119390882187,True
3304,8473.833333333334,4141.333333333334,6,11.863357573747635,11.863357573747635,11.863357573747635,1.4508106992262202,8.177054098150002,2.7186124388818785e-07,25.314197373129442,True
2831,8125.5,3964.5,6,11.852378875017166,11.852378875017166,11.852378875017166,1.5487179983913115,7.653025849333772,2.716096555267493e-07,25.315202610438433,True
385,9178.5,2425.0,6,11.852115660905838,11.852115660905838,11.852115660905838,1.2875520641136091,9.205154487531503,2.716036237001547e-07,25.315226722413474,True
1633,7849.5,3251.5,4,11.85120552778244,11.85120552778244,11.85120552778244,1.7177372345160582,6.899312240338847,2.715827670479386e-07,25.315310100137282,True
2564,7800.0,3854.857142857143,7,11.838994219899178,11.838994219899178,11.838994219899178,1.561902116004943,7.579856700739439,2.7130293215886875e-07,25.316429403510977,True
1333,8996.0,2957.5,4,11.834785163402557,11.834785163402557,11.834785163402557,2.2264304036092293,5.315587293551769,2.712064772279899e-07,25.316815478332444,True
1234,9417.857142857143,2879.0,7,11.82583113014698,11.82583113014698,11.82583113014698,1.5024098437850468,7.8712417780450386,2.7100128619302826e-07,25.31763724209613,True
2009,7485.571428571428,3577.5714285714284,7,11.818649485707283,11.818649485707283,11.818649485707283,1.3259641578648227,8.9132495894449,2.708367113011057e-07,25.318296793197664,True
2439,8074.0,3799.833333333333,6,11.81458666920662,11.81458666920662,11.81458666920662,1.764943975208897,6.694029292237595,2.7074360761265206e-07,25.318670093492432,True
3086,8105.0,4056.5,6,11.80842211842537,11.80842211842537,11.80842211842537,1.448008405434626,8.154940312574373,2.70602340485451e-07,25.319236750871376,True
1005,7813.166666666667,2746.0,6,11.804587870836258,11.804587870836258,11.804587870836258,1.6004319480819948,7.375876172044195,2.705144746926119e-07,25.319589351532116,True
1576,9299.833333333334,3189.166666666667,6,11.798871546983719,11.798871546983719,11.798871546983719,1.4600435847054756,8.081177624134982,2.70383479154177e-07,25.320115242231125,True
2456,9242.6,3805.8,5,11.79748521745205,11.79748521745205,11.79748521745205,1.318602666181798,8.946959929645335,2.703517099633239e-07,25.320242820245056,True
795,7927.833333333333,2629.0,6,11.791550189256668,11.791550189256668,11.791550189256668,1.6491755950068165,7.149966458973661,2.702157025861815e-07,25.32078916518989,True
2719,8320.6,3918.6,5,11.791502818465233,11.791502818465233,11.791502818465233,1.7517353498110069,6.731326635463175,2.702146170349618e-07,25.32079352698166,True
1874,7469.714285714285,3486.5714285714284,7,11.791411593556404,11.791411593556404,11.791411593556404,1.3556576296362783,8.697927364389214,2.7021252652078544e-07,25.320801926807448,True
3425,8693.666666666666,4203.5,6,11.791180163621902,11.791180163621902,11.791180163621902,1.4462122292619788,8.153146491949594,2.7020722306183835e-07,25.320823236751778,True
1507,9350.142857142857,3115.4285714285716,7,11.786580756306648,11.786580756306648,11.786580756306648,1.5639153020467376,7.536585095677008,2.701018228337747e-07,25.321246834490587,True
1882,8933.25,3491.0,4,11.78597229719162,11.78597229719162,11.78597229719162,2.232362771194776,5.279595435505173,2.700878793569101e-07,25.32130288493951,True
3587,9386.857142857143,2748.857142857143,7,11.785378649830818,11.785378649830818,11.785378649830818,1.4672403073115,8.032343843815044,2.7007427530688166e-07,25.321357573738137,True
2665,9029.833333333334,3897.666666666667,6,11.782553225755692,11.782553225755692,11.782553225755692,1.4585413362915094,8.078312854481066,2.7000952775975594e-07,25.321617899102534,True
2802,8550.8,3950.4,5,11.765122279524803,11.765122279524803,11.765122279524803,1.7709083850212617,6.643552189959025,2.696100793999624e-07,25.32322531150794,True
2131,9379.0,3637.714285714286,7,11.76465006172657,11.76465006172657,11.76465006172657,1.4982305659549053,7.852362866611459,2.6959925803533476e-07,25.323268890676726,True
2592,7935.285714285715,3869.4285714285716,7,11.763659194111824,11.763659194111824,11.763659194111824,1.6138829402958308,7.28904116921609,2.6957655126782826e-07,25.32336033973347,True
1719,7454.0,3341.714285714286,7,11.763650611042976,11.763650611042976,11.763650611042976,1.3642032421976373,8.623092400874627,2.695763545778306e-07,25.32336113191487,True
2796,9076.5,3949.5,6,11.755076438188553,11.755076438188553,11.755076438188553,1.4462157325798621,8.12816246800124,2.6937986844116773e-07,25.324152781079114,True
3465,8875.0,4233.571428571428,7,11.748080924153328,11.748080924153328,11.748080924153328,1.4556008112679992,8.070949695280378,2.6921955892209347e-07,25.324799101313126,True
559,9208.666666666666,2509.5,6,11.747098475694656,11.747098475694656,11.747098475694656,1.3882296986315592,8.46192707681899,2.69197045088352e-07,25.32488990120389,True
1829,9186.5,3454.5,4,11.741094291210175,11.741094291210175,11.741094291210175,1.3385257988693018,8.771660808576328,2.6905945292253066e-07,25.32544498525668,True
1728,9124.8,3346.2,5,11.738551959395409,11.738551959395409,11.738551959395409,1.7937168348285581,6.544261463943593,2.690011927305705e-07,25.32568010819483,True
2058,9095.5,3606.5,6,11.734171897172928,11.734171897172928,11.734171897172928,1.6316233138714458,7.1917162481152515,2.68900819024669e-07,25.326085309757143,True
3186,8729.714285714286,4095.285714285714,7,11.732590392231941,11.732590392231941,11.732590392231941,1.5694590175708076,7.475563401707375,2.6886457718522357e-07,25.326231652670053,True
3369,8523.5,4172.0,6,11.729743510484695,11.729743510484695,11.729743510484695,1.4489268976403835,8.095469502006553,2.687993379131037e-07,25.326495135630584,True
1359,9470.857142857143,2979.285714285714,7,11.727819636464119,11.727819636464119,11.727819636464119,1.435293340044419,8.171026304700312,2.687552503281964e-07,25.326673229123855,True
3464,8259.0,4233.166666666666,6,11.724812537431717,11.724812537431717,11.724812537431717,1.444595316146136,8.11633016276901,2.6868633950945375e-07,25.32695165555245,True
1063,7525.0,2776.0,7,11.716729834675789,11.716729834675789,11.716729834675789,1.4121081061287528,8.29733204123926,2.685011159240105e-07,25.327700384729305,True
940,8974.5,2706.5,4,11.707219779491425,11.707219779491425,11.707219779491425,1.535805173080991,7.622854763541054,2.682831830651386e-07,25.328581996238917,True
201,8984.5,2341.0,6,11.695685416460037,11.695685416460037,11.695685416460037,1.4435449615694207,8.102058285558698,2.6801886107520635e-07,25.329652228883212,True
2169,7884.5,3657.833333333333,6,11.689519435167313,11.689519435167313,11.689519435167313,1.6678191257972688,7.008865202681593,2.67877561166339e-07,25.33022478142872,True
1812,9273.166666666666,3445.0,6,11.669817954301834,11.669817954301834,11.669817954301834,1.4927952511352054,7.817427035239728,2.6742608113117754e-07,25.332056221745567,True
378,9153.0,2423.0,8,11.663063883781433,11.663063883781433,11.663063883781433,1.5335524650080898,7.605259128659747,2.6727130454271423e-07,25.332684788688063,True
2769,8769.0,3936.5,6,11.658378630876541,11.658378630876541,11.658378630876541,1.6282100234486352,7.1602425135447065,2.671639370731984e-07,25.3331210351829,True
3270,8370.6,4125.8,5,11.65182863175869,11.65182863175869,11.65182863175869,1.3413221480672757,8.686823406702056,2.6701383699431466e-07,25.333731203191313,True
1166,7898.4,2836.2,5,11.644320353865623,11.644320353865623,11.644320353865623,1.757183445399113,6.626695911775348,2.6684177695525926e-07,25.334431062162093,True
2429,8126.8,3792.2,5,11.643717631697655,11.643717631697655,11.643717631697655,1.751139475216919,6.649223432219934,2.668279649465354e-07,25.334487262455113,True
3315,8368.833333333334,4148.0,6,11.640084773302078,11.640084773302078,11.640084773302078,1.4503780263029147,8.025552347185808,2.6674471419765156e-07,25.33482606673203,True
99,8958.75,2128.875,8,11.632917761802673,11.632917761802673,11.632917761802673,1.3468083498673977,8.63739652560664,2.6658047463485693e-07,25.33549478011347,True
3480,8395.2,4245.6,5,11.63249908387661,11.63249908387661,11.63249908387661,1.31944606183336,8.816199025000948,2.6657088019238474e-07,25.335533857322837,True
2905,7850.4,3994.2,5,11.631750926375389,11.631750926375389,11.631750926375389,1.2659212966380051,9.18836815311239,2.665537353809229e-07,25.335603689936043,True
1708,7439.0,3331.75,8,11.626879096031189,11.626879096031189,11.626879096031189,1.429684477612279,8.132479073599008,2.66442092294288e-07,25.33605853380779,True
1802,7639.571428571428,3437.0,7,11.625396445393562,11.625396445393562,11.625396445393562,1.5637582336543796,7.434267136183787,2.6640811580457246e-07,25.33619699487803,True
2325,7583.0,3748.714285714286,7,11.62529344856739,11.62529344856739,11.62529344856739,1.3589697250341648,8.554490386660474,2.664057555246006e-07,25.336206614152438,True
3097,8603.166666666666,4063.1666666666665,6,11.622746497392654,11.622746497392654,11.622746497392654,1.592380705862642,7.298974707870661,2.6634738947517643e-07,25.33644451094887,True
3057,8386.2,4045.6,5,11.61444841325283,11.61444841325283,11.61444841325283,1.4734415748250969,7.882530676271647,2.6615723020010466e-07,25.337219951426807,True
2562,8077.666666666667,3854.166666666667,6,11.609616309404373,11.609616309404373,11.609616309404373,1.66446198943291,6.974996355044325,2.660464974876603e-07,25.337671757795054,True
1053,9409.833333333334,2769.8333333333335,6,11.60775426030159,11.60775426030159,11.60775426030159,1.3332945478880878,8.706068946796522,2.660038266853923e-07,25.337845911377535,True
340,9000.166666666666,2411.1666666666665,6,11.604596644639969,11.604596644639969,11.604596644639969,1.4477414672114386,8.015655355228663,2.6593146662070127e-07,25.33814130047274,True
1595,9277.166666666666,3206.5,6,11.601968318223953,11.601968318223953,11.601968318223953,1.495353113252515,7.758681354525504,2.65871235772532e-07,25.33838723684157,True
735,9047.833333333334,2596.1666666666665,6,11.598199874162674,11.598199874162674,11.598199874162674,1.5415099796342913,7.523921367615302,2.6578487793634156e-07,25.33873995292147,True
1055,9447.833333333334,2773.1666666666665,6,11.594566851854324,11.594566851854324,11.594566851854324,1.2696318379450833,9.132227552374783,2.657016234312252e-07,25.339080102411327,True
3295,8365.4,4138.2,5,11.575803622603416,11.575803622603416,11.575803622603416,1.3247685408145968,8.737981968899627,2.652716444129075e-07,25.340838548336173,True
230,9009.833333333334,2355.8333333333335,6,11.573390990495682,11.573390990495682,11.573390990495682,1.4438363305779023,8.015722243159914,2.652163564253563e-07,25.34106486135322,True
1036,7526.714285714285,2762.5714285714284,7,11.57259102165699,11.57259102165699,11.57259102165699,1.4059250056742545,8.231300371606237,2.6519802430291904e-07,25.341139911539535,True
2499,9121.2,3828.4,5,11.569466456770897,11.569466456770897,11.569466456770897,1.3238979625195395,8.738941205674786,2.6512642163130925e-07,25.341433096641573,True
246,8392.0,2367.2,5,11.567927226424217,11.567927226424217,11.567927226424217,1.561767115642702,7.4069476239828225,2.6509114855839735e-07,25.341577555273357,True
1611,9263.0,3228.5,6,11.564592868089676,11.564592868089676,11.564592868089676,1.5186529209417396,7.615033500161641,2.650147382505429e-07,25.341890554771357,True
118,8488.166666666666,2145.3333333333335,6,11.56321433186531,11.56321433186531,11.56321433186531,1.4053354832095513,8.228081102354906,2.649831476514759e-07,25.342019985692087,True
3634,9100.166666666666,4079.8333333333335,6,11.562310248613358,11.562310248613358,11.562310248613358,1.3170567660539416,8.778900459435329,2.649624296383901e-07,25.342104878548533,True
79,8540.6,2099.8,5,11.554877147078514,11.554877147078514,11.554877147078514,1.2506161093917658,9.239347758520559,2.647920923441926e-07,25.342803093914444,True
1390,7627.0,3011.5,6,11.5509252846241,11.5509252846241,11.5509252846241,1.4485287317247133,7.974246579749102,2.6470153128372944e-07,25.343174488086753,True
3171,8662.5,4089.0,6,11.550855666399002,11.550855666399002,11.550855666399002,1.522970581878175,7.58442467887602,2.6469993590930407e-07,25.343181031913623,True
172,8664.4,2194.2,5,11.54706846177578,11.54706846177578,11.54706846177578,1.3070450048061726,8.834484213868476,2.6461314815521945e-07,25.343537073018297,True
3027,8533.5,4038.8333333333335,6,11.544837027788162,11.544837027788162,11.544837027788162,1.6293153481174012,7.085698321769134,2.64562012512063e-07,25.343746908337216,True
611,9165.333333333334,2537.5,6,11.543031722307205,11.543031722307205,11.543031722307205,1.4459930091384632,7.982771458338278,2.64520642049224e-07,25.343916701880875,True
2951,8358.2,4009.4,5,11.541824206709862,11.541824206709862,11.541824206709862,1.5241577198044354,7.572591771008313,2.644929705666553e-07,25.34403028659694,True
2754,9176.166666666666,3932.166666666667,6,11.532920867204666,11.532920867204666,11.532920867204666,1.4058788289633675,8.203353396898741,2.6428894123199223e-07,25.34486814447947,True
3108,9081.0,4067.0,7,11.531558707356453,11.531558707356453,11.531558707356453,1.468190092293784,7.854268168599652,2.6425772591470894e-07,25.344996388974288,True
828,7915.0,2647.8333333333335,6,11.530177146196365,11.530177146196365,11.530177146196365,1.66044390969407,6.9440329052251775,2.642260659960768e-07,25.345126475536883,True
1377,7489.25,2997.5,8,11.524655222892761,11.524655222892761,11.524655222892761,1.5273124019324473,7.5457091871388435,2.6409952534949835e-07,25.345646570592816,True
3448,8774.2,4221.4,5,11.51794658601284,11.51794658601284,11.51794658601284,1.3181204586632458,8.73815933157855,2.63945789920415e-07,25.34627877438745,True
135,8420.5,2154.0,6,11.516000300645828,11.516000300645828,11.516000300645828,1.41174512073151,8.157280044062555,2.639011887560694e-07,25.346462255968195,True
1107,9401.833333333334,2802.0,6,11.510137110948563,11.510137110948563,11.510137110948563,1.373164935935118,8.382195619574441,2.6376682763323025e-07,25.34701518218013,True
2440,9131.666666666666,3799.666666666667,6,11.507974177598953,11.507974177598953,11.507974177598953,1.4534917256696254,7.917467966525379,2.637172617538225e-07,25.347219228031122,True
102,8325.666666666666,2132.5,6,11.506987124681473,11.506987124681473,11.506987124681473,1.3755852322448987,8.365157501656617,2.636946424040927e-07,25.347312356937586,True
1299,9048.2,2927.4,5,11.493215426802635,11.493215426802635,11.493215426802635,1.9848195791611156,5.790559276758165,2.6337904954663066e-07,25.34861255703291,True
1450,9225.5,3061.0,6,11.489607363939285,11.489607363939285,11.489607363939285,1.5886008812679728,7.232532412275027,2.632963670132956e-07,25.348953455498485,True
1727,7620.5,3347.0,6,11.486143618822098,11.486143618822098,11.486143618822098,1.4471468786379014,7.937095942626919,2.6321699167202174e-07,25.349280819205475,True
227,8115.5,2355.8333333333335,6,11.484501391649246,11.484501391649246,11.484501391649246,1.4493185227932381,7.9240699756706565,2.6317935831913804e-07,25.349436063039526,True
1143,7856.166666666667,2824.1666666666665,6,11.46774771809578,11.46774771809578,11.46774771809578,1.7815458253879088,6.436964772207768,2.6279543037094727e-07,25.351021099266987,True
2105,9359.5,3627.0,6,11.463366061449051,11.463366061449051,11.463366061449051,1.4370689085502106,7.976907713502679,2.6269502012714693e-07,25.351436022271756,True
2250,9278.166666666666,3697.833333333333,6,11.461844474077225,11.461844474077225,11.461844474077225,1.4447319976840478,7.933543724684531,2.6266015136145243e-07,25.351580146793374,True
1995,8975.0,3562.0,5,11.460800036787987,11.460800036787987,11.460800036787987,1.9138884238476273,5.988227889349745,2.626362169888391e-07,25.35167908680693,True
353,8465.2,2415.0,5,11.453289851546288,11.453289851546288,11.453289851546288,1.7646863807052466,6.490269306078651,2.624641132408953e-07,25.352390795659694,True
545,7638.571428571428,2505.0,7,11.452311232686043,11.452311232686043,11.452311232686043,1.290118120042374,8.87694781956081,2.624416871664063e-07,25.352483569643137,True
1926,9295.857142857143,3523.714285714286,7,11.45113106071949,11.45113106071949,11.45113106071949,1.5660654606632223,7.312038575877909,2.624146422917294e-07,25.352595461595158,True
1715,7446.875,3339.125,8,11.449722170829773,11.449722170829773,11.449722170829773,1.4447880455533462,7.924845589682734,2.623823561066811e-07,25.352729053365582,True
367,8135.8,2418.6,5,11.439647063612938,11.439647063612938,11.439647063612938,1.4232105325144586,8.037916247993142,2.6215147448963057e-07,25.353684860340127,True
533,8934.166666666666,2500.1666666666665,6,11.432128459215164,11.432128459215164,11.432128459215164,1.570150411751417,7.28091294544403,2.619791778079218e-07,25.354398685227903,True
1245,7849.5,2887.5,4,11.428433120250702,11.428433120250702,11.428433120250702,1.5081847591204849,7.577608148563524,2.618944952514682e-07,25.35474969701942,True
2917,8478.2,3998.6,5,11.423638209700584,11.423638209700584,11.423638209700584,1.5872104170783272,7.197305465477448,2.6178461486234705e-07,25.355205323818765,True
1014,9243.333333333334,2749.3333333333335,6,11.42356351017952,11.42356351017952,11.42356351017952,1.4480273373053225,7.889052378968184,2.617829030447112e-07,25.355212423504362,True
2096,9046.0,3624.0,5,11.41908822953701,11.41908822953701,11.41908822953701,1.5979649081989167,7.14601939688875,2.616803473091483e-07,25.355637853470864,True
3041,9118.0,4041.5,6,11.410079509019852,11.410079509019852,11.410079509019852,1.350852005866538,8.446579980240372,2.61473903058403e-07,25.35649474800541,True
3045,8771.5,4043.1666666666665,6,11.406177550554276,11.406177550554276,11.406177550554276,1.473662819168008,7.740018545757916,2.613844856000269e-07,25.356866105814518,True
85,8540.166666666666,2112.6666666666665,6,11.405505686998367,11.405505686998367,11.405505686998367,1.383973310145126,8.241131243927216,2.613690891440998e-07,25.356930061339405,True
1651,9142.2,3270.4,5,11.404810771346092,11.404810771346092,11.404810771346092,1.6971540487044214,6.719962032941164,2.613531644252796e-07,25.35699621518559,True
360,8080.666666666667,2417.8333333333335,6,11.403952151536942,11.403952151536942,11.403952151536942,1.5077620929889084,7.563495729575179,2.613334882545251e-07,25.35707795873446,True
1848,9032.0,3466.25,4,11.398283660411835,11.398283660411835,11.398283660411835,1.8357799593658437,6.208959631713861,2.612035888530563e-07,25.357617773006922,True
1546,7495.285714285715,3154.5714285714284,7,11.393446639180183,11.393446639180183,11.393446639180183,1.4386438400327861,7.919574200464051,2.6109274345363407e-07,25.35807861815419,True
2851,8135.2,3972.6,5,11.391816481947899,11.391816481947899,11.391816481947899,1.4050352414886467,8.10785106705094,2.6105538669605957e-07,25.358233974773967,True
3549,8163.285714285715,4310.285714285714,7,11.3900296241045,11.3900296241045,11.3900296241045,1.516835546307007,7.5090735128376025,2.610144389801252e-07,25.358404290756987,True
1135,9212.0,2818.5,6,11.389638453722,11.389638453722,11.389638453722,1.487998013704131,7.654337135416823,2.6100547490177745e-07,25.35844157908315,True
1654,9469.166666666666,3273.833333333333,6,11.377367049455643,11.377367049455643,11.377367049455643,1.3380927758963903,8.502674294638448,2.6072426284124837e-07,25.359612001709312,True
3169,8603.166666666666,4087.8333333333335,6,11.37652400135994,11.37652400135994,11.37652400135994,1.5452121046770484,7.362435206743122,2.607049435125903e-07,25.3596924563303,True
1913,9299.833333333334,3515.333333333333,6,11.374813109636307,11.374813109636307,11.374813109636307,1.4498283337273739,7.8456275443263825,2.606657366397254e-07,25.359855750213313,True
1092,9428.0,2794.0,7,11.369905188679695,11.369905188679695,11.369905188679695,1.422939136923991,7.9904367612365705,2.6055326649896845e-07,25.36032431680407,True
1403,9099.0,3025.75,4,11.369074523448944,11.369074523448944,11.369074523448944,1.7171317282838405,6.620968173951093,2.6053423093660907e-07,25.36040364167501,True
3579,8792.0,2384.5,6,11.368272811174393,11.368272811174393,11.368272811174393,1.4961363225346196,7.598420437995441,2.6051585886151606e-07,25.360480207162603,True
3589,7862.2,2785.4,5,11.36808668076992,11.36808668076992,11.36808668076992,1.6115586431691724,7.054094325983868,2.605115934886677e-07,25.360497983844837,True
4,8415.0,2009.2857142857142,7,11.368081286549568,11.368081286549568,11.368081286549568,1.308135413050581,8.690293965851076,2.605114698744678e-07,25.360498499032825,True
237,9171.5,2359.5,6,11.36794427037239,11.36794427037239,11.36794427037239,1.2152711925996291,9.354244829958343,2.605083300054949e-07,25.360511585174365,True
3188,8241.8,4096.6,5,11.36665664613247,11.36665664613247,11.36665664613247,1.3245384268860343,8.581598249931693,2.604788227496148e-07,25.360634571301283,True
2476,9339.57142857143,3817.857142857143,7,11.363050177693367,11.363050177693367,11.363050177693367,1.3687983200913891,8.301478757611788,2.6039617675417863e-07,25.3609791136589,True
2824,9226.714285714286,3961.0,7,11.35513086616993,11.35513086616993,11.35513086616993,1.4093728757970827,8.056867746761437,2.6021469744968023e-07,25.361736065420963,True
2413,9301.857142857143,3784.4285714285716,7,11.353706553578377,11.353706553578377,11.353706553578377,1.470059097518966,7.723299405268907,2.601820578372924e-07,25.36187226153889,True
300,8943.285714285714,2391.285714285714,7,11.35351724922657,11.35351724922657,11.35351724922657,1.563664741806418,7.2608385580853225,2.60177719730122e-07,25.3618903645523,True
811,7628.0,2637.0,7,11.352648451924324,11.352648451924324,11.352648451924324,1.4272870634040988,7.954005009229261,2.6015781033147096e-07,25.361973450767607,True
3575,8548.5,4359.5,4,11.351464450359344,11.351464450359344,11.351464450359344,1.1787275970296551,9.63026952025605,2.601306776975417e-07,25.36208669133968,True
1313,9325.57142857143,2943.714285714286,7,11.35057421028614,11.35057421028614,11.35057421028614,1.5651018062097517,7.252291298400661,2.601102769153722e-07,25.362171843681573,True
913,8105.0,2689.75,4,11.34727543592453,11.34727543592453,11.34727543592453,2.0663835172498897,5.491369506773071,2.600346820514664e-07,25.362487432941066,True
1626,7841.0,3246.75,4,11.337360084056854,11.337360084056854,11.337360084056854,1.6964680122931952,6.682920044411338,2.598074613952922e-07,25.363436573797372,True
2944,9188.5,4007.75,8,11.334466814994812,11.334466814994812,11.334466814994812,1.4978537547432702,7.567138500071739,2.597411591093483e-07,25.363713686621306,True
1090,9019.8,2794.2,5,11.333003863692284,11.333003863692284,11.333003863692284,1.737857797864532,6.521249251589055,2.597076340504954e-07,25.363853832755797,True
499,8806.8,2479.6,5,11.331945285201073,11.331945285201073,11.331945285201073,1.5168572699350995,7.470673417866088,2.5968337561745183e-07,25.363955252528395,True
215,8118.333333333333,2352.0,6,11.327930957078934,11.327930957078934,11.327930957078934,1.44915811472269,7.8169047545558135,2.595913830908947e-07,25.36433994142775,True
210,8425.0,2351.5,6,11.327539473772049,11.327539473772049,11.327539473772049,1.657470091578727,6.834234615348418,2.595824118415574e-07,25.364377464162153,True
2368,8023.4,3768.2,5,11.326773509383202,11.326773509383202,11.326773509383202,1.5670292640659136,7.228182503748549,2.595648589666456e-07,25.364450883759517,True
2971,8740.2,4016.4,5,11.325087890028954,11.325087890028954,11.325087890028954,1.4092866856067963,8.036042634684165,2.5952623123655156e-07,25.364612472066227,True
527,9162.8,2495.4,5,11.323110923171043,11.323110923171043,11.323110923171043,1.3177308286417857,8.59288610166465,2.594809269737595e-07,25.364802020428673,True
439,7993.714285714285,2451.0,7,11.321442797780037,11.321442797780037,11.321442797780037,1.616546002590292,7.003477030433397,2.59442700136126e-07,25.36496198331924,True
766,8957.2,2613.6,5,11.32101522386074,11.32101522386074,11.32101522386074,1.5650628497603682,7.23358504458408,2.5943290183266666e-07,25.365002988804065,True
1747,9389.833333333334,3364.166666666667,6,11.316570311784744,11.316570311784744,11.316570311784744,1.445031786597358,7.831364276374897,2.5933104202456073e-07,25.36542935954244,True
3608,9434.57142857143,3654.714285714286,7,11.304130747914314,11.304130747914314,11.304130747914314,1.3734088379988938,8.230710648684074,2.5904597641086587e-07,25.36662349461291,True
2006,9243.142857142857,3571.5714285714284,7,11.296954825520515,11.296954825520515,11.296954825520515,1.5754185216528465,7.170764257404022,2.5888153264560835e-07,25.367312944593703,True
3310,8307.42857142857,4144.0,7,11.296239092946053,11.296239092946053,11.296239092946053,1.5661437474863085,7.212772844815004,2.5886513088524875e-07,25.36738173493579,True
324,8033.833333333333,2406.1666666666665,6,11.294162780046463,11.294162780046463,11.294162780046463,1.450707018059035,7.785281686413445,2.5881755000402906e-07,25.367581317759196,True
2172,9154.333333333334,3662.333333333333,6,11.293804675340652,11.293804675340652,11.293804675340652,1.4796558472141785,7.632723985515996,2.588093436602382e-07,25.36761574380882,True
2489,9005.333333333334,3821.833333333333,6,11.290642768144608,11.290642768144608,11.290642768144608,1.5585896232218468,7.244140856529698,2.5873688525054835e-07,25.367919758077917,True
2911,7845.5,3996.0,6,11.281558066606522,11.281558066606522,11.281558066606522,1.3742630004046328,8.20916961548468,2.585286998152579e-07,25.36879371715476,True
3060,7938.714285714285,4047.285714285714,7,11.276908114552498,11.276908114552498,11.276908114552498,1.5599753952716424,7.228901269041376,2.5842214130165256e-07,25.369241320402818,True
2514,9227.5,3831.666666666667,6,11.271672755479813,11.271672755479813,11.271672755479813,1.4445660682168506,7.8028087489230495,2.583021675740755e-07,25.36974549572321,True
3403,8678.142857142857,4190.857142857143,7,11.258578971028328,11.258578971028328,11.258578971028328,1.5630363096269002,7.203018190739134,2.5800210981167094e-07,25.371007478732487,True
3081,8295.5,4055.5,6,11.254797965288162,11.254797965288162,11.254797965288162,1.5455698741376198,7.28197291731504,2.579154641114735e-07,25.371372166346674,True
796,8874.5,2628.5,4,11.250888526439667,11.250888526439667,11.250888526439667,1.6696155788245166,6.738610174182006,2.5782587523230084e-07,25.371749370511708,True
241,8839.666666666666,2361.5,6,11.237051993608475,11.237051993608475,11.237051993608475,1.4489170924368528,7.755483079235061,2.5750879661411e-07,25.3730854489779,True
2240,9083.4,3692.2,5,11.232806071639061,11.232806071639061,11.232806071639061,1.446207265156454,7.767078995017959,2.574114968723732e-07,25.373495772109113,True
905,8919.25,2684.0,4,11.230683028697968,11.230683028697968,11.230683028697968,1.6624217674552406,6.755615962542036,2.573628451233885e-07,25.373700999763816,True
1954,8999.25,3542.0,4,11.229240119457245,11.229240119457245,11.229240119457245,1.6796207532210485,6.685580716910448,2.573297793493391e-07,25.3738405032514,True
2224,7821.5,3686.5,4,11.224936187267303,11.224936187267303,11.224936187267303,1.2543577684326461,8.948751679748565,2.572311502427397e-07,25.37425672293319,True
37,8793.285714285714,2048.1428571428573,7,11.224174693226814,11.224174693226814,11.224174693226814,1.239150573361228,9.057958681147966,2.57213699810535e-07,25.374330381231218,True
2085,9289.0,3617.0,7,11.224050715565681,11.224050715565681,11.224050715565681,1.5630381342378468,7.180919306897552,2.572108587327912e-07,25.374342373897253,True
2340,7618.5,3754.375,8,11.220456004142761,11.220456004142761,11.220456004142761,1.5177293936252054,7.392922645677896,2.571284821616747e-07,25.37469015684652,True
198,7863.285714285715,2340.4285714285716,7,11.216008856892586,11.216008856892586,11.216008856892586,1.3882223011345947,8.079404031851194,2.570265711322152e-07,25.375120565903437,True
1500,9227.666666666666,3109.833333333333,6,11.209190875291824,11.209190875291824,11.209190875291824,1.5834166805445704,7.079116326750295,2.5687032995451595e-07,25.375780763340586,True
1133,7995.5,2818.5,4,11.208782851696014,11.208782851696014,11.208782851696014,1.830630869109781,6.122907157764002,2.5686097966716237e-07,25.37582028573416,True
1244,7538.0,2888.0,7,11.204368308186531,11.204368308186531,11.204368308186531,1.4744317800165399,7.599109338284097,2.567598157865134e-07,25.376247983717683,True
1637,9447.833333333334,3254.166666666667,6,11.200257331132889,11.200257331132889,11.200257331132889,1.383017366699926,8.09842132196668,2.5666560844862855e-07,25.376646422570982,True
1900,9368.5,3503.0,6,11.197151213884354,11.197151213884354,11.197151213884354,1.4453131058366453,7.747214889747148,2.565944285239234e-07,25.376947566693776,True
860,9129.666666666666,2660.8333333333335,6,11.190792590379715,11.190792590379715,11.190792590379715,1.4949380650205752,7.4857901154759166,2.56448714017331e-07,25.37756430827553,True
2111,7874.5,3631.0,6,11.18611815571785,11.18611815571785,11.18611815571785,1.6757903606982854,6.67512978834459,2.563415944591664e-07,25.378017918970997,True
1744,9294.833333333334,3360.166666666667,6,11.179492503404617,11.179492503404617,11.179492503404617,1.47050196367398,7.6025009007626085,2.5618976070820266e-07,25.378661202171866,True
556,8479.5,2507.5,4,11.174438178539276,11.174438178539276,11.174438178539276,1.9358399195698326,5.772397844250662,2.560739355687879e-07,25.379152181916638,True
1737,9190.8,3355.6,5,11.168117389082909,11.168117389082909,11.168117389082909,1.5102781327949077,7.394742164752983,2.5592908806897333e-07,25.37976649930014,True
1073,9030.2,2782.4,5,11.167438372969627,11.167438372969627,11.167438372969627,1.6836637871182687,6.632819722329261,2.559135277047148e-07,25.37983251354092,True
111,8849.5,2139.0,8,11.161920428276062,11.161920428276062,11.161920428276062,1.4140407563975126,7.893634167032625,2.557870782321457e-07,25.38036911940631,True
900,7872.8,2681.6,5,11.159346923232079,11.159346923232079,11.159346923232079,1.5061610012782793,7.4091328309265325,2.557281036730413e-07,25.380619476840568,True
2209,8970.2,3679.2,5,11.158901080489159,11.158901080489159,11.158901080489159,1.7548043988562114,6.359056934073436,2.557178867203856e-07,25.380662855479216,True
2132,8938.0,3638.5,4,11.157876670360565,11.157876670360565,11.157876670360565,1.732145550900951,6.441650740353173,2.5569441129110007e-07,25.380762532876943,True
1085,9108.2,2789.6,5,11.151115283370018,11.151115283370018,11.151115283370018,1.4714135865113895,7.578505041406115,2.5553946703807286e-07,25.381420660585267,True
778,8227.5,2618.5,4,11.150048911571503,11.150048911571503,11.150048911571503,1.8983900578894486,5.873423570268622,2.555150300132433e-07,25.381524493592384,True
270,8559.8,2375.4,5,11.146259173750877,11.146259173750877,11.146259173750877,1.5837965148581663,7.0376838622788975,2.554281842082913e-07,25.38189358210536,True
125,8384.833333333334,2149.8333333333335,6,11.139362841844559,11.139362841844559,11.139362841844559,1.4069871253560633,7.917174678500021,2.552701475514121e-07,25.382565548763004,True
1724,9366.142857142857,3345.285714285714,7,11.13787479698658,11.13787479698658,11.13787479698658,1.562635888465199,7.127619990813124,2.5523604744749657e-07,25.382710595846962,True
1206,7989.75,2857.25,4,11.137712180614471,11.137712180614471,11.137712180614471,1.8865409075322621,5.9037745410903595,2.5523232092328766e-07,25.382726448042717,True
235,9220.5,2359.5,6,11.13326695561409,11.13326695561409,11.13326695561409,1.1659369645917605,9.54877261268775,2.551304539441922e-07,25.383159867853834,True
3251,8863.4,4118.2,5,11.13037620484829,11.13037620484829,11.13037620484829,1.3185724651906086,8.441232089007196,2.550642093676399e-07,25.38344181566987,True
1718,7512.6,3339.8,5,11.1295136064291,11.1295136064291,11.1295136064291,1.232577636230134,9.029462550098641,2.550444420228761e-07,25.383525962926864,True
3058,8656.0,4046.0,5,11.123219355940819,11.123219355940819,11.123219355940819,1.4627708614309203,7.604211738986787,2.549002026912661e-07,25.384140170254184,True
337,7977.5,2410.5,6,11.120376616716385,11.120376616716385,11.120376616716385,1.448672541243907,7.676252776329867,2.5483505834938816e-07,25.384417685177333,True
2820,8220.333333333334,3959.5,6,11.119041472673416,11.119041472673416,11.119041472673416,1.6074728670687173,6.917094341349211,2.5480446212753147e-07,25.384548049580026,True
3490,8148.4,4251.8,5,11.112249717116356,11.112249717116356,11.112249717116356,1.2969713697233445,8.567845040007859,2.5464882194704724e-07,25.385211443808338,True
2663,9083.5,3896.666666666667,6,11.109202891588211,11.109202891588211,11.109202891588211,1.448412196196519,7.669918080475019,2.545790007541141e-07,25.385509178512223,True
1957,9370.833333333334,3543.166666666667,6,11.098982363939285,11.098982363939285,11.098982363939285,1.4445221944024835,7.683497288548274,2.543447866758013e-07,25.386508521552273,True
412,8213.2,2435.4,5,11.089494571089745,11.089494571089745,11.089494571089745,1.5163211968251276,7.313420530102014,2.541273639816108e-07,25.387437043222146,True
891,9166.5,2675.0,6,11.079263716936111,11.079263716936111,11.079263716936111,1.4510594848787106,7.635292579244049,2.5389291326064457e-07,25.388439175087584,True
1590,9476.5,3203.0,6,11.074938327074051,11.074938327074051,11.074938327074051,1.3228236010950158,8.372195898157822,2.5379379242905103e-07,25.38886313370485,True
2443,8708.0,3800.25,4,11.069708526134491,11.069708526134491,11.069708526134491,1.9042017504586015,5.813306559280549,2.536739460719065e-07,25.389375960517306,True
411,7928.0,2435.5,6,11.058359175920486,11.058359175920486,11.058359175920486,1.4487556878834438,7.633004838846341,2.534138638441458e-07,25.390489695496264,True
232,8137.333333333333,2359.5,6,11.056514769792557,11.056514769792557,11.056514769792557,1.4507820851289475,7.621072029442546,2.533715973490953e-07,25.390670798813332,True
855,9082.166666666666,2658.8333333333335,6,11.05591967701912,11.05591967701912,11.05591967701912,1.5568534877649045,7.101451590599924,2.533579601759249e-07,25.390729237767307,True
1068,9061.2,2779.6,5,11.04687486588955,11.04687486588955,11.04687486588955,1.5657630711924804,7.055265939741626,2.531506888710575e-07,25.39161783847684,True
2613,9024.5,3876.5,4,11.04206246137619,11.04206246137619,11.04206246137619,1.2120327634827754,9.110366315219755,2.530404075894758e-07,25.39209092614216,True
1836,7565.166666666667,3459.833333333333,6,11.040964633226395,11.040964633226395,11.040964633226395,1.3981763947435086,7.896689341012531,2.530152497094639e-07,25.392198877988136,True
1283,9163.666666666666,2916.5,6,11.036580115556717,11.036580115556717,11.036580115556717,1.670470256607644,6.606870174372079,2.5291477390233097e-07,25.39263012427853,True
1173,7814.5,2840.3333333333335,6,11.035799533128738,11.035799533128738,11.035799533128738,1.671541440988238,6.602169268746471,2.5289688603976695e-07,25.39270691768429,True
2839,8884.0,3966.666666666667,6,11.028553515672684,11.028553515672684,11.028553515672684,1.5077613990698866,7.31452172901894,2.5273083597286194e-07,25.39342003750772,True
2668,8989.2,3898.4,5,11.022148475050926,11.022148475050926,11.022148475050926,1.3715056805164263,8.036531406053419,2.5258405776949407e-07,25.394050782478516,True
2020,9295.5,3580.666666666667,6,11.01558831334114,11.01558831334114,11.01558831334114,1.448097150325873,7.6069401219816255,2.524337248041895e-07,25.394697183273315,True
3099,7915.666666666667,4064.5,6,11.012652426958084,11.012652426958084,11.012652426958084,1.404839521015373,7.839082160073694,2.523664458977711e-07,25.39498659341692,True
1484,9521.428571428572,3088.714285714286,7,11.011443331837654,11.011443331837654,11.011443331837654,1.339818763727601,8.218606598105827,2.523387382187792e-07,25.39510580451761,True
3203,8332.5,4101.5,4,11.002851665019989,11.002851665019989,11.002851665019989,1.223222162044048,8.994974099090742,2.521418511896559e-07,25.395953279687546,True
1010,8021.5,2747.0,4,10.997098624706268,10.997098624706268,10.997098624706268,1.8621261392690642,5.905667931294349,2.520100142551199e-07,25.396521124997754,True
548,8910.5,2504.5,4,10.995936572551727,10.995936572551727,10.995936572551727,1.3084145846973227,8.404015593494345,2.519833846148825e-07,25.396635859693163,True
3133,8235.5,4075.5,6,10.993166476488113,10.993166476488113,10.993166476488113,1.466546326651624,7.495955822675845,2.519199049669951e-07,25.39690941278863,True
1269,9174.2,2904.4,5,10.98237358033657,10.98237358033657,10.98237358033657,1.4978836595798872,7.331926955806973,2.516725744659397e-07,25.39797589297686,True
934,9169.666666666666,2699.8333333333335,6,10.981691867113113,10.981691867113113,10.981691867113113,1.4510231555817095,7.568240261962323,2.516569522945812e-07,25.398043290401983,True
333,8147.8,2408.8,5,10.980586394667625,10.980586394667625,10.980586394667625,1.4140844483278927,7.765156039762547,2.516316192375401e-07,25.398152591581407,True
2207,9306.5,3677.5,6,10.971017390489578,10.971017390489578,10.971017390489578,1.4439996330054516,7.5976594035936005,2.5141233550083713e-07,25.39909916614966,True
1961,7818.666666666667,3544.666666666667,6,10.966269046068192,10.966269046068192,10.966269046068192,1.6526811387764972,6.635441519098277,2.513035222232483e-07,25.399569183218212,True
2995,8700.8,4025.8,5,10.962214335799217,10.962214335799217,10.962214335799217,1.4460339449355595,7.580883128084336,2.5121060429757025e-07,25.399970701710153,True
589,7623.0,2525.25,8,10.959080576896667,10.959080576896667,10.959080576896667,1.3796445820269656,7.943408555843891,2.511387909354595e-07,25.40028112456922,True
874,8860.75,2666.0,4,10.954122245311737,10.954122245311737,10.954122245311737,1.827728878572597,5.993297131611001,2.5102516558244207e-07,25.4007724667297,True
376,8831.0,2422.0,5,10.951606139540672,10.951606139540672,10.951606139540672,1.3862305057712752,7.900277835429241,2.509675063876969e-07,25.40102188342059,True
302,8296.833333333334,2393.0,6,10.947455435991287,10.947455435991287,10.947455435991287,1.6896497417395353,6.479127102828198,2.5087238867562154e-07,25.401433459885382,True
2201,9221.0,3673.166666666667,6,10.940184146165848,10.940184146165848,10.940184146165848,1.4482637129165898,7.554000040596148,2.507057594659457e-07,25.40215484447138,True
2301,7939.4,3733.8,5,10.929119929671288,10.929119929671288,10.929119929671288,1.5065796451980966,7.254259649999614,2.5045221137552014e-07,25.40325344563479,True
1141,9253.6,2822.8,5,10.926841124892235,10.926841124892235,10.926841124892235,1.3244268704329558,8.250241194004351,2.5039999018114407e-07,25.40347985351088,True
2784,8556.0,3944.5,4,10.922221839427948,10.922221839427948,10.922221839427948,1.6035586556686285,6.811239364907272,2.502941344245095e-07,25.403938941898478,True
2008,7850.4,3572.8,5,10.921451434493065,10.921451434493065,10.921451434493065,1.537835750328146,7.101832189921861,2.5027647978984195e-07,25.404015527600894,True
1069,7922.4,2780.8,5,10.917856082320213,10.917856082320213,10.917856082320213,1.7767866852043024,6.144719663443917,2.5019408853527077e-07,25.404373011834785,True
2508,8131.8,3830.6,5,10.914918765425682,10.914918765425682,10.914918765425682,1.6518204702597963,6.607811782178119,2.501267768471861e-07,25.404665155306123,True
2624,8983.166666666666,3880.666666666667,6,10.905255824327469,10.905255824327469,10.905255824327469,1.5275239604464599,7.139171696619486,2.4990534044773106e-07,25.4056267796632,True
2162,9321.6,3653.2,5,10.902487620711327,10.902487620711327,10.902487620711327,1.3183331470113833,8.26990328311694,2.4984190416725633e-07,25.405902419269097,True
1153,9426.0,2827.8333333333335,6,10.893338233232498,10.893338233232498,10.893338233232498,1.3431415096719121,8.1103429197817,2.49632236385994e-07,25.406813953604814,True
1024,9376.166666666666,2755.8333333333335,6,10.893315821886063,10.893315821886063,10.893315821886063,1.3854165889253123,7.862844944231659,2.4963172280655567e-07,25.406816187340215,True
351,9127.0,2413.5,6,10.88767483830452,10.88767483830452,10.88767483830452,1.3647086228879628,7.9780215759641715,2.495024537692112e-07,25.40737856949605,True
2500,9148.5,3827.333333333333,6,10.88742545247078,10.88742545247078,10.88742545247078,1.4490062252163296,7.513718894372134,2.494967388320573e-07,25.407403438931787,True
989,8885.5,2732.5,4,10.886171042919159,10.886171042919159,10.886171042919159,1.9292252033037454,5.6427684151528235,2.49467992725491e-07,25.40752854071436,True
3189,8377.2,4095.4,5,10.886157378554344,10.886157378554344,10.886157378554344,1.3879340508518883,7.84342553731038,2.4946767959228294e-07,25.407529903535583,True
1214,8961.5,2862.5,4,10.883426368236542,10.883426368236542,10.883426368236542,1.8793446772333626,5.791075208331846,2.494050956351314e-07,25.40780231635042,True
2809,8966.5,3955.5,6,10.882862597703934,10.882862597703934,10.882862597703934,1.4597460369552688,7.455312309258503,2.4939217624386215e-07,25.407858559845074,True
1620,7566.8,3243.6,5,10.878990039229393,10.878990039229393,10.878990039229393,1.3106029005920805,8.300752298285529,2.493034325170231e-07,25.40824497703624,True
588,8876.2,2523.4,5,10.878731593489647,10.878731593489647,10.878731593489647,1.5277977070187414,7.120531431296485,2.492975099626494e-07,25.408270770536255,True
487,9116.666666666666,2474.1666666666665,6,10.877217322587967,10.877217322587967,10.877217322587967,1.4449770390199361,7.527605649682504,2.4926280886151887e-07,25.40842191069114,True
2888,8815.0,3989.5,6,10.874983340501785,10.874983340501785,10.874983340501785,1.511281807365742,7.195867301186903,2.492116148260194e-07,25.40864492401083,True
3262,7958.833333333333,4122.833333333334,6,10.874949961900711,10.874949961900711,10.874949961900711,1.3785063968588358,7.8889368860972695,2.49210849920473e-07,25.40864825646755,True
3187,9128.833333333334,4094.8333333333335,6,10.874551802873611,10.874551802873611,10.874551802873611,1.2582843815742037,8.642364128583372,2.4920172569002644e-07,25.40868800870424,True
1921,9382.2,3519.6,5,10.865911826491356,10.865911826491356,10.865911826491356,1.3183763567315616,8.24188917755584,2.490037315967149e-07,25.40955098346138,True
2574,8313.5,3858.5,4,10.864752471446991,10.864752471446991,10.864752471446991,1.7689824453507563,6.141809094828362,2.4897716376357747e-07,25.409666833923175,True
2304,9118.5,3735.666666666667,6,10.864044696092606,10.864044696092606,10.864044696092606,1.5069194906400993,7.209439365256234,2.4896094435123657e-07,25.409737565618208,True
3424,8154.833333333333,4203.166666666666,6,10.857121974229813,10.857121974229813,10.857121974229813,1.4433947745699467,7.521935208241727,2.488023029409097e-07,25.410429632497532,True
271,8697.333333333334,2375.5,6,10.849479228258133,10.849479228258133,10.849479228258133,1.6093364109552426,6.74158563393112,2.4862716142522446e-07,25.4111941931278,True
1004,9421.166666666666,2744.1666666666665,6,10.848459273576736,10.848459273576736,10.848459273576736,1.2931587873885746,8.389116154470317,2.4860378809717037e-07,25.411296267500024,True
1970,7904.2,3548.4,5,10.845733508467674,10.845733508467674,10.845733508467674,1.7131674722719374,6.330807515323926,2.485413243394618e-07,25.411569101977886,True
386,9254.5,2425.5,6,10.844953566789627,10.844953566789627,10.844953566789627,1.2018459734559341,9.02358023100475,2.485234511603524e-07,25.411647182576704,True
3481,8346.166666666666,4246.666666666666,6,10.839880019426346,10.839880019426346,10.839880019426346,1.4448558548141992,7.502395469629942,2.484071855172971e-07,25.412155236663217,True
760,9310.0,2611.0,7,10.825203612446785,10.825203612446785,10.825203612446785,1.443911017718912,7.497140391343797,2.4807086030477026e-07,25.413626240340996,True
3540,8809.833333333334,4297.666666666666,6,10.824024707078934,10.824024707078934,10.824024707078934,1.381948623937951,7.832436401459834,2.48043844455527e-07,25.413744487534128,True
3405,8372.5,4192.5,4,10.818733394145966,10.818733394145966,10.818733394145966,1.181890756108212,9.15375074915589,2.479225884867327e-07,25.414275378293027,True
162,8549.0,2182.5,6,10.817769080400467,10.817769080400467,10.817769080400467,1.4310046786549415,7.559562342289838,2.4790049022890644e-07,25.414372158292302,True
1606,9135.8,3225.2,5,10.816432818770409,10.816432818770409,10.816432818770409,1.7216885995538247,6.282455968851443,2.47869868396373e-07,25.41450628181018,True
3201,8162.2,4100.6,5,10.808295592665672,10.808295592665672,10.808295592665672,1.3209602568707177,8.182150474587276,2.476833953513787e-07,25.415323390930546,True
2495,9064.4,3826.2,5,10.803201541304588,10.803201541304588,10.803201541304588,1.3580946080518124,7.954675231942632,2.4756665983777344e-07,25.415835229241406,True
1204,8933.0,2856.5,4,10.803103148937225,10.803103148937225,10.803103148937225,2.0005718768802407,5.400007504746068,2.4756440507378993e-07,25.41584511785096,True
2088,9181.5,3619.833333333333,6,10.801095992326736,10.801095992326736,10.801095992326736,1.475866478631028,7.3184777544006065,2.475184089812492e-07,25.416046860354133,True
2922,8730.5,4000.0,6,10.79809620976448,10.79809620976448,10.79809620976448,1.580316499565776,6.832869373148656,2.474496658270705e-07,25.41634844316563,True
609,9314.75,2536.125,8,10.79038655757904,10.79038655757904,10.79038655757904,1.4414589421025152,7.48573978932772,2.472729910855355e-07,25.41712391673178,True
1182,7892.4,2846.2,5,10.78597055375576,10.78597055375576,10.78597055375576,1.7504786680491655,6.161726361267954,2.471717937402689e-07,25.41756834905865,True
780,8985.333333333334,2620.1666666666665,6,10.779811888933182,10.779811888933182,10.779811888933182,1.6568925354904147,6.506041676228883,2.470306614959655e-07,25.418188468970406,True
1766,9247.0,3388.166666666667,6,10.779121905565262,10.779121905565262,10.779121905565262,1.5461416205417582,6.971626507142552,2.4701484980559885e-07,25.41825796590663,True
3236,8328.8,4112.4,5,10.777300223708153,10.777300223708153,10.777300223708153,1.3511600614756996,7.9763312511898,2.4697310406097613e-07,25.41844147186496,True
1959,7885.6,3544.2,5,10.773207530379295,10.773207530379295,10.773207530379295,1.674763730466087,6.432673059728318,2.468793157137633e-07,25.418853859863077,True
1119,7490.857142857143,2811.285714285714,7,10.770971491932869,10.770971491932869,10.770971491932869,1.3681559179160714,7.872619889945619,2.468280745546186e-07,25.419079233770596,True
239,8869.6,2360.8,5,10.766054019331932,10.766054019331932,10.766054019331932,1.3214187401926552,8.1473447377947,2.467153855279441e-07,25.419575038368002,True
3197,7935.833333333333,4100.166666666666,6,10.765553027391434,10.765553027391434,10.765553027391434,1.382687630567338,7.785961767065322,2.467039047737584e-07,25.41962556363414,True
1338,9451.666666666666,2963.5,6,10.764750510454178,10.764750510454178,10.764750510454178,1.3630117557525987,7.897767913608587,2.466855142589781e-07,25.41970650273401,True
2517,8802.2,3834.6,5,10.764152392745018,10.764152392745018,10.764152392745018,1.7611487869122506,6.112006249975825,2.4667180776624254e-07,25.419766830754867,True
1448,7843.5,3058.5,4,10.759471595287323,10.759471595287323,10.759471595287323,1.7120216512386943,6.2846586008433665,2.465645423979581e-07,25.420239066410897,True
2852,8315.6,3973.2,5,10.756560191512108,10.756560191512108,10.756560191512108,1.553235633376744,6.925259735464141,2.46497824536099e-07,25.42053289536003,True
1353,9464.42857142857,2975.5714285714284,7,10.756373599171638,10.756373599171638,10.756373599171638,1.448228339574925,7.427263578013384,2.4649354857750424e-07,25.420551729616815,True
1739,7529.166666666667,3356.833333333333,6,10.753855735063553,10.753855735063553,10.753855735063553,1.3692356488186928,7.853911592457759,2.4643584908862766e-07,25.4208059097272,True
3130,8814.333333333334,4073.8333333333335,6,10.751318484544754,10.751318484544754,10.751318484544754,1.4487346390123266,7.421178589251138,2.463777053398779e-07,25.421062107117972,True
3048,8998.0,4044.0,5,10.74797235429287,10.74797235429287,10.74797235429287,1.3190278294589146,8.148404540260422,2.4630102526622805e-07,25.421400073129675,True
2912,8739.0,3996.0,5,10.746734961867332,10.746734961867332,10.746734961867332,1.4370748727690137,7.478201147000846,2.462726691249002e-07,25.421525078949724,True
2621,8531.25,3879.25,4,10.744294822216034,10.744294822216034,10.744294822216034,1.8739241730420866,5.733580353346948,2.462167507732245e-07,25.42177163279122,True
1289,9454.714285714286,2921.285714285714,7,10.744061186909676,10.744061186909676,10.744061186909676,1.4464646511572676,7.427807640037186,2.462113967758753e-07,25.421795242443885,True
2713,8438.25,3917.0,4,10.741883933544159,10.741883933544159,10.741883933544159,1.7428181600366306,6.1635138879424956,2.4616150273832905e-07,25.42201528608643,True
2848,8561.2,3970.6,5,10.740239962935448,10.740239962935448,10.740239962935448,1.6968232874688896,6.3296160786173585,2.461238294327896e-07,25.42218146317595,True
216,8644.5,2352.5,6,10.739291697740555,10.739291697740555,10.739291697740555,1.6149510796499205,6.649917655752492,2.4610209894428186e-07,25.422277328008644,True
720,7827.5,2587.0,6,10.738176852464676,10.738176852464676,10.738176852464676,1.4681888070595255,7.313893690533573,2.460765510990315e-07,25.422390044074504,True
1262,9244.6,2898.8,5,10.735872134566307,10.735872134566307,10.735872134566307,1.3850810046202724,7.751078889071622,2.4602373607842993e-07,25.42262309892831,True
3473,8598.0,4241.5,6,10.73485854268074,10.73485854268074,10.73485854268074,1.445737481696193,7.425178276547278,2.460005085604956e-07,25.42272560996292,True
2028,9245.5,3585.5,6,10.733449012041092,10.733449012041092,10.733449012041092,1.4507134638622967,7.39873812397451,2.4596820769199265e-07,25.42286818090807,True
2188,9380.142857142857,3666.285714285714,7,10.73113937675953,10.73113937675953,10.73113937675953,1.4574058525811568,7.3631784569507595,2.459152799844132e-07,25.423101835950433,True
2002,9249.6,3569.8,5,10.728617534041405,10.728617534041405,10.728617534041405,1.326232233814815,8.08954665743667,2.458574893215273e-07,25.423357016469556,True
1396,9287.166666666666,3018.0,6,10.726883441209793,10.726883441209793,10.726883441209793,1.480258609943765,7.246627966999164,2.458177507710125e-07,25.423532520865933,True
1584,9336.833333333334,3199.166666666667,6,10.724339038133621,10.724339038133621,10.724339038133621,1.4488030890529615,7.40220608250069,2.457594431139313e-07,25.423790086657803,True
2844,9109.833333333334,3969.0,6,10.72303393483162,10.72303393483162,10.72303393483162,1.443786763670966,7.4270205300727925,2.4572953530706646e-07,25.42392222385796,True
2079,9248.5,3614.5,6,10.722202807664871,10.722202807664871,10.722202807664871,1.4491383076945625,7.399019645490463,2.457104891589607e-07,25.424006380994296,True
2563,8644.0,3853.5,4,10.719849288463593,10.719849288463593,10.719849288463593,1.8099240932269562,5.922817055466078,2.456565558054731e-07,25.424244725813555,True
1337,9271.6,2963.2,5,10.71310268342495,10.71310268342495,10.71310268342495,1.3669495652772667,7.837233322688058,2.4550195029633067e-07,25.424928255884556,True
345,8382.5,2411.5,4,10.71287316083908,10.71287316083908,10.71287316083908,1.5500341510758,6.911378793430983,2.45496690546272e-07,25.42495151746042,True
268,9048.833333333334,2374.0,6,10.70705559849739,10.70705559849739,10.70705559849739,1.4435216752722986,7.417315432051041,2.4536337502199674e-07,25.425541280226124,True
256,8107.0,2371.0,5,10.702351436018944,10.702351436018944,10.702351436018944,1.3238670685805312,8.084158666696162,2.452555742198298e-07,25.42601840503298,True
82,8053.166666666667,2111.1666666666665,6,10.69796136021614,10.69796136021614,10.69796136021614,1.1775744206035563,9.084743327502805,2.4515497104226443e-07,25.426463862475867,True
3551,8178.0,4315.833333333334,6,10.697333842515945,10.697333842515945,10.697333842515945,1.4060903811832717,7.6078564974705145,2.4514059081799185e-07,25.42652755112143,True
2863,8005.8,3979.4,5,10.693765506148338,10.693765506148338,10.693765506148338,1.327749039998335,8.054056289253086,2.4505881865884727e-07,25.426889783277694,True
2815,7985.333333333333,3957.833333333333,6,10.687416106462479,10.687416106462479,10.687416106462479,1.459367369144127,7.32332127771934,2.4491331552570724e-07,25.42753462821143,True
3550,8727.5,4312.5,6,10.68662741780281,10.68662741780281,10.68662741780281,1.4084628750184436,7.587439901575589,2.448952419003676e-07,25.42761475416715,True
451,8464.5,2456.5,4,10.683668792247772,10.683668792247772,10.683668792247772,1.712423838368344,6.238916180019741,2.448274419020457e-07,25.427915385180437,True
3305,8580.2,4141.4,5,10.680421695113182,10.680421695113182,10.680421695113182,1.325126664446491,8.059925123893287,2.4475303127583406e-07,25.428245424125798,True
2337,9280.333333333334,3752.166666666667,6,10.679313689470291,10.679313689470291,10.679313689470291,1.437051375449048,7.431407026859588,2.447276401679256e-07,25.42835806614322,True
457,8545.25,2459.25,4,10.677410781383514,10.677410781383514,10.677410781383514,1.6913542933256478,6.312935630055908,2.4468403303931467e-07,25.428551546769185,True
637,9291.2,2545.6,5,10.67314039170742,10.67314039170742,10.67314039170742,1.179520090656081,9.04871436803652,2.445861725944943e-07,25.428985869677664,True
3408,8544.666666666666,4193.833333333334,6,10.672174006700516,10.672174006700516,10.672174006700516,1.4479029195504445,7.370780086564153,2.4456402687154704e-07,25.429084180639112,True
3102,8002.0,4064.5,6,10.667111903429031,10.667111903429031,10.667111903429031,1.4458503407822245,7.377742773610981,2.444480234818219e-07,25.4295992971168,True
1030,7508.5,2761.0,6,10.662693053483963,10.662693053483963,10.662693053483963,1.2687592303861888,8.404031906225754,2.443467609146984e-07,25.43004915640497,True
1019,9244.142857142857,2756.142857142857,7,10.660300448536873,10.660300448536873,10.660300448536873,1.5642852197849475,6.814806093995067,2.4429193187047505e-07,25.43029281242122,True
483,9066.2,2471.6,5,10.660137042403221,10.660137042403221,10.660137042403221,1.3218866336428052,8.06433530009031,2.442881872480545e-07,25.430309455227494,True
1310,7897.5,2940.5,4,10.660031020641327,10.660031020641327,10.660031020641327,1.7656574549181285,6.037428715829606,2.4428575764851753e-07,25.430320253610045,True
363,9116.4,2417.2,5,10.65797983109951,10.65797983109951,10.65797983109951,1.2731324646934832,8.371461828730842,2.442387524953118e-07,25.430529189684876,True
1006,7941.6,2745.8,5,10.655143603682518,10.655143603682518,10.655143603682518,1.783922358310217,5.972874073833224,2.4417375737831056e-07,25.430818156698006,True
984,9344.833333333334,2729.0,6,10.651263266801834,10.651263266801834,10.651263266801834,1.4164236530925083,7.519828720416171,2.4408483540116117e-07,25.43121362669069,True
497,7887.5,2480.0,6,10.64150956273079,10.64150956273079,10.64150956273079,1.4504530469150967,7.3366797948845965,2.4386131907327606e-07,25.432208325733967,True
343,9165.0,2411.1666666666665,6,10.638753443956375,10.638753443956375,10.638753443956375,1.2879046282433564,8.260513403439782,2.4379815972958626e-07,25.43248956454702,True
2321,7951.2,3745.6,5,10.637615069746971,10.637615069746971,10.637615069746971,1.5038340649290394,7.073662791545371,2.4377207269422086e-07,25.432605747352753,True
2724,8911.8,3919.6,5,10.633291110396385,10.633291110396385,10.633291110396385,1.414273339485329,7.518554450206893,2.436729846442936e-07,25.433047165244382,True
3124,8401.0,4074.3333333333335,6,10.63137486577034,10.63137486577034,10.63137486577034,1.561006500698384,6.8105897451509225,2.436290718949398e-07,25.433242845362336,True
3105,8378.8,4065.6,5,10.630081042647362,10.630081042647362,10.630081042647362,1.4372598630848048,7.3960745135064965,2.435994225851725e-07,25.43337498594716,True
1252,9100.2,2892.0,5,10.627786502242088,10.627786502242088,10.627786502242088,1.6868904816329031,6.300223172730475,2.4354684079246736e-07,25.433609371225522,True
1782,9424.833333333334,3406.0,6,10.625738650560379,10.625738650560379,10.625738650560379,1.417582321355225,7.495676611148798,2.4349991212981624e-07,25.433818600207886,True
2585,8778.4,3864.8,5,10.623821124434471,10.623821124434471,10.623821124434471,1.6798710982144203,6.324188287855428,2.434559700135531e-07,25.43401455038908,True
1350,7563.333333333333,2972.5,6,10.62180283665657,10.62180283665657,10.62180283665657,1.4287855541695733,7.434147696734017,2.4340971883867164e-07,25.434220835516097,True
1384,9451.5,3003.3333333333335,6,10.603381663560867,10.603381663560867,10.603381663560867,1.3746202857550667,7.713680478486846,2.4298757839482634e-07,25.43610544006082,True
2857,8319.5,3974.5,4,10.598434150218964,10.598434150218964,10.598434150218964,1.3935573954735898,7.605308675942384,2.428742009531601e-07,25.436612160287382,True
1998,7515.166666666667,3563.666666666667,6,10.595257312059402,10.595257312059402,10.595257312059402,1.2783196204600413,8.288425791545297,2.428014003848285e-07,25.436937654148466,True
2759,8284.4,3934.2,5,10.592752322554588,10.592752322554588,10.592752322554588,1.5948055284677103,6.642033861477837,2.4274399593094834e-07,25.43719438027399,True
2334,9342.0,3752.166666666667,6,10.589907675981522,10.589907675981522,10.589907675981522,1.3050830093343644,8.114355638866776,2.4267880788018207e-07,25.437485990090032,True
1394,9250.8,3013.6,5,10.57957349717617,10.57957349717617,10.57957349717617,1.4061039901523347,7.5240334792236805,2.424419893667788e-07,25.43854602485186,True
1171,8924.0,2838.75,4,10.578688323497772,10.578688323497772,10.578688323497772,1.9807073394557357,5.340863898855756,2.4242170468634414e-07,25.438636870226475,True
1614,9103.5,3232.5,4,10.569280326366425,10.569280326366425,10.569280326366425,1.6850313714933594,6.272453145486186,2.422061105944755e-07,25.43960288298569,True
1878,7554.6,3489.2,5,10.568865165114403,10.568865165114403,10.568865165114403,1.2514452416714528,8.445327700474083,2.4219659674026627e-07,25.4396455315333,True
2444,8872.4,3800.8,5,10.56139551103115,10.56139551103115,10.56139551103115,1.736143556362006,6.083250127749792,2.4202542180620026e-07,25.440413158051243,True
2509,8765.5,3830.5,4,10.55889481306076,10.55889481306076,10.55889481306076,1.6568929239692358,6.372708012878696,2.41968115697319e-07,25.440670266101808,True
122,8898.285714285714,2146.5714285714284,7,10.55463095009327,10.55463095009327,10.55463095009327,1.317500757593758,8.011100478886945,2.4187040481885096e-07,25.441108793566222,True
3009,7975.166666666667,4033.0,6,10.553146868944168,10.553146868944168,10.553146868944168,1.4467715095641982,7.2942733522054395,2.418363955474691e-07,25.44126146910136,True
2472,8869.8,3817.6,5,10.544996127486229,10.544996127486229,10.544996127486229,1.6831089789886955,6.265189158352802,2.4164961278402367e-07,25.442100363362172,True
2260,9135.5,3706.0,6,10.543976336717606,10.543976336717606,10.543976336717606,1.4937544436833197,7.058707929743879,2.4162624321220214e-07,25.442205368360543,True
2431,9260.0,3792.833333333333,6,10.543865233659744,10.543865233659744,10.543865233659744,1.443625213978839,7.3037413946237,2.416236971694548e-07,25.442216808944632,True
225,8832.166666666666,2354.3333333333335,6,10.543595343828201,10.543595343828201,10.543595343828201,1.448804963684796,7.277442863677323,2.4161751236175093e-07,25.442244600736856,True
2666,9191.8,3897.6,5,10.54212461411953,10.54212461411953,10.54212461411953,1.3142317148300229,8.02151134777858,2.4158380905258764e-07,25.442396061014037,True
1257,9479.142857142857,2893.714285714286,7,10.539612963795662,10.539612963795662,10.539612963795662,1.382746941813779,7.622228366652993,2.415262519590739e-07,25.44265476736527,True
871,8883.5,2664.5,4,10.53908509016037,10.53908509016037,10.53908509016037,1.7399011567103646,6.05728954746294,2.4151415518274273e-07,25.442709147528223,True
2271,9084.4,3712.2,5,10.537053927779198,10.537053927779198,10.537053927779198,1.4309414961855769,7.363720987802468,2.4146760897286484e-07,25.44291841797761,True
2225,9150.6,3686.8,5,10.53319202363491,10.53319202363491,10.53319202363491,1.3478121402952505,7.815029786960903,2.413791094011444e-07,25.44331642084909,True
438,9239.833333333334,2449.1666666666665,6,10.532564669847488,10.532564669847488,10.532564669847488,1.242961800086356,8.473763770628935,2.4136473293310436e-07,25.443381088900683,True
393,9086.0,2426.5,6,10.531390696763992,10.531390696763992,10.531390696763992,1.4443552185355333,7.291413193661615,2.413378301123147e-07,25.443502113186895,True
974,9095.833333333334,2723.5,6,10.529922038316727,10.529922038316727,10.529922038316727,1.5770592431199206,6.676934987860836,2.4130417426827235e-07,25.44365353543405,True
2867,8218.0,3980.8,5,10.52824817597866,10.52824817597866,10.52824817597866,1.4374581288106891,7.324212069181748,2.41265815962498e-07,25.443826140454103,True
1883,9224.0,3492.5,6,10.526027709245682,10.526027709245682,10.526027709245682,1.552667912039858,6.779316831128968,2.412149316454497e-07,25.4440551524748,True
2559,8846.8,3853.2,5,10.522007808089256,10.522007808089256,10.522007808089256,1.5991841840282697,6.579609724243779,2.4112281140698436e-07,25.444469875480618,True
3322,7885.428571428572,4152.714285714286,7,10.519540026783943,10.519540026783943,10.519540026783943,1.3639390164789411,7.7126175728446595,2.4106625961790303e-07,25.444724548714916,True
2278,9180.333333333334,3717.333333333333,6,10.51927188038826,10.51927188038826,10.51927188038826,1.4501641099765101,7.25384927679575,2.410601147628549e-07,25.444752224826214,True
2372,9397.5,3769.0,6,10.513357669115067,10.513357669115067,10.513357669115067,1.2028917605082992,8.740069567583118,2.4092458442725196e-07,25.445362825935888,True
1281,9468.0,2914.5,6,10.509833365678787,10.509833365678787,10.509833365678787,1.3103511630155598,8.02062352620966,2.4084382132877247e-07,25.44572684906319,True
3514,8081.0,4266.5,6,10.507687598466873,10.507687598466873,10.507687598466873,1.3784058383283275,7.623072469868637,2.4079464882936e-07,25.445948543825484,True
851,8076.0,2656.75,4,10.506621062755585,10.506621062755585,10.506621062755585,1.7662793955438802,5.948447957476366,2.407702080482978e-07,25.446058752203502,True
2653,8986.8,3893.6,5,10.500800475478172,10.500800475478172,10.500800475478172,1.378458769204469,7.617783505805078,2.4063682320445743e-07,25.446660408383938,True
2218,9228.5,3684.5,6,10.495257884263992,10.495257884263992,10.495257884263992,1.4476300922718972,7.249958356276521,2.4050980893109643e-07,25.447233639033815,True
789,7827.666666666667,2624.1666666666665,6,10.490355998277664,10.490355998277664,10.490355998277664,1.5050276994630607,6.970207925090178,2.403974770879941e-07,25.447740858428354,True
3190,8710.0,4095.8,5,10.48560319840908,10.48560319840908,10.48560319840908,1.3435247835306836,7.804547654754602,2.4028856170917385e-07,25.448232877594794,True
2108,9284.833333333334,3629.333333333333,6,10.481998950242996,10.481998950242996,10.481998950242996,1.4468171113087047,7.244867971433932,2.4020596659361555e-07,25.44860614514686,True
1662,9084.5,3277.5,4,10.464942634105682,10.464942634105682,10.464942634105682,1.7921461557593439,5.839335480800459,2.398151032741535e-07,25.450374294828123,True
3360,8599.333333333334,4167.5,6,10.464578181505203,10.464578181505203,10.464578181505203,1.449278980760879,7.220540917533521,2.3980675146171855e-07,25.45041210738836,True
2036,9157.2,3588.4,5,10.463764056563377,10.463764056563377,10.463764056563377,1.4114066528334457,7.413713146070995,2.397880949373755e-07,25.450496578954713,True
2599,7627.2,3872.6,5,10.460093840956688,10.460093840956688,10.460093840956688,1.1144127236757362,9.386193838899754,2.397039881089359e-07,25.450877472958467,True
2308,9367.833333333334,3737.166666666667,6,10.453751593828201,10.453751593828201,10.453751593828201,1.2757324779492607,8.194313286303254,2.3955864888412725e-07,25.451535984809812,True
2887,7990.0,3988.8,5,10.453232154250145,10.453232154250145,10.453232154250145,1.3237008145481097,7.896974935245251,2.395467453830368e-07,25.451589935620028,True
1464,7633.0,3075.0,5,10.448172435164452,10.448172435164452,10.448172435164452,1.32320157576823,7.896130586980602,2.3943079662942213e-07,25.452115596015823,True
1679,9469.285714285714,3292.5714285714284,7,10.442176058888435,10.442176058888435,10.442176058888435,1.444497320504559,7.228934183997663,2.392933833968625e-07,25.452738896579802,True
2789,8615.4,3946.2,5,10.439886912703514,10.439886912703514,10.439886912703514,1.7625000025664288,5.923340083688898,2.392409252183573e-07,25.45297693904757,True
1664,7537.5,3279.0,6,10.438005477190018,10.438005477190018,10.438005477190018,1.385700502812293,7.532656195192238,2.391978101562162e-07,25.45317262380552,True
771,7966.8,2615.4,5,10.436991557478905,10.436991557478905,10.436991557478905,1.5242399356316036,6.847341624830279,2.391745751258167e-07,25.453278094415946,True
140,8762.2,2161.6,5,10.435402259230614,10.435402259230614,10.435402259230614,1.1957888225876083,8.726793612812912,2.3913815469458516e-07,25.45344343804321,True
616,7941.333333333333,2538.8333333333335,6,10.434947520494461,10.434947520494461,10.434947520494461,1.5699487523647924,6.646680348499556,2.391277338809423e-07,25.453490751702525,True
2023,9017.5,3582.5,4,10.431762397289276,10.431762397289276,10.431762397289276,1.564685409806849,6.667003048604521,2.390547434521269e-07,25.45382220823026,True
688,9313.0,2566.5,6,10.428951770067215,10.428951770067215,10.428951770067215,1.2810604676459023,8.140873934882736,2.3899033499036166e-07,25.454114777288737,True
299,8795.666666666666,2391.8333333333335,6,10.428200274705887,10.428200274705887,10.428200274705887,1.5043032275496664,6.932246161362163,2.389731136883452e-07,25.454193016707055,True
1217,9186.5,2863.5,6,10.428089648485184,10.428089648485184,10.428089648485184,1.5776424982674795,6.609919332128163,2.3897057857281996e-07,25.454204534660963,True
2285,9287.0,3723.0,5,10.426535949110985,10.426535949110985,10.426535949110985,1.3177386382994118,7.9124460997567745,2.389349739270127e-07,25.454366312455257,True
240,7951.666666666667,2361.6666666666665,6,10.421675235033035,10.421675235033035,10.421675235033035,1.4433567443311417,7.2204430927868,2.3882358558124285e-07,25.45487258642806,True
3522,8486.166666666666,4273.833333333334,6,10.418387442827225,10.418387442827225,10.418387442827225,1.4456955306634385,7.2064879650324185,2.3874824238492075e-07,25.455215164578266,True
1837,9175.4,3459.8,5,10.41388164460659,10.41388164460659,10.41388164460659,1.5130197531190397,6.88284579440468,2.38644987307144e-07,25.45568483097085,True
1677,9428.0,3291.5,6,10.411651641130447,10.411651641130447,10.411651641130447,1.425246342256586,7.305159348555652,2.3859388444565387e-07,25.45591735279747,True
1101,9247.0,2799.5,6,10.410606414079666,10.410606414079666,10.410606414079666,1.4500690633946463,7.179386607771763,2.3856993197482895e-07,25.456026355466555,True
3582,9295.833333333334,2572.8333333333335,6,10.402156859636307,10.402156859636307,10.402156859636307,1.3172876861680676,7.896647762567134,2.3837630159936459e-07,25.456907928716255,True
1721,7895.5,3342.5,4,10.39809101819992,10.39809101819992,10.39809101819992,1.899912657204394,5.472931073315801,2.3828312859134584e-07,25.45733238820659,True
219,8065.8,2353.4,5,10.38986288011074,10.38986288011074,10.38986288011074,1.3208805552123988,7.86586102665433,2.380945722031646e-07,25.458191884810386,True
1304,9040.5,2932.5,4,10.384071052074432,10.384071052074432,10.384071052074432,1.8274255751826893,5.682349636064565,2.3796184640740662e-07,25.458797297109683,True
2961,8778.5,4014.5,6,10.379740744829178,10.379740744829178,10.379740744829178,1.5037716004322437,6.902471586672888,2.3786261288883528e-07,25.459250159182222,True
3016,8843.5,4034.0,6,10.375604659318924,10.375604659318924,10.375604659318924,1.4506555495691957,7.152355817616518,2.3776783016441215e-07,25.459682886053923,True
410,9244.833333333334,2435.1666666666665,6,10.375461608171463,10.375461608171463,10.375461608171463,1.2214987841177842,8.494041699488912,2.3776455199778464e-07,25.459697855483245,True
1383,9265.333333333334,3004.1666666666665,6,10.373305350542068,10.373305350542068,10.373305350542068,1.5144553358883004,6.849528741273594,2.3771513909948612e-07,25.459923519686626,True
2794,8823.2,3948.4,5,10.371548041701317,10.371548041701317,10.371548041701317,1.4272931190594211,7.266585891296186,2.3767486852984575e-07,25.460107466403418,True
1770,7449.285714285715,3391.5714285714284,7,10.36738033592701,10.36738033592701,10.36738033592701,1.3489292097924026,7.685637067287265,2.3757936119400765e-07,25.46054384662794,True
191,8680.5,2337.5,6,10.367024928331375,10.367024928331375,10.367024928331375,1.547032132642588,6.701234389115612,2.3757121665731678e-07,25.460581067748016,True
770,9162.666666666666,2615.1666666666665,6,10.365340739488602,10.365340739488602,10.365340739488602,1.4502789394000941,7.14713594598306,2.37532621708889e-07,25.460757466798235,True
3100,8897.833333333334,4064.0,6,10.360695391893387,10.360695391893387,10.360695391893387,1.4472173017089036,7.159046108458811,2.3742616871127196e-07,25.461244161129972,True
1111,9455.285714285714,2803.4285714285716,7,10.35380382835865,10.35380382835865,10.35380382835865,1.3773647454027285,7.517111108670997,2.3726824132661369e-07,25.461966594265675,True
297,8707.333333333334,2390.1666666666665,6,10.353468924760818,10.353468924760818,10.353468924760818,1.624661363819991,6.372693507290151,2.3726056666047276e-07,25.462001714000237,True
2272,9231.8,3712.0,5,10.350138530135155,10.350138530135155,10.350138530135155,1.3208901780971913,7.835729799312347,2.3718424718515194e-07,25.462351018348315,True
1775,7861.5,3393.5,4,10.338810622692108,10.338810622692108,10.338810622692108,1.6812282640734832,6.149557941431455,2.369246563409097e-07,25.46353997389876,True
882,7953.5,2670.5,4,10.338376700878143,10.338376700878143,10.338376700878143,1.4582786600864044,7.089438379538232,2.3691471256880628e-07,25.463585543406467,True
1041,8936.5,2763.5,4,10.334603011608124,10.334603011608124,10.334603011608124,1.7425289825047992,5.930806956652534,2.368282345331728e-07,25.463981928559306,True
898,9169.0,2680.2,5,10.33059011399746,10.33059011399746,10.33059011399746,1.3245039331739779,7.79959187379816,2.3673627478828192e-07,25.464403598780354,True
53,8699.333333333334,2066.1666666666665,6,10.325618773698807,10.325618773698807,10.325618773698807,1.2477019407958283,8.275709475223517,2.366223513269868e-07,25.464926208159646,True
17,8685.714285714286,2026.2857142857142,7,10.323785498738289,10.323785498738289,10.323785498738289,1.3085680967755422,7.889375817870883,2.3658033991427694e-07,25.46511899367315,True
407,9284.5,2433.0,6,10.321299105882645,10.321299105882645,10.321299105882645,1.1818829273982958,8.732928504689665,2.3652336162205837e-07,25.465380515174022,True
339,8959.2,2410.6,5,10.321010932326317,10.321010932326317,10.321010932326317,1.3225887257291566,7.803643514832049,2.365167578236824e-07,25.46541082965557,True
849,9142.5,2655.5,4,10.320670783519745,10.320670783519745,10.320670783519745,1.2058108436907085,8.559112598399393,2.3650896295809846e-07,25.46544661277435,True
584,8999.333333333334,2522.6666666666665,6,10.311767607927322,10.311767607927322,10.311767607927322,1.5258650458149663,6.757981406160199,2.3630493737966802e-07,25.466383632480365,True
2467,8088.0,3814.75,4,10.311076819896698,10.311076819896698,10.311076819896698,1.4371419861018366,7.174709889219011,2.362891072496141e-07,25.4664563686713,True
2985,8806.8,4021.6,5,10.309412345290184,10.309412345290184,10.309412345290184,1.3461803196769158,7.6582699914707195,2.3625096407352467e-07,25.466631648736836,True
1928,9320.5,3524.5,4,10.307436645030975,10.307436645030975,10.307436645030975,1.1824037734392197,8.717357705185655,2.362056888361663e-07,25.4668397396346,True
2436,8253.5,3795.5,4,10.305969893932343,10.305969893932343,10.305969893932343,1.7952220921846744,5.740777109861996,2.3617207670101235e-07,25.466994251192002,True
623,7825.2,2542.6,5,10.30397067964077,10.30397067964077,10.30397067964077,1.3233044668150395,7.786545680179414,2.3612626261501456e-07,25.4672048892903,True
3483,8890.666666666666,4247.166666666666,6,10.29959300160408,10.29959300160408,10.29959300160408,1.3298684242121515,7.7448210770970265,2.3602594354522357e-07,25.467666266135808,True
704,8854.4,2577.2,5,10.293354853987694,10.293354853987694,10.293354853987694,1.747507551613862,5.890306364903289,2.3588298986958778e-07,25.468324062481663,True
2764,9094.4,3935.8,5,10.289578303694725,10.289578303694725,10.289578303694725,1.3199193395005675,7.795611440611292,2.3579644627062176e-07,25.468722483581008,True
6,8653.833333333334,2010.8333333333333,6,10.286496669054031,10.286496669054031,10.286496669054031,1.20464167375358,8.539050983519457,2.357258273904759e-07,25.469047700351325,True
3321,8708.8,4150.4,5,10.271582946181297,10.271582946181297,10.271582946181297,1.3224807151753755,7.766905655648198,2.3538406383610432e-07,25.470622980923658,True
643,8679.5,2548.0,4,10.269340217113495,10.269340217113495,10.269340217113495,1.7926308031985647,5.728642059921129,2.353326693543746e-07,25.47086006979612,True
3509,8539.5,4263.5,6,10.268506079912186,10.268506079912186,10.268506079912186,1.4458452304714542,7.102078330032517,2.3531355422817938e-07,25.47094826336292,True
642,8133.5,2547.5,4,10.26145714521408,10.26145714521408,10.26145714521408,1.5743047777068078,6.518088041479052,2.3515202051875514e-07,25.47169383546391,True
546,9250.333333333334,2504.1666666666665,6,10.260551482439041,10.260551482439041,10.260551482439041,1.3035042717014922,7.871513508003869,2.3513126630924617e-07,25.471789665349046,True
2637,8067.4,3886.2,5,10.258443221449852,10.258443221449852,10.258443221449852,1.4801581805478417,6.930639816923458,2.3508295330414632e-07,25.472012777185288,True
3547,8197.8,4307.4,5,10.255925998091698,10.255925998091698,10.255925998091698,1.2912672273194101,7.94252791452189,2.350252684987244e-07,25.4722792285219,True
1160,7638.6,2832.8,5,10.254719123244286,10.254719123244286,10.254719123244286,1.3207588440183375,7.76426307473729,2.3499761169961037e-07,25.472407000974712,True
2364,7988.2,3765.6,5,10.253098353743553,10.253098353743553,10.253098353743553,1.5141581675959452,6.771484362180321,2.349604700717208e-07,25.472578616324043,True
3227,8442.4,4109.8,5,10.252960070967674,10.252960070967674,10.252960070967674,1.3647916077653186,7.512472975823509,2.349573011773142e-07,25.472593259666333,True
134,8407.2,2153.4,5,10.249265536665916,10.249265536665916,10.249265536665916,1.2880864069720452,7.956970496070418,2.3487263706054797e-07,25.472984562520114,True
1008,9425.2,2745.4,5,10.237294062972069,10.237294062972069,10.237294062972069,1.1751757697902208,8.711287558966193,2.3459829822271457e-07,25.474253478741012,True
3288,8074.8,4134.8,5,10.235270366072655,10.235270366072655,10.235270366072655,1.3159120639446218,7.778080805332134,2.3455192309215754e-07,25.4744681270823,True
1746,7823.0,3363.75,4,10.233866393566132,10.233866393566132,10.233866393566132,1.595495970736237,6.414222650053916,2.3451974959408707e-07,25.474617067782745,True
1635,7596.8,3253.6,5,10.231980666518211,10.231980666518211,10.231980666518211,1.3193184874414359,7.755504651769996,2.344765361869471e-07,25.4748171476649,True
2707,8000.6,3914.8,5,10.229204043745995,10.229204043745995,10.229204043745995,1.3883866479453923,7.36769116793489,2.3441290697270733e-07,25.47511182071848,True
1440,9061.75,3049.75,4,10.226634681224823,10.226634681224823,10.226634681224823,1.9610493023627111,5.214878926758022,2.3435402734384482e-07,25.475384569244177,True
3311,8993.5,4143.333333333334,6,10.226170092821121,10.226170092821121,10.226170092821121,1.3522491892831137,7.56234144850363,2.3434338081477065e-07,25.475433894552456,True
2694,8956.333333333334,3909.0,6,10.222227603197098,10.222227603197098,10.222227603197098,1.5238587552963003,6.708120137557946,2.3425303454251673e-07,25.47585255853174,True
3402,7925.0,4190.5,6,10.2185597717762,10.2185597717762,10.2185597717762,1.2804730715630288,7.980300405148513,2.341689823501876e-07,25.47624220080298,True
315,8834.833333333334,2400.0,6,10.2164526283741,10.2164526283741,10.2164526283741,1.473520786148093,6.933361730906263,2.3412069495576454e-07,25.476466110810332,True
475,8890.8,2469.4,5,10.212389335036278,10.212389335036278,10.212389335036278,1.4194609741706903,7.194554497000379,2.3402758034008886e-07,25.47689801632446,True
708,8032.6,2579.2,5,10.212100848555565,10.212100848555565,10.212100848555565,1.5960066919870775,6.398532600036398,2.340209693707234e-07,25.47692868736828,True
1589,9437.8,3202.6,5,10.208945617079735,10.208945617079735,10.208945617079735,1.2819377930519653,7.963682537804624,2.3394866394214283e-07,25.477264198976926,True
999,7855.6,2738.8,5,10.20888076722622,10.20888076722622,10.20888076722622,1.5335447164895637,6.657047986572809,2.3394717783993836e-07,25.47727109587501,True
529,9189.0,2498.1666666666665,6,10.20845940709114,10.20845940709114,10.20845940709114,1.4031875843593147,7.2751922272404155,2.339375219318419e-07,25.47731590934729,True
3620,9344.6,3849.8,5,10.197654590010643,10.197654590010643,10.197654590010643,1.1410306052758716,8.937231431706527,2.3368991825023422e-07,25.478465680654857,True
2350,8868.0,3759.5,4,10.194810569286346,10.194810569286346,10.194810569286346,1.6886260992070183,6.037340400029258,2.336247445414469e-07,25.47876852351994,True
2861,8480.6,3978.2,5,10.194403514266014,10.194403514266014,10.194403514266014,1.6678796176423958,6.112193833674968,2.3361541645001322e-07,25.478811875301048,True
1327,7901.5,2954.5,4,10.193496406078339,10.193496406078339,10.193496406078339,1.8255023765423877,5.583940364616473,2.335946291173623e-07,25.478908489489413,True
2358,9186.4,3762.8,5,10.191234931349754,10.191234931349754,10.191234931349754,1.32303470698016,7.702923345534412,2.3354280505921408e-07,25.479149391854854,True
36,8618.142857142857,2048.5714285714284,7,10.190787985920906,10.190787985920906,10.190787985920906,1.3800201633692284,7.384521079054938,2.335325628373573e-07,25.479197008800014,True
350,8895.8,2413.6,5,10.188902720808983,10.188902720808983,10.188902720808983,1.3244318552863787,7.693036587832494,2.3348936001596375e-07,25.479397885312114,True
3386,8764.0,4180.5,6,10.183348208665848,10.183348208665848,10.183348208665848,1.4454697891727561,7.045009369925184,2.333620725620505e-07,25.479989939190094,True
2667,7993.0,3899.0,5,10.181691989302635,10.181691989302635,10.181691989302635,1.3948893022529931,7.29928315663286,2.3332411856349355e-07,25.480166537646287,True
2787,8076.25,3946.0,4,10.174744784832,10.174744784832,10.174744784832,1.2669358202374021,8.030986749530395,2.3316491610860743e-07,25.480907613483097,True
712,7829.833333333333,2580.5,6,10.168509036302567,10.168509036302567,10.168509036302567,1.4662409343507032,6.935087404857849,2.330220174105578e-07,25.48157322756959,True
1489,9470.2,3095.4,5,10.16516624391079,10.16516624391079,10.16516624391079,1.2217222562977845,8.320357750307789,2.329454138274626e-07,25.481930210821012,True
1026,8914.5,2756.5,4,10.162685096263885,10.162685096263885,10.162685096263885,1.8157366189860196,5.597003987251817,2.3288855573468707e-07,25.482195253279055,True
2987,8369.6,4023.2,5,10.159684523940086,10.159684523940086,10.159684523940086,1.506969089427965,6.7418002102462715,2.328197944822968e-07,25.482515868452534,True
2689,8600.5,3908.0,4,10.159424483776093,10.159424483776093,10.159424483776093,1.7019680471077054,5.96922163200469,2.3281383539002425e-07,25.482543658551073,True
1181,9107.6,2844.8,5,10.155796870589256,10.155796870589256,10.155796870589256,1.5417026366374231,6.58739021990639,2.3273070484058343e-07,25.482931410271515,True
2071,9417.0,3610.5,6,10.149239093065262,10.149239093065262,10.149239093065262,1.3426868392997755,7.558902639098028,2.325804265113893e-07,25.48363271577433,True
1859,9459.0,3473.0,5,10.148936614394188,10.148936614394188,10.148936614394188,1.2125006733277202,8.370252353378353,2.325734948963506e-07,25.483665074548746,True
1521,9512.333333333334,3128.166666666667,6,10.145215064287186,10.145215064287186,10.145215064287186,1.2548682975041179,8.084685129479809,2.3248821168415773e-07,25.484063280080886,True
3367,8626.25,4171.0,4,10.143560588359833,10.143560588359833,10.143560588359833,1.183039606250424,8.574151308855384,2.3245029763825654e-07,25.484240355765387,True
2758,8209.4,3933.8,5,10.1432493776083,10.1432493776083,10.1432493776083,1.4963589733878815,6.778620343114017,2.324431659184633e-07,25.484273667338858,True
1260,7588.5,2898.0,4,10.141730010509491,10.141730010509491,10.141730010509491,1.1789471808760688,8.602361645220807,2.3240834803264663e-07,25.484436312992962,True
3537,8348.0,4296.0,5,10.137426719069481,10.137426719069481,10.137426719069481,1.3177326935598146,7.693082799428413,2.3230973360950194e-07,25.484897105268352,True
1144,9063.25,2826.25,4,10.131266295909882,10.131266295909882,10.131266295909882,1.477620323667095,6.856474652951807,2.3216856107106708e-07,25.485557097963685,True
3524,8719.5,4274.5,4,10.129790961742401,10.129790961742401,10.129790961742401,1.1785030961595784,8.595472506396156,2.3213475224591546e-07,25.485715216437193,True
2575,8708.75,3858.75,4,10.124541938304901,10.124541938304901,10.124541938304901,1.663612070376247,6.0858791052262005,2.3201446538513036e-07,25.4862779656466,True
1659,9187.4,3275.8,5,10.124503001570702,10.124503001570702,10.124503001570702,1.5169618140822723,6.674197667721648,2.3201357310915146e-07,25.48628214115435,True
3151,8844.0,4080.0,5,10.121959075331688,10.121959075331688,10.121959075331688,1.3213359466476537,7.660397873085943,2.3195527637929242e-07,25.486554982189386,True
1741,9236.8,3358.4,5,10.12190566956997,10.12190566956997,10.12190566956997,1.4292872207900669,7.0817856077765,2.3195405253041814e-07,25.486560710796034,True
1624,7873.5,3245.5,4,10.121764838695526,10.121764838695526,10.121764838695526,1.7938299632227246,5.642544191039802,2.319508252436685e-07,25.486575817263912,True
2366,7937.5,3766.5,4,10.120363414287567,10.120363414287567,10.120363414287567,1.3151260162532865,7.695356406315999,2.319187101379411e-07,25.48672615493605,True
2843,8745.75,3968.0,4,10.12018746137619,10.12018746137619,10.12018746137619,1.3118698044104355,7.714323042845155,2.3191467799298926e-07,25.4867450317391,True
1420,9165.2,3037.2,5,10.119114741683006,10.119114741683006,10.119114741683006,1.5996707833691979,6.325748302016437,2.318900954995156e-07,25.48686012371192,True
2823,8468.5,3960.5,4,10.116588294506073,10.116588294506073,10.116588294506073,1.560666999259941,6.482220934576882,2.3183219932064135e-07,25.487131234152585,True
1373,7876.25,2993.0,4,10.113395392894745,10.113395392894745,10.113395392894745,1.7879649732619052,5.6563722131783125,2.3175903064151555e-07,25.48747395799854,True
1151,9088.5,2827.5,4,10.113116919994354,10.113116919994354,10.113116919994354,1.3999516375371155,7.2239044898622335,2.31752649143814e-07,25.487503854216467,True
1953,9336.4,3540.8,5,10.106498584151268,10.106498584151268,10.106498584151268,1.3206660541399386,7.652576934547586,2.3160098305741425e-07,25.48821462609986,True
1330,9463.5,2956.0,6,10.103938609361649,10.103938609361649,10.103938609361649,1.3362183557233709,7.561592434413021,2.3154231855823668e-07,25.48848967777743,True
878,9328.6,2666.8,5,10.102299556136131,10.102299556136131,10.102299556136131,1.2507431376034754,8.0770377645189,2.3150475793967503e-07,25.488665819364776,True
1645,9096.5,3262.5,4,10.101321876049042,10.101321876049042,10.101321876049042,1.7263560045161799,5.851239170613589,2.3148235337815452e-07,25.48877089980014,True
2016,9456.166666666666,3579.833333333333,6,10.100561171770096,10.100561171770096,10.100561171770096,1.2908807148352115,7.824550367583337,2.314649210441614e-07,25.488852666848807,True
520,9075.2,2492.4,5,10.096297606825829,10.096297606825829,10.096297606825829,1.322424444719408,7.634687673191084,2.313672169952072e-07,25.48931106554742,True
1524,7512.166666666667,3130.0,6,10.093957930803299,10.093957930803299,10.093957930803299,1.3536504378367575,7.456842363922444,2.3131360087263598e-07,25.489562698913005,True
2259,9130.6,3705.2,5,10.0908754914999,10.0908754914999,10.0908754914999,1.3703142342989434,7.363913501681183,2.3124296355280284e-07,25.489894305907885,True
1186,7902.5,2846.5,4,10.090800940990448,10.090800940990448,10.090800940990448,1.591597882138615,6.3400442123179594,2.3124125514992396e-07,25.48990232726205,True
2516,8726.5,3833.5,4,10.090526282787323,10.090526282787323,10.090526282787323,1.717655931750532,5.8745911193656015,2.3123496106999916e-07,25.489931879962107,True
2791,8456.0,3946.25,4,10.08997505903244,10.08997505903244,10.08997505903244,1.6193218660292692,6.230987965211645,2.312223292012612e-07,25.48999119301659,True
1825,9145.5,3452.0,4,10.086749732494354,10.086749732494354,10.086749732494354,1.4411653275535719,6.999023317898552,2.3114841747103315e-07,25.490338311179777,True
3154,7875.2,4081.6,5,10.084200248122215,10.084200248122215,10.084200248122215,1.195389693979973,8.435910313520873,2.310899933707416e-07,25.490612771976487,True
2212,9090.75,3680.0,4,10.082800090312958,10.082800090312958,10.082800090312958,1.2899564419259122,7.8163880287766005,2.3105790729044787e-07,25.49076353331955,True
2038,9420.833333333334,3590.166666666667,6,10.082261115312576,10.082261115312576,10.082261115312576,1.351070663198005,7.462423239542268,2.3104555611472738e-07,25.49082157278351,True
2407,9034.25,3782.0,4,10.077870547771454,10.077870547771454,10.077870547771454,1.276311801495407,7.8960881940945695,2.309449416684642e-07,25.49129448618446,True
1228,7523.666666666667,2874.8333333333335,6,10.077451258897781,10.077451258897781,10.077451258897781,1.339206796527311,7.524940349040611,2.3093533322548873e-07,25.491339659078733,True
3141,8337.833333333334,4077.0,6,10.071171790361404,10.071171790361404,10.071171790361404,1.5396855186862644,6.541057682321144,2.3079143263776356e-07,25.492016414660554,True
3261,9132.42857142857,4122.285714285714,7,10.06993742287159,10.06993742287159,10.06993742287159,1.314240995665955,7.662169614309534,2.3076314581600082e-07,25.492149495461728,True
746,9254.5,2604.5,6,10.069903403520584,10.069903403520584,10.069903403520584,1.4434655137610692,6.976199505648468,2.307623662269997e-07,25.492153163419324,True
1132,7913.5,2818.5,4,10.069861114025116,10.069861114025116,10.069861114025116,1.5948989679888994,6.3137924822428015,2.3076139711899047e-07,25.492157723079025,True
1378,9169.0,2996.8,5,10.067297801375389,10.067297801375389,10.067297801375389,1.5719556102046996,6.404314305074065,2.3070265612925825e-07,25.492434135593285,True
2276,9338.666666666666,3715.666666666667,6,10.05861046910286,10.05861046910286,10.05861046910286,1.3556813516026778,7.419597870260319,2.3050357682620275e-07,25.493371449987258,True
2960,8651.6,4014.2,5,10.057634696364403,10.057634696364403,10.057634696364403,1.516576726004844,6.631800768075534,2.304812159735706e-07,25.493476780955525,True
2712,7930.4,3917.2,5,10.051857337355614,10.051857337355614,10.051857337355614,1.3241193934918154,7.591352703360089,2.3034882175070794e-07,25.494100634407992,True
2623,8482.5,3880.25,4,10.051261603832245,10.051261603832245,10.051261603832245,1.9208378273487239,5.232748679104111,2.3033516989408286e-07,25.4941649835726,True
443,8772.6,2451.6,5,10.051121577620506,10.051121577620506,10.051121577620506,1.5047957709910278,6.6793924939070255,2.303319610470205e-07,25.494180109294394,True
2344,8870.75,3756.25,4,10.050895392894745,10.050895392894745,10.050895392894745,1.6900483098964878,5.947105378017474,2.3032677778751648e-07,25.4942045423596,True
1940,7857.0,3531.6,5,10.048807010054588,10.048807010054588,10.048807010054588,1.618026665332241,6.210532388223154,2.3027892031098756e-07,25.494430160910724,True
2979,9011.6,4018.8,5,10.047035083174706,10.047035083174706,10.047035083174706,1.3196963357750633,7.6131416075153675,2.3023831475369492e-07,25.49462162789795,True
1093,7620.8,2794.6,5,10.045807227492332,10.045807227492332,10.045807227492332,1.3190629622845869,7.615866349619297,2.3021017715680888e-07,25.494754324641363,True
2659,8350.5,3895.5,4,10.045301139354706,10.045301139354706,10.045301139354706,1.7322282188799354,5.799063327723659,2.3019857961793702e-07,25.494809023287537,True
3087,8241.0,4057.3333333333335,6,10.045111685991287,10.045111685991287,10.045111685991287,1.4940602615489798,6.723364474989069,2.3019423809600972e-07,25.49482950035564,True
1555,9457.6,3169.8,5,10.044699057936668,10.044699057936668,10.044699057936668,1.2430152996449015,8.080913453604463,2.3018478229266783e-07,25.494874100598395,True
2339,8020.75,3754.0,4,10.042219817638397,10.042219817638397,10.042219817638397,1.4308119934989434,7.01854601671384,2.3012796790878066e-07,25.49514211591547,True
1586,7462.333333333333,3202.5,6,10.039098292589188,10.039098292589188,10.039098292589188,1.2811096908237305,7.836251934160476,2.300564348982117e-07,25.495479658776823,True
143,8909.833333333334,2163.8333333333335,6,10.037651091814041,10.037651091814041,10.037651091814041,1.2418625738435016,8.082739027031003,2.3002327077916347e-07,25.495636185936647,True
715,8874.5,2582.5,4,10.033024489879608,10.033024489879608,10.033024489879608,1.5392502898846228,6.518124151616467,2.2991724735796494e-07,25.49613674400643,True
1017,9401.166666666666,2752.0,6,10.029806166887283,10.029806166887283,10.029806166887283,1.3346981428613638,7.514662562866162,2.2984349612131137e-07,25.496485074696267,True
2053,7519.0,3600.5,6,10.027669936418533,10.027669936418533,10.027669936418533,1.2610867464588196,7.951609962262008,2.2979454216634068e-07,25.49671634833792,True
1587,9377.6,3201.8,5,10.02327810227871,10.02327810227871,10.02327810227871,1.3199939762560795,7.593427153893457,2.2969389869464385e-07,25.497191974068727,True
1729,9160.5,3350.5,4,10.02272766828537,10.02272766828537,10.02272766828537,1.4444182775339567,6.938937165345962,2.2968128492411745e-07,25.497251599524482,True
2127,9142.6,3636.2,5,10.022403582930565,10.022403582930565,10.022403582930565,1.3835805834863364,7.243816299934034,2.2967385816932772e-07,25.49728670742163,True
2214,8881.0,3683.5,4,10.017360389232635,10.017360389232635,10.017360389232635,1.8611652823624731,5.382305636239401,2.2955828811225366e-07,25.497833178738226,True
2536,9122.333333333334,3843.833333333333,6,10.013342410326004,10.013342410326004,10.013342410326004,1.4493048949818117,6.909065473384514,2.2946621192415235e-07,25.49826875658799,True
1777,7492.142857142857,3396.4285714285716,7,10.012560084462166,10.012560084462166,10.012560084462166,1.4202571957806498,7.0498217605993005,2.2944828410893252e-07,25.49835358667392,True
784,7614.0,2622.5,6,10.011751681566238,10.011751681566238,10.011751681566238,1.2808576418264879,7.816443728508032,2.2942975871125455e-07,25.498441251339045,True
717,7822.5,2583.5,4,10.007454097270966,10.007454097270966,10.007454097270966,1.188586474422712,8.419626432423872,2.2933127507329924e-07,25.498907407987375,True
1028,9158.8,2756.4,5,10.001980170607567,10.001980170607567,10.001980170607567,1.3577788917715368,7.366427797060292,2.292058343199195e-07,25.49950145181983,True
2886,9065.2,3988.2,5,9.998742923140526,9.998742923140526,9.998742923140526,1.319032361642969,7.580362100203686,2.2913164940913916e-07,25.499852918793597,True
3388,8540.666666666666,4183.5,6,9.995482951402664,9.995482951402664,9.995482951402664,1.4483732620737946,6.901178869520856,2.2905694374793103e-07,25.50020696794717,True
3417,8619.333333333334,4199.5,6,9.995061427354813,9.995061427354813,9.995061427354813,1.4472807129913003,6.906097302089103,2.29047284083602e-07,25.50025275598689,True
3260,8772.833333333334,4122.166666666666,6,9.994531661272049,9.994531661272049,9.994531661272049,1.4476288029350195,6.904070740377966,2.2903514393985815e-07,25.500310304553654,True
2523,9256.0,3834.5,6,9.983384162187576,9.983384162187576,9.983384162187576,1.4279524127082015,6.991398364076756,2.2877968734179915e-07,25.501521966942423,True
1642,9457.6,3260.2,5,9.981396540999413,9.981396540999413,9.981396540999413,1.2435713151681331,8.026396571916672,2.2873413892388847e-07,25.501738150863957,True
3089,8921.166666666666,4058.8333333333335,6,9.974695235490799,9.974695235490799,9.974695235490799,1.4468968050609294,6.893853936646685,2.2858057150084476e-07,25.502467336755146,True
501,8318.5,2480.5,4,9.97462147474289,9.97462147474289,9.97462147474289,1.6467483724225431,6.057161884465174,2.2857888119617745e-07,25.502475365572938,True
2163,9425.5,3653.0,6,9.97312930226326,9.97312930226326,9.97312930226326,1.2875861875513606,7.745601342019244,2.2854468650349572e-07,25.502637800496654,True
2046,7851.0,3599.0,5,9.967921122908592,9.967921122908592,9.967921122908592,1.5189980187232965,6.562168613811975,2.2842533562757794e-07,25.503204943038725,True
1042,8971.5,2763.5,4,9.96693104505539,9.96693104505539,9.96693104505539,1.6385402384074368,6.082811280083455,2.2840264695828305e-07,25.50331279067788,True
258,8792.6,2371.2,5,9.961507186293602,9.961507186293602,9.961507186293602,1.3449856345314635,7.4064041507504825,2.2827835356322292e-07,25.50390379333491,True
2594,9098.333333333334,3871.166666666667,6,9.958397895097733,9.958397895097733,9.958397895097733,1.4489415508615247,6.872877576860557,2.2820710090419573e-07,25.504242737726074,True
1891,9070.0,3496.75,4,9.954737365245819,9.954737365245819,9.954737365245819,1.596833474891643,6.234048522762413,2.281232160349549e-07,25.504641908402274,True
1622,9326.4,3244.8,5,9.94705568253994,9.94705568253994,9.94705568253994,1.3233029731648902,7.516839215399002,2.2794718224329073e-07,25.505480052123435,True
606,7832.2,2533.6,5,9.946265563368797,9.946265563368797,9.946265563368797,1.323451607899405,7.515397997177702,2.2792907583628485e-07,25.50556629825398,True
839,7807.2,2653.8,5,9.945865496993065,9.945865496993065,9.945865496993065,1.365102554599944,7.2858009557441585,2.2791990789694992e-07,25.50560997045252,True
42,8788.0,2052.5,6,9.943039923906326,9.943039923906326,9.943039923906326,1.1541572739158628,8.614978347076784,2.278551569350673e-07,25.505918466767948,True
3336,7981.5,4156.0,6,9.939672023057938,9.939672023057938,9.939672023057938,1.3570883498011022,7.324263025701103,2.2777797796543385e-07,25.506286289017734,True
1067,9276.5,2779.5,6,9.939153224229813,9.939153224229813,9.939153224229813,1.4477174010339997,6.865395979305765,2.2776608914779813e-07,25.50634296024089,True
2116,7880.8,3631.6,5,9.93813119828701,9.93813119828701,9.93813119828701,1.5403071178177357,6.452045233918725,2.2774266835462307e-07,25.506454610358247,True
3446,8203.0,4220.5,6,9.936705619096756,9.936705619096756,9.936705619096756,1.4441132454377765,6.880835454206008,2.277099997168016e-07,25.506610365392262,True
1001,9249.8,2741.6,5,9.933957442641258,9.933957442641258,9.933957442641258,1.3213589504190375,7.517985509910793,2.276470223796547e-07,25.50691068699548,True
1976,9063.5,3552.5,4,9.92786854505539,9.92786854505539,9.92786854505539,1.4821614190722179,6.69823705927381,2.275074889245336e-07,25.507576379743693,True
204,8186.0,2347.5,6,9.92711928486824,9.92711928486824,9.92711928486824,1.4803034169832172,6.7061381950324765,2.274903188438707e-07,25.507658323779047,True
473,9159.8,2468.8,5,9.924002513289452,9.924002513289452,9.924002513289452,1.2775222145121712,7.768164342315555,2.2741889476404695e-07,25.507999260861318,True
2498,8002.2,3827.0,5,9.919449672102928,9.919449672102928,9.919449672102928,1.4654146646310164,6.769039447684654,2.273145616475157e-07,25.508497479069653,True
1866,7815.4,3481.2,5,9.9188784211874,9.9188784211874,9.9188784211874,1.5778021264334114,6.286516068785391,2.273014708354499e-07,25.5085600073027,True
252,8239.0,2370.2,5,9.91577373445034,9.91577373445034,9.91577373445034,1.4444915084251155,6.864542765821588,2.2723032369241104e-07,25.50889990444795,True
2073,7555.166666666667,3612.833333333333,6,9.910136252641678,9.910136252641678,9.910136252641678,1.3161068216101939,7.529887460439647,2.2710113490185385e-07,25.509517360925088,True
1015,7625.8,2749.6,5,9.909435614943504,9.909435614943504,9.909435614943504,1.3183874722970403,7.516330231565528,2.270850790563686e-07,25.50959412420945,True
2654,7924.2,3894.4,5,9.90870986878872,9.90870986878872,9.90870986878872,1.3287218436014918,7.457324432878462,2.2706844782434508e-07,25.509673644150077,True
2723,9178.8,3918.4,5,9.903848513960838,9.903848513960838,9.903848513960838,1.298642281646226,7.6263099191612715,2.2695704479512053e-07,25.510206452578426,True
2189,7851.0,3667.0,5,9.899669513106346,9.899669513106346,9.899669513106346,1.468873295279451,6.739634756054945,2.2686127862070914e-07,25.510664683544114,True
460,8381.0,2462.5,4,9.896179854869843,9.896179854869843,9.896179854869843,1.7061203508643132,5.800399631747244,2.2678130945320972e-07,25.51104747574044,True
2740,8153.8,3926.8,5,9.89251409471035,9.89251409471035,9.89251409471035,1.4833725026584985,6.6689345238508855,2.2669730472600157e-07,25.511449730540964,True
1557,7851.5,3172.5,4,9.877776801586151,9.877776801586151,9.877776801586151,1.7169586330962334,5.753066271476393,2.263595842438039e-07,25.513068403301283,True
3098,8738.5,4063.5,6,9.877001315355301,9.877001315355301,9.877001315355301,1.483236152584984,6.659088843095999,2.2634181316592596e-07,25.51315364581553,True
1288,9286.2,2919.4,5,9.87684141099453,9.87684141099453,9.87684141099453,1.3339653295515717,7.40412152564321,2.2633814879029265e-07,25.51317122355534,True
684,9321.6,2564.8,5,9.876429900527,9.876429900527,9.876429900527,1.1565688655711546,8.539422246724298,2.2632871859762753e-07,25.513216460803005,True
2262,9178.333333333334,3706.333333333333,6,9.87195971608162,9.87195971608162,9.87195971608162,1.4503644730287963,6.80653718404037,2.2622627964675075e-07,25.513707988595545,True
466,9266.6,2464.8,5,9.871199950575829,9.871199950575829,9.871199950575829,1.1243197501491407,8.779708752128936,2.2620886882572613e-07,25.513791552212624,True
696,8997.8,2569.6,5,9.861873492598534,9.861873492598534,9.861873492598534,1.4421828433742803,6.838157545630396,2.2599514328883519e-07,25.51481785699695,True
2651,7871.166666666667,3892.5,6,9.861330062150955,9.861330062150955,9.861330062150955,1.448435531786963,6.808263016017593,2.2598269001188327e-07,25.51487768724818,True
1652,9398.8,3272.4,5,9.859505519270897,9.859505519270897,9.859505519270897,1.3187661476114112,7.476310744803944,2.2594087870392798e-07,25.515078588701815,True
856,9276.5,2657.5,4,9.84880656003952,9.84880656003952,9.84880656003952,1.178808182763635,8.354884793003107,2.2569570086562461e-07,25.516257405891754,True
2630,9167.8,3881.6,5,9.829551085829735,9.829551085829735,9.829551085829735,1.3190616827833215,7.451926785628878,2.2525444153935148e-07,25.518382214530572,True
3021,8793.166666666666,4035.8333333333335,6,9.829456359148026,9.829456359148026,9.829456359148026,1.4654228666892837,6.70759040450553,2.2525227077838785e-07,25.518392677743243,True
2688,8809.5,3906.5,4,9.826630294322968,9.826630294322968,9.826630294322968,1.3411765572496008,7.326872991632655,2.2518750854780742e-07,25.518704882402574,True
448,8878.6,2456.2,5,9.826618537306786,9.826618537306786,9.826618537306786,1.405481710924067,6.991637430021088,2.2518723912348773e-07,25.518706181426282,True
1665,7526.6,3280.2,5,9.826268538832664,9.826268538832664,9.826268538832664,1.2517247135825813,7.850183376749625,2.2517921854247243e-07,25.51874485320143,True
3069,8698.75,4050.0,4,9.8210169672966,9.8210169672966,9.8210169672966,1.265548306102432,7.7602861304779776,2.250588732893443e-07,25.51932527144624,True
3548,8800.6,4307.8,5,9.819130286574364,9.819130286574364,9.819130286574364,1.2594611622563987,7.796294622521598,2.2501563802776017e-07,25.519533868413134,True
1360,9485.4,2978.8,5,9.817048892378807,9.817048892378807,9.817048892378807,1.1864816646643754,8.274083944782909,2.2496794070333005e-07,25.51976403997781,True
209,9148.166666666666,2349.8333333333335,6,9.815112143754959,9.815112143754959,9.815112143754959,1.234634952476475,7.949809070338933,2.2492355808342628e-07,25.519978259706694,True
2219,9162.8,3684.4,5,9.814685687422752,9.814685687422752,9.814685687422752,1.3327360346555022,7.364313286508939,2.2491378539064375e-07,25.520025434831336,True
2382,7841.666666666667,3773.166666666667,6,9.813663989305496,9.813663989305496,9.813663989305496,1.4876681424754792,6.596675501147429,2.248903721099339e-07,25.520138464673934,True
165,8852.5,2184.3333333333335,6,9.810026198625565,9.810026198625565,9.810026198625565,1.313197607075602,7.4703351161839215,2.2480700833259655e-07,25.52054100681091,True
1888,7880.0,3494.75,4,9.806288421154022,9.806288421154022,9.806288421154022,1.5678137242587837,6.254753526787851,2.2472135325337688e-07,25.52095476856524,True
1079,9431.333333333334,2786.3333333333335,6,9.806038409471512,9.806038409471512,9.806038409471512,1.3062172382417316,7.507203336767466,2.2471562397424395e-07,25.520982449802425,True
1457,9137.0,3064.5,4,9.804133117198944,9.804133117198944,9.804133117198944,1.547975875408775,6.333518030188914,2.2467196220952253e-07,25.52119342651975,True
2629,8723.0,3881.25,4,9.802703559398651,9.802703559398651,9.802703559398651,1.5577903712216201,6.2926974902992665,2.246392023976917e-07,25.521351751158132,True
2040,9183.666666666666,3593.166666666667,6,9.794347792863846,9.794347792863846,9.794347792863846,1.5038497875278964,6.512849803280077,2.244477212702225e-07,25.5222776209364,True
330,9201.714285714286,2407.8571428571427,7,9.793208315968513,9.793208315968513,9.793208315968513,1.3337253099241577,7.3427475980982955,2.2442160896565602e-07,25.522403943108934,True
1279,7828.25,2914.75,4,9.789759337902069,9.789759337902069,9.789759337902069,1.5036584434220712,6.510627051461394,2.243425720267913e-07,25.522786385694864,True
1088,9348.5,2791.5,4,9.783702552318573,9.783702552318573,9.783702552318573,1.1791925731109014,8.296950621481255,2.2420377445178293e-07,25.523458323202828,True
2239,8011.0,3691.25,4,9.782839477062225,9.782839477062225,9.782839477062225,1.5666789844431637,6.244316528276715,2.24183996179797e-07,25.52355410630568,True
1287,9226.833333333334,2919.3333333333335,6,9.779853373765945,9.779853373765945,9.779853373765945,1.5583161588426655,6.275910904388795,2.2411556650030208e-07,25.523885565835293,True
1140,9123.8,2823.4,5,9.77980600297451,9.77980600297451,9.77980600297451,1.4839839524225944,6.590237035251654,2.2411448094908243e-07,25.523890824841324,True
2170,9319.4,3659.8,5,9.778722628951073,9.778722628951073,9.778722628951073,1.3182087700829388,7.418189630414776,2.2408965430049016e-07,25.524011105709462,True
826,9403.0,2645.1666666666665,6,9.777669936418533,9.777669936418533,9.777669936418533,1.2368159738836102,7.9055171851610115,2.2406553075034435e-07,25.524127992951563,True
3147,7898.833333333333,4079.3333333333335,6,9.773733168840408,9.773733168840408,9.773733168840408,1.3523762157869683,7.227081528606242,2.2397531560475553e-07,25.524565229207603,True
1678,9441.4,3292.8,5,9.771736487746239,9.771736487746239,9.771736487746239,1.2741301404861125,7.669339400461932,2.2392955956962511e-07,25.524787057487906,True
479,8706.5,2470.5,4,9.768151938915253,9.768151938915253,9.768151938915253,1.5250460272928552,6.4051522144908155,2.2384741588492947e-07,25.525185409249413,True
1623,9357.2,3244.6,5,9.767879351973534,9.767879351973534,9.767879351973534,1.3212729853367793,7.392779130713702,2.238411692701256e-07,25.52521570788143,True
1371,9432.2,2989.4,5,9.761818274855614,9.761818274855614,9.761818274855614,1.2897936268530323,7.568511792598538,2.2370227335011843e-07,25.525889628308033,True
3371,8978.5,4172.0,6,9.75952485203743,9.75952485203743,9.75952485203743,1.3232967934974522,7.375159450241818,2.2364971716809011e-07,25.526144739053414,True
456,8356.5,2459.0,4,9.750858962535858,9.750858962535858,9.750858962535858,1.6598907280068245,5.87439811429308,2.2345112924855303e-07,25.527109237823552,True
552,8697.5,2506.5,4,9.74943608045578,9.74943608045578,9.74943608045578,1.6430670828361515,5.933681090869985,2.234185224178315e-07,25.527267684102316,True
2282,9049.5,3721.5,4,9.745202243328094,9.745202243328094,9.745202243328094,1.31640963692778,7.402864556713002,2.2332149961287958e-07,25.52773928354935,True
1996,9240.4,3561.8,5,9.742112025618553,9.742112025618553,9.742112025618553,1.3430082642001353,7.253947935622518,2.2325068404273608e-07,25.5280836266671,True
1492,9098.5,3098.5,4,9.740960776805878,9.740960776805878,9.740960776805878,1.7193644877063243,5.665442578612616,2.232243019723742e-07,25.52821193830775,True
2924,7810.833333333333,4001.166666666667,6,9.73963788151741,9.73963788151741,9.73963788151741,1.3046975414095516,7.465054215550242,2.23193986443535e-07,25.528359399413766,True
578,9288.2,2519.6,5,9.73916707932949,9.73916707932949,9.73916707932949,1.155719552807156,8.426929401405198,2.2318319751909794e-07,25.528411883843056,True
1687,9280.166666666666,3304.333333333333,6,9.736163645982742,9.736163645982742,9.736163645982742,1.493038203573089,6.521041204895147,2.2311437070337511e-07,25.528746762505193,True
325,8180.2,2405.4,5,9.735338553786278,9.735338553786278,9.735338553786278,1.4380561144749424,6.769790452398867,2.2309546285292394e-07,25.528838777231257,True
2527,8276.0,3838.25,4,9.731707274913788,9.731707274913788,9.731707274913788,1.716164727110064,5.670613736072702,2.230122483004633e-07,25.529243832114457,True
2757,8167.5,3933.5,4,9.730453193187714,9.730453193187714,9.730453193187714,1.3224584733095237,7.357851599556642,2.2298350970636221e-07,25.529383755114047,True
2955,8594.0,4011.75,4,9.728375136852264,9.728375136852264,9.728375136852264,1.3894011126380592,7.001847809363687,2.229358888724867e-07,25.529615652016492,True
1518,9318.6,3123.8,5,9.72553239762783,9.72553239762783,9.72553239762783,1.3238614698596616,7.346336923499106,2.228707445306088e-07,25.52993296255302,True
279,8020.4,2380.2,5,9.723218783736229,9.723218783736229,9.723218783736229,1.3213858745919758,7.358349268519776,2.2281772564902e-07,25.530191279845926,True
3469,8515.8,4238.4,5,9.723093375563622,9.723093375563622,9.723093375563622,1.3205039053954044,7.36316896590487,2.228148517896099e-07,25.530205283549275,True
1700,9164.5,3318.5,4,9.722057044506073,9.722057044506073,9.722057044506073,1.4294697465531443,6.801163206111008,2.227911031797721e-07,25.530321012368653,True
301,8966.2,2391.6,5,9.719340667128563,9.719340667128563,9.719340667128563,1.3211303487808124,7.3568370267914345,2.2272885455174848e-07,25.530624413320318,True
3174,8833.6,4089.8,5,9.716542109847069,9.716542109847069,9.716542109847069,1.3210207129772271,7.3553291136129,2.2266472268529247e-07,25.530937081905275,True
3404,8379.6,4191.8,5,9.716359958052635,9.716359958052635,9.716359958052635,1.321464508406454,7.352721088037041,2.2266054848645347e-07,25.53095743592109,True
1421,9448.4,3037.2,5,9.716130122542381,9.716130122542381,9.716130122542381,1.2646364705767232,7.682943160821109,2.2265528156540528e-07,25.53098311875778,True
361,8103.0,2416.5,4,9.706335246562958,9.706335246562958,9.706335246562958,1.2447860739508478,7.797593056095056,2.2243082174018774e-07,25.53207820655137,True
2042,9332.5,3593.0,6,9.701876670122147,9.701876670122147,9.701876670122147,1.445604208951585,6.711295256367833,2.2232864879887375e-07,25.532577050851852,True
1842,9266.6,3461.6,5,9.69857631623745,9.69857631623745,9.69857631623745,1.3675897658219802,7.091729229494628,2.222530177385447e-07,25.532946456013494,True
2700,8241.2,3911.8,5,9.698558673262596,9.698558673262596,9.698558673262596,1.5648220207351484,6.19786694253334,2.2225261343132733e-07,25.53294843111101,True
1702,7516.8,3324.2,5,9.696406230330467,9.696406230330467,9.696406230330467,1.2386242440048054,7.828367866415546,2.2220328795080552e-07,25.53318941996985,True
2247,8971.5,3695.5,4,9.696093261241913,9.696093261241913,9.696093261241913,1.5317550886587383,6.330054545294296,2.221961159368808e-07,25.53322446463963,True
1152,9320.8,2827.6,5,9.694199904799461,9.694199904799461,9.694199904799461,1.3207958692405668,7.339665523313188,2.221527276941874e-07,25.53343649708566,True
519,9196.4,2490.2,5,9.694100245833397,9.694100245833397,9.694100245833397,1.2530638831013818,7.736317658314532,2.221504439047702e-07,25.53344765880141,True
1253,7539.833333333333,2892.8333333333335,6,9.693163901567459,9.693163901567459,9.693163901567459,1.369160259015103,7.079641581578023,2.2212898659681477e-07,25.53355253413222,True
2333,8055.5,3750.5,4,9.688300788402557,9.688300788402557,9.688300788402557,1.5320689367032103,6.323671576587391,2.2201754327345877e-07,25.534097390594432,True
1172,7615.5,2839.8333333333335,6,9.687408953905106,9.687408953905106,9.687408953905106,1.4452372839992214,6.702988541160778,2.2199710595339044e-07,25.534197340172135,True
3172,9081.666666666666,4089.3333333333335,6,9.685346156358719,9.685346156358719,9.685346156358719,1.3275882401874146,7.295444372866278,2.2194983479062188e-07,25.534428557051193,True
39,8315.0,2051.1666666666665,6,9.682387381792068,9.682387381792068,9.682387381792068,1.2705322445439342,7.620733297695742,2.2188203137754308e-07,25.534760289072125,True
3378,8883.666666666666,4176.166666666666,6,9.676383525133133,9.676383525133133,9.676383525133133,1.36653900243352,7.080942079151432,2.217444467241869e-07,25.53543374140886,True
3196,8829.6,4099.2,5,9.675772532820702,9.675772532820702,9.675772532820702,1.3205984814610428,7.326808767882211,2.2173044519645488e-07,25.535502299813686,True
459,8956.4,2460.0,5,9.67337404191494,9.67337404191494,9.67337404191494,1.3555233863037883,7.136264958358325,2.216754812693338e-07,25.535771472246324,True
441,8795.2,2450.6,5,9.672014102339745,9.672014102339745,9.672014102339745,1.476579267724377,6.550284372640368,2.2164431683192834e-07,25.535924122131092,True
2788,8183.8,3945.4,5,9.670367106795311,9.670367106795311,9.670367106795311,1.467520447197895,6.589596162193208,2.2160657420682374e-07,25.536109022084894,True
3491,8496.4,4251.6,5,9.668999060988426,9.668999060988426,9.668999060988426,1.3202158605616574,7.323801622012751,2.2157522400664274e-07,25.536262629690427,True
3179,8897.5,4092.5,6,9.665431052446365,9.665431052446365,9.665431052446365,1.4452034599547106,6.687937941104333,2.214934593599634e-07,25.536663356898238,True
1755,9382.2,3376.4,5,9.664481028914452,9.664481028914452,9.664481028914452,1.319552526638674,7.324059356343322,2.2147168857732418e-07,25.536770080088743,True
1340,9387.6,2965.2,5,9.662259444594383,9.662259444594383,9.662259444594383,1.3190795952869772,7.325001068257959,2.214207786495991e-07,25.537019688090897,True
670,8757.5,2558.0,4,9.660394370555878,9.660394370555878,9.660394370555878,1.669388782074478,5.786785243968945,2.21378038527766e-07,25.537229284395195,True
1412,9351.833333333334,3029.666666666667,6,9.660247832536697,9.660247832536697,9.660247832536697,1.4478158304530337,6.672290514680949,2.2137468045582695e-07,25.537245753996064,True
1937,9205.2,3530.6,5,9.655216559767723,9.655216559767723,9.655216559767723,1.4154065496030228,6.821514682460463,2.2125938357930518e-07,25.53781137696157,True
1237,7968.5,2881.5,4,9.653860747814178,9.653860747814178,9.653860747814178,1.8751827974877857,5.148223821564287,2.2122831373066597e-07,25.537963849718682,True
2217,7979.5,3683.5,4,9.650001227855682,9.650001227855682,9.650001227855682,1.4956563477881915,6.452017699203638,2.2113986879505602e-07,25.53839800332101,True
458,8830.2,2458.6,5,9.64913259446621,9.64913259446621,9.64913259446621,1.454146086434599,6.635600566188495,2.2111996315263757e-07,25.5384957389737,True
2434,7918.8,3794.6,5,9.645840987563133,9.645840987563133,9.645840987563133,1.4255165803388226,6.76655825726732,2.210445325385388e-07,25.538866179161758,True
1302,9307.5,2931.5,4,9.645750224590302,9.645750224590302,9.645750224590302,1.1840921048889543,8.146114803708528,2.2104245261010878e-07,25.538876395493276,True
1530,9372.8,3137.0,5,9.644445285201073,9.644445285201073,9.644445285201073,1.320298441645436,7.304746397474786,2.2101254855947648e-07,25.539023290836184,True
265,8493.5,2372.5,4,9.641654670238495,9.641654670238495,9.641654670238495,1.4185684807056822,6.796749541088174,2.2094859869956345e-07,25.53933749347192,True
321,8872.6,2403.8,5,9.638968333601952,9.638968333601952,9.638968333601952,1.3244314295042035,7.277816064218793,2.2088703848653159e-07,25.5396400410569,True
998,9341.4,2737.8,5,9.637937888503075,9.637937888503075,9.637937888503075,1.3083106979091819,7.366704181128775,2.208634247595915e-07,25.53975611689802,True
1192,8994.5,2850.5,4,9.637925803661346,9.637925803661346,9.637925803661346,1.7247660953048158,5.587961074778692,2.208631478228066e-07,25.539757478284507,True
1201,9106.0,2855.5,4,9.637145698070526,9.637145698070526,9.637145698070526,1.408413906457464,6.842552216990327,2.2084527088746465e-07,25.53984536266759,True
1646,9176.2,3262.4,5,9.634205684065819,9.634205684065819,9.634205684065819,1.5439898285854843,6.23981162679817,2.2077789739228e-07,25.54017663986854,True
2635,9206.0,3884.5,6,9.631667166948318,9.631667166948318,9.631667166948318,1.4428806937751248,6.675303930880253,2.2071972461809658e-07,25.54046275822696,True
2698,9051.8,3909.4,5,9.629636153578758,9.629636153578758,9.629636153578758,1.323333067963652,7.276804597951191,2.2067318182297555e-07,25.54069172972688,True
189,7910.333333333333,2336.6666666666665,6,9.628558188676834,9.628558188676834,9.628558188676834,1.3352587459289624,7.211005520864857,2.206484791300589e-07,25.5408132764827,True
2609,7828.5,3876.0,6,9.62841323018074,9.62841323018074,9.62841323018074,1.4468794046600661,6.654606596216542,2.2064515725454302e-07,25.54082962242662,True
3082,8408.6,4054.8,5,9.627658233046532,9.627658233046532,9.627658233046532,1.4596515426718946,6.595860691122956,2.2062785570573931e-07,25.540914762090242,True
2767,8107.8,3936.4,5,9.626925334334373,9.626925334334373,9.626925334334373,1.448623371874821,6.6455681450694275,2.2061106056538443e-07,25.540997416141295,True
2057,7859.4,3606.2,5,9.625683650374413,9.625683650374413,9.625683650374413,1.5262382012687052,6.306802989450099,2.2058260607905772e-07,25.54113746378192,True
1149,7873.0,2827.5,4,9.623298346996307,9.623298346996307,9.623298346996307,1.501315010770248,6.409912828393746,2.205279443579226e-07,25.541406549206854,True
2737,8598.5,3923.5,4,9.620466887950897,9.620466887950897,9.620466887950897,1.6562480800192445,5.808590514917979,2.2046305851314228e-07,25.541726051921895,True
3556,8187.2,4325.6,5,9.617933616042137,9.617933616042137,9.617933616042137,1.2819847019826163,7.502377837401492,2.2040500593840185e-07,25.542011986819983,True
1754,9483.166666666666,3375.333333333333,6,9.616825133562088,9.616825133562088,9.616825133562088,1.3032056996845358,7.379360860599376,2.203796039032713e-07,25.54213712689353,True
1593,7890.25,3207.0,4,9.61632126569748,9.61632126569748,9.61632126569748,1.8848322421732622,5.101950746878992,2.2036805724427731e-07,25.54219401489009,True
1934,7903.5,3528.5,4,9.609110534191132,9.609110534191132,9.609110534191132,1.5638670961519479,6.14445470323873,2.2020281579180713e-07,25.543008452007324,True
2647,9174.4,3887.8,5,9.606328830122948,9.606328830122948,9.606328830122948,1.3185120356341953,7.285734654293368,2.2013907013435692e-07,25.54332280306447,True
247,8567.75,2367.0,4,9.602806746959686,9.602806746959686,9.602806746959686,1.3803274862199608,6.95690467865496,2.2005835791575527e-07,25.54372095250061,True
2453,9094.2,3803.4,5,9.596696242690086,9.596696242690086,9.596696242690086,1.353574832569509,7.089889684541896,2.1991832932088313e-07,25.54441205330071,True
435,9280.8,2447.4,5,9.594415053725243,9.594415053725243,9.594415053725243,1.0946776605087598,8.764602951033243,2.198660534903966e-07,25.544670169615333,True
2171,9188.8,3660.6,5,9.587325438857079,9.587325438857079,9.587325438857079,1.323979396398151,7.241295042006794,2.197035875523377e-07,25.54547275078816,True
2145,8934.5,3645.0,4,9.58629959821701,9.58629959821701,9.58629959821701,1.7340916282471066,5.528139022219517,2.1968007934138592e-07,25.54558893041743,True
1763,9258.0,3386.0,5,9.585235938429832,9.585235938429832,9.585235938429832,1.3947815179982235,6.8722131851778965,2.19655704465132e-07,25.545709406311442,True
2445,7627.833333333333,3801.666666666667,6,9.582788974046707,9.582788974046707,9.582788974046707,1.2819665956481812,7.475069168398657,2.1959962971759015e-07,25.54598661357187,True
745,7587.166666666667,2604.8333333333335,6,9.582214385271072,9.582214385271072,9.582214385271072,1.226282274202308,7.814036447280677,2.195864624149697e-07,25.546051716804577,True
2965,9148.2,4014.6,5,9.57980428636074,9.57980428636074,9.57980428636074,1.2296839050253028,7.790460822664521,2.195312324782858e-07,25.54632483329639,True
2593,8208.5,3869.5,4,9.575948417186737,9.575948417186737,9.575948417186737,1.470053420890268,6.514013899840129,2.1944287120421998e-07,25.546761929857862,True
365,8934.5,2418.3333333333335,6,9.575126677751541,9.575126677751541,9.575126677751541,1.4500902605407733,6.603124604244116,2.1942404018579914e-07,25.546855103974906,True
63,8805.8,2083.4,5,9.572799071669579,9.572799071669579,9.572799071669579,1.064801305493042,8.990221013334521,2.1937070065853713e-07,25.547119066373668,True
403,7899.0,2432.0,5,9.565743312239647,9.565743312239647,9.565743312239647,1.3208864485644678,7.241911916528211,2.1920901055324671e-07,25.54791961781155,True
462,8230.75,2463.0,4,9.55614823102951,9.55614823102951,9.55614823102951,1.4356914571244856,6.656129479358543,2.1898912923408557e-07,25.549009230511025,True
1065,7930.5,2778.5,4,9.55558556318283,9.55558556318283,9.55558556318283,1.606448905879044,5.948266096862908,2.189762351120174e-07,25.549073160749813,True
3410,7947.2,4194.6,5,9.548182353377342,9.548182353377342,9.548182353377342,1.1853633182905468,8.05506818546326,2.1880658281805476e-07,25.549914663154443,True
2874,8290.4,3983.8,5,9.54722486436367,9.54722486436367,9.54722486436367,1.5005891048825561,6.362317861231497,2.187846409560947e-07,25.550023545932046,True
195,8587.5,2338.5,4,9.547150313854218,9.547150313854218,9.547150313854218,1.3107383166520832,7.283795851974298,2.187829325532158e-07,25.550032024050495,True
1857,9315.8,3472.6,5,9.54561696946621,9.54561696946621,9.54561696946621,1.3232109573405946,7.213979688205655,2.187477943632016e-07,25.550206415483153,True
1657,9377.0,3275.0,5,9.533399447798729,9.533399447798729,9.533399447798729,1.3200545655963931,7.221973770070325,2.1846781707876887e-07,25.551596949159507,True
1745,9126.5,3363.0,4,9.533020675182343,9.533020675182343,9.533020675182343,1.592764833499083,5.985202884119197,2.184591371081955e-07,25.55164008752952,True
3493,8501.8,4252.6,5,9.524691924452782,9.524691924452782,9.524691924452782,1.3202077838008224,7.214540045379521,2.1826827507615294e-07,25.55258908145898,True
1458,9474.8,3064.6,5,9.52259050309658,9.52259050309658,9.52259050309658,1.214214796896626,7.842591382871528,2.1822011880839494e-07,25.552828652564813,True
624,8052.0,2543.0,5,9.520529612898827,9.520529612898827,9.520529612898827,1.5776217400029602,6.034735305359676,2.1817289135451477e-07,25.55306365429739,True
488,8426.5,2475.0,4,9.51430195569992,9.51430195569992,9.51430195569992,1.7798991734079581,5.345416244833108,2.18030178077765e-07,25.553774098527853,True
757,7853.0,2610.8,5,9.513618811964989,9.513618811964989,9.513618811964989,1.4027923282556234,6.781915341521152,2.1801452312474021e-07,25.55385205910962,True
159,8864.166666666666,2180.8333333333335,6,9.511145621538162,9.511145621538162,9.511145621538162,1.2995583959423076,7.318752009325173,2.1795784737998335e-07,25.554134347220167,True
320,8773.6,2403.8,5,9.506461009383202,9.506461009383202,9.506461009383202,1.4196282047968876,6.696444165635137,2.178504945939222e-07,25.5546692466135,True
1297,7483.6,2926.8,5,9.498788699507713,9.498788699507713,9.498788699507713,1.1816792470766824,8.038381585363757,2.1767467559046726e-07,25.55554585756953,True
1945,7884.5,3534.5,4,9.496431052684784,9.496431052684784,9.496431052684784,1.5099760775112028,6.289126824007136,2.1762064764821346e-07,25.55581537617055,True
2120,9243.8,3632.6,5,9.495684012770653,9.495684012770653,9.495684012770653,1.3223351204033964,7.180996606876678,2.176035284474284e-07,25.555900789330572,True
1266,9169.5,2901.5,4,9.49516361951828,9.49516361951828,9.49516361951828,1.3444549862662238,7.06246301773772,2.175916030918938e-07,25.555960292708818,True
1290,7830.0,2921.5,4,9.494762122631073,9.494762122631073,9.494762122631073,1.5201042642569766,6.2461255756506215,2.1758240237089262e-07,25.556006203336644,True
2531,9292.833333333334,3840.833333333333,6,9.49457648396492,9.49457648396492,9.49457648396492,1.3488645920985483,7.038939667912378,2.1757814826674206e-07,25.556027431524214,True
2451,8028.0,3804.0,5,9.493909701704979,9.493909701704979,9.493909701704979,1.5139344962709302,6.271017487936262,2.175628682540253e-07,25.556103682957165,True
1607,7431.142857142857,3226.857142857143,7,9.492159560322762,9.492159560322762,9.492159560322762,1.3247816201930083,7.165074919245817,2.17522761934192e-07,25.5563038499155,True
1643,9522.285714285714,3259.4285714285716,7,9.488399222493172,9.488399222493172,9.488399222493172,1.33630331372561,7.1004831949713125,2.174365898607771e-07,25.556734051683936,True
1130,7630.6,2817.8,5,9.487795695662498,9.487795695662498,9.487795695662498,1.3199893915897127,7.187781777727767,2.1742275941236595e-07,25.556803114099623,True
377,8893.2,2421.4,5,9.486400470137596,9.486400470137596,9.486400470137596,1.3335051587360405,7.113883593168291,2.1739078636052574e-07,25.55696278851805,True
3052,8831.0,4045.2,5,9.474961146712303,9.474961146712303,9.474961146712303,1.3238230054747417,7.157271861516296,2.1712864230254663e-07,25.558272830418897,True
2468,8134.5,3814.5,4,9.465782821178436,9.465782821178436,9.465782821178436,1.5190356995257939,6.231441976072994,2.169183113754936e-07,25.55932508487396,True
8,8348.833333333334,2015.6666666666667,6,9.465410739183426,9.465410739183426,9.465410739183426,1.221531624790699,7.748805308913109,2.169097847275052e-07,25.559367763946664,True
2198,8911.5,3673.0,4,9.465129554271698,9.465129554271698,9.465129554271698,1.7604737730263356,5.376467232454536,2.16903341081228e-07,25.55940001792718,True
2598,9076.6,3871.8,5,9.462450847029686,9.462450847029686,9.462450847029686,1.3237588447213204,7.1481681763733445,2.1684195570374962e-07,25.559707333431053,True
2984,8498.8,4022.2,5,9.45924936234951,9.45924936234951,9.45924936234951,1.514369623912836,6.246327985573729,2.1676859033462616e-07,25.56007473887781,True
2322,7874.2,3746.6,5,9.457912310957909,9.457912310957909,9.457912310957909,1.4299008712934582,6.614383207139723,2.1673795040388113e-07,25.560228216987365,True
357,8691.5,2415.5,4,9.453644454479218,9.453644454479218,9.453644454479218,1.395508674178651,6.774335860035633,2.166401480099281e-07,25.560718262987464,True
3040,8910.6,4041.8,5,9.452287063002586,9.452287063002586,9.452287063002586,1.3222227657946921,7.148785596140831,2.1660904196486573e-07,25.560874168457808,True
3183,8086.166666666667,4094.6666666666665,6,9.451556235551834,9.451556235551834,9.451556235551834,1.445302448678483,6.5395006036237575,2.165922942896318e-07,25.56095811814048,True
955,7858.8,2716.2,5,9.450963839888573,9.450963839888573,9.450963839888573,1.5194744183125637,6.219890065924401,2.1657871892356135e-07,25.561026171015627,True
481,8900.5,2470.5,4,9.4314643740654,9.4314643740654,9.4314643740654,1.2643083023033421,7.459782045947946,2.1613186827433416e-07,25.563268603323976,True
2583,9005.0,3863.0,5,9.429757460951805,9.429757460951805,9.429757460951805,1.3871710038379939,6.797833457347192,2.160927525754786e-07,25.563465118415852,True
2881,8275.2,3985.6,5,9.428686961531639,9.428686961531639,9.428686961531639,1.4820824317022232,6.3617830964384785,2.160682209618828e-07,25.56358838202687,True
2404,9043.8,3780.4,5,9.4248016923666,9.4248016923666,9.4248016923666,1.4183890476674117,6.644722551873904,2.1597918595627988e-07,25.56403587241286,True
3545,8363.8,4306.6,5,9.421178683638573,9.421178683638573,9.421178683638573,1.3176879647485684,7.149779716957689,2.158961609228274e-07,25.564453322894725,True
685,9062.4,2565.8,5,9.41424261033535,9.41424261033535,9.41424261033535,1.3647258682282664,6.898266406100473,2.15737213550282e-07,25.565252959507788,True
3602,9149.4,3525.2,5,9.410099849104881,9.410099849104881,9.410099849104881,1.4990903381993765,6.277206656143063,2.156422778447496e-07,25.56573084562125,True
3569,8669.5,4350.833333333334,6,9.408170729875565,9.408170729875565,9.408170729875565,1.4111183611810822,6.667173348946494,2.1559807006039928e-07,25.565953449987482,True
2947,8141.0,4007.8,5,9.403489455580711,9.403489455580711,9.403489455580711,1.3526689065053636,6.951804251843668,2.154907937648928e-07,25.56649382006021,True
1526,7546.0,3131.0,5,9.400539264082909,9.400539264082909,9.400539264082909,1.2763014110322368,7.365453945929603,2.1542318704181166e-07,25.56683450553715,True
3391,8824.2,4182.4,5,9.396397933363914,9.396397933363914,9.396397933363914,1.3118375773234636,7.162775404357103,2.153282841179455e-07,25.567312923134974,True
1999,9027.25,3565.0,4,9.393955886363983,9.393955886363983,9.393955886363983,1.5617976723813962,6.014835373675693,2.1527232205738148e-07,25.56759513377155,True
1898,7823.5,3501.5,4,9.389858901500702,9.389858901500702,9.389858901500702,1.4022077914455044,6.6964817616802055,2.151784353651699e-07,25.56806875906196,True
1698,7826.5,3318.0,4,9.389101684093475,9.389101684093475,9.389101684093475,1.6419499857619575,5.718262898084805,2.1516108293648832e-07,25.56815631857843,True
2853,8822.8,3973.2,5,9.384649619460106,9.384649619460106,9.384649619460106,1.3955810163622941,6.7245466292756175,2.15059059220051e-07,25.56867126817703,True
1438,7434.5,3049.5,4,9.384311854839325,9.384311854839325,9.384311854839325,1.008042162769997,9.309443792561408,2.150513189905775e-07,25.56871034580826,True
906,9029.0,2684.75,4,9.379559218883514,9.379559218883514,9.379559218883514,1.35734037314545,6.910248456802086,2.1494240736798985e-07,25.569260350550387,True
3394,7901.0,4187.5,6,9.378805667161942,9.378805667161942,9.378805667161942,1.2606476242767597,7.439672662329104,2.1492513894232812e-07,25.569347581862036,True
480,8850.5,2471.0,4,9.378561675548553,9.378561675548553,9.378561675548553,1.3039092497109777,7.192649087831373,2.149195476193741e-07,25.56937582788649,True
565,9234.5,2512.5,4,9.375347316265106,9.375347316265106,9.375347316265106,1.0979657004846346,8.538834420899388,2.1484588721525416e-07,25.569748011230757,True
1211,9429.6,2861.2,5,9.374167308211327,9.374167308211327,9.374167308211327,1.238237438578892,7.570573313442961,2.1481884609680987e-07,25.569884673698372,True
2792,8601.75,3947.0,4,9.371995627880096,9.371995627880096,9.371995627880096,1.5835596837262484,5.918309062925249,2.147690797711718e-07,25.570136231521627,True
3247,8984.6,4116.8,5,9.370293006300926,9.370293006300926,9.370293006300926,1.2735038395914793,7.357883592488244,2.1473006241731506e-07,25.57033349642697,True
2808,9208.166666666666,3953.666666666667,6,9.369919806718826,9.369919806718826,9.369919806718826,1.3368148791461654,7.009137879063308,2.1472151015864988e-07,25.5703767399378,True
1951,7797.8,3539.4,5,9.368422850966454,9.368422850966454,9.368422850966454,1.4798688737588228,6.330576321381055,2.1468720585227155e-07,25.570550213023488,True
2146,9445.166666666666,3644.833333333333,6,9.366210490465164,9.366210490465164,9.366210490465164,1.2647744054959462,7.405439618136852,2.146365072979988e-07,25.570806640770066,True
1581,9468.0,3194.0,6,9.365059405565262,9.365059405565262,9.365059405565262,1.3401343435119106,6.988149696263664,2.146101289838695e-07,25.57094008335662,True
3162,8056.4,4084.8,5,9.364889964461327,9.364889964461327,9.364889964461327,1.3195646549604005,7.096954233547853,2.1460624606379437e-07,25.5709597276533,True
2555,8965.5,3851.5,4,9.359861552715302,9.359861552715302,9.359861552715302,1.2903054180854012,7.253989188547143,2.1449101475060514e-07,25.571542862634967,True
2422,7841.6,3788.8,5,9.354273661971092,9.354273661971092,9.354273661971092,1.3436222400745315,6.961981859910421,2.143629623911455e-07,25.57219124690706,True
2590,9227.8,3867.4,5,9.353381499648094,9.353381499648094,9.353381499648094,1.3135590664572345,7.12064020453595,2.1434251755861198e-07,25.572294803758734,True
1800,9276.8,3433.8,5,9.351460322737694,9.351460322737694,9.351460322737694,1.360045468701205,6.875843887534147,2.1429849178080464e-07,25.572517835993324,True
613,8028.5,2537.5,4,9.34992378950119,9.34992378950119,9.34992378950119,1.3602078536876492,6.873893401036233,2.142632805149927e-07,25.57269624736207,True
2785,8618.5,3944.5,4,9.345343291759491,9.345343291759491,9.345343291759491,1.5786058681645696,5.9199978159369415,2.1415831361958014e-07,25.573228276384373,True
2316,9388.5,3744.0,6,9.342598468065262,9.342598468065262,9.342598468065262,1.2378626882868768,7.547362527741121,2.140954131144636e-07,25.57354721514395,True
2357,9002.0,3763.2,5,9.34232984483242,9.34232984483242,9.34232984483242,1.4883867405104472,6.2768160925892404,2.140892573321934e-07,25.57357843324278,True
840,7951.0,2652.5,4,9.337855041027069,9.337855041027069,9.337855041027069,1.4095609100716369,6.624655220151146,2.139867125238526e-07,25.57409860545984,True
857,7961.5,2660.0,4,9.332831084728241,9.332831084728241,9.332831084728241,1.446981687893352,6.449861226865855,2.1387158331189478e-07,25.57468291086133,True
2367,9272.6,3766.8,5,9.331762656569481,9.331762656569481,9.331762656569481,1.3171214786658672,7.0849673380330636,2.1384709916341993e-07,25.574807213715335,True
1374,9233.6,2993.2,5,9.331517085433006,9.331517085433006,9.331517085433006,1.4322575837152454,6.515250602637587,2.1384147164404272e-07,25.574835785914583,True
3456,8973.166666666666,4226.0,6,9.32572415471077,9.32572415471077,9.32572415471077,1.274652320137074,7.31628853404346,2.1370872057908364e-07,25.575510011512886,True
723,9033.2,2588.2,5,9.324513778090477,9.324513778090477,9.324513778090477,1.4158751681903297,6.585689181913122,2.136809835331824e-07,25.575650937298885,True
3268,9013.333333333334,4125.333333333334,6,9.322541266679764,9.322541266679764,9.322541266679764,1.3615419416049455,6.847046706244412,2.1363578137162178e-07,25.57588063867058,True
2929,8172.8,4002.6,5,9.321363314986229,9.321363314986229,9.321363314986229,1.3779016650957838,6.764897344353134,2.1360878737682276e-07,25.57601783576867,True
406,9108.4,2433.2,5,9.321351870894432,9.321351870894432,9.321351870894432,1.3169124694502696,7.078186354166368,2.1360852512349255e-07,25.576019168757416,True
676,7972.5,2561.5,4,9.308366477489471,9.308366477489471,9.308366477489471,1.3243093164289192,7.028846178164818,2.1331095125525966e-07,25.57753274118749,True
148,8433.166666666666,2168.0,6,9.307829409837723,9.307829409837723,9.307829409837723,1.418622524499259,6.561174131309646,2.1329864378842754e-07,25.57759538704678,True
1365,9217.0,2983.75,4,9.303790271282196,9.303790271282196,9.303790271282196,1.3052682248896634,7.127876166654299,2.1320608270484594e-07,25.578066645229548,True
327,8516.75,2408.0,4,9.30195301771164,9.30195301771164,9.30195301771164,1.54232297973246,6.031131701950786,2.1316398011812673e-07,25.578281070710368,True
261,8389.8,2371.6,5,9.301216945052147,9.301216945052147,9.301216945052147,1.5809468208627877,5.883320566074506,2.131471122434498e-07,25.578366989479882,True
3019,8485.4,4035.2,5,9.295589789748192,9.295589789748192,9.295589789748192,1.4907847846687186,6.235366690983403,2.13018160095546e-07,25.579024049212435,True
1177,9436.4,2843.2,5,9.295087680220604,9.295087680220604,9.295087680220604,1.216518930987916,7.640725880584701,2.130066537306835e-07,25.57908269780057,True
1408,9329.8,3026.4,5,9.295036658644676,9.295036658644676,9.295036658644676,1.323106892127752,7.025159277718582,2.1300548451791967e-07,25.579088657521027,True
1491,7560.4,3098.8,5,9.293472155928612,9.293472155928612,9.293472155928612,1.3009403950247784,7.143657150988538,2.1296963230223692e-07,25.579271419598637,True
1435,9169.5,3046.5,4,9.289826095104218,9.289826095104218,9.289826095104218,1.4148194588825749,6.56608589652939,2.1288607900589144e-07,25.579697464559988,True
572,8969.8,2516.2,5,9.288232669234276,9.288232669234276,9.288232669234276,1.4186249978899672,6.547348794113593,2.1284956398589368e-07,25.579883710085724,True
1893,7949.0,3497.5,4,9.287786185741425,9.287786185741425,9.287786185741425,1.7582614909690406,5.282369109171921,2.128393323497833e-07,25.5799359024631,True
470,8789.5,2467.5,4,9.287367522716522,9.287367522716522,9.287367522716522,1.3538114747329193,6.860163099554714,2.128297382487868e-07,25.579984845003327,True
3127,8562.6,4073.8,5,9.285959586501122,9.285959586501122,9.285959586501122,1.4305848680681537,6.491023212793227,2.127974739181827e-07,25.580149451733934,True
1106,9377.833333333334,2802.0,6,9.273999243974686,9.273999243974686,9.273999243974686,1.4233000527327206,6.515842689788922,2.1252339016268998e-07,25.581548784439185,True
2418,7875.8,3785.6,5,9.272612437605858,9.272612437605858,9.272612437605858,1.3924714172886274,6.659104325215645,2.1249161004461482e-07,25.581711154354757,True
1879,7789.0,3488.5,4,9.272391021251678,9.272391021251678,9.272391021251678,1.3492013503626126,6.872503513845151,2.124865360573317e-07,25.581737080448825,True
1319,9408.5,2947.5,4,9.27068442106247,9.27068442106247,9.27068442106247,1.1785970332871039,7.865864378774615,2.1244742752946561e-07,25.581936930535555,True
3104,8301.4,4066.2,5,9.269167765974998,9.269167765974998,9.269167765974998,1.4008090749337032,6.617010077846394,2.124126717922246e-07,25.582114568126798,True
2211,9084.6,3679.4,5,9.263347491621971,9.263347491621971,9.263347491621971,1.4530749381173216,6.374996394627822,2.122792941193737e-07,25.582796535221565,True
236,8061.8,2359.6,5,9.263346061110497,9.263346061110497,9.263346061110497,1.3211773437171086,7.011432723367962,2.1227926133770744e-07,25.582796702888622,True
1528,9273.75,3136.0,4,9.262434661388397,9.262434661388397,9.262434661388397,1.2262635102227146,7.553380316850617,2.1225837566005765e-07,25.582903531279925,True
2369,8922.5,3767.5,4,9.26242607831955,9.26242607831955,9.26242607831955,1.5078321631385803,6.142876047317919,2.1225817897006001e-07,25.582904537381804,True
2055,7629.5,3603.5,4,9.259805858135223,9.259805858135223,9.259805858135223,1.1790373625844126,7.853700104836391,2.1219813388466631e-07,25.58321172152109,True
3453,8459.4,4225.8,5,9.256062850356102,9.256062850356102,9.256062850356102,1.320622124930136,7.008865500300299,2.121123589474793e-07,25.583650687597142,True
1838,9407.6,3460.6,5,9.255191668868065,9.255191668868065,9.255191668868065,1.31692527041036,7.027879164308317,2.1209239491271783e-07,25.583752881998088,True
1328,9144.5,2955.0,4,9.253687560558319,9.253687560558319,9.253687560558319,1.4668129312943312,6.308703286650717,2.1205792669800812e-07,25.583929344854766,True
2745,9239.6,3928.2,5,9.252301558852196,9.252301558852196,9.252301558852196,1.2196364604418393,7.586114271707122,2.1202616501962023e-07,25.58409197677088,True
2403,8942.5,3780.5,4,9.249498069286346,9.249498069286346,9.249498069286346,1.416274202386532,6.530866730256206,2.1196192012471073e-07,25.584421009643982,True
1169,9378.2,2837.6,5,9.248618468642235,9.248618468642235,9.248618468642235,1.3177371724699423,7.018560803977924,2.119417631561842e-07,25.58452426494176,True
2642,8336.5,3886.5,4,9.244402587413788,9.244402587413788,9.244402587413788,1.7301269717673584,5.343193151870496,2.1184515182943917e-07,25.58501929871154,True
2165,7968.0,3654.5,4,9.243028342723846,9.243028342723846,9.243028342723846,1.5207825635828989,6.077810572043689,2.1181365957537098e-07,25.585180712941828,True
2504,9280.166666666666,3828.333333333333,6,9.23580315709114,9.23580315709114,9.23580315709114,1.3822062487178366,6.681928377663222,2.1164808689148112e-07,25.586029754292454,True
1853,9333.4,3469.2,5,9.235713824629784,9.235713824629784,9.235713824629784,1.3220501675642713,6.985902692063152,2.1164603974471737e-07,25.586040256027385,True
1503,7506.5,3111.5,4,9.234521090984344,9.234521090984344,9.234521090984344,1.100405570153299,8.391925069679418,2.1161870700603353e-07,25.586180481001154,True
2401,8113.0,3780.75,4,9.232178390026093,9.232178390026093,9.232178390026093,1.5746885998963542,5.862859736606814,2.1156502156389715e-07,25.58645595581067,True
1919,9293.8,3518.4,5,9.230805739760399,9.230805739760399,9.230805739760399,1.3238356139253507,6.97277338867612,2.1153356584772784e-07,25.586617396245455,True
3180,9167.2,4091.6,5,9.227720126509666,9.227720126509666,9.227720126509666,1.1088016173568167,8.322246272067035,2.1146285579357267e-07,25.58698038970178,True
3221,8857.0,4107.0,5,9.224751338362694,9.224751338362694,9.224751338362694,1.3193729981922102,6.991769083498254,2.1139482290882994e-07,25.58732975437191,True
294,8081.4,2390.2,5,9.222007617354393,9.222007617354393,9.222007617354393,1.324585662414834,6.96218287652448,2.1133194767291447e-07,25.58765273330426,True
2721,8565.5,3918.5,4,9.221887290477753,9.221887290477753,9.221887290477753,1.688996009837632,5.459981691350638,2.1132919025671478e-07,25.587666899861496,True
2139,9241.6,3641.8,5,9.21619926393032,9.21619926393032,9.21619926393032,1.3220818082752592,6.9709750230611265,2.1119884318061588e-07,25.588336784617034,True
672,7602.5,2560.0,6,9.216174632310867,9.216174632310867,9.216174632310867,1.2029325288262123,7.661422741060757,2.111982787212997e-07,25.588339686407238,True
1380,9223.8,2998.8,5,9.215050086379051,9.215050086379051,9.215050086379051,1.4497225121587407,6.356423390747503,2.1117250857537495e-07,25.58847217464416,True
3433,8502.75,4208.25,4,9.214056193828583,9.214056193828583,9.214056193828583,1.1817866863984832,7.7967168693604005,2.111497324883033e-07,25.58858928342961,True
1556,9356.8,3172.2,5,9.21387229859829,9.21387229859829,9.21387229859829,1.321271333869198,6.973489897503851,2.1114551833680855e-07,25.588610952898264,True
2579,9295.6,3860.2,5,9.212148532271385,9.212148532271385,9.212148532271385,1.2163702709420072,7.573473926765012,2.1110601642894716e-07,25.588814095566157,True
669,9304.2,2556.6,5,9.207321986556053,9.207321986556053,9.207321986556053,1.1720389601125956,7.855815634039608,2.1099541108693528e-07,25.589383097323473,True
48,8393.0,2060.1666666666665,6,9.206033736467361,9.206033736467361,9.206033736467361,1.3083935050967188,7.036135306852379,2.109658894890762e-07,25.589535019633058,True
3420,7928.0,4200.5,6,9.205730468034744,9.205730468034744,9.205730468034744,1.2791292854034877,7.1968725703367,2.109589397758259e-07,25.58957078692982,True
2324,9157.5,3746.5,4,9.2057244181633,9.2057244181633,9.2057244181633,1.1892460161862448,7.740807446792922,2.109588011366956e-07,25.58957150046001,True
950,9295.2,2711.6,5,9.203279837965965,9.203279837965965,9.203279837965965,1.318588458570261,6.97964537619648,2.1090278102526423e-07,25.5898598560065,True
180,7910.8,2326.6,5,9.202157363295555,9.202157363295555,9.202157363295555,1.2038098987613153,7.644194795843017,2.1087705834446044e-07,25.58999228550293,True
2518,9280.6,3834.2,5,9.200791701674461,9.200791701674461,9.200791701674461,1.2574182919741255,7.317208410599288,2.108457627803899e-07,25.590153427965802,True
1212,9127.0,2863.0,5,9.19984994828701,9.19984994828701,9.19984994828701,1.5292877866207983,6.015774158908,2.1082418151675884e-07,25.59026456493255,True
1284,9186.2,2915.4,5,9.196314200758934,9.196314200758934,9.196314200758934,1.4861732697886643,6.187915223415814,2.1074315616494914e-07,25.590681922498867,True
1768,7487.4,3390.2,5,9.1917055696249,9.1917055696249,9.1917055696249,1.1953563472581499,7.68951082303481,2.1063754456343316e-07,25.591226163569285,True
175,8909.0,2204.5,6,9.181002646684647,9.181002646684647,9.181002646684647,1.3102144572975634,7.007251824728984,2.1039227589259619e-07,25.592491143354586,True
1045,7847.0,2764.75,4,9.17534226179123,9.17534226179123,9.17534226179123,1.375987439930612,6.668187510675185,2.102625622539029e-07,25.59316074125516,True
948,9150.2,2711.2,5,9.169028148055077,9.169028148055077,9.169028148055077,1.3490154564988028,6.796829572177117,2.1011786773519762e-07,25.593908159891164,True
689,8108.5,2567.5,4,9.164617240428925,9.164617240428925,9.164617240428925,1.5817322128109104,5.794038438492949,2.100167871746171e-07,25.594430596329364,True
1480,9473.833333333334,3086.0,6,9.162638694047928,9.162638694047928,9.162638694047928,1.3313402190662185,6.882266878765566,2.0997144671540188e-07,25.59466502088857,True
1558,9268.0,3174.0,5,9.157530650496483,9.157530650496483,9.157530650496483,1.378900538019355,6.641182883031076,2.0985439055612333e-07,25.595270472493162,True
2693,8905.4,3909.2,5,9.157524928450584,9.157524928450584,9.157524928450584,1.431557740946746,6.396895260679007,2.0985425942945823e-07,25.595271150911238,True
3332,8447.25,4154.0,4,9.157428920269012,9.157428920269012,9.157428920269012,1.1839046782632863,7.734937692536518,2.0985205930158523e-07,25.595282533911114,True
1346,9299.2,2968.6,5,9.156312808394432,9.156312808394432,9.156312808394432,1.3281972606984573,6.893789860385207,2.0982648243090122e-07,25.595414872030787,True
1227,9278.6,2871.6,5,9.155817374587059,9.155817374587059,9.155817374587059,1.3248810720613957,6.910671129402907,2.0981512904714797e-07,25.595473621113115,True
226,9208.2,2354.4,5,9.15311561524868,9.15311561524868,9.15311561524868,1.0699946491157675,8.554356437962303,2.0975321540677659e-07,25.595794054636265,True
3497,8334.6,4255.2,5,9.150255545973778,9.150255545973778,9.150255545973778,1.318608023699458,6.939329491035569,2.0968767392867075e-07,25.596133367078522,True
667,7859.5,2556.5,4,9.14991158246994,9.14991158246994,9.14991158246994,1.2186571588731545,7.508191714009634,2.0967979164531008e-07,25.596174181310076,True
1195,9361.6,2853.2,5,9.141075477004051,9.141075477004051,9.141075477004051,1.3189611358650792,6.930511618910295,2.0947730304896198e-07,25.597223187613395,True
1817,9250.0,3446.75,4,9.136035144329071,9.136035144329071,9.136035144329071,1.2492044717950161,7.313482580799004,2.0936179855522044e-07,25.59782202097621,True
2826,8063.6,3962.6,5,9.134009227156639,9.134009227156639,9.134009227156639,1.3860102863029715,6.590145338329771,2.0931537254478554e-07,25.59806280984199,True
3020,9014.4,4034.8,5,9.13301645219326,9.13301645219326,9.13301645219326,1.3188407841306196,6.925033379380778,2.0929262206839068e-07,25.598180824864343,True
3501,8126.0,4258.333333333334,6,9.128913909196854,9.128913909196854,9.128913909196854,1.4068156451619804,6.4890619752425005,2.0919860800574656e-07,25.598668646189864,True
220,8613.5,2353.5,4,9.128577888011932,9.128577888011932,9.128577888011932,1.336305778137631,6.831204382528492,2.0919090772892886e-07,25.598708611193835,True
3084,8943.6,4054.8,5,9.125616416335106,9.125616416335106,9.125616416335106,1.3203839542963005,6.911335438939508,2.091230425087501e-07,25.59906090031638,True
832,9290.8,2648.6,5,9.123995169997215,9.123995169997215,9.123995169997215,1.2954386851643043,7.043170220626839,2.0908588995363841e-07,25.599253808076874,True
865,7823.6,2662.8,5,9.121946200728416,9.121946200728416,9.121946200728416,1.4042715306771612,6.49585639347803,2.0903893568031052e-07,25.599497658485216,True
1125,9423.666666666666,2814.1666666666665,6,9.119627982378006,9.119627982378006,9.119627982378006,1.3388267494569261,6.811656538889172,2.0898581128273342e-07,25.59977361861693,True
2742,9139.6,3925.2,5,9.113218650221825,9.113218650221825,9.113218650221825,1.3182603233878851,6.913064505196634,2.0883893473436675e-07,25.600536949148598,True
98,8060.5,2126.5,4,9.1119105219841,9.1119105219841,9.1119105219841,0.9778586323481397,9.318228852879885,2.088089576079367e-07,25.60069280891532,True
2586,8867.5,3865.5,4,9.110891997814178,9.110891997814178,9.110891997814178,1.3645201601722545,6.676993322446798,2.087856170615489e-07,25.600814178673524,True
964,7801.2,2721.6,5,9.109768733382225,9.109768733382225,9.109768733382225,1.4171875636087412,6.428061441764995,2.0875987628253353e-07,25.600948045263856,True
2254,7603.6,3702.8,5,9.106650695204735,9.106650695204735,9.106650695204735,1.2245598669388058,7.436672506645047,2.086884231772761e-07,25.601319728292285,True
329,9135.0,2408.0,5,9.10184608399868,9.10184608399868,9.10184608399868,1.2218987247970095,7.448936560197118,2.0857832048748046e-07,25.601892706997834,True
775,8834.5,2617.5,4,9.099667251110077,9.099667251110077,9.099667251110077,1.7305040890167838,5.258391071632897,2.0852839025351104e-07,25.602152645577554,True
2983,8233.5,4021.5,4,9.097270667552948,9.097270667552948,9.097270667552948,1.2513771320296185,7.269807346405646,2.0847347003527831e-07,25.602438634084237,True
3252,8564.4,4118.8,5,9.096061572432518,9.096061572432518,9.096061572432518,1.3560287113387537,6.707867979765956,2.0844576235628643e-07,25.602582946113706,True
990,9310.6,2734.8,5,9.089967116713524,9.089967116713524,9.089967116713524,1.3186160738427788,6.893566138795103,2.0830610153073283e-07,25.60331064445656,True
3558,8637.5,4326.5,4,9.088838279247284,9.088838279247284,9.088838279247284,1.1739976507830827,7.741785746491763,2.0828023303980926e-07,25.603445484967942,True
2847,8958.5,3969.5,4,9.084227740764618,9.084227740764618,9.084227740764618,1.1848980850077808,7.666674337400895,2.0817457772940492e-07,25.603996391309884,True
3129,8803.0,4074.2,5,9.083781585097313,9.083781585097313,9.083781585097313,1.3228364937324255,6.866896723923251,2.081643536057597e-07,25.604049716619485,True
43,8210.666666666666,2054.8333333333335,6,9.08286765217781,9.08286765217781,9.08286765217781,1.2090992979184525,7.512094058622473,2.0814340987724258e-07,25.604158959666705,True
1537,7632.2,3145.4,5,9.081570968031883,9.081570968031883,9.081570968031883,1.3230310050302414,6.8642162832943585,2.0811369500414274e-07,25.60431397210119,True
2256,9163.4,3702.8,5,9.081319198012352,9.081319198012352,9.081319198012352,1.3288949638826282,6.8337373869485445,2.0810792543087835e-07,25.60434407257782,True
1175,9137.4,2841.2,5,9.079747542738914,9.079747542738914,9.079747542738914,1.4849775938336536,6.114400365663714,2.080719093068642e-07,25.60453199138902,True
2782,8120.0,3943.75,4,9.078892409801483,9.078892409801483,9.078892409801483,1.2913337856165368,7.030631824959834,2.0805231304142125e-07,25.60463425111697,True
1704,9345.5,3323.5,4,9.077697932720184,9.077697932720184,9.077697932720184,1.1824878160023964,7.67677925292195,2.080249403500816e-07,25.604777106905455,True
2018,9168.2,3580.6,5,9.077173098921776,9.077173098921776,9.077173098921776,1.4063687410142427,6.4543336567446135,2.0801291323479129e-07,25.604839881359275,True
1003,9127.2,2742.6,5,9.076938971877098,9.076938971877098,9.076938971877098,1.3967080592757488,6.498809047170436,2.0800754796874427e-07,25.604867886056827,True
2827,8079.6,3963.2,5,9.076899871230125,9.076899871230125,9.076899871230125,1.394039918878513,6.511219476794016,2.0800665193653277e-07,25.604872563082814,True
381,9275.6,2423.2,5,9.076412066817284,9.076412066817284,9.076412066817284,1.077724482360764,8.421829711927238,2.0799547338833297e-07,25.604930913527497,True
2491,7976.8,3822.4,5,9.076086387038231,9.076086387038231,9.076086387038231,1.4460008910528654,6.276681047153249,2.0798801009564437e-07,25.60496987260833,True
1875,7874.5,3487.5,4,9.070254027843475,9.070254027843475,9.070254027843475,1.5660358055924166,5.791856096427044,2.078543554860086e-07,25.60566779886896,True
2097,7846.25,3625.0,4,9.070121943950653,9.070121943950653,9.070121943950653,1.3359863506999614,6.789082792049902,2.078513286454892e-07,25.60568360981629,True
2183,7956.75,3665.0,4,9.0683314204216,9.0683314204216,9.0683314204216,1.4788404023578372,6.132055498323695,2.0781029692653498e-07,25.60589796505245,True
709,8072.0,2578.75,4,9.066596686840057,9.066596686840057,9.066596686840057,1.5257432662465134,5.9424130438044305,2.077705436925655e-07,25.606105681680795,True
3452,8481.6,4224.2,5,9.065693244338036,9.065693244338036,9.065693244338036,1.3207833670909166,6.863875992249678,2.077498403629344e-07,25.60621387543215,True
1347,7869.0,2970.25,4,9.062508285045624,9.062508285045624,9.062508285045624,1.7211521696283056,5.265373070995072,2.0767685369035153e-07,25.60659538328823,True
3557,8319.4,4326.2,5,9.060362681746483,9.060362681746483,9.060362681746483,1.30239969837209,6.956668289367168,2.0762768494717162e-07,25.606852468294036,True
806,9034.6,2634.4,5,9.059169635176659,9.059169635176659,9.059169635176659,1.4584842618515492,6.2113591981280765,2.0760034503749827e-07,25.606995444816167,True
1903,9065.5,3504.5,4,9.05766075849533,9.05766075849533,9.05766075849533,1.5887984706069445,5.7009500739481265,2.0756576755056765e-07,25.607176297869337,True
1797,7488.833333333333,3433.0,6,9.054704695940018,9.054704695940018,9.054704695940018,1.3012836023225454,6.958286940509417,2.074980262860645e-07,25.607530697097467,True
2303,9235.2,3734.6,5,9.052841529250145,9.052841529250145,9.052841529250145,1.3203815016574294,6.856231716277777,2.0745532987311974e-07,25.60775412963909,True
1161,9346.75,2833.0,4,9.051298797130585,9.051298797130585,9.051298797130585,1.1801245513475098,7.669782640142074,2.074199765534206e-07,25.607939170197803,True
2460,7940.6,3810.2,5,9.050659999251366,9.050659999251366,9.050659999251366,1.4274719927570023,6.340341558485522,2.0740533783205037e-07,25.60801579903042,True
2054,9439.833333333334,3600.666666666667,6,9.048186331987381,9.048186331987381,9.048186331987381,1.3080926290218238,6.917083799144643,2.073486511600714e-07,25.608312585916675,True
996,8948.0,2736.75,4,9.046105086803436,9.046105086803436,9.046105086803436,1.6650151973707283,5.433046557826254,2.0730095725039817e-07,25.60856235344886,True
1653,9264.0,3274.8,5,9.041469439864159,9.041469439864159,9.041469439864159,1.3857857351183485,6.5244353515386715,2.0719472655345557e-07,25.609118878019604,True
1885,9086.5,3492.5,4,9.037856757640839,9.037856757640839,9.037856757640839,1.5576186449322806,5.8023552729325285,2.071119381626565e-07,25.60955279020145,True
1835,9439.2,3458.6,5,9.035078391432762,9.035078391432762,9.035078391432762,1.2536471681355268,7.207034499882519,2.0704826899576093e-07,25.609886612326203,True
3131,8108.4,4075.2,5,9.033198222517967,9.033198222517967,9.033198222517967,1.3207602568151569,6.839392823872791,2.070051829590535e-07,25.6101125738291,True
3554,8606.6,4318.8,5,9.031054839491844,9.031054839491844,9.031054839491844,1.3179557510630509,6.852320218040309,2.0695606509575145e-07,25.610370226172105,True
2103,7868.8,3627.2,5,9.027047976851463,9.027047976851463,9.027047976851463,1.5249458267434615,5.9195860066247885,2.0686424364851516e-07,25.610852048205327,True
2901,8561.5,3991.5,4,9.02510517835617,9.02510517835617,9.02510517835617,1.4502326297228652,6.223212051214735,2.0681972238948112e-07,25.61108574516711,True
737,9157.25,2598.0,4,9.020990073680878,9.020990073680878,9.020990073680878,1.1838696008004024,7.6199186697435906,2.0672542046283003e-07,25.611580912475873,True
1086,7816.0,2790.5,4,9.016447722911835,9.016447722911835,9.016447722911835,1.33906360946094,6.733397621447976,2.0662132774518478e-07,25.612127752314713,True
1441,9127.5,3049.5,4,9.016422927379608,9.016422927379608,9.016422927379608,1.5896851609953038,5.671829333636363,2.0662075952963602e-07,25.61213073812963,True
1194,9147.0,2851.5,4,9.016041934490204,9.016041934490204,9.016041934490204,1.3268185566784598,6.795233522404786,2.0661202867918479e-07,25.612176617356567,True
722,8978.5,2587.5,4,9.014003932476044,9.014003932476044,9.014003932476044,1.3306539148931253,6.77411596778718,2.06565325731965e-07,25.612422066824404,True
1789,9175.5,3418.5,4,9.013433158397675,9.013433158397675,9.013433158397675,1.3684710943224783,6.58649875455365,2.0655224584712127e-07,25.61249081870286,True
2202,9055.8,3673.8,5,9.011286601424217,9.011286601424217,9.011286601424217,1.5077476540290098,5.976654367422969,2.0650305524949717e-07,25.61274941852174,True
1736,9237.8,3354.4,5,9.011089190840721,9.011089190840721,9.011089190840721,1.4277995288036236,6.3111725484258,2.0649853137955122e-07,25.612773204044824,True
680,9186.333333333334,2562.8333333333335,6,9.010547190904617,9.010547190904617,9.010547190904617,1.4462130321754028,6.230442535392518,2.064861108842656e-07,25.612838510983806,True
257,8664.5,2370.5,4,9.008963763713837,9.008963763713837,9.008963763713837,1.3376158585418934,6.7350904268840805,2.0644982499445606e-07,25.61302932462325,True
2601,9095.2,3872.8,5,9.00839601457119,9.00839601457119,9.00839601457119,1.3227689215065424,6.810256778872042,2.0643681442917748e-07,25.61309775038675,True
749,9371.666666666666,2606.0,6,8.998110324144363,8.998110324144363,8.998110324144363,1.2408523708681547,7.251555894476707,2.0620110707767072e-07,25.61433814066479,True
1819,9218.6,3448.2,5,8.995170935988426,8.995170935988426,8.995170935988426,1.4453955982398297,6.223328026557258,2.0613374792446507e-07,25.614692873092185,True
650,8103.5,2548.5,4,8.993468940258026,8.993468940258026,8.993468940258026,1.531611637437943,5.871899063983457,2.060947449125873e-07,25.614898327023454,True
3512,8337.4,4265.2,5,8.987101420760155,8.987101420760155,8.987101420760155,1.318340317337768,6.816981398936916,2.0594882654500778e-07,25.615667317840042,True
1120,7487.4,2810.8,5,8.986888751387596,8.986888751387596,8.986888751387596,1.1512291164541202,7.8063424760033415,2.059439530039549e-07,25.615693010837003,True
1413,9475.8,3029.4,5,8.984947547316551,8.984947547316551,8.984947547316551,1.2116369272767744,7.415544496081637,2.058994682828197e-07,25.615927559551327,True
511,9047.6,2486.2,5,8.975208148360252,8.975208148360252,8.975208148360252,1.3236985223395554,6.780402030287928,2.056762797715974e-07,25.617105101581043,True
1126,8954.5,2814.5,4,8.974197089672089,8.974197089672089,8.974197089672089,1.7649895044551243,5.084561164256069,2.0565311030453047e-07,25.617227416834332,True
97,8002.333333333333,2126.0,6,8.966019183397293,8.966019183397293,8.966019183397293,1.18185593138592,7.5863892927145224,2.0546570503090147e-07,25.618217265496305,True
3067,8692.8,4049.4,5,8.962987765669823,8.962987765669823,8.962987765669823,1.4223283033003302,6.301630745076478,2.0539623692383213e-07,25.61858441578178,True
306,8821.2,2394.2,5,8.961233481764793,8.961233481764793,8.961233481764793,1.3493364971352133,6.641214775402916,2.053560356737569e-07,25.618796942678085,True
1357,9307.2,2977.6,5,8.96063981950283,8.96063981950283,8.96063981950283,1.3244112773858308,6.765753185966261,2.0534243128225275e-07,25.618868872726978,True
207,8519.4,2350.2,5,8.960327968001366,8.960327968001366,8.960327968001366,1.503411019822009,5.95999886249483,2.0533528487900482e-07,25.618906659577526,True
953,9242.0,2714.0,5,8.953200206160545,8.953200206160545,8.953200206160545,1.3209616959999717,6.777789419081488,2.0517194476317855e-07,25.61977068473467,True
1493,9490.5,3098.5,4,8.94605702161789,8.94605702161789,8.94605702161789,1.0589975864514005,8.447665165692463,2.0500825122001277e-07,25.620637269798877,True
574,8994.4,2517.2,5,8.94188342988491,8.94188342988491,8.94188342988491,1.39269780233992,6.420548244465771,2.0491260900127702e-07,25.62114391501529,True
494,8702.25,2477.75,4,8.937536895275116,8.937536895275116,8.937536895275116,1.5546082889959179,5.749060363654464,2.0481300361567887e-07,25.621671805740853,True
918,9064.0,2692.4,5,8.931085929274559,8.931085929274559,8.931085929274559,1.4710413819191912,6.071267633288898,2.0466517298423328e-07,25.622455755093355,True
1386,7636.5,3008.5,4,8.928647220134735,8.928647220134735,8.928647220134735,1.1837212158552182,7.542863218586431,2.046092874142239e-07,25.622752265102807,True
2786,7977.8,3946.2,5,8.926406249403954,8.926406249403954,8.926406249403954,1.3360004526671616,6.681439539622517,2.0455793322662564e-07,25.623024804535206,True
2812,7941.8,3955.6,5,8.923716887831688,8.923716887831688,8.923716887831688,1.3228779966460318,6.745683963643282,2.0449630369402864e-07,25.623351966115692,True
2149,9276.8,3645.4,5,8.921213492751122,8.921213492751122,8.921213492751122,1.3205320011224617,6.755772283570581,2.044389357780474e-07,25.623656593439385,True
1563,7642.5,3177.5,4,8.9193794131279,8.9193794131279,8.9193794131279,1.184629978421752,7.529253501596278,2.0439690592565026e-07,25.62387982891893,True
1329,7488.8,2956.6,5,8.915634974837303,8.915634974837303,8.915634974837303,1.1977621341053435,7.443577252086658,2.0431109820679697e-07,25.624335726760094,True
2749,8181.75,3929.75,4,8.908671081066132,8.908671081066132,8.908671081066132,1.3322527020259534,6.686922884463839,2.0415151329913765e-07,25.62518411344673,True
550,8167.5,2506.0,4,8.908656775951385,8.908656775951385,8.908656775951385,1.498646816484358,5.9444671539422504,2.041511854824749e-07,25.62518585687101,True
3073,8542.4,4052.2,5,8.900638923048973,8.900638923048973,8.900638923048973,1.4649439669536946,6.075753833477723,2.039674479992361e-07,25.626163466981573,True
3488,8513.2,4250.4,5,8.896569594740868,8.896569594740868,8.896569594740868,1.3202542985394683,6.73852727052864,2.0387419508590583e-07,25.626659973739446,True
1588,9311.2,3202.8,5,8.891952380537987,8.891952380537987,8.891952380537987,1.3243387996105997,6.714258000409352,2.037683867943922e-07,25.627223604236093,True
2296,9410.4,3730.2,5,8.884795054793358,8.884795054793358,8.884795054793358,1.1165563805776249,7.957318778830508,2.0360436919079625e-07,25.62809788881918,True
2551,8927.0,3849.0,5,8.884200915694237,8.884200915694237,8.884200915694237,1.4906048296163519,5.96013157825393,2.0359075387207004e-07,25.62817049599765,True
2610,8758.5,3875.5,4,8.879829108715057,8.879829108715057,8.879829108715057,1.5012808620463114,5.9148353470725406,2.0349056934370104e-07,25.628704905048618,True
1064,9173.8,2775.8,5,8.874639853835106,8.874639853835106,8.874639853835106,1.3553632497929204,6.5477943681821245,2.0337165214191e-07,25.629339580416403,True
652,9147.2,2551.0,5,8.86747108399868,8.86747108399868,8.86747108399868,1.321771695319239,6.708776648343174,2.0320737228498387e-07,25.630216972447805,True
907,9091.2,2684.6,5,8.860321387648582,8.860321387648582,8.860321387648582,1.4247775432039766,6.218740202574982,2.0304352951694142e-07,25.63109273682892,True
3517,8160.2,4268.6,5,8.859863623976707,8.859863623976707,8.859863623976707,1.2967945611982163,6.832125834789392,2.030330393837334e-07,25.631148832246833,True
665,8123.0,2555.5,4,8.856436431407928,8.856436431407928,8.856436431407928,1.5789604104926473,5.609030076089529,2.02954501682328e-07,25.631568900442492,True
3046,7902.8,4043.6,5,8.854463919997215,8.854463919997215,8.854463919997215,1.289728658213602,6.865369598176951,2.0290929952076735e-07,25.63181074326463,True
1792,9232.4,3422.6,5,8.850784167647362,8.850784167647362,8.850784167647362,1.429699667263156,6.190659738062493,2.0282497414788597e-07,25.63226204904566,True
3316,8443.8,4148.6,5,8.850526675581932,8.850526675581932,8.850526675581932,1.3239919509507436,6.684728460189255,2.0281907344795646e-07,25.6322936363626,True
2925,8879.5,4000.5,4,8.84861296415329,8.84861296415329,8.84861296415329,1.1992480752232244,7.378467513909694,2.0277521874947e-07,25.632528425830778,True
2614,9031.2,3877.2,5,8.846808299422264,8.846808299422264,8.846808299422264,1.3475526678165612,6.565092786879152,2.0273386297008563e-07,25.63274988310083,True
190,8336.8,2336.2,5,8.846768721938133,8.846768721938133,8.846768721938133,1.4536585187787385,6.085864463801695,2.0273295601065201e-07,25.63275474031058,True
2399,9008.0,3779.5,4,8.846524894237518,8.846524894237518,8.846524894237518,1.307078704662312,6.768165423154872,2.027273684439306e-07,25.63278466493265,True
117,8373.833333333334,2145.0,6,8.845859557390213,8.845859557390213,8.845859557390213,1.4023618393930621,6.307829626352834,2.027121215543558e-07,25.63286632496053,True
959,9225.2,2717.4,5,8.844739779829979,8.844739779829979,8.844739779829979,1.3217935500596514,6.691468406265732,2.0268646068065198e-07,25.633003774576217,True
827,7931.75,2646.0,4,8.843039214611053,8.843039214611053,8.843039214611053,1.3674327069752623,6.466891693830919,2.026474904504405e-07,25.633212547563822,True
3001,8008.2,4027.6,5,8.841501101851463,8.841501101851463,8.841501101851463,1.3221462892288447,6.687233609382483,2.0261224298820538e-07,25.63340141136061,True
2294,7939.5,3729.5,4,8.837100684642792,8.837100684642792,8.837100684642792,1.3516449196582239,6.538034180513426,2.0251140282651086e-07,25.633941917044925,True
2726,8895.2,3921.8,5,8.835490092635155,8.835490092635155,8.835490092635155,1.422719360655159,6.210283164043282,2.024744944265178e-07,25.634139814238456,True
2656,8663.0,3894.75,4,8.83497017621994,8.83497017621994,8.83497017621994,1.6500387186483638,5.35440173395273,2.0246257999820529e-07,25.63420370528227,True
1271,9416.6,2908.2,5,8.828270301222801,8.828270301222801,8.828270301222801,1.2878796825673187,6.854887471804913,2.0230904535682787e-07,25.635027370363417,True
2388,8105.5,3774.5,4,8.828215301036835,8.828215301036835,8.828215301036835,1.5788889155255066,5.591410018923663,2.0230778497005474e-07,25.63503413452867,True
793,9170.5,2627.0,4,8.825744330883026,8.825744330883026,8.825744330883026,1.1840080918641414,7.454125011077824,2.022511601051757e-07,25.635338068810874,True
3302,9049.0,4140.5,6,8.821303397417068,8.821303397417068,8.821303397417068,1.3070874335642324,6.74882427211674,2.021493914710791e-07,25.6358845264873,True
2045,9166.5,3595.5,4,8.818303763866425,8.818303763866425,8.818303763866425,1.244071242749997,7.088262682106311,2.0208065173165732e-07,25.636253787633372,True
3451,8967.8,4222.4,5,8.817468985915184,8.817468985915184,8.817468985915184,1.168958291294808,7.543014196125363,2.0206152192200742e-07,25.636356572882207,True
985,9246.2,2729.4,5,8.817296370863914,8.817296370863914,8.817296370863914,1.3211577508897379,6.673916392592693,2.0205756626761022e-07,25.636377827989026,True
1449,9217.5,3060.5,4,8.814863383769989,8.814863383769989,8.814863383769989,1.3097176909197694,6.730353758587177,2.0200181182426593e-07,25.63667746027765,True
1918,9235.0,3519.0,5,8.81209121644497,8.81209121644497,8.81209121644497,1.3846384144437498,6.364182247525645,2.0193828471125758e-07,25.637018964811304,True
2607,9125.5,3874.5,4,8.811363399028778,8.811363399028778,8.811363399028778,1.1817438308593717,7.4562381194079075,2.019216060141131e-07,25.63710864277024,True
2182,7602.6,3665.2,5,8.809183940291405,8.809183940291405,8.809183940291405,1.2539529908810838,7.025130929431155,2.0187166143816467e-07,25.637377228895794,True
2734,8217.75,3922.0,4,8.806841552257538,8.806841552257538,8.806841552257538,1.357469068471903,6.487692247876676,2.018179831670178e-07,25.637665967750088,True
2830,8936.8,3962.8,5,8.804065570235252,8.804065570235252,8.804065570235252,1.3480943284415927,6.53074891310671,2.017543686362327e-07,25.63800825383329,True
211,8955.8,2350.4,5,8.796789035201073,8.796789035201073,8.796789035201073,1.3188018397210937,6.67028871984396,2.0158761922711387e-07,25.6389059827401,True
1714,9396.0,3337.6,5,8.794631347060204,8.794631347060204,8.794631347060204,1.3188356663584653,6.66848157916726,2.0153817354714907e-07,25.63917232622959,True
2102,9345.2,3625.6,5,8.7940324395895,8.7940324395895,8.7940324395895,1.3181237642114045,6.671628778994601,2.0152444895620192e-07,25.639246266527998,True
3230,9007.4,4110.2,5,8.792902812361717,8.792902812361717,8.792902812361717,1.2655925512052129,6.947656893198614,2.0149856236706678e-07,25.639385742470022,True
1251,9270.2,2890.4,5,8.78859506547451,8.78859506547451,8.78859506547451,1.3444852562790528,6.536773106606983,2.0139984584269064e-07,25.639917787792037,True
2281,8952.25,3721.0,4,8.788392722606659,8.788392722606659,8.788392722606659,1.5303386408348838,5.742776460125262,2.0139520894429117e-07,25.639942785360454,True
1923,9357.0,3522.0,5,8.786634787917137,8.786634787917137,8.786634787917137,1.3197912842131692,6.657594191611545,2.013549240326718e-07,25.64015998597004,True
1189,9442.0,2849.0,5,8.786544188857079,8.786544188857079,8.786544188857079,1.2099410375824386,7.2619606376962915,2.0135284786047437e-07,25.640171181062257,True
1628,7463.5,3247.5,4,8.785391509532928,8.785391509532928,8.785391509532928,1.0479139755896716,8.383695335859322,2.013264330084462e-07,25.640313624751787,True
1947,9239.0,3534.8,5,8.783488139510155,8.783488139510155,8.783488139510155,1.3674250697725907,6.4233780217082685,2.0128281529408887e-07,25.64054887683321,True
1121,9087.5,2811.0,4,8.783086478710175,8.783086478710175,8.783086478710175,1.3706218052660164,6.4081035665454875,2.012736108168551e-07,25.640598527682297,True
287,8799.6,2385.2,5,8.782877311110497,8.782877311110497,8.782877311110497,1.3582881688949011,6.466136945193462,2.0126881752258944e-07,25.64062438459952,True
1197,7820.0,2853.75,4,8.780320823192596,8.780320823192596,8.780320823192596,1.388337480436169,6.324341845495747,2.0121023292872343e-07,25.640940462740627,True
1320,9468.5,2948.5,4,8.779857337474823,8.779857337474823,8.779857337474823,1.0806505204394008,8.124603811697481,2.0119961166885032e-07,25.640997776877157,True
1692,9223.6,3309.8,5,8.776416644454002,8.776416644454002,8.776416644454002,1.4513675210442842,6.046998101582994,2.0112076459046946e-07,25.641423343832173,True
187,8058.8,2332.4,5,8.775346145033836,8.775346145033836,8.775346145033836,1.3193666537888642,6.651180791809021,2.0109623297687366e-07,25.64155578408824,True
1973,9043.75,3550.75,4,8.77430409193039,8.77430409193039,8.77430409193039,1.5404161641062923,5.6960607765506035,2.0107235324037077e-07,25.641684720536286,True
468,8964.5,2466.5,4,8.772039115428925,8.772039115428925,8.772039115428925,1.2153758630449996,7.217552513714959,2.0102044893543533e-07,25.64196502589395,True
3116,8185.25,4071.0,4,8.772034347057343,8.772034347057343,8.772034347057343,1.1837377256905215,7.410454323351285,2.0102033966321443e-07,25.641965616086836,True
1685,9425.6,3301.2,5,8.768962249159813,8.768962249159813,8.768962249159813,1.3054424648602192,6.71723380018801,2.009499393275104e-07,25.64234592377662,True
2681,8651.0,3902.5,4,8.768386542797089,8.768386542797089,8.768386542797089,1.651328690251383,5.309897777808408,2.0093674641421317e-07,25.642417207668956,True
249,8459.5,2368.5,4,8.766605079174042,8.766605079174042,8.766605079174042,1.4084713199686474,6.224198501513817,2.008959223124787e-07,25.64263781793229,True
428,7940.2,2443.6,5,8.760014399886131,8.760014399886131,8.760014399886131,1.3237919246584122,6.617365038048969,2.0074489000496026e-07,25.64345437465193,True
3085,8355.6,4055.6,5,8.759075030684471,8.759075030684471,8.759075030684471,1.4466085617398603,6.054903352811479,2.0072336337743966e-07,25.643570808460538,True
163,8751.2,2184.4,5,8.75624118745327,8.75624118745327,8.75624118745327,1.2450099143512712,7.033069445086166,2.006584228965489e-07,25.643922135971074,True
3475,8942.0,4245.5,6,8.755322962999344,8.755322962999344,8.755322962999344,1.2852638947746642,6.81208193787654,2.0063738082303293e-07,25.644035997819856,True
283,9021.5,2382.5,4,8.754515826702118,8.754515826702118,8.754515826702118,1.1799588803162104,7.419339752209031,2.0061888445078864e-07,25.644136094355435,True
2725,8601.5,3920.5,4,8.753308951854706,8.753308951854706,8.753308951854706,1.6631725265141233,5.263019207154017,2.0059122765167462e-07,25.64428578145079,True
1876,9102.75,3487.25,4,8.752278983592987,8.752278983592987,8.752278983592987,1.5200697432230086,5.757814088869043,2.0056762485195663e-07,25.644413543378796,True
782,8997.5,2620.5,4,8.751458823680878,8.751458823680878,8.751458823680878,1.3368662067214105,6.546248816583778,2.0054883002995894e-07,25.64451529048227,True
422,8349.0,2440.5,4,8.751115500926971,8.751115500926971,8.751115500926971,1.5945193239099893,5.488246752298984,2.0054096243005296e-07,25.64455788512429,True
2717,8882.8,3918.4,5,8.746810778975487,8.746810778975487,8.746810778975487,1.434704639770394,6.096593359017296,2.0044231522524196e-07,25.645092096149487,True
2397,8052.75,3779.75,4,8.746380507946014,8.746380507946014,8.746380507946014,1.4414551524066777,6.067743761117306,2.004324551146827e-07,25.645145506739585,True
3581,8864.5,2406.5,4,8.74231880903244,8.74231880903244,8.74231880903244,1.1892928536138465,7.350854570821291,2.0033937703690586e-07,25.645649824820957,True
1778,7513.0,3395.166666666667,6,8.740517646074295,8.740517646074295,8.740517646074295,1.342435153743867,6.510942164839913,2.0029810150430873e-07,25.64587353998826,True
639,8085.25,2547.0,4,8.737723052501678,8.737723052501678,8.737723052501678,1.4926854990451095,5.853693264985367,2.0023406047038638e-07,25.646220736424965,True
2475,9298.6,3816.8,5,8.736747607588768,8.736747607588768,8.736747607588768,1.23202110154519,7.091394454714465,2.0021170713021942e-07,25.646341950495408,True
446,7896.5,2455.5,4,8.736567676067352,8.736567676067352,8.736567676067352,1.1830357320864624,7.384872188652404,2.0020758381125826e-07,25.646364311239665,True
2123,7636.4,3635.6,5,8.733133181929588,8.733133181929588,8.733133181929588,1.317997494379399,6.626062051841554,2.0012887878676458e-07,25.646791216623882,True
3023,8254.5,4036.5,4,8.730283439159393,8.730283439159393,8.730283439159393,1.2522976970479334,6.971412196747999,2.0006357395131218e-07,25.647145565259596,True
2730,7805.8,3921.8,5,8.728651389479637,8.728651389479637,8.728651389479637,1.3176527269200053,6.624394433488357,2.00026173826325e-07,25.64734855306473,True
1039,8974.5,2762.5,4,8.726859748363495,8.726859748363495,8.726859748363495,1.6290186016364938,5.357127131388548,1.99985116496694e-07,25.64757143392078,True
1066,9116.5,2778.5,4,8.722105205059052,8.722105205059052,8.722105205059052,1.292364535739868,6.748951216048123,1.9987616116521797e-07,25.64816312287703,True
903,9102.25,2683.0,4,8.719879806041718,8.719879806041718,8.719879806041718,1.2595064078767324,6.923251641682104,1.9982516381971615e-07,25.648440178073987,True
577,9089.5,2518.5,4,8.719351470470428,8.719351470470428,8.719351470470428,1.1833138172868956,7.3685875573245445,1.998130564576386e-07,25.648505964581325,True
743,7561.8,2603.4,5,8.714228972792625,8.714228972792625,8.714228972792625,1.089143697770821,8.000991045192903,1.996956690669404e-07,25.649144006934783,True
1788,9204.2,3416.6,5,8.713669165968895,8.713669165968895,8.713669165968895,1.4779311848537484,5.895855812008712,1.996828405082048e-07,25.64921375746139,True
608,9131.666666666666,2535.0,6,8.712712317705154,8.712712317705154,8.712712317705154,1.4478072652838199,6.0178675205067185,1.996609133296994e-07,25.649332988732027,True
498,7988.5,2479.5,4,8.711773097515106,8.711773097515106,8.711773097515106,1.2593145514879498,6.917869000419049,1.9963939011693572e-07,25.649450036132997,True
3272,7984.4,4128.2,5,8.710657462477684,8.710657462477684,8.710657462477684,1.2753839255786175,6.829831619938148,1.996138241734738e-07,25.64958908508474,True
2545,7612.333333333333,3847.166666666667,6,8.70731833577156,8.70731833577156,8.70731833577156,1.223053725176574,7.119326123236714,1.9953730459339845e-07,25.65000536891054,True
3430,7983.2,4206.6,5,8.706340655684471,8.706340655684471,8.706340655684471,1.2073491960006204,7.211120597524295,1.9951490003187793e-07,25.65012728500743,True
2125,9173.75,3635.0,4,8.702221095561981,8.702221095561981,8.702221095561981,1.201104650688788,7.245181417432351,1.9942049600399542e-07,25.650641142007228,True
2751,8835.75,3929.25,4,8.70051258802414,8.70051258802414,8.70051258802414,1.2939600081216105,6.723942419715368,1.99381343767241e-07,25.65085432558282,True
1663,9506.4,3278.2,5,8.699492320418358,8.699492320418358,8.699492320418358,1.1550014739647025,7.532018370986268,1.993579632681974e-07,25.65098165215373,True
1861,9327.6,3473.8,5,8.699147090315819,8.699147090315819,8.699147090315819,1.3223809153253356,6.578397335820316,1.9935005195940303e-07,25.65102473929549,True
1892,9435.2,3496.6,5,8.6988495439291,8.6988495439291,8.6988495439291,1.250100358349074,6.958520958602959,1.9934323337281783e-07,25.65106187654657,True
772,9374.166666666666,2616.0,6,8.69825890660286,8.69825890660286,8.69825890660286,1.2465658665282489,6.977777219929794,1.9932969830087885e-07,25.6511355987207,True
3342,8778.4,4158.2,5,8.696919783949852,8.696919783949852,8.696919783949852,1.3197924303798994,6.589611808461776,1.9929901090501286e-07,25.65130276388476,True
3120,8695.5,4071.5,4,8.696862399578094,8.696862399578094,8.696862399578094,1.2420677744423967,7.001922583075138,1.9929769588212928e-07,25.65130992785742,True
3271,8621.5,4126.5,4,8.695964992046356,8.695964992046356,8.695964992046356,1.2043396363741805,7.22052544764422,1.9927713085015274e-07,25.651421968048076,True
130,8085.4,2152.8,5,8.695186004042625,8.695186004042625,8.695186004042625,1.1361612091458528,7.653126980615297,1.9925927952548754e-07,25.65151923308585,True
461,8768.5,2461.5,4,8.693958938121796,8.693958938121796,8.693958938121796,1.3659504962312894,6.364768680935925,1.992311600268131e-07,25.651672463150067,True
3317,8887.8,4149.2,5,8.69240890443325,8.69240890443325,8.69240890443325,1.2761530708341993,6.811415576307921,1.9919563938402567e-07,25.651866054786222,True
512,9069.6,2486.2,5,8.691594943404198,8.691594943404198,8.691594943404198,1.32243225537569,6.572431145771623,1.991769866159152e-07,25.65196772836693,True
3573,8336.2,4354.4,5,8.689365729689598,8.689365729689598,8.689365729689598,1.2983318420540033,6.692715566416933,1.9912590185263664e-07,25.652246232886547,True
968,9192.2,2722.2,5,8.684120044112206,8.684120044112206,8.684120044112206,1.3235274701206974,6.561344770063797,1.9900569148240622e-07,25.65290187919695,True
1472,9277.5,3080.5,4,8.68276709318161,8.68276709318161,8.68276709318161,1.2224511499130999,7.102751789958102,1.9897468719709956e-07,25.6530710457033,True
933,9137.5,2699.5,4,8.67749708890915,8.67749708890915,8.67749708890915,1.219784840992913,7.113957148250513,1.9885391953854245e-07,25.653730233208005,True
3245,8196.2,4116.4,5,8.675387725234032,8.675387725234032,8.675387725234032,1.3215889385209274,6.564361634974941,1.988055812642415e-07,25.65399419076283,True
1054,7862.5,2771.5,4,8.674589812755585,8.674589812755585,8.674589812755585,1.4301196816598851,6.065639067834743,1.9878729626544954e-07,25.654094055153408,True
2457,9147.4,3808.2,5,8.669651851058006,8.669651851058006,8.669651851058006,1.3237438106222434,6.549342691153147,1.9867413770970084e-07,25.65471228038822,True
1318,7631.5,2947.5,4,8.668793380260468,8.668793380260468,8.668793380260468,1.1824990222420684,7.330909554431654,1.9865446495370324e-07,25.654819795544736,True
2927,7815.0,4002.166666666667,6,8.665172129869461,8.665172129869461,8.665172129869461,1.309901225692636,6.615133996296233,1.9857148021438222e-07,25.65527343931262,True
450,7808.5,2456.5,4,8.662594020366669,8.662594020366669,8.662594020366669,1.1785251801826921,7.350368211075316,1.9851240013928945e-07,25.655596521563776,True
2906,8239.5,3993.5,4,8.660646140575409,8.660646140575409,8.660646140575409,1.2864423961198843,6.732245584176408,1.98467762437045e-07,25.655840688775125,True
307,9220.5,2393.5,6,8.657215625047684,8.657215625047684,8.657215625047684,1.1995080710250852,7.217305022090707,1.9838914858656063e-07,25.656270838294574,True
349,8624.25,2414.0,4,8.655684173107147,8.655684173107147,8.655684173107147,1.5082609423284612,5.738850572994655,1.983540537639591e-07,25.656462920827412,True
397,9273.4,2429.2,5,8.652181014418602,8.652181014418602,8.652181014418602,1.0847931855027058,7.975880684030183,1.982737752194842e-07,25.656902432717512,True
573,9071.0,2515.75,4,8.648509681224823,8.648509681224823,8.648509681224823,1.1841048307269184,7.303837850163594,1.9818964278036786e-07,25.65736323506329,True
1603,9452.0,3221.8,5,8.648324355483055,8.648324355483055,8.648324355483055,1.2542579258654205,6.8951721788130875,1.981853958472068e-07,25.657386501155464,True
662,9182.8,2555.6,5,8.644729003310204,8.644729003310204,8.644729003310204,1.3200340414272629,6.548868235218576,1.9810300459263563e-07,25.65783796614527,True
3235,8377.5,4111.5,4,8.64277046918869,8.64277046918869,8.64277046918869,1.2191099915281405,7.089409921376394,1.9805812273527257e-07,25.65808397643918,True
3526,8066.2,4282.2,5,8.642180308699608,8.642180308699608,8.642180308699608,1.2463964651708892,6.9337330056650215,1.9804459859055565e-07,25.65815811707378,True
3080,7815.166666666667,4054.3333333333335,6,8.637895613908768,8.637895613908768,8.637895613908768,1.2453797310552723,6.935953266711229,1.9794641032907253e-07,25.658696546230793,True
2989,8983.0,4023.0,5,8.637337550520897,8.637337550520897,8.637337550520897,1.320648674804293,6.540223539618411,1.9793362172299268e-07,25.658766694010477,True
2626,9134.8,3880.6,5,8.633093222975731,8.633093222975731,8.633093222975731,1.320486686455999,6.537811635303755,1.9783635851915475e-07,25.659300348351106,True
1982,9260.2,3556.4,5,8.632434710860252,8.632434710860252,8.632434710860252,1.3257815930282766,6.511204225684357,1.9782126802544617e-07,25.65938316892261,True
416,8293.0,2438.5,4,8.623758018016815,8.623758018016815,8.623758018016815,1.4858913800116327,5.803760714965115,1.9762243253603358e-07,25.66047502046827,True
549,9167.4,2504.8,5,8.623675212264061,8.623675212264061,8.623675212264061,1.3180159947077001,6.542921517562126,1.9762053495562222e-07,25.660485445811275,True
1977,7899.0,3553.5,4,8.621039092540741,8.621039092540741,8.621039092540741,1.513655382913537,5.695509816736926,1.975601255156669e-07,25.66081738875859,True
323,7937.8,2405.8,5,8.619953498244286,8.619953498244286,8.619953498244286,1.3204120760794844,6.528229826432906,1.9753524798719675e-07,25.660954117433196,True
157,8907.4,2179.2,5,8.618721351027489,8.618721351027489,8.618721351027489,1.1578426324970528,7.443776130820115,1.9750701204531188e-07,25.661109325052905,True
1301,9261.25,2928.0,4,8.616810977458954,8.616810977458954,8.616810977458954,1.228078908534605,7.016496185689641,1.9746323383738008e-07,25.661350009438735,True
1691,7443.333333333333,3310.833333333333,6,8.61556389927864,8.61556389927864,8.61556389927864,1.2470379676012138,6.908822444156555,1.9743465573685346e-07,25.661507155269486,True
3286,8990.6,4134.2,5,8.61060605943203,8.61060605943203,8.61060605943203,1.247017896861688,6.904957884808183,1.973210416525338e-07,25.662132123719278,True
558,9137.6,2508.8,5,8.61033807694912,8.61033807694912,8.61033807694912,1.3198103433850925,6.523920743691889,1.9731490055371827e-07,25.662165914930917,True
364,8682.25,2418.0,4,8.604471862316132,8.604471862316132,8.604471862316132,1.4234613534863507,6.044752701744943,1.9718047011131398e-07,25.662905878007006,True
1604,9246.75,3223.0,4,8.599920928478241,8.599920928478241,8.599920928478241,1.2626173526678783,6.811185439758789,1.970761807036711e-07,25.663480279418152,True
880,9210.5,2669.5,4,8.597420394420624,8.597420394420624,8.597420394420624,1.1823274794326861,7.271606677488294,1.970188783510224e-07,25.663796016638894,True
2374,9296.2,3771.8,5,8.5930784791708,8.5930784791708,8.5930784791708,1.262601854014162,6.805849723609241,1.9691937882288826e-07,25.664344479451945,True
2106,7884.25,3627.75,4,8.592499434947968,8.592499434947968,8.592499434947968,1.3900751898864978,6.181319900867781,1.9690610941903639e-07,25.664417644204423,True
1100,9173.5,2798.5,4,8.590939223766327,8.590939223766327,8.590939223766327,1.2341497178875085,6.961018666739575,1.9687035554835243e-07,25.664614808206956,True
693,7609.5,2570.8333333333335,6,8.59089806675911,8.59089806675911,8.59089806675911,1.2199903658617839,7.041775334586861,1.9686941239249567e-07,25.66462000970573,True
1834,9428.6,3457.8,5,8.586791381239891,8.586791381239891,8.586791381239891,1.274687068306046,6.736391695454342,1.9677530339960963e-07,25.66513914555904,True
112,8223.8,2140.2,5,8.586562976241112,8.586562976241112,8.586562976241112,1.1963865609375506,7.177080766865381,1.967700692602277e-07,25.66516802606443,True
1822,9131.75,3448.75,4,8.584759414196014,8.584759414196014,8.584759414196014,1.4944117572247375,5.744574326783079,1.9672873875004444e-07,25.665396103153956,True
3062,9137.5,4046.5,4,8.582441985607147,8.582441985607147,8.582441985607147,1.0767305192364773,7.970835629042131,1.966756324506789e-07,25.665689233767104,True
2379,8122.0,3772.25,4,8.580943763256073,8.580943763256073,8.580943763256073,1.6207670596024546,5.294372015038871,1.966412991188669e-07,25.665878785441496,True
1992,7613.0,3561.2,5,8.577436313033104,8.577436313033104,8.577436313033104,1.3178445424961975,6.508685991737795,1.965609222293932e-07,25.666322669506258,True
3564,8511.6,4341.2,5,8.576191768050194,8.576191768050194,8.576191768050194,1.3183414368549318,6.505288788092537,1.9653240217973394e-07,25.66648021606637,True
759,9131.4,2611.4,5,8.573232039809227,8.573232039809227,8.573232039809227,1.3400573224128223,6.397660679449748,1.9646457691221094e-07,25.66685497899431,True
2494,8886.75,3824.75,4,8.570693671703339,8.570693671703339,8.570693671703339,1.4459302042811486,5.927460154250185,1.964064075527844e-07,25.667176492073644,True
1463,9136.5,3072.5,4,8.56840294599533,8.56840294599533,8.56840294599533,1.5495899804420354,5.529464602985566,1.9635391317785605e-07,25.667466720188536,True
3436,8387.8,4208.6,5,8.564951285719872,8.564951285719872,8.564951285719872,1.3207285356811351,6.485020240213631,1.9627481477336704e-07,25.667904181823612,True
943,9025.5,2708.0,4,8.564610183238983,8.564610183238983,8.564610183238983,1.3954334183313002,6.137598591755666,1.9626699805333892e-07,25.667947422546824,True
2773,9023.2,3938.8,5,8.563265666365623,8.563265666365623,8.563265666365623,1.323374386189961,6.47078087329433,1.96236187043273e-07,25.66811788042066,True
538,8781.5,2501.5,4,8.561937034130096,8.561937034130096,8.561937034130096,1.4584594984881103,5.87053465866258,1.96205740046293e-07,25.668286350732984,True
3123,8953.6,4072.6,5,8.561786517500877,8.561786517500877,8.561786517500877,1.3190855949205322,6.490698215847531,1.9620229080034464e-07,25.668305437861232,True
1248,9283.6,2888.6,5,8.55962024629116,8.55962024629116,8.55962024629116,1.325748654247431,6.456442719264972,1.961526484303822e-07,25.66858018153466,True
2486,8880.25,3821.0,4,8.559524238109589,8.559524238109589,8.559524238109589,1.4717375947544948,5.815930957133313,1.961504483025092e-07,25.66859235966176,True
2552,7939.4,3850.6,5,8.554933413863182,8.554933413863182,8.554933413863182,1.386210620432253,6.171452799283526,1.960452447644432e-07,25.669174840779764,True
2277,9059.5,3716.5,4,8.551066100597382,8.551066100597382,8.551066100597382,1.3082181628272522,6.53642209195236,1.959566212370472e-07,25.66966576586085,True
313,7876.2,2399.6,5,8.549543723464012,8.549543723464012,8.549543723464012,1.3114134445814096,6.519335117990149,1.9592173437314108e-07,25.669859080601363,True
2640,9282.4,3885.8,5,8.545362815260887,8.545362815260887,8.545362815260887,1.2185727408982794,7.012599681953835,1.9582592448984134e-07,25.670390158497007,True
614,8980.2,2537.2,5,8.544890269637108,8.544890269637108,8.544890269637108,1.4308877295798175,5.971740544694117,1.958150956127485e-07,25.67045019972515,True
1676,7791.5,3292.0,4,8.536754310131073,8.536754310131073,8.536754310131073,1.5815734292387071,5.397633870366836,1.9562865159318786e-07,25.671484468577063,True
1840,7853.5,3460.5,4,8.536493957042694,8.536493957042694,8.536493957042694,1.5524386013395604,5.498764298746996,1.9562268532992582e-07,25.671517581757364,True
368,8638.25,2418.25,4,8.535551726818085,8.535551726818085,8.535551726818085,1.5035764384307415,5.676832589719551,1.9560109313907267e-07,25.6716374283754,True
3244,8523.4,4116.0,5,8.534559592604637,8.534559592604637,8.534559592604637,1.3543291681202463,6.301687797546484,1.955783573461325e-07,25.671763636812663,True
2400,9332.0,3779.5,6,8.532981902360916,8.532981902360916,8.532981902360916,1.3004277804726423,6.561673035975587,1.9554220292446376e-07,25.671964363487078,True
805,7560.0,2633.5,6,8.529771834611893,8.529771834611893,8.529771834611893,1.2193190520675958,6.995520836115849,1.9546864086534266e-07,25.67237288919983,True
3018,8265.75,4035.0,4,8.528789222240448,8.528789222240448,8.528789222240448,1.2629374675572156,6.753136589364876,1.9544612327536865e-07,25.672497971007676,True
1979,9154.2,3554.0,5,8.518706187605858,8.518706187605858,8.518706187605858,1.457827681049777,5.843424636766099,1.952150599932508e-07,25.67378232589618,True
797,9260.6,2629.2,5,8.514208182692528,8.514208182692528,8.514208182692528,1.3180701058673976,6.4596019170691115,1.9511198350726013e-07,25.674355762337054,True
1332,7469.6,2957.8,5,8.510728225111961,8.510728225111961,8.510728225111961,1.1698323067270764,7.275169420583908,1.9503223664043513e-07,25.674799619030363,True
2409,7591.0,3783.833333333333,6,8.509584933519363,8.509584933519363,8.509584933519363,1.2422032612905145,6.850396548370697,1.950060369180919e-07,25.67494548157296,True
1368,9467.2,2986.4,5,8.50767694413662,8.50767694413662,8.50767694413662,1.2215176847814833,6.964841401914335,1.9496231334627056e-07,25.67518894884457,True
3217,8520.5,4106.0,4,8.498803794384003,8.498803794384003,8.498803794384003,1.2246891081333209,6.939560201803325,1.947589758413562e-07,25.67632191702993,True
383,9220.0,2424.3333333333335,6,8.496992617845535,8.496992617845535,8.496992617845535,1.2345530188579752,6.882646988871882,1.9471747083709515e-07,25.676553322478757,True
3459,8913.5,4227.5,4,8.496825873851776,8.496825873851776,8.496825873851776,1.0724693475884106,7.922674799944646,1.9471364972411997e-07,25.67657462904868,True
2553,8185.5,3851.5,4,8.496367156505585,8.496367156505585,8.496367156505585,1.4905704989449078,5.70007736133225,1.9470313773646777e-07,25.676633246170223,True
779,9322.4,2619.0,5,8.494145259261131,8.494145259261131,8.494145259261131,1.20889506303615,7.026371038300062,1.946522206377532e-07,25.67691721574527,True
382,7976.2,2423.4,5,8.493205413222313,8.493205413222313,8.493205413222313,1.323578464095035,6.416850714649047,1.9463068308301053e-07,25.677037355123325,True
2174,9213.4,3661.8,5,8.492582187056541,8.492582187056541,8.492582187056541,1.3226947361817998,6.420666805987247,1.946164012037367e-07,25.67711702869845,True
1082,9269.5,2787.5,4,8.488268077373505,8.488268077373505,8.488268077373505,1.1826028826826194,7.177614904944842,1.945175388692408e-07,25.677668707218903,True
1414,7522.4,3031.8,5,8.486427173018456,8.486427173018456,8.486427173018456,1.251042451038266,6.783484577981661,1.9447535262097746e-07,25.6779042032306,True
2746,7971.8,3928.6,5,8.486309871077538,8.486309871077538,8.486309871077538,1.346257340901936,6.303631269629375,1.944726645243429e-07,25.677919210705685,True
3374,8160.2,4173.6,5,8.48351465165615,8.48351465165615,8.48351465165615,1.3183157406313593,6.435115951504365,1.9440860914844156e-07,25.678276889236706,True
3014,8707.0,4033.75,4,8.482121169567108,8.482121169567108,8.482121169567108,1.2768371210898846,6.643072189448037,1.9437667604925712e-07,25.678455244351017,True
2221,9249.4,3684.2,5,8.481664046645164,8.481664046645164,8.481664046645164,1.3205324280622468,6.422912354444172,1.943662005995038e-07,25.678513758992672,True
2882,8984.8,3985.6,5,8.480735167860985,8.480735167860985,8.480735167860985,1.32261135690418,6.412114279520279,1.943449143708692e-07,25.67863267110104,True
2015,7887.5,3579.5,4,8.477370917797089,8.477370917797089,8.477370917797089,1.455144231714544,5.82579426357517,1.9426781906277992e-07,25.67906346073353,True
875,8993.5,2666.0,4,8.47635143995285,8.47635143995285,8.47635143995285,1.4022263451851658,6.044923823502644,1.9424445666194793e-07,25.679194037840247,True
2949,8496.25,4008.25,4,8.476249396800995,8.476249396800995,8.476249396800995,1.3834908887383195,6.12671139781119,1.9424211823642032e-07,25.679207108630443,True
3281,7873.166666666667,4133.166666666666,6,8.475988894701004,8.475988894701004,8.475988894701004,1.2620319318230437,6.7161445609836345,1.9423614855840136e-07,25.67924047726962,True
1381,7473.2,2999.8,5,8.47449479997158,8.47449479997158,8.47449479997158,1.1847587044706553,7.152928919613167,1.9420190981535558e-07,25.6794318809811,True
971,7848.6,2722.8,5,8.468153342604637,8.468153342604637,8.468153342604637,1.5079224892490255,5.615774950622257,1.9405658868875848e-07,25.680244640606137,True
1016,7861.0,2749.5,4,8.46336716413498,8.46336716413498,8.46336716413498,1.4016787533811295,6.038022010192881,1.939469084043918e-07,25.680858469397627,True
2702,8952.8,3911.4,5,8.463194712996483,8.463194712996483,8.463194712996483,1.391535723987007,6.081909768545407,1.9394295650622723e-07,25.680880592785233,True
2733,8046.0,3922.4,5,8.460955485701561,8.460955485701561,8.460955485701561,1.423446416594114,5.943992964586698,1.9389164227128475e-07,25.681167899400975,True
947,7957.25,2710.25,4,8.460383117198944,8.460383117198944,8.460383117198944,1.5630371385357593,5.412784449334686,1.9387852584854216e-07,25.681241349997357,True
334,8880.5,2408.5,4,8.458836257457733,8.458836257457733,8.458836257457733,1.1846946485256524,7.14009830970767,1.9384307794007678e-07,25.681439879443925,True
2722,8763.0,3918.25,4,8.457056701183319,8.457056701183319,8.457056701183319,1.3614594117516257,6.211758226639048,1.938022975472307e-07,25.68166831889875,True
2872,8072.0,3983.5,4,8.454322516918182,8.454322516918182,8.454322516918182,1.2172891600262743,6.9452047997664765,1.9373964085575705e-07,25.682019396458386,True
1936,9161.0,3530.5,4,8.453974902629852,8.453974902629852,8.453974902629852,1.3206383959155903,6.401430496626418,1.9373167491085223e-07,25.682064039323226,True
3155,9127.0,4081.5,6,8.45080378651619,8.45080378651619,8.45080378651619,1.2794563599459619,6.60499572402228,1.9365900546918573e-07,25.68247137924501,True
3056,8074.4,4047.0,5,8.44767127931118,8.44767127931118,8.44767127931118,1.322046491507456,6.389844331176865,1.9358722079103298e-07,25.682873909829556,True
1871,9462.8,3482.2,5,8.44022499024868,8.44022499024868,8.44022499024868,1.202965427391619,7.016182508710626,1.934165812908495e-07,25.68383136551511,True
821,8888.5,2643.5,4,8.439556777477264,8.439556777477264,8.439556777477264,1.6704468306240114,5.052275009749689,1.9340126849646646e-07,25.683917326673704,True
982,9334.8,2726.6,5,8.438378676772118,8.438378676772118,8.438378676772118,1.3074394456457044,6.454125814297013,1.9337427108691056e-07,25.684068898125556,True
2898,8834.5,3991.0,4,8.437092006206512,8.437092006206512,8.437092006206512,1.2245213242102941,6.890114397679172,1.9334478568547465e-07,25.684234462078773,True
1944,7528.6,3534.2,5,8.434438094496727,8.434438094496727,8.434438094496727,1.1999503547167407,7.028989208880857,1.9328396852354502e-07,25.684576037268947,True
2842,8949.5,3967.0,4,8.431635081768036,8.431635081768036,8.431635081768036,1.1930738091925008,7.06715294293046,1.9321973455585758e-07,25.684936919425468,True
3472,8660.0,4240.8,5,8.427440032362938,8.427440032362938,8.427440032362938,1.3191096364045156,6.3887335819435975,1.931236006121277e-07,25.685477247656173,True
831,7974.75,2648.75,4,8.426495254039764,8.426495254039764,8.426495254039764,1.4440741072832133,5.83522356057808,1.931019500289315e-07,25.685598973533793,True
2993,8492.25,4025.0,4,8.424331367015839,8.424331367015839,8.424331367015839,1.3500004727718022,6.240243271707245,1.930523622950795e-07,25.685877821634318,True
3618,8980.5,3830.5,4,8.423496901988983,8.423496901988983,8.423496901988983,1.292926512483523,6.515062395780466,1.930332396564191e-07,25.685985373643696,True
3015,8746.4,4034.2,5,8.42149768769741,8.42149768769741,8.42149768769741,1.3802151302590193,6.101583371366885,1.9298742557042133e-07,25.686243090478932,True
2104,9202.4,3626.8,5,8.417441233992577,8.417441233992577,8.417441233992577,1.3244508075294403,6.355420062519363,1.9289446769208752e-07,25.686766192172684,True
1481,9166.5,3086.5,4,8.416897475719452,8.416897475719452,8.416897475719452,1.425237161671881,5.905611853290417,1.928820069026704e-07,25.686836331909582,True
2126,9189.0,3634.2,5,8.416581973433495,8.416581973433495,8.416581973433495,1.326734127591183,6.343834682774484,1.9287477683787831e-07,25.686877030834086,True
1029,7525.5,2758.5,4,8.41603821516037,8.41603821516037,8.41603821516037,1.058543654231876,7.950582086543613,1.9286231604846122e-07,25.686947177731877,True
1956,7863.75,3543.0,4,8.415715873241425,8.415715873241425,8.415715873241425,1.4482044352062293,5.811138033176233,1.9285492924632726e-07,25.6869887632125,True
739,9200.5,2598.5,4,8.41498202085495,8.41498202085495,8.41498202085495,1.1814810638455002,7.122401093307205,1.9283811225152819e-07,25.687083443790865,True
682,8067.5,2563.5,4,8.413594901561737,8.413594901561737,8.413594901561737,1.4850714798138638,5.665447768626115,1.9280632496246352e-07,25.687262430480864,True
177,7883.0,2327.0,5,8.412126407027245,8.412126407027245,8.412126407027245,1.175253419697135,7.157712767340907,1.9277267287465377e-07,25.687451949569812,True
1273,9378.75,2909.0,4,8.409402549266815,8.409402549266815,8.409402549266815,1.1796446743191507,7.128758966440827,1.927102528258336e-07,25.68780356933287,True
1599,9359.5,3213.5,4,8.408972918987274,8.408972918987274,8.408972918987274,1.1816367510316077,7.1163772721574245,1.9270040739872897e-07,25.687859040225423,True
2902,8759.5,3991.5,4,8.408209025859833,8.408209025859833,8.408209025859833,1.2691055977108856,6.6253029228032005,1.9268290198893814e-07,25.6879576758266,True
1117,9236.6,2807.8,5,8.4030150026083,8.4030150026083,8.4030150026083,1.3246264973286825,6.343686329357218,1.9256387551492618e-07,25.688628577512574,True
3313,8660.4,4145.8,5,8.401816233992577,8.401816233992577,8.401816233992577,1.3239417848707082,6.34606168488977,1.9253640447858773e-07,25.688783478977648,True
701,8879.75,2573.75,4,8.399467170238495,8.399467170238495,8.399467170238495,1.5033527049176467,5.587156721614849,1.9248257322633157e-07,25.689087082401304,True
1147,9254.5,2826.5,4,8.395833194255829,8.395833194255829,8.395833194255829,1.1847023372078493,7.0868714702154145,1.9239929686677098e-07,25.68955692089988,True
436,8999.5,2448.5,4,8.39522236585617,8.39522236585617,8.39522236585617,1.1841933135828184,7.089401932574784,1.9238529909527155e-07,25.6896359151604,True
1418,9499.8,3035.4,5,8.391809806227684,8.391809806227684,8.391809806227684,1.167886893855788,7.185464491790002,1.9230709672299408e-07,25.69007734394336,True
2291,7971.5,3727.5,4,8.391263663768768,8.391263663768768,8.391263663768768,1.387206276114837,6.049038133874558,1.9229458129746654e-07,25.69014800640478,True
2083,9157.4,3616.8,5,8.389547690749168,8.389547690749168,8.389547690749168,1.3797731712669263,6.080381808732933,1.9225525798139122e-07,25.6903700569363,True
2185,9327.5,3664.5,4,8.38652914762497,8.38652914762497,8.38652914762497,1.1785763504792492,7.115813196331931,1.9218608490931836e-07,25.690760773028323,True
1511,7588.6,3118.4,5,8.38213001191616,8.38213001191616,8.38213001191616,1.318703292530217,6.356342673440388,1.9208527411453323e-07,25.69133044302672,True
62,8744.4,2082.2,5,8.380326613783836,8.380326613783836,8.380326613783836,1.1107533069316609,7.544723532656956,1.9204394736058255e-07,25.6915640620833,True
1267,7550.0,2905.0,5,8.379656657576561,8.379656657576561,8.379656657576561,1.2679488100615113,6.608828835266657,1.9202859461354375e-07,25.69165086356734,True
1639,9524.0,3255.0,5,8.378446444869041,8.378446444869041,8.378446444869041,1.126583498060682,7.437039916962948,1.920008613238751e-07,25.691807679854513,True
27,8435.2,2043.8,5,8.377721175551414,8.377721175551414,8.377721175551414,1.1660334044239937,7.184803748988569,1.9198424101907368e-07,25.691901669264823,True
264,8134.8,2372.4,5,8.377285346388817,8.377285346388817,8.377285346388817,1.3355804888108367,6.272392728533879,1.9197425353808188e-07,25.69195815333726,True
2133,9087.25,3639.0,4,8.373600661754608,8.373600661754608,8.373600661754608,1.3213833173772316,6.336995897886074,1.9188981513674698e-07,25.692435811124803,True
2268,7918.5,3710.5,4,8.370878875255585,8.370878875255585,8.370878875255585,1.3522726426947524,6.190230143659822,1.9182744255304775e-07,25.692788780252698,True
3280,8172.0,4132.5,4,8.369620501995087,8.369620501995087,8.369620501995087,1.1806086009964178,7.089242357654551,1.9179860561394783e-07,25.692952008526817,True
2248,9328.2,3695.8,5,8.368351802229881,8.368351802229881,8.368351802229881,1.2805839328975148,6.534793688450565,1.9176953203219448e-07,25.693116601136442,True
1415,9485.5,3032.5,4,8.364949882030487,8.364949882030487,8.364949882030487,1.0677734517713768,7.834011857246965,1.9169157347355993e-07,25.693558066669873,True
2524,7784.25,3836.0,4,8.35851639509201,8.35851639509201,8.35851639509201,1.180351704757157,7.081377831204703,1.9154414339309915e-07,25.694393428181748,True
100,8655.25,2131.0,4,8.356616199016571,8.356616199016571,8.356616199016571,1.1153558944802824,7.492331587049592,1.9150059841306386e-07,25.69464028373883,True
2683,8163.5,3903.5,4,8.354977309703827,8.354977309703827,8.354977309703827,1.3594017583828386,6.146069223599514,1.914630415507348e-07,25.694853237873602,True
1502,9390.5,3110.5,4,8.35364693403244,8.35364693403244,8.35364693403244,1.1800038817422036,7.079338520224858,1.9143255460109904e-07,25.695026135057034,True
2161,9116.0,3653.5,4,8.353105247020721,8.353105247020721,8.353105247020721,1.2655327711948956,6.6004653827603805,1.9142014127680291e-07,25.69509654122505,True
2237,7816.4,3691.8,5,8.352818831801414,8.352818831801414,8.352818831801414,1.388685859287353,6.0149088261674395,1.9141357777255842e-07,25.69513377009928,True
768,9387.0,2613.5,6,8.347069770097733,8.347069770097733,8.347069770097733,1.229095025761705,6.791232244166651,1.9128183201203176e-07,25.695881315766258,True
3359,8521.5,4166.5,4,8.343890368938446,8.343890368938446,8.343890368938446,1.183284491522883,7.051466007299638,1.9120897270988143e-07,25.69629495176575,True
2466,9096.0,3813.25,4,8.343684375286102,8.343684375286102,8.343684375286102,1.2015851202762393,6.94389788496043,1.912042521499378e-07,25.696321756711317,True
2360,9082.8,3763.4,5,8.341707095503807,8.341707095503807,8.341707095503807,1.3958121455433186,5.976239082127205,1.9115894071615626e-07,25.696579084117793,True
1711,9454.5,3333.5,4,8.341015994548798,8.341015994548798,8.341015994548798,1.1144782537790563,7.484233959940857,1.9114310341511286e-07,25.69666903985516,True
3239,8935.2,4113.6,5,8.338892325758934,8.338892325758934,8.338892325758934,1.3089173837032628,6.370831673245923,1.9109443732414916e-07,25.696945509492792,True
3326,8493.75,4152.0,4,8.338835418224335,8.338835418224335,8.338835418224335,1.1839664584433613,7.04313484453601,1.9109313322848765e-07,25.696952918963866,True
988,7833.0,2731.25,4,8.335133254528046,8.335133254528046,8.335133254528046,1.3297735154926509,6.268084871159483,1.9100829427616794e-07,25.69743505651683,True
1109,9461.8,2802.8,5,8.33178935945034,8.33178935945034,8.33178935945034,1.154458605073021,7.217053364094717,1.9093166542387168e-07,25.697870720386348,True
526,9305.6,2494.2,5,8.331100329756737,8.331100329756737,8.331100329756737,1.1126554798401802,7.487583066551203,1.9091587558794922e-07,25.697960513273284,True
1705,7583.5,3324.5,4,8.32968920469284,8.32968920469284,8.32968920469284,1.1790491643842238,7.064751374505359,1.9088353818154737e-07,25.698144431276905,True
2298,9364.333333333334,3730.666666666667,6,8.328743487596512,8.328743487596512,8.328743487596512,1.2896545289716266,6.458119830151623,1.908618660853827e-07,25.698267708095443,True
597,8986.5,2529.5,4,8.327452838420868,8.327452838420868,8.327452838420868,1.2655313542904132,6.580202703148428,1.9083228950993746e-07,25.698435970346083,True
1523,9307.5,3128.5,4,8.326193988323212,8.326193988323212,8.326193988323212,1.1848005060819657,7.0275071166682945,1.9080344164361545e-07,25.698600112067616,True
2825,8261.25,3961.75,4,8.321687400341034,8.321687400341034,8.321687400341034,1.340301285219812,6.208818488878984,1.907001684676271e-07,25.69918793050979,True
686,7589.0,2566.5,6,8.320280104875565,8.320280104875565,8.320280104875565,1.1941211764212147,6.967701661410505,1.906679188204777e-07,25.699371556831714,True
45,8314.2,2056.0,5,8.319866999983788,8.319866999983788,8.319866999983788,1.16594166716069,7.135748926654617,1.906584520899137e-07,25.699425465362044,True
2186,7620.0,3666.4,5,8.319214686751366,8.319214686751366,8.319214686751366,1.282751417129429,6.485445718990745,1.906435036500923e-07,25.699510595071363,True
1938,9220.2,3530.2,5,8.319086894392967,8.319086894392967,8.319086894392967,1.3956985673841926,5.960518330247007,1.9064057515457172e-07,25.69952727331097,True
2885,8188.5,3987.5,4,8.31621378660202,8.31621378660202,8.31621378660202,1.260211029412913,6.599064436435099,1.9057473488523685e-07,25.699902311579244,True
2415,8875.75,3784.75,4,8.314996421337128,8.314996421337128,8.314996421337128,1.5936816131909943,5.21747653515823,1.905468376872368e-07,25.700061258225745,True
3427,8371.75,4204.0,4,8.313307464122772,8.313307464122772,8.313307464122772,1.1813916567601352,7.036876734783536,1.9050813346658813e-07,25.700281817341676,True
3145,8842.2,4077.8,5,8.30973707139492,8.30973707139492,8.30973707139492,1.3215175269380643,6.2880263802845295,1.904263141837983e-07,25.700748218631905,True
539,8815.0,2501.5,4,8.30946797132492,8.30946797132492,8.30946797132492,1.396694288174758,5.9493820814460285,1.90420147474306e-07,25.70078337936167,True
593,8014.5,2527.0,4,8.308438003063202,8.308438003063202,8.308438003063202,1.3361973030868972,6.217972438553019,1.9039654467458802e-07,25.700917965973808,True
1400,9266.5,3022.5,4,8.303329646587372,8.303329646587372,8.303329646587372,1.236239622167788,6.716602103423285,1.9027948134431998e-07,25.701585724861893,True
205,8693.5,2347.5,4,8.302463710308075,8.302463710308075,8.302463710308075,1.2700990126367517,6.536863368684926,1.9025963750900152e-07,25.701698959845626,True
2425,9197.25,3788.25,4,8.300088584423065,8.300088584423065,8.300088584423065,1.1822565507090625,7.020547764734362,1.902052090157629e-07,25.702009606080733,True
3093,8531.5,4059.5,4,8.29742020368576,8.29742020368576,8.29742020368576,1.2966418969594784,6.399160958120008,1.9014406028093792e-07,25.702358713604823,True
1025,7813.25,2757.0,4,8.296828925609589,8.296828925609589,8.296828925609589,1.314406473147391,6.3122246391122445,1.9013051052554426e-07,25.702436086435576,True
3233,8718.4,4111.2,5,8.29586111009121,8.29586111009121,8.29586111009121,1.3243872869771265,6.263923847401359,1.9010833202093078e-07,25.70256274369811,True
3399,8810.5,4188.5,4,8.295036971569061,8.295036971569061,8.295036971569061,1.1786332727909916,7.037843884999528,1.900894460249238e-07,25.70267060971327,True
2935,8958.6,4004.4,5,8.292753085494041,8.292753085494041,8.292753085494041,1.3226942049068557,6.269592060455136,1.9003710838733728e-07,25.70296958839654,True
1002,9031.5,2742.5,4,8.29235714673996,8.29235714673996,8.29235714673996,1.4385920955695612,5.764217092724178,1.900280350367686e-07,25.703021428273907,True
2300,7837.75,3734.0,4,8.291304290294647,8.291304290294647,8.291304290294647,1.2413567646137325,6.679227540903292,1.900039077303902e-07,25.70315928979104,True
2141,9112.5,3643.5,4,8.290452182292938,8.290452182292938,8.290452182292938,1.277086096427325,6.491694025552116,1.899843807845124e-07,25.70327087803082,True
2658,7786.6,3895.4,5,8.289903983473778,8.289903983473778,8.289903983473778,1.3179124354637415,6.290178133539472,1.8997181823533956e-07,25.70334267375096,True
96,8589.25,2125.0,4,8.287878692150116,8.287878692150116,8.287878692150116,1.136586034441,7.291906147893408,1.8992540656688367e-07,25.703607960390226,True
2556,9234.8,3851.8,5,8.283425197005272,8.283425197005272,8.283425197005272,1.3177037185774971,6.286257737776965,1.8982335006878007e-07,25.704191538009127,True
1644,9361.5,3261.5,4,8.282313525676727,8.282313525676727,8.282313525676727,1.1815479997169798,7.009713974938486,1.897978749578518e-07,25.704337258261173,True
1693,9246.75,3310.75,4,8.282296359539032,8.282296359539032,8.282296359539032,1.2642446147801856,6.551181838317798,1.897974815778565e-07,25.704339508588507,True
3044,8522.5,4042.5,4,8.279169738292694,8.279169738292694,8.279169738292694,1.3227269478884331,6.259167662312577,1.8972583178260144e-07,25.704749458517576,True
1167,7816.0,2836.25,4,8.272572696208954,8.272572696208954,8.272572696208954,1.3644206240735703,6.063066293670222,1.895746536649632e-07,25.705614944171703,True
1154,7850.5,2828.75,4,8.269386947154999,8.269386947154999,8.269386947154999,1.4431704576283777,5.730014014245017,1.895016488941688e-07,25.706033139259162,True
3071,8561.25,4051.0,4,8.269141376018524,8.269141376018524,8.269141376018524,1.3157013106600914,6.284968563168696,1.8949602137479158e-07,25.706065382209506,True
401,8875.2,2431.2,5,8.2686737626791,8.2686737626791,8.2686737626791,1.3631836693981336,6.065707760664303,1.8948530552615225e-07,25.706126781460657,True
1023,9154.5,2755.5,4,8.267473876476288,8.267473876476288,8.267473876476288,1.2191055955425976,6.781589639736346,1.89457808879137e-07,25.7062843465626,True
1573,7503.0,3183.6,5,8.266394481062889,8.266394481062889,8.266394481062889,1.224790680953743,6.749230386555405,1.8943307340455408e-07,25.706426108751085,True
1796,9166.75,3432.0,4,8.255107581615448,8.255107581615448,8.255107581615448,1.3864753138936972,5.954024207205162,1.891744223014117e-07,25.707909581286394,True
2778,9051.4,3940.8,5,8.254650458693504,8.254650458693504,8.254650458693504,1.321844196575287,6.244798350728586,1.8916394685165838e-07,25.707969705111985,True
1293,7572.8,2924.4,5,8.249653682112694,8.249653682112694,8.249653682112694,1.3119327880404006,6.288167928507209,1.8904944049135978e-07,25.708627131363993,True
1307,9204.5,2936.5,4,8.248277366161346,8.248277366161346,8.248277366161346,1.3120773986028607,6.286425918885852,1.8901790077217065e-07,25.70880828329834,True
687,8872.0,2566.5,4,8.246926009654999,8.246926009654999,8.246926009654999,1.4978307144492513,5.505913271839517,1.8898693302476287e-07,25.708986179460553,True
1578,9160.75,3191.0,4,8.237420737743378,8.237420737743378,8.237420737743378,1.4380217110500513,5.728300674771015,1.8876910977958756e-07,25.710238302963226,True
1750,9502.833333333334,3368.666666666667,6,8.235850363969803,8.235850363969803,8.235850363969803,1.2679984398700148,6.495158120868096,1.887331230224828e-07,25.71044530637568,True
186,8008.5,2332.5,4,8.235739409923553,8.235739409923553,8.235739409923553,1.1786437931782519,6.987471072762035,1.8873058039449234e-07,25.710459933600703,True
2604,8835.5,3873.5,4,8.233653724193573,8.233653724193573,8.233653724193573,1.3790763064028546,5.970411996758912,1.8868278472506339e-07,25.710734929103264,True
1011,9038.5,2746.5,4,8.233207404613495,8.233207404613495,8.233207404613495,1.4230224979323616,5.7857183681749715,1.8867255684518558e-07,25.71079378492567,True
3208,8337.25,4104.0,4,8.231731593608856,8.231731593608856,8.231731593608856,1.221473049990257,6.739183966174706,1.8863873709281186e-07,25.71098842171644,True
319,8223.25,2403.25,4,8.230341613292694,8.230341613292694,8.230341613292694,1.3217645708221,6.226783343249741,1.8860688424041465e-07,25.71117177067107,True
1793,9499.0,3422.8,5,8.2289427369833,8.2289427369833,8.2289427369833,1.1555933822346256,7.120967343262734,1.885748275270303e-07,25.711356324340162,True
1348,9168.5,2970.5,4,8.228164374828339,8.228164374828339,8.228164374828339,1.3937128148147062,5.903773207339182,1.8855699054434408e-07,25.711459027198803,True
1759,9460.8,3381.6,5,8.226234778761864,8.226234778761864,8.226234778761864,1.2286768588518895,6.695197943622614,1.8851277183277172e-07,25.711713674275245,True
250,8534.75,2368.75,4,8.221222579479218,8.221222579479218,8.221222579479218,1.395305182383913,5.892060520719243,1.8839791204513358e-07,25.712375408946638,True
586,9235.4,2523.2,5,8.219589576125145,8.219589576125145,8.219589576125145,1.243237398387753,6.611440089225453,1.8836049006570223e-07,25.712591093044605,True
1170,7642.2,2838.2,5,8.219055518507957,8.219055518507957,8.219055518507957,1.3211094790324538,6.221328095024631,1.8834825157695956e-07,25.712661639696996,True
3146,7813.666666666667,4078.6666666666665,6,8.215787440538406,8.215787440538406,8.215787440538406,1.22642550582624,6.698969812278528,1.8827336015297586e-07,25.713093438239532,True
59,8504.5,2078.5,4,8.215669810771942,8.215669810771942,8.215669810771942,1.0935166720582719,7.513072292997597,1.8827066454387613e-07,25.713108983409295,True
3178,7801.8,4091.4,5,8.213677749037743,8.213677749037743,8.213677749037743,1.1014310702252268,7.457278054956416,1.8822501436620972e-07,25.713372274882026,True
396,8830.5,2428.5,4,8.208899676799774,8.208899676799774,8.208899676799774,1.2507000382876998,6.563444011753898,1.8811551984461863e-07,25.71400405466051,True
3033,7798.833333333333,4040.0,6,8.205090552568436,8.205090552568436,8.205090552568436,1.2361216236027792,6.637769614169533,1.880282297797935e-07,25.714507978947392,True
2147,7922.5,3645.5,4,8.203573882579803,8.203573882579803,8.203573882579803,1.4420611674314683,5.688783574410803,1.8799347370107679e-07,25.714708690410358,True
3500,8348.4,4256.4,5,8.202767238020897,8.202767238020897,8.202767238020897,1.3186779422842971,6.220447749214297,1.8797498859753028e-07,25.714815454398284,True
3258,8877.5,4120.5,4,8.201906383037567,8.201906383037567,8.201906383037567,1.1789302828928252,6.957074987430101,1.8795526120542223e-07,25.71492940502539,True
3276,8277.5,4128.5,4,8.200732409954071,8.200732409954071,8.200732409954071,1.1841585937767913,6.925366629986956,1.8792835838463254e-07,25.715084822101684,True
2112,9137.5,3630.5,4,8.198213279247284,8.198213279247284,8.198213279247284,1.248720483240097,6.565290943234233,1.8787062987032226e-07,25.71541839372101,True
1949,9172.5,3537.5,4,8.197907149791718,8.197907149791718,8.197907149791718,1.2992062625988208,6.309935062499874,1.8786361459373941e-07,25.715458936950093,True
966,9061.25,2722.0,4,8.197485625743866,8.197485625743866,8.197485625743866,1.3414775829590495,6.1107883798264755,1.8785395492941037e-07,25.715514765307034,True
3209,8556.5,4103.5,4,8.19450730085373,8.19450730085373,8.19450730085373,1.233348734807703,6.644112139241276,1.877857035002258e-07,25.715909308571273,True
1280,9089.0,2914.5,4,8.19005173444748,8.19005173444748,8.19005173444748,1.5952164507281978,5.134131942225656,1.8768359953700126e-07,25.71649981208971,True
2319,8043.0,3745.0,4,8.189813315868378,8.189813315868378,8.189813315868378,1.514265667159808,5.408438884591092,1.8767813592595544e-07,25.716531419149042,True
348,8606.5,2413.5,4,8.188576400279999,8.188576400279999,8.188576400279999,1.5239297197354147,5.373329422108588,1.8764979071184966e-07,25.716695411343924,True
2065,9089.75,3609.25,4,8.187884032726288,8.187884032726288,8.187884032726288,1.3391496982968831,6.1142410315587234,1.8763392438537256e-07,25.71678721732649,True
3204,8598.5,4101.5,4,8.181322753429413,8.181322753429413,8.181322753429413,1.240894988679544,6.5930822737347725,1.874835658093912e-07,25.717657610004245,True
3143,9074.4,4077.2,5,8.180946692824364,8.180946692824364,8.180946692824364,1.2353122401665113,6.62257397507988,1.8747494798739348e-07,25.71770751782608,True
1673,9420.2,3288.6,5,8.178047522902489,8.178047522902489,8.178047522902489,1.3167916133251045,6.210585972864485,1.8740851047707612e-07,25.71809235001556,True
2655,8208.75,3895.25,4,8.174952208995819,8.174952208995819,8.174952208995819,1.4024516146362243,5.829044028100951,1.873375781222465e-07,25.71850336872391,True
3111,8749.5,4067.5,4,8.17257422208786,8.17257422208786,8.17257422208786,1.1970415159401295,6.827310593040964,1.8728308406567537e-07,25.71881924115996,True
424,8787.25,2442.0,4,8.170303046703339,8.170303046703339,8.170303046703339,1.3149441547059588,6.213422081434584,1.8723103770685275e-07,25.71912101144406,True
3266,8688.2,4124.4,5,8.169861182570457,8.169861182570457,8.169861182570457,1.3252247011385996,6.164887490816553,1.8722091192820637e-07,25.719179731525458,True
485,8834.5,2472.5,4,8.169816672801971,8.169816672801971,8.169816672801971,1.3200759072542831,6.1888991594392,1.8721989194031926e-07,25.719185646680888,True
3136,8927.0,4075.75,4,8.169359385967255,8.169359385967255,8.169359385967255,1.1803088191618092,6.921374519397972,1.8720941273433334e-07,25.719246419986806,True
678,7977.5,2562.5,4,8.168093383312225,8.168093383312225,8.168093383312225,1.3292260467193917,6.1449994931047,1.8718040095967997e-07,25.719414689170506,True
961,9150.25,2718.75,4,8.168029010295868,8.168029010295868,8.168029010295868,1.2083501601116335,6.759654014148733,1.871789257846976e-07,25.719423245927466,True
2914,8432.75,3996.75,4,8.16774719953537,8.16774719953537,8.16774719953537,1.4342667341999373,5.694719820781106,1.8717246779644142e-07,25.71946070630176,True
2465,8131.5,3813.5,4,8.16746872663498,8.16746872663498,8.16746872663498,1.516984027249202,5.384017616484285,1.8716608629873988e-07,25.719497724252594,True
3243,8302.5,4115.5,4,8.163366496562958,8.163366496562958,8.163366496562958,1.1958117770038692,6.826631626773604,1.8707207940708527e-07,25.720043188062895,True
1076,9208.0,2783.0,5,8.161741599440575,8.161741599440575,8.161741599440575,1.3261311495803103,6.154550854207426,1.8703484319042946e-07,25.72025932257548,True
1858,9385.5,3472.5,4,8.161423861980438,8.161423861980438,8.161423861980438,1.179497450892723,6.91940780016381,1.8702756190428382e-07,25.72030159122306,True
822,7579.6,2645.2,5,8.160650119185448,8.160650119185448,8.160650119185448,1.150631489970197,7.092322946416858,1.8700983077906162e-07,25.72040452919127,True
817,7838.0,2642.0,4,8.156338393688202,8.156338393688202,8.156338393688202,1.2603380037220004,6.471548401778805,1.8691102308067616e-07,25.720978335636325,True
2098,9300.2,3624.6,5,8.155494555830956,8.155494555830956,8.155494555830956,1.3202428634682317,6.177268426512647,1.8689168565380652e-07,25.721090669463706,True
2807,9128.4,3954.6,5,8.152822837233543,8.152822837233543,8.152822837233543,1.317711609124345,6.187107088364589,1.868304604284269e-07,25.72144641206623,True
2450,7819.0,3803.25,4,8.151392161846161,8.151392161846161,8.151392161846161,1.1836019765777765,6.886936929097397,1.867976750059193e-07,25.721636956176376,True
908,9423.5,2684.5,4,8.149053275585175,8.149053275585175,8.149053275585175,1.0149575908389405,8.02895938622357,1.8674407698155968e-07,25.72194853214153,True
1231,9410.75,2877.0,4,8.147933661937714,8.147933661937714,8.147933661937714,1.1470383797855892,7.103453385283212,1.8671841986408843e-07,25.722097713714657,True
3523,8497.6,4275.2,5,8.145157679915428,8.145157679915428,8.145157679915428,1.3197574039505549,6.17170826663579,1.8665480533330334e-07,25.722467684538643,True
293,8285.5,2389.0,4,8.143190085887909,8.143190085887909,8.143190085887909,1.3607243724110833,5.984452289524951,1.8660971585872052e-07,25.722729993290034,True
2119,9110.0,3632.25,4,8.140057742595673,8.140057742595673,8.140057742595673,1.2888350430112905,6.315825897763368,1.8653793493680036e-07,25.72314771076211,True
395,8773.5,2428.5,4,8.137490928173065,8.137490928173065,8.137490928173065,1.3082758182910093,6.220011724135517,1.8647911370028091e-07,25.723490131286106,True
2075,9114.5,3612.5,4,8.13407963514328,8.13407963514328,8.13407963514328,1.297478108857949,6.26914595291551,1.8640094035343712e-07,25.723945374913306,True
2387,7917.6,3774.2,5,8.133956775069237,8.133956775069237,8.133956775069237,1.4459301573462742,5.625414708824903,1.8639812488637006e-07,25.72396177438859,True
553,9064.5,2506.5,4,8.133089244365692,8.133089244365692,8.133089244365692,1.1840101485445913,6.86910433526524,1.8637824451315272e-07,25.7240775802323,True
1536,7642.5,3143.5,4,8.123195350170135,8.123195350170135,8.123195350170135,1.1845953480977884,6.85735881304471,1.861515155819727e-07,25.725399181167383,True
2638,8212.5,3885.5,4,8.115411460399628,8.115411460399628,8.115411460399628,1.4321434033202727,5.666619307525284,1.8597313960854833e-07,25.726440064992396,True
2273,9138.5,3712.5,4,8.113928973674774,8.113928973674774,8.113928973674774,1.2148951453961792,6.67870721553407,1.8593916687506532e-07,25.726638420498126,True
2376,9391.5,3770.5,4,8.113677203655243,8.113677203655243,8.113677203655243,0.9877708531998773,8.214128992945112,1.8593339730180092e-07,25.726672110719903,True
2067,9146.0,3608.5,4,8.112857043743134,8.112857043743134,8.112857043743134,1.2560842545214548,6.458847815773301,1.8591460247980326e-07,25.726781866419728,True
2836,9257.0,3964.0,5,8.112719401717186,8.112719401717186,8.112719401717186,1.1556324850257236,7.020155202314689,1.8591144826885137e-07,25.726800287081865,True
3269,7869.8,4125.4,5,8.1061080545187,8.1061080545187,8.1061080545187,1.1533076212575488,7.02857408128451,1.8575994233455037e-07,25.727685453340968,True
1444,9447.5,3051.5,4,8.10565060377121,8.10565060377121,8.10565060377121,1.1330617819025646,7.153758721047605,1.857494593723319e-07,25.727746726253926,True
1901,7572.8,3504.2,5,8.100721225142479,8.100721225142479,8.100721225142479,1.2735885408553862,6.360548140376447,1.856364975065808e-07,25.728407207830642,True
3297,7977.5,4138.5,4,8.097502410411835,8.097502410411835,8.097502410411835,1.1230275924860915,7.210421600137239,1.8556273500122947e-07,25.72883870992792,True
917,9012.0,2691.75,4,8.096741378307343,8.096741378307343,8.096741378307343,1.4025255788657391,5.772972343830904,1.8554529515477115e-07,25.728940756077186,True
1099,9090.5,2798.5,4,8.091359794139862,8.091359794139862,8.091359794139862,1.353627598568652,5.977537546291018,1.854219705262446e-07,25.72966264197629,True
1684,7635.5,3299.5,4,8.089743793010712,8.089743793010712,8.089743793010712,1.1835219575704625,6.835313651144557,1.8538493817057592e-07,25.729879506163485,True
2639,9100.75,3886.25,4,8.083941161632538,8.083941161632538,8.083941161632538,1.1822725538553636,6.837629052007502,1.8525196480494242e-07,25.730658565142086,True
656,8879.25,2552.0,4,8.083869636058807,8.083869636058807,8.083869636058807,1.4412819928114873,5.60880499192925,1.8525032572162867e-07,25.730668171625727,True
2718,9163.4,3917.8,5,8.083752021193504,8.083752021193504,8.083752021193504,1.317613728043782,6.135145565912694,1.8524763045400463e-07,25.730683968472064,True
2622,9171.0,3879.25,4,8.083380401134491,8.083380401134491,8.083380401134491,1.1797991697108574,6.85148846402015,1.8523911439176264e-07,25.730733882252935,True
2503,8034.5,3828.5,4,8.083095252513885,8.083095252513885,8.083095252513885,1.3394769702709275,6.034516032686228,1.8523257991295181e-07,25.730772183263966,True
1911,9095.5,3515.0,4,8.081617057323456,8.081617057323456,8.081617057323456,1.4763371825148417,5.474099787662979,1.8519870552446764e-07,25.730970755315195,True
1730,9207.25,3351.0,4,8.080916106700897,8.080916106700897,8.080916106700897,1.3235611667433806,6.105434572838045,1.851826425079929e-07,25.731064929596098,True
1738,9379.6,3356.2,5,8.078909739851952,8.078909739851952,8.078909739851952,1.3197840068998516,6.121387816199684,1.8513666451366375e-07,25.731334534622757,True
3064,8248.5,4047.5,4,8.076005637645721,8.076005637645721,8.076005637645721,1.2359490637096389,6.53425442421227,1.8507011397489288e-07,25.73172489122543,True
133,8209.25,2154.0,4,8.072189033031464,8.072189033031464,8.072189033031464,1.0788379164186745,7.482300084361158,1.8498265248927118e-07,25.732238115888695,True
379,7815.6,2423.2,5,8.068684920668602,8.068684920668602,8.068684920668602,1.2654608381670598,6.376084251137778,1.849023520903521e-07,25.73270953295429,True
1732,9263.0,3353.25,4,8.067844092845917,8.067844092845917,8.067844092845917,1.2422018083862238,6.494793388947855,1.848830836415719e-07,25.73282268209672,True
88,8232.8,2114.6,5,8.058498248457909,8.058498248457909,8.058498248457909,1.173082328129247,6.869507838643397,1.8466891384480782e-07,25.7340811351963,True
2469,9001.0,3814.6,5,8.049746379256248,8.049746379256248,8.049746379256248,1.4348476906370757,5.610174816312484,1.8446835561053732e-07,25.735260931307685,True
1827,9396.0,3453.5,4,8.049158751964569,8.049158751964569,8.049158751964569,1.1790933316002943,6.826566257515895,1.844548895166878e-07,25.735340192377997,True
2910,9051.5,3994.5,4,8.049096763134003,8.049096763134003,8.049096763134003,1.1800079646759634,6.821222401955845,1.844534689778159e-07,25.735348553969423,True
2156,9185.4,3649.2,5,8.045291766524315,8.045291766524315,8.045291766524315,1.324483221440506,6.0742874173779775,1.8436627350175697e-07,25.735861928261023,True
1409,7439.5,3027.5,4,8.040442645549774,8.040442645549774,8.040442645549774,1.0146510566057552,7.924342652780487,1.8425515082407422e-07,25.736516528943582,True
2805,8138.0,3953.5,4,8.039179503917694,8.039179503917694,8.039179503917694,1.284822670558718,6.2570342881806225,1.8422620461275337e-07,25.73668710989278,True
2625,9120.5,3880.5,4,8.038451373577118,8.038451373577118,8.038451373577118,1.1816711727929605,6.802612739191808,1.8420951874461942e-07,25.736785452425845,True
1335,9162.5,2959.5,4,8.037936866283417,8.037936866283417,8.037936866283417,1.4067410644894311,5.713870924213577,1.841977282719825e-07,25.73685494803496,True
3195,8439.5,4098.5,4,8.032662570476532,8.032662570476532,8.032662570476532,1.2369176490460816,6.4940964959723635,1.8407686226842656e-07,25.737567615180986,True
296,8664.75,2389.75,4,8.032444655895233,8.032444655895233,8.032444655895233,1.3703757453720287,5.861490677299305,1.8407186852793065e-07,25.73759707004203,True
1887,9452.8,3493.4,5,8.032376155257225,8.032376155257225,8.032376155257225,1.2179217179998119,6.5951497838865745,1.8407029876418206e-07,25.737606329233103,True
1534,9231.5,3142.0,4,8.031072795391083,8.031072795391083,8.031072795391083,1.2860621721765224,6.244700271215779,1.8404043090997295e-07,25.73778251866813,True
2479,7936.5,3817.5,4,8.029351890087128,8.029351890087128,8.029351890087128,1.267108368440239,6.336752317381461,1.840009945654441e-07,25.73801519610191,True
2673,7916.4,3900.8,5,8.028334006667137,8.028334006667137,8.028334006667137,1.324187926624999,6.062835829601025,1.83977668702511e-07,25.738152843941066,True
3138,7866.6,4077.2,5,8.026954993605614,8.026954993605614,8.026954993605614,1.1869377405485726,6.762743081954541,1.839460671762219e-07,25.738339354991897,True
866,9281.6,2663.4,5,8.023910388350487,8.023910388350487,8.023910388350487,1.317848673939391,6.0886432160415955,1.8387629686316658e-07,25.73875125031538,True
2328,9119.5,3749.0,4,8.019630134105682,8.019630134105682,8.019630134105682,1.2244535817477131,6.549558312091286,1.837782103614392e-07,25.73933057719188,True
3101,8966.0,4063.75,4,8.019526660442352,8.019526660442352,8.019526660442352,1.1799077394934951,6.796740450134631,1.837758391542453e-07,25.739344586045828,True
10,8439.5,2016.5,4,8.019500434398651,8.019500434398651,8.019500434398651,0.9998982949189805,8.020316141301604,1.8377523815703025e-07,25.739348136705726,True
2572,7977.5,3857.5,4,8.019304931163788,8.019304931163788,8.019304931163788,1.2657897010835655,6.335416478976681,1.8377075799597266e-07,25.739374605627248,True
2538,8189.75,3843.75,4,8.016397178173065,8.016397178173065,8.016397178173065,1.5154610349205917,5.28974153307288,1.8370412379565768e-07,25.739768358605396,True
3140,8286.5,4076.5,4,8.012306869029999,8.012306869029999,8.012306869029999,1.2319001444794855,6.504022996454341,1.8361039008455535e-07,25.740322489096368,True
3008,8312.5,4031.5,4,8.012250125408173,8.012250125408173,8.012250125408173,1.302955291409006,6.1492901392984765,1.8360908974512643e-07,25.740330178370353,True
1074,9042.5,2782.5,4,8.00831288099289,8.00831288099289,8.00831288099289,1.4674994635566718,5.4571146905796635,1.8351886367231554e-07,25.74086384362207,True
3392,7988.5,4183.5,4,8.007012069225311,8.007012069225311,8.007012069225311,1.0929503318489073,7.326053010734823,1.8348905421044946e-07,25.74104021699434,True
2236,9307.2,3690.2,5,8.005579337477684,8.005579337477684,8.005579337477684,1.3177351735894995,6.075256620547324,1.834562216642966e-07,25.741234510184587,True
2974,8284.25,4018.0,4,8.004450976848602,8.004450976848602,8.004450976848602,1.2968910343974138,6.172030467130018,1.834303641005951e-07,25.741387551992126,True
1060,9417.8,2774.6,5,8.001644000411034,8.001644000411034,8.001644000411034,1.2070878979627322,6.628882630598685,1.8336603930037407e-07,25.741768361425002,True
1899,7791.5,3502.5,4,8.000427424907684,8.000427424907684,8.000427424907684,1.3419900849063764,5.961614407505725,1.8333816020058563e-07,25.741933450060998,True
161,7954.2,2181.8,5,7.995897635817528,7.995897635817528,7.995897635817528,1.1054568094845192,7.233116271223713,1.8323435534694737e-07,25.742548360814297,True
1849,9407.5,3466.5,4,7.995274722576141,7.995274722576141,7.995274722576141,1.1767118595632635,6.794590075384798,1.8322008063866308e-07,25.74263294741543,True
2920,7944.8,3998.6,5,7.993242606520653,7.993242606520653,7.993242606520653,1.3209840072783654,6.0509760621471855,1.8317351257434096e-07,25.742908938233107,True
2048,9317.5,3599.0,4,7.989751040935516,7.989751040935516,7.989751040935516,1.1808555127274574,6.766069984702319,1.8309349969795318e-07,25.74338330734205,True
2215,9048.5,3682.5,4,7.988464057445526,7.988464057445526,7.988464057445526,1.3526958352283716,5.905587826473095,1.8306400712552777e-07,25.74355821105494,True
764,8027.25,2612.75,4,7.9881197810173035,7.9881197810173035,7.9881197810173035,1.480174244376631,5.39674285737992,1.830561176711776e-07,25.74360500370929,True
2238,7833.5,3690.5,4,7.987794578075409,7.987794578075409,7.987794578075409,1.269976223897974,6.289719781964299,1.8304866530571107e-07,25.743649205825054,True
491,7970.5,2475.5,4,7.987291991710663,7.987291991710663,7.987291991710663,1.2388239354290493,6.447479551599377,1.8303714801362646e-07,25.743717521725568,True
1983,9468.4,3555.2,5,7.985893115401268,7.985893115401268,7.985893115401268,1.1684729000577954,6.8344701148022065,1.830050913002421e-07,25.743907691769774,True
3161,7846.4,4084.8,5,7.978814467787743,7.978814467787743,7.978814467787743,1.1534154408221489,6.917554755553197,1.828428766882913e-07,25.744870508590356,True
2064,9225.6,3608.2,5,7.977711543440819,7.977711543440819,7.977711543440819,1.324203466471896,6.024536066723952,1.8281760202359326e-07,25.745020602024937,True
2109,9346.6,3629.8,5,7.974324092268944,7.974324092268944,7.974324092268944,1.317935253010822,6.050619007308294,1.8273997503785406e-07,25.745481719153606,True
490,9141.5,2474.5,4,7.972102344036102,7.972102344036102,7.972102344036102,1.1786085073789148,6.763995248740492,1.8268906135389639e-07,25.745784261233425,True
2952,9193.2,4010.8,5,7.97093091905117,7.97093091905117,7.97093091905117,1.17447948536505,6.7867774774913645,1.8266221692544974e-07,25.745943811614914,True
848,7856.5,2655.5,4,7.969619452953339,7.969619452953339,7.969619452953339,1.3001007224430148,6.130001557092942,1.8263216330846505e-07,25.746122463693254,True
922,7576.5,2693.5,4,7.96401709318161,7.96401709318161,7.96401709318161,1.0769654693703814,7.3948676347418605,1.8250377937611005e-07,25.746885966120253,True
2766,8081.5,3936.5,4,7.963079631328583,7.963079631328583,7.963079631328583,1.281574963013951,6.2135106108825395,1.8248229645747783e-07,25.74701377802385,True
1452,9408.5,3060.5,4,7.961292922496796,7.961292922496796,7.961292922496796,1.179145247009276,6.751749152777754,1.8244135215630036e-07,25.747257416442583,True
114,8326.8,2142.0,5,7.9580715745687485,7.9580715745687485,7.9580715745687485,1.2627258932055014,6.302295389197043,1.8236753160008163e-07,25.747696822691744,True
2558,9333.8,3851.8,5,7.954388961195946,7.954388961195946,7.954388961195946,1.1569202441908977,6.8754860165481135,1.8228314066386768e-07,25.748199365554854,True
2274,9324.8,3712.6,5,7.952151641249657,7.952151641249657,7.952151641249657,1.265501444402427,6.2837949940109965,1.8223187013781358e-07,25.748504792026147,True
3114,8016.5,4069.5,4,7.950522601604462,7.950522601604462,7.950522601604462,1.180552602106714,6.734577169553168,1.8219453899091586e-07,25.74872723352258,True
3530,8630.5,4285.5,4,7.94626921415329,7.94626921415329,7.94626921415329,1.1790447235640278,6.7395825241753595,1.8209706816985817e-07,25.74930823840864,True
3232,8685.2,4110.8,5,7.943776950240135,7.943776950240135,7.943776950240135,1.343816092015498,5.911357214308847,1.8203995533621763e-07,25.749648821583353,True
2879,9237.4,3985.0,5,7.942752704024315,7.942752704024315,7.942752704024315,1.1502754959576862,6.905087287294952,1.820164836631647e-07,25.74978882210264,True
2496,9305.8,3825.4,5,7.942581996321678,7.942581996321678,7.942581996321678,1.2145228170186575,6.539672935761456,1.820125717176559e-07,25.749812157277717,True
447,8073.5,2455.5,4,7.9418222308158875,7.9418222308158875,7.9418222308158875,1.2957977867600508,6.128905537547823,1.8199516089663129e-07,25.74991602077875,True
2797,7928.5,3949.5,4,7.941373527050018,7.941373527050018,7.941373527050018,1.1828063135106814,6.714010093063561,1.8198487838064303e-07,25.749977365350883,True
3458,8094.5,4227.5,4,7.939050853252411,7.939050853252411,7.939050853252411,1.1367659015231284,6.983892499427583,1.819316518818345e-07,25.7502949653081,True
308,8809.0,2394.25,4,7.937201678752899,7.937201678752899,7.937201678752899,1.2184417189400802,6.514223499879382,1.8188927611456302e-07,25.750547885914905,True
2537,7902.5,3843.5,4,7.937162101268768,7.937162101268768,7.937162101268768,1.215842561584419,6.528116675670159,1.818883691551294e-07,25.750553299764306,True
3265,8195.5,4123.5,4,7.935703933238983,7.935703933238983,7.935703933238983,1.1817526224303119,6.715198919481943,1.818549537099731e-07,25.7507527830616,True
620,7639.4,2542.2,5,7.92967401444912,7.92967401444912,7.92967401444912,1.1188066238318737,7.087618043670731,1.8171677181563444e-07,25.75157808977395,True
956,9220.5,2715.5,4,7.928932368755341,7.928932368755341,7.928932368755341,1.1824127735915662,6.705722862474915,1.8169977622904933e-07,25.751679641141326,True
2976,8455.25,4019.0,4,7.922838866710663,7.922838866710663,7.922838866710663,1.3629086783412858,5.81318395914323,1.815601372579399e-07,25.752514366297433,True
105,8311.6,2134.2,5,7.920917853713036,7.920917853713036,7.920917853713036,1.2495993353130674,6.338766058745201,1.8151611523636517e-07,25.752777651502875,True
3450,8461.5,4222.5,4,7.9179694056510925,7.9179694056510925,7.9179694056510925,1.181294769119572,6.70278884884288,1.8144854846593978e-07,25.753181876470606,True
73,8376.5,2092.5,4,7.9167439341545105,7.9167439341545105,7.9167439341545105,1.10924365879399,7.137064856211919,1.814204655051642e-07,25.75334992987907,True
534,8184.5,2500.5,4,7.916188895702362,7.916188895702362,7.916188895702362,1.4941320643549443,5.298185538317851,1.814077462186495e-07,25.753426052900533,True
2687,8845.25,3905.75,4,7.9159294962883,7.9159294962883,7.9159294962883,1.3200347396783882,5.996758462748433,1.8140180180983162e-07,25.753461631125553,True
2968,8404.75,4015.75,4,7.912346541881561,7.912346541881561,7.912346541881561,1.3690329936066803,5.7795148684011615,1.8131969466303483e-07,25.753953174661497,True
3454,8503.0,4226.0,5,7.911831244826317,7.911831244826317,7.911831244826317,1.3207944826680094,5.990206158981215,1.8130788609218634e-07,25.754023886287314,True
61,8867.833333333334,2080.8333333333335,6,7.9114899933338165,7.9114899933338165,7.9114899933338165,1.1345601730786292,6.973177960112937,1.813000659574013e-07,25.754070717049938,True
493,7994.75,2477.0,4,7.910535991191864,7.910535991191864,7.910535991191864,1.2613004317044583,6.271730186044542,1.8127820400075276e-07,25.754201647774888,True
3536,8266.6,4292.8,5,7.910114154219627,7.910114154219627,7.910114154219627,1.3091825283866223,6.042025449245566,1.8126853716543424e-07,25.75425954725047,True
1316,9465.4,2946.2,5,7.909247741103172,7.909247741103172,7.909247741103172,1.2129896660303663,6.520457644941858,1.8124868240289368e-07,25.754378476964067,True
884,9366.4,2671.2,5,7.90386663377285,7.90386663377285,7.90386663377285,1.198337430551433,6.595693693833604,1.811253687015892e-07,25.755117415940568,True
567,7940.4,2514.2,5,7.903127536177635,7.903127536177635,7.903127536177635,1.4075571461351688,5.614782716195802,1.8110843150734712e-07,25.755218948845553,True
3292,8622.2,4136.8,5,7.8998135179281235,7.8998135179281235,7.8998135179281235,1.331176493534378,5.93445989791594,1.8103248731381003e-07,25.75567432606137,True
3503,8169.8,4259.8,5,7.89931808412075,7.89931808412075,7.89931808412075,1.3038720432682096,6.058353750971437,1.8102113393005678e-07,25.75574241973075,True
2818,8092.5,3958.5,4,7.897987544536591,7.897987544536591,7.897987544536591,1.2590766149936576,6.272841104730053,1.8099064322418843e-07,25.75592531357806,True
2705,9103.5,3912.5,4,7.888610064983368,7.888610064983368,7.888610064983368,1.1810482148131378,6.679329400816615,1.807757484745337e-07,25.757215201432263,True
1772,9487.8,3391.8,5,7.8846725076437,7.8846725076437,7.8846725076437,1.1793490080427698,6.685614227741613,1.806855152307333e-07,25.757757276124845,True
3076,7886.8,4052.4,5,7.884584292769432,7.884584292769432,7.884584292769432,1.2481398346283745,6.317068067230636,1.8068349369464634e-07,25.757769423568956,True
2822,9153.6,3960.2,5,7.880006179213524,7.880006179213524,7.880006179213524,1.2800590167097396,6.155970995359473,1.8057858143534424e-07,25.758400029709428,True
2195,9264.25,3669.0,4,7.87907999753952,7.87907999753952,7.87907999753952,1.180902689953387,6.672082352399863,1.8055735701380962e-07,25.75852764992364,True
721,9152.5,2586.5,4,7.874925792217255,7.874925792217255,7.874925792217255,1.1836538021299905,6.653065092213863,1.8046215905494701e-07,25.759100249843318,True
1473,9505.8,3080.4,5,7.873010978102684,7.873010978102684,7.873010978102684,1.1577877438104727,6.800046917227929,1.8041827908725948e-07,25.759364282275016,True
2866,8129.5,3980.5,4,7.873001754283905,7.873001754283905,7.873001754283905,1.2432533305371665,6.332580465223653,1.8041806771380713e-07,25.759365554296593,True
203,9075.0,2345.0,5,7.869893416762352,7.869893416762352,7.869893416762352,1.2286528610521488,6.405302641808054,1.8034683690922415e-07,25.759794298131947,True
2061,9458.4,3606.0,5,7.8698876947164536,7.8698876947164536,7.8698876947164536,1.1610077525089173,6.778497109696094,1.8034670578255906e-07,25.759795087549836,True
566,9327.833333333334,2513.6666666666665,6,7.868161231279373,7.868161231279373,7.868161231279373,1.21236545716227,6.489925281850267,1.8030714206759772e-07,25.760033298000977,True
3568,8661.4,4350.2,5,7.868012294173241,7.868012294173241,7.868012294173241,1.2920433172923336,6.089588629785118,1.8030372901807253e-07,25.76005385019025,True
774,8970.5,2616.5,4,7.8669039607048035,7.8669039607048035,7.8669039607048035,1.3698183307549583,5.743027220528621,1.8027833039769888e-07,25.76020680401042,True
629,9322.75,2544.0,4,7.860957324504852,7.860957324504852,7.860957324504852,1.0171556466696356,7.728372103368002,1.801420570109937e-07,25.761027828358152,True
2529,8135.5,3840.5,4,7.8606898188591,7.8606898188591,7.8606898188591,1.4606987825725077,5.381458458543559,1.8013592683940027e-07,25.761064776212528,True
420,8905.0,2439.5,4,7.859718978404999,7.859718978404999,7.859718978404999,1.2131311059027192,6.478870206329758,1.8011367901522163e-07,25.761198879166848,True
2295,9068.0,3729.5,4,7.855766952037811,7.855766952037811,7.855766952037811,1.2875544156740735,6.101308695310622,1.800231141985259e-07,25.76174494668502,True
1870,9455.2,3482.6,5,7.850696906447411,7.850696906447411,7.850696906447411,1.2167459316040863,6.452207237789991,1.7990692880225778e-07,25.762445897872773,True
2446,8991.5,3802.5,4,7.848601520061493,7.848601520061493,7.848601520061493,1.3051441740392598,6.0135896678533545,1.798589108321544e-07,25.762735724438755,True
2349,9398.6,3757.2,5,7.844556197524071,7.844556197524071,7.844556197524071,1.1058587048237922,7.093633357775145,1.7976620803616128e-07,25.76329547835382,True
3502,8562.2,4257.6,5,7.8423842042684555,7.8423842042684555,7.8423842042684555,1.319777182783325,5.942203204126756,1.7971643453953373e-07,25.763596137586124,True
347,8712.25,2412.25,4,7.839777648448944,7.839777648448944,7.839777648448944,1.3551114129724795,5.785338071393071,1.796567025873481e-07,25.763957061300037,True
2761,8287.25,3935.75,4,7.836902320384979,7.836902320384979,7.836902320384979,1.4288759698367122,5.484662410048479,1.7959081143813532e-07,25.764355340504665,True
139,8562.4,2161.6,5,7.835633620619774,7.835633620619774,7.835633620619774,1.2924492033854147,6.06262404750243,1.79561737856382e-07,25.76453112230236,True
1345,9436.5,2967.5,4,7.83145397901535,7.83145397901535,7.83145397901535,1.1401497900725155,6.868793949010206,1.7946595699851592e-07,25.765110424395566,True
1114,7567.5,2805.5,4,7.830685317516327,7.830685317516327,7.830685317516327,1.1425155221577277,6.853898407198425,1.7944834231650416e-07,25.765216995229036,True
3409,8615.0,4194.0,5,7.8283837884664536,7.8283837884664536,7.8283837884664536,1.3214783693064063,5.923959082716786,1.7939560037170027e-07,25.76553615257062,True
2025,7539.0,3584.0,5,7.827998027205467,7.827998027205467,7.827998027205467,1.1906505903845896,6.574555197320283,1.7938676024902813e-07,25.76558965598826,True
3507,8463.0,4263.0,5,7.823687896132469,7.823687896132469,7.823687896132469,1.3197701188129611,5.92806867242101,1.7928798908854154e-07,25.76618763188612,True
885,7833.5,2671.5,4,7.820992171764374,7.820992171764374,7.820992171764374,1.2799901740515354,6.110197039254367,1.7922621374582474e-07,25.76656179684964,True
408,8139.5,2433.5,4,7.819041430950165,7.819041430950165,7.819041430950165,1.3028788355701726,6.00135731541633,1.7918151048024774e-07,25.766832638970936,True
748,9309.8,2605.4,5,7.816138133406639,7.816138133406639,7.816138133406639,1.2146888269548979,6.434683484329816,1.7911497838116416e-07,25.767235859833157,True
1235,7542.5,2879.5,4,7.811257541179657,7.811257541179657,7.811257541179657,1.1190510113801695,6.980251536116952,1.7900313450682334e-07,25.76791403244286,True
3277,8503.5,4128.5,4,7.805463016033173,7.805463016033173,7.805463016033173,1.1941319470745526,6.536516366684107,1.788703469039654e-07,25.7687197491113,True
962,7517.8,2719.6,5,7.804587230086327,7.804587230086327,7.804587230086327,1.1401478042547264,6.845241644076054,1.788502773532156e-07,25.768841577356064,True
2849,8104.25,3971.75,4,7.803628146648407,7.803628146648407,7.803628146648407,1.2459460248667003,6.263215252429006,1.7882829895335667e-07,25.768975008576497,True
2891,9179.5,3989.5,4,7.796620070934296,7.796620070934296,7.796620070934296,1.0871297573709438,7.171747455234068,1.786677015702754e-07,25.76995049588083,True
2463,9109.0,3811.25,4,7.796399295330048,7.796399295330048,7.796399295330048,1.1940391122300618,6.529433764333739,1.7866264226644699e-07,25.769981240929116,True
326,9033.5,2406.5,4,7.796121299266815,7.796121299266815,7.796121299266815,1.180776387863161,6.602538278543473,1.7865627169596752e-07,25.770019955694806,True
3416,8110.5,4198.5,4,7.795669734477997,7.795669734477997,7.795669734477997,1.1521406997261412,6.766248025376583,1.7864592361664672e-07,25.770082845229318,True
807,9352.4,2634.2,5,7.793603286147118,7.793603286147118,7.793603286147118,1.1806628075454721,6.601040734356286,1.7859856879233404e-07,25.770370686461973,True
3442,8443.25,4217.0,4,7.793531119823456,7.793531119823456,7.793531119823456,1.1813416482827201,6.597186454191869,1.785969150255656e-07,25.77038074008547,True
1423,9184.0,3038.5,4,7.7933871150016785,7.7933871150016785,7.7933871150016785,1.366091050129846,5.704881174838912,1.785936150044939e-07,25.770400801940717,True
1638,9430.5,3254.5,4,7.79105681180954,7.79105681180954,7.79105681180954,1.1600791182094474,6.71597022092324,1.7854021367013193e-07,25.770725496819082,True
193,8225.5,2338.5,4,7.789372622966766,7.789372622966766,7.789372622966766,1.2327878790840798,6.318501954086384,1.7850161872170416e-07,25.770960225241307,True
2426,9177.5,3789.5,4,7.78863400220871,7.78863400220871,7.78863400220871,1.1832583252228885,6.5823614642572466,1.7848469245468416e-07,25.771063184152354,True
661,9188.5,2553.5,4,7.786351382732391,7.786351382732391,7.786351382732391,1.1802788083992393,6.59704412832141,1.7843238384253134e-07,25.771381428126723,True
2302,9274.0,3733.4,5,7.784608229994774,7.784608229994774,7.784608229994774,1.3181782782328157,5.905580723444346,1.7839243767479682e-07,25.771624522206046,True
703,7915.5,2577.0,4,7.784014880657196,7.784014880657196,7.784014880657196,1.2918837386604447,6.025321511306,1.7837884045428218e-07,25.771707281079912,True
2918,8858.25,3997.25,4,7.781483352184296,7.781483352184296,7.781483352184296,1.2099741840527503,6.431115188028716,1.7832082783219752e-07,25.772060443195194,True
1649,7443.5,3270.5,4,7.780917823314667,7.780917823314667,7.780917823314667,1.0195433067912618,7.631767842999246,1.783078681467968e-07,25.77213935327622,True
730,7970.5,2592.5,4,7.7801119685173035,7.7801119685173035,7.7801119685173035,1.3463238805103146,5.778781822965442,1.7828940114146188e-07,25.772251806724576,True
291,8226.25,2388.0,4,7.778951823711395,7.778951823711395,7.778951823711395,1.304168584949146,5.964682720842201,1.7826281521011285e-07,25.772413720222424,True
714,7875.75,2583.0,4,7.778890311717987,7.778890311717987,7.778890311717987,1.2596458057778694,6.17545843128044,1.7826140559846303e-07,25.772422305705895,True
144,8104.2,2165.4,5,7.777543887495995,7.777543887495995,7.777543887495995,1.164667021425963,6.677912007823094,1.7823055087950876e-07,25.77261024871516,True
1072,9405.5,2781.5,4,7.773785769939423,7.773785769939423,7.773785769939423,1.1026600555160992,7.050029364037231,1.7814442968597173e-07,25.773135004406438,True
2520,8111.5,3834.5,4,7.770104110240936,7.770104110240936,7.770104110240936,1.4386674894073566,5.400903382783569,1.7806006060420194e-07,25.77364933014264,True
160,7928.333333333333,2182.0,6,7.769499808549881,7.769499808549881,7.769499808549881,1.194277025042366,6.505609373398324,1.780462123990549e-07,25.773733774022716,True
3035,8492.0,4040.0,4,7.76875227689743,7.76875227689743,7.76875227689743,1.3252422907537766,5.862137309607505,1.7802908192957206e-07,25.77383824165208,True
1265,9408.75,2901.0,4,7.7676021456718445,7.7676021456718445,7.7676021456718445,1.1625054633022966,6.681776895574009,1.7800272546988697e-07,25.773998992247765,True
571,8935.5,2515.0,4,7.765967071056366,7.765967071056366,7.765967071056366,1.3004311123658816,5.971840412928677,1.7796525602533464e-07,25.774227562988887,True
1470,9217.5,3079.5,4,7.763196170330048,7.763196170330048,7.763196170330048,1.3095497537854193,5.928141445477384,1.7790175793775996e-07,25.77461502330771,True
2856,8234.0,3974.75,4,7.762109458446503,7.762109458446503,7.762109458446503,1.3034896085641319,5.954868690512162,1.7787685479861305e-07,25.774767018053097,True
2732,7984.0,3921.25,4,7.760372340679169,7.760372340679169,7.760372340679169,1.2214180382066218,6.35357600586408,1.778370469285331e-07,25.77501002708789,True
281,8207.0,2380.75,4,7.760059058666229,7.760059058666229,7.760059058666229,1.2752381571903126,6.085184179058517,1.7782986774361887e-07,25.775053858553008,True
2646,8972.5,3887.5,4,7.7593976855278015,7.7593976855278015,7.7593976855278015,1.250860610640715,6.203247283926615,1.7781471168657774e-07,25.77514639745737,True
1196,7806.5,2853.5,4,7.757726848125458,7.757726848125458,7.757726848125458,1.3626511254632314,5.69311300828246,1.7777642270036852e-07,25.775380215090667,True
3077,8499.5,4052.5,4,7.755199134349823,7.755199134349823,7.755199134349823,1.3048070199056734,5.943560247637585,1.777184974960606e-07,25.775734040073633,True
1226,9146.5,2871.5,4,7.753682315349579,7.753682315349579,7.753682315349579,1.349593834004867,5.745196902938441,1.77683738002587e-07,25.775946417131934,True
2675,8047.0,3901.25,4,7.752362906932831,7.752362906932831,7.752362906932831,1.2938909072359381,5.991512007371425,1.7765350237905934e-07,25.776131187583694,True
1,8464.8,1996.6,5,7.747582301497459,7.747582301497459,7.747582301497459,1.0838339146563163,7.148311375691005,1.7754394980660088e-07,25.776800928862986,True
2521,8917.0,3834.25,4,7.747104346752167,7.747104346752167,7.747104346752167,1.3619408402985804,5.688282572577644,1.7753299697383245e-07,25.77686791089149,True
1278,9197.5,2913.5,4,7.745910346508026,7.745910346508026,7.745910346508026,1.311573200628095,5.90581626919383,1.775056352097149e-07,25.777035259767324,True
515,8770.0,2486.25,4,7.74383419752121,7.74383419752121,7.74383419752121,1.4344496918120397,5.398470397200871,1.7745805808472778e-07,25.777326310420683,True
2889,8843.5,3989.5,4,7.740306079387665,7.740306079387665,7.740306079387665,1.2228727659627667,6.3296086844273844,1.7737720756847155e-07,25.777821088379298,True
1773,7502.5,3392.5,4,7.739786326885223,7.739786326885223,7.739786326885223,1.0855880811064227,7.129579314279957,1.773652968963916e-07,25.77789399674377,True
2915,7838.4,3997.8,5,7.739373072981834,7.739373072981834,7.739373072981834,1.239665798466416,6.243112524808035,1.7735582675107073e-07,25.777951969494517,True
1991,9198.5,3559.5,4,7.737596690654755,7.737596690654755,7.737596690654755,1.2466966007716327,6.206479335762713,1.7731511909254667e-07,25.778201202082535,True
2763,8890.75,3936.0,4,7.7361361384391785,7.7361361384391785,7.7361361384391785,1.2594972909252735,6.142241189543111,1.772816490112799e-07,25.778406165479744,True
3457,8857.75,4226.75,4,7.734067142009735,7.734067142009735,7.734067142009735,1.1169059323976762,6.924546568937023,1.7723423579462415e-07,25.778696579807683,True
560,9331.0,2509.5,6,7.733159095048904,7.733159095048904,7.733159095048904,1.205289358545961,6.416018726306557,1.7721342694900473e-07,25.778824062194893,True
3228,8617.5,4109.5,4,7.728648364543915,7.728648364543915,7.728648364543915,1.228569512610758,6.290770107195836,1.7711005884277444e-07,25.77945755392229,True
2101,9341.0,3625.5,4,7.726610839366913,7.726610839366913,7.726610839366913,1.1791452474278934,6.552721860365559,1.7706336682277674e-07,25.779743827330766,True
728,7578.5,2591.5,4,7.7262789607048035,7.7262789607048035,7.7262789607048035,0.9824551550450947,7.864256114926861,1.7705576147620094e-07,25.779790463614823,True
1650,7574.8,3271.6,5,7.72548995912075,7.72548995912075,7.72548995912075,1.3178033336081736,5.862399769446776,1.7703768067987182e-07,25.779901343811208,True
430,8838.5,2444.0,4,7.7252838015556335,7.7252838015556335,7.7252838015556335,1.2689717446095907,6.087829641890394,1.7703295636369564e-07,25.77993031747114,True
767,9271.5,2613.5,4,7.723686873912811,7.723686873912811,7.723686873912811,1.1589018997736662,6.66465977441339,1.7699636109691065e-07,25.780154778012985,True
1621,9197.75,3243.25,4,7.7203070521354675,7.7203070521354675,7.7203070521354675,1.3385312348914031,5.767745160434621,1.769189089467249e-07,25.780629991218255,True
277,8913.5,2377.5,4,7.720039546489716,7.720039546489716,7.720039546489716,1.1817096177940585,6.53294128290248,1.7691277877513148e-07,25.78066761220853,True
213,9135.2,2350.6,5,7.716304168105125,7.716304168105125,7.716304168105125,1.1448158094095893,6.74021454340731,1.7682717867349793e-07,25.781193078044836,True
2151,9128.5,3646.5,4,7.7144147753715515,7.7144147753715515,7.7144147753715515,1.250753834179442,6.167812214169705,1.7678388126333814e-07,25.781458960939034,True
69,8859.6,2090.2,5,7.713244780898094,7.713244780898094,7.713244780898094,1.0481785037827762,7.35871299884679,1.767570696165578e-07,25.78162363988557,True
2956,8719.25,4011.25,4,7.7120086550712585,7.7120086550712585,7.7120086550712585,1.2900059004954783,5.978273938211565,1.767287425006636e-07,25.781797654085373,True
3468,8525.0,4237.0,5,7.709446772933006,7.709446772933006,7.709446772933006,1.320512542082394,5.838223059037005,1.7667003429259766e-07,25.782158388936686,True
3407,8501.0,4192.5,4,7.708915889263153,7.708915889263153,7.708915889263153,1.1822530330418926,6.520529593760823,1.7665786853817704e-07,25.782233156878487,True
46,8238.2,2056.4,5,7.708833560347557,7.708833560347557,7.708833560347557,1.1244529058537303,6.855630431667299,1.7665598188498778e-07,25.782244752278274,True
1103,7589.5,2800.5,4,7.706794440746307,7.706794440746307,7.706794440746307,1.1768140363237736,6.548863459193105,1.766092533270912e-07,25.782531986244955,True
1805,9277.5,3438.5,4,7.705513656139374,7.705513656139374,7.705513656139374,1.2146296776148273,6.343920124914714,1.7657990280855298e-07,25.782712438674626,True
2633,9325.8,3882.8,5,7.704253062605858,7.704253062605858,7.704253062605858,1.157618464589779,6.655261036576491,1.7655101498957523e-07,25.78289007563265,True
3049,7874.5,4044.5,4,7.703096091747284,7.703096091747284,7.703096091747284,1.1059078109066198,6.965405267761252,1.7652450179254823e-07,25.78305313614861,True
1688,9172.5,3305.5,4,7.701759040355682,7.701759040355682,7.701759040355682,1.397528402466946,5.510985699296256,1.764938618618032e-07,25.783241607263033,True
1906,9268.5,3509.5,4,7.6994845271110535,7.6994845271110535,7.6994845271110535,1.203100584255235,6.399701428020939,1.7644173901242594e-07,25.783562298431253,True
3289,8373.5,4134.5,4,7.697764575481415,7.697764575481415,7.697764575481415,1.1891118380467027,6.47354128449866,1.764023245223413e-07,25.78380486302835,True
1259,9235.0,2895.25,4,7.695910632610321,7.695910632610321,7.695910632610321,1.24962387333499,6.158581631504457,1.763598394828489e-07,25.784066385098843,True
1419,7598.5,3036.5,4,7.694604575634003,7.694604575634003,7.694604575634003,1.1802675133601988,6.519373352679692,1.763299098215398e-07,25.784250658767252,True
3338,8820.0,4156.5,4,7.690350711345673,7.690350711345673,7.690350711345673,1.1791167860214986,6.522128089867984,1.7623242807326004e-07,25.784851060198328,True
152,8352.5,2172.5,4,7.68957394361496,7.68957394361496,7.68957394361496,1.155234451213404,6.656288630881975,1.762146276284727e-07,25.784960731067017,True
3520,8066.2,4272.0,5,7.687689647078514,7.687689647078514,7.687689647078514,1.2484659860237959,6.157708526415542,1.7617144700299903e-07,25.785226818588804,True
151,8279.5,2169.5,4,7.6873127818107605,7.6873127818107605,7.6873127818107605,1.1327111364665594,6.7866488942547,1.7616281074131404e-07,25.785280044761283,True
2950,8753.5,4008.5,4,7.6837198138237,7.6837198138237,7.6837198138237,1.255635840833724,6.119385544714796,1.760804741228533e-07,25.785787624908924,True
372,8757.25,2421.0,4,7.681411445140839,7.681411445140839,7.681411445140839,1.3151089458296972,5.840893615315395,1.7602757544070755e-07,25.78611385439952,True
3528,8594.25,4283.25,4,7.679244220256805,7.679244220256805,7.679244220256805,1.1795625389812685,6.510247626962619,1.759779112163009e-07,25.786420226026788,True
1300,9255.75,2928.0,4,7.67552775144577,7.67552775144577,7.67552775144577,1.2354897668863776,6.2125385067245595,1.7589274444731847e-07,25.78694580919119,True
1402,7632.25,3025.75,4,7.674411952495575,7.674411952495575,7.674411952495575,1.1833504472882999,6.485324757413859,1.7586717474762396e-07,25.787103655194883,True
809,9010.5,2635.5,4,7.6739813685417175,7.6739813685417175,7.6739813685417175,1.3343674520163704,5.75102559414614,1.7585730746607518e-07,25.787164573699933,True
610,8034.5,2537.0,4,7.671188056468964,7.671188056468964,7.671188056468964,1.3663685765800258,5.614288990507735,1.757932957990622e-07,25.787559851197116,True
3350,7989.2,4161.8,5,7.671074733138084,7.671074733138084,7.671074733138084,1.238940142119478,6.191642737489347,1.7579069887643696e-07,25.787575890453496,True
83,8203.25,2111.0,4,7.6669246554374695,7.6669246554374695,7.6669246554374695,1.0237839146396173,7.4888114042466745,1.756955955063406e-07,25.78816343640495,True
818,7925.5,2641.5,4,7.664599120616913,7.664599120616913,7.664599120616913,1.3576156326400985,5.645632634409112,1.7564230344419953e-07,25.78849281232431,True
1062,7493.2,2775.4,5,7.664018496870995,7.664018496870995,7.664018496870995,1.144146292153732,6.698460283819394,1.7562899784392447e-07,25.788575064258353,True
1118,9273.25,2809.0,4,7.661308944225311,7.661308944225311,7.661308944225311,1.1831771139409444,6.475200419239776,1.75566905611767e-07,25.78895898550872,True
2313,7587.6,3741.2,5,7.655567511916161,7.655567511916161,7.655567511916161,1.1622475545064181,6.586864805379021,1.7543533468679382e-07,25.789772947968366,True
645,8959.5,2547.5,4,7.655381381511688,7.655381381511688,7.655381381511688,1.3137445143726896,5.82714622041038,1.754310693139455e-07,25.78979934587752,True
3438,8812.2,4211.8,5,7.655315265059471,7.655315265059471,7.655315265059471,1.3057981893111146,5.862556195684496,1.7542955418630733e-07,25.789808722985246,True
1495,7607.5,3102.5,4,7.6541144251823425,7.6541144251823425,7.6541144251823425,1.1809062071312073,6.481559990929842,1.7540203568484794e-07,25.789979048772654,True
3624,9206.6,3926.2,5,7.650509223341942,7.650509223341942,7.650509223341942,1.256205202550421,6.09017476428965,1.7531941871484543e-07,25.790490567164206,True
2306,9123.0,3736.25,4,7.648674666881561,7.648674666881561,7.648674666881561,1.2256802961113502,6.240350514851302,1.7527737793522618e-07,25.790750952867462,True
2424,9112.25,3789.25,4,7.648586928844452,7.648586928844452,7.648586928844452,1.2083828329611155,6.3296057509371915,1.752753673263613e-07,25.790763407431676,True
3492,8355.6,4253.0,5,7.6393273919820786,7.6393273919820786,7.6393273919820786,1.3188404906763866,5.792457424524582,1.750631753567958e-07,25.792078618313834,True
3118,8261.5,4071.0,4,7.6387287974357605,7.6387287974357605,7.6387287974357605,1.221242122677638,6.254884805878987,1.7504945793683817e-07,25.792163696646206,True
2846,7884.0,3969.5,4,7.636440932750702,7.636440932750702,7.636440932750702,1.179736465459253,6.473005757076394,1.7499702912524236e-07,25.792488932644574,True
2252,7571.5,3701.5,4,7.6336886286735535,7.6336886286735535,7.6336886286735535,1.0438562695696658,7.312969085121819,1.7493395719932925e-07,25.7928803211005,True
2510,9000.5,3830.5,4,7.63075989484787,7.63075989484787,7.63075989484787,1.270758777294632,6.004884665123693,1.7486684220124223e-07,25.79329695356289,True
3333,8722.2,4153.2,5,7.6291040033102036,7.6291040033102036,7.6291040033102036,1.321931441544103,5.771179777976162,1.7482889571515045e-07,25.793532586254322,True
49,8823.166666666666,2059.3333333333335,6,7.628902465105057,7.628902465105057,7.628902465105057,1.1350199582173142,6.721381778243943,1.7482427725643828e-07,25.793561268549936,True
202,8349.5,2342.0,4,7.628457725048065,7.628457725048065,7.628457725048065,1.317650776447159,5.7894381890906015,1.7481408557298365e-07,25.79362456526388,True
150,7982.8,2168.8,5,7.62610088288784,7.62610088288784,7.62610088288784,1.1103772816862316,6.868026758712819,1.7476007607041713e-07,25.793960059583757,True
238,8092.5,2360.5,4,7.6254207491874695,7.6254207491874695,7.6254207491874695,1.1827936774790067,6.446957651515526,1.747444900954818e-07,25.794056895270174,True
3063,9168.2,4046.4,5,7.624364718794823,7.624364718794823,7.624364718794823,1.165275599001102,6.542971229579152,1.7472029005478136e-07,25.79420726727834,True
524,7987.5,2494.5,4,7.6238972544670105,7.6238972544670105,7.6238972544670105,1.2774395078393912,5.96810824127536,1.7470957762089893e-07,25.794273837874538,True
1850,9417.6,3467.2,5,7.622161254286766,7.622161254286766,7.622161254286766,1.2943210761546404,5.888926167324575,1.7466979536149578e-07,25.794521093682224,True
2410,7605.0,3783.25,4,7.622156798839569,7.622156798839569,7.622156798839569,1.033085414936165,7.378050922643745,1.7466969326026436e-07,25.794521728337095,True
2543,8953.5,3845.0,4,7.619992911815643,7.619992911815643,7.619992911815643,1.3094259762442173,5.819338435359144,1.7462010552641236e-07,25.794830006440282,True
3115,8328.5,4069.5,4,7.618537604808807,7.618537604808807,7.618537604808807,1.2631889426582332,6.031194026110209,1.745867556445886e-07,25.79503738595229,True
1497,9517.4,3104.2,5,7.617984160780907,7.617984160780907,7.617984160780907,1.138268520308506,6.692607258185615,1.7457407289597277e-07,25.795116261463107,True
1549,7540.5,3158.5,4,7.617790877819061,7.617790877819061,7.617790877819061,1.1341448148017272,6.716770890629883,1.7456964361479304e-07,25.795143809035707,True
2396,9347.2,3779.2,5,7.616719588637352,7.616719588637352,7.616719588637352,1.1608679572071923,6.561228209762634,1.7454509390298567e-07,25.79529650674855,True
1960,9210.25,3544.0,4,7.615403354167938,7.615403354167938,7.615403354167938,1.248354483410815,6.100353269338019,1.7451493101378005e-07,25.795484147489937,True
2771,8928.75,3938.25,4,7.61324280500412,7.61324280500412,7.61324280500412,1.2350511553744294,6.164313738645117,1.7446541977048272e-07,25.795792222999804,True
3327,9008.6,4151.2,5,7.612175330519676,7.612175330519676,7.612175330519676,1.217230441654677,6.2536846516686255,1.7444095747645206e-07,25.795944467842872,True
3325,8475.25,4152.0,4,7.6072723269462585,7.6072723269462585,7.6072723269462585,1.1839750117248222,6.42519669048077,1.7432860002267293e-07,25.796644016051935,True
3214,8872.5,4104.5,4,7.6069247126579285,7.6069247126579285,7.6069247126579285,1.17985817825251,6.447321256801015,1.7432063407776812e-07,25.796693629898428,True
3346,8189.25,4160.0,4,7.606172740459442,7.606172740459442,7.606172740459442,1.1802807750865143,6.444375695183132,1.7430340184852954e-07,25.79680096417983,True
2873,8094.0,3983.75,4,7.604362666606903,7.604362666606903,7.604362666606903,1.2254121226461254,6.205555278975228,1.7426192211346958e-07,25.797059372272862,True
852,9107.5,2656.5,4,7.604287803173065,7.604287803173065,7.604287803173065,1.2426794270452506,6.119267477738782,1.7426020653960118e-07,25.797070061181877,True
2193,9069.0,3668.75,4,7.603897750377655,7.603897750377655,7.603897750377655,1.331334575468052,5.711485219787358,1.742512680719302e-07,25.797125754142797,True
1594,9204.5,3206.5,4,7.601531684398651,7.601531684398651,7.601531684398651,1.327315523046422,5.726996748257568,1.7419704719591136e-07,25.79746364969885,True
941,9033.0,2707.5,4,7.6007439494133,7.6007439494133,7.6007439494133,1.372891856874188,5.536302011957984,1.741789954250159e-07,25.797576168694654,True
2938,8736.5,4004.5,4,7.598860442638397,7.598860442638397,7.598860442638397,1.2781959341676126,5.944988745083852,1.7413583289775383e-07,25.797845253528067,True
2342,7998.75,3756.0,4,7.598763167858124,7.598763167858124,7.598763167858124,1.3765510995791093,5.520146088424543,1.7413360374444712e-07,25.797859152378763,True
2428,9272.0,3790.25,4,7.590850532054901,7.590850532054901,7.590850532054901,1.1653614331865516,6.5137306897985825,1.7395227742105798e-07,25.798990324785574,True
2351,9135.25,3759.75,4,7.58841198682785,7.58841198682785,7.58841198682785,1.2062968608334244,6.290667109574549,1.738963956072812e-07,25.799339171359566,True
3527,8536.5,4281.5,4,7.578370749950409,7.578370749950409,7.578370749950409,1.1802296042827098,6.421098676436099,1.7366629016447485e-07,25.80077680466657,True
2206,9094.5,3676.5,4,7.576668441295624,7.576668441295624,7.576668441295624,1.2862426518804193,5.890543615715846,1.736272799816076e-07,25.801020718010857,True
2772,9180.4,3937.8,5,7.575433120131493,7.575433120131493,7.575433120131493,1.2711436805264564,5.959541188132292,1.7359897130540069e-07,25.801197753903857,True
2363,7879.75,3765.25,4,7.574338614940643,7.574338614940643,7.574338614940643,1.2682081627930881,5.972472687968669,1.735738895744677e-07,25.801354633351924,True
1725,7450.4,3345.4,5,7.573015078902245,7.573015078902245,7.573015078902245,1.1471439686703142,6.60162567709817,1.7354355936217384e-07,25.801544370916368,True
3135,8887.75,4076.0,4,7.571443736553192,7.571443736553192,7.571443736553192,1.181153834632282,6.410209673416792,1.735075504091492e-07,25.8017696761987,True
1291,9181.5,2923.0,4,7.568830192089081,7.568830192089081,7.568830192089081,1.3407055405065362,5.6454083043689645,1.7344765830486477e-07,25.802144520126753,True
2011,7536.5,3576.5,4,7.568796336650848,7.568796336650848,7.568796336650848,1.0650503619713283,7.106514965772674,1.7344688247209627e-07,25.802149376644373,True
1358,9455.5,2978.5,4,7.568776786327362,7.568776786327362,7.568776786327362,1.1104502400481686,6.815953127263989,1.7344643445599052e-07,25.802152181122192,True
3361,8770.5,4167.5,4,7.567150771617889,7.567150771617889,7.567150771617889,1.1804196240552367,6.41055995462152,1.734091726286579e-07,25.8023854569541,True
212,9097.6,2350.8,5,7.565632209181786,7.565632209181786,7.565632209181786,1.2024905833532293,6.291635305853697,1.7337437318252854e-07,25.80260336244097,True
2541,9258.5,3844.5,4,7.564805209636688,7.564805209636688,7.564805209636688,1.1539253397990845,6.555714610577693,1.73355421623189e-07,25.80272205079392,True
1757,9469.5,3377.5,4,7.562478721141815,7.562478721141815,7.562478721141815,1.0853783488402473,6.967596810110045,1.7330210770660374e-07,25.80305601065351,True
808,9142.5,2634.5,4,7.560996234416962,7.560996234416962,7.560996234416962,1.1997446647250245,6.302171167520803,1.7326813497312076e-07,25.803268870399055,True
3566,8659.5,4342.5,4,7.559381186962128,7.559381186962128,7.559381186962128,1.1588681337293765,6.5230727870953995,1.732311244718963e-07,25.803500811104225,True
724,9278.5,2587.5,4,7.5588876605033875,7.5588876605033875,7.5588876605033875,1.1185684425696072,6.7576443003692255,1.732198147970314e-07,25.803571697466925,True
1948,9462.5,3535.5,4,7.557961642742157,7.557961642742157,7.557961642742157,1.0609452805727346,7.123799672931398,1.731985941317294e-07,25.803704716059713,True
3165,8639.5,4086.5,4,7.555566489696503,7.555566489696503,7.555566489696503,1.2577688283561137,6.007118573268764,1.7314370669516293e-07,25.804048845422045,True
2427,9208.5,3790.5,4,7.5500494837760925,7.5500494837760925,7.5500494837760925,1.1815897528138348,6.3897384568513935,1.7301727873556235e-07,25.80484192970891,True
183,7809.5,2329.5,4,7.550040423870087,7.550040423870087,7.550040423870087,0.9953556751699366,7.585268876455717,1.730170711183426e-07,25.804843232571084,True
854,8956.5,2657.5,4,7.540033996105194,7.540033996105194,7.540033996105194,1.492658049477039,5.051414152589662,1.7278776336274894e-07,25.806283164833136,True
2347,9162.5,3756.5,4,7.539028823375702,7.539028823375702,7.539028823375702,1.1847254934993217,6.363523756974019,1.727647287785797e-07,25.806427915530065,True
253,8262.5,2369.5,4,7.538885772228241,7.538885772228241,7.538885772228241,1.3128146694235394,5.742536206986921,1.7276145061195223e-07,25.806448517292853,True
1958,7625.5,3543.5,4,7.5364362597465515,7.5364362597465515,7.5364362597465515,1.1795462075293373,6.389267509521544,1.727053174720673e-07,25.80680134881488,True
3066,7789.2,4048.4,5,7.532512053847313,7.532512053847313,7.532512053847313,1.1102739939297404,6.784372231566454,1.7261539019048548e-07,25.8073668365221,True
2850,8036.5,3972.5,4,7.531368911266327,7.531368911266327,7.531368911266327,1.2135464932019404,6.2060818876373025,1.7258919388289915e-07,25.807531621585476,True
1138,9367.5,2820.5,4,7.527136027812958,7.527136027812958,7.527136027812958,1.1788530054559527,6.385135375637133,1.7249219293239144e-07,25.80814201351422,True
452,9076.0,2457.25,4,7.525580108165741,7.525580108165741,7.525580108165741,1.1811742804019003,6.371269873574563,1.7245653740670632e-07,25.808366467132217,True
2893,8033.2,3990.6,5,7.524893149733543,7.524893149733543,7.524893149733543,1.3325517198866101,5.64698017903114,1.7244079503590483e-07,25.80846558104428,True
2232,9241.5,3688.0,4,7.523549735546112,7.523549735546112,7.523549735546112,1.1813716594656092,6.368486729188486,1.7241000929504e-07,25.80865943411417,True
1416,9513.8,3033.4,5,7.523110255599022,7.523110255599022,7.523110255599022,1.1447152968503682,6.572036100415986,1.7239993815250407e-07,25.808722858062104,True
3303,8232.2,4140.6,5,7.523107394576073,7.523107394576073,7.523107394576073,1.3218646151798568,5.691284348021115,1.7239987258917152e-07,25.808723270965373,True
1451,9322.5,3060.5,4,7.5207807421684265,7.5207807421684265,7.5207807421684265,1.1839120690103586,6.352482535679449,1.7234655491635367e-07,25.809059105791054,True
786,9109.5,2622.5,4,7.517995536327362,7.517995536327362,7.517995536327362,1.2242258121801326,6.141020277083624,1.7228272901211625e-07,25.809461266019778,True
3218,8037.25,4106.75,4,7.515532672405243,7.515532672405243,7.515532672405243,1.179073304532463,6.374101290831422,1.7222628991001277e-07,25.80981700693627,True
2299,9176.6,3733.2,5,7.5135339349508286,7.5135339349508286,7.5135339349508286,1.3239510619414925,5.675084337281088,1.721804867512371e-07,25.81010579421595,True
2854,8956.0,3972.25,4,7.511660277843475,7.511660277843475,7.511660277843475,1.184796393433895,6.340043166465449,1.7213754993940634e-07,25.810376579050875,True
2134,7547.8,3639.6,5,7.510606154799461,7.510606154799461,7.510606154799461,1.171680215570379,6.410116049576946,1.7211339360759425e-07,25.81052895280355,True
532,7940.5,2499.5,4,7.508005797863007,7.508005797863007,7.508005797863007,1.2437162239428718,6.036751513991567,1.720538037092958e-07,25.810904926523136,True
963,9181.5,2720.5,4,7.505201518535614,7.505201518535614,7.505201518535614,1.184315860581671,6.337162042944752,1.7198954071617471e-07,25.811310530411134,True
2750,8765.75,3929.25,4,7.504982650279999,7.504982650279999,7.504982650279999,1.3427050207319642,5.589450053734604,1.7198452512123462e-07,25.81134219333899,True
3210,8794.5,4103.5,4,7.5042683482170105,7.5042683482170105,7.5042683482170105,1.1820294264318543,6.348630736605137,1.719681561425413e-07,25.811445535419363,True
836,7928.0,2652.5,4,7.5039278864860535,7.5039278864860535,7.5039278864860535,1.3717816370214837,5.470205814082153,1.7196035410596787e-07,25.811494795386636,True
2565,7939.25,3855.0,4,7.502536952495575,7.502536952495575,7.502536952495575,1.235895183893521,6.070528512668724,1.7192847939912647e-07,25.811696066960245,True
3498,8572.5,4254.5,4,7.501266181468964,7.501266181468964,7.501266181468964,1.1804028154020887,6.354835894654958,1.7189935835225218e-07,25.81187998327833,True
755,7939.5,2609.5,4,7.498523414134979,7.498523414134979,7.498523414134979,1.3369637483311023,5.608621343320038,1.718365049707809e-07,25.81227704509176,True
1459,9382.5,3065.5,4,7.497667491436005,7.497667491436005,7.497667491436005,1.1804801228628925,6.351371231268775,1.7181689060712636e-07,25.812400984066613,True
1572,9526.0,3182.0,5,7.496921882033348,7.496921882033348,7.496921882033348,1.1228199364228046,6.676869227952804,1.7179980418800759e-07,25.812508961031313,True
3139,8279.5,4076.5,4,7.4968573451042175,7.4968573451042175,7.4968573451042175,1.2275249526454786,6.10729527652167,1.717983252567926e-07,25.8125183075849,True
13,8563.5,2020.5,4,7.4956271052360535,7.4956271052360535,7.4956271052360535,1.0071728044079273,7.4422453350916316,1.717701330237961e-07,25.812696492324434,True
263,9180.8,2371.6,5,7.4943030923604965,7.4943030923604965,7.4943030923604965,1.1111937835256578,6.744370967035248,1.7173979188428015e-07,25.812888291578915,True
2323,9110.5,3746.5,4,7.488450706005096,7.488450706005096,7.488450706005096,1.2338039764415818,6.069400690053344,1.7160567833131652e-07,25.81373648653145,True
2996,9046.0,4025.75,4,7.48824280500412,7.48824280500412,7.48824280500412,1.1789626780188114,6.3515520419931715,1.7160091406248454e-07,25.813766630120035,True
3348,8916.5,4159.5,4,7.486304938793182,7.486304938793182,7.486304938793182,1.1116824005221249,6.734211979318088,1.71556505831904e-07,25.814047641814405,True
2770,8755.5,3937.5,4,7.480044066905975,7.480044066905975,7.480044066905975,1.3414859030236719,5.575939374425154,1.714130314058404e-07,25.814956033791,True
3461,8465.5,4231.5,4,7.479938209056854,7.479938209056854,7.479938209056854,1.1811001897448754,6.333025998981987,1.7141060556253604e-07,25.814971399277027,True
1361,9223.75,2980.0,4,7.479017913341522,7.479017913341522,7.479017913341522,1.2941776790446322,5.7789730378154625,1.7138951602389913e-07,25.81510499126972,True
245,8143.0,2365.75,4,7.478703200817108,7.478703200817108,7.478703200817108,1.192299829984358,6.2725021112476576,1.7138230405731862e-07,25.815150679350047,True
970,7614.75,2722.75,4,7.476141154766083,7.476141154766083,7.476141154766083,1.1637608512260977,6.424121542574217,1.713235920930201e-07,25.8155226934101,True
733,8981.5,2594.5,4,7.475201308727264,7.475201308727264,7.475201308727264,1.333411644328685,5.606071718753217,1.713020545382774e-07,25.815659192841515,True
31,8273.5,2047.0,4,7.474118888378143,7.474118888378143,7.474118888378143,1.016698742651296,7.351360412709385,1.7127724974412933e-07,25.815816420454322,True
3149,8985.25,4078.25,4,7.473966300487518,7.473966300487518,7.473966300487518,1.1787894968672874,6.340374019576937,1.7127375303306e-07,25.81583858653047,True
1000,9084.5,2741.5,4,7.469004333019257,7.469004333019257,7.469004333019257,1.3172201638116574,5.67027786107229,1.711600443599741e-07,25.816559646359508,True
1158,7611.75,2832.0,4,7.466553866863251,7.466553866863251,7.466553866863251,1.179756552222659,6.328893747439909,1.7110388936564503e-07,25.816915918259408,True
1539,7585.75,3149.0,4,7.465054214000702,7.465054214000702,7.465054214000702,1.1792744997102436,6.330209137766415,1.7106952325216674e-07,25.81713400962694,True
1780,9261.25,3397.0,4,7.465014636516571,7.465014636516571,7.465014636516571,1.242223489355977,6.009397423636516,1.7106861629273312e-07,25.817139765890737,True
2251,9170.5,3700.5,4,7.464881598949432,7.464881598949432,7.464881598949432,1.1846837404756982,6.301159831865323,1.7106556759776954e-07,25.817159115483122,True
2128,9201.5,3635.5,4,7.463927924633026,7.463927924633026,7.463927924633026,1.1843312982273728,6.302229735720512,1.710437131535862e-07,25.817297832335612,True
531,7824.5,2499.5,4,7.461662471294403,7.461662471294403,7.461662471294403,1.1816188104286827,6.314779694974022,1.709917979214287e-07,25.817627425291544,True
1791,9197.5,3420.0,4,7.460584819316864,7.460584819316864,7.460584819316864,1.3317712956475691,5.6020015176023,1.7096710239950153e-07,25.81778424426759,True
2442,9226.0,3799.25,4,7.460042655467987,7.460042655467987,7.460042655467987,1.1804258829995142,6.319789122644185,1.709546781479833e-07,25.81786314804304,True
2013,9437.25,3577.75,4,7.459920108318329,7.459920108318329,7.459920108318329,1.0839827442447891,6.881954669412801,1.7095186985190575e-07,25.81788098372792,True
850,9237.5,2655.5,4,7.446941554546356,7.446941554546356,7.446941554546356,1.1807034316947558,6.307207512607277,1.7065445272101473e-07,25.819771561314916,True
21,8398.5,2031.5,4,7.443133056163788,7.443133056163788,7.443133056163788,1.0234062641194352,7.272901600390387,1.7056717699816858e-07,25.82032696815847,True
1841,9230.5,3460.5,4,7.44036740064621,7.44036740064621,7.44036740064621,1.2721308094185875,5.84874397000631,1.705037991100369e-07,25.820730471671446,True
2233,7837.0,3689.75,4,7.438824832439423,7.438824832439423,7.438824832439423,1.2759125434262701,5.830199625174609,1.7046844954657035e-07,25.820955594397223,True
1263,7532.5,2900.5,4,7.437484443187714,7.437484443187714,7.437484443187714,1.1099583277782612,6.700687996165488,1.7043773312527069e-07,25.821151248993534,True
3200,8911.5,4100.0,4,7.437025249004364,7.437025249004364,7.437025249004364,1.1793237336903222,6.30617788529748,1.704272102103964e-07,25.821218284984685,True
2196,9164.25,3671.0,4,7.436633765697479,7.436633765697479,7.436633765697479,1.1936986125136968,6.229909030418806,1.7041823896105915e-07,25.821275439394306,True
3132,9085.0,4074.5,4,7.427026450634003,7.427026450634003,7.427026450634003,1.0971985996750377,6.769081233637829,1.701980772903562e-07,25.82267899828838,True
1515,9290.0,3121.5,4,7.424468696117401,7.424468696117401,7.424468696117401,1.2054189171993515,6.1592435544045365,1.701394636710565e-07,25.823052973660094,True
1733,9396.5,3353.5,4,7.42333048582077,7.42333048582077,7.42333048582077,1.1795364323275408,6.293430437898857,1.701133803919237e-07,25.82321943551952,True
576,8065.0,2518.5,4,7.421323478221893,7.421323478221893,7.421323478221893,1.3906032667570805,5.336765456857148,1.7006738771413987e-07,25.823513020109893,True
2736,9243.5,3922.5,4,7.420516192913055,7.420516192913055,7.420516192913055,1.0938941300863376,6.783578034491672,1.7004888792713868e-07,25.82363113200271,True
2670,8856.5,3899.5,4,7.419074714183807,7.419074714183807,7.419074714183807,1.322140523642546,5.611411632512391,1.7001585493475558e-07,25.82384206310714,True
131,8324.25,2153.0,4,7.418292224407196,7.418292224407196,7.418292224407196,1.1352395538073077,6.534561097283927,1.6999792336330315e-07,25.823956581738997,True
214,7851.75,2352.0,4,7.417242228984833,7.417242228984833,7.417242228984833,1.0537977932458393,7.038582047262337,1.6997386162025728e-07,25.82411026923174,True
1075,9090.75,2783.0,4,7.415086448192596,7.415086448192596,7.415086448192596,1.3389793808561736,5.537864551320591,1.6992445964918085e-07,25.824425878374857,True
2205,9416.4,3675.8,5,7.411591395735741,7.411591395735741,7.411591395735741,1.164973380096388,6.362026396794164,1.6984436686748151e-07,25.824937753671556,True
1929,9332.5,3524.5,4,7.410411536693573,7.410411536693573,7.410411536693573,1.1817373338872517,6.270777205893533,1.6981732916379414e-07,25.825110606920493,True
2332,7960.75,3751.0,4,7.409017264842987,7.409017264842987,7.409017264842987,1.3469589788198322,5.500551524838983,1.697853779663981e-07,25.825314907835487,True
632,8014.5,2544.5,4,7.408808410167694,7.408808410167694,7.408808410167694,1.3508657949429699,5.484488864773184,1.6978059184312196e-07,25.82534551436137,True
663,9270.0,2554.2,5,7.408745154738426,7.408745154738426,7.408745154738426,1.2252376277066208,6.046782262642383,1.6977914227881637e-07,25.825354784273493,True
1955,9187.5,3541.5,4,7.404256522655487,7.404256522655487,7.404256522655487,1.2771096168693228,5.797667189137696,1.696762805810349e-07,25.826012783322916,True
3229,8722.5,4109.5,4,7.402146518230438,7.402146518230438,7.402146518230438,1.184498578768799,6.249181426561472,1.6962792762327926e-07,25.826322231634663,True
2470,7894.5,3816.0,4,7.401570022106171,7.401570022106171,7.401570022106171,1.234888951747754,5.99371304733971,1.6961471661177045e-07,25.82640679455001,True
2266,9085.5,3708.5,4,7.399988353252411,7.399988353252411,7.399988353252411,1.280714560775895,5.778015320423372,1.6957847101609238e-07,25.82663883432602,True
2050,9258.5,3600.0,4,7.399511992931366,7.399511992931366,7.399511992931366,1.1833631695820537,6.252951066192777,1.695675547212228e-07,25.826708728800178,True
90,8194.6,2117.8,5,7.399347648024559,7.399347648024559,7.399347648024559,1.1451918717505918,6.461229624965451,1.6956378858583376e-07,25.826732843525196,True
2094,7634.0,3623.25,4,7.396237075328827,7.396237075328827,7.396237075328827,1.1789543632926216,6.273556725870524,1.6949250655989722e-07,25.82718936640093,True
3253,8796.0,4118.5,4,7.396065413951874,7.396065413951874,7.396065413951874,1.1813233198014501,6.260830790333472,1.6948857275994422e-07,25.827214565854778,True
2462,9076.5,3811.5,4,7.394448459148407,7.394448459148407,7.394448459148407,1.2170545769737227,6.075691755364936,1.6945151854983137e-07,25.82745195941576,True
3443,8763.5,4217.5,4,7.393537700176239,7.393537700176239,7.393537700176239,1.1792710722495383,6.269582858564124,1.694306475556363e-07,25.8275856955419,True
2832,8824.5,3963.5,4,7.393052756786346,7.393052756786346,7.393052756786346,1.2583448583422447,5.875219903171872,1.6941953457076907e-07,25.827656911499002,True
2286,7573.2,3724.6,5,7.392042979598045,7.392042979598045,7.392042979598045,1.1512961762465166,6.420626709364884,1.6939639447061152e-07,25.827805216477657,True
3148,8932.25,4079.0,4,7.387425601482391,7.387425601482391,7.387425601482391,1.1800156241950244,6.260447277146774,1.6929058242286529e-07,25.828483624463274,True
1806,7561.5,3440.5,4,7.382647216320038,7.382647216320038,7.382647216320038,1.1418098796712974,6.4657412304449,1.6918108073028469e-07,25.82918613500822,True
3007,8917.5,4030.5,4,7.3795477747917175,7.3795477747917175,7.3795477747917175,1.1830734316622473,6.237607554438334,1.6911005378668885e-07,25.829642053106213,True
1225,9177.75,2869.75,4,7.378779590129852,7.378779590129852,7.378779590129852,1.3055066264905342,5.652043000322031,1.690924500318992e-07,25.8297550802643,True
1630,9414.5,3248.5,4,7.375841796398163,7.375841796398163,7.375841796398163,1.1787555816359803,6.257312297229018,1.690251274165924e-07,25.830187442298566,True
55,8279.4,2070.6,5,7.375441417098045,7.375441417098045,7.375441417098045,1.1651844270837293,6.329848945507793,1.69015952306268e-07,25.83024638039847,True
486,9244.4,2472.8,5,7.375436171889305,7.375436171889305,7.375436171889305,1.1566359377474495,6.37662719200389,1.69015832106825e-07,25.830247152544125,True
2930,8353.0,4003.5,4,7.373010337352753,7.373010337352753,7.373010337352753,1.3689159635305215,5.386021153802085,1.689602415718121e-07,25.830604317809662,True
2288,9118.5,3724.5,4,7.369824588298798,7.369824588298798,7.369824588298798,1.234181684512054,5.971425990827705,1.6888723680101765e-07,25.831073546849858,True
1168,7598.5,2837.5,4,7.368553340435028,7.368553340435028,7.368553340435028,1.1791129412946957,6.249234557924681,1.6885810482692126e-07,25.831260845593455,True
3170,8529.5,4088.5,4,7.36729496717453,7.36729496717453,7.36729496717453,1.2511981015575697,5.888192251893013,1.6882926788782137e-07,25.83144627928995,True
1804,9241.0,3439.5,4,7.366728484630585,7.366728484630585,7.366728484630585,1.263262714549724,5.83150947129503,1.6881628634797646e-07,25.83152976641207,True
1910,9150.5,3513.5,4,7.366070449352264,7.366070449352264,7.366070449352264,1.350881434079064,5.452788278472369,1.6880120678148994e-07,25.83162675446293,True
2229,7553.6,3687.8,5,7.3589223474264145,7.3589223474264145,7.3589223474264145,1.1461104519578535,6.420779371530439,1.6863740055134634e-07,25.832680874321994,True
3381,8593.0,4178.5,4,7.358821094036102,7.358821094036102,7.358821094036102,1.18277675037799,6.2216484147869675,1.6863508022403031e-07,25.832695813361006,True
1579,9311.75,3190.75,4,7.358759105205536,7.358759105205536,7.358759105205536,1.1844883870961846,6.212605531106806,1.6863365968515842e-07,25.832704959364182,True
729,9221.0,2591.5,4,7.358417212963104,7.358417212963104,7.358417212963104,1.180054575607601,6.235658388235401,1.6862582486691867e-07,25.83275540447373,True
3324,8352.25,4151.75,4,7.356911838054657,7.356911838054657,7.356911838054657,1.1839159141685136,6.214049283408404,1.685913276267753e-07,25.8329775456219,True
1442,9440.5,3050.5,4,7.355200469493866,7.355200469493866,7.355200469493866,1.1454799679676702,6.42106424832866,1.6855210982668829e-07,25.83323013950858,True
3534,8896.8,4289.8,5,7.35160194337368,7.35160194337368,7.35160194337368,1.1999664694365044,6.126506140480691,1.6846964583779508e-07,25.833761465089864,True
834,9019.75,2651.5,4,7.351392447948456,7.351392447948456,7.351392447948456,1.3379776977955613,5.494405818617557,1.6846484503106423e-07,25.833792405286378,True
1785,9442.0,3408.75,4,7.349707782268524,7.349707782268524,7.349707782268524,1.12647927709882,6.52449444183053,1.6842623915541437e-07,25.83404124414891,True
1424,9340.5,3039.5,4,7.348734080791473,7.348734080791473,7.348734080791473,1.1828108433561049,6.212941081889469,1.6840392576790318e-07,25.834185093811026,True
986,9311.5,2729.5,4,7.344071090221405,7.344071090221405,7.344071090221405,1.1792267563385481,6.227870128239332,1.6829706846306875e-07,25.834874244425276,True
1187,9092.75,2847.25,4,7.342580497264862,7.342580497264862,7.342580497264862,1.4299782116639732,5.134749912532427,1.682629099668102e-07,25.835094633767994,True
1520,9332.5,3125.5,4,7.341841399669647,7.341841399669647,7.341841399669647,1.1832380596691296,6.204872586436795,1.6824597277256812e-07,25.835203928505543,True
1349,7452.5,2971.5,4,7.3417341113090515,7.3417341113090515,7.3417341113090515,1.0260796229527767,7.1551309928381075,1.682435141475975e-07,25.835219794785168,True
3205,8429.75,4103.0,4,7.341282546520233,7.341282546520233,7.341282546520233,1.231107267926313,5.963154257781247,1.682331660682767e-07,25.835286576734898,True
3351,8559.8,4161.6,5,7.340984687209129,7.340984687209129,7.340984687209129,1.3233265102918943,5.54737219432707,1.6822634031070198e-07,25.835330629418706,True
1446,9249.5,3057.5,4,7.335931479930878,7.335931479930878,7.335931479930878,1.2611158758917673,5.817016199834494,1.68110540781964e-07,25.83607825926771,True
1931,9309.0,3526.25,4,7.3352009654045105,7.3352009654045105,7.3352009654045105,1.1830197877932591,6.200404288323187,1.6809380027771956e-07,25.836186382628057,True
3267,8171.5,4124.5,4,7.3329755663871765,7.3329755663871765,7.3329755663871765,1.1808741095277508,6.209786045118512,1.6804280293221774e-07,25.836515830026844,True
1613,9462.0,3229.5,4,7.33290022611618,7.33290022611618,7.33290022611618,1.1047229445915248,6.63777308330239,1.6804107643112725e-07,25.83652698512744,True
3029,8966.5,4037.5,4,7.3321749567985535,7.3321749567985535,7.3321749567985535,1.1811233464586275,6.207797838204349,1.6802445612632584e-07,25.83663437648373,True
3393,8786.5,4183.5,4,7.332074820995331,7.332074820995331,7.332074820995331,1.179483205241801,6.216345250538954,1.680221614096866e-07,25.836649204527248,True
2581,8963.5,3861.5,4,7.331211745738983,7.331211745738983,7.331211745738983,1.2829932303133813,5.7141468657229595,1.6800238313770067e-07,25.836777016535844,True
369,9181.5,2418.5,4,7.33007687330246,7.33007687330246,7.33007687330246,1.0396747873525398,7.050355517390198,1.679763763491225e-07,25.836945101637582,True
11,8586.5,2018.5,4,7.326347053050995,7.326347053050995,7.326347053050995,1.0038790136403324,7.298037864626447,1.6789090361792146e-07,25.837497705873382,True
2317,9403.4,3743.8,5,7.324952468276024,7.324952468276024,7.324952468276024,1.1118405511213085,6.588132138991239,1.6785894524953594e-07,25.837704397598323,True
658,8029.5,2552.5,4,7.321512877941132,7.321512877941132,7.321512877941132,1.3752431502162166,5.323795197082086,1.6778012344035613e-07,25.838214348325206,True
2488,7606.4,3822.6,5,7.316996440291405,7.316996440291405,7.316996440291405,1.1273132314611445,6.490650722521571,1.6767662454893647e-07,25.83888431545394,True
2362,7802.5,3766.0,4,7.312568366527557,7.312568366527557,7.312568366527557,1.183739812741035,6.177513240510833,1.6757515060836064e-07,25.83954157631071,True
3559,8422.5,4330.5,4,7.3113009333610535,7.3113009333610535,7.3113009333610535,1.1787975728867093,6.202337959906642,1.67546106052041e-07,25.839729775213645,True
923,9254.5,2693.5,4,7.30820769071579,7.30820769071579,7.30820769071579,1.1805833580467908,6.1903360240540835,1.6747522116233235e-07,25.840189222335503,True
3415,8080.75,4198.0,4,7.304562747478485,7.304562747478485,7.304562747478485,1.135313525592444,6.433960824756953,1.6739169347666363e-07,25.84073086458409,True
1207,9255.5,2857.5,4,7.3004953265190125,7.3004953265190125,7.3004953265190125,1.2020031725932663,6.073607368912788,1.672984842722217e-07,25.841335606624483,True
3432,8241.0,4207.75,4,7.2979437708854675,7.2979437708854675,7.2979437708854675,1.1800466181131506,6.18445378247395,1.6724001270680918e-07,25.841715142592612,True
1545,7436.8,3155.2,5,7.297479972243309,7.297479972243309,7.297479972243309,1.1288546237211097,6.464499341986303,1.672293842759466e-07,25.84178414545084,True
868,9045.25,2664.25,4,7.295568645000458,7.295568645000458,7.295568645000458,1.3180768766367934,5.535009963618996,1.671855842135706e-07,25.8420685544531,True
3250,8581.5,4117.5,4,7.294827163219452,7.294827163219452,7.294827163219452,1.2165923950056374,5.996114387338126,1.6716859238321804e-07,25.842178908363454,True
734,9070.25,2594.75,4,7.294594943523407,7.294594943523407,7.294594943523407,1.23746756179121,5.894776694562097,1.671632708260594e-07,25.84221347166961,True
2741,8841.5,3926.0,4,7.293892562389374,7.293892562389374,7.293892562389374,1.2951448288576353,5.631719634647232,1.6714717502791837e-07,25.842318019948113,True
924,9113.0,2696.75,4,7.293729484081268,7.293729484081268,7.293729484081268,1.2507495662768788,5.831486718634331,1.6714343791796304e-07,25.842342295326617,True
2855,8131.5,3973.5,4,7.293422877788544,7.293422877788544,7.293422877788544,1.2539996294540618,5.8161284154157125,1.6713641171415807e-07,25.84238793734699,True
1193,9199.0,2850.5,4,7.291125953197479,7.291125953197479,7.291125953197479,1.2601709349561043,5.785822979206747,1.6708377528534252e-07,25.842729923134506,True
3153,7822.5,4081.5,4,7.289410769939423,7.289410769939423,7.289410769939423,1.0087665969732176,7.226062789758446,1.6704447006747878e-07,25.842985364563724,True
275,8952.5,2376.5,4,7.28660649061203,7.28660649061203,7.28660649061203,1.1809913221695407,6.169906885705278,1.669802070743577e-07,25.84340313405139,True
3467,8212.5,4236.5,4,7.285063922405243,7.285063922405243,7.285063922405243,1.1789243221843866,6.179416087460991,1.6694485751089115e-07,25.843633007787098,True
2992,8106.5,4024.5,4,7.281868636608124,7.281868636608124,7.281868636608124,1.1843383913473724,6.14846963486833,1.6687163419565488e-07,25.844109324611665,True
2330,7558.75,3750.0,4,7.278398215770721,7.278398215770721,7.278398215770721,0.9890576844697064,7.358921860733644,1.667921058732717e-07,25.844626892271446,True
1981,7632.5,3555.5,4,7.276325881481171,7.276325881481171,7.276325881481171,1.1797934774030632,6.167457288794025,1.6674461616606132e-07,25.844936071389743,True
1188,9221.5,2848.0,4,7.275048911571503,7.275048911571503,7.275048911571503,1.2322970265754256,5.903648840076315,1.6671535306529984e-07,25.845126631042916,True
2228,9404.25,3687.0,4,7.274599730968475,7.274599730968475,7.274599730968475,1.0461966665508655,6.953376897052833,1.667050596220895e-07,25.84519366931378,True
137,8377.2,2154.4,5,7.274005278944969,7.274005278944969,7.274005278944969,1.2852693907887138,5.659518020950634,1.6669143713237377e-07,25.845282395082858,True
2022,7626.5,3582.0,4,7.273475825786591,7.273475825786591,7.273475825786591,1.1791622940828583,6.168341594948839,1.6667930415961944e-07,25.845361425460545,True
2501,9156.0,3827.75,4,7.26730078458786,7.26730078458786,7.26730078458786,1.1827824121019306,6.144241502266754,1.6653779663353234e-07,25.846283586137105,True
2392,9084.0,3777.75,4,7.264931380748749,7.264931380748749,7.264931380748749,1.2373257677853604,5.871478288011375,1.6648349926695882e-07,25.846637633268386,True
602,7919.0,2531.75,4,7.264045894145966,7.264045894145966,7.264045894145966,1.2575471328089314,5.776360745955155,1.664632074155346e-07,25.846769976357162,True
3511,8915.5,4263.5,4,7.262447535991669,7.262447535991669,7.262447535991669,1.0641710336500392,6.824511574123507,1.6642657936708335e-07,25.847008904675498,True
2380,9222.75,3772.0,4,7.262276351451874,7.262276351451874,7.262276351451874,1.1811691528598516,6.148379623586021,1.6642265649435244e-07,25.847034497072844,True
3411,9022.6,4194.8,5,7.260214671492577,7.260214671492577,7.260214671492577,1.1619455351337926,6.248326149518356,1.6637541094226066e-07,25.847342769336322,True
2627,7969.5,3882.0,4,7.259679019451141,7.259679019451141,7.259679019451141,1.239522521618382,5.856835106128241,1.6636313591561912e-07,25.847422876922117,True
1813,7493.0,3445.75,4,7.256778419017792,7.256778419017792,7.256778419017792,1.0641158585726886,6.819537892003034,1.662966656236355e-07,25.847856768863217,True
1764,9427.25,3387.0,4,7.2550312876701355,7.2550312876701355,7.2550312876701355,1.1560384968537152,6.275769628274054,1.6625662828189162e-07,25.848118200594495,True
3532,8606.5,4286.5,4,7.253924548625946,7.253924548625946,7.253924548625946,1.1793375611854786,6.150846701884276,1.6623126619941687e-07,25.848283839895544,True
107,8246.5,2135.5,4,7.253065764904022,7.253065764904022,7.253065764904022,1.0802373232902613,6.714326202701582,1.6621158627242976e-07,25.848412386556134,True
1833,9305.5,3456.0,4,7.2514302134513855,7.2514302134513855,7.2514302134513855,1.1843826793056638,6.122539902139136,1.6617410590065535e-07,25.848657245451893,True
3499,8322.5,4257.0,4,7.250515639781952,7.250515639781952,7.250515639781952,1.1792729498859147,6.148293014338522,1.6615314748868353e-07,25.848794190625487,True
3074,8794.5,4052.0,4,7.246833503246307,7.246833503246307,7.246833503246307,1.1845874498604445,6.117601114295152,1.6606876747969168e-07,25.849345716148413,True
184,7900.5,2330.5,4,7.244557082653046,7.244557082653046,7.244557082653046,1.0719570043506732,6.7582534124504,1.6601660092142605e-07,25.84968682796388,True
1933,7497.75,3529.0,4,7.243872821331024,7.243872821331024,7.243872821331024,1.0399652985495056,6.9654947443289075,1.6600092035772452e-07,25.84978938252587,True
3347,8301.5,4160.0,4,7.24022501707077,7.24022501707077,7.24022501707077,1.182950288486393,6.120481213403121,1.6591732710872325e-07,25.850336265497962,True
3331,8923.5,4152.5,4,7.239991843700409,7.239991843700409,7.239991843700409,1.1171097292078318,6.481003302007274,1.6591198369712043e-07,25.850371232483976,True
1765,7602.5,3388.0,4,7.239568412303925,7.239568412303925,7.239568412303925,1.1798534098790776,6.135989735407811,1.6590228032390303e-07,25.850434733693874,True
3002,8500.0,4028.0,4,7.237318694591522,7.237318694591522,7.237318694591522,1.344918428210253,5.381232454538203,1.6585072569007454e-07,25.850772181927386,True
2986,8865.5,4021.5,4,7.232627093791962,7.232627093791962,7.232627093791962,1.1847664121378458,6.104686138714115,1.6574321275191462e-07,25.85147623999358,True
3092,8660.5,4058.5,4,7.229024112224579,7.229024112224579,7.229024112224579,1.2874195304693044,5.615126958334534,1.6566064666178997e-07,25.85201724150966,True
3000,7894.5,4027.5,4,7.228269279003143,7.228269279003143,7.228269279003143,1.1606337624552923,6.227864045340122,1.6564334886921887e-07,25.852130616777856,True
1896,7819.25,3500.0,4,7.224896132946014,7.224896132946014,7.224896132946014,1.3927206032646982,5.187613449538998,1.655660497001424e-07,25.85263740498103,True
3470,8290.5,4239.5,4,7.222617328166962,7.222617328166962,7.222617328166962,1.1795722545220204,6.123081736178738,1.6551382850576633e-07,25.85297991109869,True
3428,8702.5,4204.5,4,7.219503104686737,7.219503104686737,7.219503104686737,1.1806739272312816,6.114730695897304,1.6544246281828564e-07,25.85344815608395,True
3434,8788.25,4208.0,4,7.2168490290641785,7.2168490290641785,7.2168490290641785,1.1788955034189585,6.121703754178659,1.6538164190012342e-07,25.853847374113457,True
3519,8199.5,4270.0,4,7.215835273265839,7.215835273265839,7.215835273265839,1.1710925116004418,6.161627029280986,1.6535841062595652e-07,25.85399989894554,True
2012,9461.5,3576.5,4,7.212938010692596,7.212938010692596,7.212938010692596,1.0474121490743236,6.886437222508073,1.6529201682452755e-07,25.85443592532849,True
3184,8340.75,4094.0,4,7.2114755511283875,7.2114755511283875,7.2114755511283875,1.2354874925034791,5.8369474356358815,1.6525850303437242e-07,25.854656086140647,True
815,9195.5,2637.5,4,7.208150565624237,7.208150565624237,7.208150565624237,1.1827671829705657,6.09431058741475,1.651823075147272e-07,25.855156800538772,True
1761,7556.5,3385.0,4,7.2065789103508,7.2065789103508,7.2065789103508,1.1468772453879574,6.283653232576786,1.6514629139071307e-07,25.85539355878545,True
2080,9051.5,3615.5,4,7.204591453075409,7.204591453075409,7.204591453075409,1.4221429742560785,5.066010649768968,1.65100746729035e-07,25.855693028471613,True
2222,9079.25,3686.25,4,7.202374637126923,7.202374637126923,7.202374637126923,1.3033870101651812,5.525891067622463,1.6504994607353085e-07,25.856027155356966,True
1690,9296.5,3308.5,4,7.20035046339035,7.20035046339035,7.20035046339035,1.1983855213111922,6.008375714947069,1.6500356001575172e-07,25.856332336315383,True
2283,7864.5,3722.5,4,7.19961804151535,7.19961804151535,7.19961804151535,1.2881213888370848,5.589238796830445,1.649867758026189e-07,25.856442783355217,True
91,8533.5,2117.5,4,7.19454687833786,7.19454687833786,7.19454687833786,1.1333603465359376,6.347978293335966,1.6487056479567403e-07,25.857207808032992,True
1314,9462.75,2943.0,4,7.1914655566215515,7.1914655566215515,7.1914655566215515,1.0881846666710195,6.608681207227191,1.6479995308651767e-07,25.857672912955177,True
3444,8473.5,4218.5,4,7.190376460552216,7.190376460552216,7.190376460552216,1.1814519465665454,6.0860507119636935,1.6477499531126028e-07,25.85783735239677,True
2775,8238.75,3940.0,4,7.187890708446503,7.187890708446503,7.187890708446503,1.348013097381032,5.332211328221805,1.6471803170249642e-07,25.858212762180493,True
2793,8818.5,3946.5,4,7.187612235546112,7.187612235546112,7.187612235546112,1.2813250969307615,5.609514909809424,1.6471165020479489e-07,25.858254826532775,True
2,8424.0,2000.0,5,7.184917315840721,7.184917315840721,7.184917315840721,1.089634109018326,6.593880694790073,1.6464989330176538e-07,25.8586619882529,True
342,9113.5,2410.5,4,7.181441962718964,7.181441962718964,7.181441962718964,1.1341204717351654,6.332168532088662,1.6457025195092872e-07,25.85918728721126,True
1941,9327.25,3532.0,4,7.181420028209686,7.181420028209686,7.181420028209686,1.1818906369903999,6.07621365585623,1.645697492987125e-07,25.859190603415353,True
2978,8964.5,4018.5,4,7.179176986217499,7.179176986217499,7.179176986217499,1.1821247939342894,6.073112604570382,1.6451834764599328e-07,25.859529774818473,True
2293,9357.5,3729.0,4,7.177861392498016,7.177861392498016,7.177861392498016,1.0644894108184941,6.7430087322136005,1.6448819944024237e-07,25.859728755652583,True
2615,9314.4,3877.0,5,7.17693792283535,7.17693792283535,7.17693792283535,1.1775271787285138,6.094923372032025,1.644670371672834e-07,25.859868450318615,True
995,9441.5,2735.5,4,7.173522651195526,7.173522651195526,7.173522651195526,1.0250168108634479,6.998443903717769,1.643887726464303e-07,25.860385239883566,True
1432,9409.5,3043.5,4,7.17254513502121,7.17254513502121,7.17254513502121,1.1790914240125883,6.083111952941008,1.643663718411424e-07,25.860533200247154,True
912,7546.5,2689.5,4,7.171694457530975,7.171694457530975,7.171694457530975,1.0308675275889667,6.956950593161485,1.6434687767693085e-07,25.860661978262165,True
1631,9461.25,3249.0,4,7.170579135417938,7.170579135417938,7.170579135417938,1.106090851081669,6.482812084021563,1.6432131890445844e-07,25.860830842088767,True
510,9244.8,2484.4,5,7.167291507124901,7.167291507124901,7.167291507124901,1.170613818209288,6.122678030649642,1.6424597946436898e-07,25.8613287538383,True
3395,8928.5,4187.5,4,7.1667520403862,7.1667520403862,7.1667520403862,1.0822767118397025,6.621922066680926,1.642336170199507e-07,25.861410477961403,True
400,8043.5,2430.5,4,7.166230380535126,7.166230380535126,7.166230380535126,1.2269277195575068,5.840792628859699,1.6422166263898243e-07,25.86148951035962,True
2774,9238.75,3939.0,4,7.158698260784149,7.158698260784149,7.158698260784149,1.0791804420545907,6.633458114896066,1.6404905623882243e-07,25.86263128161316,True
1216,7597.5,2863.5,4,7.157500922679901,7.157500922679901,7.157500922679901,1.1792158785468663,6.069712130657539,1.6402161798415027e-07,25.862812893131064,True
1476,9324.0,3083.5,4,7.156428039073944,7.156428039073944,7.156428039073944,1.1838097580271223,6.04525177339346,1.63997031734444e-07,25.86297565327606,True
2811,9147.5,3954.5,4,7.1545040011405945,7.1545040011405945,7.1545040011405945,1.1582538989063405,6.17697381195617,1.639529403933041e-07,25.86326759759531,True
1592,9515.5,3205.5,4,7.154267489910126,7.154267489910126,7.154267489910126,1.0192940980883236,7.018845202113783,1.6394752049114667e-07,25.86330349009746,True
2714,8995.5,3916.5,4,7.153883159160614,7.153883159160614,7.153883159160614,1.2054805229790464,5.934465984968023,1.6393871315014076e-07,25.863361817944256,True
445,8994.0,2452.75,4,7.15273255109787,7.15273255109787,7.15273255109787,1.1846267884197854,6.037962859711409,1.6391234576323357e-07,25.863536458384623,True
2890,8913.5,3989.5,4,7.152664363384247,7.152664363384247,7.152664363384247,1.1942052371623433,5.989476633330067,1.6391078317047446e-07,25.86354680886561,True
2019,9291.5,3580.5,4,7.149106681346893,7.149106681346893,7.149106681346893,1.1825595799381095,6.045451580309424,1.6382925516644854e-07,25.86408698032557,True
3202,8146.25,4102.0,4,7.142156302928925,7.142156302928925,7.142156302928925,1.180939734419939,6.047858408657111,1.6366997997724037e-07,25.86514304907029,True
2567,7851.5,3855.5,4,7.139497458934784,7.139497458934784,7.139497458934784,1.1834209864468443,6.032931256670315,1.6360904978685725e-07,25.86554731642878,True
2314,9155.0,3740.75,4,7.137513816356659,7.137513816356659,7.137513816356659,1.1928053827634313,5.9838041641133675,1.635635925429559e-07,25.86584901999078,True
3193,8076.5,4096.5,4,7.133955657482147,7.133955657482147,7.133955657482147,1.1798976065956814,6.046249791170869,1.6348205361170789e-07,25.86639041091054,True
2871,8850.5,3981.5,4,7.132922351360321,7.132922351360321,7.132922351360321,1.228685232039881,5.80532927828728,1.6345837432143523e-07,25.866547683982944,True
2026,9467.2,3583.6,5,7.132457122206688,7.132457122206688,7.132457122206688,1.158789789102579,6.155091449097422,1.6344771310890637e-07,25.866618501045572,True
3485,8524.5,4248.5,4,7.127870738506317,7.127870738506317,7.127870738506317,1.1808801891003637,6.036065982220077,1.633426113305961e-07,25.8673168865319,True
38,8570.75,2049.0,4,7.124541938304901,7.124541938304901,7.124541938304901,1.050074451147756,6.784796954651749,1.6326632839317416e-07,25.867824056657373,True
3506,8296.5,4262.5,4,7.1232797503471375,7.1232797503471375,7.1232797503471375,1.1789802313505127,6.041899228613423,1.6323740403629754e-07,25.868016423349836,True
2841,8167.75,3967.0,4,7.121393859386444,7.121393859386444,7.121393859386444,1.2773584422979354,5.575094369420096,1.6319418687292498e-07,25.868303910471315,True
653,9196.75,2550.0,4,7.119940459728241,7.119940459728241,7.119940459728241,1.1796893782094706,6.035436608350977,1.631608806999896e-07,25.86852552013218,True
331,7971.5,2409.0,4,7.116851508617401,7.116851508617401,7.116851508617401,1.182495684305465,6.018501042392777,1.6309009415527976e-07,25.868996663647636,True
2945,7788.5,4007.5,4,7.1157209277153015,7.1157209277153015,7.1157209277153015,1.0294927241524339,6.911871022278054,1.6306418571170042e-07,25.869169157077884,True
2084,9230.0,3616.25,4,7.11533135175705,7.11533135175705,7.11533135175705,1.1838815813101924,6.010171510466924,1.6305525817125152e-07,25.86922860127276,True
2043,9218.5,3594.5,4,7.11496514081955,7.11496514081955,7.11496514081955,1.1936585143190137,5.960637029325478,1.630468660646851e-07,25.869284483238918,True
3385,8851.5,4179.5,4,7.113825976848602,7.113825976848602,7.113825976848602,1.144141148842684,6.217612209860946,1.6302076093110813e-07,25.86945833238166,True
2383,7983.5,3772.5,4,7.11368054151535,7.11368054151535,7.11368054151535,1.3433720217083491,5.2953913186824995,1.6301742812837017e-07,25.8694805294415,True
1494,9304.0,3101.75,4,7.113636672496796,7.113636672496796,7.113636672496796,1.1883907492280965,5.985940800294317,1.6301642282393772e-07,25.869487225037165,True
2620,9187.75,3879.25,4,7.1096431612968445,7.1096431612968445,7.1096431612968445,1.1792396608773537,6.029006144524748,1.6292490733892e-07,25.87009691560903,True
354,9009.5,2414.5,4,7.10963362455368,7.10963362455368,7.10963362455368,1.1819964651337516,6.0149364522415665,1.6292468879447817e-07,25.870098371996363,True
2231,9047.0,3687.75,4,7.107632339000702,7.107632339000702,7.107632339000702,1.3503928630230273,5.26338114901567,1.6287882724335944e-07,25.870404038106972,True
3375,8592.5,4174.0,4,7.106267631053925,7.106267631053925,7.106267631053925,1.1830005352977295,6.006985981004199,1.6284755353373309e-07,25.87061252597229,True
2899,9060.75,3991.25,4,7.104995906352997,7.104995906352997,7.104995906352997,1.1798155311015266,6.022124407634697,1.6281841063241463e-07,25.870806844732243,True
675,7644.6,2562.0,5,7.101536139845848,7.101536139845848,7.101536139845848,1.1413395339456878,6.2221065061116025,1.6273912646515007e-07,25.8713356710241,True
2865,8107.0,3980.75,4,7.0995513796806335,7.0995513796806335,7.0995513796806335,1.234415380922973,5.751347147321103,1.6269364361057196e-07,25.8716391584831,True
699,7868.5,2572.5,4,7.098274886608124,7.098274886608124,7.098274886608124,1.2427761838536944,5.7116277080538,1.6266439143703255e-07,25.871834390446317,True
14,8490.2,2021.8,5,7.097659930586815,7.097659930586815,7.097659930586815,1.126682394700923,6.299610221983528,1.626502990767669e-07,25.871928456814707,True
1366,7503.5,2985.5,4,7.097188174724579,7.097188174724579,7.097188174724579,1.0943911611839414,6.485056190554986,1.6263948829788566e-07,25.872000624183578,True
3505,8427.75,4261.25,4,7.093051612377167,7.093051612377167,7.093051612377167,1.180116415133364,6.010467714386962,1.6254469464624043e-07,25.87263362485142,True
1034,9444.5,2760.5,4,7.092137515544891,7.092137515544891,7.092137515544891,1.034521674488203,6.855475037827025,1.625237471614907e-07,25.872773555030406,True
1582,9386.5,3196.5,4,7.0892669558525085,7.0892669558525085,7.0892669558525085,1.1801643672526003,6.007016609352631,1.6245796528449885e-07,25.873213098325966,True
2253,9079.75,3702.0,4,7.087296664714813,7.087296664714813,7.087296664714813,1.2924043902625033,5.483807326958473,1.624128140028161e-07,25.873514894514823,True
3126,8704.5,4073.0,4,7.087063491344452,7.087063491344452,7.087063491344452,1.2322830369773163,5.751165340008579,1.6240747059121326e-07,25.873550616024286,True
35,8249.25,2048.0,4,7.084754645824432,7.084754645824432,7.084754645824432,1.005538179437204,7.045734106078143,1.623545609818454e-07,25.873904388161378,True
1021,9120.5,2756.0,4,7.0844942927360535,7.0844942927360535,7.0844942927360535,1.2678907726397461,5.587621935276136,1.6234859471858337e-07,25.873944287915464,True
2747,8006.5,3929.5,4,7.082440555095673,7.082440555095673,7.082440555095673,1.2344365678593887,5.737387193071563,1.6230153117303455e-07,25.874259079696582,True
1540,9436.5,3148.5,4,7.081840217113495,7.081840217113495,7.081840217113495,1.1489143569074127,6.163940919126487,1.6228777380042115e-07,25.87435111524617,True
1818,9282.5,3446.5,4,7.081190288066864,7.081190288066864,7.081190288066864,1.206498827016854,5.86920611068936,1.622728799967102e-07,25.874450762210387,True
2181,7558.2,3664.2,5,7.079787120223045,7.079787120223045,7.079787120223045,1.1725888317432993,6.0377405349302675,1.6224072493832701e-07,25.87466592675595,True
3339,8837.5,4155.5,4,7.0788580775260925,7.0788580775260925,7.0788580775260925,1.178587466682908,6.00622209011715,1.6221943495345985e-07,25.874808411475243,True
896,7580.0,2678.5,4,7.077745616436005,7.077745616436005,7.077745616436005,1.065361489229122,6.643515546593808,1.6219394174431999e-07,25.874979051172513,True
267,8752.5,2373.5,4,7.074696719646454,7.074696719646454,7.074696719646454,1.2487795460122546,5.665288755119495,1.6212407308626586e-07,25.875446857025608,True
1823,9292.5,3450.5,4,7.068203151226044,7.068203151226044,7.068203151226044,1.1929531004732639,5.924963142659986,1.6197526617582152e-07,25.876443866534537,True
820,7801.5,2643.5,4,7.067876994609833,7.067876994609833,7.067876994609833,1.2029221292808423,5.87558980134093,1.6196779195591082e-07,25.87649396812466,True
1013,9261.5,2747.5,4,7.059216201305389,7.059216201305389,7.059216201305389,1.1816090943651867,5.974239903001014,1.6176932082105987e-07,25.877825216938582,True
384,7969.5,2424.5,4,7.05890291929245,7.05890291929245,7.05890291929245,1.1836765417153619,5.963540435685935,1.6176214163614564e-07,25.877873402057425,True
156,8129.5,2177.5,4,7.058827102184296,7.058827102184296,7.058827102184296,1.0753571316268773,6.5641700739039095,1.6176040420783306e-07,25.87788506361762,True
254,9133.0,2371.0,5,7.058251723647118,7.058251723647118,7.058251723647118,1.1725975422313113,6.019330136251282,1.61747218807001e-07,25.87797356766542,True
1220,9383.25,2866.0,4,7.056969344615936,7.056969344615936,7.056969344615936,1.1788072886530359,5.986533517857344,1.6171783175056393e-07,25.878170847656925,True
1376,9458.5,2995.5,4,7.053232848644257,7.053232848644257,7.053232848644257,1.1089922220949955,6.360038157274003,1.616322060382536e-07,25.878745871174612,True
1264,9314.5,2900.5,4,7.052678763866425,7.052678763866425,7.052678763866425,1.1831899289603915,5.960732585057796,1.616195086061831e-07,25.878831167314363,True
495,7812.5,2479.0,4,7.041773498058319,7.041773498058319,7.041773498058319,1.179845840005278,5.9683843933600835,1.6136960303694666e-07,25.880511295644727,True
3486,8855.5,4247.5,4,7.0386592745780945,7.0386592745780945,7.0386592745780945,1.1149607253519562,6.312921266671723,1.6129823734946597e-07,25.88099156855848,True
3030,8413.0,4039.5,4,7.035095393657684,7.035095393657684,7.035095393657684,1.3305197766704744,5.287479011595364,1.6121656729155284e-07,25.881541448063796,True
3565,8394.5,4342.5,4,7.034820258617401,7.034820258617401,7.034820258617401,1.1756092588325169,5.983978269789739,1.6121026228440595e-07,25.881583910873363,True
3344,8965.5,4157.5,4,7.029549777507782,7.029549777507782,7.029549777507782,1.098522324469003,6.399095968218655,1.6108948369862674e-07,25.8823976483405,True
3083,8788.5,4055.0,4,7.029425799846649,7.029425799846649,7.029425799846649,1.184615911105055,5.9339282327293175,1.6108664262088292e-07,25.882416797251395,True
2580,8882.0,3860.5,4,7.028333365917206,7.028333365917206,7.028333365917206,1.3602941695437056,5.166774601610456,1.6106160835507091e-07,25.882585543216795,True
1407,7591.5,3026.5,4,7.027784049510956,7.027784049510956,7.027784049510956,1.1797781591153098,5.956869090355885,1.610490201952213e-07,25.88267040487422,True
1043,9146.5,2763.0,4,7.027340114116669,7.027340114116669,7.027340114116669,1.2347492528700914,5.691309468527387,1.6103884695145397e-07,25.88273899149426,True
2981,9002.5,4020.5,4,7.023775279521942,7.023775279521942,7.023775279521942,1.180624574772447,5.949203014748106,1.6095715503909664e-07,25.883289904351795,True
825,9396.5,2644.5,4,7.021831691265106,7.021831691265106,7.021831691265106,1.0159414206791735,6.91165016834425,1.60912615681851e-07,25.883590386083263,True
587,7841.75,2523.25,4,7.0134317278862,7.0134317278862,7.0134317278862,1.1839425574478866,5.923793923756229,1.6072012173748418e-07,25.88488999054036,True
1580,9499.8,3193.2,5,7.012465342879295,7.012465342879295,7.012465342879295,1.1650649034281033,6.018948233910161,1.6069797601453698e-07,25.88503960509779,True
1862,7583.5,3475.5,4,7.011855781078339,7.011855781078339,7.011855781078339,1.1645253038226766,6.021213758139205,1.6068400726847123e-07,25.88513398732291,True
233,8751.75,2359.25,4,7.010963618755341,7.010963618755341,7.010963618755341,1.2292325214398214,5.7035292318358755,1.6066356243593772e-07,25.885272141128972,True
2385,7895.5,3773.5,4,7.010413348674774,7.010413348674774,7.010413348674774,1.2757658504656213,5.495062707718784,1.6065095242164393e-07,25.885357360740507,True
138,8332.75,2157.0,4,7.008151710033417,7.008151710033417,7.008151710033417,1.1405673057873391,6.144443799566616,1.6059912460726317e-07,25.885707688033783,True
2728,9140.5,3920.5,4,7.005595862865448,7.005595862865448,7.005595862865448,1.1792146268286225,5.940899734008799,1.6054055469685181e-07,25.88610372425756,True
562,9018.5,2509.5,4,7.004698932170868,7.004698932170868,7.004698932170868,1.2152726294077432,5.763890967893,1.6052000059209738e-07,25.886242740622862,True
1710,9295.5,3333.5,4,7.003044784069061,7.003044784069061,7.003044784069061,1.200055019678335,5.835603092553348,1.604820940586614e-07,25.886499165715563,True
3282,8689.5,4132.5,4,7.002936542034149,7.002936542034149,7.002936542034149,1.1843344871577137,5.912971899383347,1.604796135792466e-07,25.886515947445233,True
1056,7567.0,2773.25,4,6.99864786863327,6.99864786863327,6.99864786863327,1.1293753873241217,6.196919064453381,1.6038133414375412e-07,25.887181067618886,True
904,7646.5,2683.5,4,6.998513400554657,6.998513400554657,6.998513400554657,1.160957443383361,6.0282256170898,1.6037825266712428e-07,25.887201928543263,True
1477,9369.5,3083.5,4,6.99782532453537,6.99782532453537,6.99782532453537,1.1811647120314615,5.9245126892590205,1.6036248468564599e-07,25.887308680610506,True
1498,7620.5,3107.5,4,6.9976484179496765,6.9976484179496765,6.9976484179496765,1.1821102212887582,5.919624322612415,1.6035843068624998e-07,25.88733612861098,True
2081,9252.75,3616.0,4,6.992684066295624,6.992684066295624,6.992684066295624,1.1829951111577122,5.91099996977366,1.6024466737705362e-07,25.888106657339478,True
2676,8155.0,3901.5,4,6.990497291088104,6.990497291088104,6.990497291088104,1.35892506316368,5.144137436698459,1.6019455513654125e-07,25.888446245445095,True
791,9349.5,2625.5,4,6.990422904491425,6.990422904491425,6.990422904491425,1.0518751162547075,6.645677606084486,1.6019285048989495e-07,25.88845779893657,True
1363,7583.5,2982.5,4,6.987373530864716,6.987373530864716,6.987373530864716,1.179175407028376,5.92564387725275,1.6012297090461873e-07,25.888931523878295,True
747,9234.0,2605.25,4,6.987362563610077,6.987362563610077,6.987362563610077,1.1797491617688665,5.922752725785808,1.601227195785106e-07,25.888933228031465,True
2731,7902.5,3921.5,4,6.987299144268036,6.987299144268036,6.987299144268036,1.1827526991337152,5.907658591171046,1.6012126625797243e-07,25.88894308253488,True
518,8070.75,2489.25,4,6.984809577465057,6.984809577465057,6.984809577465057,1.349649321327638,5.175277360636289,1.6006421523143183e-07,25.88932999805273,True
2420,9311.25,3786.0,4,6.983981788158417,6.983981788158417,6.983981788158417,1.0935162635781317,6.3867196316823795,1.600452455738807e-07,25.88945867931049,True
1342,7551.75,2965.75,4,6.981486976146698,6.981486976146698,6.981486976146698,1.1480794349957881,6.0810138770339615,1.599880743478971e-07,25.889846594360066,True
2110,9391.5,3629.5,4,6.980382144451141,6.980382144451141,6.980382144451141,1.1207284820673853,6.22843289533837,1.5996275597431068e-07,25.890018427481287,True
3051,8664.5,4045.0,4,6.978927314281464,6.978927314281464,6.978927314281464,1.3034112043835502,5.354355778752228,1.59929417019709e-07,25.890244736926945,True
292,8922.5,2387.5,4,6.9770547747612,6.9770547747612,6.9770547747612,1.1821495299187694,5.902006978119446,1.5988650581855502e-07,25.89053609355828,True
335,8944.5,2409.0,4,6.976287066936493,6.976287066936493,6.976287066936493,1.1831432588010644,5.8964009768402,1.5986891299098745e-07,25.89065556718549,True
1512,7615.5,3118.5,4,6.9739667773246765,6.9739667773246765,6.9739667773246765,1.1816011378863809,5.902132753358326,1.598157411282894e-07,25.8910167394607,True
590,7906.5,2524.5,4,6.971809566020966,6.971809566020966,6.971809566020966,1.2400188659534483,5.6223415283769524,1.597663063755467e-07,25.891352635057295,True
2384,9109.75,3773.25,4,6.971565902233124,6.971565902233124,6.971565902233124,1.220606073915523,5.711560880464388,1.5976072256505784e-07,25.89139058205182,True
1971,9473.6,3549.4,5,6.969392642378807,6.969392642378807,6.969392642378807,1.1620563190282467,5.997465465535151,1.5971092004299663e-07,25.891729093484553,True
2315,9240.5,3742.5,4,6.969368159770966,6.969368159770966,6.969368159770966,1.1805968287907211,5.903258411179752,1.5971035899843735e-07,25.891732907547237,True
2329,9172.0,3748.5,4,6.9687859416008,6.9687859416008,6.9687859416008,1.184312671938438,5.884245019682645,1.5969701686026343e-07,25.89182361329524,True
3219,8154.25,4106.75,4,6.968500792980194,6.968500792980194,6.968500792980194,1.1809881635136805,5.900567853489305,1.596904823814526e-07,25.89186804033288,True
127,8933.5,2150.5,4,6.968459784984589,6.968459784984589,6.968459784984589,0.9858565769394813,7.06843160352762,1.5968954264035273e-07,25.891874429655036,True
2430,7853.0,3792.5,4,6.96785181760788,6.96785181760788,6.96785181760788,1.213156559269613,5.743571812201147,1.5967561043218585e-07,25.8919691594819,True
1881,7618.75,3490.75,4,6.958457171916962,6.958457171916962,6.958457171916962,1.1797707977134697,5.8981432540992245,1.594603223025358e-07,25.893434028387578,True
504,9217.5,2482.5,4,6.957766234874725,6.957766234874725,6.957766234874725,1.0791011038328353,6.447742672268233,1.5944448875772497e-07,25.89354184145448,True
2200,9151.5,3672.5,4,6.948815047740936,6.948815047740936,6.948815047740936,1.208054585569808,5.752070420281018,1.592393629446202e-07,25.89493954360591,True
1927,9348.0,3523.25,4,6.944806754589081,6.944806754589081,6.944806754589081,1.1809168762257074,5.880859943999757,1.5914750871571762e-07,25.89556601079739,True
910,9407.0,2687.5,4,6.944124400615692,6.944124400615692,6.944124400615692,1.0350533841061078,6.708952897741378,1.5913187186090444e-07,25.895672693796342,True
1894,9410.25,3498.0,4,6.94402140378952,6.94402140378952,6.94402140378952,1.1620086696767575,5.975877448247592,1.5912951158093265e-07,25.895688797801117,True
3242,7905.5,4115.5,4,6.942463576793671,6.942463576793671,6.942463576793671,1.0763694734541978,6.449888953571378,1.5909381234635917e-07,25.89593240000565,True
592,9229.25,2526.25,4,6.94230717420578,6.94230717420578,6.94230717420578,1.1265352419513346,6.162529955281845,1.590902282175131e-07,25.895956860179353,True
2507,9077.75,3829.75,4,6.941863715648651,6.941863715648651,6.941863715648651,1.2015639675765564,5.777356764159423,1.5908006590096787e-07,25.89602621671706,True
1627,9452.5,3246.5,4,6.940938651561737,6.940938651561737,6.940938651561737,1.1211252580142146,6.1910465418073155,1.5905886709011003e-07,25.89617091020845,True
2943,8981.5,4005.5,4,6.940661609172821,6.940661609172821,6.940661609172821,1.1821219627215702,5.871358309927266,1.5905251837407475e-07,25.896214247424084,True
1112,9123.5,2804.5,4,6.93953675031662,6.93953675031662,6.93953675031662,1.3070113373263132,5.309469437742199,1.590267410571605e-07,25.896390224734564,True
3541,8397.5,4299.5,4,6.933651626110077,6.933651626110077,6.933651626110077,1.179015606686105,5.880881972036572,1.5889187728210516e-07,25.897311381808258,True
25,8745.5,2038.5,4,6.931157290935516,6.931157290935516,6.931157290935516,0.9627972329669249,7.198979238418338,1.5883471698334364e-07,25.89770203847742,True
5,8570.8,2010.8,5,6.930962428450584,6.930962428450584,6.930962428450584,1.1099323279969755,6.244490996093837,1.5883025150574075e-07,25.89773256328302,True
3334,8731.5,4153.5,4,6.930304706096649,6.930304706096649,6.930304706096649,1.1820953789124087,5.862728870891029,1.5881517911024374e-07,25.897835600468003,True
3158,8885.5,4083.0,4,6.928901374340057,6.928901374340057,6.928901374340057,1.1807906637756183,5.8680184277411715,1.5878302029562796e-07,25.898055475703536,True
2001,9158.75,3569.25,4,6.927975356578827,6.927975356578827,6.927975356578827,1.2814346397055325,5.4064211641499265,1.5876179963032593e-07,25.898200589358026,True
1213,9415.5,2861.5,4,6.927294433116913,6.927294433116913,6.927294433116913,1.1310083162167497,6.124883728785374,1.5874619555717904e-07,25.898307307345778,True
635,7857.5,2545.5,4,6.925371825695038,6.925371825695038,6.925371825695038,1.206940382416177,5.737956842434187,1.5870213699770542e-07,25.898608685356315,True
2756,7906.0,3933.5,4,6.9211947321891785,6.9211947321891785,6.9211947321891785,1.1823789787364618,5.853617881117481,1.5860641453218241e-07,25.899263753422265,True
1751,9460.25,3371.25,4,6.921036899089813,6.921036899089813,6.921036899089813,1.1011644176034756,6.285198457604038,1.5860279762167008e-07,25.899288513174138,True
3068,9140.5,4048.5,4,6.919232070446014,6.919232070446014,6.919232070446014,1.071112341260381,6.459856547170519,1.585614380860531e-07,25.89957168221043,True
136,8890.2,2153.8,5,6.91656194627285,6.91656194627285,6.91656194627285,1.127955757642855,6.131944359880508,1.5850024939857236e-07,25.8999907475013,True
2024,9271.5,3582.5,4,6.915889918804169,6.915889918804169,6.915889918804169,1.1834262612971973,5.843955086160929,1.5848484918641262e-07,25.90009624500254,True
899,7598.5,2680.5,4,6.915035426616669,6.915035426616669,6.915035426616669,1.0932906406099583,6.324974503356855,1.5846526760442434e-07,25.900230401334483,True
973,7794.75,2723.75,4,6.911661326885223,6.911661326885223,6.911661326885223,1.2580988048080206,5.493734912131887,1.583879465809037e-07,25.900760301190523,True
2448,7583.2,3803.4,5,6.909878596663475,6.909878596663475,6.909878596663475,1.1080042833748844,6.236328415280659,1.5834709345373557e-07,25.901040382102853,True
2177,9106.5,3662.5,4,6.905672252178192,6.905672252178192,6.905672252178192,1.2753122732850986,5.414887315707983,1.5825070067143235e-07,25.901701518338164,True
3384,8321.25,4180.0,4,6.905651748180389,6.905651748180389,6.905651748180389,1.1821666364912529,5.84152143616302,1.5825023080088243e-07,25.90170474205991,True
1224,7584.5,2869.5,4,6.904770076274872,6.904770076274872,6.904770076274872,1.1785926523289685,5.858487292136634,1.5823002636723492e-07,25.901843371150605,True
1508,9422.25,3114.25,4,6.9028207659721375,6.9028207659721375,6.9028207659721375,1.1761900179195115,5.868797269834089,1.5818535588332418e-07,25.90214993249186,True
2114,9337.75,3631.0,4,6.900903403759003,6.900903403759003,6.900903403759003,1.1791340720119896,5.852518019417246,1.5814141752329358e-07,25.9024515539326,True
1395,9386.25,3015.75,4,6.900589644908905,6.900589644908905,6.900589644908905,1.1802184590031226,5.846874866486601,1.5813422741115726e-07,25.902500919510945,True
20,8418.5,2030.5,4,6.899823367595673,6.899823367595673,6.899823367595673,1.0221289152348059,6.75044337828035,1.5811666736525595e-07,25.902621491992647,True
2699,9285.5,3910.5,4,6.897559344768524,6.897559344768524,6.897559344768524,1.0655205896822684,6.473417230562699,1.580647849147647e-07,25.902977810524234,True
1102,9277.5,2799.5,4,6.896875083446503,6.896875083446503,6.896875083446503,1.1826697591134103,5.831615318055272,1.5804910435106318e-07,25.90308552458751,True
952,9096.5,2713.5,4,6.895795047283173,6.895795047283173,6.895795047283173,1.2813371488758807,5.3817178822395535,1.5802435419302555e-07,25.903255561912594,True
2560,9031.5,3853.0,4,6.89492005109787,6.89492005109787,6.89492005109787,1.22287905149022,5.638268185799413,1.5800430274048735e-07,25.90339333794986,True
2571,9331.0,3855.4,5,6.889756068587303,6.889756068587303,6.889756068587303,1.1601665417390261,5.938592280259984,1.5788596468146717e-07,25.904206809806006,True
564,8903.5,2512.5,4,6.889471709728241,6.889471709728241,6.889471709728241,1.32624323037367,5.194727145025372,1.5787944830086795e-07,25.904251621999176,True
234,8818.75,2358.75,4,6.888105571269989,6.888105571269989,6.888105571269989,1.1837671704573407,5.818800979764301,1.578481418095753e-07,25.90446693793745,True
3157,8855.5,4082.5,4,6.886048972606659,6.886048972606659,6.886048972606659,1.1814456883958908,5.828493886973509,1.5780101270069397e-07,25.90479115727693,True
154,7968.5,2176.5,4,6.88579386472702,6.88579386472702,6.88579386472702,0.9921659223897985,6.940163645352208,1.577951666368749e-07,25.90483138135795,True
1482,7508.5,3087.5,4,6.885709464550018,6.885709464550018,6.885709464550018,1.1035805910063747,6.23942602893262,1.577932325185647e-07,25.904844689466103,True
1932,7632.5,3528.0,4,6.879926860332489,6.879926860332489,6.879926860332489,1.180142403251354,5.829742954221397,1.5766071809625903e-07,25.905756871508096,True
3264,7853.5,4123.5,4,6.8772918581962585,6.8772918581962585,6.8772918581962585,1.018066076588104,6.755250976679699,1.5760033426698047e-07,25.906172786572384,True
3234,8775.5,4110.5,4,6.876559913158417,6.876559913158417,6.876559913158417,1.182382554156757,5.815850283804798,1.5758356098106975e-07,25.90628834681565,True
155,8124.5,2177.5,4,6.87430876493454,6.87430876493454,6.87430876493454,1.0727368772170367,6.408196558664335,1.57531973565575e-07,25.90664383754252,True
3072,8783.5,4050.5,4,6.8732258677482605,6.8732258677482605,6.8732258677482605,1.1875923550076335,5.7875295666618545,1.5750715784420483e-07,25.906814885037953,True
1428,9359.5,3041.5,4,6.87226265668869,6.87226265668869,6.87226265668869,1.181724131438124,5.815454278931705,1.5748508485557964e-07,25.90696705032768,True
392,8994.75,2426.5,4,6.871797263622284,6.871797263622284,6.871797263622284,1.1830934591720925,5.808330026971025,1.5747441988681817e-07,25.907040579416577,True
2591,7615.25,3869.5,4,6.871454894542694,6.871454894542694,6.871454894542694,0.9860491326991664,6.9686739399415965,1.5746657414135636e-07,25.907094674691976,True
3207,9153.75,4103.0,4,6.870711505413055,6.870711505413055,6.870711505413055,0.9924027694155211,6.923309483970489,1.5744953860211545e-07,25.907212141541024,True
3175,8066.5,4090.5,4,6.866710841655731,6.866710841655731,6.866710841655731,1.18007531786359,5.818875064760471,1.5735785920876637e-07,25.90784452591379,True
1993,9252.75,3561.0,4,6.866088569164276,6.866088569164276,6.866088569164276,1.189642014056051,5.771558576478431,1.5734359918393674e-07,25.9079429215509,True
1221,9436.5,2865.5,4,6.86582487821579,6.86582487821579,6.86582487821579,1.0984941562546309,6.250215205172464,1.5733755643012005e-07,25.907984619863488,True
1312,9314.5,2941.5,4,6.863860785961151,6.863860785961151,6.863860785961151,1.1837703888016635,5.798304173590176,1.5729254720232446e-07,25.908295258597256,True
536,7835.0,2501.5,4,6.863550841808319,6.863550841808319,6.863550841808319,1.1824243967818941,5.804642445206876,1.5728544450796488e-07,25.90834428715375,True
2244,9361.75,3693.0,4,6.861824691295624,6.861824691295624,6.861824691295624,1.098234450282554,6.248050850645062,1.5724588796399305e-07,25.908617379006404,True
2795,8943.5,3947.5,4,6.859839618206024,6.859839618206024,6.859839618206024,1.2161101072067704,5.640804708022769,1.5720039793842544e-07,25.90893151957841,True
1364,9445.5,2983.0,4,6.85843151807785,6.85843151807785,6.85843151807785,1.1286837968379648,6.076486202151491,1.5716812985158873e-07,25.909154408494842,True
3516,8569.5,4267.5,4,6.85476940870285,6.85476940870285,6.85476940870285,1.1801727116634941,5.808276484414571,1.5708420878592473e-07,25.909734300067928,True
3571,8500.0,4352.5,4,6.854252994060516,6.854252994060516,6.854252994060516,1.1789183915002792,5.814018208111815,1.5707237460439946e-07,25.909816098763365,True
2671,8993.0,3900.5,4,6.853529155254364,6.853529155254364,6.853529155254364,1.2216009964123602,5.610284516288088,1.570557870812643e-07,25.909930763264217,True
3308,9079.0,4143.0,5,6.852024897933006,6.852024897933006,6.852024897933006,1.1545846039241143,5.934623478127861,1.5702131545179768e-07,25.91016909389066,True
3293,8717.0,4135.5,4,6.851757705211639,6.851757705211639,6.851757705211639,1.183358819095613,5.7900930762895095,1.5701519245119374e-07,25.910211432684214,True
3043,9218.6,4042.2,5,6.846462115645409,6.846462115645409,6.846462115645409,1.1075244158195436,6.181770819543674,1.568938384788763e-07,25.911050901415074,True
1292,9447.5,2923.0,4,6.845625102519989,6.845625102519989,6.845625102519989,1.1057959342519168,6.1906766795549215,1.568746574478728e-07,25.91118364603476,True
2875,9054.5,3983.5,4,6.844874083995819,6.844874083995819,6.844874083995819,1.1803498569378355,5.79902140349589,1.5685744707307842e-07,25.911302766308147,True
1668,7585.75,3282.75,4,6.843174159526825,6.843174159526825,6.843174159526825,1.179272830756544,5.802876129297996,1.5681849152632163e-07,25.911572442381466,True
2679,7977.5,3902.0,4,6.838490664958954,6.838490664958954,6.838490664958954,1.230985358914992,5.55529813204805,1.5671116435093728e-07,25.91231577879278,True
370,8938.5,2420.0,4,6.8366891741752625,6.8366891741752625,6.8366891741752625,1.1840224273693587,5.774121347823542,1.5666988130587496e-07,25.912601836278057,True
1356,9400.5,2976.5,4,6.835934817790985,6.835934817790985,6.835934817790985,1.1792584958435095,5.796807775297241,1.5665259444052593e-07,25.912721642401447,True
3,8447.8,2005.8,5,6.833908900618553,6.833908900618553,6.833908900618553,1.099269563134275,6.216772600465238,1.5660616843009103e-07,25.913043461975008,True
1434,7490.5,3046.5,4,6.830180823802948,6.830180823802948,6.830180823802948,1.0851457174576562,6.294252204031271,1.5652073565154578e-07,25.913635921210112,True
2550,7948.75,3848.75,4,6.828202426433563,6.828202426433563,6.828202426433563,1.2490648456637254,5.466651671559299,1.5647539860708746e-07,25.913950455899467,True
810,9310.5,2636.0,4,6.827319800853729,6.827319800853729,6.827319800853729,1.1148838306471553,6.123794796531117,1.5645517231899578e-07,25.914090809162076,True
1425,7553.0,3040.5,4,6.826330840587616,6.826330840587616,6.826330840587616,1.1556943552026078,5.906692206168017,1.5643250926037766e-07,25.914248093099694,True
1475,7581.25,3084.25,4,6.824927508831024,6.824927508831024,6.824927508831024,1.1791050436524533,5.788226880694019,1.5640035044576188e-07,25.91447131766431,True
431,9255.0,2444.5,4,6.824519336223602,6.824519336223602,6.824519336223602,0.9974154351955017,6.842203454457209,1.563909967436514e-07,25.91453625330351,True
1096,9455.5,2797.5,4,6.82314795255661,6.82314795255661,6.82314795255661,1.0382594275371806,6.571717791902516,1.5635957005291577e-07,25.914754453362377,True
50,8329.5,2061.5,4,6.821541011333466,6.821541011333466,6.821541011333466,1.0557212049591855,6.4614985275370955,1.5632274531446685e-07,25.915010188656534,True
72,8513.0,2090.75,4,6.821375072002411,6.821375072002411,6.821375072002411,1.108614230703828,6.153064684792754,1.5631894264117894e-07,25.915036600361837,True
1566,9413.0,3178.25,4,6.820704638957977,6.820704638957977,6.820704638957977,1.1788118188778383,5.786084368793401,1.5630357896691807e-07,25.915143316265162,True
2459,9249.75,3809.0,4,6.816641986370087,6.816641986370087,6.816641986370087,1.1789562109090514,5.781929747088753,1.5621047903469705e-07,25.91579021177258,True
3445,8738.0,4218.75,4,6.816240966320038,6.816240966320038,6.816240966320038,1.179695516938813,5.777966321349998,1.5620128924091795e-07,25.915854087034887,True
830,7551.6,2649.2,5,6.814680442214012,6.814680442214012,6.814680442214012,1.1176331827122767,6.097421361162629,1.5616552819924452e-07,25.916102686154044,True
516,7813.75,2487.25,4,6.814093291759491,6.814093291759491,6.814093291759491,1.1803199359862333,5.773090061438196,1.561520730326171e-07,25.9161962368313,True
1742,7480.5,3359.5,4,6.81126469373703,6.81126469373703,6.81126469373703,1.0649562551419516,6.395816411096749,1.560872527511693e-07,25.916647030319307,True
1965,7790.75,3547.25,4,6.8109170794487,6.8109170794487,6.8109170794487,1.307816615675319,5.207853301306879,1.560792868062645e-07,25.91670244250283,True
541,7813.5,2502.5,4,6.808397948741913,6.808397948741913,6.808397948741913,1.1810089952903864,5.764899315663438,1.560215582919542e-07,25.917104094338978,True
3343,8870.0,4157.5,4,6.8059369921684265,6.8059369921684265,6.8059369921684265,1.1460104123402326,5.938809036010617,1.559651628987391e-07,25.917496614383605,True
716,9071.25,2582.75,4,6.802771747112274,6.802771747112274,6.802771747112274,1.226972059885622,5.544357503744973,1.5589262799849462e-07,25.91800167644088,True
975,9354.5,2723.5,4,6.798484981060028,6.798484981060028,6.798484981060028,1.1367313992004997,5.980731231530707,1.5579439227189053e-07,25.918686068677772,True
197,7833.25,2341.0,4,6.797379672527313,6.797379672527313,6.797379672527313,1.0243677745526532,6.635682848863305,1.5576906297108204e-07,25.918862603752903,True
149,7924.2,2168.6,5,6.796179160475731,6.796179160475731,6.796179160475731,1.077111720788481,6.309632537932746,1.557415519820878e-07,25.919054376844564,True
2967,8291.75,4015.25,4,6.794934451580048,6.794934451580048,6.794934451580048,1.306352532078484,5.201455414771468,1.5571302817619596e-07,25.919253245834227,True
427,9271.4,2442.6,5,6.794750079512596,6.794750079512596,6.794750079512596,1.09858721049173,6.184989243112753,1.5570880309747907e-07,25.919282706331018,True
3370,8900.5,4171.5,4,6.793528735637665,6.793528735637665,6.793528735637665,1.1077846394303763,6.1325355974703735,1.5568081472546973e-07,25.919477882965985,True
18,8487.75,2029.0,4,6.792808711528778,6.792808711528778,6.792808711528778,1.0188619678411033,6.667054935736056,1.5566431462011132e-07,25.919592962728586,True
2776,8850.5,3939.5,4,6.791421592235565,6.791421592235565,6.791421592235565,1.2743975863166013,5.329123081490487,1.5563252733104666e-07,25.91981469713805,True
2142,9204.5,3643.5,4,6.788787543773651,6.788787543773651,6.788787543773651,1.1839254203561567,5.734134453951838,1.5557216535621227e-07,25.92023588090443,True
3477,8517.5,4244.5,4,6.785933673381805,6.785933673381805,6.785933673381805,1.1809739470865985,5.746048581446146,1.5550676593199365e-07,25.920692398633847,True
1712,9365.5,3334.5,4,6.785486876964569,6.785486876964569,6.785486876964569,1.1812967959598355,5.744099958767075,1.5549652712489375e-07,25.920763887546112,True
3003,8815.5,4029.5,4,6.783503234386444,6.783503234386444,6.783503234386444,1.1920893270283084,5.690431984066708,1.5545106988099242e-07,25.921081333805862,True
1844,9383.5,3461.5,4,6.783104121685028,6.783104121685028,6.783104121685028,1.1796941164272494,5.749883827706057,1.5544192379610169e-07,25.921145215821234,True
1591,9442.5,3204.0,4,6.781773269176483,6.781773269176483,6.781773269176483,1.138272901020993,5.957950209561747,1.5541142591924385e-07,25.921358259362243,True
3510,8518.5,4264.0,4,6.781476199626923,6.781476199626923,6.781476199626923,1.1806214452530193,5.743988665370705,1.5540461825988074e-07,25.921405820113236,True
362,8828.0,2416.5,4,6.7805463671684265,6.7805463671684265,6.7805463671684265,1.2339495486188918,5.494994811382369,1.5538331017680198e-07,25.921554699494784,True
3290,8729.25,4134.75,4,6.778298079967499,6.778298079967499,6.778298079967499,1.1829964521021006,5.72977042147755,1.5533178832463978e-07,25.921914766585257,True
2307,9225.5,3736.5,4,6.776378810405731,6.776378810405731,6.776378810405731,1.1814821663736657,5.735489712218454,1.552878062557208e-07,25.922222235436145,True
838,7534.6,2653.2,5,6.770452842116356,6.770452842116356,6.770452842116356,1.0990711516800706,6.160158813891943,1.5515200649579814e-07,25.92317213116017,True
2391,9265.75,3777.0,4,6.768676936626434,6.768676936626434,6.768676936626434,1.1786680820539466,5.742648876035856,1.5511130976449618e-07,25.923456959643126,True
997,9102.25,2737.75,4,6.768446624279022,6.768446624279022,6.768446624279022,1.285534538350201,5.2650834515619875,1.5510603191622592e-07,25.92349390374767,True
1127,9157.75,2815.0,4,6.768374145030975,6.768374145030975,6.768374145030975,1.2707029966209222,5.326480037451368,1.5510437097846798e-07,25.92350553030977,True
1142,9335.5,2823.0,4,6.765172183513641,6.765172183513641,6.765172183513641,1.1804988092219926,5.7307742546324345,1.5503099468212242e-07,25.92401928857033,True
2834,8942.5,3963.5,4,6.761867702007294,6.761867702007294,6.761867702007294,1.2012772224402497,5.628898621977844,1.5495526903302716e-07,25.9245497513044,True
3150,9071.75,4079.0,4,6.759247004985809,6.759247004985809,6.759247004985809,1.1055779816540483,6.113767746055635,1.5489521302041137e-07,25.924970631643816,True
2485,9310.5,3819.5,4,6.757750689983368,6.757750689983368,6.757750689983368,1.0805635881583284,6.253913017281122,1.5486092339748772e-07,25.92521101096697,True
3484,8365.5,4248.0,4,6.757509887218475,6.757509887218475,6.757509887218475,1.1798228920822953,5.727562952513998,1.5485540515033141e-07,25.92524970031056,True
2539,8991.5,3843.0,4,6.755063712596893,6.755063712596893,6.755063712596893,1.2702045290939774,5.318091345033389,1.5479934850100117e-07,25.925642800908193,True
449,9252.5,2455.5,4,6.750222384929657,6.750222384929657,6.750222384929657,1.0096328837671302,6.685818670785868,1.5468840441510446e-07,25.926421222766805,True
3466,8777.25,4235.0,4,6.748679339885712,6.748679339885712,6.748679339885712,1.178635776145958,5.725839548120063,1.546530439244158e-07,25.926669441460625,True
166,8956.0,2184.5,4,6.747174441814423,6.747174441814423,6.747174441814423,1.0077427538032957,6.695334118107113,1.5461855761149452e-07,25.926911578394485,True
1877,7498.75,3488.75,4,6.744389235973358,6.744389235973358,6.744389235973358,1.0573392361131984,6.37864273415775,1.5455473170725708e-07,25.92735985836181,True
1787,9385.0,3415.75,4,6.741041839122772,6.741041839122772,6.741041839122772,1.1799145943386793,5.7131608266113565,1.544780226081736e-07,25.92789886820239,True
2000,9301.5,3564.5,4,6.740426242351532,6.740426242351532,6.740426242351532,1.1825210157468398,5.700047739189235,1.5446391556445324e-07,25.92799802293814,True
1828,7567.5,3454.5,4,6.73009318113327,6.73009318113327,6.73009318113327,1.146364261847185,5.870815590751921,1.542271226617268e-07,25.92966373166376,True
673,7637.25,2560.0,4,6.726153552532196,6.726153552532196,6.726153552532196,1.012401128580092,6.643763388495753,1.5413684195280542e-07,25.9302994806378,True
2936,9064.75,4004.0,4,6.724770724773407,6.724770724773407,6.724770724773407,1.179196805133833,5.702840014063792,1.541051530087396e-07,25.93052271974568,True
1731,9371.5,3352.5,4,6.724451720714569,6.724451720714569,6.724451720714569,1.1809182170524954,5.694256912640756,1.5409784269716028e-07,25.930574225214883,True
847,9103.5,2655.0,4,6.723180949687958,6.723180949687958,6.723180949687958,1.2462419325685687,5.394763868867047,1.5406872165028598e-07,25.930779424471805,True
255,8009.5,2370.5,4,6.723126113414764,6.723126113414764,6.723126113414764,1.180842817431041,5.693497910281681,1.5406746501974544e-07,25.930788280096905,True
2931,8814.25,4003.25,4,6.722976863384247,6.722976863384247,6.722976863384247,1.2197284132063877,5.5118637809797955,1.5406404479923075e-07,25.930812383164085,True
3323,7999.5,4151.5,4,6.722613990306854,6.722613990306854,6.722613990306854,1.1239930120650679,5.981010485070242,1.5405572918321898e-07,25.93087098742213,True
1012,9200.5,2746.5,4,6.7205159068107605,6.7205159068107605,6.7205159068107605,1.1839183869883536,5.676502688590198,1.5400764940601564e-07,25.93120989141967,True
3529,8682.25,4283.75,4,6.715420424938202,6.715420424938202,6.715420424938202,1.178581237818371,5.697885058283188,1.5389088111074408e-07,25.93203340669666,True
2544,9303.5,3845.5,4,6.713783919811249,6.713783919811249,6.713783919811249,1.0824778099018382,6.2022369958974695,1.5385337888452547e-07,25.932298025929313,True
3065,8531.0,4047.5,4,6.7044002413749695,6.7044002413749695,6.7044002413749695,1.315874790630067,5.095013818271243,1.5363834208098354e-07,25.93381659221974,True
1753,7489.5,3373.5,4,6.702164351940155,6.702164351940155,6.702164351940155,1.0740610151734142,6.240021988748978,1.5358710433659572e-07,25.93417874109312,True
304,7886.5,2393.5,4,6.698185622692108,6.698185622692108,6.698185622692108,1.1725966816930282,5.712267250339715,1.5349592759546285e-07,25.934823478063226,True
1758,9412.75,3382.0,4,6.697609126567841,6.697609126567841,6.697609126567841,1.178602904899535,5.682668096884378,1.5348271658395402e-07,25.934916928690996,True
309,7859.5,2396.5,4,6.697069346904755,6.697069346904755,6.697069346904755,1.1428546657885463,5.859948379599005,1.5347034696854625e-07,25.93500443483372,True
3570,8285.0,4352.5,4,6.694803416728973,6.694803416728973,6.694803416728973,1.1563237639196295,5.789730891662534,1.5341842080916665e-07,25.935371852071953,True
317,7967.5,2402.5,4,6.69045752286911,6.69045752286911,6.69045752286911,1.1818382449745077,5.661060260419498,1.5331883010702319e-07,25.936076880459936,True
1554,9476.25,3166.0,4,6.690110385417938,6.690110385417938,6.690110385417938,1.08038336016201,6.192348597829862,1.5331087508934044e-07,25.93613321584143,True
1519,7432.8,3124.8,5,6.68694244325161,6.68694244325161,6.68694244325161,1.122786820694286,5.955665242950283,1.53238278381996e-07,25.936647462082796,True
3482,8828.0,4246.5,4,6.684522330760956,6.684522330760956,6.684522330760956,1.1385432948767829,5.871118262116135,1.5318281897364818e-07,25.93704047867803,True
3508,8534.5,4262.5,4,6.683543384075165,6.683543384075165,6.683543384075165,1.1805780828378298,5.661246368397346,1.53160385386694e-07,25.937199496128102,True
2074,7572.5,3612.5,4,6.681467711925507,6.681467711925507,6.681467711925507,1.1017802445846063,6.064247153428092,1.5311281918892896e-07,25.937536739756858,True
2037,9194.5,3588.5,4,6.681315124034882,6.681315124034882,6.681315124034882,1.221634351298991,5.469161142145758,1.5310932247785962e-07,25.937561535519734,True
2977,8846.5,4018.5,4,6.679885566234589,6.679885566234589,6.679885566234589,1.1921595960813423,5.603180638055119,1.5307656266602882e-07,25.937793868332104,True
2940,8931.5,4004.5,4,6.678262889385223,6.678262889385223,6.678262889385223,1.1840184036972856,5.640337066156477,1.5303937732925085e-07,25.93805764725603,True
2716,9135.5,3916.5,4,6.675951182842255,6.675951182842255,6.675951182842255,1.1795480552337207,5.65975345660627,1.5298640215655045e-07,25.93843354410776,True
1902,7509.75,3504.25,4,6.6756879687309265,6.6756879687309265,6.6756879687309265,1.0637485068203454,6.275626170968973,1.5298037032995586e-07,25.938476352498114,True
425,9198.5,2441.5,4,6.675481975078583,6.675481975078583,6.675481975078583,1.0477677616411658,6.371146564599845,1.5297564977001224e-07,25.938509855894033,True
3225,8798.5,4108.5,4,6.672166049480438,6.672166049480438,6.672166049480438,1.1816727522271926,5.646373784031896,1.528996618675868e-07,25.939049309817545,True
1562,7540.0,3175.5,4,6.668064296245575,6.668064296245575,6.668064296245575,1.1334876429428746,5.882785169967337,1.5280566590315428e-07,25.939716977768548,True
221,8958.0,2354.5,4,6.66180819272995,6.66180819272995,6.66180819272995,1.1797394467551887,5.646847031395706,1.526623007493116e-07,25.940736114086917,True
1499,9404.5,3107.5,4,6.660605609416962,6.660605609416962,6.660605609416962,1.1792910697774135,5.6479742619217195,1.5263474229519642e-07,25.94093212785215,True
654,9332.5,2549.5,4,6.659416377544403,6.659416377544403,6.659416377544403,1.0114733063512076,6.583877533622322,1.5260748980329977e-07,25.941126000220315,True
2284,9131.5,3722.5,4,6.658415973186493,6.658415973186493,6.658415973186493,1.2205851150996208,5.455101730159188,1.5258456449135147e-07,25.94128911613952,True
921,9264.5,2692.5,4,6.65820187330246,6.65820187330246,6.65820187330246,1.1801393034454162,5.641877915483233,1.525796581686323e-07,25.941324028306887,True
864,9292.5,2661.0,4,6.657286822795868,6.657286822795868,6.657286822795868,1.1678547795035779,5.700440619531217,1.525586888294384e-07,25.941473253542018,True
2619,8007.5,3878.5,4,6.653895080089569,6.653895080089569,6.653895080089569,1.2766652592040986,5.211934007069131,1.5248096349870036e-07,25.942026553460842,True
1542,7544.5,3150.5,4,6.65245121717453,6.65245121717453,6.65245121717453,1.139070140587009,5.840247215809074,1.524478758702068e-07,25.942262178509626,True
3447,8654.5,4222.0,4,6.649111449718475,6.649111449718475,6.649111449718475,1.180524111146993,5.632338540936892,1.5237134160667676e-07,25.942807393625998,True
1242,9213.5,2884.5,4,6.648270785808563,6.648270785808563,6.648270785808563,1.271171607439737,5.23003404646429,1.5235207691412915e-07,25.942944674667952,True
925,9411.0,2696.75,4,6.645502746105194,6.645502746105194,6.645502746105194,1.0368251779039706,6.409472771040956,1.5228864438988702e-07,25.94339682032221,True
3535,8673.5,4291.0,4,6.644315421581268,6.644315421581268,6.644315421581268,1.178509891146842,5.637895338422229,1.5226143560687876e-07,25.9435908216561,True
3287,9040.5,4133.5,4,6.642994582653046,6.642994582653046,6.642994582653046,1.0819438320625578,6.139870098422031,1.5223116720168482e-07,25.943806679139563,True
3476,8984.0,4243.25,4,6.63968962430954,6.63968962430954,6.63968962430954,1.025029298207954,6.477560822815139,1.521554306253675e-07,25.944346978516847,True
3377,8772.0,4175.75,4,6.639563262462616,6.639563262462616,6.639563262462616,1.1801276507545468,5.62613989954174,1.521525349115132e-07,25.94436764167211,True
763,9369.8,2611.6,5,6.637925490736961,6.637925490736961,6.637925490736961,1.1392700168357541,5.826472559308945,1.5211500365986092e-07,25.944635491730168,True
926,7561.75,2698.25,4,6.636934459209442,6.636934459209442,6.636934459209442,1.0607138882173035,6.257044932600868,1.5209229313612183e-07,25.94479760248923,True
819,9359.8,2641.2,5,6.635462626814842,6.635462626814842,6.635462626814842,1.1774860919320849,5.635278983148757,1.5205856455775744e-07,25.94503840627386,True
2066,9132.75,3608.75,4,6.634868800640106,6.634868800640106,6.634868800640106,1.273897682193746,5.208321589230284,1.5204495641002073e-07,25.945135576202315,True
200,8868.5,2340.5,4,6.63393896818161,6.63393896818161,6.63393896818161,1.180988580276464,5.617276135412449,1.5202364832694196e-07,25.945287745528116,True
3567,8765.0,4344.25,4,6.633287608623505,6.633287608623505,6.633287608623505,1.1166678227243845,5.940251410164193,1.5200872174156476e-07,25.94539435479585,True
65,8529.5,2085.5,4,6.629854381084442,6.629854381084442,6.629854381084442,1.1023843222257488,6.014104380311357,1.5193004574250476e-07,25.945956450794597,True
607,7932.0,2534.5,4,6.628049075603485,6.628049075603485,6.628049075603485,1.2707056754249513,5.2160379888025,1.518886752796657e-07,25.946252136389205,True
837,9262.25,2652.0,4,6.627067267894745,6.627067267894745,6.627067267894745,1.1793635192520942,5.619189638914191,1.5186617612937896e-07,25.946412977554203,True
585,9120.0,2523.0,4,6.625024974346161,6.625024974346161,6.625024974346161,1.1820581262602865,5.604652450811328,1.5181937483716033e-07,25.946747625400516,True
2588,9061.25,3866.0,4,6.623808562755585,6.623808562755585,6.623808562755585,1.1865104501234562,5.582596058944427,1.5179149949360448e-07,25.946946994213445,True
1930,9366.75,3526.0,4,6.620647132396698,6.620647132396698,6.620647132396698,1.1798948656573927,5.611217850929392,1.5171905201113672e-07,25.94746532120908,True
892,9401.5,2675.0,4,6.620490252971649,6.620490252971649,6.620490252971649,1.0323990960252836,6.412723798829743,1.5171545695506858e-07,25.947491048556603,True
2007,9418.5,3571.5,4,6.6199991106987,6.6199991106987,6.6199991106987,1.117095591443282,5.926081135228269,1.5170420191631416e-07,25.94757159708212,True
1370,7580.5,2989.0,4,6.619229972362518,6.619229972362518,6.619229972362518,1.1790363195255813,5.614101841261305,1.516865763070803e-07,25.947697749644895,True
295,8159.5,2389.5,4,6.619132697582245,6.619132697582245,6.619132697582245,1.2427596201506563,5.326156877208342,1.516843471537736e-07,25.947713705507923,True
109,8491.5,2136.0,4,6.618638694286346,6.618638694286346,6.618638694286346,1.1435644171581665,5.787727035731055,1.5167302655168661e-07,25.947794739882667,True
2928,8786.25,4001.25,4,6.610019385814667,6.610019385814667,6.610019385814667,1.2367747281348156,5.3445621384771185,1.5147550608515763e-07,25.94920959187073,True
2078,9126.5,3615.0,4,6.608788192272186,6.608788192272186,6.608788192272186,1.2772835989950304,5.174096181515206,1.5144729199771695e-07,25.949411841793818,True
375,8181.25,2422.0,4,6.608040511608124,6.608040511608124,6.608040511608124,1.3130771685725666,5.032484510252859,1.514301581134772e-07,25.949534682754482,True
3222,8332.5,4108.0,4,6.607990920543671,6.607990920543671,6.607990920543671,1.2150427877651393,5.438484131655911,1.514290216823797e-07,25.94954283086072,True
92,8123.5,2120.5,4,6.603269279003143,6.603269279003143,6.603269279003143,0.9870946948078732,6.689600616573464,1.5132082032922799e-07,25.950318904801783,True
2168,9261.75,3656.25,4,6.602809131145477,6.602809131145477,6.602809131145477,1.1813433471179875,5.5892380037130875,1.5131027555990952e-07,25.950394566807304,True
846,7832.5,2654.5,4,6.601012408733368,6.601012408733368,6.601012408733368,1.263013603982213,5.226398502692873,1.5126910178706812e-07,25.950690051955885,True
935,9224.5,2701.5,4,6.600843131542206,6.600843131542206,6.600843131542206,1.1820236446787804,5.584357945171233,1.5126522262322557e-07,25.950717895068472,True
1059,9164.5,2774.0,4,6.599936664104462,6.599936664104462,6.599936664104462,1.22107275755687,5.405031455545414,1.5124444997402933e-07,25.950867005125964,True
1091,9280.0,2793.5,4,6.595519721508026,6.595519721508026,6.595519721508026,1.1823657455119527,5.578239852214453,1.511432311157942e-07,25.951593866634997,True
1258,9484.5,2893.5,4,6.59196013212204,6.59196013212204,6.59196013212204,1.037659488787786,6.352719946523976,1.510616594028799e-07,25.952179994569555,True
1843,7558.5,3461.5,4,6.591340720653534,6.591340720653534,6.591340720653534,1.1322428123803292,5.821490451148434,1.5104746494138281e-07,25.952282020225343,True
1022,9133.5,2755.5,4,6.588722407817841,6.588722407817841,6.588722407817841,1.247746014496385,5.280499662006277,1.5098746356487747e-07,25.95271339859596,True
1522,9517.2,3127.6,5,6.586100444197655,6.586100444197655,6.586100444197655,1.1377585103988614,5.788662870022199,1.5092737852682798e-07,25.95314555026882,True
816,9341.0,2639.5,4,6.585980117321014,6.585980117321014,6.585980117321014,1.07533899779932,6.124561771496444,1.5092462111062828e-07,25.953165386656213,True
3533,8693.5,4288.5,4,6.585239112377167,6.585239112377167,6.585239112377167,1.1761576907807332,5.598942356110333,1.5090764020749785e-07,25.953287552399907,True
341,9040.5,2410.5,4,6.584550559520721,6.584550559520721,6.584550559520721,1.1807005111624995,5.576816895791528,1.508918612987975e-07,25.953401082954983,True
222,9165.25,2354.0,4,6.583857238292694,6.583857238292694,6.583857238292694,0.9936983745273439,6.625609346925146,1.508759731178762e-07,25.953515411728976,True
792,9143.5,2627.0,4,6.5793978571891785,6.5793978571891785,6.5793978571891785,1.1957792472061584,5.502184347622197,1.507737817368749e-07,25.954251052216833,True
3300,8820.5,4138.5,4,6.579015910625458,6.579015910625458,6.579015910625458,1.1797150078044394,5.576784110655357,1.5076502903197948e-07,25.954314083098815,True
2086,9407.25,3618.0,4,6.5766794085502625,6.5766794085502625,6.5766794085502625,1.1058112055726992,5.947379964506873,1.5071148564373031e-07,25.954699744952585,True
1577,7428.5,3189.5,4,6.5766512751579285,6.5766512751579285,6.5766512751579285,0.9972703318234215,6.594652488190536,1.5071084093762691e-07,25.954704389470894,True
3521,8175.0,4272.5,4,6.573694884777069,6.573694884777069,6.573694884777069,1.163256208088465,5.651115239332678,1.5064309216065856e-07,25.955192568274242,True
3026,7902.5,4037.5,4,6.570817172527313,6.570817172527313,6.570817172527313,1.1611497757507672,5.6588885514608185,1.5057714637533535e-07,25.955667966130434,True
2377,7805.5,3771.5,4,6.570653140544891,6.570653140544891,6.570653140544891,1.1837703891463947,5.550614545514122,1.5057338741093582e-07,25.95569507047383,True
2692,9247.75,3908.0,4,6.568803489208221,6.568803489208221,6.568803489208221,1.1062916484647625,5.937677915515287,1.5053100071644224e-07,25.95600075030402,True
74,8173.6,2094.4,5,6.566796168684959,6.566796168684959,6.566796168684959,1.1052887026440978,5.941249696098145,1.504850008676689e-07,25.95633258450122,True
1863,9448.0,3477.25,4,6.5646016001701355,6.5646016001701355,6.5646016001701355,1.1016792875717951,5.958722900780985,1.5043471003537047e-07,25.956695489129427,True
1478,7452.5,3084.5,4,6.563210189342499,6.563210189342499,6.563210189342499,1.033893523245252,6.348052330129189,1.5040282440130698e-07,25.956925642507787,True
2041,9301.5,3592.5,4,6.561879336833954,6.561879336833954,6.561879336833954,1.1817503276491403,5.552678246248107,1.5037232652444911e-07,25.957145824587883,True
259,7798.5,2371.5,4,6.559802711009979,6.559802711009979,6.559802711009979,1.028730809227033,6.376597893416722,1.5032473847223992e-07,25.95748947989845,True
3110,8645.5,4067.5,4,6.558183372020721,6.558183372020721,6.558183372020721,1.2833023632205,5.110396084335644,1.5028762962601662e-07,25.95775753552318,True
164,8776.5,2185.0,4,6.5574991106987,6.5574991106987,6.5574991106987,1.1029410113692708,5.945466750354805,1.5027194906231506e-07,25.957870823915528,True
813,9316.5,2636.5,4,6.55714339017868,6.55714339017868,6.55714339017868,1.1064134168111177,5.926485787814781,1.5026379735463468e-07,25.957929722760454,True
87,8505.25,2114.0,4,6.555855929851532,6.555855929851532,6.555855929851532,1.1308768959619446,5.797143750359318,1.5023429385498717e-07,25.95814292223675,True
3241,9092.5,4114.5,4,6.552148520946503,6.552148520946503,6.552148520946503,1.044689027972223,6.2718649717844235,1.5014933470322446e-07,25.95875709172326,True
3010,9127.5,4032.5,4,6.551248729228973,6.551248729228973,6.551248729228973,1.1035160720064947,5.936704408225797,1.5012871503513747e-07,25.958906203656195,True
471,9151.5,2467.5,4,6.551052272319794,6.551052272319794,6.551052272319794,1.1544153647786968,5.674779175843385,1.501242130196357e-07,25.95893876288056,True
2744,9299.5,3926.5,4,6.54654186964035,6.54654186964035,6.54654186964035,1.0352598860112057,6.323573392632631,1.5002085242587063e-07,25.959686550241756,True
3382,7941.0,4179.5,4,6.545815646648407,6.545815646648407,6.545815646648407,1.0621960913262158,6.162530346421781,1.5000421026662503e-07,25.959807000144668,True
23,8384.5,2035.5,4,6.5452463030815125,6.5452463030815125,6.5452463030815125,1.0289289480635353,6.361222818543298,1.4999116316344757e-07,25.95990143968308,True
1050,7585.75,2768.25,4,6.543998897075653,6.543998897075653,6.543998897075653,1.1562469085116815,5.659689854219004,1.4996257755045577e-07,25.96010838115999,True
1734,9448.5,3353.5,4,6.542202174663544,6.542202174663544,6.542202174663544,1.1228430851197393,5.826461650218817,1.4992140377761435e-07,25.960406522167343,True
2900,9141.5,3991.0,4,6.541971385478973,6.541971385478973,6.541971385478973,1.1303156480424714,5.787738493056021,1.49916115002122e-07,25.960444824345505,True
2946,7892.25,4008.0,4,6.541033923625946,6.541033923625946,6.541033923625946,1.1785996859095837,5.549835115201058,1.4989463208348978e-07,25.960600421053158,True
3036,9214.5,4039.5,4,6.5345498919487,6.5345498919487,6.5345498919487,0.9979292347594942,6.548109489470521,1.4974604371748727e-07,25.961677229342737,True
3561,8597.5,4331.5,4,6.534204185009003,6.534204185009003,6.534204185009003,1.1787516773068973,5.543325460997644,1.4973812148147081e-07,25.961734671167495,True
229,8712.0,2355.25,4,6.53405636548996,6.53405636548996,6.53405636548996,1.265191272944348,5.164481059281993,1.497347340426224e-07,25.96175923342702,True
3478,8934.5,4244.5,4,6.532666385173798,6.532666385173798,6.532666385173798,1.0546738531164024,6.194015681597446,1.497028811902252e-07,25.961990225082335,True
3389,8636.5,4182.5,4,6.531605899333954,6.531605899333954,6.531605899333954,1.1823683383779744,5.52417185688032,1.4967857904829333e-07,25.962166493281345,True
2682,8008.25,3904.25,4,6.527435004711151,6.527435004711151,6.527435004711151,1.2573793349804754,5.1913013226136,1.495829986366575e-07,25.96286003448172,True
2039,9349.0,3591.75,4,6.527320563793182,6.527320563793182,6.527320563793182,1.1796078984727911,5.533466308799679,1.495803761033555e-07,25.96287907009634,True
579,9113.5,2521.0,4,6.526086986064911,6.526086986064911,6.526086986064911,1.1822680546053528,5.519972362141979,1.4955210737980436e-07,25.963084279349147,True
1569,9521.5,3180.5,4,6.525213420391083,6.525213420391083,6.525213420391083,1.0106831021277976,6.456240741191289,1.4953208870893242e-07,25.96322962300858,True
433,7863.5,2446.5,4,6.523876845836639,6.523876845836639,6.523876845836639,1.1808379299625325,5.5247859848503,1.4950145970540947e-07,25.963452039645997,True
2449,7596.5,3803.0,4,6.520370662212372,6.520370662212372,6.520370662212372,1.008932367380657,6.462643952181109,1.4942111184136945e-07,25.964035713114434,True
3406,8391.5,4192.5,4,6.517392814159393,6.517392814159393,6.517392814159393,1.181972563468712,5.513996699748197,1.4935287133940698e-07,25.96453168123128,True
3462,8486.5,4231.5,4,6.517286956310272,6.517286956310272,6.517286956310272,1.181199103643503,5.5175176955410645,1.4935044549610261e-07,25.964549316294256,True
442,7903.5,2451.5,4,6.5165387988090515,6.5165387988090515,6.5165387988090515,1.1830634780564442,5.508190320873168,1.493333006846408e-07,25.964673961460164,True
1527,9474.75,3132.0,4,6.510209262371063,6.510209262371063,6.510209262371063,1.0835188340003892,6.008395108680432,1.49188252738596e-07,25.965729053241873,True
206,8081.5,2349.0,4,6.508743464946747,6.508743464946747,6.508743464946747,1.181682021698303,5.508032910234546,1.4915466245788622e-07,25.965973538243468,True
1070,9183.5,2780.5,4,6.503367602825165,6.503367602825165,6.503367602825165,1.2063604638352243,5.390899153102098,1.4903146895602476e-07,25.966870666839878,True
1139,9434.25,2821.0,4,6.498094260692596,6.498094260692596,6.498094260692596,1.0804426275591532,6.014289046862724,1.4891062480691298e-07,25.9677514076131,True
1275,9434.75,2910.0,4,6.497657001018524,6.497657001018524,6.497657001018524,1.1215313159271407,5.793558243754505,1.4890060454425494e-07,25.96782446974697,True
3463,8899.25,4231.25,4,6.497336566448212,6.497336566448212,6.497336566448212,1.0814094073599632,6.008211619233193,1.4889326145100934e-07,25.96787801458522,True
1049,9315.75,2768.0,4,6.496955573558807,6.496955573558807,6.496955573558807,1.1800934973326924,5.505458328720189,1.488845306005581e-07,25.96794168219704,True
95,8010.0,2124.25,4,6.495293319225311,6.495293319225311,6.495293319225311,0.9655182668338045,6.727260935751257,1.4884643830434654e-07,25.968219504725862,True
1303,7533.25,2932.75,4,6.494397342205048,6.494397342205048,6.494397342205048,1.1177648679862717,5.810164130408875,1.488259060540363e-07,25.96836928422661,True
2346,7557.5,3756.5,4,6.492192447185516,6.492192447185516,6.492192447185516,0.9827146916640309,6.606385863828174,1.4877537857908443e-07,25.96873796213393,True
2246,9224.0,3694.75,4,6.491612613201141,6.491612613201141,6.491612613201141,1.182029932970355,5.491918971026556,1.4876209107702095e-07,25.968834936287053,True
84,8935.0,2112.5,4,6.491320788860321,6.491320788860321,6.491320788860321,0.9436496938742406,6.878951830323397,1.4875540361710084e-07,25.96888374563429,True
41,8807.0,2051.25,4,6.489637076854706,6.489637076854706,6.489637076854706,0.930399237467895,6.975110055460081,1.4871681959589517e-07,25.969165399286055,True
3494,8506.0,4252.5,4,6.486391723155975,6.486391723155975,6.486391723155975,1.1808356643080105,5.493052013259703,1.4864244892233928e-07,25.969708492729467,True
2729,9306.5,3921.0,4,6.486015498638153,6.486015498638153,6.486015498638153,1.0331211845351487,6.278078114869483,1.4863382734410895e-07,25.969771469565345,True
798,9353.5,2628.5,4,6.483888804912567,6.483888804912567,6.483888804912567,1.0496361531854381,6.1772727484997985,1.4858509193358012e-07,25.970127528999697,True
2748,8968.25,3928.75,4,6.476343333721161,6.476343333721161,6.476343333721161,1.216159944465222,5.3252397953042125,1.4841217957120157e-07,25.971391764407286,True
983,9206.75,2728.0,4,6.4761921763420105,6.4761921763420105,6.4761921763420105,1.1832226219060766,5.473350539824352,1.4840871564179852e-07,25.971417105706532,True
75,8091.5,2098.5,4,6.47556608915329,6.47556608915329,6.47556608915329,0.9562388281469051,6.771912934870348,1.4839436819919214e-07,25.97152207454778,True
2107,9256.5,3627.5,4,6.474100768566132,6.474100768566132,6.474100768566132,1.1824412050569824,5.475198885896523,1.4836078884570444e-07,25.971767787682694,True
1397,9390.5,3019.5,4,6.473488032817841,6.473488032817841,6.473488032817841,1.1800099614127988,5.485960495678598,1.4834674736531666e-07,25.971870551123295,True
1675,9281.5,3290.5,4,6.471071898937225,6.471071898937225,6.471071898937225,1.216911904180447,5.317617386030334,1.4829137913097817e-07,25.972275861782602,True
3412,7975.25,4196.0,4,6.469202220439911,6.469202220439911,6.469202220439911,1.0787003177116279,5.9972191666391454,1.4824853349315674e-07,25.97258960747782,True
583,9198.0,2521.5,4,6.468914687633514,6.468914687633514,6.468914687633514,1.1719737605323137,5.519675359195172,1.4824194437823546e-07,25.972637865625465,True
1379,7500.5,2997.5,4,6.464085757732391,6.464085757732391,6.464085757732391,1.0929163037979304,5.914529534667404,1.4813128440011315e-07,25.973448651071532,True
380,9272.5,2422.5,4,6.463063418865204,6.463063418865204,6.463063418865204,0.9656352384424197,6.693069144090264,1.4810785643594861e-07,25.973620381173625,True
640,7639.5,2548.0,4,6.461513698101044,6.461513698101044,6.461513698101044,1.0051035789335536,6.428704298274325,1.4807234296415068e-07,25.973880751464083,True
2570,9196.5,3855.5,4,6.4603311419487,6.4603311419487,6.4603311419487,1.1799227598593494,5.475215295210335,1.4804524345336335e-07,25.974079476034486,True
3518,8761.5,4268.5,4,6.459016978740692,6.459016978740692,6.459016978740692,1.1701019874558498,5.520046156647011,1.4801512802927873e-07,25.974300359404992,True
2121,7598.25,3633.75,4,6.45730322599411,6.45730322599411,6.45730322599411,1.1333111026347908,5.6977322563784805,1.4797585559308128e-07,25.974588472951943,True
2582,7827.5,3862.5,4,6.4568230509758,6.4568230509758,6.4568230509758,1.181863964321805,5.4632540172937345,1.4796485188043495e-07,25.97466921297122,True
358,9179.5,2415.5,4,6.453194797039032,6.453194797039032,6.453194797039032,1.0385793427870385,6.213482717383745,1.4788170664753945e-07,25.97527948738126,True
1355,9330.0,2976.5,4,6.452119529247284,6.452119529247284,6.452119529247284,1.18315127580651,5.4533343801274405,1.4785706576172275e-07,25.975460413958405,True
2484,9111.5,3820.0,4,6.451507747173309,6.451507747173309,6.451507747173309,1.1853434676495729,5.4427327802008785,1.4784304613577913e-07,25.975563367017017,True
285,9197.5,2383.0,4,6.451278865337372,6.451278865337372,6.451278865337372,0.9888815924670458,6.52381328005391,1.4783780106917514e-07,25.975601886648995,True
2320,9147.25,3745.25,4,6.450821101665497,6.450821101665497,6.450821101665497,1.199540439362855,5.377743750841697,1.4782731093596715e-07,25.975678930012982,True
81,8771.5,2108.5,4,6.449976146221161,6.449976146221161,6.449976146221161,0.994803655054571,6.483667519162202,1.478079478984207e-07,25.975821153582736,True
3471,8767.5,4239.5,4,6.443984687328339,6.443984687328339,6.443984687328339,1.1787243784194272,5.466913898878714,1.476706473528389e-07,25.97683017546382,True
2390,9353.5,3775.5,4,6.442962825298309,6.442962825298309,6.442962825298309,1.0316670170634519,6.245196094024241,1.4764723031589645e-07,25.977002360941185,True
2895,8056.5,3990.5,4,6.438933074474335,6.438933074474335,6.438933074474335,1.202301493496791,5.355506176530854,1.4755488436199976e-07,25.97768164705598,True
3307,8437.5,4143.0,4,6.43239563703537,6.43239563703537,6.43239563703537,1.184559346053474,5.43020124611384,1.47405072147123e-07,25.978784553101384,True
1272,9296.5,2908.5,4,6.428912341594696,6.428912341594696,6.428912341594696,1.1844588224833528,5.42772126777337,1.4732524878974337e-07,25.979372664368228,True
1798,7547.0,3432.5,4,6.4263874888420105,6.4263874888420105,6.4263874888420105,1.1254343005851675,5.710140063707515,1.47267389148768e-07,25.97979915369429,True
2932,9059.0,4002.25,4,6.42186564207077,6.42186564207077,6.42186564207077,1.1794485453240098,5.444803563097872,1.471637663016727e-07,25.980563387229324,True
3340,8915.0,4156.5,4,6.4202920794487,6.4202920794487,6.4202920794487,1.1158269323093155,5.75384218963174,1.471277064687702e-07,25.98082945994932,True
3314,8526.0,4146.75,4,6.420121848583221,6.420121848583221,6.420121848583221,1.1843159201395144,5.420953766987208,1.4712380545048346e-07,25.98085824808884,True
3164,8771.0,4084.75,4,6.418993651866913,6.418993651866913,6.418993651866913,1.1837371605486864,5.422651130502297,1.4709795164301457e-07,25.981049059367717,True
3543,8263.5,4303.5,4,6.416358172893524,6.416358172893524,6.416358172893524,1.165455839171006,5.505449419222533,1.4703755688651395e-07,25.981494927158106,True
3363,7891.5,4168.5,4,6.416084945201874,6.416084945201874,6.416084945201874,1.0289720575413699,6.235431660343133,1.470312955882554e-07,25.981541162032364,True
1336,7487.75,2961.0,4,6.412989795207977,6.412989795207977,6.412989795207977,1.0710600895454796,5.987516347406265,1.4696036698965838e-07,25.982065052732317,True
1872,9282.5,3483.5,4,6.41123503446579,6.41123503446579,6.41123503446579,1.1962833315808863,5.359294796821548,1.4692015481236105e-07,25.98236217903908,True
2703,9180.5,3911.5,4,6.407917678356171,6.407917678356171,6.407917678356171,1.1686249924046404,5.483296797521687,1.4684413412826932e-07,25.982924115353185,True
1052,9183.0,2769.75,4,6.404344260692596,6.404344260692596,6.404344260692596,1.197875331762686,5.346419690660578,1.4676224552591436e-07,25.983529752211236,True
3298,8211.0,4138.5,4,6.398995101451874,6.398995101451874,6.398995101451874,1.1817078597100366,5.415039807742361,1.4663966394849004e-07,25.984436980556328,True
146,8671.5,2164.5,4,6.3970987200737,6.3970987200737,6.3970987200737,1.1324207088922738,5.649047805149465,1.4659620638623146e-07,25.984758792816244,True
169,8262.5,2189.5,4,6.39397257566452,6.39397257566452,6.39397257566452,1.1526602867538764,5.547143984348793,1.465245675181985e-07,25.985289501801514,True
132,8503.75,2152.25,4,6.392943561077118,6.392943561077118,6.392943561077118,1.1498414713182723,5.559847788189205,1.4650098657292467e-07,25.985464248923215,True
1309,9352.0,2939.75,4,6.391011416912079,6.391011416912079,6.391011416912079,1.1814949519473334,5.409258335279765,1.4645670946900924e-07,25.98579244139454,True
1575,9496.75,3186.0,4,6.387006938457489,6.387006938457489,6.387006938457489,1.046906434695893,6.1008383622293785,1.4636494265788342e-07,25.986472954954742,True
1925,9242.0,3522.5,4,6.38432377576828,6.38432377576828,6.38432377576828,1.2278001668442171,5.199806897060245,1.4630345517917359e-07,25.98692916535019,True
1752,7503.0,3372.5,4,6.384022891521454,6.384022891521454,6.384022891521454,1.089038512020974,5.86207266414698,1.4629656010203374e-07,25.986980335784203,True
2994,8114.0,4026.0,4,6.382153213024139,6.382153213024139,6.382153213024139,1.1843631573477587,5.388679285934744,1.4625371446421233e-07,25.987298360168904,True
2528,7867.5,3839.75,4,6.379235923290253,6.379235923290253,6.379235923290253,1.18738293375982,5.372517779997522,1.461868617194555e-07,25.987794764926285,True
444,8818.5,2452.0,4,6.378455817699432,6.378455817699432,6.378455817699432,1.3003172160938592,4.905307519391502,1.4616898478411353e-07,25.987927545824544,True
1695,9451.0,3314.75,4,6.37787789106369,6.37787789106369,6.37787789106369,1.1217589084533064,5.685604850562389,1.4615574099093843e-07,25.988025924541635,True
1669,7441.2,3286.6,5,6.375651702284813,6.375651702284813,6.375651702284813,1.1358363749872888,5.613177956513466,1.4610472554722503e-07,25.988404965302504,True
374,7827.5,2421.5,4,6.374580085277557,6.374580085277557,6.374580085277557,1.1480000484176291,5.552769874935196,1.4608016832295246e-07,25.988587470750957,True
171,8794.5,2192.5,4,6.374070346355438,6.374070346355438,6.374070346355438,1.1096947733152465,5.74398519271449,1.4606848712253647e-07,25.988674294372956,True
777,9267.75,2618.0,4,6.373902499675751,6.373902499675751,6.373902499675751,1.1707251816359072,5.444405399027301,1.460646407403602e-07,25.98870288514879,True
2021,9463.5,3580.0,4,6.368338763713837,6.368338763713837,6.368338763713837,1.0429746761716745,6.105938053155188,1.459371419129946e-07,25.98965103074211,True
3259,8984.0,4120.5,4,6.36659973859787,6.36659973859787,6.36659973859787,1.134783770598492,5.610407818257822,1.458972903340263e-07,25.989947557111797,True
867,9381.0,2662.5,4,6.364419162273407,6.364419162273407,6.364419162273407,1.0460142311350367,6.084447967182373,1.4584732014740112e-07,25.990319488173135,True
3439,8676.0,4212.5,4,6.360625922679901,6.360625922679901,6.360625922679901,1.1806806924508557,5.38725327122655,1.457603940956619e-07,25.990966787676513,True
2345,9118.5,3755.5,4,6.360612571239471,6.360612571239471,6.360612571239471,1.2226265750227605,5.202416421482628,1.4576008813344332e-07,25.990969066722265,True
1203,9482.0,2855.25,4,6.358233153820038,6.358233153820038,6.358233153820038,1.027522478288186,6.187926092295924,1.457055612952059e-07,25.991375301647114,True
2840,9110.0,3965.5,4,6.3561899065971375,6.3561899065971375,6.3561899065971375,1.178947538758346,5.391410302524067,1.456587381485431e-07,25.991724264001714,True
2148,9190.0,3645.5,4,6.354654490947723,6.354654490947723,6.354654490947723,1.1845342221739399,5.364686280895471,1.4562355249340794e-07,25.991986568584462,True
173,8245.5,2194.5,4,6.350476920604706,6.350476920604706,6.350476920604706,1.15566882831038,5.495066376315852,1.4552781910066283e-07,25.9927005697838,True
2063,7544.5,3607.5,4,6.348066985607147,6.348066985607147,6.348066985607147,1.0611935495512173,5.98200675860852,1.4547259292021154e-07,25.993112672734924,True
1908,9473.5,3510.5,4,6.345272243022919,6.345272243022919,6.345272243022919,1.051161622480038,6.036438267268855,1.4540854847153229e-07,25.9935907743914,True
2264,9314.0,3708.5,4,6.344955146312714,6.344955146312714,6.344955146312714,1.1535786991671066,5.500236048822524,1.4540128186884133e-07,25.99364503399892,True
2926,9240.5,4000.5,4,6.342791736125946,6.342791736125946,6.342791736125946,1.0096183036521122,6.282366031976679,1.4535170506221143e-07,25.994015295608023,True
1570,7629.75,3182.25,4,6.3404580950737,6.3404580950737,6.3404580950737,1.1831012974342514,5.359184466134912,1.452982272372948e-07,25.994414833367138,True
3353,9074.0,4161.25,4,6.339907348155975,6.339907348155975,6.339907348155975,1.022613002935903,6.199713215022905,1.4528560629577892e-07,25.99450914703204,True
2474,9152.5,3817.0,4,6.339178740978241,6.339178740978241,6.339178740978241,1.1834071876598329,5.356718133099949,1.4526890950042285e-07,25.99463393129286,True
544,9210.5,2502.5,4,6.339080035686493,6.339080035686493,6.339080035686493,1.119216901359409,5.663853027940339,1.4526664756544988e-07,25.994650837070026,True
711,7635.5,2579.5,4,6.3387643694877625,6.3387643694877625,6.3387643694877625,1.0270150545894459,6.172026730437475,1.4525941374442518e-07,25.99470490465592,True
1436,9406.0,3046.25,4,6.3338863253593445,6.3338863253593445,6.3338863253593445,1.1792684798812259,5.371029950700695,1.4514762826242743e-07,25.99554076283709,True
2595,7976.25,3871.25,4,6.333060443401337,6.333060443401337,6.333060443401337,1.253974977152986,5.050388212514306,1.4512870231376467e-07,25.995682342329026,True
3061,8172.0,4046.25,4,6.3321725726127625,6.3321725726127625,6.3321725726127625,1.1846000855455867,5.345409518264874,1.4510835582622997e-07,25.995834569052473,True
1426,7560.5,3041.5,4,6.331388175487518,6.331388175487518,6.331388175487518,1.1668451088665446,5.426074229884489,1.450903805458892e-07,25.99596907282686,True
454,9062.0,2457.5,4,6.329594790935516,6.329594790935516,6.329594790935516,1.1819058669232299,5.3554136315550185,1.450492832636024e-07,25.99627665440332,True
3173,7919.0,4089.75,4,6.326970279216766,6.326970279216766,6.326970279216766,1.1202515288557942,5.647812224526956,1.4498913983320988e-07,25.996726938886972,True
3055,9078.5,4045.0,4,6.324727714061737,6.324727714061737,6.324727714061737,1.1382941393558843,5.556321073251462,1.4493774910771277e-07,25.997111841246657,True
1559,7526.0,3174.75,4,6.324283301830292,6.324283301830292,6.324283301830292,1.1183035325497717,5.655247540362053,1.4492756493672333e-07,25.997188134080798,True
3012,9213.75,4032.75,4,6.323109328746796,6.323109328746796,6.323109328746796,1.005639157087292,6.287652269886637,1.4490066211593364e-07,25.997389697378633,True
3238,8929.5,4114.5,4,6.3215314745903015,6.3215314745903015,6.3215314745903015,1.1723866577136355,5.392019290733335,1.448645039380323e-07,25.9976606633031,True
3364,8397.75,4168.75,4,6.321012198925018,6.321012198925018,6.321012198925018,1.183123290741222,5.3426487741315025,1.448526041931745e-07,25.997749853644052,True
1552,7610.0,3164.75,4,6.320416152477264,6.320416152477264,6.320416152477264,1.1810742633372016,5.351412987883184,1.448389451655599e-07,25.997852239100908,True
1907,7509.25,3511.0,4,6.31071013212204,6.31071013212204,6.31071013212204,1.0605850187640862,5.950216173594451,1.44616521559884e-07,25.99952084402821,True
2118,9358.5,3631.5,4,6.30997771024704,6.30997771024704,6.30997771024704,1.1706188147902732,5.39029240818885,1.445997373467512e-07,25.999646862032563,True
3163,8183.5,4084.5,4,6.307341277599335,6.307341277599335,6.307341277599335,1.1830010418087735,5.331644736301835,1.4453932073580637e-07,26.000100598745007,True
404,7972.75,2431.25,4,6.30709570646286,6.30709570646286,6.30709570646286,1.1843578224162652,5.325329547446608,1.4453369321642916e-07,26.000142871812617,True
273,7978.0,2376.5,4,6.304144084453583,6.304144084453583,6.304144084453583,1.1802748742235614,5.341250773130908,1.4446605371168174e-07,26.000651098282002,True
3075,8862.25,4052.25,4,6.298632323741913,6.298632323741913,6.298632323741913,1.1830641341295804,5.323999047926532,1.4433974595152416e-07,26.00160078085104,True
2381,9312.5,3771.5,4,6.297947585582733,6.297947585582733,6.297947585582733,1.099821731545486,5.72633491859882,1.4432405446060053e-07,26.001718820035688,True
9,8377.5,2015.5,4,6.297496020793915,6.297496020793915,6.297496020793915,0.9982632990510527,6.308451915221468,1.443137063812797e-07,26.001796670448194,True
414,7912.5,2437.5,4,6.295329749584198,6.295329749584198,6.295329749584198,1.1824133702010784,5.32413613397625,1.4426406401131725e-07,26.002170216330235,True
2473,9149.25,3817.0,4,6.294804751873016,6.294804751873016,6.294804751873016,1.18354275876514,5.318612027537355,1.4425203313979434e-07,26.002260764850224,True
147,8100.5,2167.5,4,6.292793929576874,6.292793929576874,6.292793929576874,1.0433628812142066,6.031261072134056,1.4420595304423378e-07,26.00260764953285,True
2939,8884.5,4004.5,4,6.2925445437431335,6.2925445437431335,6.2925445437431335,1.1933095775844385,5.273186993504939,1.4420023810707984e-07,26.002650678527147,True
972,7570.75,2723.75,4,6.290482699871063,6.290482699871063,6.290482699871063,1.0993226801275076,5.722144019753551,1.4415298879875545e-07,26.003006494105886,True
80,8816.5,2099.5,4,6.289474666118622,6.289474666118622,6.289474666118622,0.9615418757462214,6.541030427029051,1.4412988865125367e-07,26.003180494495737,True
3185,9074.75,4093.75,4,6.288405120372772,6.288405120372772,6.288405120372772,1.0864396646663772,5.7880849943966375,1.4410537889210206e-07,26.00336514319034,True
1917,7493.25,3518.75,4,6.287780940532684,6.287780940532684,6.287780940532684,1.0393912102602365,6.049484427483649,1.4409107515838407e-07,26.00347291746275,True
1830,7464.0,3455.5,4,6.286282241344452,6.286282241344452,6.286282241344452,1.0267931590180814,6.122247880338432,1.4405673089934997e-07,26.00373173467289,True
3312,8265.0,4146.25,4,6.284580886363983,6.284580886363983,6.284580886363983,1.1829628957034668,5.31257650530684,1.440177425709269e-07,26.004025624231936,True
3553,8595.5,4319.0,4,6.277229011058807,6.277229011058807,6.277229011058807,1.1789509059006749,5.324419345743016,1.4384926666071756e-07,26.005296491753136,True
3025,7876.5,4037.5,4,6.272081077098846,6.272081077098846,6.272081077098846,1.1173252283966046,5.613478437338672,1.437312963710159e-07,26.006187265597163,True
1969,7482.5,3548.5,4,6.271956145763397,6.271956145763397,6.271956145763397,1.014162909220692,6.184367510130028,1.4372843343882788e-07,26.00620889220295,True
1916,7474.5,3517.5,4,6.270276248455048,6.270276248455048,6.270276248455048,1.0190296828799836,6.1531831248860005,1.4368993683539894e-07,26.00649973760934,True
2880,8005.25,3986.0,4,6.270029246807098,6.270029246807098,6.270029246807098,1.184658199704898,5.29269054008066,1.4368427653435545e-07,26.006542508278994,True
1406,9465.0,3026.5,4,6.26824826002121,6.26824826002121,6.26824826002121,1.1017721919379833,5.689241665280692,1.4364346335984307e-07,26.006850952855306,True
1431,7540.5,3043.5,4,6.2575618624687195,6.2575618624687195,6.2575618624687195,1.1393228291377775,5.492351862381577,1.433985733855467e-07,26.008703545449755,True
78,8256.5,2099.5,4,6.255993068218231,6.255993068218231,6.255993068218231,1.053792494549047,5.936646067018516,1.4336262282486513e-07,26.008975777718515,True
954,7644.5,2714.5,4,6.2545968890190125,6.2545968890190125,6.2545968890190125,1.1789552870001547,5.305202799449503,1.433306279185807e-07,26.009218113582193,True
2765,7937.5,3936.5,4,6.251557528972626,6.251557528972626,6.251557528972626,1.1838312153802986,5.280784496769964,1.4326097780496842e-07,26.00974584468103,True
2327,9107.5,3748.5,4,6.251363933086395,6.251363933086395,6.251363933086395,1.2356461772727898,5.059186074515165,1.432565413527992e-07,26.009779467872768,True
1852,9431.5,3467.5,4,6.2477986216545105,6.2477986216545105,6.2477986216545105,1.1325790512237142,5.516434914546557,1.431748385132198e-07,26.010398867419077,True
2913,7815.0,3996.5,4,6.246352851390839,6.246352851390839,6.246352851390839,1.0773467412623436,5.797903880111886,1.4314170717583787e-07,26.01065014100567,True
1547,7490.5,3155.5,4,6.2422091364860535,6.2422091364860535,6.2422091364860535,1.0822690388484035,5.767705544942986,1.4304674961586128e-07,26.011370637322827,True
671,9277.25,2559.0,4,6.241879165172577,6.241879165172577,6.241879165172577,1.0896022812486166,5.728584890644475,1.4303918797817385e-07,26.01142803227118,True
2838,7949.0,3965.5,4,6.241729915142059,6.241729915142059,6.241729915142059,1.1831510963715728,5.275513782038386,1.4303576775765915e-07,26.011453993699586,True
463,9273.8,2462.8,5,6.241643771529198,6.241643771529198,6.241643771529198,1.1153202725126186,5.596279315777057,1.4303379368669316e-07,26.01146897830898,True
2727,9031.5,3920.5,4,6.239072501659393,6.239072501659393,6.239072501659393,1.1841211025443328,5.268947988726352,1.429748703489423e-07,26.011916343791576,True
2636,9148.5,3884.5,4,6.230362117290497,6.230362117290497,6.230362117290497,1.180366933714724,5.278326543495226,1.427752627829938e-07,26.01343320185193,True
3368,7988.0,4171.5,4,6.225323855876923,6.225323855876923,6.225323855876923,1.1000061195256738,5.659353839378005,1.4265980575437322e-07,26.014311551408248,True
3144,8060.0,4077.5,4,6.2250067591667175,6.2250067591667175,6.2250067591667175,1.1806502942168773,5.272523785966403,1.4265253915168226e-07,26.014366856506467,True
3113,7858.5,4068.5,4,6.224649608135223,6.224649608135223,6.224649608135223,1.0583635592893432,5.8813907125778915,1.4264435466233562e-07,26.014429150885384,True
725,7810.0,2589.25,4,6.22273463010788,6.22273463010788,6.22273463010788,1.1842888002640959,5.254406381889462,1.4260047093841547e-07,26.014763222840138,True
710,7623.5,2580.0,4,6.212739169597626,6.212739169597626,6.212739169597626,1.0161557175724103,6.113963698831338,1.4237141450892994e-07,26.01650862247205,True
1369,9421.5,2986.5,4,6.211179435253143,6.211179435253143,6.211179435253143,1.172284310921651,5.298355848821272,1.423356715654681e-07,26.016781235342496,True
3112,7831.5,4068.5,4,6.2075106501579285,6.2075106501579285,6.2075106501579285,1.025587309571191,6.052639879829788,1.422515975186948e-07,26.017422741474597,True
2907,8992.5,3993.5,4,6.206708610057831,6.206708610057831,6.206708610057831,1.1822791699811257,5.249782595896464,1.4223321793113662e-07,26.017563032854554,True
15,8263.5,2023.5,4,6.203939616680145,6.203939616680145,6.203939616680145,0.9906283645236594,6.262630708806012,1.421697635524503e-07,26.01804751945926,True
2297,9181.75,3731.0,4,6.203684985637665,6.203684985637665,6.203684985637665,1.1839077773167808,5.240006953664712,1.4216392841585335e-07,26.018092082725893,True
930,9251.75,2698.25,4,6.200908839702606,6.200908839702606,6.200908839702606,1.180794597346821,5.251471215769194,1.4210031012883566e-07,26.018578057880607,True
2819,7809.5,3959.5,4,6.1979681849479675,6.1979681849479675,6.1979681849479675,1.126141863630992,5.5037188342896775,1.4203292195019634e-07,26.01909306829426,True
2649,9201.5,3889.5,4,6.197286784648895,6.197286784648895,6.197286784648895,1.1763898367674281,5.26805535967419,1.4201730694982735e-07,26.019212439937228,True
280,9200.25,2380.0,4,6.194837272167206,6.194837272167206,6.194837272167206,0.9839362073229686,6.295974501255246,1.4196117380994244e-07,26.019641668116,True
3278,8129.25,4129.25,4,6.193507373332977,6.193507373332977,6.193507373332977,1.1794844568979097,5.251029241726631,1.419306977875288e-07,26.0198747774393,True
920,7634.5,2692.5,4,6.189648330211639,6.189648330211639,6.189648330211639,1.1562916983615599,5.353016318444763,1.418422637791409e-07,26.020551487491,True
569,9256.5,2515.0,4,6.189508616924286,6.189508616924286,6.189508616924286,1.069324971991815,5.788239103212174,1.4183906210306807e-07,26.020575995100856,True
1967,9465.5,3546.5,4,6.185094058513641,6.185094058513641,6.185094058513641,1.0525907001500892,5.876067551833497,1.417378978809434e-07,26.021350653685616,True
47,8566.5,2057.5,4,6.182870090007782,6.182870090007782,6.182870090007782,1.0633702321553642,5.814409603582387,1.4168693331710787e-07,26.02174112104501,True
1615,9399.25,3235.75,4,6.172609508037567,6.172609508037567,6.172609508037567,1.1795186998542129,5.233159515657102,1.4145180135213934e-07,26.023544416141654,True
3356,8859.5,4165.0,4,6.160135447978973,6.160135447978973,6.160135447978973,1.1482557656937502,5.364776413081765,1.411659452222213e-07,26.02574077117742,True
3070,8188.0,4050.75,4,6.158056914806366,6.158056914806366,6.158056914806366,1.1859182879643058,5.192648580685108,1.4111831346112373e-07,26.026107178629626,True
3337,8241.5,4156.0,4,6.1567036509513855,6.1567036509513855,6.1567036509513855,1.1819350125460388,5.209003528619616,1.410873020048276e-07,26.026345800819644,False
1531,9410.75,3137.0,4,6.156089007854462,6.156089007854462,6.156089007854462,1.178938061195614,5.221723863602551,1.4107321681555143e-07,26.026454198692065,False
3181,7871.5,4093.5,4,6.1554500460624695,6.1554500460624695,6.1554500460624695,1.054408713429328,5.837821679263882,1.4105857433794858e-07,26.026566896860604,False
2862,9240.5,3977.5,4,6.151817977428436,6.151817977428436,6.151817977428436,1.0337827801189206,5.950783951654492,1.4097534168727636e-07,26.027207732588092,False
2394,7584.5,3778.5,4,6.149927318096161,6.149927318096161,6.149927318096161,1.0087343829595627,6.0966766098055105,1.409320152516829e-07,26.027541466908673,False
29,8510.5,2044.5,4,6.147701442241669,6.147701442241669,6.147701442241669,1.0423527153401104,5.897908982024121,1.40881006978959e-07,26.0279345043106,False
916,9192.5,2690.5,4,6.147069156169891,6.147069156169891,6.147069156169891,1.1834509971683658,5.194189848906238,1.4086651748246545e-07,26.028046177135238,False
1490,7591.25,3097.0,4,6.1450812220573425,6.1450812220573425,6.1450812220573425,1.179694056862443,5.2090465204182035,1.4082096189356526e-07,26.028397356056917,False
1306,9373.5,2934.5,4,6.143244445323944,6.143244445323944,6.143244445323944,1.1802433136320598,5.20506608626219,1.4077887023406816e-07,26.028721933231765,False
66,8633.5,2085.5,4,6.140488803386688,6.140488803386688,6.140488803386688,1.0868910613774416,5.649589937380392,1.4071572181760043e-07,26.029209065312582,False
260,8146.75,2371.5,4,6.138621509075165,6.138621509075165,6.138621509075165,1.2037849885286742,5.099433509781587,1.4067293081588944e-07,26.029539282893985,False
595,9320.75,2528.25,4,6.130739390850067,6.130739390850067,6.130739390850067,1.0072088856713937,6.086859913634884,1.4049230383471418e-07,26.03093428665568,False
2461,9340.25,3811.0,4,6.130356013774872,6.130356013774872,6.130356013774872,1.0356274725028243,5.919460594222652,1.4048351834815249e-07,26.031002183749212,False
3237,8586.0,4113.5,4,6.128456771373749,6.128456771373749,6.128456771373749,1.2226401218868193,5.012478047846253,1.4043999522256136e-07,26.031338607233142,False
1942,9458.0,3533.5,4,6.127947509288788,6.127947509288788,6.127947509288788,1.0687386428733159,5.7338129861326355,1.4042832494936747e-07,26.03142883341547,False
1831,7513.25,3456.25,4,6.125194251537323,6.125194251537323,6.125194251537323,1.0830625939827305,5.655438832037615,1.4036523116901017e-07,26.031916759162264,False
176,9071.5,2209.5,4,6.121982753276825,6.121982753276825,6.121982753276825,0.9424876198167704,6.495557739492646,1.4029163632822278e-07,26.032486170384374,False
1543,9453.5,3150.5,4,6.117381751537323,6.117381751537323,6.117381751537323,1.1190180234976121,5.4667410381977435,1.401861995622603e-07,26.033302466753373,False
1501,9325.75,3109.0,4,6.113576114177704,6.113576114177704,6.113576114177704,1.1836721900141536,5.16492333414085,1.400989894027467e-07,26.033978115944908,False
3496,8227.25,4254.25,4,6.1083099246025085,6.1083099246025085,6.1083099246025085,1.178723365092085,5.182140360919469,1.399783091619663e-07,26.0349137641777,False
2519,7846.5,3834.5,4,6.10548609495163,6.10548609495163,6.10548609495163,1.1840881412882056,5.156276701081801,1.3991359815273946e-07,26.035415808609706,False
1094,9404.75,2796.25,4,6.100696265697479,6.100696265697479,6.100696265697479,1.1129463833688207,5.481572479018301,1.3980383420682864e-07,26.03626791636119,False
1465,9379.0,3075.0,4,6.097984969615936,6.097984969615936,6.097984969615936,1.1806596225486132,5.164896684154077,1.3974170202201543e-07,26.036750550886882,False
2972,9107.5,4017.0,4,6.095193088054657,6.095193088054657,6.095193088054657,1.1418644332126315,5.337930590329233,1.396777231366687e-07,26.037247754639523,False
1398,7522.5,3020.5,4,6.092357337474823,6.092357337474823,6.092357337474823,1.118668357018836,5.446079974685688,1.3961273894688955e-07,26.037753004180285,False
1219,7550.5,2864.5,4,6.086960971355438,6.086960971355438,6.086960971355438,1.127860152505739,5.396911095610735,1.3948907557447815e-07,26.038715131994795,False
1661,7462.0,3277.75,4,6.085247218608856,6.085247218608856,6.085247218608856,1.0453591277429868,5.821202548589581,1.394498031382807e-07,26.03902085851314,False
3094,7787.0,4061.5,4,6.0831868052482605,6.0831868052482605,6.0831868052482605,0.9833777653961354,6.186012150475826,1.3940258661162261e-07,26.039388541881333,False
434,9006.25,2448.0,4,6.073199450969696,6.073199450969696,6.073199450969696,1.18392431753235,5.129719324988652,1.3917371594491263e-07,26.04117256459025,False
2010,7501.5,3576.5,4,6.072337329387665,6.072337329387665,6.072337329387665,1.0214320637573493,5.9449253110877525,1.3915395952737088e-07,26.04132670131274,False
1009,7589.0,2746.75,4,6.071608245372772,6.071608245372772,6.071608245372772,1.1469264093437483,5.293808038518219,1.3913725180479273e-07,26.041457069636174,False
3544,8803.75,4305.75,4,6.070170104503632,6.070170104503632,6.070170104503632,1.1263535370792355,5.3892227481650945,1.3910429530296427e-07,26.04171427110559,False
1453,7505.25,3062.0,4,6.068576991558075,6.068576991558075,6.068576991558075,1.1011489352666783,5.511131870720445,1.3906778745395599e-07,26.041999259399606,False
71,8456.0,2091.25,4,6.0640146136283875,6.0640146136283875,6.0640146136283875,1.1120779242889713,5.452868437709105,1.389632357929829e-07,26.042815826756808,False
1046,7643.5,2767.0,4,6.0636274218559265,6.0636274218559265,6.0636274218559265,1.1803729237252925,5.137043810458593,1.3895436288864448e-07,26.042885154021658,False
181,7818.0,2327.5,4,6.06226509809494,6.06226509809494,6.06226509809494,0.9998837402723718,6.062969977333123,1.3892314381512857e-07,26.043129115319136,False
845,7546.5,2654.5,4,6.061457812786102,6.061457812786102,6.061457812786102,0.9983288485185017,6.071604383446571,1.389046440281274e-07,26.043273707684882,False
2356,7620.5,3763.0,4,6.0592586398124695,6.0592586398124695,6.0592586398124695,1.0685107131362883,5.670751416265503,1.388542476798406e-07,26.043667697883986,False
1667,7442.5,3282.0,4,6.056489646434784,6.056489646434784,6.056489646434784,1.017903994016196,5.949961570087344,1.387907933011543e-07,26.04416397699811,False
355,7929.5,2415.5,4,6.054272830486298,6.054272830486298,6.054272830486298,1.181430370374381,5.124527845485953,1.3873999264565013e-07,26.04456145442631,False
893,9391.0,2675.75,4,6.051559627056122,6.051559627056122,6.051559627056122,1.044840071545793,5.791852544574708,1.3867781675194856e-07,26.045048132769935,False
94,8096.5,2122.5,4,6.050911128520966,6.050911128520966,6.050911128520966,0.9809967826597351,6.168125355228369,1.3866295572990388e-07,26.04516448890138,False
3365,8988.5,4168.5,4,6.0444270968437195,6.0444270968437195,6.0444270968437195,1.0805784776212035,5.593695619544434,1.385143673639014e-07,26.046328565256754,False
328,8940.5,2407.5,4,6.043683230876923,6.043683230876923,6.043683230876923,1.1831210558819858,5.108254308238572,1.384973208974384e-07,26.046462191140492,False
3103,8051.5,4065.5,4,6.036778628826141,6.036778628826141,6.036778628826141,1.1811949315819361,5.110738682853371,1.3833909472155103e-07,26.047703298861265,False
694,7802.0,2569.25,4,6.0348846316337585,6.0348846316337585,6.0348846316337585,1.1828579321252994,5.101952202147034,1.3829569179540293e-07,26.04804399447147,False
1608,7469.5,3225.5,4,6.033853709697723,6.033853709697723,6.033853709697723,1.0563045296111788,5.712229324547874,1.3827206714124075e-07,26.048229483499618,False
1137,9215.75,2821.25,4,6.029182612895966,6.029182612895966,6.029182612895966,1.2138995579636283,4.96678870450385,1.3816502407363078e-07,26.049070329706403,False
1964,7544.5,3546.5,4,6.017090976238251,6.017090976238251,6.017090976238251,1.0879249500356118,5.530796013126906,1.3788793157583024e-07,26.051249980036616,False
1223,9464.0,2868.5,4,6.01551216840744,6.01551216840744,6.01551216840744,1.057678557391455,5.6874672615501005,1.3785175154348475e-07,26.051534900732744,False
224,7833.5,2354.5,4,6.015435874462128,6.015435874462128,6.015435874462128,1.0397007447060584,5.7857377760778625,1.3785000318795006e-07,26.051548671068772,False
1229,9325.5,2875.75,4,6.014860808849335,6.014860808849335,6.014860808849335,1.1820981225950216,5.088292328597144,1.3783682495810752e-07,26.051652470596384,False
1551,9465.5,3161.0,4,6.011758506298065,6.011758506298065,6.011758506298065,1.0983981124586937,5.473205423524563,1.3776573245117914e-07,26.0522126084347,False
3240,8285.5,4115.0,4,6.007106006145477,6.007106006145477,6.007106006145477,1.1890322327317784,5.052096857243532,1.3765911554523074e-07,26.053053185030834,False
1989,9436.0,3557.5,4,6.006213843822479,6.006213843822479,6.006213843822479,1.0951706467529336,5.484272119263125,1.3763867071269723e-07,26.05321444818681,False
2421,9289.5,3786.5,4,6.0056721568107605,6.0056721568107605,6.0056721568107605,1.1332260859718153,5.2996239948540405,1.3762625738840108e-07,26.053312372725994,False
1215,9445.25,2862.75,4,5.999047935009003,5.999047935009003,5.999047935009003,1.083529384946568,5.536580750234876,1.3747445641910363e-07,26.054510594444366,False
2611,9339.5,3875.5,4,5.998164355754852,5.998164355754852,5.998164355754852,1.0206644014006165,5.876725344318674,1.3745420827656777e-07,26.05467052059462,False
2584,7847.5,3864.5,4,5.996492564678192,5.996492564678192,5.996492564678192,1.1828084017389746,5.069707448697608,1.3741589743591438e-07,26.05497317603905,False
1372,7504.5,2990.5,4,5.99612158536911,5.99612158536911,5.99612158536911,1.096299907504562,5.46941721359596,1.3740739605712707e-07,26.055040348327285,False
3248,9125.0,4116.5,4,5.995691001415253,5.995691001415253,5.995691001415253,1.0075565513014044,5.950724049852044,1.3739752877557829e-07,26.055118318289658,False
141,8135.5,2162.5,4,5.993907153606415,5.993907153606415,5.993907153606415,1.0518050198960442,5.698686581852239,1.3735665003773336e-07,26.055441396367684,False
1689,7470.5,3307.5,4,5.990777671337128,5.990777671337128,5.990777671337128,1.0561651701362873,5.672197721275054,1.3728493467914575e-07,26.056008418751464,False
44,8554.75,2054.25,4,5.989282786846161,5.989282786846161,5.989282786846161,1.0585096517746013,5.658222177573036,1.3725067783788836e-07,26.056279377354365,False
2858,9239.5,3975.0,4,5.980371654033661,5.980371654033661,5.980371654033661,1.0373416261634998,5.765093681000197,1.3704646991143927e-07,26.057895988987593,False
1031,7543.75,2760.75,4,5.972253501415253,5.972253501415253,5.972253501415253,1.0870413560696013,5.494044424408137,1.3686043395532863e-07,26.059370840487453,False
2227,9371.5,3687.0,4,5.969807326793671,5.969807326793671,5.969807326793671,1.0910412479289522,5.471660524407983,1.3680437730599838e-07,26.059815638152635,False
1682,7557.75,3299.25,4,5.96539181470871,5.96539181470871,5.96539181470871,1.1570325105970505,5.155768537247459,1.3670319122942952e-07,26.060618989901542,False
51,8624.5,2061.5,4,5.964159190654755,5.964159190654755,5.964159190654755,1.0598733767407125,5.6272374809484695,1.3667494436032258e-07,26.060843357870862,False
2192,9250.5,3667.5,4,5.959883868694305,5.959883868694305,5.959883868694305,1.1814576687582106,5.044517485724676,1.3657697088704868e-07,26.061621931382426,False
1445,9483.5,3054.5,4,5.958294570446014,5.958294570446014,5.958294570446014,1.0715932466606994,5.560220343878856,1.3654055045581714e-07,26.06191149889769,False
2515,9166.0,3832.75,4,5.949942767620087,5.949942767620087,5.949942767620087,1.1821386521394566,5.033202117917192,1.363491601608816e-07,26.063434454131528,False
2249,7575.75,3697.75,4,5.945708453655243,5.945708453655243,5.945708453655243,1.0540009300221271,5.641084636927618,1.3625212642870757e-07,26.064207400157365,False
638,7612.5,2546.5,4,5.945305526256561,5.945305526256561,5.945305526256561,0.9812383297028868,6.058982151723287,1.3624289292604012e-07,26.064280980571205,False
1411,7459.5,3029.5,4,5.926025092601776,5.926025092601776,5.926025092601776,1.0431691956692477,5.680789959293152,1.3580106162798562e-07,26.067807709619593,False
2837,7788.5,3964.5,4,5.923242270946503,5.923242270946503,5.923242270946503,1.0903104466699902,5.43261993777752,1.3573729035985865e-07,26.068317683812147,False
1510,7518.5,3116.5,4,5.922937572002411,5.922937572002411,5.922937572002411,1.1121278933559917,5.32577018109776,1.3573030786494207e-07,26.06837353686851,False
1760,9489.5,3383.5,4,5.922099769115448,5.922099769115448,5.922099769115448,1.0533226250164145,5.62230377328424,1.35711108735727e-07,26.06852712573483,False
1249,7529.5,2889.5,4,5.915446937084198,5.915446937084198,5.915446937084198,1.1038658706052475,5.358845757085296,1.3555865213310407e-07,26.0697475173481,False
2814,9285.5,3955.5,4,5.914006412029266,5.914006412029266,5.914006412029266,1.0183368097783054,5.807515112133442,1.3552564099516512e-07,26.070011947185655,False
366,9258.5,2417.5,4,5.910106360912323,5.910106360912323,5.910106360912323,0.9717119669003221,6.082158666590322,1.3543626724567737e-07,26.070728183056026,False
702,9330.0,2573.25,4,5.907007873058319,5.907007873058319,5.907007873058319,1.031835833071456,5.724755512197113,1.3536526215652573e-07,26.071297550577334,False
93,8174.5,2120.5,4,5.891368567943573,5.891368567943573,5.891368567943573,1.0137691714586365,5.811351078536866,1.350068711263632e-07,26.07417594148313,False
3319,7878.5,4150.5,4,5.891353785991669,5.891353785991669,5.891353785991669,1.026494516641457,5.739293966486382,1.3500653238247834e-07,26.07417866569234,False
911,9426.5,2688.0,4,5.890260398387909,5.890260398387909,5.890260398387909,1.013953975274427,5.809198979464238,1.3498147626222217e-07,26.074380188249787,False
1389,7485.5,3011.5,4,5.889597594738007,5.889597594738007,5.889597594738007,1.0771866435832411,5.467573915646012,1.3496628742351475e-07,26.07450236797734,False
1308,7462.5,2937.5,4,5.888794124126434,5.888794124126434,5.888794124126434,1.031958706419062,5.706424188774748,1.3494787505429028e-07,26.074650496372897,False
128,7942.75,2152.0,4,5.880041301250458,5.880041301250458,5.880041301250458,0.9611136530062678,6.117945867128486,1.3474729496557562e-07,26.07626548342964,False
2175,7539.5,3662.5,4,5.876870810985565,5.876870810985565,5.876870810985565,1.0207706150184577,5.757288390280807,1.3467463986588813e-07,26.076851065105853,False
3059,7849.5,4046.5,4,5.875961482524872,5.875961482524872,5.875961482524872,1.066290611214794,5.5106566828254815,1.3465380165335932e-07,26.07701907411153,False
115,8727.5,2142.5,4,5.875885188579559,5.875885188579559,5.875885188579559,1.0671392564113102,5.506202825242895,1.3465205329782466e-07,26.07703317148719,False
835,7584.25,2652.0,4,5.871739566326141,5.871739566326141,5.871739566326141,1.041485701137059,5.637849429824695,1.345570520289597e-07,26.07779946296356,False
3159,9086.5,4082.5,4,5.866274058818817,5.866274058818817,5.866274058818817,1.086553964110754,5.398971659562101,1.3443180420934499e-07,26.078810553936265,False
32,8397.25,2047.0,4,5.859309375286102,5.859309375286102,5.859309375286102,1.0476069936684747,5.593041484734816,1.3427220120347408e-07,26.080100350729396,False
3373,8124.5,4173.5,4,5.858191192150116,5.858191192150116,5.858191192150116,1.1731531191582034,4.993543550694954,1.3424657686766913e-07,26.080307571016856,False
3423,7940.5,4202.5,4,5.857523143291473,5.857523143291473,5.857523143291473,1.0527871662011503,5.563824608945041,1.342312678295187e-07,26.080431391863353,False
19,8719.5,2029.5,4,5.850371062755585,5.850371062755585,5.850371062755585,0.973345407380121,6.010580641154489,1.3406737042536578e-07,26.08175789406886,False
3352,8906.0,4162.0,4,5.84719055891037,5.84719055891037,5.84719055891037,1.1140155676264571,5.248751210334076,1.3399448585401437e-07,26.082348305706926,False
1550,7496.0,3160.5,4,5.846643626689911,5.846643626689911,5.846643626689911,1.0882286952533418,5.372624019373796,1.3398195233027522e-07,26.082449867624824,False
1596,7432.25,3211.75,4,5.84604948759079,5.84604948759079,5.84604948759079,1.0030150319345048,5.828476444979667,1.33968337011549e-07,26.082560206333767,False
1660,9433.25,3275.75,4,5.842317283153534,5.842317283153534,5.842317283153534,1.1547521224321022,5.059369166474127,1.3388280964423751e-07,26.083253577734283,False
738,9376.5,2598.5,4,5.819288909435272,5.819288909435272,5.819288909435272,1.0032738950946496,5.80029933788547,1.333550903805425e-07,26.087541627110888,False
423,9177.5,2440.5,4,5.817502200603485,5.817502200603485,5.817502200603485,1.0730863987783852,5.421280343527046,1.3331414607936503e-07,26.087875034226805,False
2099,7517.0,3625.75,4,5.811970412731171,5.811970412731171,5.811970412731171,1.0124211438247483,5.740664789728287,1.331873793758796e-07,26.088907937957302,False
2035,7533.5,3589.0,4,5.802025020122528,5.802025020122528,5.802025020122528,1.0549071747844578,5.500033707997121,1.3295947030471367e-07,26.09076743162209,False
3275,9054.5,4127.5,4,5.801139056682587,5.801139056682587,5.801139056682587,1.0738519336112518,5.4021777817859515,1.3293916752606736e-07,26.09093323511816,False
1748,9504.5,3365.5,4,5.799398601055145,5.799398601055145,5.799398601055145,1.0332803034754463,5.612609261541929,1.3289928316543276e-07,26.09125902617327,False
2216,7582.75,3684.0,4,5.797347247600555,5.797347247600555,5.797347247600555,1.076117703931374,5.387279873215674,1.3285227425599442e-07,26.09164313888328,False
2685,9299.5,3905.5,4,5.793212115764618,5.793212115764618,5.793212115764618,1.0540692086652443,5.496045295830712,1.3275751338601548e-07,26.092417849127276,False
1525,9521.25,3129.75,4,5.777214705944061,5.777214705944061,5.777214705944061,1.0118116375170416,5.709772937699343,1.323909160120621e-07,26.095420154635928,False
123,8202.0,2148.5,4,5.775519073009491,5.775519073009491,5.775519073009491,1.066697080660466,5.414394749663575,1.3235205881030413e-07,26.095738868823496,False
1634,9461.0,3252.5,4,5.758886992931366,5.758886992931366,5.758886992931366,1.1065142150494198,5.204530510865745,1.3197091730374676e-07,26.098870033777054,False
2208,7538.5,3677.5,4,5.758746802806854,5.758746802806854,5.758746802806854,1.0088641601712678,5.708148857056466,1.319677047004518e-07,26.098896464465238,False
40,8812.0,2050.75,4,5.7586018443107605,5.7586018443107605,5.7586018443107605,0.9273403233427954,6.209804210338504,1.3196438282493593e-07,26.098923794833055,False
2711,9282.5,3915.5,4,5.757884204387665,5.757884204387665,5.757884204387665,1.063871242586519,5.412200249335536,1.3194793735568798e-07,26.0990591082688,False
647,9304.0,2548.25,4,5.7429463267326355,5.7429463267326355,5.7429463267326355,1.0408734360649512,5.517430004212608,1.316056202692223e-07,26.101879531310214,False
2263,7542.0,3707.75,4,5.73280256986618,5.73280256986618,5.73280256986618,0.9924706973775472,5.776294035697214,1.3137316547366626e-07,26.103798961065916,False
513,9282.0,2485.5,4,5.730673015117645,5.730673015117645,5.730673015117645,1.009731493037252,5.675442486081023,1.3132436449980486e-07,26.10420235263769,False
68,8812.75,2087.5,4,5.727086246013641,5.727086246013641,5.727086246013641,0.9523134388395516,6.013866876637196,1.3124216993523132e-07,26.104882116475064,False
56,8842.75,2073.0,4,5.706679046154022,5.706679046154022,5.706679046154022,0.9279251877594211,6.149934414360963,1.3077451761137422e-07,26.1087578054868,False
496,7633.5,2479.5,4,5.699727237224579,5.699727237224579,5.699727237224579,0.9571616100138858,5.9548222343997805,1.306152096404998e-07,26.110081242753594,False
1935,9463.75,3529.75,4,5.694164454936981,5.694164454936981,5.694164454936981,1.0608088815327932,5.367757146517589,1.304877326675784e-07,26.111141409862757,False
530,9325.5,2498.5,4,5.68962687253952,5.68962687253952,5.68962687253952,0.9810075562692946,5.799778845921215,1.3038374922215408e-07,26.11200695941654,False
700,7644.0,2573.25,4,5.682563006877899,5.682563006877899,5.682563006877899,1.0297675124395287,5.518297031352111,1.3022187335408812e-07,26.113355775389905,False
2405,7624.5,3781.5,4,5.67945784330368,5.67945784330368,5.67945784330368,1.0583136304530134,5.3665167676925565,1.3015071528382717e-07,26.113949224150936,False
554,9226.75,2507.25,4,5.673127353191376,5.673127353191376,5.673127353191376,1.1019441180276517,5.148289518842023,1.300056454833382e-07,26.115160092495408,False
2352,7583.0,3761.5,4,5.670555770397186,5.670555770397186,5.670555770397186,1.018197003434054,5.569212786201697,1.2994671497459784e-07,26.11565235952378,False
1541,7458.25,3149.25,4,5.670105159282684,5.670105159282684,5.670105159282684,1.0401532399744298,5.451220975307517,1.299363887497212e-07,26.115738641056147,False
1071,9441.25,2781.0,4,5.667933642864227,5.667933642864227,5.667933642864227,1.0494503735334975,5.400859140942802,1.2988662618031576e-07,26.116154532034244,False
2305,7601.5,3737.25,4,5.662924945354462,5.662924945354462,5.662924945354462,1.0640972522465115,5.321811454168264,1.2977184663946488e-07,26.117114410676606,False
514,9311.0,2485.5,4,5.657355487346649,5.657355487346649,5.657355487346649,0.9838208596046132,5.75039188498227,1.2964421668543418e-07,26.118182752176416,False
33,8789.5,2046.5,4,5.650272071361542,5.650272071361542,5.650272071361542,0.9381421955521924,6.022831185027106,1.2948189280126246e-07,26.119543023754947,False
1466,7530.75,3077.0,4,5.644822776317596,5.644822776317596,5.644822776317596,1.1269608421798027,5.0088898966526685,1.293570165071989e-07,26.12059064618901,False
3257,7823.5,4120.5,4,5.636306464672089,5.636306464672089,5.636306464672089,0.9942269375836703,5.669034152675791,1.291618563206417e-07,26.122229927052395,False
1567,9505.5,3178.5,4,5.628307044506073,5.628307044506073,5.628307044506073,1.0336925253088582,5.444856092796438,1.289785412428319e-07,26.123771970469015,False
1801,9480.5,3435.0,4,5.624924838542938,5.624924838542938,5.624924838542938,1.058680040343692,5.313149038605518,1.2890103445653569e-07,26.12442461561396,False
70,8892.0,2089.25,4,5.62266081571579,5.62266081571579,5.62266081571579,0.9286062837718733,6.054945905467386,1.2884915200604444e-07,26.124861710588934,False
741,9381.5,2602.0,4,5.616625010967255,5.616625010967255,5.616625010967255,1.0009228656493407,5.611446399841724,1.2871083522880811e-07,26.126027850941863,False
464,9306.5,2463.5,4,5.609018981456757,5.609018981456757,5.609018981456757,0.9710737813409231,5.776099704505924,1.285365351092239e-07,26.127499150563217,False
60,8717.5,2079.5,4,5.6019245982170105,5.6019245982170105,5.6019245982170105,1.0148066296058968,5.520189201358031,1.283739598989441e-07,26.128873277496822,False
2798,9201.5,3949.5,4,5.595349013805389,5.595349013805389,5.595349013805389,1.1025585857269518,5.074876823997701,1.2822327350629998e-07,26.130148472000627,False
570,9331.5,2514.5,4,5.588265120983124,5.588265120983124,5.588265120983124,0.9872251291510485,5.660578277407383,1.2806093869490616e-07,26.131523920016573,False
3387,9061.5,4180.5,4,5.583643615245819,5.583643615245819,5.583643615245819,1.019639362324374,5.476096570573072,1.2795503205839373e-07,26.13242219738424,False
1341,9493.5,2964.5,4,5.572957217693329,5.572957217693329,5.572957217693329,1.0452557525838293,5.331668545154817,1.2771014208409736e-07,26.13450215210223,False
938,9390.0,2703.5,4,5.5721017718315125,5.5721017718315125,5.5721017718315125,1.0687462448431866,5.213680795340794,1.276905386476649e-07,26.134668824803747,False
625,7588.5,2543.5,4,5.565607249736786,5.565607249736786,5.565607249736786,0.9601602030749199,5.796540235590778,1.2754170988277638e-07,26.13593503467804,False
1619,9501.5,3242.5,4,5.564805209636688,5.564805209636688,5.564805209636688,1.039906967170921,5.351252934457979,1.275233302952182e-07,26.13609150758127,False
1895,9460.0,3499.5,4,5.554222762584686,5.554222762584686,5.554222762584686,1.0758372706679469,5.162697848473197,1.272808224553378e-07,26.13815818992027,False
28,8467.5,2044.0,4,5.551359832286835,5.551359832286835,5.551359832286835,1.0424186202383263,5.325461119466225,1.2721521541389945e-07,26.1387179781382,False
2265,7538.0,3708.5,4,5.534507930278778,5.534507930278778,5.534507930278778,0.9856380776234192,5.615152311915183,1.2682903645795781e-07,26.1420188896436,False
311,9252.0,2398.0,4,5.533753573894501,5.533753573894501,5.533753573894501,0.9605494694454781,5.761029233704243,1.268117495926088e-07,26.142166886153927,False
1868,9491.5,3480.5,4,5.533686816692352,5.533686816692352,5.533686816692352,1.0321773630632445,5.361178238078922,1.2681021978151596e-07,26.14217998416191,False
3137,9140.5,4075.5,4,5.522051990032196,5.522051990032196,5.522051990032196,1.0378600060338274,5.320613529694306,1.2654359556247925e-07,26.14446519683296,False
1602,7510.5,3221.5,4,5.521899402141571,5.521899402141571,5.521899402141571,1.1033569188286914,5.004635678546833,1.2654009885140992e-07,26.14449519881167,False
677,7588.5,2562.5,4,5.516668021678925,5.516668021678925,5.516668021678925,0.9719477875922915,5.675889273172596,1.2642021629784223e-07,26.145524299668025,False
22,8388.5,2033.75,4,5.513193786144257,5.513193786144257,5.513193786144257,1.0264831822387148,5.370953836886273,1.2634060055768235e-07,26.146208279847343,False
1610,7428.75,3228.75,4,5.510823428630829,5.510823428630829,5.510823428630829,0.9978537931690151,5.52267623408975,1.2628628133666466e-07,26.146675184599047,False
1612,9486.0,3228.75,4,5.507404029369354,5.507404029369354,5.507404029369354,1.0646671086595643,5.172888299614401,1.2620792222704532e-07,26.147349079871226,False
1456,7433.75,3064.0,4,5.5040900111198425,5.5040900111198425,5.5040900111198425,1.007010637071643,5.465771471019981,1.2613197803350823e-07,26.148002606030737,False
455,9189.75,2458.0,4,5.484567821025848,5.484567821025848,5.484567821025848,1.0811177891308095,5.073052979208952,1.2568460663385326e-07,26.151860396709953,False
7,8395.0,2014.5,4,5.481228053569794,5.481228053569794,5.481228053569794,0.9969610690686297,5.49793590103815,1.2560807237032322e-07,26.152521745251565,False
1811,9465.0,3444.25,4,5.477325141429901,5.477325141429901,5.477325141429901,1.0813468118771838,5.065280704829044,1.2551863305750292e-07,26.15329511982356,False
1429,9490.5,3041.5,4,5.470015227794647,5.470015227794647,5.470015227794647,1.0598911822133934,5.16092153571039,1.2535111874283765e-07,26.154745086445466,False
517,9320.5,2487.5,4,5.464421451091766,5.464421451091766,5.464421451091766,0.9772823384782907,5.591446029404687,1.252229315004803e-07,26.155855956002966,False
2152,9435.5,3646.5,4,5.458454787731171,5.458454787731171,5.458454787731171,1.043348064809585,5.231671933687211,1.2508619917044724e-07,26.15704213131703,False
30,8327.75,2045.75,4,5.455099284648895,5.455099284648895,5.455099284648895,1.0345440211862305,5.272950375174911,1.2500930430858818e-07,26.15770977657214,False
223,7805.75,2355.5,4,5.422700583934784,5.422700583934784,5.422700583934784,1.017205904035371,5.330976317009483,1.2426685420356982e-07,26.164177361340165,False
1968,9480.5,3547.0,4,5.393316447734833,5.393316447734833,5.393316447734833,1.030499480150641,5.233691575415859,1.2359348599661497e-07,26.170076667695447,False
174,9009.5,2199.5,4,5.380663096904755,5.380663096904755,5.380663096904755,0.9771246219771622,5.506629324330458,1.2330352123119046e-07,26.17262692451878,False
557,9321.5,2507.5,4,5.363057315349579,5.363057315349579,5.363057315349579,0.9910464931432574,5.4115093009812405,1.2290006633712192e-07,26.17618532902382,False
1239,7460.75,2883.75,4,5.358681857585907,5.358681857585907,5.358681857585907,1.015671208336105,5.276000553727045,1.2279979814720876e-07,26.17707148995229,False
2492,7598.75,3824.0,4,5.35854834318161,5.35854834318161,5.35854834318161,0.9981439051330456,5.3685128122556165,1.227967385250231e-07,26.177098541983437,False
188,7870.0,2333.75,4,5.347289741039276,5.347289741039276,5.347289741039276,1.0473145911750301,5.10571492662955,1.2253873588421672e-07,26.179382132744102,False
2335,7580.0,3751.75,4,5.278927981853485,5.278927981853485,5.278927981853485,1.0206313952608457,5.172217909781557,1.2097215468904477e-07,26.19335208195755,False
3396,9062.75,4187.75,4,5.266707122325897,5.266707122325897,5.266707122325897,1.0125531570186235,5.201412968612204,1.2069210091405742e-07,26.195868504240508,False
54,8839.25,2066.25,4,5.183276355266571,5.183276355266571,5.183276355266571,0.9244160562663225,5.607081703233938,1.1878019764634455e-07,26.213205513298867,False
612,9337.5,2536.5,4,5.1730234026908875,5.1730234026908875,5.1730234026908875,0.9973502205969499,5.186767191563509,1.1854524051692952e-07,26.215355316938048,False
116,8900.75,2143.25,4,5.15442818403244,5.15442818403244,5.15442818403244,0.9906193605953768,5.203237882343177,1.1811911163702074e-07,26.219265192241103,False
104,8792.25,2132.25,4,5.142771899700165,5.142771899700165,5.142771899700165,1.0104982904719748,5.089342503784072,1.1785199569298993e-07,26.22172326923586,False
547,9320.5,2504.0,4,5.116204917430878,5.116204917430878,5.116204917430878,0.9893551884456455,5.171251919615276,1.1724318551415265e-07,26.227346597857192,False
2964,9228.25,4013.75,4,5.115586459636688,5.115586459636688,5.115586459636688,1.0087609416353935,5.071158337418724,1.1722901290709976e-07,26.227477851905352,False
58,8145.0,2077.25,4,5.096735656261444,5.096735656261444,5.096735656261444,0.9596731441871954,5.310907872261211,1.1679702703614986e-07,26.231486151433472,False
634,7594.5,2545.5,4,5.084009826183319,5.084009826183319,5.084009826183319,0.9661159192440748,5.262318656503703,1.1650540133296742e-07,26.234200471651267,False
2540,9340.5,3843.5,4,5.08095520734787,5.08095520734787,5.08095520734787,1.0275105202255528,4.944917942282995,1.164354015482482e-07,26.234853009136696,False
106,8900.5,2133.5,4,5.059158027172089,5.059158027172089,5.059158027172089,0.9779671877549821,5.173136778531265,1.1593589637199387e-07,26.23952081186887,False
34,8233.25,2048.5,4,4.829614341259003,4.829614341259003,4.829614341259003,0.9968826709090115,4.8447169182458545,1.1067566278373008e-07,26.28993529367953,False
