label,xcentroid,ycentroid,area_pix,flux_img_signed,flux_img_positive,flux_img_adopted,flux_jy,mag_ab
2143,3239.7568181818183,558.5454545454545,440,1389.76556087051,1389.76556087051,1389.76556087051,0.00012926078398295765,18.62139865816861
2055,3262.851632047478,508.2047477744807,337,1187.5900034343356,1187.5900034343356,1187.5900034343356,0.0001104566260787841,18.792086188600674
2262,2975.184126984127,1229.879365079365,315,587.5865726914835,587.5865726914835,587.5865726914835,5.465087291153349e-05,19.556072864498642
73,3370.177304964539,112.00709219858156,141,525.5864625841233,525.5864625841233,525.5864625841233,4.888430114925207e-05,19.677142095071297
1662,3334.5136612021856,964.2841530054645,183,464.3707394365123,464.3707394365123,464.3707394365123,4.319068447825935e-05,19.811590405473538
187,2806.4517543859647,226.08333333333334,228,452.87447070119373,452.87447070119373,452.87447070119373,4.212142736652372e-05,19.838807923091345
1802,3020.7837837837837,1271.3108108108108,74,425.1300076569082,425.1300076569082,425.1300076569082,3.954094102748665e-05,19.907448120297023
1460,3126.9828178694156,765.553264604811,291,423.35678460967927,423.35678460967927,423.35678460967927,3.937601522437646e-05,19.911986211595348
98,2875.688679245283,146.49056603773585,212,354.0689391822687,354.0689391822687,354.0689391822687,3.293161807380441e-05,20.106032947244003
2104,3278.7589285714284,539.1696428571429,112,341.8706510976664,341.8706510976664,341.8706510976664,3.179706680453995e-05,20.144097974000115
2056,3250.4791666666665,506.81944444444446,144,299.5564603694186,299.5564603694186,299.5564603694186,2.786146383585527e-05,20.28755579619613
2109,3274.6626506024095,555.6506024096385,83,218.89478685617695,218.89478685617695,218.89478685617695,2.0359197662869816e-05,20.62816397513593
92,3344.2448979591836,132.48979591836735,49,213.94790490242485,213.94790490242485,213.94790490242485,1.9899092838274354e-05,20.65298242677452
2147,3239.5,573.8837209302326,86,147.83470932251038,147.83470932251038,147.83470932251038,1.3749966875672806e-05,21.05431149245377
2052,3256.053191489362,493.6489361702128,94,141.42200102631242,141.42200102631242,141.42200102631242,1.3153526925540958e-05,21.1024600769236
2054,3256.7962962962965,501.8703703703704,54,126.22250551391934,126.22250551391934,126.22250551391934,1.1739836184171066e-05,21.225910530089894
2111,3285.3733333333334,555.96,75,123.9337661842641,123.9337661842641,123.9337661842641,1.1526962697869853e-05,21.24577840290194
1560,3196.8478260869565,842.5652173913044,46,108.20137271729725,108.20137271729725,108.20137271729725,1.0063707620376986e-05,21.393170595327497
241,3250.859375,257.53125,64,106.78400222481501,106.78400222481501,106.78400222481501,9.931879327741928e-06,21.407487036682383
2073,3287.125,509.5833333333333,72,101.29971114091964,101.29971114091964,101.29971114091964,9.421790586838733e-06,21.464732004343475
2232,3286.54,686.18,50,98.17427432304744,98.17427432304744,98.17427432304744,9.131096656335584e-06,21.49875827231463
366,3288.3684210526317,332.3157894736842,38,91.37650173503556,91.37650173503556,91.37650173503556,8.49884223961663e-06,21.576666203052987
77,2837.9411764705883,108.11764705882354,34,91.25337861996566,91.25337861996566,91.25337861996566,8.487390674814297e-06,21.578130139224506
2029,3263.135135135135,452.9189189189189,74,86.29289876601818,86.29289876601818,86.29289876601818,8.026021122347267e-06,21.63881487641577
1109,3286.1666666666665,602.0,24,81.1068765891639,81.1068765891639,81.1068765891639,7.543674091159287e-06,21.70610832893352
1376,3018.048387096774,713.4354838709677,62,80.36641284716997,80.36641284716997,80.36641284716997,7.474804256925418e-06,21.71606606164733
2106,3283.8541666666665,547.5208333333333,48,71.67004307641771,71.67004307641771,71.67004307641771,6.665963107005841e-06,21.8404083579974
2123,3311.5671641791046,543.0746268656717,67,68.92022617754182,68.92022617754182,68.92022617754182,6.410205230882013e-06,21.882885786701745
2116,3270.7551020408164,570.2448979591836,49,68.85972126616778,68.85972126616778,68.85972126616778,6.4045777261436385e-06,21.883839370707054
458,3467.310344827586,375.6551724137931,29,68.33384182721223,68.33384182721223,68.33384182721223,6.355666175538416e-06,21.89216292656098
1708,3182.897435897436,1010.974358974359,39,64.40639611413974,64.40639611413974,64.40639611413974,5.9903781541513635e-06,21.956430024957754
1228,3425.088888888889,650.6666666666666,45,61.61608654901134,61.61608654901134,61.61608654901134,5.730854093332268e-06,22.004517243463503
1114,3091.5588235294117,605.1176470588235,34,61.26672749521128,61.26672749521128,61.26672749521128,5.698360537255476e-06,22.01069081294257
410,2830.4791666666665,357.2291666666667,48,60.16041609932357,60.16041609932357,60.16041609932357,5.595463557802227e-06,22.030475443264255
2119,3273.6585365853657,575.6585365853658,41,57.99373780748197,57.99373780748197,57.99373780748197,5.3939428534995e-06,22.070299769836407
2120,3266.7083333333335,579.4583333333334,48,57.80678863250748,57.80678863250748,57.80678863250748,5.376554887066489e-06,22.073805413036837
685,3346.75,464.4583333333333,24,53.59845828899797,53.59845828899797,53.59845828899797,4.985142051134234e-06,22.15587177727549
2108,3269.5625,553.0,16,53.261775166805165,53.261775166805165,53.261775166805165,4.953827471500232e-06,22.162713429273843
1779,3004.5135135135133,1173.081081081081,37,50.63199392839403,50.63199392839403,50.63199392839403,4.709233998938015e-06,22.217689945271474
1445,2983.95,741.9,20,50.61541159431001,50.61541159431001,50.61541159431001,4.707691691685397e-06,22.21804558975525
2051,3263.3863636363635,488.3636363636364,44,50.15897009614875,50.15897009614875,50.15897009614875,4.665238498459251e-06,22.22788099515356
2022,3294.92,459.78,50,49.998294375120125,49.998294375120125,49.998294375120125,4.650294201196496e-06,22.2313645487055
1076,3265.875,593.125,8,49.8183939960663,49.8183939960663,49.8183939960663,4.633561836623609e-06,22.235278214235134
310,3171.727272727273,296.3181818181818,22,49.50531348395111,49.50531348395111,49.50531348395111,4.604442513490831e-06,22.24212298436
2048,3266.0232558139533,482.93023255813955,43,48.90587305623345,48.90587305623345,48.90587305623345,4.548689124703927e-06,22.255349981152136
425,3154.9189189189187,366.0,37,47.36044597599992,47.36044597599992,47.36044597599992,4.404950409625714e-06,22.290213063424062
2050,3244.276595744681,492.36170212765956,47,47.098972427912685,47.098972427912685,47.098972427912685,4.380631001541236e-06,22.296223941484534
2039,3275.7894736842104,460.280701754386,57,46.730559972278236,46.730559972278236,46.730559972278236,4.3463653065310885e-06,22.304750058724974
2146,3233.133333333333,570.7666666666667,30,44.99937637114446,44.99937637114446,44.99937637114446,4.185349552650394e-06,22.345736283993304
2103,3285.730769230769,529.8846153846154,26,44.88948171366957,44.88948171366957,44.88948171366957,4.175128354211828e-06,22.348391043889425
754,3584.818181818182,487.90909090909093,22,44.62034561654527,44.62034561654527,44.62034561654527,4.150096259668768e-06,22.354920197033238
1160,3324.451612903226,624.6774193548387,31,42.9174747197691,42.9174747197691,42.9174747197691,3.9917138437156935e-06,22.397167121749444
2144,3224.6923076923076,555.9487179487179,39,42.3970729863139,42.3970729863139,42.3970729863139,3.943311769332461e-06,22.41041283484389
2118,3279.875,571.15,40,42.38450313724505,42.38450313724505,42.38450313724505,3.9421426595265095e-06,22.410734780741723
927,3466.8,548.2,20,41.91238391541204,41.91238391541204,41.91238391541204,3.8982312960089585e-06,22.422896612803676
838,3149.925925925926,520.1666666666667,54,41.83950879928241,41.83950879928241,41.83950879928241,3.891453250193904e-06,22.424786078687063
1999,3312.3333333333335,401.7450980392157,51,39.638165991965664,39.638165991965664,39.638165991965664,3.6867084320025715e-06,22.48346864169212
2132,3322.6666666666665,561.6296296296297,27,39.607999431030976,39.607999431030976,39.607999431030976,3.6839026686232824e-06,22.484295254028176
2158,3300.3720930232557,568.3255813953489,43,39.075676654398976,39.075676654398976,39.075676654398976,3.6343918292581614e-06,22.49898625368596
2149,3237.657894736842,582.1315789473684,38,38.46988816072929,38.46988816072929,38.46988816072929,3.5780480128445854e-06,22.515950212409855
2234,3383.304347826087,711.9130434782609,23,38.36813906318818,38.36813906318818,38.36813906318818,3.5685844252525286e-06,22.518825682995573
2085,3307.4444444444443,516.6111111111111,36,38.08980890828062,38.08980890828062,38.08980890828062,3.542697200066926e-06,22.52673053707435
2134,3213.318181818182,539.4318181818182,44,37.956351462653835,37.956351462653835,37.956351462653835,3.5302844489268885e-06,22.530541373244432
1969,3389.813953488372,294.5348837209302,43,37.931272776402814,37.931272776402814,37.931272776402814,3.527951903973019e-06,22.531258982706966
848,3280.3214285714284,522.7857142857142,28,36.71760065750769,36.71760065750769,36.71760065750769,3.4150694049360045e-06,22.566566786444483
1408,3166.3478260869565,725.6086956521739,23,36.07961961621952,36.07961961621952,36.07961961621952,3.3557313900326002e-06,22.58559764631203
2129,3305.135135135135,554.3783783783783,37,35.82716035618133,35.82716035618133,35.82716035618133,3.332250392377245e-06,22.593221552853805
1272,3145.6666666666665,667.3333333333334,24,35.752229853168124,35.752229853168124,35.752229853168124,3.3252811769668005e-06,22.595494687325647
1256,3020.233333333333,662.5666666666667,30,35.1861442894308,35.1861442894308,35.1861442894308,3.272630092618237e-06,22.612823323504646
2018,3299.0,450.8205128205128,39,35.137924046320244,35.137924046320244,35.137924046320244,3.2681451732880915e-06,22.614312272400564
679,2808.090909090909,464.04545454545456,22,35.06895317805947,35.06895317805947,35.06895317805947,3.261730257884814e-06,22.61644551620217
2087,3300.7297297297296,520.2162162162163,37,34.609990790574166,34.609990790574166,34.609990790574166,3.2190425991203524e-06,22.63074881241
2160,3308.9444444444443,563.5,36,33.474459148718225,33.474459148718225,33.474459148718225,3.1134278721502764e-06,22.666968599772353
2049,3258.3333333333335,482.9,30,33.222015389549455,33.222015389549455,33.222015389549455,3.089948316216165e-06,22.675187584051734
2005,3293.923076923077,419.02564102564105,39,33.05812072697056,33.05812072697056,33.05812072697056,3.0747046282359417e-06,22.68055711833582
56,3114.7,96.1,20,32.06363068328459,32.06363068328459,32.06363068328459,2.982208047280536e-06,22.7137207778146
2145,3224.46875,568.8125,32,31.752964008014672,31.752964008014672,31.752964008014672,2.953313232835994e-06,22.724291843950205
1868,2900.978260869565,1584.4130434782608,46,31.32152482184935,31.32152482184935,31.32152482184935,2.913185481066287e-06,22.73914528022977
2121,3309.6666666666665,534.9333333333334,30,31.18643628253545,31.18643628253545,31.18643628253545,2.9006210234408658e-06,22.74383814634581
2008,3318.064516129032,426.9032258064516,31,31.071205854343688,31.071205854343688,31.071205854343688,2.889903550000648e-06,22.747857251032286
2095,3192.121212121212,532.6060606060606,33,30.95041644149708,30.95041644149708,30.95041644149708,2.8786690406409443e-06,22.752086279543057
803,3323.0,506.1666666666667,18,29.239847643508128,29.239847643508128,29.239847643508128,2.7195706501567674e-06,22.81381475832347
2080,3176.03125,505.15625,32,29.231517930785564,29.231517930785564,29.231517930785564,2.7187959114330674e-06,22.814124101902177
3,3319.2631578947367,40.1578947368421,19,28.889202106930743,28.889202106930743,28.889202106930743,2.6869574395302733e-06,22.82691365374633
2023,3327.3,438.3,30,28.79390599843921,28.79390599843921,28.79390599843921,2.6780940383632272e-06,22.83050106547538
2150,3228.2894736842104,582.6842105263158,38,28.70316863854162,28.70316863854162,28.70316863854162,2.6696546421030695e-06,22.83392791524718
2009,3290.3333333333335,426.8484848484849,33,28.1537882610394,28.1537882610394,28.1537882610394,2.618557291369821e-06,22.8549104216249
2139,3157.3636363636365,538.2727272727273,33,28.1409930088047,28.1409930088047,28.1409930088047,2.6173672170280153e-06,22.85540397603709
2167,2975.7837837837837,596.9459459459459,37,27.7306245067092,27.7306245067092,27.7306245067092,2.579199229709672e-06,22.871353396230063
1010,3313.0,576.5,16,27.66489500418004,27.66489500418004,27.66489500418004,2.57308579067582e-06,22.87392995602184
603,3318.6666666666665,434.56666666666666,30,27.464547278992136,27.464547278992136,27.464547278992136,2.554451637725038e-06,22.881821410293355
596,3269.6410256410254,431.0,39,27.243845434870472,27.243845434870472,27.243845434870472,2.5339243673703304e-06,22.890581502507914
2081,3207.655172413793,508.3448275862069,29,27.024410085022982,27.024410085022982,27.024410085022982,2.5135148924535e-06,22.899361965418727
2017,3295.6176470588234,443.7352941176471,34,26.772323362302803,26.772323362302803,26.772323362302803,2.490068544142714e-06,22.90953736705973
1189,3371.78125,631.625,32,26.58694867506722,26.58694867506722,26.58694867506722,2.472827019329235e-06,22.917081278789325
1737,3180.318181818182,1055.818181818182,22,26.385081802062214,26.385081802062214,26.385081802062214,2.454051571872852e-06,22.925356409327936
725,3127.782608695652,477.9130434782609,23,26.31748348668406,26.31748348668406,26.31748348668406,2.4477643163185884e-06,22.928141623984295
1556,2838.6153846153848,837.6153846153846,13,26.304287285848346,26.304287285848346,26.304287285848346,2.446536950125579e-06,22.928686174009982
2156,3191.3333333333335,556.3703703703703,27,26.28261709006677,26.28261709006677,26.28261709006677,2.444521425655368e-06,22.92958100201841
2097,3219.030303030303,524.4545454545455,33,26.216774747157928,26.216774747157928,26.216774747157928,2.4383974914442338e-06,22.932304365108212
628,3311.5263157894738,442.1578947368421,19,26.209747580192733,26.209747580192733,26.209747580192733,2.437743901272859e-06,22.932595425788872
1211,3216.676470588235,646.0882352941177,34,26.14107875322668,26.14107875322668,26.14107875322668,2.4313570784455165e-06,22.935443758071546
2122,3315.409090909091,536.1818181818182,22,25.87909356624376,25.87909356624376,25.87909356624376,2.4069900833099324e-06,22.946379869769405
2127,3305.7741935483873,549.0645161290322,31,25.739107004303083,25.739107004303083,25.739107004303083,2.3939700652198334e-06,22.952268833329228
2025,3266.6428571428573,439.7857142857143,28,25.435793707151074,25.435793707151074,25.435793707151074,2.365759181538296e-06,22.96513928661158
1326,3203.8888888888887,691.3703703703703,27,25.233752655850857,25.233752655850857,25.233752655850857,2.346967533922961e-06,22.973797917390595
1317,3245.272727272727,688.8787878787879,33,25.186818308035797,25.186818308035797,25.186818308035797,2.3426022145013863e-06,22.975819248542297
2137,3180.125,543.0625,32,25.1645417239139,25.1645417239139,25.1645417239139,2.340530290423591e-06,22.976779957268427
2195,3246.4137931034484,624.7241379310345,29,25.017454158728846,25.017454158728846,25.017454158728846,2.326849814719433e-06,22.98314474006832
2170,3258.8888888888887,591.3333333333334,27,25.012184621605876,25.012184621605876,25.012184621605876,2.3263597000418784e-06,22.983373457580477
1124,3258.818181818182,607.4545454545455,22,24.925219468899957,24.925219468899957,24.925219468899957,2.3182711532146544e-06,22.987155044229496
2180,3242.1666666666665,612.1666666666666,30,24.9221918148457,24.9221918148457,24.9221918148457,2.317989553966766e-06,22.987286936078704
2114,3281.0416666666665,564.7916666666666,24,24.726402441070142,24.726402441070142,24.726402441070142,2.299779368981387e-06,22.99585018814042
134,3536.625,178.5625,16,24.294082500689022,24.294082500689022,24.294082500689022,2.2595696990928003e-06,23.015001266783646
828,3195.1111111111113,516.0,27,24.289929369906933,24.289929369906933,24.289929369906933,2.2591834203160114e-06,23.01518689181915
1423,3208.1111111111113,733.9722222222222,36,24.269858028484013,24.269858028484013,24.269858028484013,2.257316603781652e-06,23.01608443212851
2213,3202.4814814814813,654.8518518518518,27,23.68673095865806,23.68673095865806,23.68673095865806,2.203080505025417e-06,23.04248970367961
2003,3280.8333333333335,414.5833333333333,12,23.680697464317447,23.680697464317447,23.680697464317447,2.2025193354076177e-06,23.04276629810326
2033,3255.423076923077,442.4230769230769,26,23.602396936102263,23.602396936102263,23.602396936102263,2.1952366771317608e-06,23.04636224702008
263,2877.5,266.0,16,23.60195758449012,23.60195758449012,23.60195758449012,2.195195813452714e-06,23.04638245786532
977,3336.3333333333335,563.625,24,23.60114630087296,23.60114630087296,23.60114630087296,2.1951203567286886e-06,23.04641977913969
2203,3250.5384615384614,631.6923076923077,26,23.586471195167018,23.586471195167018,23.586471195167018,2.19375543898861e-06,23.04709509588305
1987,3294.4117647058824,370.02941176470586,34,23.54962350874448,23.54962350874448,23.54962350874448,2.190328270429366e-06,23.048792600761693
1327,3474.222222222222,690.0555555555555,18,23.536252285258048,23.536252285258048,23.536252285258048,2.1890846255446955e-06,23.049409245204913
1064,3232.46875,593.90625,32,23.46625647207571,23.46625647207571,23.46625647207571,2.182574380980996e-06,23.052642989391863
1823,2952.5,1434.7777777777778,18,23.31172796426904,23.31172796426904,23.31172796426904,2.168201830221935e-06,23.05981635557778
1469,3195.064516129032,766.8709677419355,31,23.179628300547087,23.179628300547087,23.179628300547087,2.1559153650961985e-06,23.065986352972708
1990,3321.925925925926,373.962962962963,27,23.067598602495842,23.067598602495842,23.067598602495842,2.145495588547406e-06,23.071246557540576
1554,3448.285714285714,834.5,14,23.037436317650865,23.037436317650865,23.037436317650865,2.1426902228831883e-06,23.072667152467055
93,3198.214285714286,134.35714285714286,14,22.99510659295821,22.99510659295821,22.99510659295821,2.1387531751151256e-06,23.074663954063688
2142,3240.5,541.7857142857142,14,22.87453028820549,22.87453028820549,22.87453028820549,2.12753848673823e-06,23.08037205946604
2086,3313.3846153846152,516.5,26,22.736987260913217,22.736987260913217,22.736987260913217,2.114745739501025e-06,23.08692022559283
2214,3210.366666666667,653.9,30,22.659215904832294,22.659215904832294,22.659215904832294,2.107512299026258e-06,23.090640327879367
2113,3289.8888888888887,561.0555555555555,18,22.653333708714747,22.653333708714747,22.653333708714747,2.106965201513481e-06,23.090922215055375
2013,3301.785714285714,433.75,28,22.54805211531786,22.54805211531786,22.54805211531786,2.097173059813745e-06,23.09597994690453
808,3480.2,506.56,25,22.530780099410293,22.530780099410293,22.530780099410293,2.0955666059052315e-06,23.096811949553953
2204,3259.3793103448274,634.3448275862069,29,22.355473778499718,22.355473778499718,22.355473778499718,2.07926153034711e-06,23.105292826030087
933,3348.074074074074,549.3703703703704,27,22.125415964414422,22.125415964414422,22.125415964414422,2.057864070050681e-06,23.116523910959362
2066,3317.48,495.24,25,22.01725275287706,22.01725275287706,22.01725275287706,2.047803911765656e-06,23.121844701624404
1398,3116.6470588235293,721.3529411764706,17,21.94049365245766,21.94049365245766,21.94049365245766,2.040664620235203e-06,23.12563653473201
2112,3280.3846153846152,559.3846153846154,13,21.83339314360628,21.83339314360628,21.83339314360628,2.030703302924655e-06,23.130949434296184
2115,3286.2105263157896,568.6315789473684,19,21.830605290370258,21.830605290370258,21.830605290370258,2.030444007324689e-06,23.131088078181516
2249,3134.8947368421054,794.8421052631579,19,21.806642416952677,21.806642416952677,21.806642416952677,2.028215243070018e-06,23.132280516441103
2263,2982.4615384615386,1237.1153846153845,26,21.608596382901673,21.608596382901673,21.608596382901673,2.0097951682409127e-06,23.14218612778033
205,3459.2666666666664,232.36666666666667,30,21.493000535412918,21.493000535412918,21.493000535412918,1.999043707496547e-06,23.148009897971114
1989,3319.259259259259,368.74074074074076,27,21.442006174551793,21.442006174551793,21.442006174551793,1.994300770090982e-06,23.150588979895275
2171,3262.230769230769,601.2692307692307,26,21.4278173353912,21.4278173353912,21.4278173353912,1.992981079543637e-06,23.15130768296804
276,3324.793103448276,273.0689655172414,29,21.29781665199439,21.29781665199439,21.29781665199439,1.980889838598174e-06,23.157914811804385
2057,3242.478260869565,507.5217391304348,23,21.13251567754567,21.13251567754567,21.13251567754567,1.9655153508773784e-06,23.166374522147237
101,3291.235294117647,141.94117647058823,17,21.04399039042799,21.04399039042799,21.04399039042799,1.9572816974200422e-06,23.170932284720088
728,3280.3636363636365,476.3181818181818,22,20.971765369609074,20.971765369609074,20.971765369609074,1.9505641163566647e-06,23.174665046195585
2117,3292.25,571.05,20,20.937942506701706,20.937942506701706,20.937942506701706,1.9474182837795385e-06,23.176417514377334
2235,3378.0588235294117,714.2352941176471,17,20.925975389185055,20.925975389185055,20.925975389185055,1.946305233466758e-06,23.177038246203754
2151,3244.153846153846,584.5384615384615,13,20.701924005364056,20.701924005364056,20.701924005364056,1.925466425583917e-06,23.18872574673522
670,3251.36,460.44,25,20.65233725827829,20.65233725827829,20.65233725827829,1.92085440900793e-06,23.191329500290205
1202,3235.090909090909,639.3181818181819,22,20.64913443753432,20.64913443753432,20.64913443753432,1.92055651767145e-06,23.191497892277383
1201,3206.88,638.04,25,20.574954858815538,20.574954858815538,20.574954858815538,1.9136571450213536e-06,23.19540529411793
2110,3289.0,552.15,20,20.56488090276479,20.56488090276479,20.56488090276479,1.9127201758708777e-06,23.19593702492461
1191,3406.0666666666666,633.0666666666667,30,20.54369132483364,20.54369132483364,20.54369132483364,1.910749353213614e-06,23.197056319160055
2061,3226.5714285714284,498.2857142857143,21,20.343569243459743,20.343569243459743,20.343569243459743,1.8921361871811443e-06,23.207684643052357
2027,3270.9285714285716,446.39285714285717,28,20.27850650305267,20.27850650305267,20.27850650305267,1.8860847630633743e-06,23.211162605807736
2192,3192.75,623.8333333333334,24,20.162612621564897,20.162612621564897,20.162612621564897,1.8753055824578668e-06,23.21738550617381
1644,3136.8823529411766,921.5882352941177,17,20.05505938572424,20.05505938572424,20.05505938572424,1.8653021574370602e-06,23.2231926409305
2004,3280.653846153846,419.8076923076923,26,19.929170982130323,19.929170982130323,19.929170982130323,1.8535933957573421e-06,23.23002943873385
2159,3303.6315789473683,573.4736842105264,19,19.896634880340883,19.896634880340883,19.896634880340883,1.850567243618115e-06,23.231803445851522
2218,3246.423076923077,669.5769230769231,26,19.84111030286087,19.84111030286087,19.84111030286087,1.8454029550377495e-06,23.234837593007036
2163,3331.423076923077,571.3461538461538,26,19.803021463212144,19.803021463212144,19.803021463212144,1.8418603479875995e-06,23.236923876302242
712,3271.875,474.3333333333333,24,19.73899670792796,19.73899670792796,19.73899670792796,1.835905465887077e-06,23.24043983521257
2133,3218.6315789473683,534.2105263157895,19,19.60232826085494,19.60232826085494,19.60232826085494,1.8231940625311564e-06,23.247983377686985
1623,3296.578947368421,899.8421052631579,19,19.524326908180733,19.524326908180733,19.524326908180733,1.8159392302901821e-06,23.25231234495728
787,3506.6470588235293,498.47058823529414,17,19.459222420606952,19.459222420606952,19.459222420606952,1.8098839233078129e-06,23.25593881643997
925,3169.173913043478,547.3478260869565,23,19.328447770566278,19.328447770566278,19.328447770566278,1.7977206964548131e-06,23.263260076496202
2202,3226.16,641.52,25,19.245930543262148,19.245930543262148,19.245930543262148,1.7900458469739044e-06,23.26790523640681
1215,3480.3333333333335,644.6666666666666,21,19.187902634732193,19.187902634732193,19.187902634732193,1.7846487259337376e-06,23.271183756598028
749,3387.925925925926,486.037037037037,27,19.18304127929707,19.18304127929707,19.18304127929707,1.7841965758499708e-06,23.271458868393044
867,3182.6190476190477,531.4285714285714,21,19.123729565860984,19.123729565860984,19.123729565860984,1.778680049326376e-06,23.27482103777895
1002,3340.1923076923076,572.9230769230769,26,19.058791907489372,19.058791907489372,19.058791907489372,1.7726402589707462e-06,23.27851410109709
1098,3274.1666666666665,599.0,18,18.974630097739773,18.974630097739773,18.974630097739773,1.7648124484277625e-06,23.2833192260758
527,3247.7200000000003,404.24,25,18.812472510188528,18.812472510188528,18.812472510188528,1.7497303241574434e-06,23.29263782593118
2083,3313.4814814814818,509.7037037037037,27,18.808557707008188,18.808557707008188,18.808557707008188,1.7493662120061011e-06,23.292863786971488
2174,3216.7,600.5,10,18.5934346327958,18.5934346327958,18.5934346327958,1.7293578177787328e-06,23.30535346846533
2264,2905.5416666666665,1593.0,24,18.54644244234818,18.54644244234818,18.54644244234818,1.7249871184684612e-06,23.30810098158357
878,3536.142857142857,532.9285714285714,14,18.30195726374149,18.30195726374149,18.30195726374149,1.7022477826058573e-06,23.322508679464793
862,2940.176470588235,528.0588235294117,17,18.299838572262477,18.299838572262477,18.299838572262477,1.7020507251097546e-06,23.32263437493932
2183,3251.7368421052633,608.7368421052631,19,18.27497510824792,18.27497510824792,18.27497510824792,1.6997381977731e-06,23.32411053651053
919,3193.277777777778,546.1111111111111,18,18.208587063473413,18.208587063473413,18.208587063473413,1.6935635083461489e-06,23.328061904142487
20,3374.5,66.96428571428572,28,18.20275318153831,18.20275318153831,18.20275318153831,1.6930209044899105e-06,23.328409820854304
1120,3224.391304347826,609.4347826086956,23,18.192343961433153,18.192343961433153,18.192343961433153,1.6920527527459567e-06,23.329030875244964
1249,3229.5925925925926,658.8888888888889,27,18.171446222634295,18.171446222634295,18.171446222634295,1.6901090737711235e-06,23.33027878884223
1324,3184.0,690.2142857142857,28,18.165620488096963,18.165620488096963,18.165620488096963,1.6895672276966671e-06,23.33062692981965
1653,3232.769230769231,942.8461538461538,13,18.134035015340434,18.134035015340434,18.134035015340434,1.6866294926671533e-06,23.332516396785405
2107,3294.8333333333335,550.2222222222222,18,18.129777068498683,18.129777068498683,18.129777068498683,1.6862334650475181e-06,23.33277136209653
1829,2948.7368421052633,1454.7368421052631,19,18.027279009476317,18.027279009476317,18.027279009476317,1.6767002172545135e-06,23.33892707076157
90,3004.3846153846152,125.38461538461539,13,18.012500127990503,18.012500127990503,18.012500127990503,1.6753256474270306e-06,23.339817529470164
1222,3201.0,647.8823529411765,17,18.005930201989145,18.005930201989145,18.005930201989145,1.6747145848064304e-06,23.340213615947896
2128,3322.8636363636365,550.8181818181819,22,17.889947174135738,17.889947174135738,17.889947174135738,1.6639271127815386e-06,23.34722987630483
2014,3286.9583333333335,437.2916666666667,24,17.86485802941821,17.86485802941821,17.86485802941821,1.6615935950955644e-06,23.34875359861751
1188,3277.9523809523807,633.047619047619,21,17.762518342736456,17.762518342736456,17.762518342736456,1.6520750773645824e-06,23.354991173198634
707,3310.3333333333335,473.0833333333333,24,17.75829174965247,17.75829174965247,17.75829174965247,1.651681965928384e-06,23.355249554983498
489,3218.421052631579,387.7368421052632,19,17.742699588490026,17.742699588490026,17.742699588490026,1.650231753725267e-06,23.356203273419798
528,3267.2,403.1,20,17.726485118702612,17.726485118702612,17.726485118702612,1.648723661183906e-06,23.357195945693533
1993,3276.92,389.28,25,17.71972417620838,17.71972417620838,17.71972417620838,1.6480948322994713e-06,23.35761012821287
2130,3312.1,553.7,20,17.65777635508853,17.65777635508853,17.65777635508853,1.6423331238865988e-06,23.361412491858037
1396,3181.521739130435,720.6086956521739,23,17.626223083696306,17.626223083696306,17.626223083696306,1.6393983838756066e-06,23.36335436572757
324,3057.153846153846,303.46153846153845,13,17.616058743214122,17.616058743214122,17.616058743214122,1.6384530081544138e-06,23.363980647125537
942,3417.076923076923,551.0384615384615,26,17.60974012909039,17.60974012909039,17.60974012909039,1.637865319814513e-06,23.36437015415795
952,3158.6190476190477,555.5238095238095,21,17.49831389788973,17.49831389788973,17.49831389788973,1.6275016711483005e-06,23.371262014327414
635,3546.3125,442.25,16,17.38956843307975,17.38956843307975,17.38956843307975,1.6173873580355733e-06,23.37803051173879
998,3313.2,569.4,5,17.34362021366591,17.34362021366591,17.34362021366591,1.6131137574864753e-06,23.380903134518746
1058,3312.8333333333335,588.8333333333334,6,17.334628282862695,17.334628282862695,17.334628282862695,1.612277426483701e-06,23.381466188621292
2015,3294.8695652173915,436.4347826086956,23,17.329779704672763,17.329779704672763,17.329779704672763,1.6118264647994577e-06,23.381769916694108
666,3315.826086956522,459.7391304347826,23,17.29026244815961,17.29026244815961,17.29026244815961,1.608151002044037e-06,23.3842485580865
997,3249.1,570.8,10,17.254528205744357,17.254528205744357,17.254528205744357,1.604827393861705e-06,23.386494799782803
1192,3450.6,632.04,25,17.06232473632213,17.06232473632213,17.06232473632213,1.586950730457987e-06,23.39865701336987
2172,3219.3888888888887,596.3333333333334,18,16.83976406570385,16.83976406570385,16.83976406570385,1.5662505724040832e-06,23.412912515482
1087,3282.5263157894738,596.3157894736842,19,16.812207622123584,16.812207622123584,16.812207622123584,1.5636875735780537e-06,23.41469066003973
2077,3290.8125,522.0625,16,16.770279908241868,16.770279908241868,16.770279908241868,1.5597879164563382e-06,23.41740174334204
476,3536.2,382.1333333333333,15,16.760437003563258,16.760437003563258,16.760437003563258,1.558872437176056e-06,23.418039176672476
2157,3301.3888888888887,560.8888888888889,18,16.71426279799116,16.71426279799116,16.71426279799116,1.5545778178675297e-06,23.42103445602127
2062,3294.818181818182,493.59090909090907,22,16.6927232275534,16.6927232275534,16.6927232275534,1.5525744427373407e-06,23.4224345401044
2148,3233.3529411764707,577.2352941176471,17,16.68054820202314,16.68054820202314,16.68054820202314,1.5514420550963143e-06,23.42322672295207
844,3339.3636363636365,519.6363636363636,11,16.58456647106405,16.58456647106405,16.58456647106405,1.542514884830243e-06,23.42949221342268
1335,3393.5,692.5,12,16.53678703574803,16.53678703574803,16.53678703574803,1.5380709646172946e-06,23.432624687990117
487,3257.181818181818,389.59090909090907,22,16.35928519533037,16.35928519533037,16.35928519533037,1.5215616858606435e-06,23.444341712660083
2179,3239.9411764705883,605.5294117647059,17,16.268223002602916,16.268223002602916,16.268223002602916,1.5130920772053643e-06,23.450402229181556
932,3331.5714285714284,547.7142857142858,7,16.22388624325709,16.22388624325709,16.22388624325709,1.5089683570372554e-06,23.453365290418134
2193,3187.05,628.05,20,16.219880340003918,16.219880340003918,16.219880340003918,1.5085957717540652e-06,23.45363340689627
7,3424.727272727273,48.04545454545455,22,16.141303737083188,16.141303737083188,16.141303737083188,1.5012874360302404e-06,23.458905997052245
1739,3203.9333333333334,1058.1333333333332,15,16.013955145841177,16.013955145841177,16.013955145841177,1.4894428636746292e-06,23.467506002392092
381,3349.3333333333335,337.94444444444446,18,15.939043656772597,15.939043656772597,15.939043656772597,1.4824754167332398e-06,23.47259687134936
597,3201.1428571428573,430.9047619047619,21,15.867863135118744,15.867863135118744,15.867863135118744,1.4758549835520279e-06,23.477456406981364
1411,3143.8,725.5,10,15.851967605273218,15.851967605273218,15.851967605273218,1.474376555313836e-06,23.47854458136874
2070,3169.3333333333335,495.3333333333333,21,15.76615273605996,15.76615273605996,15.76615273605996,1.4663949952693114e-06,23.484438197952322
2067,3316.642857142857,501.7857142857143,14,15.76338199610517,15.76338199610517,15.76338199610517,1.4661372913594917e-06,23.48462902174444
930,3206.5625,548.8125,16,15.727406922829818,15.727406922829818,15.727406922829818,1.4627912837260146e-06,23.487109712629405
105,3422.3333333333335,146.44444444444446,18,15.61544866906629,15.61544866906629,15.61544866906629,1.452378152143036e-06,23.49486635408695
2200,3220.272727272727,634.3636363636364,22,15.462823955835617,15.462823955835617,15.462823955835617,1.43818267152182e-06,23.505530493056174
2026,3273.8,441.55,20,15.33681913526415,15.33681913526415,15.33681913526415,1.4264630820088247e-06,23.514414281646367
1084,3178.285714285714,596.6666666666666,21,15.322128008424588,15.322128008424588,15.322128008424588,1.4250966741582191e-06,23.51545480593081
1405,3226.0526315789475,722.8421052631579,19,15.274527610258405,15.274527610258405,15.274527610258405,1.4206694060217086e-06,23.51883305210185
2102,3141.0,529.6111111111111,18,15.232257311062266,15.232257311062266,15.232257311062266,1.4167378853630267e-06,23.521841853174298
1056,3219.0588235294117,589.5294117647059,17,15.086411733715838,15.086411733715838,15.086411733715838,1.4031729257762904e-06,23.53228763130691
1491,3432.2,780.0,10,15.024892334089232,15.024892334089232,15.024892334089232,1.3974510644424154e-06,23.536724100232643
1479,3217.521739130435,774.0869565217391,23,14.973656962635166,14.973656962635166,14.973656962635166,1.3926857108689233e-06,23.540432823030613
1775,2868.25,1150.6875,16,14.896376814230274,14.896376814230274,14.896376814230274,1.3854979571567945e-06,23.546050897845838
14,3390.2,58.3,20,14.848994459734335,14.848994459734335,14.848994459734335,1.3810909690563935e-06,23.54950990871389
2071,3138.904761904762,494.0,21,14.832084264871881,14.832084264871881,14.832084264871881,1.3795181677820143e-06,23.55074706137593
699,3198.0,470.22222222222223,18,14.745430804761941,14.745430804761941,14.745430804761941,1.3714586111891522e-06,23.55710885802217
2153,3358.95,548.1,20,14.74401561928152,14.74401561928152,14.74401561928152,1.371326986122428e-06,23.55721306602198
1020,3161.6666666666665,578.0,12,14.688764101608083,14.688764101608083,14.688764101608083,1.3661880945771208e-06,23.561289381214756
126,3407.0588235294117,170.88235294117646,17,14.620189876443948,14.620189876443948,14.620189876443948,1.3598100705741458e-06,23.566369989338007
289,3351.0,277.5,22,14.564620357342797,14.564620357342797,14.564620357342797,1.3546416020159874e-06,23.570504599856147
752,3194.4117647058824,488.05882352941177,17,14.500162765360981,14.500162765360981,14.500162765360981,1.3486464621824715e-06,23.57532032861798
411,3349.190476190476,356.1904761904762,21,14.469590887772611,14.469590887772611,14.469590887772611,1.3458030006835204e-06,23.577611891540094
2182,3245.0714285714284,617.8571428571429,14,14.45082115026159,14.45082115026159,14.45082115026159,1.3440572451013276e-06,23.579021206622052
2220,3204.1,666.0,20,14.44781579328103,14.44781579328103,14.44781579328103,1.343777719683233e-06,23.57924703214456
1115,3147.823529411765,604.5294117647059,17,14.402906042782703,14.402906042782703,14.402906042782703,1.3396007061484778e-06,23.58262720278453
1079,3369.714285714286,594.2857142857143,21,14.37157283340723,14.37157283340723,14.37157283340723,1.3366864338980998e-06,23.584991771291428
309,3304.1875,294.8125,16,14.320951383567156,14.320951383567156,14.320951383567156,1.3319781805948712e-06,23.588822845716155
564,3341.6190476190477,420.4761904761905,21,14.290335740431251,14.290335740431251,14.290335740431251,1.3291306485036237e-06,23.591146440927204
1333,3144.315789473684,693.1578947368421,19,14.289679443585271,14.289679443585271,14.289679443585271,1.3290696069530014e-06,23.59119630550861
1061,3361.0,589.0,7,14.227598656438378,14.227598656438378,14.227598656438378,1.323295531495368e-06,23.595923507345113
376,3250.15,335.75,20,14.206132562742837,14.206132562742837,14.206132562742837,1.3212989903676694e-06,23.597562864441667
2199,3223.9473684210525,628.578947368421,19,14.196260065305129,14.196260065305129,14.196260065305129,1.3203807586927755e-06,23.598317654960308
881,3164.684210526316,536.421052631579,19,14.194038969281939,14.194038969281939,14.194038969281939,1.3201741766466072e-06,23.598487538649707
2053,3243.3333333333335,499.6666666666667,15,14.184351384584069,14.184351384584069,14.184351384584069,1.319273143531235e-06,23.599228818315012
317,3313.2941176470586,299.29411764705884,17,14.153597955008184,14.153597955008184,14.153597955008184,1.3164127960531658e-06,23.601585384389658
2197,3335.2,625.2,15,14.139172526214361,14.139172526214361,14.139172526214361,1.3150711005271866e-06,23.6026925373055
972,3194.5,561.5,4,14.135823342221126,14.135823342221126,14.135823342221126,1.3147595960829424e-06,23.602949749037858
2012,3014.6190476190477,432.5238095238095,21,14.091368614261608,14.091368614261608,14.091368614261608,1.3106249037653424e-06,23.60636958248054
1437,3192.777777777778,738.6111111111111,18,14.01245333235332,14.01245333235332,14.01245333235332,1.3032850678283286e-06,23.612467073706732
6,2918.3333333333335,45.75,12,14.00021757796662,14.00021757796662,14.00021757796662,1.3021470318536443e-06,23.613415558941682
1156,3220.5263157894738,619.0,19,13.994941078736794,13.994941078736794,13.994941078736794,1.3016562696370978e-06,23.61382483587319
219,3218.5,240.28571428571428,14,13.942981364347578,13.942981364347578,13.942981364347578,1.296823545610411e-06,23.617863404471947
1214,3210.3846153846152,643.6923076923077,13,13.891022749894907,13.891022749894907,13.891022749894907,1.291990923887785e-06,23.621916965300393
505,3271.0,395.23809523809524,21,13.833320261450014,13.833320261450014,13.833320261450014,1.2866240698627923e-06,23.626436442731862
1471,3368.3846153846152,766.5384615384615,13,13.76611285172024,13.76611285172024,13.76611285172024,1.2803731720741803e-06,23.63172420802055
2201,3227.0,636.1176470588235,17,13.744957977399533,13.744957977399533,13.744957977399533,1.2784055771669912e-06,23.63339398071874
1817,2991.9166666666665,1381.3333333333333,12,13.74028702725984,13.74028702725984,13.74028702725984,1.277971136500161e-06,23.63376300924479
1048,3284.8125,589.1875,16,13.716481840475357,13.716481840475357,13.716481840475357,1.2757570385305039e-06,23.63564568959612
2064,3300.875,503.9375,16,13.697931619373527,13.697931619373527,13.697931619373527,1.274031699962481e-06,23.637115037080786
2043,3264.8125,469.3125,16,13.609596409122524,13.609596409122524,13.609596409122524,1.2658157253752335e-06,23.64413940562562
2209,3234.818181818182,646.5454545454545,11,13.574563980767191,13.574563980767191,13.574563980767191,1.26255739225666e-06,23.6469377997137
1925,2878.842105263158,1674.3157894736842,19,13.48735930678173,13.48735930678173,13.48735930678173,1.2544465677811432e-06,23.65393520329716
1977,3302.0,324.3888888888889,18,13.445691406287363,13.445691406287363,13.445691406287363,1.2505710756575277e-06,23.657294673022232
2173,3212.866666666667,598.2666666666667,15,13.424960325911396,13.424960325911396,13.424960325911396,1.2486428974254145e-06,23.65896999442628
81,3434.095238095238,113.85714285714286,21,13.402228903527224,13.402228903527224,13.402228903527224,1.2465286692698503e-06,23.660809943737675
1278,3256.0,669.6875,16,13.388691107020787,13.388691107020787,13.388691107020787,1.2452695315857018e-06,23.66190721677234
2021,3289.714285714286,458.07142857142856,14,13.377761612914945,13.377761612914945,13.377761612914945,1.2442529896476693e-06,23.662793889969876
2092,3172.125,519.875,16,13.36962649105788,13.36962649105788,13.36962649105788,1.24349634963683e-06,23.663454335510824
2002,3305.470588235294,413.6470588235294,17,13.365288838518005,13.365288838518005,13.365288838518005,1.243092908665391e-06,23.663806649807654
2007,3312.75,423.0,16,13.352759447767573,13.352759447767573,13.352759447767573,1.2419275618494754e-06,23.66482495878088
503,3088.2105263157896,395.05263157894734,19,13.349187602721821,13.349187602721821,13.349187602721821,1.2415953479107517e-06,23.66511543059552
295,3295.727272727273,285.4545454545455,22,13.31538390020551,13.31538390020551,13.31538390020551,1.2384512974235255e-06,23.66786829113444
2184,3249.0714285714284,612.2857142857143,14,13.273064855756246,13.273064855756246,13.273064855756246,1.234515243014827e-06,23.671324480544396
1385,3332.6363636363635,714.0909090909091,11,13.209923371606305,13.209923371606305,13.209923371606305,1.2286425131293948e-06,23.67650177584634
2223,3230.4285714285716,665.1428571428571,14,13.20800786500302,13.20800786500302,13.20800786500302,1.2284643536669384e-06,23.676659224577254
840,3213.9473684210525,517.7894736842105,19,13.206324797557563,13.206324797557563,13.206324797557563,1.2283078131513138e-06,23.676797586373965
765,3377.1176470588234,494.0,17,13.146381297469226,13.146381297469226,13.146381297469226,1.2227325247470972e-06,23.68173696074406
2135,3206.125,539.0,16,13.1348947476768,13.1348947476768,13.1348947476768,1.221664171585073e-06,23.682686029103614
1436,3145.6666666666665,739.7222222222222,18,13.119716520405639,13.119716520405639,13.119716520405639,1.2202524589827597e-06,23.68394139354531
442,3356.722222222222,371.27777777777777,18,13.081373865965599,13.081373865965599,13.081373865965599,1.216686244858269e-06,23.68711912677821
404,3293.777777777778,352.1111111111111,18,13.07575276070858,13.07575276070858,13.07575276070858,1.2161634311601675e-06,23.68758577112102
1614,3224.5714285714284,884.3809523809524,21,13.043492929812201,13.043492929812201,13.043492929812201,1.213162974716124e-06,23.69026775394616
594,3354.0588235294117,427.88235294117646,17,13.021556573092361,13.021556573092361,13.021556573092361,1.2111226948680896e-06,23.692095266478734
2161,3315.0555555555557,561.7222222222222,18,13.01345295905752,13.01345295905752,13.01345295905752,1.210368985370077e-06,23.692771155413613
1029,3199.1666666666665,580.75,12,13.012071542454777,13.012071542454777,13.012071542454777,1.2102405011148146e-06,23.692886415647525
2060,3225.235294117647,493.05882352941177,17,12.994467501454608,12.994467501454608,12.994467501454608,1.2086031658656057e-06,23.694356303474656
236,3401.823529411765,247.88235294117646,17,12.95551937722773,12.95551937722773,12.95551937722773,1.2049806375673233e-06,23.69761545119843
812,3119.315789473684,506.6842105263158,19,12.93478683697398,12.93478683697398,12.93478683697398,1.2030523235533545e-06,23.699354331704164
2126,3318.0625,547.0,16,12.915993092304678,12.915993092304678,12.915993092304678,1.2013043350880135e-06,23.700933011547576
2058,3443.235294117647,486.47058823529414,17,12.888595989713588,12.888595989713588,12.888595989713588,1.1987561564170962e-06,23.70323849583729
671,3557.235294117647,461.29411764705884,17,12.854826169264015,12.854826169264015,12.854826169264015,1.1956152572689395e-06,23.70608700117545
663,3207.8823529411766,457.29411764705884,17,12.848522894728664,12.848522894728664,12.848522894728664,1.1950289956496855e-06,23.706619514934005
2098,3345.222222222222,526.0555555555555,18,12.824115036370278,12.824115036370278,12.824115036370278,1.1927588437653825e-06,23.70868400893388
668,3176.7894736842104,461.2631578947368,19,12.786638621688969,12.786638621688969,12.786638621688969,1.1892731977838096e-06,23.711861543639007
2088,3313.076923076923,522.6153846153846,13,12.780278857066008,12.780278857066008,12.780278857066008,1.188681682074789e-06,23.712401696893934
1130,3189.6666666666665,609.3333333333334,6,12.776972598777053,12.776972598777053,12.776972598777053,1.1883741701098121e-06,23.712682613200826
2226,3220.0,668.5,18,12.695308837415572,12.695308837415572,12.695308837415572,1.1807787006912359e-06,23.719644345806387
2045,3271.25,469.6875,16,12.653630132406242,12.653630132406242,12.653630132406242,1.1769022036498745e-06,23.72321468220808
1598,3135.8571428571427,873.0714285714286,14,12.652288332655093,12.652288332655093,12.652288332655093,1.1767774041206123e-06,23.72332982053612
1800,2842.75,1258.9166666666667,12,12.64086481020833,12.64086481020833,12.64086481020833,1.1757149130725605e-06,23.724310554941162
2231,3229.6,680.8,15,12.600250783188462,12.600250783188462,12.600250783188462,1.1719374407267897e-06,23.72780454928928
866,3163.85,529.5,20,12.586869933547492,12.586869933547492,12.586869933547492,1.170692900522565e-06,23.728958160647707
944,3135.0,551.0,16,12.519919620007636,12.519919620007636,12.519919620007636,1.1644659150080832e-06,23.734748670141013
903,3296.0,540.75,12,12.45659768594738,12.45659768594738,12.45659768594738,1.1585764016466936e-06,23.740253926364097
121,3023.0,164.0,9,12.443531213486304,12.443531213486304,12.443531213486304,1.1573611013674492e-06,23.74139341793693
724,3421.3125,476.8125,16,12.424160150185024,12.424160150185024,12.424160150185024,1.1555594170406778e-06,23.743084919467748
825,3377.4375,510.8125,16,12.394222849366235,12.394222849366235,12.394222849366235,1.1527749769285294e-06,23.745704270384955
1273,3195.5,666.8333333333334,6,12.381583222160621,12.381583222160621,12.381583222160621,1.1515993771238928e-06,23.74681206901905
851,3592.3846153846152,521.3846153846154,13,12.357388073926483,12.357388073926483,12.357388073926483,1.1493490092076166e-06,23.74893580783411
2099,3339.684210526316,525.421052631579,19,12.336692309622162,12.336692309622162,12.336692309622162,1.147424115690017e-06,23.750755688996094
773,3339.9375,495.5625,16,12.322250942954309,12.322250942954309,12.322250942954309,1.1460809377974069e-06,23.752027399326053
1782,2881.55,1176.05,20,12.316870690207079,12.316870690207079,12.316870690207079,1.1455805255640675e-06,23.752501566821
2063,3298.4375,498.8125,16,12.2890683822039,12.2890683822039,12.2890683822039,1.1429946591199635e-06,23.754955119610184
1998,3294.5263157894738,400.89473684210526,19,12.288148046837884,12.288148046837884,12.288148046837884,1.142909059595635e-06,23.75503643406097
2096,3211.4666666666667,522.9333333333334,15,12.271295872344297,12.271295872344297,12.271295872344297,1.141341654741039e-06,23.7565264530458
514,3264.2666666666664,398.73333333333335,15,12.265683106628746,12.265683106628746,12.265683106628746,1.1408196166958235e-06,23.757023171330292
713,3290.214285714286,474.7857142857143,14,12.234427698564094,12.234427698564094,12.234427698564094,1.1379125806719824e-06,23.759793374845664
1047,3214.090909090909,586.8181818181819,11,12.215555021749498,12.215555021749498,12.215555021749498,1.136157250802257e-06,23.761469511209626
1974,3338.8333333333335,296.5,18,12.18297506203335,12.18297506203335,12.18297506203335,1.1331270194786338e-06,23.764369133663642
2198,3340.9333333333334,626.6666666666666,15,12.172701336503426,12.172701336503426,12.172701336503426,1.1321714699573233e-06,23.76528510546789
1005,3397.5,573.5,16,12.170827755276443,12.170827755276443,12.170827755276443,1.1319972099345726e-06,23.765452231192924
2169,3285.6428571428573,577.1428571428571,14,12.148178739398709,12.148178739398709,12.148178739398709,1.1298906463304461e-06,23.767474588780257
2254,3088.5555555555557,843.0555555555555,18,12.131908488171774,12.131908488171774,12.131908488171774,1.1283773656100086e-06,23.768929707396282
562,3322.5,420.375,16,12.072658518547321,12.072658518547321,12.072658518547321,1.1228665818200965e-06,23.77424523034083
859,3383.8125,527.875,16,12.064346517176634,12.064346517176634,12.064346517176634,1.1220934904125289e-06,23.774993015011347
357,3355.0588235294117,323.05882352941177,17,12.040732632261708,12.040732632261708,12.040732632261708,1.1198971852493222e-06,23.77712023955432
1013,3369.866666666667,577.2,15,12.005932118233634,12.005932118233634,12.005932118233634,1.1166604222635844e-06,23.780262812946106
2084,3305.133333333333,512.8,15,11.95073529881568,11.95073529881568,11.95073529881568,1.111526618151428e-06,23.785265953844807
1070,3241.727272727273,591.6363636363636,11,11.86213372128455,11.86213372128455,11.86213372128455,1.1032858689946948e-06,23.793345482973866
345,3350.5263157894738,314.57894736842104,19,11.843557404619677,11.843557404619677,11.843557404619677,1.1015581033029667e-06,23.795047098301204
1506,3209.6470588235293,791.7058823529412,17,11.841930977504624,11.841930977504624,11.841930977504624,1.1014068308510495e-06,23.79519620823531
1526,3152.4666666666667,808.8666666666667,15,11.799359422257137,11.799359422257137,11.799359422257137,1.0974472906511778e-06,23.799106445621106
1210,3192.875,641.625,16,11.795553515251731,11.795553515251731,11.795553515251731,1.097093306830355e-06,23.799456708499758
1980,3280.3125,344.0625,16,11.782789239480579,11.782789239480579,11.782789239480579,1.0959061135802068e-06,23.80063224808965
864,3153.230769230769,528.9230769230769,13,11.774504682313829,11.774504682313829,11.774504682313829,1.095135574732162e-06,23.801395904904986
254,3348.4666666666667,260.06666666666666,15,11.733569583872127,11.733569583872127,11.733569583872127,1.0913282398362823e-06,23.805177138777402
2105,3290.769230769231,543.0769230769231,13,11.700228128546506,11.700228128546506,11.700228128546506,1.0882271825242684e-06,23.80826669771597
1589,2845.0,863.0,9,11.67047330274859,11.67047330274859,11.67047330274859,1.0854597142417002e-06,23.81103134807835
335,3333.5,311.22222222222223,18,11.667826356622765,11.667826356622765,11.667826356622765,1.0852135242791496e-06,23.811277628681058
383,3299.8125,339.4375,16,11.663498588355392,11.663498588355392,11.663498588355392,1.0848110026345732e-06,23.811680418900533
340,3377.8125,311.375,16,11.630866713441005,11.630866713441005,11.630866713441005,1.0817759427273285e-06,23.814722324592324
1311,3264.777777777778,683.4444444444445,18,11.603776792873838,11.603776792873838,11.603776792873838,1.0792563347667207e-06,23.817254106142016
1414,3234.5555555555557,729.8888888888889,18,11.586615883416481,11.586615883416481,11.586615883416481,1.0776602147643447e-06,23.818860997785944
858,3129.5625,525.6875,16,11.567850009341248,11.567850009341248,11.567850009341248,1.0759148185166705e-06,23.82062089960815
888,3076.625,538.25,16,11.559542876285896,11.559542876285896,11.559542876285896,1.0751421799065204e-06,23.8214008712676
325,3281.3571428571427,304.35714285714283,14,11.53580400666047,11.53580400666047,11.53580400666047,1.0729342500332764e-06,23.823632849805946
508,2895.0,395.8,10,11.443399195132558,11.443399195132558,11.443399195132558,1.0643397656697312e-06,23.832364901067187
659,3305.3125,454.5,16,11.420448257542091,11.420448257542091,11.420448257542091,1.0622051206118772e-06,23.834544645512764
1132,3318.875,610.6875,16,11.39134465661324,11.39134465661324,11.39134465661324,1.0594982221401423e-06,23.837315041551403
32,3261.4117647058824,75.64705882352942,17,11.377341619591004,11.377341619591004,11.377341619591004,1.0581958128744363e-06,23.83865052538249
2036,3246.9285714285716,452.2857142857143,14,11.376879402895781,11.376879402895781,11.376879402895781,1.0581528225355788e-06,23.838694635475296
1586,3110.3529411764707,861.7647058823529,17,11.376861852297854,11.376861852297854,11.376861852297854,1.0581511901710194e-06,23.838696310392784
874,3295.0,532.6923076923076,13,11.327705160909069,11.327705160909069,11.327705160909069,1.053579172669778e-06,23.843397680201612
2269,2884.764705882353,1602.764705882353,17,11.209522868059503,11.209522868059503,11.209522868059503,1.0425871490819507e-06,23.8547847034951
513,3040.9285714285716,399.14285714285717,14,11.116629549815176,11.116629549815176,11.116629549815176,1.0339472291694736e-06,23.863819688021227
2040,3303.4285714285716,461.35714285714283,14,11.10988008082694,11.10988008082694,11.10988008082694,1.0333194674250097e-06,23.864479093676046
517,3350.6875,400.1875,16,11.069043644620358,11.069043644620358,11.069043644620358,1.02952130901056e-06,23.868477272119236
1059,3318.25,589.75,12,11.058454266325938,11.058454266325938,11.058454266325938,1.0285364009233488e-06,23.869516456244266
1051,3377.133333333333,589.4666666666667,15,11.053978915094595,11.053978915094595,11.053978915094595,1.0281201527264944e-06,23.869955942110643
2217,3240.4285714285716,663.4285714285714,14,11.010612744224613,11.010612744224613,11.010612744224613,1.0240867060770598e-06,23.87422380105217
793,3191.3333333333335,503.3333333333333,15,10.973160312361241,10.973160312361241,10.973160312361241,1.020603290714763e-06,23.877923211564287
5,3448.0,41.0,9,10.936941177881089,10.936941177881089,10.936941177881089,1.0172345831788268e-06,23.881512830849978
2028,3279.8571428571427,450.14285714285717,14,10.928170628092204,10.928170628092204,10.928170628092204,1.0164188426153877e-06,23.88238385351262
1131,3207.0666666666666,610.2,15,10.92718599117853,10.92718599117853,10.92718599117853,1.0163272624647612e-06,23.882481683620366
673,3203.1,462.4,10,10.880326949654899,10.880326949654899,10.880326949654899,1.0119689472103233e-06,23.88714765688769
1468,3241.8888888888887,765.3888888888889,18,10.869848334196368,10.869848334196368,10.869848334196368,1.0109943410700063e-06,23.8881938105771
1060,3345.133333333333,589.7333333333333,15,10.781402155051989,10.781402155051989,10.781402155051989,1.002768045370652e-06,23.897064407043228
789,3182.0,499.7857142857143,14,10.774944404132745,10.774944404132745,10.774944404132745,1.002167416048635e-06,23.897714926755818
2076,3287.6666666666665,518.2222222222222,9,10.759707182496797,10.759707182496797,10.759707182496797,1.0007502164360969e-06,23.899251390523006
625,3139.6666666666665,440.8666666666667,15,10.70400437110301,10.70400437110301,10.70400437110301,9.955693504875223e-07,23.90488682730784
372,3142.818181818182,332.1818181818182,11,10.687698707304003,10.687698707304003,10.687698707304003,9.940527760771577e-07,23.906542016040877
2074,3295.230769230769,508.7692307692308,13,10.687619868526788,10.687619868526788,10.687619868526788,9.9404544335685e-07,23.906550025101833
2196,3240.8,627.3333333333334,15,10.680592709194475,10.680592709194475,10.680592709194475,9.933918538954022e-07,23.907264136453076
2046,3152.1428571428573,476.35714285714283,14,10.650544869460886,10.650544869460886,10.650544869460886,9.905971326630492e-07,23.91032295588373
2166,2971.5,574.75,16,10.641045077888881,10.641045077888881,10.641045077888881,9.897135660091864e-07,23.911291814325708
1361,3221.75,705.8125,16,10.638388382320064,10.638388382320064,10.638388382320064,9.894664692601389e-07,23.911562918402275
1835,2950.1666666666665,1477.6666666666667,18,10.632324699574829,10.632324699574829,10.632324699574829,9.889024918472996e-07,23.912181944200203
763,3287.3571428571427,493.7142857142857,14,10.6239895148424,10.6239895148424,10.6239895148424,9.88127244177123e-07,23.913033438227803
2101,3136.6,529.6,15,10.606155731954905,10.606155731954905,10.606155731954905,9.864685408516673e-07,23.91485752262082
748,3235.714285714286,486.07142857142856,14,10.602165124333915,10.602165124333915,10.602165124333915,9.860973782007995e-07,23.9152661119904
74,3381.75,106.4375,16,10.578488162681268,10.578488162681268,10.578488162681268,9.838952063297118e-07,23.91769351069661
1815,2871.0,1370.2,10,10.575357855779185,10.575357855779185,10.575357855779185,9.836040594372695e-07,23.91801484115892
1810,2985.6666666666665,1341.6666666666667,12,10.547327993004544,10.547327993004544,10.547327993004544,9.809970283385026e-07,23.92089639276749
1141,3358.9375,616.25,16,10.534495857569466,10.534495857569466,10.534495857569466,9.798035235250182e-07,23.922218129999106
968,3216.4285714285716,562.9285714285714,14,10.5215376138786,10.5215376138786,10.5215376138786,9.78598289501609e-07,23.92355449148623
1805,2987.9333333333334,1291.8,15,10.499494394749854,10.499494394749854,10.499494394749854,9.765480704817155e-07,23.925831556650312
1783,3010.2,1179.6666666666667,15,10.468705623089962,10.468705623089962,10.468705623089962,9.736844358697475e-07,23.929020052380746
743,3109.9333333333334,482.4,15,10.456168810874395,10.456168810874395,10.456168810874395,9.725183987903595e-07,23.930321056368737
247,2841.3333333333335,256.75,12,10.4107532267501,10.4107532267501,10.4107532267501,9.682943381471577e-07,23.93504714119456
2189,3233.6666666666665,618.9166666666666,12,10.395523603434683,10.395523603434683,10.395523603434683,9.668778452472453e-07,23.93663659965524
592,3169.923076923077,427.3076923076923,13,10.382422688545116,10.382422688545116,10.382422688545116,9.656593415102132e-07,23.938005757058587
741,3356.0,480.75,4,10.369352868349042,10.369352868349042,10.369352868349042,9.64443729861294e-07,23.93937338739113
1741,3224.3636363636365,1058.909090909091,11,10.342236608953609,10.342236608953609,10.342236608953609,9.61921672151112e-07,23.942216348470197
719,3258.9,474.4,10,10.305052439979075,10.305052439979075,10.305052439979075,9.58463207667079e-07,23.946127006382774
79,3291.3333333333335,110.0,15,10.304860440698247,10.304860440698247,10.304860440698247,9.584453499950637e-07,23.946147235538685
114,3486.357142857143,158.5,14,10.288221622225574,10.288221622225574,10.288221622225574,9.568977891827345e-07,23.94790174430976
204,3259.9444444444443,233.72222222222223,18,10.28410776083114,10.28410776083114,10.28410776083114,9.565151628146524e-07,23.948335974992503
2138,3151.6666666666665,536.25,12,10.249197245200198,10.249197245200198,10.249197245200198,9.532681686835857e-07,23.95202789378085
1094,3326.0,598.0909090909091,11,10.207326285849874,10.207326285849874,10.207326285849874,9.493737902473037e-07,23.956472527778587
356,3290.0625,321.875,16,10.181493780068422,10.181493780068422,10.181493780068422,9.469711332499155e-07,23.95922377102893
778,3383.6875,497.1875,16,10.172559283694598,10.172559283694598,10.172559283694598,9.461401441692464e-07,23.960176947949222
1981,3273.6923076923076,345.3076923076923,13,10.119120885021623,10.119120885021623,10.119120885021623,9.411698891120294e-07,23.965895561470838
1180,3203.8,627.5,10,10.097045148612377,10.097045148612377,10.097045148612377,9.39116645690547e-07,23.96826677624551
2175,3344.142857142857,600.0,14,10.093602345440004,10.093602345440004,10.093602345440004,9.387964338147533e-07,23.968637044320115
1044,3323.6923076923076,585.9230769230769,13,10.07262113945448,10.07262113945448,10.07262113945448,9.368449916356147e-07,23.970896273788096
1983,3334.714285714286,347.7857142857143,14,10.0657520685845,10.0657520685845,10.0657520685845,9.362061058329388e-07,23.97163694922883
1996,3048.076923076923,398.3076923076923,13,10.057962295377939,10.057962295377939,10.057962295377939,9.354815863743483e-07,23.972477513656123
368,3326.133333333333,329.6,15,10.041179121772554,10.041179121772554,10.041179121772554,9.339205992272822e-07,23.974290735730747
2229,3183.181818181818,671.4545454545455,11,10.03020629470998,10.03020629470998,10.03020629470998,9.329000269318158e-07,23.975477858248702
595,3379.3333333333335,427.6666666666667,12,9.999692701845987,9.999692701845987,9.999692701845987,9.300619864401044e-07,23.97878588672594
657,3317.5384615384614,452.9230769230769,13,9.950568192292387,9.950568192292387,9.950568192292387,9.254929621409994e-07,23.984132820948226
78,3348.1111111111113,108.66666666666667,9,9.938492665686923,9.938492665686923,9.938492665686923,9.243698288011203e-07,23.985451217843053
322,3212.7333333333336,301.06666666666666,15,9.933267286326,9.933267286326,9.933267286326,9.23883821195364e-07,23.986022217462633
795,3321.5,501.0,6,9.863659430186814,9.863659430186814,9.863659430186814,9.174096601503255e-07,23.993657350135106
1363,3244.8,705.8666666666667,15,9.84712022951477,9.84712022951477,9.84712022951477,9.158713646956728e-07,23.99547942044301
2253,3248.0,843.6153846153846,13,9.817114523829266,9.817114523829266,9.817114523829266,9.13080562311391e-07,23.99879287827197
1143,3127.1428571428573,617.2142857142857,14,9.810321127811761,9.810321127811761,9.810321127811761,9.124487149553669e-07,23.999544462578232
1003,3375.3333333333335,573.9333333333333,15,9.809599100487851,9.809599100487851,9.809599100487851,9.123815598749898e-07,23.99962437434114
962,3121.6923076923076,559.7692307692307,13,9.799024687203481,9.799024687203481,9.799024687203481,9.113980436692482e-07,24.00079539221411
1410,3216.8,724.5,10,9.798986340637672,9.798986340637672,9.798986340637672,9.113944770913311e-07,24.000799641038626
336,3340.133333333333,310.0,15,9.797443597799596,9.797443597799596,9.797443597799596,9.11250988035084e-07,24.00097059174369
706,3232.1666666666665,471.25,12,9.774300417461724,9.774300417461724,9.774300417461724,9.090984626606184e-07,24.003538313912752
2019,3292.076923076923,451.15384615384613,13,9.76976930626282,9.76976930626282,9.76976930626282,9.086770282817744e-07,24.004041749648923
76,3514.4,107.2,15,9.704489835310003,9.704489835310003,9.704489835310003,9.026054462603661e-07,24.01132074804314
1043,3130.0,585.5,14,9.665420100382644,9.665420100382644,9.665420100382644,8.989716070655356e-07,24.01570068407677
499,3311.9333333333334,392.8,15,9.58472282739566,9.58472282739566,9.58472282739566,8.91466029819075e-07,24.024803625750604
1083,3166.769230769231,596.4615384615385,13,9.54409430081618,9.54409430081618,9.54409430081618,8.876872088829406e-07,24.029415717370213
648,3410.642857142857,446.92857142857144,14,9.543827533851363,9.543827533851363,9.543827533851363,8.876623971391589e-07,24.029446065205295
1018,3297.8,577.3,10,9.537519158940228,9.537519158940228,9.537519158940228,8.87075661138764e-07,24.030163963306936
28,3342.4,71.0,15,9.515917747570406,9.515917747570406,9.515917747570406,8.850665342418126e-07,24.032625823029328
2181,3239.9,618.1,10,9.448885303198931,9.448885303198931,9.448885303198931,8.78831909816148e-07,24.040301078568547
374,3397.153846153846,334.3076923076923,13,9.44766449987798,9.44766449987798,9.44766449987798,8.78718364050734e-07,24.04044136559238
2205,3103.9333333333334,635.0,15,9.433858108657349,9.433858108657349,9.433858108657349,8.774342446255581e-07,24.04202917201961
482,3259.75,384.125,16,9.426846479693623,9.426846479693623,9.426846479693623,8.767820996290443e-07,24.042836435580238
2164,3330.846153846154,579.0769230769231,13,9.406395251390968,9.406395251390968,9.406395251390968,8.748799501743121e-07,24.045194462737214
1588,3251.5714285714284,862.7857142857143,14,9.362006952441696,9.362006952441696,9.362006952441696,8.707514363562988e-07,24.050330123468605
1351,3213.0833333333335,700.8333333333334,12,9.359140322528052,9.359140322528052,9.359140322528052,8.7048481381185e-07,24.050662624875866
586,3181.1428571428573,427.2857142857143,14,9.331157409554466,9.331157409554466,9.331157409554466,8.678821494697958e-07,24.053913732468345
2010,3295.909090909091,428.0,11,9.323882186927491,9.323882186927491,9.323882186927491,8.672054878752861e-07,24.054760578486913
1236,3299.2,653.1,10,9.317835597467859,9.317835597467859,9.317835597467859,8.666431002928182e-07,24.055464912861865
1235,3282.1666666666665,652.4166666666666,12,9.311240325645965,9.311240325645965,9.311240325645965,8.660296802813561e-07,24.056233681610884
1912,2904.6,1649.3333333333333,15,9.311185246250954,9.311185246250954,9.311185246250954,8.660245573987773e-07,24.05624010415698
1477,3344.0714285714284,771.5,14,9.276063977061957,9.276063977061957,9.276063977061957,8.627579612780599e-07,24.060343183471137
320,3354.6,301.4,15,9.27011389356507,9.27011389356507,9.27011389356507,8.62204549624162e-07,24.06103984683117
2246,3236.3076923076924,778.1538461538462,13,9.261246035052153,9.261246035052153,9.261246035052153,8.613797584680828e-07,24.062078967091978
2011,3018.3571428571427,429.35714285714283,14,9.240906525338456,9.240906525338456,9.240906525338456,8.594879998539359e-07,24.064466078635544
633,3409.5,441.5,12,9.237336607388695,9.237336607388695,9.237336607388695,8.591559651525925e-07,24.064885597870838
758,3143.6363636363635,488.72727272727275,11,9.231012645926661,9.231012645926661,9.231012645926661,8.585677794617999e-07,24.065629156928665
843,3240.6,518.8,5,9.230549227020894,9.230549227020894,9.230549227020894,8.585246773064734e-07,24.06568366485031
814,3381.5714285714284,508.2142857142857,14,9.229718937236917,9.229718937236917,9.229718937236917,8.584474528367991e-07,24.065781331435815
1095,3332.25,597.4166666666666,12,9.205057024386697,9.205057024386697,9.205057024386697,8.561536715838357e-07,24.068686313594494
654,3221.0,451.5833333333333,12,9.198608752442665,9.198608752442665,9.198608752442665,8.555539238923626e-07,24.069447153600954
759,3219.0,489.8181818181818,11,9.189487562819167,9.189487562819167,9.189487562819167,8.547055706486313e-07,24.07052428594213
912,3144.3076923076924,544.5384615384615,13,9.132075056527203,9.132075056527203,9.132075056527203,8.493656875901697e-07,24.077328840991832
1171,3210.0,625.8,10,9.130945181918985,9.130945181918985,9.130945181918985,8.492605990185626e-07,24.07746318303981
1207,3245.153846153846,641.6923076923077,13,9.06642842864655,9.06642842864655,9.06642842864655,8.432599566492075e-07,24.085161927906988
624,3458.0,438.6923076923077,13,9.03839252017317,9.03839252017317,9.03839252017317,8.406523632457032e-07,24.088524526772762
208,3394.2666666666664,234.13333333333333,15,9.033978543486114,9.033978543486114,9.033978543486114,8.402418234373243e-07,24.089054884895056
1727,3088.1666666666665,1038.5,12,9.023779828769676,9.023779828769676,9.023779828769676,8.392932506010255e-07,24.090281295699626
921,3417.6153846153848,544.7692307692307,13,9.023039004653489,9.023039004653489,9.023039004653489,8.392243472487278e-07,24.090370434907168
2152,3360.818181818182,545.2727272727273,11,9.008666137711288,9.008666137711288,9.008666137711288,8.378875404509914e-07,24.092101291216878
1464,3170.866666666667,759.7333333333333,15,8.993499600300137,8.993499600300137,8.993499600300137,8.364769151115318e-07,24.093930722509054
1231,3168.6666666666665,649.8,15,8.972361099880121,8.972361099880121,8.972361099880121,8.345108431254021e-07,24.096485662257745
2211,3120.153846153846,647.0,13,8.939295332984521,8.939295332984521,8.939295332984521,8.314354273342339e-07,24.100494307820277
1905,2888.0714285714284,1636.2142857142858,14,8.931249727942626,8.931249727942626,8.931249727942626,8.306871131979409e-07,24.10147193947545
70,3429.5333333333333,102.93333333333334,15,8.907836899224922,8.907836899224922,8.907836899224922,8.285095080820006e-07,24.104321880273588
905,3170.076923076923,540.6923076923076,13,8.907657880528982,8.907657880528982,8.907657880528982,8.284928577219425e-07,24.10434370027712
1158,3208.769230769231,620.6923076923077,13,8.906188266549496,8.906188266549496,8.906188266549496,8.283561703118575e-07,24.10452284329823
641,3304.090909090909,443.3636363636364,11,8.886107809535982,8.886107809535982,8.886107809535982,8.26488505945015e-07,24.106973576846187
1163,3229.3,622.3,10,8.883815207612862,8.883815207612862,8.883815207612862,8.262752732025388e-07,24.107253731230927
924,3100.846153846154,546.6153846153846,13,8.800636523812198,8.800636523812198,8.800636523812198,8.185389022767765e-07,24.117467310460743
833,3370.857142857143,516.1428571428571,14,8.779514356638341,8.779514356638341,8.779514356638341,8.165743494304664e-07,24.120076288371635
991,2936.0,569.5,14,8.773923203794016,8.773923203794016,8.773923203794016,8.160543215780183e-07,24.120767949734695
1778,3016.3076923076924,1170.7692307692307,13,8.763624803562031,8.763624803562031,8.763624803562031,8.150964770859424e-07,24.12204308206944
1243,3196.1428571428573,657.7857142857143,14,8.747047593431319,8.747047593431319,8.747047593431319,8.135546464073896e-07,24.124098797827425
2230,3232.3076923076924,677.4615384615385,13,8.745415043031754,8.745415043031754,8.745415043031754,8.134028044345556e-07,24.124301458723938
1860,2909.714285714286,1567.5714285714287,14,8.69563664916712,8.69563664916712,8.69563664916712,8.087729629724282e-07,24.130499061040453
1069,3210.3,591.9,10,8.68557660802707,8.68557660802707,8.68557660802707,8.078372880346717e-07,24.131755883788685
222,3282.3571428571427,242.0,14,8.667212534473066,8.667212534473066,8.667212534473066,8.061292628744969e-07,24.134053905945713
334,3358.0,308.53846153846155,13,8.661569045681496,8.661569045681496,8.661569045681496,8.056043673049589e-07,24.134761092459716
471,3331.8333333333335,379.9166666666667,12,8.642210809850901,8.642210809850901,8.642210809850901,8.038038760491371e-07,24.137190382065263
682,3171.0,463.5,12,8.629136408726314,8.629136408726314,8.629136408726314,8.025878383323777e-07,24.13883418589694
2042,3265.8333333333335,464.4166666666667,12,8.628215565680367,8.628215565680367,8.628215565680367,8.025021915892178e-07,24.138950054500224
1918,2836.0,1661.142857142857,14,8.619450285099136,8.619450285099136,8.619450285099136,8.016869411098126e-07,24.140053598988334
530,3185.3846153846152,405.3076923076923,13,8.574641514207457,8.574641514207457,8.574641514207457,7.975193195930272e-07,24.145712591106467
1085,3342.1,595.5,10,8.569292551002992,8.569292551002992,8.569292551002992,7.970218175705479e-07,24.14639009758489
1994,3281.5454545454545,392.72727272727275,11,8.565110171974215,8.565110171974215,8.565110171974215,7.966328184419216e-07,24.14692013770327
1403,3417.25,721.25,12,8.544743961204405,8.544743961204405,8.544743961204405,7.947385763877302e-07,24.149504887129858
643,3201.2,445.5,10,8.54469597786147,8.54469597786147,8.54469597786147,7.94734113502262e-07,24.149510984140974
2072,3141.6923076923076,496.6923076923077,13,8.518518211487633,8.518518211487633,8.518518211487633,7.922993441428274e-07,24.152842381226552
1030,3303.181818181818,580.6363636363636,11,8.499522789190255,8.499522789190255,8.499522789190255,7.905325978315226e-07,24.155266165054222
607,3254.5,432.8,10,8.47730058473789,8.47730058473789,8.47730058473789,7.88465731555499e-07,24.15810856556368
1422,3175.6666666666665,731.5,12,8.471185375502774,8.471185375502774,8.471185375502774,7.878969617124358e-07,24.158892057890956
2089,3312.0,526.6666666666667,9,8.449278435324175,8.449278435324175,8.449278435324175,7.858594178691564e-07,24.16170346680306
1240,3063.769230769231,653.3076923076923,13,8.444330346626796,8.444330346626796,8.444330346626796,7.853992008064744e-07,24.162339484751154
427,3085.4615384615386,364.38461538461536,13,8.439554554052036,8.439554554052036,8.439554554052036,7.849550088436467e-07,24.16295370962578
1979,3280.0,339.75,12,8.422570672799857,8.422570672799857,8.422570672799857,7.833753540676606e-07,24.165140862284233
1430,2889.0,735.0,9,8.392901355328444,8.392901355328444,8.392901355328444,7.806158388338884e-07,24.168972224915404
2225,3224.5,666.0,10,8.38827069931141,8.38827069931141,8.38827069931141,7.801851458854012e-07,24.16957142871365
914,3372.1,544.4,10,8.364961319722093,8.364961319722093,8.364961319722093,7.780171624753186e-07,24.172592679017146
2155,3184.5833333333335,554.1666666666666,12,8.36322144957866,8.36322144957866,8.36322144957866,7.778553387943318e-07,24.172818530209614
2186,3415.0,613.5,12,8.34956306970901,8.34956306970901,8.34956306970901,7.765849857653058e-07,24.174593147815333
266,3352.153846153846,267.38461538461536,13,8.321043382061221,8.321043382061221,8.321043382061221,7.739323965170924e-07,24.178308056175275
2247,3236.076923076923,782.2307692307693,13,8.31223572154873,8.31223572154873,8.31223572154873,7.731132043202536e-07,24.17945789520964
2210,3236.0,650.7272727272727,11,8.30503536271496,8.30503536271496,8.30503536271496,7.724435057365381e-07,24.180398806713427
1112,3083.3636363636365,603.3636363636364,11,8.30222808431488,8.30222808431488,8.30222808431488,7.721824034203852e-07,24.18076587065922
423,3428.909090909091,362.3636363636364,11,8.29755845975361,8.29755845975361,8.29755845975361,7.717480860443539e-07,24.181376719548034
2035,3245.0833333333335,445.3333333333333,12,8.289811137979978,8.289811137979978,8.289811137979978,7.710275149534999e-07,24.182390930788902
2162,3318.9,566.7,10,8.284939990745418,8.284939990745418,8.284939990745418,7.705744541437031e-07,24.183029103998557
1955,2824.8,1911.0,10,8.272863347384298,8.272863347384298,8.272863347384298,7.694512169354339e-07,24.184612895155688
1302,3208.8,680.5,10,8.271307041462787,8.271307041462787,8.271307041462787,7.693064663895895e-07,24.184817165016298
784,3594.125,497.125,8,8.26059602151552,8.26059602151552,8.26059602151552,7.6831024452698e-07,24.186224062181076
1100,3107.9166666666665,600.75,12,8.250496785095848,8.250496785095848,8.250496785095848,7.67370924073235e-07,24.18755227323496
2141,3352.9,539.6,10,8.236277694294078,8.236277694294078,8.236277694294078,7.660484198492777e-07,24.189425069582033
1000,3383.5384615384614,572.0769230769231,13,8.22922547466752,8.22922547466752,8.22922547466752,7.653924995534993e-07,24.1903551171563
155,3346.8333333333335,191.66666666666666,12,8.228028448243267,8.228028448243267,8.228028448243267,7.652811652548206e-07,24.190513060265793
1890,2903.75,1615.4166666666667,12,8.225952476709956,8.225952476709956,8.225952476709956,7.650880811005738e-07,24.190787031346225
1,2927.0,39.5,12,8.22389649593757,8.22389649593757,8.22389649593757,7.648968562681451e-07,24.19105843235133
1563,3162.4,842.8,10,8.218644981943275,8.218644981943275,8.218644981943275,7.644084179047891e-07,24.191751969791994
1561,3318.5,839.75,12,8.209527314074048,8.209527314074048,8.209527314074048,7.63560392216101e-07,24.19295714136514
2228,3183.2,667.5,10,8.20416901034482,8.20416901034482,8.20416901034482,7.630620214402235e-07,24.193666025512456
1196,3244.272727272727,634.1818181818181,11,8.197620332981945,8.197620332981945,8.197620332981945,7.624529351354467e-07,24.194533020732933
860,3096.0,526.0,9,8.193628770681805,8.193628770681805,8.193628770681805,7.620816836907715e-07,24.19506181311002
556,3259.2,414.3,10,8.168273983593068,8.168273983593068,8.168273983593068,7.59723458858406e-07,24.198426780223535
2100,3349.5,529.8333333333333,12,8.164388540581768,8.164388540581768,8.164388540581768,7.593620774686938e-07,24.19894336056948
2136,3178.9166666666665,535.75,12,8.149005433510467,8.149005433510467,8.149005433510467,7.579313091894131e-07,24.200991003293733
1347,3240.6153846153848,698.4615384615385,13,8.101094563663834,8.101094563663834,8.101094563663834,7.534751643747423e-07,24.207393267492904
572,3275.3636363636365,419.90909090909093,11,8.076774027119502,8.076774027119502,8.076774027119502,7.512131342100018e-07,24.21065769095997
1911,2886.25,1644.0833333333333,12,8.045392804279489,8.045392804279489,8.045392804279489,7.482943962725736e-07,24.214884389910907
2245,3182.6363636363635,759.0909090909091,11,8.040860172528959,8.040860172528959,8.040860172528959,7.47872820468657e-07,24.215496246821488
629,3419.25,440.75,8,8.014188015525018,8.014188015525018,8.014188015525018,7.453920683030282e-07,24.219103704465994
2032,3258.375,439.625,8,7.989864393285792,7.989864393285792,7.989864393285792,7.431297511407161e-07,24.22240400078541
1958,3368.0,154.8181818181818,11,7.931671789799466,7.931671789799466,7.931671789799466,7.377173119779984e-07,24.230340684416085
949,3220.285714285714,551.8571428571429,7,7.919707066870487,7.919707066870487,7.919707066870487,7.366044843835586e-07,24.231979726097993
1308,3331.777777777778,681.6666666666666,9,7.916035019669701,7.916035019669701,7.916035019669701,7.362629507369063e-07,24.23248325471587
2094,3190.923076923077,523.1538461538462,13,7.8866808330375235,7.8866808330375235,7.8866808330375235,7.335327455252584e-07,24.236516857565068
1513,3253.5555555555557,796.1111111111111,9,7.863072559497657,7.863072559497657,7.863072559497657,7.313369622707534e-07,24.23977181348379
1501,3208.9166666666665,784.9166666666666,12,7.831952045665334,7.831952045665334,7.831952045665334,7.284424726322285e-07,24.244077472596757
983,3370.0,567.0769230769231,13,7.8317461904814145,7.8317461904814145,7.8317461904814145,7.284233262357356e-07,24.244106010483883
1956,3383.2307692307695,76.07692307692308,13,7.820456748659053,7.820456748659053,7.820456748659053,7.27373305900094e-07,24.245672225526107
38,3334.923076923077,83.23076923076923,13,7.798146826864715,7.798146826864715,7.798146826864715,7.25298281116829e-07,24.24877400170921
1038,3291.909090909091,581.7272727272727,11,7.792909854135843,7.792909854135843,7.792909854135843,7.248111952228546e-07,24.249503390515276
198,3295.727272727273,225.0909090909091,11,7.79286785195511,7.79286785195511,7.79286785195511,7.248072886396413e-07,24.249509242425802
1024,3185.5555555555557,581.0,9,7.787512890494341,7.787512890494341,7.787512890494341,7.243092287250007e-07,24.25025557537595
650,3309.777777777778,447.44444444444446,9,7.786674565535172,7.786674565535172,7.786674565535172,7.242312569112607e-07,24.250372461057847
185,3236.1111111111113,218.66666666666666,9,7.758172128809441,7.758172128809441,7.758172128809441,7.215802721550368e-07,24.25435399432933
1982,3277.3636363636365,348.54545454545456,11,7.752107864762976,7.752107864762976,7.752107864762976,7.210162406759183e-07,24.25520300432382
1500,3194.3333333333335,787.6666666666666,12,7.743302533281234,7.743302533281234,7.743302533281234,7.201972651000327e-07,24.256436952695385
555,2883.125,413.875,8,7.709322276789095,7.709322276789095,7.709322276789095,7.170367934940414e-07,24.261212019021198
764,3178.625,492.25,8,7.701402807961889,7.701402807961889,7.701402807961889,7.163002111681043e-07,24.26232792430635
885,3374.181818181818,535.8181818181818,11,7.693506297565296,7.693506297565296,7.693506297565296,7.155657641841441e-07,24.26344173770037
2222,3235.0,665.0,11,7.680219300359511,7.680219300359511,7.680219300359511,7.143299531063941e-07,24.265318469195133
319,3308.4,300.8,10,7.658213098804811,7.658213098804811,7.658213098804811,7.122831770561474e-07,24.268433904401164
2207,3344.3333333333335,635.6666666666666,9,7.636003571195255,7.636003571195255,7.636003571195255,7.102174898413167e-07,24.27158721466039
1116,3230.1,603.9,10,7.620771721051632,7.620771721051632,7.620771721051632,7.088007898262131e-07,24.273755140233675
431,3421.7,366.6,10,7.618015075173492,7.618015075173492,7.618015075173492,7.08544396793169e-07,24.274147952378932
1609,3084.6363636363635,880.7272727272727,11,7.616808708210337,7.616808708210337,7.616808708210337,7.084321937397771e-07,24.274319900057417
370,3240.3,330.4,10,7.59637632436526,7.59637632436526,7.59637632436526,7.065317969902699e-07,24.277236342890593
2248,3137.5,790.6,10,7.592820953146486,7.592820953146486,7.592820953146486,7.062011152666551e-07,24.27774462456652
1976,3371.0,322.1666666666667,12,7.5878755734781524,7.5878755734781524,7.5878755734781524,7.057411501682095e-07,24.2784520200319
1984,3337.5454545454545,351.90909090909093,11,7.582173284001108,7.582173284001108,7.582173284001108,7.052107856023766e-07,24.27926825767029
323,2833.8,302.5,10,7.5799905649594885,7.5799905649594885,7.5799905649594885,7.050077729630668e-07,24.279580859107426
1225,3128.4,648.6,10,7.5782698670633355,7.5782698670633355,7.5782698670633355,7.048477324747162e-07,24.27982735493981
687,3259.75,465.125,8,7.569834057253765,7.569834057253765,7.569834057253765,7.040631257610246e-07,24.281036623785507
855,3366.3636363636365,524.5454545454545,11,7.567874742046863,7.567874742046863,7.567874742046863,7.038808917016663e-07,24.2813176834223
119,3518.846153846154,161.3846153846154,13,7.563376761347068,7.563376761347068,7.563376761347068,7.034625387592955e-07,24.28196318464034
2090,3431.076923076923,515.3846153846154,13,7.561186223235785,7.561186223235785,7.561186223235785,7.032587988756912e-07,24.28227768583345
640,3197.272727272727,443.09090909090907,11,7.558570673755543,7.558570673755543,7.558570673755543,7.03015529085533e-07,24.282653326369697
534,3281.1666666666665,405.3333333333333,12,7.553608481064915,7.553608481064915,7.553608481064915,7.025540002237417e-07,24.283366344975107
766,3459.4,492.3,10,7.54771028599357,7.54771028599357,7.54771028599357,7.020054146633621e-07,24.28421446749422
1592,3202.1,865.2,10,7.5423183996873036,7.5423183996873036,7.5423183996873036,7.015039204036695e-07,24.284990366141695
1632,3132.0,910.0,11,7.54159446551801,7.54159446551801,7.54159446551801,7.014365879694018e-07,24.28509458333588
757,3401.8333333333335,489.3333333333333,12,7.537440504614617,7.537440504614617,7.537440504614617,7.010502319838132e-07,24.285692778892688
1352,3323.6,700.7,10,7.524472975415085,7.524472975415085,7.524472975415085,6.998441343240011e-07,24.287562304890898
490,3329.6363636363635,387.6363636363636,11,7.51858184336651,7.51858184336651,7.51858184336651,6.992962056887075e-07,24.28841269276174
243,3420.875,253.125,8,7.508012028978088,7.508012028978088,7.508012028978088,6.983131172219405e-07,24.289940122350814
2001,3302.6666666666665,411.1111111111111,9,7.498646151540887,7.498646151540887,7.498646151540887,6.974420057954474e-07,24.291295370590746
160,3247.6153846153848,198.76923076923077,13,7.49788531467623,7.49788531467623,7.49788531467623,6.973712410762906e-07,24.29140553848289
644,3206.3333333333335,445.1111111111111,9,7.4932754343522365,7.4932754343522365,7.4932754343522365,6.969424804554174e-07,24.29207328052221
244,3228.5384615384614,255.0,13,7.486216452678586,7.486216452678586,7.486216452678586,6.962859312280169e-07,24.293096571912454
2224,3233.0,669.5454545454545,11,7.473575568203726,7.473575568203726,7.473575568203726,6.951102144859536e-07,24.294931446245187
2219,3251.1,674.9,10,7.472035587319494,7.472035587319494,7.472035587319494,6.949669823164286e-07,24.295155192599772
1186,3357.727272727273,628.8181818181819,11,7.466849883680208,7.466849883680208,7.466849883680208,6.944846649121194e-07,24.295908971243485
964,3376.909090909091,559.3636363636364,11,7.435264411794503,7.435264411794503,7.435264411794503,6.915469299636001e-07,24.300511478115233
1007,3326.818181818182,574.4545454545455,11,7.401795465172924,7.401795465172924,7.401795465172924,6.884340148063996e-07,24.30540982172502
1039,3315.3333333333335,582.0,9,7.37343645602116,7.37343645602116,7.37343645602116,6.857963701135488e-07,24.309577667068034
895,3436.5454545454545,537.0,11,7.352055130385109,7.352055130385109,7.352055130385109,6.838077131831096e-07,24.31273063422391
646,3150.818181818182,446.45454545454544,11,7.337939600185552,7.337939600185552,7.337939600185552,6.824948410330853e-07,24.314817190030766
2221,3207.222222222222,664.8888888888889,9,7.3366697336896465,7.3366697336896465,7.3366697336896465,6.823767319480453e-07,24.315005098274437
993,3213.0,568.7142857142857,7,7.308128130414605,7.308128130414605,7.308128130414605,6.797221043480122e-07,24.319237139104224
893,3332.5,537.5,10,7.30594085987018,7.30594085987018,7.30594085987018,6.795186683777194e-07,24.31956214083222
1861,2856.2,1568.5,10,7.292892404501693,7.292892404501693,7.292892404501693,6.783050438512627e-07,24.321503006095323
1574,3223.090909090909,851.4545454545455,11,7.289098609818298,7.289098609818298,7.289098609818298,6.779521865860857e-07,24.32206795779912
2124,3322.1111111111113,542.4444444444445,9,7.287936602495993,7.287936602495993,7.287936602495993,6.77844109381049e-07,24.322241056567737
1872,2850.5454545454545,1588.3636363636363,11,7.286960104594943,7.286960104594943,7.286960104594943,6.777532862323098e-07,24.32238654221308
1247,3079.6666666666665,656.8888888888889,9,7.266614513663463,7.266614513663463,7.266614513663463,6.758609620098328e-07,24.32542221690489
1382,2871.125,713.125,8,7.26366807045269,7.26366807045269,7.26366807045269,6.755869161058983e-07,24.32586254696654
1224,3347.181818181818,645.6363636363636,11,7.2594918261323755,7.2594918261323755,7.2594918261323755,6.751984875607197e-07,24.326486970276036
1377,3168.818181818182,711.8181818181819,11,7.25656873476329,7.25656873476329,7.25656873476329,6.74926613589555e-07,24.32692423852231
288,3218.5,277.5,10,7.248364476610185,7.248364476610185,7.248364476610185,6.741635432770307e-07,24.328152463558595
1624,3024.5,901.125,8,7.245385245618522,7.245385245618522,7.245385245618522,6.738864478125213e-07,24.328598815821817
788,3162.0,500.1,10,7.2440833963895965,7.2440833963895965,7.2440833963895965,6.737653640436495e-07,24.32879391819302
610,3077.5555555555557,434.3333333333333,9,7.234482650724597,7.234482650724597,7.234482650724597,6.728724077448177e-07,24.330233823036505
906,3087.6363636363635,542.090909090909,11,7.234170081385079,7.234170081385079,7.234170081385079,6.72843335965366e-07,24.330280733810405
416,3251.4545454545455,360.27272727272725,11,7.214083496559967,7.214083496559967,7.214083496559967,6.709751016565465e-07,24.333299610286705
104,3343.4545454545455,144.1818181818182,11,7.20788151664745,7.20788151664745,7.20788151664745,6.703982613546207e-07,24.33423342402722
181,3054.6666666666665,216.66666666666666,9,7.206343923982963,7.206343923982963,7.206343923982963,6.702552513111617e-07,24.33446505909318
1392,3161.2,718.0,10,7.185277884425201,7.185277884425201,7.185277884425201,6.682959188414847e-07,24.337643599841225
561,3119.0,416.0,9,7.18275847484699,7.18275847484699,7.18275847484699,6.680615909329347e-07,24.33802436366355
601,3194.625,431.75,8,7.177133760202091,7.177133760202091,7.177133760202091,6.675384415290707e-07,24.338874921111163
1933,2859.8333333333335,1687.25,12,7.174084917597748,7.174084917597748,7.174084917597748,6.672548715541238e-07,24.339336239264313
36,2960.230769230769,83.07692307692308,13,7.173706073758005,7.173706073758005,7.173706073758005,6.672196356459167e-07,24.3393935755432
1017,3228.5555555555557,577.1111111111111,9,7.16058581864413,7.16058581864413,7.16058581864413,6.659993330928634e-07,24.34138113657207
1578,3208.4545454545455,855.5454545454545,11,7.158026008399798,7.158026008399798,7.158026008399798,6.657612475564635e-07,24.34176934161915
824,3221.1,511.1,10,7.157783529904279,7.157783529904279,7.157783529904279,6.657386948603021e-07,24.341806121611338
284,3090.272727272727,274.27272727272725,11,7.153004239798842,7.153004239798842,7.153004239798842,6.652941775954451e-07,24.342531315580658
818,3126.6,509.5,10,7.151108777425774,7.151108777425774,7.151108777425774,6.651178824279353e-07,24.342819061088928
2016,3303.090909090909,438.72727272727275,11,7.118557751541477,7.118557751541477,7.118557751541477,6.62090342212722e-07,24.34777248989321
1703,3098.8888888888887,999.3333333333334,9,7.098780571059173,7.098780571059173,7.098780571059173,6.602508853099954e-07,24.350793141753748
481,3171.8,383.4,10,7.0868279172744515,7.0868279172744515,7.0868279172744515,6.591391802552794e-07,24.35262280341949
617,3060.727272727273,437.54545454545456,11,7.086557454423819,7.086557454423819,7.086557454423819,6.59114024760644e-07,24.3526642404229
2185,3417.7,609.1,10,7.083830886033843,7.083830886033843,7.083830886033843,6.588604292064048e-07,24.353082060172248
2125,3325.375,547.0,8,7.0643625697463115,7.0643625697463115,7.0643625697463115,6.570496994711117e-07,24.35607006980699
496,3306.875,390.125,8,7.038078381777973,7.038078381777973,7.038078381777973,6.5460503193955e-07,24.36011727378146
2069,3172.9,491.8,10,7.029421972048947,7.029421972048947,7.029421972048947,6.537999074354209e-07,24.36145348538919
1338,3155.3636363636365,694.5454545454545,11,6.972968757167332,6.972968757167332,6.972968757167332,6.485492471662275e-07,24.370208223427483
421,3282.8888888888887,362.22222222222223,9,6.9065265017923885,6.9065265017923885,6.9065265017923885,6.423695156624611e-07,24.380603315164638
249,3436.8,256.0,10,6.880826743049082,6.880826743049082,6.880826743049082,6.399792053418831e-07,24.384650965259983
301,3202.5,286.5,10,6.8728551031744205,6.8728551031744205,6.8728551031744205,6.392377706360302e-07,24.385909551737285
1916,2826.3636363636365,1658.090909090909,11,6.828089210128415,6.828089210128415,6.828089210128415,6.350741371472284e-07,24.393004555215487
2266,2899.3333333333335,1599.6666666666667,12,6.827079792562784,6.827079792562784,6.827079792562784,6.349802521715366e-07,24.393165074825095
563,3396.727272727273,417.72727272727275,11,6.816797278281193,6.816797278281193,6.816797278281193,6.34023885216723e-07,24.394801574492618
2188,3231.5555555555557,615.0,9,6.798967373933177,6.798967373933177,6.798967373933177,6.323655426305663e-07,24.397645128892663
148,3480.3,187.6,10,6.795670162511715,6.795670162511715,6.795670162511715,6.320588721062018e-07,24.398171792715164
1973,3337.3,292.0,10,6.7912269854942835,6.7912269854942835,6.7912269854942835,6.316456164026366e-07,24.398881906035577
480,3342.9,382.1,10,6.790197839428712,6.790197839428712,6.790197839428712,6.315498964977734e-07,24.39904645153208
2037,3243.0,455.22222222222223,9,6.788131887668701,6.788131887668701,6.788131887668701,6.313577442731905e-07,24.39937684248377
1746,3059.8,1062.3,10,6.784341775725523,6.784341775725523,6.784341775725523,6.310052295362074e-07,24.399983225957527
1794,3001.285714285714,1223.0,7,6.784299368083522,6.784299368083522,6.784299368083522,6.31001285241424e-07,24.399990012711157
2252,3251.7,839.8,10,6.774718005249684,6.774718005249684,6.774718005249684,6.301101317214366e-07,24.40152446524038
2044,3271.0,465.625,8,6.771922793990051,6.771922793990051,6.771922793990051,6.298501517586348e-07,24.401972526446485
1762,2916.714285714286,1099.0,7,6.770951338623039,6.770951338623039,6.770951338623039,6.297597976112305e-07,24.402128290172087
798,3473.6666666666665,502.55555555555554,9,6.764981826750299,6.764981826750299,6.764981826750299,6.292045789424195e-07,24.403085936092165
1334,3191.6,693.4,10,6.7642414971628,6.7642414971628,6.7642414971628,6.291357215857686e-07,24.403204760745755
1001,3143.1111111111113,571.2222222222222,9,6.756500458900804,6.756500458900804,6.756500458900804,6.284157349184052e-07,24.404447995244144
59,3284.8,96.7,10,6.753591421578127,6.753591421578127,6.753591421578127,6.281451681008411e-07,24.404915563817173
1118,3269.272727272727,605.8181818181819,11,6.750476431061653,6.750476431061653,6.750476431061653,6.27855445770978e-07,24.405416458522105
700,3415.875,468.125,8,6.744010127907346,6.744010127907346,6.744010127907346,6.272540210136444e-07,24.40645698717834
891,3230.625,537.875,8,6.743097861581283,6.743097861581283,6.743097861581283,6.271691719831113e-07,24.40660386530535
1339,3207.4545454545455,695.7272727272727,11,6.7425106655056855,6.7425106655056855,6.7425106655056855,6.271145574299661e-07,24.406698416476353
1197,3174.4545454545455,635.2727272727273,11,6.741775940760196,6.741775940760196,6.741775940760196,6.270462213743841e-07,24.406816734527695
554,3383.4444444444443,413.1111111111111,9,6.737903246614232,6.737903246614232,6.737903246614232,6.266860257446118e-07,24.407440595719265
1557,3108.9,838.5,10,6.732148292460907,6.732148292460907,6.732148292460907,6.261507628869116e-07,24.40836833715263
593,3340.777777777778,427.77777777777777,9,6.727735129818949,6.727735129818949,6.727735129818949,6.257402987920996e-07,24.409080309237265
2024,3326.8,445.9,10,6.715873951456162,6.715873951456162,6.715873951456162,6.246371017800976e-07,24.410996180792786
1972,3285.0,292.2,10,6.711054041039697,6.711054041039697,6.711054041039697,6.241888064584251e-07,24.4117756817286
1510,3355.7,794.4,10,6.706691129674782,6.706691129674782,6.706691129674782,6.237830161874935e-07,24.412481757292525
1877,2927.125,1592.875,8,6.688098268471878,6.688098268471878,6.688098268471878,6.22053711703888e-07,24.41549590778387
832,3157.875,515.125,8,6.684466971773626,6.684466971773626,6.684466971773626,6.217159682230403e-07,24.416085567332594
1885,2834.3636363636365,1608.090909090909,11,6.681010634649867,6.681010634649867,6.681010634649867,6.213944975671934e-07,24.416647114109338
847,3233.222222222222,521.1111111111111,9,6.677405735679621,6.677405735679621,6.677405735679621,6.21059209314129e-07,24.417233107136205
1178,3472.8,626.8,10,6.673375082840801,6.673375082840801,6.673375082840801,6.206843220953216e-07,24.417888683152075
767,3194.75,493.0,8,6.671956328908593,6.671956328908593,6.671956328908593,6.205523651302625e-07,24.418119534296665
1053,3041.090909090909,589.0909090909091,11,6.652074900459244,6.652074900459244,6.652074900459244,6.187032122224482e-07,24.421359695223735
800,3342.1,503.4,10,6.647998554762662,6.647998554762662,6.647998554762662,6.183240751540381e-07,24.422025230832894
999,3352.3,570.2,10,6.639159787533993,6.639159787533993,6.639159787533993,6.175019897508676e-07,24.423469718924913
645,3234.75,445.25,8,6.629374251598019,6.629374251598019,6.629374251598019,6.165918462832276e-07,24.425071178821476
747,3202.6666666666665,484.44444444444446,9,6.6238734711090395,6.6238734711090395,6.6238734711090395,6.160802238783104e-07,24.42597245177724
892,3300.0,537.0,7,6.612777361203058,6.612777361203058,6.612777361203058,6.150481851618597e-07,24.427792768899984
1296,3400.4,678.8,10,6.607432770592728,6.607432770592728,6.607432770592728,6.145510898302366e-07,24.428670639339792
705,3190.1,472.5,10,6.595546147008491,6.595546147008491,6.595546147008491,6.134455261821878e-07,24.4306256134627
1461,3295.2,756.5,10,6.592786687218921,6.592786687218921,6.592786687218921,6.131888714298957e-07,24.43107996132918
506,3367.875,393.875,8,6.590038651834403,6.590038651834403,6.590038651834403,6.12933279250742e-07,24.431532617186388
253,3286.9,258.8,10,6.58806673508497,6.58806673508497,6.58806673508497,6.127498731337986e-07,24.431857547267114
717,3174.7,474.5,10,6.586198094228269,6.586198094228269,6.586198094228269,6.125760726102279e-07,24.4321655494322
1640,3123.222222222222,919.1111111111111,9,6.5772799480908954,6.5772799480908954,6.5772799480908954,6.117466042496295e-07,24.433636704029944
2260,3097.3,1075.4,10,6.57381554349224,6.57381554349224,6.57381554349224,6.114243832455517e-07,24.434208736921057
856,3391.5,523.5,8,6.572998738392034,6.572998738392034,6.572998738392034,6.11348412973596e-07,24.434343649433195
1891,2918.3333333333335,1615.888888888889,9,6.568105436783202,6.568105436783202,6.568105436783202,6.108932916063444e-07,24.435152232166004
1282,3139.2,671.6,10,6.568012028176274,6.568012028176274,6.568012028176274,6.108846037599175e-07,24.435167673122077
1126,3124.3333333333335,607.7777777777778,9,6.566792961658521,6.566792961658521,6.566792961658521,6.107712195329307e-07,24.43536921165412
550,3170.2,411.7,10,6.556928398984503,6.556928398984503,6.556928398984503,6.098537258629236e-07,24.437001418642062
762,3273.714285714286,491.0,7,6.550949079563125,6.550949079563125,6.550949079563125,6.092975950032642e-07,24.43799196254004
1997,3290.6666666666665,397.0,9,6.549583729220542,6.549583729220542,6.549583729220542,6.091706050557057e-07,24.438218275519237
1601,3182.285714285714,876.0,7,6.530658443389626,6.530658443389626,6.530658443389626,6.074103820709934e-07,24.441360095384532
455,3130.9,373.9,10,6.512797252587745,6.512797252587745,6.512797252587745,6.057491295612722e-07,24.44433362541936
709,3082.5,472.6,10,6.502235322352521,6.502235322352521,6.502235322352521,6.047667743921577e-07,24.44609581425751
1012,3223.0,576.125,8,6.480699250935601,6.480699250935601,6.480699250935601,6.027637247025969e-07,24.449697852573298
2154,3358.0,552.2857142857143,7,6.475634004037538,6.475634004037538,6.475634004037538,6.022926108661734e-07,24.450546784460926
1365,3263.125,706.125,8,6.455162394851566,6.455162394851566,6.455162394851566,6.003885658047072e-07,24.453984590632658
1552,3263.0,832.6666666666666,9,6.453312933412541,6.453312933412541,6.453312933412541,6.002165491406844e-07,24.45429570828309
1493,3151.1111111111113,783.4444444444445,9,6.448346940495608,6.448346940495608,6.448346940495608,5.99754666823429e-07,24.455131532296658
815,3141.727272727273,508.09090909090907,11,6.444160970685974,6.444160970685974,6.444160970685974,5.99365333719662e-07,24.455836571093666
1259,3212.222222222222,660.4444444444445,9,6.427608760668948,6.427608760668948,6.427608760668948,5.978258282781029e-07,24.45862893670698
2000,3307.5,408.0,10,6.424373707397795,6.424373707397795,6.424373707397795,5.975249390246709e-07,24.459175531684636
478,3137.125,382.125,8,6.406992051770049,6.406992051770049,6.406992051770049,5.959082876291962e-07,24.462117058675794
2059,3444.125,491.125,8,6.384126132538472,6.384126132538472,6.384126132538472,5.937815500487129e-07,24.465998874550316
435,3252.8,368.0,10,6.376038212967341,6.376038212967341,6.376038212967341,5.93029300277967e-07,24.46737524370008
68,3406.6666666666665,101.22222222222223,9,6.373801704452552,6.373801704452552,6.373801704452552,5.928212847304921e-07,24.46775615174401
448,3283.0,372.9,10,6.37353279728911,6.37353279728911,6.37353279728911,5.92796273928855e-07,24.4678019593194
1541,3141.5,824.0,10,6.369581092924921,6.369581092924921,6.369581092924921,5.924287296332083e-07,24.46847534396827
1970,3396.125,295.875,8,6.366788410928405,6.366788410928405,6.366788410928405,5.921689849147836e-07,24.468951479023815
380,3421.0,335.75,8,6.361994346585982,6.361994346585982,6.361994346585982,5.917230935120796e-07,24.46976932462143
1381,3316.125,712.125,8,6.361112760499678,6.361112760499678,6.361112760499678,5.916410980217087e-07,24.46991978628539
1603,3094.0,877.5,8,6.3507759317202455,6.3507759317202455,6.3507759317202455,5.906796793266806e-07,24.471685546196234
472,3401.875,379.875,8,6.34704286113062,6.34704286113062,6.34704286113062,5.903324699521899e-07,24.472323944030848
720,3389.8,474.5,10,6.3434682336167665,6.3434682336167665,6.3434682336167665,5.899999972187323e-07,24.472935598295045
718,3202.6666666666665,474.55555555555554,9,6.34162440380841,6.34162440380841,6.34162440380841,5.898285043473663e-07,24.47325123064392
35,3319.1111111111113,80.44444444444444,9,6.3248031097541855,6.3248031097541855,6.3248031097541855,5.882639716533089e-07,24.476134995412284
116,3352.8888888888887,158.66666666666669,9,6.307926764611851,6.307926764611851,6.307926764611851,5.866943187094708e-07,24.479035915483827
2082,3213.5,508.0,8,6.30671745729828,6.30671745729828,6.30671745729828,5.865818421768601e-07,24.47924408445221
1489,3122.777777777778,779.3333333333334,9,6.281263624340953,6.281263624340953,6.281263624340953,5.842144051816777e-07,24.483634968975878
1613,3168.1111111111113,882.5555555555555,9,6.279897191010996,6.279897191010996,6.279897191010996,5.840873145064849e-07,24.48387118697601
9,3345.8,50.2,10,6.27649351561552,6.27649351561552,6.27649351561552,5.837707418683148e-07,24.484459810535594
2238,3199.8888888888887,721.7777777777778,9,6.273010684867587,6.273010684867587,6.273010684867587,5.834468070654723e-07,24.485062453552363
1293,3035.5,676.0,10,6.2683828770739005,6.2683828770739005,6.2683828770739005,5.830163790275523e-07,24.485863732720183
678,3566.0,462.2857142857143,7,6.267154120822049,6.267154120822049,6.267154120822049,5.829020935675365e-07,24.486076584415958
1265,3309.222222222222,661.4444444444445,9,6.258091193869165,6.258091193869165,6.258091193869165,5.820591592798453e-07,24.487647803084155
43,3507.5454545454545,87.81818181818181,11,6.256022745691687,6.256022745691687,6.256022745691687,5.818667748658283e-07,24.488006724076122
19,3267.8333333333335,64.16666666666667,6,6.256014693334072,6.256014693334072,6.256014693334072,5.818660259236417e-07,24.488008121568136
216,3294.7,239.3,10,6.242934550899996,6.242934550899996,6.242934550899996,5.80649454213102e-07,24.490280566893084
1638,3183.5,914.3,10,6.219033923985695,6.219033923985695,6.219033923985695,5.784264794469898e-07,24.49444520714659
1042,2935.375,585.75,8,6.189584570378063,6.189584570378063,6.189584570378063,5.75687422844717e-07,24.499598768675675
959,3343.6,559.2,10,6.17615097860044,6.17615097860044,6.17615097860044,5.744379771441091e-07,24.50195776181974
390,3321.125,340.875,8,6.173368317136717,6.173368317136717,6.173368317136717,5.74179164425988e-07,24.502447049908692
354,3335.5,318.125,8,6.150900263549322,6.150900263549322,6.150900263549322,5.720894319538013e-07,24.506405809180507
213,3469.222222222222,235.11111111111111,9,6.109302168277766,6.109302168277766,6.109302168277766,5.682204323481189e-07,24.5137735066797
468,3313.4444444444443,379.22222222222223,9,6.10290321734205,6.10290321734205,6.10290321734205,5.676252719571094e-07,24.514911314818335
854,3186.1,523.9,10,6.099455515039917,6.099455515039917,6.099455515039917,5.673046044178776e-07,24.51552485116722
872,3442.8888888888887,531.6666666666667,9,6.094513498364877,6.094513498364877,6.094513498364877,5.668449521082662e-07,24.516404913551586
13,3435.125,53.875,8,6.0891139153363625,6.0891139153363625,6.0891139153363625,5.663427419836969e-07,24.517367274426462
1886,2857.0,1608.8,10,6.087749117328118,6.087749117328118,6.087749117328118,5.662158034082342e-07,24.517610655765637
106,3374.8888888888887,146.77777777777777,9,6.075738803923185,6.075738803923185,6.075738803923185,5.650987354866272e-07,24.51975478357117
516,3334.8888888888887,398.3333333333333,9,6.07347076750148,6.07347076750148,6.07347076750148,5.648877875582673e-07,24.52016015797366
1023,3125.3333333333335,580.0,9,6.072119657677005,6.072119657677005,6.072119657677005,5.647621221078663e-07,24.52040171870603
2041,3301.5,464.8,10,6.0712264154939355,6.0712264154939355,6.0712264154939355,5.646790424949293e-07,24.52056144821941
689,3332.8888888888887,464.8888888888889,9,6.0710570668470965,6.0710570668470965,6.0710570668470965,5.646632915370172e-07,24.520591733784293
1253,3158.8571428571427,659.2857142857143,7,6.061234398395815,6.061234398395815,6.061234398395815,5.63749694409152e-07,24.522349823610227
1232,3254.5,650.5,8,6.06080277872071,6.06080277872071,6.06080277872071,5.637095498702763e-07,24.522427141490265
1793,3019.3,1214.9,10,6.050224968718685,6.050224968718685,6.050224968718685,5.627257177390295e-07,24.524323712854155
652,3084.1,450.6,10,6.048847457686162,6.048847457686162,6.048847457686162,5.625975967371697e-07,24.524570940667036
280,3201.8888888888887,272.55555555555554,9,6.043846335624253,6.043846335624253,6.043846335624253,5.621324470912741e-07,24.525468986989786
1356,3202.25,702.0,8,6.041579092542756,6.041579092542756,6.041579092542756,5.619215729507387e-07,24.525876358321824
1559,3075.0,840.2857142857143,7,6.03942148651926,6.03942148651926,6.03942148651926,5.617208960495578e-07,24.526264172391507
2251,3174.2,804.1,10,6.033162703659461,6.033162703659461,6.033162703659461,5.611387725590821e-07,24.5273899276814
580,3111.0,424.0,9,6.032051405901012,6.032051405901012,6.032051405901012,5.610354118027503e-07,24.527589936765878
910,3073.4444444444443,543.1111111111111,9,6.028553459046967,6.028553459046967,6.028553459046967,5.60710071065136e-07,24.52821973065943
541,3098.6666666666665,409.22222222222223,9,6.0215961893187435,6.0215961893187435,6.0215961893187435,5.600629819698444e-07,24.52947345126705
1663,3147.6,958.0,10,6.0171820722956495,6.0171820722956495,6.0171820722956495,5.59652429108943e-07,24.53026963951384
1932,2898.181818181818,1686.1818181818182,11,6.0012858947171015,6.0012858947171015,6.0012858947171015,5.581739406257139e-07,24.533141730303775
920,3382.4444444444443,545.7777777777778,9,5.977809899187438,5.977809899187438,5.977809899187438,5.559904604241726e-07,24.537397272017213
523,3434.7,401.6,10,5.976050758896833,5.976050758896833,5.976050758896833,5.558268444449731e-07,24.537716827744216
1288,3170.5,674.75,8,5.97078007555,5.97078007555,5.97078007555,5.553366231582181e-07,24.538674834463162
2237,3214.5,715.25,8,5.943030889524577,5.943030889524577,5.943030889524577,5.527556975391602e-07,24.54373255285248
2047,3152.8888888888887,481.55555555555554,9,5.939242776991289,5.939242776991289,5.939242776991289,5.524033687654053e-07,24.54442482626409
726,3168.0,476.0,9,5.91439917125582,5.91439917125582,5.91439917125582,5.500926884285585e-07,24.548975940903244
1418,3189.3333333333335,729.8888888888889,9,5.895812663786704,5.895812663786704,5.895812663786704,5.483639748997399e-07,24.552393332736912
531,3302.6,405.2,10,5.894518659669393,5.894518659669393,5.894518659669393,5.482436207972998e-07,24.552631654644305
1572,3187.75,849.75,8,5.8935199427028095,5.8935199427028095,5.8935199427028095,5.481507310742325e-07,24.55281562811234
451,3301.1111111111113,373.44444444444446,9,5.891833079757362,5.891833079757362,5.891833079757362,5.479938375427337e-07,24.553126435634418
1512,3465.125,795.125,8,5.888195980598324,5.888195980598324,5.888195980598324,5.476555543804812e-07,24.553796880561592
1681,3248.8888888888887,979.7777777777778,9,5.876440570035692,5.876440570035692,5.876440570035692,5.465621947318109e-07,24.555966650795035
2236,3215.375,711.25,8,5.873246274278646,5.873246274278646,5.873246274278646,5.462650962963233e-07,24.556556992083873
1177,3385.777777777778,627.4444444444445,9,5.872747657544971,5.872747657544971,5.872747657544971,5.462187204242219e-07,24.556649170956693
558,3324.625,414.5,8,5.869000528605586,5.869000528605586,5.869000528605586,5.458702034958798e-07,24.557342150166768
907,3392.75,541.0,8,5.862192827409604,5.862192827409604,5.862192827409604,5.452370256286984e-07,24.558602272349578
1350,3173.6666666666665,700.2222222222222,9,5.861750182131285,5.861750182131285,5.861750182131285,5.451958556088671e-07,24.55868425773698
846,3019.5,521.4,10,5.848636126697108,5.848636126697108,5.848636126697108,5.439761296821748e-07,24.561116015384034
1986,3313.0,358.75,8,5.846899697338559,5.846899697338559,5.846899697338559,5.438146260253448e-07,24.561438412624106
967,3170.8333333333335,559.8333333333334,6,5.843987797964601,5.843987797964601,5.843987797964601,5.435437930110906e-07,24.561979270560098
1110,3221.0,602.2857142857143,7,5.842892233854066,5.842892233854066,5.842892233854066,5.434418956265111e-07,24.562182831068924
782,3309.4285714285716,496.85714285714283,7,5.840054017201954,5.840054017201954,5.840054017201954,5.431779157727179e-07,24.562710361465886
1928,2829.0,1678.1,10,5.835999675915242,5.835999675915242,5.835999675915242,5.428008253137151e-07,24.563464373979713
430,3326.777777777778,364.1111111111111,9,5.8341351939705355,5.8341351939705355,5.8341351939705355,5.426274116066264e-07,24.563811299801955
1658,3074.4444444444443,950.5555555555555,9,5.829923537298503,5.829923537298503,5.829923537298503,5.422356893920156e-07,24.564595374785615
520,3415.8333333333335,399.0,6,5.82732381007212,5.82732381007212,5.82732381007212,5.41993891214765e-07,24.56507964314415
303,3343.1111111111113,288.55555555555554,9,5.827300921549202,5.827300921549202,5.827300921549202,5.41991762374837e-07,24.565083907699822
1744,3069.0,1061.3,10,5.8253959044929395,5.8253959044929395,5.8253959044929395,5.418145785352554e-07,24.56543890638175
1072,3331.8888888888887,592.3333333333334,9,5.823387005391011,5.823387005391011,5.823387005391011,5.416277327245882e-07,24.56581338919685
2208,3348.25,635.75,8,5.809557590599612,5.809557590599612,5.809557590599612,5.403414718988112e-07,24.56839486859431
484,3151.1111111111113,384.44444444444446,9,5.8063511526850204,5.8063511526850204,5.8063511526850204,5.400432441327029e-07,24.568994278575495
1591,3145.5,863.0,8,5.803907502986544,5.803907502986544,5.803907502986544,5.398159625791099e-07,24.56945131559202
656,3102.125,452.125,8,5.802852253673868,5.802852253673868,5.802852253673868,5.397178148358542e-07,24.569648738888613
1183,3173.25,628.0,8,5.8012319684484694,5.8012319684484694,5.8012319684484694,5.395671136353007e-07,24.56995194288283
974,3450.5714285714284,562.7142857142857,7,5.79370412783283,5.79370412783283,5.79370412783283,5.388669562799357e-07,24.57136173939754
331,3362.4444444444443,306.1111111111111,9,5.790489691280899,5.790489691280899,5.790489691280899,5.385679845681129e-07,24.571964289784113
647,3126.2,448.5,10,5.779441486961774,5.779441486961774,5.779441486961774,5.375404015051108e-07,24.574037843876706
518,3218.75,399.125,8,5.772591281005083,5.772591281005083,5.772591281005083,5.369032703102263e-07,24.57532549906924
2093,3175.4285714285716,521.4285714285714,7,5.761740034429502,5.761740034429502,5.761740034429502,5.3589400610118e-07,24.577368373411495
961,3454.4444444444443,559.7777777777778,9,5.744631692283914,5.744631692283914,5.744631692283914,5.3430277533489e-07,24.58059704715859
2091,3429.6666666666665,518.1111111111111,9,5.729422763704001,5.729422763704001,5.729422763704001,5.328882072328073e-07,24.58347534865681
1674,3347.0,968.5,8,5.726310714275881,5.726310714275881,5.726310714275881,5.325987584507981e-07,24.58406524799843
667,3609.222222222222,458.8888888888889,9,5.710030485585816,5.710030485585816,5.710030485585816,5.310845497359256e-07,24.587156454415208
1439,2843.222222222222,739.8888888888889,9,5.709159515365732,5.709159515365732,5.709159515365732,5.31003541617259e-07,24.587322078054534
1766,2980.875,1104.875,8,5.70802195495092,5.70802195495092,5.70802195495092,5.308977381960298e-07,24.58753843452303
573,3427.0,420.44444444444446,9,5.707382061039364,5.707382061039364,5.707382061039364,5.30838222266867e-07,24.58766015706333
2038,3272.0,455.0,7,5.705205920557681,5.705205920557681,5.705205920557681,5.306358214932119e-07,24.58807421118323
1840,2951.777777777778,1506.2222222222222,9,5.7007984868400206,5.7007984868400206,5.7007984868400206,5.302258902402451e-07,24.58891329740915
857,3350.285714285714,524.0,7,5.694373485012104,5.694373485012104,5.694373485012104,5.296283068803234e-07,24.590137650645183
810,3084.0,506.75,8,5.693757900852861,5.693757900852861,5.693757900852861,5.295710519782943e-07,24.590255029341783
1081,3067.5,595.0,6,5.680742925758213,5.680742925758213,5.680742925758213,5.283605414205286e-07,24.59273968094041
1303,3213.75,681.375,8,5.680638019816497,5.680638019816497,5.680638019816497,5.283507842178374e-07,24.59275973135146
2178,3311.375,603.125,8,5.678306426952471,5.678306426952471,5.678306426952471,5.281339249647239e-07,24.593205458475957
542,3340.0,408.0,7,5.676867042605302,5.676867042605302,5.676867042605302,5.280000491842281e-07,24.593480714809264
2243,3203.8888888888887,750.4444444444445,9,5.668878702960102,5.668878702960102,5.668878702960102,5.272570612484686e-07,24.59500961051985
875,3378.0,533.3333333333333,9,5.668553289506143,5.668553289506143,5.668553289506143,5.272267948500474e-07,24.59507193736226
422,3288.0,362.3333333333333,9,5.667357430920255,5.667357430920255,5.667357430920255,5.271155691709137e-07,24.595301012378698
772,3233.25,494.125,8,5.667314877539887,5.667314877539887,5.667314877539887,5.271116113211423e-07,24.595309164664787
211,3243.0,234.0,7,5.6613241953646085,5.6613241953646085,5.6613241953646085,5.2655442362246e-07,24.596457458134694
524,3286.25,402.5,8,5.6470206755113335,5.6470206755113335,5.6470206755113335,5.252240667320561e-07,24.59920407717037
31,3353.2,75.8,10,5.646000020079185,5.646000020079185,5.646000020079185,5.251291365329992e-07,24.599400333351625
1449,3187.222222222222,745.3333333333334,9,5.633463290884818,5.633463290884818,5.633463290884818,5.239631071753347e-07,24.601813850024424
1354,3207.4285714285716,701.7142857142857,7,5.630874339975406,5.630874339975406,5.630874339975406,5.237223112931614e-07,24.602312932682686
1470,3377.25,764.875,8,5.629539954546063,5.629539954546063,5.629539954546063,5.23598201362977e-07,24.602570257242977
2187,3416.0,616.2222222222222,9,5.629124257507868,5.629124257507868,5.629124257507868,5.23559537773542e-07,24.602650433241884
2259,3116.0,1059.9,10,5.617246821657319,5.617246821657319,5.617246821657319,5.224548286679374e-07,24.604943753785268
1427,3140.4444444444443,734.3333333333334,9,5.6111398454031995,5.6111398454031995,5.6111398454031995,5.218868245666713e-07,24.60612479004116
2131,3321.5714285714284,555.4285714285714,7,5.605766913432483,5.605766913432483,5.605766913432483,5.213870932318504e-07,24.607164931915904
600,3389.875,429.875,8,5.597088453245705,5.597088453245705,5.597088453245705,5.205799178354439e-07,24.6088470959719
1300,3047.25,680.0,8,5.586540550684694,5.586540550684694,5.586540550684694,5.19598867367077e-07,24.610895132988592
1678,3014.6666666666665,975.8888888888889,9,5.585179608559976,5.585179608559976,5.585179608559976,5.194722874237042e-07,24.611159662375943
774,3344.5,494.0,6,5.562087637520076,5.562087637520076,5.562087637520076,5.17324524977742e-07,24.615657953177998
809,3072.222222222222,507.1111111111111,9,5.560592330719155,5.560592330719155,5.560592330719155,5.17185447902569e-07,24.615949880797135
1375,3414.8888888888887,710.3333333333334,9,5.556987194214165,5.556987194214165,5.556987194214165,5.168501375566221e-07,24.61665403179601
1404,3439.4444444444443,721.1111111111111,9,5.5375858119579044,5.5375858119579044,5.5375858119579044,5.15045633292445e-07,24.620451348664112
1667,3133.0,959.7142857142857,7,5.537497605770942,5.537497605770942,5.537497605770942,5.150374293181921e-07,24.620468643098302
1199,3377.7,637.3,10,5.531138759673224,5.531138759673224,5.531138759673224,5.144459990403378e-07,24.621716137362345
227,3384.0,244.0,7,5.525987220270158,5.525987220270158,5.525987220270158,5.139668592194157e-07,24.622727831224744
270,3316.5,268.0,8,5.50505312157505,5.50505312157505,5.50505312157505,5.120197984449269e-07,24.626848736497237
1092,3292.125,596.875,8,5.504895737406333,5.504895737406333,5.504895737406333,5.1200516029184e-07,24.62687977709374
341,3390.625,310.625,8,5.5033574450801055,5.5033574450801055,5.5033574450801055,5.118620851735023e-07,24.627183218458192
1685,2999.375,985.375,8,5.501476933923962,5.501476933923962,5.501476933923962,5.116871806045767e-07,24.627554280665077
1413,3181.1111111111113,727.1111111111111,9,5.500457862004944,5.500457862004944,5.500457862004944,5.115923976865824e-07,24.627755416792752
1052,2974.222222222222,589.6666666666666,9,5.472187359479016,5.472187359479016,5.472187359479016,5.089629849115207e-07,24.633350125346105
23,3497.285714285714,65.0,7,5.462903353001728,5.462903353001728,5.462903353001728,5.080994882257881e-07,24.63519372859451
1795,2989.777777777778,1229.111111111111,9,5.459460079537752,5.459460079537752,5.459460079537752,5.077792326086159e-07,24.635878284974574
1634,3123.25,912.125,8,5.447779350108747,5.447779350108747,5.447779350108747,5.066928189817447e-07,24.638203748859194
994,3492.1111111111113,569.7777777777778,9,5.439574891655905,5.439574891655905,5.439574891655905,5.059297300395308e-07,24.63984012057469
1421,3160.4444444444443,732.2222222222222,9,5.437864927869267,5.437864927869267,5.437864927869267,5.057706879205817e-07,24.64018148207851
1046,3079.0,587.2857142857143,7,5.4363658142753435,5.4363658142753435,5.4363658142753435,5.056312567791821e-07,24.640480839697982
394,3394.5,348.0,6,5.433639246284291,5.433639246284291,5.433639246284291,5.053776612620464e-07,24.641025519047844
1454,3169.0,749.0,7,5.425677839396191,5.425677839396191,5.425677839396191,5.046371783166218e-07,24.642617514047114
2233,3293.5,686.0,8,5.421073743124671,5.421073743124671,5.421073743124671,5.042089556650137e-07,24.643539234116826
1522,3161.125,805.875,8,5.420431809241373,5.420431809241373,5.420431809241373,5.041492500000033e-07,24.64366780866869
418,3386.142857142857,360.42857142857144,7,5.41796062520196,5.41796062520196,5.41796062520196,5.039194075033302e-07,24.64416291051021
1596,3215.5555555555557,869.8888888888889,9,5.41265525784253,5.41265525784253,5.41265525784253,5.034259602892778e-07,24.645226604384057
1025,3336.25,578.75,8,5.40843977139669,5.40843977139669,5.40843977139669,5.030338818710175e-07,24.646072527365806
1536,3159.1111111111113,821.7777777777778,9,5.401725165413021,5.401725165413021,5.401725165413021,5.024093627017253e-07,24.647421311921327
1309,3220.375,682.0,8,5.394858314672039,5.394858314672039,5.394858314672039,5.017706833911534e-07,24.64880241354134
268,3156.25,267.625,8,5.394135833532509,5.394135833532509,5.394135833532509,5.017034861018135e-07,24.64894782541586
1465,3113.0,761.0,7,5.393337090231555,5.393337090231555,5.393337090231555,5.016291957407704e-07,24.649108609044767
1472,3148.625,767.25,8,5.390109371003964,5.390109371003964,5.390109371003964,5.013289886198124e-07,24.64975857781708
575,3369.5,421.5,8,5.379811573417324,5.379811573417324,5.379811573417324,5.003712001792117e-07,24.651834859552867
1320,3387.75,687.375,8,5.359242530410184,5.359242530410184,5.359242530410184,4.984580928899385e-07,24.655993993454924
240,3557.0,251.55555555555554,9,5.356180617795859,5.356180617795859,5.356180617795859,4.98173307285691e-07,24.656614487750982
669,3221.0,459.0,7,5.353520826094691,5.353520826094691,5.353520826094691,4.979259225682937e-07,24.657153780507475
819,3360.0,509.0,7,5.342630324940979,5.342630324940979,5.342630324940979,4.969130073279604e-07,24.65936470952475
1930,2900.777777777778,1679.0,9,5.342419645658904,5.342419645658904,5.342419645658904,4.968934122466484e-07,24.659407524883555
1579,3219.5555555555557,855.8888888888889,9,5.340702909237128,5.340702909237128,5.340702909237128,4.96733740211293e-07,24.65975647209325
560,3443.4285714285716,415.2857142857143,7,5.335289525891901,5.335289525891901,5.335289525891901,4.96230246532283e-07,24.660857541961477
1978,3297.75,328.75,8,5.331769283714464,5.331769283714464,5.331769283714464,4.959028321276689e-07,24.66157415083906
1689,3081.125,987.875,8,5.329532835250029,5.329532835250029,5.329532835250029,4.956948221654208e-07,24.662029666136615
1642,3262.1428571428573,919.4285714285714,7,5.32837652928796,5.32837652928796,5.32837652928796,4.955872752385222e-07,24.662265255164215
393,3229.625,348.0,8,5.32695054191124,5.32695054191124,5.32695054191124,4.954546454976117e-07,24.662555860252414
2068,3165.714285714286,492.0,7,5.320827785871003,5.320827785871003,5.320827785871003,4.948851737333224e-07,24.663804514841917
459,3051.75,375.75,8,5.31408807731497,5.31408807731497,5.31408807731497,4.942583197974515e-07,24.665180651082686
583,3253.5714285714284,424.14285714285717,7,5.313766799902417,5.313766799902417,5.313766799902417,4.942284380883405e-07,24.665246294154166
1295,3158.6666666666665,677.5,6,5.309923097402407,5.309923097402407,5.309923097402407,4.938709389442133e-07,24.666031943431772
1277,3199.4285714285716,669.4285714285714,7,5.308373704478967,5.308373704478967,5.308373704478967,4.937268313697991e-07,24.6663487987685
1804,3022.0,1284.7142857142858,7,5.302512193671246,5.302512193671246,5.302512193671246,4.931816577781783e-07,24.667548332003886
1894,2905.5555555555557,1623.2222222222222,9,5.296963130316716,5.296963130316716,5.296963130316716,4.926655446294769e-07,24.668685146676836
738,2926.3333333333335,482.22222222222223,9,5.295596002561986,5.295596002561986,5.295596002561986,4.92538389366491e-07,24.668965407582526
1373,3283.285714285714,710.7142857142857,7,5.294261143431942,5.294261143431942,5.294261143431942,4.924142353778512e-07,24.669239123247134
1694,3036.8888888888887,992.7777777777778,9,5.281240506417538,5.281240506417538,5.281240506417538,4.912031982102693e-07,24.671912657728413
432,3539.6666666666665,366.0,9,5.279428388520697,5.279428388520697,5.279428388520697,4.910346548338825e-07,24.672285263298527
2078,3171.375,502.375,8,5.277788367831247,5.277788367831247,5.277788367831247,4.908821180564323e-07,24.672622592709207
1286,3299.375,673.5,8,5.2695381886642085,5.2695381886642085,5.2695381886642085,4.90114776673715e-07,24.674321131195956
2216,3225.714285714286,656.1428571428571,7,5.267960749206521,5.267960749206521,5.267960749206521,4.89968060517604e-07,24.674646195644915
17,3412.1111111111113,60.22222222222222,9,5.266725769554934,5.266725769554934,5.266725769554934,4.898531962250486e-07,24.674900757016744
1307,3189.0,681.375,8,5.258791721708292,5.258791721708292,5.258791721708292,4.891152579182648e-07,24.676537595231316
590,3162.0,426.5,8,5.254108974982641,5.254108974982641,5.254108974982641,4.886797200621014e-07,24.67750483122844
1732,3166.0,1044.2857142857142,7,5.245781881642891,5.245781881642891,5.245781881642891,4.879052249647261e-07,24.679226949817725
69,3535.0,101.0,7,5.24138157909753,5.24138157909753,5.24138157909753,4.874959569753687e-07,24.680138076660295
2030,3275.714285714286,449.42857142857144,7,5.240472230111784,5.240472230111784,5.240472230111784,4.874113792839069e-07,24.680326461870973
2075,3296.1428571428573,513.7142857142858,7,5.238757641192436,5.238757641192436,5.238757641192436,4.872519069857269e-07,24.680681753491726
149,3269.714285714286,188.0,7,5.23798016561096,5.23798016561096,5.23798016561096,4.871795947152126e-07,24.68084289781055
1612,3205.222222222222,881.0,9,5.23735705883414,5.23735705883414,5.23735705883414,4.871216401416178e-07,24.6809720639793
375,2829.285714285714,334.0,7,5.233049307389974,5.233049307389974,5.233049307389974,4.86720980242888e-07,24.681865454704422
154,3309.5,191.25,8,5.229509556802602,5.229509556802602,5.229509556802602,4.863917513794665e-07,24.68260011924778
2241,3399.375,724.25,8,5.227166515084074,5.227166515084074,5.227166515084074,4.861738272791944e-07,24.68308668405062
1486,3193.0,777.0,7,5.221791460854798,5.221791460854798,5.221791460854798,4.856738985551067e-07,24.684203712467703
55,3225.625,94.125,8,5.218219590453115,5.218219590453115,5.218219590453115,4.853416822580516e-07,24.684946644471527
771,3209.1666666666665,494.3333333333333,6,5.2109542142421965,5.2109542142421965,5.2109542142421965,4.846659364694121e-07,24.686459378541773
1209,3363.875,641.125,8,5.2020208674347375,5.2020208674347375,5.2020208674347375,4.838350543088262e-07,24.68832229674949
1341,3256.8888888888887,695.7777777777778,9,5.2012328555189065,5.2012328555189065,5.2012328555189065,4.837617620637915e-07,24.688486778572432
1313,3029.8333333333335,683.1666666666666,6,5.198248723871668,5.198248723871668,5.198248723871668,4.834842107939293e-07,24.689109882682647
362,3280.0,325.5,8,5.1957623858841435,5.1957623858841435,5.1957623858841435,4.832529588428356e-07,24.689629317806062
1322,3034.0,688.0,7,5.195645260185918,5.195645260185918,5.195645260185918,4.832420650921172e-07,24.689653793337275
1383,3195.714285714286,713.0,7,5.190346201020638,5.190346201020638,5.190346201020638,4.827492045972528e-07,24.69076170506773
676,2927.8571428571427,462.2857142857143,7,5.189755392015565,5.189755392015565,5.189755392015565,4.826942540089448e-07,24.69088529975933
836,3419.5555555555557,516.3333333333333,9,5.179406426670348,5.179406426670348,5.179406426670348,4.817317065033805e-07,24.693052543415938
1239,3055.0,653.5,8,5.169000645214187,5.169000645214187,5.169000645214187,4.807638745849264e-07,24.69523605579521
1117,3245.8571428571427,604.5714285714286,7,5.167031265958691,5.167031265958691,5.167031265958691,4.805807044779007e-07,24.695649798013278
1546,3102.5,829.0,6,5.162105015818129,5.162105015818129,5.162105015818129,4.801225185987902e-07,24.696685433208888
1066,3050.5555555555557,592.2222222222222,9,5.15313749917965,5.15313749917965,5.15313749917965,4.792884583344503e-07,24.698573194920705
1026,3491.0,579.0,7,5.152284061576012,5.152284061576012,5.152284061576012,4.792090809079023e-07,24.69875302416911
1959,3368.222222222222,159.66666666666669,9,5.147786782702031,5.147786782702031,5.147786782702031,4.787907932416887e-07,24.699701145571478
415,3233.75,359.0,8,5.139344378799581,5.139344378799581,5.139344378799581,4.78005573217638e-07,24.70148322173752
1323,3170.5714285714284,688.8571428571429,7,5.138384401476332,5.138384401476332,5.138384401476332,4.779162866322579e-07,24.701686045174664
1283,3388.6666666666665,672.4444444444445,9,5.128599991156704,5.128599991156704,5.128599991156704,4.770062478571325e-07,24.703755453549316
1735,2992.1666666666665,1048.8333333333335,6,5.127317755646027,5.127317755646027,5.127317755646027,4.768869883416952e-07,24.704026939643214
1453,3272.8571428571427,746.7142857142857,7,5.125370017708837,5.125370017708837,5.125370017708837,4.76705831073273e-07,24.704439461640955
452,3335.0,372.0,7,5.107832497910577,5.107832497910577,5.107832497910577,4.7507468289831044e-07,24.708160904424727
1628,3236.8888888888887,904.0,9,5.105304708755698,5.105304708755698,5.105304708755698,4.748395756132381e-07,24.708698351871867
510,3305.222222222222,397.1111111111111,9,5.098866752023371,5.098866752023371,5.098866752023371,4.7424078732987633e-07,24.71006836484416
329,3372.4285714285716,305.42857142857144,7,5.096695175410261,5.096695175410261,5.096695175410261,4.7403881103733256e-07,24.710530871845286
1402,3246.0,720.7142857142857,7,5.091661565208218,5.091661565208218,5.091661565208218,4.7357063970016613e-07,24.711603699077543
780,3105.222222222222,496.6666666666667,9,5.091458599229943,5.091458599229943,5.091458599229943,4.7355176202596525e-07,24.711646980018436
1566,3036.5555555555557,846.7777777777778,9,5.088016147054457,5.088016147054457,5.088016147054457,4.7323158279606086e-07,24.71238131949974
1280,3176.5,670.0,6,5.087493100160142,5.087493100160142,5.087493100160142,4.731829346977609e-07,24.712492938670174
1179,3110.5714285714284,626.7142857142857,7,5.0856854246672585,5.0856854246672585,5.0856854246672585,4.7301480450517615e-07,24.712878788332585
2079,3166.625,503.875,8,5.0832358053806175,5.0832358053806175,5.0832358053806175,4.7278696772581845e-07,24.713401880278848
979,3521.5,563.25,8,5.0822755733988165,5.0822755733988165,5.0822755733988165,4.726976574548866e-07,24.713606997088394
1287,3346.0,673.0,7,5.0811875769483015,5.0811875769483015,5.0811875769483015,4.725964639312277e-07,24.713839452723647
1504,2807.875,790.125,8,5.08080247630318,5.08080247630318,5.08080247630318,4.7256064608345377e-07,24.713921743241723
755,3125.375,488.25,8,5.07032162393197,5.07032162393197,5.07032162393197,4.7158583188999824e-07,24.71616375009877
549,3160.25,411.75,8,5.0564838388701,5.0564838388701,5.0564838388701,4.7029879255325956e-07,24.71913096293633
267,3392.714285714286,266.0,7,5.048243741164391,5.048243741164391,5.048243741164391,4.695323888377516e-07,24.72090173296889
746,3184.375,483.0,8,5.048234426665887,5.048234426665887,5.048234426665887,4.6953152250503134e-07,24.72090373625916
1269,3217.285714285714,662.5714285714286,7,5.046698930366556,5.046698930366556,5.046698930366556,4.693887074425181e-07,24.721234029462366
1266,3336.0,662.2857142857143,7,5.04655738500081,5.04655738500081,5.04655738500081,4.693755424415563e-07,24.72126448166202
344,3233.8571428571427,312.2857142857143,7,5.043993001296159,5.043993001296159,5.043993001296159,4.6913703153192585e-07,24.721816333480675
1770,3013.714285714286,1127.0,7,5.042249067173216,5.042249067173216,5.042249067173216,4.689748298640381e-07,24.722191785987565
2190,3259.4285714285716,617.0,7,5.038828989283914,5.038828989283914,5.038828989283914,4.686567316453881e-07,24.722928473573788
1474,2980.125,768.875,8,5.03628719654693,5.03628719654693,5.03628719654693,4.684203219003524e-07,24.723476301788807
775,3363.4285714285716,493.85714285714283,7,5.033068588959633,5.033068588959633,5.033068588959633,4.681209622444642e-07,24.724170399600002
1850,2887.714285714286,1549.0,7,5.023563981738099,5.023563981738099,5.023563981738099,4.672369476915809e-07,24.726222676875214
1769,2979.285714285714,1127.0,7,5.021636956100952,5.021636956100952,5.021636956100952,4.6705771685464976e-07,24.72663924226606
1965,3302.375,255.25,8,5.01639408564141,5.01639408564141,5.01639408564141,4.665700824183086e-07,24.727773403889735
1811,2861.5,1344.0,6,5.0142247260204575,5.0142247260204575,5.0142247260204575,4.663683123261143e-07,24.728243036394485
1902,2902.125,1633.125,8,5.005227885374336,5.005227885374336,5.005227885374336,4.655315246634822e-07,24.73019288308215
1406,3293.0,724.25,8,5.003469963642125,5.003469963642125,5.003469963642125,4.6536802202124953e-07,24.73057427920744
1432,3171.0,734.5,6,4.9954120221622,4.9954120221622,4.9954120221622,4.6461856048449115e-07,24.732324234993893
1104,3394.5714285714284,599.2857142857143,7,4.992495753534309,4.992495753534309,4.992495753534309,4.643473210900497e-07,24.732958261377235
297,3452.0,284.0,7,4.988055636299155,4.988055636299155,4.988055636299155,4.639343499739481e-07,24.733924299457758
1964,3303.714285714286,251.0,7,4.969710498687622,4.969710498687622,4.969710498687622,4.622280860279221e-07,24.737924795623336
1858,2820.6666666666665,1564.0,9,4.969627714591022,4.969627714591022,4.969627714591022,4.6222038635717965e-07,24.737942881674723
265,3536.5714285714284,265.2857142857143,7,4.967197789029365,4.967197789029365,4.967197789029365,4.6199438127260753e-07,24.7384738879219
1096,2941.6666666666665,598.1111111111111,9,4.96340482572913,4.96340482572913,4.96340482572913,4.61641601333594e-07,24.739303275208528
1274,3295.0,665.875,8,4.963268123951718,4.963268123951718,4.963268123951718,4.6162888683021465e-07,24.739333178897258
2273,2883.875,1660.25,8,4.960182756602448,4.960182756602448,4.960182756602448,4.613419197231925e-07,24.74000832611859
1881,2824.125,1599.125,8,4.960062936793284,4.960062936793284,4.960062936793284,4.613307753957568e-07,24.740034553836914
694,3166.285714285714,466.57142857142856,7,4.955891676627967,4.955891676627967,4.955891676627967,4.609428104221335e-07,24.740948008693184
1075,3225.4,593.2,5,4.951075287929566,4.951075287929566,4.951075287929566,4.6049484265213634e-07,24.742003695669176
1458,3185.5714285714284,752.7142857142857,7,4.945597574556386,4.945597574556386,4.945597574556386,4.5998536569790263e-07,24.74320558491388
1389,3249.1666666666665,714.8333333333334,6,4.941763876720476,4.941763876720476,4.941763876720476,4.59628797078147e-07,24.744047545586128
1599,3306.25,874.375,8,4.938284292232776,4.938284292232776,4.938284292232776,4.59305164206907e-07,24.74481230117181
1384,3135.714285714286,714.0,7,4.930134791563328,4.930134791563328,4.930134791563328,4.585471868362901e-07,24.746605538743864
497,3471.0,390.5,8,4.929478965109202,4.929478965109202,4.929478965109202,4.5848618903637055e-07,24.746749977368726
1507,3146.0,791.5,8,4.925021721065745,4.925021721065745,4.925021721065745,4.580716249719828e-07,24.74773214616967
1909,2881.5,1641.875,8,4.919408622243283,4.919408622243283,4.919408622243283,4.5754955594480765e-07,24.748970276779637
637,3221.1666666666665,441.8333333333333,6,4.916859055621535,4.916859055621535,4.916859055621535,4.5731242315808235e-07,24.749533123774114
2227,3215.5,670.75,8,4.914984547848615,4.914984547848615,4.914984547848615,4.5713807695816794e-07,24.7499471297453
631,3280.0,441.7142857142857,7,4.908841711210904,4.908841711210904,4.908841711210904,4.5656673751644773e-07,24.751304951195085
539,3319.25,408.0,8,4.902884046895531,4.902884046895531,4.902884046895531,4.5601262077777275e-07,24.75262346595944
462,3371.875,376.875,8,4.89679155163234,4.89679155163234,4.89679155163234,4.5544596353981435e-07,24.75397347871656
691,3097.125,468.375,8,4.896677106893329,4.896677106893329,4.896677106893329,4.554353191425838e-07,24.753998854158283
1531,3174.1111111111113,815.6666666666666,9,4.884611270660746,4.884611270660746,4.884611270660746,4.543130870951464e-07,24.756677503713952
171,3538.5,205.5,8,4.883802073699186,4.883802073699186,4.883802073699186,4.5423782444899016e-07,24.756857384398558
355,3409.4285714285716,319.2857142857143,7,4.883315273086462,4.883315273086462,4.883315273086462,4.541925475831535e-07,24.756965612247456
1532,3228.0,817.2857142857143,7,4.881013164873332,4.881013164873332,4.881013164873332,4.5397843066960984e-07,24.75747757419066
1387,3185.0,716.0,8,4.879331815600888,4.879331815600888,4.879331815600888,4.538220499596366e-07,24.7578516392057
159,3239.0,197.0,7,4.877510224621605,4.877510224621605,4.877510224621605,4.5365262550078693e-07,24.758257050565504
1857,2857.125,1561.875,8,4.873806741109018,4.873806741109018,4.873806741109018,4.5330816799242477e-07,24.75908176097966
831,3140.625,516.0,8,4.868500658140997,4.868500658140997,4.868500658140997,4.528146542202923e-07,24.7602644391107
184,2794.0,217.71428571428572,7,4.868472712143669,4.868472712143669,4.868472712143669,4.5281205498943965e-07,24.7602706714336
1331,3406.285714285714,691.1428571428571,7,4.867421950130984,4.867421950130984,4.867421950130984,4.5271432460572363e-07,24.760505031069513
877,3470.5,532.0,6,4.861203554667659,4.861203554667659,4.861203554667659,4.521359575089005e-07,24.761893004736745
1590,3064.0,862.7142857142857,7,4.858097614586754,4.858097614586754,4.858097614586754,4.5184707695151324e-07,24.762586929464817
1502,3148.0,785.7142857142857,7,4.853992675988129,4.853992675988129,4.853992675988129,4.514652804842531e-07,24.76350472997673
1480,3182.0,774.0,8,4.85192578983377,4.85192578983377,4.85192578983377,4.512730413525332e-07,24.763967147453393
519,3359.4,398.8,5,4.848500923171676,4.848500923171676,4.848500923171676,4.5095449773464264e-07,24.764733815146688
1036,2978.75,582.5,8,4.8440706654921195,4.8440706654921195,4.8440706654921195,4.505424436465076e-07,24.7657263466849
115,3252.0,157.71428571428572,7,4.842758693008426,4.842758693008426,4.842758693008426,4.5042041832325807e-07,24.766020448290533
1523,3087.625,807.5,8,4.839429445544443,4.839429445544443,4.839429445544443,4.5011076815679536e-07,24.76676711517967
1635,3141.125,914.125,8,4.836535131555618,4.836535131555618,4.836535131555618,4.4984157074262575e-07,24.76741665488277
1105,3065.0,601.25,8,4.831753714442963,4.831753714442963,4.831753714442963,4.493968556468335e-07,24.768490548758958
1752,3177.8333333333335,1069.8333333333333,6,4.828522863881821,4.828522863881821,4.828522863881821,4.490963572834955e-07,24.769216791228054
730,3435.142857142857,478.0,7,4.827315782630818,4.827315782630818,4.827315782630818,4.4898408779486465e-07,24.769488248088738
950,3332.125,553.25,8,4.824423291197782,4.824423291197782,4.824423291197782,4.4871505989488987e-07,24.77013900806905
1462,3402.714285714286,755.8571428571429,7,4.811516226926872,4.811516226926872,4.811516226926872,4.4751458602105806e-07,24.77304763474333
1463,2980.0,757.0,8,4.799423626311409,4.799423626311409,4.799423626311409,4.463898646436133e-07,24.775779809000326
1492,3210.285714285714,780.7142857142857,7,4.799280406784326,4.799280406784326,4.799280406784326,4.4637654393048466e-07,24.775812208921245
1212,3285.4285714285716,641.8571428571429,7,4.798397933930186,4.798397933930186,4.798397933930186,4.462944659626738e-07,24.776011868192192
1538,3230.5,821.5,8,4.795688859148859,4.795688859148859,4.795688859148859,4.46042497472475e-07,24.776625025173797
1555,3167.1428571428573,835.5714285714286,7,4.792482265454939,4.792482265454939,4.792482265454939,4.457442552174782e-07,24.777351235616226
2191,3255.285714285714,617.8571428571429,7,4.792256618259714,4.792256618259714,4.792256618259714,4.457232679846819e-07,24.777402357161083
750,3179.125,485.625,8,4.7844857008279185,4.7844857008279185,4.7844857008279185,4.4500050228391755e-07,24.77916436932984
271,3382.0,269.2857142857143,7,4.781748062939414,4.781748062939414,4.781748062939414,4.4474587716606106e-07,24.779785795217105
2140,3353.0,536.0,7,4.780832430701832,4.780832430701832,4.780832430701832,4.446607150752723e-07,24.779993717142425
1607,3215.0,877.5,6,4.773538171914433,4.773538171914433,4.773538171914433,4.439822829454366e-07,24.78165152229159
1873,2874.5,1589.25,8,4.772557773358937,4.772557773358937,4.772557773358937,4.438910970005065e-07,24.78187453580761
12,3469.0,52.0,7,4.762348300396994,4.762348300396994,4.762348300396994,4.429415235499406e-07,24.784199634466532
1900,2839.75,1627.75,8,4.760833827506283,4.760833827506283,4.760833827506283,4.428006638548337e-07,24.78454496400877
2065,3322.0,491.2857142857143,7,4.760320077074269,4.760320077074269,4.760320077074269,4.4275288041172396e-07,24.784662134143897
1967,3376.0,274.0,7,4.759744414401648,4.759744414401648,4.759744414401648,4.426993385695113e-07,24.784793439516193
1184,3267.25,627.875,8,4.759136720287096,4.759136720287096,4.759136720287096,4.426428175130968e-07,24.78493206830946
45,3400.375,88.25,8,4.757733341644806,4.757733341644806,4.757733341644806,4.42512290589251e-07,24.785252278420987
1245,3482.5,655.0,6,4.755957823779719,4.755957823779719,4.755957823779719,4.423471513472963e-07,24.785657535227664
1467,3163.5714285714284,762.4285714285714,7,4.751902925938638,4.751902925938638,4.751902925938638,4.419700091236967e-07,24.786583621499958
1221,3174.5,647.0,8,4.751727395067311,4.751727395067311,4.751727395067311,4.419536831629161e-07,24.786623728325587
834,3094.375,516.875,8,4.747575160959649,4.747575160959649,4.747575160959649,4.415674877849698e-07,24.78757289931195
200,3148.0,228.28571428571428,7,4.741985070060464,4.741985070060464,4.741985070060464,4.410475587030374e-07,24.788852066023882
882,3410.0,534.25,8,4.740726020727327,4.740726020727327,4.740726020727327,4.4093045571210375e-07,24.789140379237157
675,3470.0,461.7142857142857,7,4.740225524540094,4.740225524540094,4.740225524540094,4.408839050337996e-07,24.78925501052258
177,3288.285714285714,210.57142857142858,7,4.735080992478269,4.735080992478269,4.735080992478269,4.404054169590769e-07,24.790433991963422
1344,3149.714285714286,695.5714285714286,7,4.7350451505104205,4.7350451505104205,4.7350451505104205,4.404020833314536e-07,24.790442210422512
1659,3089.2,954.6,5,4.7306560540083815,4.7306560540083815,4.7306560540083815,4.3999385760561604e-07,24.791449088036117
1962,3378.0,212.0,7,4.730407845903857,4.730407845903857,4.730407845903857,4.399707720039253e-07,24.791506055947615
2261,3102.714285714286,1076.7142857142858,7,4.727627144293477,4.727627144293477,4.727627144293477,4.3971214156991505e-07,24.792144477882644
1497,3096.5,784.0,8,4.716111787735044,4.716111787735044,4.716111787735044,4.386411091177553e-07,24.794792294772265
494,3290.0,388.5,6,4.707331683190999,4.707331683190999,4.707331683190999,4.378244798755508e-07,24.796815521244206
2244,3177.4285714285716,758.8571428571429,7,4.707125940109374,4.707125940109374,4.707125940109374,4.378053439055867e-07,24.796862976492626
1548,3020.0,831.0,7,4.702489937029599,4.702489937029599,4.702489937029599,4.373741536318374e-07,24.797932834574418
1710,3190.0,1014.625,8,4.6971586867810355,4.6971586867810355,4.6971586867810355,4.368782990746796e-07,24.799164440619247
1237,3486.714285714286,652.0,7,4.693147642102593,4.693147642102593,4.693147642102593,4.365052355923744e-07,24.800091979410553
677,3035.5,462.25,8,4.690374680040923,4.690374680040923,4.690374680040923,4.362473250064898e-07,24.80073367989126
461,3316.0,375.7142857142857,7,4.684830392033582,4.684830392033582,4.684830392033582,4.357316560083263e-07,24.802017840584206
477,3124.0,382.5,8,4.684345665333719,4.684345665333719,4.684345665333719,4.356865720351686e-07,24.80213018457789
1151,3352.0,618.5,6,4.683696634705228,4.683696634705228,4.683696634705228,4.3562620630858145e-07,24.80228062712072
571,3031.1666666666665,419.8333333333333,6,4.670656500393523,4.670656500393523,4.670656500393523,4.3441335571576765e-07,24.805307700164416
799,3151.5,503.0,6,4.665209354031738,4.665209354031738,4.665209354031738,4.3390672177043286e-07,24.80657467738559
655,3535.0,451.2857142857143,7,4.661868824911682,4.661868824911682,4.661868824911682,4.335960223077797e-07,24.807352398659965
2215,3229.0,652.875,8,4.655655017204872,4.655655017204872,4.655655017204872,4.3301808191386276e-07,24.808800542418155
639,3121.3333333333335,442.6666666666667,6,4.646914191646757,4.646914191646757,4.646914191646757,4.322051059730915e-07,24.81084088919715
1040,3342.8333333333335,581.8333333333334,6,4.6360404226136005,4.6360404226136005,4.6360404226136005,4.311937469715093e-07,24.813384486707157
465,3212.4285714285716,376.7142857142857,7,4.63284455684309,4.63284455684309,4.63284455684309,4.3089650251055016e-07,24.81413319970075
926,3188.3333333333335,546.1666666666667,6,4.629877544863742,4.629877544863742,4.629877544863742,4.306205435248511e-07,24.81482876033632
1565,3266.5,842.0,6,4.62421975476636,4.62421975476636,4.62421975476636,4.3009431780434857e-07,24.816156360017658
110,3537.75,152.625,8,4.615845417127267,4.615845417127267,4.615845417127267,4.2931542855925236e-07,24.818124381646495
445,3313.0,370.0,7,4.615249579007802,4.615249579007802,4.615249579007802,4.2926001021775836e-07,24.818264543354218
215,3380.875,237.625,8,4.61244992462971,4.61244992462971,4.61244992462971,4.289996170046996e-07,24.818923361125897
307,3317.714285714286,292.1428571428571,7,4.607936071860239,4.607936071860239,4.607936071860239,4.285797878160989e-07,24.81998640854455
806,3354.857142857143,505.42857142857144,7,4.6060357083271235,4.6060357083271235,4.6060357083271235,4.284030367963159e-07,24.820434270458733
413,3144.0,357.5,6,4.6033059518996104,4.6033059518996104,4.6033059518996104,4.2814914472571236e-07,24.82107792026122
262,3380.1666666666665,264.16666666666663,6,4.602736818020689,4.602736818020689,4.602736818020689,4.280962101204437e-07,24.821212164534018
401,3300.5714285714284,350.2857142857143,7,4.597941265980903,4.597941265980903,4.597941265980903,4.276501803484111e-07,24.822343973493176
879,3343.6,533.2,5,4.587963954012668,4.587963954012668,4.587963954012668,4.267221999728946e-07,24.824702528873523
1704,3162.0,999.5714285714286,7,4.585956769108775,4.585956769108775,4.585956769108775,4.2653551359817004e-07,24.825177630723722
869,3224.6,530.2,5,4.585510940393746,4.585510940393746,4.585510940393746,4.2649404748989296e-07,24.825283186866475
1159,3308.0,621.2857142857143,7,4.585416258505848,4.585416258505848,4.585416258505848,4.26485241216804e-07,24.82530560544017
970,2958.714285714286,562.0,7,4.568084372820701,4.568084372820701,4.568084372820701,4.24873218876747e-07,24.829417229840903
1345,3400.857142857143,696.1428571428571,7,4.563552846100525,4.563552846100525,4.563552846100525,4.244517458506614e-07,24.83049481163896
1622,3045.5714285714284,897.8571428571429,7,4.557036821265892,4.557036821265892,4.557036821265892,4.238456965267383e-07,24.83204617740274
428,3113.1666666666665,363.8333333333333,6,4.550643632088239,4.550643632088239,4.550643632088239,4.232510720314118e-07,24.83357045531954
214,3528.1666666666665,236.16666666666666,6,4.54811939110666,4.54811939110666,4.54811939110666,4.2301629475859147e-07,24.834172880041795
1082,3085.375,594.625,8,4.546284796821724,4.546284796821724,4.546284796821724,4.2284566087454784e-07,24.834610926432088
1138,2950.6,613.2,5,4.53541218451835,4.53541218451835,4.53541218451835,4.218344094593116e-07,24.837210615561162
1284,3207.625,673.875,8,4.533113665871358,4.533113665871358,4.533113665871358,4.2162062640792877e-07,24.837760999384724
1619,3153.2,893.4,5,4.52964670633895,4.52964670633895,4.52964670633895,4.212981677718725e-07,24.838591696327775
161,3407.285714285714,196.85714285714286,7,4.524478325548984,4.524478325548984,4.524478325548984,4.2081746154943965e-07,24.83983124155901
1129,2865.0,609.0,7,4.524475631307279,4.524475631307279,4.524475631307279,4.2081721096055984e-07,24.83983188809468
623,3338.142857142857,438.2857142857143,7,4.517912888141886,4.517912888141886,4.517912888141886,4.202068164087578e-07,24.841407889632983
1922,2832.1428571428573,1668.2857142857142,7,4.516466605194692,4.516466605194692,4.516466605194692,4.2007229899598036e-07,24.84175551323517
41,3468.714285714286,83.28571428571428,7,4.513449776278369,4.513449776278369,4.513449776278369,4.197917065839608e-07,24.842480986287526
714,3322.142857142857,472.7142857142857,7,4.5082417408882165,4.5082417408882165,4.5082417408882165,4.193073121245669e-07,24.843734532409364
1521,3293.8571428571427,802.4285714285714,7,4.5049043757816305,4.5049043757816305,4.5049043757816305,4.1899690694382227e-07,24.84453857979602
1761,3050.0,1096.0,7,4.501583593179413,4.501583593179413,4.501583593179413,4.186880440861683e-07,24.845339223526437
441,3373.0,368.2857142857143,7,4.499943272011825,4.499943272011825,4.499943272011825,4.1853547936152975e-07,24.845734924417073
1553,3230.0,833.7142857142857,7,4.489320384712387,4.489320384712387,4.489320384712387,4.1754745463336773e-07,24.848301020851522
965,3458.5,559.0,6,4.486198571532975,4.486198571532975,4.486198571532975,4.1725709773405995e-07,24.849056289877545
456,3265.0,373.0,7,4.480939494489856,4.480939494489856,4.480939494489856,4.167679559386665e-07,24.850329822405307
1379,3300.0,710.8333333333334,6,4.47822127041224,4.47822127041224,4.47822127041224,4.1651513648104945e-07,24.850988650717845
1859,2812.625,1565.0,8,4.472931551198643,4.472931551198643,4.472931551198643,4.160231446862816e-07,24.852271891088385
753,3354.714285714286,487.85714285714283,7,4.470800569688102,4.470800569688102,4.470800569688102,4.1582494410593827e-07,24.85278927774312
140,3371.142857142857,181.28571428571428,7,4.466229942508007,4.466229942508007,4.466229942508007,4.1539983438295536e-07,24.85389982465997
1957,3382.5,80.0,6,4.456613308338524,4.456613308338524,4.456613308338524,4.145054003093077e-07,24.85624013965483
1260,3342.142857142857,659.2857142857143,7,4.453090776696632,4.453090776696632,4.453090776696632,4.141777729637642e-07,24.8570986508464
1529,3154.625,815.75,8,4.450644055196716,4.450644055196716,4.450644055196716,4.1395020570481657e-07,24.857695365423467
235,3347.0,246.5,6,4.450449091602857,4.450449091602857,4.450449091602857,4.139320723248423e-07,24.857742927903494
233,3285.714285714286,247.57142857142858,7,4.448538913424104,4.448538913424104,4.448538913424104,4.137544084541258e-07,24.85820903700194
1193,3152.6,631.8,5,4.4371896150301176,4.4371896150301176,4.4371896150301176,4.126988209152144e-07,24.86098255204379
139,2977.8333333333335,180.83333333333334,6,4.436400488331047,4.436400488331047,4.436400488331047,4.126254249852419e-07,24.861175660677297
1780,3024.1428571428573,1173.142857142857,7,4.436315236569632,4.436315236569632,4.436315236569632,4.126174957993226e-07,24.86119652484713
2250,3174.714285714286,801.0,7,4.43610984619522,4.43610984619522,4.43610984619522,4.125983926343237e-07,24.86124679289979
1194,3285.5,632.0,6,4.434222955177571,4.434222955177571,4.434222955177571,4.1242289468049695e-07,24.86170870700585
533,3175.4,405.2,5,4.431524481147423,4.431524481147423,4.431524481147423,4.1217191215616664e-07,24.862369639671403
1773,2992.5,1135.0,6,4.425109144845711,4.425109144845711,4.425109144845711,4.1157522777772075e-07,24.863942554257427
1660,3245.0,955.7142857142857,7,4.4220775346432415,4.4220775346432415,4.4220775346432415,4.1129326057221845e-07,24.864686639174725
1763,2967.8333333333335,1098.8333333333333,6,4.413471661040216,4.413471661040216,4.413471661040216,4.104928363855027e-07,24.866801665935867
1626,3134.285714285714,902.0,7,4.411235212441042,4.411235212441042,4.411235212441042,4.102848264107227e-07,24.867351982972114
1153,3146.6666666666665,619.8333333333334,6,4.4068554117927405,4.4068554117927405,4.4068554117927405,4.0987746528347337e-07,24.868430517708752
1654,3286.6666666666665,943.5,6,4.404810258701243,4.404810258701243,4.404810258701243,4.0968724752343145e-07,24.86893450795954
194,3226.6666666666665,223.5,6,4.403403517838159,4.403403517838159,4.403403517838159,4.095564078826008e-07,24.86928130914705
122,3293.4285714285716,164.85714285714286,7,4.403308999763475,4.403308999763475,4.403308999763475,4.095476168456243e-07,24.869304614482715
708,3370.5,471.0,6,4.40195961561335,4.40195961561335,4.40195961561335,4.094221118985669e-07,24.86963738689464
1971,3281.714285714286,291.1428571428571,7,4.401822393110418,4.401822393110418,4.401822393110418,4.0940934896299814e-07,24.869671233130134
515,3283.0,397.5,6,4.401240955326124,4.401240955326124,4.401240955326124,4.0935526998309587e-07,24.869814657760667
1233,2929.2,650.6,5,4.399510926792063,4.399510926792063,4.399510926792063,4.0919436166091415e-07,24.870241520070625
1107,3256.1428571428573,599.7142857142857,7,4.399327504403772,4.399327504403772,4.399327504403772,4.091773017175841e-07,24.870286787029286
34,3159.714285714286,80.0,7,4.390071028399965,4.390071028399965,4.390071028399965,4.08316365615223e-07,24.87257365451034
1441,3163.1428571428573,740.4285714285714,7,4.388785290289752,4.388785290289752,4.388785290289752,4.081967803263065e-07,24.872891685100065
735,3376.5,478.6666666666667,6,4.387954988783363,4.387954988783363,4.387954988783363,4.0811955476634173e-07,24.873097111803002
111,3409.142857142857,155.42857142857144,7,4.382617816625096,4.382617816625096,4.382617816625096,4.076231494179479e-07,24.874418521906335
151,3429.375,188.625,8,4.379309051393923,4.379309051393923,4.379309051393923,4.073154042846399e-07,24.87523853477095
504,3214.0,394.0,7,4.377247649329803,4.377247649329803,4.377247649329803,4.0712367522298047e-07,24.87574972632065
1128,3439.285714285714,607.8571428571429,7,4.375988813185337,4.375988813185337,4.375988813185337,4.0700659206052407e-07,24.876062014008337
363,3612.0,324.5,6,4.3754333041330815,4.3754333041330815,4.3754333041330815,4.069549246875326e-07,24.87619985132959
469,3099.5,380.0,6,4.36832920225895,4.36832920225895,4.36832920225895,4.06294178872843e-07,24.877964122099435
246,3292.285714285714,254.57142857142858,7,4.365718647086253,4.365718647086253,4.365718647086253,4.060513735985187e-07,24.878613162360907
163,3443.4,198.2,5,4.3546181892321245,4.3546181892321245,4.3546181892321245,4.050189304835118e-07,24.881377316020913
1213,3422.4,641.8,5,4.354039087692511,4.354039087692511,4.354039087692511,4.049650687955237e-07,24.88152171290983
1641,3196.4285714285716,918.2857142857143,7,4.351765678035106,4.351765678035106,4.351765678035106,4.0475362110757946e-07,24.882088765191803
816,3305.6,506.8,5,4.347969850038279,4.347969850038279,4.347969850038279,4.0440057472583795e-07,24.883036211957602
1692,3265.6666666666665,991.5,6,4.347044812907476,4.347044812907476,4.347044812907476,4.0431453789480147e-07,24.883267228545016
133,3281.285714285714,177.42857142857142,7,4.332838124416151,4.332838124416151,4.332838124416151,4.029931871980407e-07,24.886821361689428
744,3174.2,481.6,5,4.328972252190175,4.328972252190175,4.328972252190175,4.026336260686121e-07,24.88779051652771
989,3080.0,568.0,7,4.320373254711061,4.320373254711061,4.320373254711061,4.018338414236958e-07,24.889949349460494
649,3419.6666666666665,447.5,6,4.318798583465681,4.318798583465681,4.318798583465681,4.0168738273640057e-07,24.89034514610227
57,3425.0,94.71428571428572,7,4.316354931345098,4.316354931345098,4.316354931345098,4.0146010095752965e-07,24.89095964858805
1409,3209.5,724.0,6,4.314164021251556,4.314164021251556,4.314164021251556,4.012563264762063e-07,24.89151089017018
802,3158.2,503.6,5,4.313598671928826,4.313598671928826,4.313598671928826,4.0120374386893943e-07,24.891653179718638
338,3259.5,310.125,8,4.312782274891217,4.312782274891217,4.312782274891217,4.01127811550501e-07,24.891858686947987
883,3597.0,533.5,6,4.310393803671111,4.310393803671111,4.310393803671111,4.009056620951366e-07,24.892460147412294
829,3225.6,513.8,5,4.307254422121851,4.307254422121851,4.307254422121851,4.0061367117831977e-07,24.89325120786639
900,3451.857142857143,539.2857142857142,7,4.307111938977117,4.307111938977117,4.307111938977117,4.006004189554189e-07,24.893287124404495
419,3316.5714285714284,361.57142857142856,7,4.306749833575708,4.306749833575708,4.306749833575708,4.005667398735734e-07,24.89337840772314
1627,3162.5,902.0,6,4.302256651036092,4.302256651036092,4.302256651036092,4.001488332035552e-07,24.89451173510755
2256,3054.285714285714,935.0,7,4.301519195647172,4.301519195647172,4.301519195647172,4.000802431734033e-07,24.894697858509968
890,3135.285714285714,537.8571428571429,7,4.297525188533086,4.297525188533086,4.297525188533086,3.9970876433888903e-07,24.89570644463743
1968,3384.0,290.0,7,4.2942454811614335,4.2942454811614335,4.2942454811614335,3.994037218496875e-07,24.89653535344896
736,3103.5714285714284,480.7142857142857,7,4.291707506984571,4.291707506984571,4.291707506984571,3.991676672653271e-07,24.897177232232742
1111,2958.714285714286,602.4285714285714,7,4.289615173308436,4.289615173308436,4.289615173308436,3.9897306128360894e-07,24.897706689649567
721,2830.0,475.0,7,4.283482967893405,4.283482967893405,4.283482967893405,3.984027106418828e-07,24.899259910774518
1004,3219.2,572.4,5,4.28275995849404,4.28275995849404,4.28275995849404,3.9833546421959384e-07,24.899443187734995
1517,3231.5,800.0,6,4.273505270121633,4.273505270121633,4.273505270121633,3.9747469438314313e-07,24.90179191206266
2168,3287.4,573.8,5,4.270083189153567,4.270083189153567,4.270083189153567,3.971564098600267e-07,24.902661681813164
46,3416.0,88.0,7,4.266184711810547,4.266184711810547,4.266184711810547,3.9679381615941517e-07,24.903653384121043
1220,3274.8333333333335,645.0,6,4.259831273255482,4.259831273255482,4.259831273255482,3.9620288883200257e-07,24.905271527824475
1268,3032.1666666666665,663.1666666666666,6,4.2570693350806135,4.2570693350806135,4.2570693350806135,3.959460035674315e-07,24.905975712718668
585,3496.5,424.0,6,4.248120098207815,4.248120098207815,4.248120098207815,3.951136434868561e-07,24.90826055637555
716,3104.5714285714284,474.2857142857143,7,4.2430063382828065,4.2430063382828065,4.2430063382828065,3.9463801749955414e-07,24.90956832042919
1549,3127.5,830.8333333333334,6,4.242804306362204,4.242804306362204,4.242804306362204,3.946192267011764e-07,24.90962001928978
587,3348.8333333333335,425.8333333333333,6,4.240357960071723,4.240357960071723,4.240357960071723,3.943916943401044e-07,24.91024622134207
1429,3296.714285714286,733.5714285714286,7,4.23645544534393,4.23645544534393,4.23645544534393,3.940287251261432e-07,24.91124591347313
1892,2888.25,1617.375,8,4.235259107293065,4.235259107293065,4.235259107293065,3.939174548524241e-07,24.911552559202402
1511,3075.714285714286,795.0,7,4.231511817654991,4.231511817654991,4.231511817654991,3.9356892297764855e-07,24.912513626492753
941,3218.2,548.4,5,4.230996320428041,4.230996320428041,4.230996320428041,3.935209770667894e-07,24.912645902644055
1343,3413.857142857143,694.5714285714286,7,4.229783986517681,4.229783986517681,4.229783986517681,3.934082190332661e-07,24.91295705002763
1910,2896.5714285714284,1642.2857142857142,7,4.227384664964933,4.227384664964933,4.227384664964933,3.931850603986966e-07,24.913573102622514
568,3206.8571428571427,418.85714285714283,7,4.221359377884204,4.221359377884204,4.221359377884204,3.92624654130398e-07,24.915121705208527
1374,3340.0,709.5,6,4.219988958006194,4.219988958006194,4.219988958006194,3.92497192670131e-07,24.915474235262053
1832,2959.8333333333335,1471.1666666666667,6,4.213299612195554,4.213299612195554,4.213299612195554,3.918750229257067e-07,24.917196663326862
1991,3238.6666666666665,385.3333333333333,6,4.212906030997216,4.212906030997216,4.212906030997216,3.9183841630967696e-07,24.91729809103346
732,3503.6666666666665,477.5,6,4.2122312568467795,4.2122312568467795,4.2122312568467795,3.9177565620239513e-07,24.917472005523326
1041,3380.8333333333335,582.3333333333334,6,4.212025139795152,4.212025139795152,4.212025139795152,3.9175648544983386e-07,24.917525135137353
955,3383.5,555.5,6,4.207586283923973,4.207586283923973,4.207586283923973,3.913436316520059e-07,24.91866994497026
1257,3063.0,659.5,6,4.200396952813012,4.200396952813012,4.200396952813012,3.906749587463873e-07,24.920526684870353
922,2849.4,546.2,5,4.198657893079169,4.198657893079169,4.198657893079169,3.905132104408321e-07,24.920976297398646
545,3427.0,408.7142857142857,7,4.196227004447892,4.196227004447892,4.196227004447892,3.9028711578206303e-07,24.921605085977095
947,3177.1666666666665,551.0,6,4.190025431686557,4.190025431686557,4.190025431686557,3.897103133488847e-07,24.923210874343724
1647,3336.714285714286,924.8571428571429,7,4.189403169093538,4.189403169093538,4.189403169093538,3.8965243729202906e-07,24.92337212949835
692,3157.285714285714,466.2857142857143,7,4.188655945567653,4.188655945567653,4.188655945567653,3.895829387366714e-07,24.92356579908844
232,3274.1666666666665,246.33333333333334,6,4.177975731217929,4.177975731217929,4.177975731217929,3.8858958207363345e-07,24.926337739372322
1650,3042.1428571428573,935.8571428571429,7,4.176201529361778,4.176201529361778,4.176201529361778,3.8842456523242867e-07,24.926798901533154
1330,3262.4285714285716,691.2857142857143,7,4.1712542106063815,4.1712542106063815,4.1712542106063815,3.8796441978132424e-07,24.92808587660328
1785,3053.285714285714,1188.142857142857,7,4.171158172191889,4.171158172191889,4.171158172191889,3.879554873389762e-07,24.92811087474024
308,3373.8333333333335,292.16666666666663,6,4.170286236641076,4.170286236641076,4.170286236641076,3.8787438943580886e-07,24.928337859888803
1927,2858.714285714286,1676.2857142857142,7,4.169934374628607,4.169934374628607,4.169934374628607,3.878416630819071e-07,24.928429471212784
1494,3175.5714285714284,783.1428571428571,7,4.16499962336848,4.16499962336848,4.16499962336848,3.87382686521684e-07,24.929715105563798
2257,3056.0,937.7142857142857,7,4.155814873649965,4.155814873649965,4.155814873649965,3.8652842161346536e-07,24.932112039026208
512,2935.285714285714,397.57142857142856,7,4.155704250903878,4.155704250903878,4.155704250903878,3.865181326961917e-07,24.932140940390376
805,3223.5,505.0,6,4.142554597534129,4.142554597534129,4.142554597534129,3.8529509583908813e-07,24.935581919264244
1139,3257.0,613.5714285714286,7,4.1388671485281705,4.1388671485281705,4.1388671485281705,3.8495212968506363e-07,24.936548805694212
1078,3253.0,593.25,4,4.131655180785991,4.131655180785991,4.131655180785991,3.842813513677264e-07,24.938442349090426
1246,3388.0,656.0,7,4.125874449520911,4.125874449520911,4.125874449520911,3.8374369100517507e-07,24.93996250112881
1306,3352.3333333333335,680.8333333333334,6,4.1252170148422795,4.1252170148422795,4.1252170148422795,3.8368254362581115e-07,24.940135520816558
377,3098.0,334.5,6,4.120773807688372,4.120773807688372,4.120773807688372,3.832692851192807e-07,24.94130558065362
579,3096.8333333333335,424.0,6,4.117992601140876,4.117992601140876,4.117992601140876,3.8301060772154556e-07,24.942038616791894
1424,3228.0,731.0,7,4.1170977063571295,4.1170977063571295,4.1170977063571295,3.829273744017784e-07,24.942274587408782
350,3328.4285714285716,315.85714285714283,7,4.116202098796167,4.116202098796167,4.116202098796167,3.828440747872747e-07,24.942510797332147
988,3170.2,566.6,5,4.114572181820282,4.114572181820282,4.114572181820282,3.8269247774669325e-07,24.942940807883836
1537,3212.5,821.0,6,4.109826361408538,4.109826361408538,4.109826361408538,3.8225107346647767e-07,24.944193838020237
918,3046.1666666666665,545.0,6,4.106321957757354,4.106321957757354,4.106321957757354,3.8192513218825154e-07,24.94512002825028
976,2983.1666666666665,563.1666666666666,6,4.1060152310708204,4.1060152310708204,4.1060152310708204,3.818966038284432e-07,24.945201131658735
1125,3445.5714285714284,607.7142857142857,7,4.104601916173929,4.104601916173929,4.104601916173929,3.817651527429288e-07,24.94557491285932
820,3389.0,509.1666666666667,6,4.103958383779116,4.103958383779116,4.103958383779116,3.8170529840187006e-07,24.945745151341075
852,3110.1666666666665,521.6666666666667,6,4.095106407202816,4.095106407202816,4.095106407202816,3.8088198440973557e-07,24.94808954437412
1037,3142.5,582.0,6,4.094771467508599,4.094771467508599,4.094771467508599,3.808508319846932e-07,24.948178350619635
132,3264.8571428571427,177.85714285714286,7,4.094630789286629,4.094630789286629,4.094630789286629,3.808377476359562e-07,24.948215652350342
457,3459.0,373.5,6,4.0935847938158005,4.0935847938158005,4.0935847938158005,3.807404605838024e-07,24.94849304493908
1966,3373.0,274.16666666666663,6,4.0878597053801435,4.0878597053801435,4.0878597053801435,3.8020797550833306e-07,24.950012565558023
361,3469.5714285714284,324.14285714285717,7,4.082403644237559,4.082403644237559,4.082403644237559,3.7970051240764455e-07,24.951462664225584
566,3389.142857142857,417.7142857142857,7,4.080719630957646,4.080719630957646,4.080719630957646,3.795438839208494e-07,24.951910628601865
1152,2996.4285714285716,619.2857142857143,7,4.068268351582985,4.068268351582985,4.068268351582985,3.783858021703191e-07,24.955228541295355
483,3316.8333333333335,383.1666666666667,6,4.067926787559095,4.067926787559095,4.067926787559095,3.78354033622622e-07,24.95531970145581
1106,3158.285714285714,599.5714285714286,7,4.0605268828907395,4.0605268828907395,4.0605268828907395,3.7766577546904417e-07,24.9572965464882
1751,3017.285714285714,1071.142857142857,7,4.05987954466782,4.05987954466782,4.05987954466782,3.77605567151503e-07,24.95746965076645
1954,2819.5,1909.0,6,4.054208632050937,4.054208632050937,4.054208632050937,3.770781209178389e-07,24.958987286762152
1852,2937.4285714285716,1550.7142857142858,7,4.053003168576405,4.053003168576405,4.053003168576405,3.769660018970717e-07,24.95931016357348
948,3103.8333333333335,551.8333333333334,6,4.050669844368042,4.050669844368042,4.050669844368042,3.767489816132546e-07,24.95993540465525
1643,3277.5,920.0,6,4.03613572083092,4.03613572083092,4.03613572083092,3.7539717649172254e-07,24.963838117782792
492,3506.3333333333335,388.5,6,4.034328428412097,4.034328428412097,4.034328428412097,3.752290819284948e-07,24.964324395352016
1515,3241.4285714285716,796.7142857142857,7,4.033131509521765,4.033131509521765,4.033131509521765,3.7511775763144475e-07,24.964646563219702
444,3161.5714285714284,371.0,7,4.030849530448218,4.030849530448218,4.030849530448218,3.749055129101878e-07,24.965261055578377
118,3307.0,158.57142857142856,7,4.030798669816031,4.030798669816031,4.030798669816031,3.749007824107601e-07,24.965274755315306
973,3382.0,562.1666666666666,6,4.029797280784255,4.029797280784255,4.029797280784255,3.748076441614296e-07,24.965544523044414
537,3289.1666666666665,405.8333333333333,6,4.02973082301633,4.02973082301633,4.02973082301633,3.7480146298711817e-07,24.96556242870931
2271,2891.0,1603.5,6,4.027471125892225,4.027471125892225,4.027471125892225,3.7459129068896245e-07,24.96617143294163
1844,2918.5,1515.0,6,4.0250886589635915,4.0250886589635915,4.0250886589635915,3.743696996870846e-07,24.96681389465458
1495,3252.6,783.2,5,4.014710038446678,4.014710038446678,4.014710038446678,3.734043939819716e-07,24.969617061931316
1733,2891.5,1047.0,6,4.011409468424979,4.011409468424979,4.011409468424979,3.7309741107736704e-07,24.970510033576666
909,3379.0,541.8571428571429,7,3.993587302812374,3.993587302812374,3.993587302812374,3.7143978826369154e-07,24.97534456455208
1651,3185.285714285714,937.1428571428571,7,3.992429321137853,3.992429321137853,3.992429321137853,3.713320854803583e-07,24.975659430572648
433,3547.8333333333335,365.8333333333333,6,3.9865338759704847,3.9865338759704847,3.9865338759704847,3.707837556859538e-07,24.977263874475465
1172,3292.4,624.8,5,3.985650199698455,3.985650199698455,3.985650199698455,3.7070156578938004e-07,24.977504571207167
1937,2815.5,1699.0,6,3.9821247573912437,3.9821247573912437,3.9821247573912437,3.7037366772560057e-07,24.978465366566255
1181,3458.1666666666665,626.8333333333334,6,3.9821168417306367,3.9821168417306367,3.9821168417306367,3.703729314974736e-07,24.978467524792922
688,3285.8333333333335,465.0,6,3.9651294809766533,3.9651294809766533,3.9651294809766533,3.6879295309630656e-07,24.983109087400837
636,2977.5,441.5,4,3.9643297384940586,3.9643297384940586,3.9643297384940586,3.687185698023214e-07,24.983328095872096
166,2798.0,201.5,6,3.9642810520242344,3.9642810520242344,3.9642810520242344,3.687140415196844e-07,24.98334143002719
2272,2883.714285714286,1657.142857142857,7,3.9634146905258976,3.9634146905258976,3.9634146905258976,3.6863346205388045e-07,24.983578734807654
255,3403.1666666666665,259.16666666666663,6,3.9631479932119777,3.9631479932119777,3.9631479932119777,3.6860865678826295e-07,24.98365179621929
408,3270.6666666666665,353.8333333333333,6,3.959960171947654,3.959960171947654,3.959960171947654,3.683121605392367e-07,24.984525476869756
1144,3213.0,616.6666666666666,6,3.9588287246463203,3.9588287246463203,3.9588287246463203,3.682069256929262e-07,24.984835739795876
1988,3297.0,372.1666666666667,6,3.958158842076637,3.958158842076637,3.958158842076637,3.6814462054695643e-07,24.985019475277195
94,3215.4,134.8,5,3.95596948151336,3.95596948151336,3.95596948151336,3.6794099018598153e-07,24.98562019035086
557,3270.6666666666665,414.1666666666667,6,3.9500073803382847,3.9500073803382847,3.9500073803382847,3.673864607791705e-07,24.98725775404285
417,3322.5,358.5,6,3.9474653181978248,3.9474653181978248,3.9474653181978248,3.671500259771716e-07,24.987956714102943
128,3520.857142857143,172.57142857142858,7,3.947121511116505,3.947121511116505,3.947121511116505,3.671180488048186e-07,24.988051281128158
589,3466.0,424.5,6,3.9465919477932205,3.9465919477932205,3.9465919477932205,3.670687946196066e-07,24.988196958084043
97,3340.4285714285716,138.28571428571428,7,3.943225739572501,3.943225739572501,3.943225739572501,3.6675570676802137e-07,24.989123421661425
978,3394.1666666666665,563.1666666666666,6,3.937030729408649,3.937030729408649,3.937030729408649,3.6617951471584506e-07,24.990830510316684
634,3504.4285714285716,440.7142857142857,7,3.933553909120751,3.933553909120751,3.933553909120751,3.6585613894022144e-07,24.991789755425636
373,3344.8333333333335,333.0,6,3.929042040127161,3.929042040127161,3.929042040127161,3.654364942607443e-07,24.993035832443148
642,3261.5,444.5,6,3.9279098625869757,3.9279098625869757,3.9279098625869757,3.65331191495607e-07,24.993348739068853
1824,2817.1666666666665,1437.8333333333333,6,3.927871669932255,3.927871669932255,3.927871669932255,3.6532763923281496e-07,24.993359296172002
1695,3132.5,992.0,6,3.926140083347562,3.926140083347562,3.926140083347562,3.651665859978135e-07,24.993838044189246
291,3324.2,279.4,5,3.924681539718234,3.924681539718234,3.924681539718234,3.6503092823055513e-07,24.994241465313515
939,3074.0,549.1666666666667,6,3.923995708702159,3.923995708702159,3.923995708702159,3.649671397346291e-07,24.994431212335293
25,3508.5,67.0,6,3.9220085001858127,3.9220085001858127,3.9220085001858127,3.6478231134486844e-07,24.99498119528745
1720,3054.8333333333335,1032.1666666666665,6,3.9208120298319122,3.9208120298319122,3.9208120298319122,3.646710287657688e-07,24.995312466718758
916,3050.3333333333335,543.8333333333333,6,3.913549673339941,3.913549673339941,3.913549673339941,3.6399556383834035e-07,24.997325395386717
1767,3039.0,1106.5,6,3.9129122054559686,3.9129122054559686,3.9129122054559686,3.639362735517149e-07,24.99750226252624
1760,3069.5714285714284,1087.142857142857,7,3.9128639531831206,3.9128639531831206,3.9128639531831206,3.639317856533291e-07,24.997515651419178
2242,3204.1666666666665,747.1666666666666,6,3.9119265781829498,3.9119265781829498,3.9119265781829498,3.638446012886998e-07,24.997775784128397
1699,3140.0,995.5,6,3.9092150594096626,3.9092150594096626,3.9092150594096626,3.63592405485114e-07,24.998528613921387
1944,2849.1666666666665,1708.1666666666667,6,3.9062617721081923,3.9062617721081923,3.9062617721081923,3.6331772301875913e-07,24.99934916298525
1820,2974.6666666666665,1422.8333333333333,6,3.9026621385936284,3.9026621385936284,3.9026621385936284,3.6298292450076133e-07,25.0003501338622
954,3102.6666666666665,556.0,6,3.8983053537323844,3.8983053537323844,3.8983053537323844,3.6257770405015763e-07,25.001562885884727
10,3458.1666666666665,50.666666666666664,6,3.8912063098145016,3.8912063098145016,3.8912063098145016,3.6191742867120795e-07,25.003541878013547
1584,3116.4285714285716,860.2857142857143,7,3.886351912664735,3.886351912664735,3.886351912664735,3.6146592577099904e-07,25.00489721223836
723,3304.1666666666665,475.3333333333333,6,3.881107172753115,3.881107172753115,3.881107172753115,3.6097811745868337e-07,25.006363432995848
1415,3356.4,729.2,5,3.8746530839909443,3.8746530839909443,3.8746530839909443,3.6037782875044166e-07,25.008170461378207
189,3322.0,218.85714285714286,7,3.873826622856931,3.873826622856931,3.873826622856931,3.603009603798892e-07,25.008402072949096
201,3420.5,228.0,6,3.8735419894284915,3.8735419894284915,3.8735419894284915,3.6027448689317766e-07,25.008481851473633
1668,3047.4,963.2,5,3.867691712827652,3.867691712827652,3.867691712827652,3.597303581845428e-07,25.010122896962486
1788,3010.0,1193.5,6,3.8675272033019605,3.8675272033019605,3.8675272033019605,3.5971505730872446e-07,25.01016907896458
2206,3101.5,637.3333333333334,6,3.864083597884431,3.864083597884431,3.864083597884431,3.593947708168653e-07,25.01113623766413
387,3221.8333333333335,340.1666666666667,6,3.8625370595033948,3.8625370595033948,3.8625370595033948,3.5925092874074765e-07,25.01157087340185
48,3272.8333333333335,88.83333333333334,6,3.859690699341084,3.859690699341084,3.859690699341084,3.5898619146675185e-07,25.012371263267696
125,3264.6,168.8,5,3.853075695836661,3.853075695836661,3.853075695836661,3.583709362301088e-07,25.01423366910042
1068,3203.4,590.8,5,3.849809363019766,3.849809363019766,3.849809363019766,3.580671376956303e-07,25.015154460721103
1496,3060.8333333333335,783.8333333333334,6,3.845994723667539,3.845994723667539,3.845994723667539,3.57712341687466e-07,25.016230811507935
495,3298.8333333333335,389.6666666666667,6,3.8424744760928906,3.8424744760928906,3.8424744760928906,3.573849267808625e-07,25.017225043365876
1637,3042.0,914.7142857142857,7,3.8395054763357064,3.8395054763357064,3.8395054763357064,3.5710878291382174e-07,25.01806429332715
224,3547.0,242.83333333333334,6,3.8346714033149247,3.8346714033149247,3.8346714033149247,3.5665917034167993e-07,25.019432134822495
1050,3114.1666666666665,587.3333333333334,6,3.832208513424937,3.832208513424937,3.832208513424937,3.5643009927602184e-07,25.020129693371192
651,3449.8333333333335,448.8333333333333,6,3.8317045339860405,3.8317045339860405,3.8317045339860405,3.5638322462376593e-07,25.020272489543505
1165,3156.0,622.8333333333334,6,3.8295492254423724,3.8295492254423724,3.8295492254423724,3.561827614090168e-07,25.020883380829314
963,3354.4,559.2,5,3.8292010530032563,3.8292010530032563,3.8292010530032563,3.561503782188526e-07,25.02098209756747
2020,3286.8,455.4,5,3.8191869447947795,3.8191869447947795,3.8191869447947795,3.552189754597375e-07,25.023825228971482
1208,3105.8,641.4,5,3.8175157912858237,3.8175157912858237,3.8175157912858237,3.550635430481096e-07,25.024300416224424
1195,3415.5,633.3333333333334,6,3.8165801776579693,3.8165801776579693,3.8165801776579693,3.5497652250705817e-07,25.024566545861422
50,3310.285714285714,88.28571428571428,7,3.8157854565936953,3.8157854565936953,3.8157854565936953,3.549026062504548e-07,25.024792650709283
1571,3352.5,848.5,4,3.814787226870122,3.814787226870122,3.814787226870122,3.5480976184540036e-07,25.02507672222074
1499,3182.1666666666665,785.0,6,3.808758742460114,3.808758742460114,3.808758742460114,3.5424905819652124e-07,25.026793861508523
540,3376.6666666666665,407.1666666666667,6,3.80691068836912,3.80691068836912,3.80691068836912,3.5407717242861145e-07,25.02732080120635
1314,3166.2,683.6,5,3.801994587847128,3.801994587847128,3.801994587847128,3.536199305559508e-07,25.028723785964843
1174,3043.1666666666665,626.1666666666666,6,3.7957569127437765,3.7957569127437765,3.7957569127437765,3.530397702779934e-07,25.03050654266972
447,3093.0,371.1666666666667,6,3.79530174701807,3.79530174701807,3.79530174701807,3.5299743574316e-07,25.030636745828545
15,3228.0,57.5,6,3.793962055038298,3.793962055038298,3.793962055038298,3.5287283225572535e-07,25.03102006419478
501,3155.0,392.5,6,3.793892508335481,3.793892508335481,3.793892508335481,3.528663637824931e-07,25.031039966888628
1677,3361.4,974.8,5,3.791034443741471,3.791034443741471,3.791034443741471,3.526005378903446e-07,25.031858196087597
1149,3111.2,616.6,5,3.789604203632029,3.789604203632029,3.789604203632029,3.5246751260677486e-07,25.03226788808295
532,3107.6666666666665,404.8333333333333,6,3.789378028601118,3.789378028601118,3.789378028601118,3.5244647628047917e-07,25.032332690034508
1417,3151.6,730.2,5,3.7879505151509303,3.7879505151509303,3.7879505151509303,3.523137046009148e-07,25.03274177960877
1697,3103.4285714285716,994.0,7,3.786843683521473,3.786843683521473,3.786843683521473,3.5221075923502793e-07,25.033059075933846
1577,3069.3333333333335,853.1666666666666,6,3.7864090816832525,3.7864090816832525,3.7864090816832525,3.521703373279736e-07,25.033183688954313
958,3039.1666666666665,558.0,6,3.7816907788134078,3.7816907788134078,3.7816907788134078,3.517314924283755e-07,25.034537485286013
923,2951.2,545.6,5,3.7789444761744546,3.7789444761744546,3.7789444761744546,3.514760614102524e-07,25.035326244493383
1975,3373.1666666666665,320.1666666666667,6,3.777336156468479,3.777336156468479,3.777336156468479,3.5132647311137454e-07,25.035788432451945
1725,2988.2,1037.6,5,3.7727117380783675,3.7727117380783675,3.7727117380783675,3.508963603186841e-07,25.03711846351138
982,3153.1666666666665,565.1666666666666,6,3.77001968830438,3.77001968830438,3.77001968830438,3.5064597530835995e-07,25.037893476133068
1756,3026.714285714286,1080.142857142857,7,3.7693869183935593,3.7693869183935593,3.7693869183935593,3.5058712197578614e-07,25.03807572421675
1615,3049.5,885.5,6,3.7673024675961586,3.7673024675961586,3.7673024675961586,3.5039324917318397e-07,25.03867629660061
109,3323.6,151.2,5,3.758152965209591,3.758152965209591,3.758152965209591,3.4954226258606426e-07,25.041316389543837
220,3241.0,239.83333333333334,6,3.7572934438354126,3.7572934438354126,3.7572934438354126,3.494623193137567e-07,25.04156473499878
1102,3197.4,598.8,5,3.7558742729352446,3.7558742729352446,3.7558742729352446,3.493303235669009e-07,25.041974906927177
1960,3284.1666666666665,209.0,6,3.7546609561952278,3.7546609561952278,3.7546609561952278,3.492174741213182e-07,25.042325705341337
1791,2862.0,1204.5,6,3.7431775942666374,3.7431775942666374,3.7431775942666374,3.4814941745950257e-07,25.04565144020821
1938,2874.8333333333335,1698.8333333333333,6,3.7406437828038674,3.7406437828038674,3.7406437828038674,3.479137500452536e-07,25.04638663972933
1054,3064.0,588.5,6,3.7401091382294362,3.7401091382294362,3.7401091382294362,3.478640232576651e-07,25.04654183345869
1618,3230.8333333333335,891.1666666666666,6,3.7398372157258306,3.7398372157258306,3.7398372157258306,3.4783873200208336e-07,25.04662077416046
1127,3215.6666666666665,608.0,6,3.7363748890046224,3.7363748890046224,3.7363748890046224,3.475167042594271e-07,25.04762641008678
1576,3129.5,852.5,6,3.731682312130935,3.731682312130935,3.731682312130935,3.4708025211046667e-07,25.048990861680736
1276,3029.5714285714284,668.2857142857143,7,3.7275287379502573,3.7275287379502573,3.7275287379502573,3.4669393209359313e-07,25.050200020746736
781,3114.2,496.8,5,3.724460657828873,3.724460657828873,3.724460657828873,3.464085728553312e-07,25.05109404398756
615,3275.6666666666665,436.1666666666667,6,3.7211486401153877,3.7211486401153877,3.7211486401153877,3.4610052521171113e-07,25.052059976427905
1089,3426.6666666666665,596.3333333333334,6,3.7198206573698576,3.7198206573698576,3.7198206573698576,3.459770107891091e-07,25.052447517057033
553,3288.5,412.5,4,3.7178971195236237,3.7178971195236237,3.7178971195236237,3.457981043483211e-07,25.053009101884555
683,3209.5,463.0,4,3.7140607106666863,3.7140607106666863,3.7140607106666863,3.4544128357905676e-07,25.05413002545742
1616,3194.6666666666665,885.3333333333334,6,3.7101673939690176,3.7101673939690176,3.7101673939690176,3.4507916986520177e-07,25.055268760750344
1855,2911.4285714285716,1554.2857142857142,7,3.70797878411333,3.70797878411333,3.70797878411333,3.448756093268317e-07,25.0559094202818
206,3586.6,230.2,5,3.7071256042082164,3.7071256042082164,3.7071256042082164,3.447962558685805e-07,25.056159269310953
710,3016.8333333333335,472.5,6,3.7038971099611024,3.7038971099611024,3.7038971099611024,3.444959766637878e-07,25.057105236810415
1216,3169.8333333333335,643.8333333333334,6,3.702006646766721,3.702006646766721,3.702006646766721,3.4432014646517244e-07,25.057659536311437
928,3159.4,547.2,5,3.6991719205984435,3.6991719205984435,3.6991719205984435,3.440564912579884e-07,25.058491232224178
1992,3241.8,386.4,5,3.6967943763109314,3.6967943763109314,3.6967943763109314,3.4383535810631824e-07,25.059189284621027
911,3094.5,543.0,6,3.694899433173429,3.694899433173429,3.694899433173429,3.4365911123241864e-07,25.059745965800857
40,3388.5,83.0,6,3.6899651265268067,3.6899651265268067,3.6899651265268067,3.432001760252782e-07,25.061196867472937
1842,2913.6,1512.2,5,3.6843679312006294,3.6843679312006294,3.6843679312006294,3.426795861672922e-07,25.06284503788514
1686,3051.0,983.5,6,3.682379907627786,3.682379907627786,3.682379907627786,3.4249468196989553e-07,25.06343104117141
1604,3171.8333333333335,877.0,6,3.67456951054659,3.67456951054659,3.67456951054659,3.4176824430417785e-07,25.065736353764564
37,3300.8,81.6,5,3.6713335565460454,3.6713335565460454,3.6713335565460454,3.4146727127475467e-07,25.066692912164665
248,3344.1666666666665,256.16666666666663,6,3.6643871837975066,3.6643871837975066,3.6643871837975066,3.408211956972655e-07,25.068749132924964
403,3241.5,351.0,6,3.6635626578932587,3.6635626578932587,3.6635626578932587,3.4074450732060823e-07,25.068993462553067
1155,3182.5,618.6666666666666,6,3.6602411857624446,3.6602411857624446,3.6602411857624446,3.4043558033054985e-07,25.069978263039193
1230,3153.6,648.2,5,3.6583949982998707,3.6583949982998707,3.6583949982998707,3.402638681759888e-07,25.070526035209035
582,3186.4,424.2,5,3.65684002200061,3.65684002200061,3.65684002200061,3.4011924129705573e-07,25.07098761821666
493,3266.6,388.8,5,3.6559244849023536,3.6559244849023536,3.6559244849023536,3.400340880550859e-07,25.071259480322606
2176,3340.0,601.2,5,3.654897319195115,3.654897319195115,3.654897319195115,3.399385523414833e-07,25.071564570785444
153,3280.0,190.0,7,3.651930367625876,3.651930367625876,3.651930367625876,3.396625989744715e-07,25.07244630142194
1750,3055.5,1069.0,6,3.643794161840238,3.643794161840238,3.643794161840238,3.38905858148458e-07,25.074867932561453
58,3263.2,95.6,5,3.6408821964645717,3.6408821964645717,3.6408821964645717,3.3863501899544715e-07,25.075735953664452
1919,2876.3333333333335,1660.5,6,3.639400120754428,3.639400120754428,3.639400120754428,3.3849717253154767e-07,25.076178008851002
500,3346.0,391.0,5,3.6374494927740884,3.6374494927740884,3.6374494927740884,3.38315746462938e-07,25.076760092467808
1021,3318.4,578.2,5,3.6368669932019664,3.6368669932019664,3.6368669932019664,3.382615687271514e-07,25.076933975712308
1164,3259.8,621.6,5,3.6263979422199952,3.6263979422199952,3.6263979422199952,3.372878521697778e-07,25.080063872708557
1736,3257.3333333333335,1052.8333333333335,6,3.6254363812043344,3.6254363812043344,3.6254363812043344,3.3719841828666026e-07,25.080351800305174
1485,3232.4,775.8,5,3.625329179405722,3.625329179405722,3.625329179405722,3.3718844754848453e-07,25.080383905294088
2265,2906.0,1597.5,6,3.621437118438853,3.621437118438853,3.621437118438853,3.368264506289668e-07,25.081550150136405
398,3348.1666666666665,349.0,6,3.6176421976066884,3.6176421976066884,3.6176421976066884,3.364734886217549e-07,25.08268849470737
729,3333.6666666666665,476.8333333333333,6,3.614485870699763,3.614485870699763,3.614485870699763,3.3617992163320463e-07,25.083636193249795
686,3582.5,463.5,6,3.613213368948302,3.613213368948302,3.613213368948302,3.3606156744553104e-07,25.08401850059011
1062,3130.8333333333335,590.1666666666666,6,3.611282134795214,3.611282134795214,3.611282134795214,3.3588194517850174e-07,25.084598973202688
279,3176.5,272.0,6,3.610457530493035,3.610457530493035,3.610457530493035,3.358052495101268e-07,25.084846919761517
1934,2868.8333333333335,1693.8333333333333,6,3.6100613247892257,3.6100613247892257,3.6100613247892257,3.357683987913187e-07,25.08496607321467
1849,2838.6,1548.8,5,3.608157052860615,3.608157052860615,3.608157052860615,3.355912842553571e-07,25.08553893951391
1803,2832.1666666666665,1274.8333333333333,6,3.5960057653108426,3.5960057653108426,3.5960057653108426,3.3446110446150603e-07,25.089201573374787
690,3403.2,464.4,5,3.5867778819616225,3.5867778819616225,3.5867778819616225,3.3360282773497934e-07,25.091991314246776
1227,3408.8333333333335,647.1666666666666,6,3.5866138273168575,3.5866138273168575,3.5866138273168575,3.335875691672069e-07,25.092040975571468
176,3483.0,210.0,5,3.5835445514100073,3.5835445514100073,3.5835445514100073,3.3330209871006665e-07,25.09297050153226
1016,3174.8333333333335,577.3333333333334,6,3.5800719344702667,3.5800719344702667,3.5800719344702667,3.329791138838905e-07,25.094023139187975
1562,3261.0,840.5,6,3.5777869857530327,3.5777869857530327,3.5777869857530327,3.3276659295887524e-07,25.09471632178915
164,3362.5,198.5,4,3.573875613125452,3.573875613125452,3.573875613125452,3.3240279988000956e-07,25.095903939140157
1067,3095.3333333333335,591.6666666666666,6,3.571757973175436,3.571757973175436,3.571757973175436,3.322058401856268e-07,25.0965474645608
1073,3357.3333333333335,592.1666666666666,6,3.5713767237005687,3.5713767237005687,3.5713767237005687,3.321703805315658e-07,25.09666336223762
8,3433.0,48.166666666666664,6,3.5703623779258655,3.5703623779258655,3.5703623779258655,3.320760371877965e-07,25.096971777855575
312,3594.0,294.5,6,3.5702511840752775,3.5702511840752775,3.5702511840752775,3.320656951526319e-07,25.097005592089687
230,3289.2,245.4,5,3.569640509274169,3.569640509274169,3.569640509274169,3.320088968653722e-07,25.097191318084136
2177,3308.5,601.5,4,3.5675071709459125,3.5675071709459125,3.5675071709459125,3.318104770796361e-07,25.097840384863403
1275,3277.0,666.5,6,3.560853168870123,3.560853168870123,3.560853168870123,3.311915946226539e-07,25.099867356765536
278,3427.2,270.8,5,3.5595986027421427,3.5595986027421427,3.5595986027421427,3.310749086104033e-07,25.10024995268057
304,3305.0,288.5,6,3.5585797854894823,3.5585797854894823,3.5585797854894823,3.3098014937868675e-07,25.100560753204093
1853,2918.8333333333335,1552.3333333333333,6,3.5579088193642385,3.5579088193642385,3.5579088193642385,3.309177434522363e-07,25.100765486818368
4,3424.8333333333335,40.333333333333336,6,3.557079565715572,3.557079565715572,3.557079565715572,3.308406153525299e-07,25.101018572463666
1446,3078.6,744.2,5,3.556692499257693,3.556692499257693,3.556692499257693,3.308046146663655e-07,25.101136724145654
1595,3046.5,868.5,4,3.553312065215978,3.553312065215978,3.553312065215978,3.3049020368458737e-07,25.102169145396623
358,3331.5,321.5,4,3.5484240639777775,3.5484240639777775,3.5484240639777775,3.300355752998088e-07,25.103663732256717
1150,3198.2,616.6,5,3.546197239338724,3.546197239338724,3.546197239338724,3.2982846044048223e-07,25.104345303297173
1583,3037.2,859.4,5,3.5413060201176667,3.5413060201176667,3.5413060201176667,3.2937353275415334e-07,25.10584387746141
275,3296.5,270.5,4,3.53876054292469,3.53876054292469,3.53876054292469,3.29136780321341e-07,25.10662458110064
1035,3279.5,580.5,4,3.5355925562266606,3.5355925562266606,3.5355925562266606,3.288421288666177e-07,25.10759699455978
1949,2833.4,1735.2,5,3.5323373925196755,3.5323373925196755,3.5323373925196755,3.285393691605172e-07,25.10859707502594
1182,3135.1666666666665,627.6666666666666,6,3.529939359787969,3.529939359787969,3.529939359787969,3.283163303979772e-07,25.1093344097831
72,3288.6,103.8,5,3.5237306608089156,3.5237306608089156,3.5237306608089156,3.277388651620104e-07,25.111245758339873
1200,2967.8333333333335,637.0,6,3.5229986351077365,3.5229986351077365,3.5229986351077365,3.2767078014199395e-07,25.11147133442661
1162,3200.5,621.5,4,3.5213005822418104,3.5213005822418104,3.5213005822418104,3.2751284584654585e-07,25.11199477542562
684,3288.4,463.2,5,3.5205113899662983,3.5205113899662983,3.5205113899662983,3.2743944381737045e-07,25.112238137399224
1665,3290.0,958.1666666666666,6,3.5203685543747056,3.5203685543747056,3.5203685543747056,3.274261588137196e-07,25.11228218921501
953,2952.5,556.1666666666666,6,3.5173652019535826,3.5173652019535826,3.5173652019535826,3.2714681983780756e-07,25.11320886498028
1346,3169.8,696.4,5,3.511631195675406,3.511631195675406,3.511631195675406,3.2661350532221683e-07,25.11498027564642
1757,3022.0,1080.1666666666667,6,3.5108845224139955,3.5108845224139955,3.5108845224139955,3.265440579464389e-07,25.115211158773963
1154,3177.1666666666665,619.5,6,3.5009589846764673,3.5009589846764673,3.5009589846764673,3.2562089304328665e-07,25.118284964645486
252,3496.0,257.8,5,3.495867150432243,3.495867150432243,3.495867150432243,3.2514730634287406e-07,25.119865221080836
1355,2979.8333333333335,702.0,6,3.4936335064224093,3.4936335064224093,3.4936335064224093,3.249395572203033e-07,25.120559161426975
1648,3229.2,925.6,5,3.4911845645578996,3.4911845645578996,3.4911845645578996,3.2471178344733907e-07,25.121320499783273
1726,3028.2,1038.2,5,3.4902149533153883,3.4902149533153883,3.4902149533153883,3.2462160082021513e-07,25.12162208459721
1291,3443.8,673.6,5,3.4877656430858877,3.4877656430858877,3.4877656430858877,3.243937927859705e-07,25.122384283593128
951,3128.5,554.5,4,3.4877516500994687,3.4877516500994687,3.4877516500994687,3.2439249131150197e-07,25.122388639597517
552,3273.4,412.2,5,3.484357373230667,3.484357373230667,3.484357373230667,3.2407679282143305e-07,25.12344579161974
2258,3119.0,1057.8333333333335,6,3.4827517717951464,3.4827517717951464,3.4827517717951464,3.2392745734632636e-07,25.123946217148756
616,3604.1666666666665,436.0,6,3.4821247030995837,3.4821247030995837,3.4821247030995837,3.238691342784063e-07,25.124141721315972
1400,3206.8,720.6,5,3.4796848336178012,3.4796848336178012,3.4796848336178012,3.236422043192024e-07,25.124902746082807
407,3376.4,352.2,5,3.475833611894215,3.475833611894215,3.475833611894215,3.2328400581918265e-07,25.126105075231354
1693,3018.6,991.8,5,3.4724421619016486,3.4724421619016486,3.4724421619016486,3.229685702542061e-07,25.1271649699321
929,3199.0,547.0,5,3.471456235852383,3.471456235852383,3.471456235852383,3.2287687020229414e-07,25.127473285392025
1336,3286.1666666666665,693.0,6,3.4712356339721318,3.4712356339721318,3.4712356339721318,3.2285635222948475e-07,25.12754228325418
145,3304.2,185.4,5,3.4711365080609595,3.4711365080609595,3.4711365080609595,3.2284713262198263e-07,25.12757328838856
653,3157.1666666666665,450.5,6,3.468670623493292,3.468670623493292,3.468670623493292,3.2261778302417815e-07,25.128344866103557
1772,2976.5,1131.5,6,3.4676190802765605,3.4676190802765605,3.4676190802765605,3.2251997998141063e-07,25.128674061854824
107,3504.2,146.6,5,3.466579877144795,3.466579877144795,3.466579877144795,3.224233246783065e-07,25.128999492515135
1729,3176.5,1039.3333333333335,6,3.466357863503522,3.466357863503522,3.466357863503522,3.224026753989361e-07,25.129069029631253
1264,3128.6,661.8,5,3.465316627241444,3.465316627241444,3.465316627241444,3.223058309962993e-07,25.129395215725957
886,3056.5,536.3333333333333,6,3.4620232676180764,3.4620232676180764,3.4620232676180764,3.2199951872404265e-07,25.130427565834957
599,3369.2,429.8,5,3.4593248412298703,3.4593248412298703,3.4593248412298703,3.217485406308444e-07,25.13127415795196
1587,3233.1666666666665,861.1666666666666,6,3.4582716771536126,3.4582716771536126,3.4582716771536126,3.2165058683346113e-07,25.13160475207463
1435,3375.6,737.2,5,3.4576558619939295,3.4576558619939295,3.4576558619939295,3.2159331044629885e-07,25.131798106563174
794,3212.2,500.4,5,3.4503500894987553,3.4503500894987553,3.4503500894987553,3.209138074373627e-07,25.13409461432959
1281,3208.8333333333335,669.6666666666666,6,3.450246300247411,3.450246300247411,3.450246300247411,3.2090415409698967e-07,25.134127274621978
901,3038.8333333333335,539.0,6,3.4493195066624693,3.4493195066624693,3.4493195066624693,3.208179538998105e-07,25.13441896061606
1961,3282.3333333333335,212.83333333333334,6,3.44583266310746,3.44583266310746,3.44583266310746,3.2049364586956674e-07,25.135517063317057
1456,3157.5,750.5,4,3.444348414233687,3.444348414233687,3.444348414233687,3.203555972817679e-07,25.135984831216327
438,3440.8333333333335,367.0,6,3.4428929822995196,3.4428929822995196,3.4428929822995196,3.202202289303414e-07,25.13644371310445
608,3284.2,432.4,5,3.43559568147953,3.43559568147953,3.43559568147953,3.195415138639237e-07,25.13874740132927
62,3452.1666666666665,96.33333333333334,6,3.4338663401876435,3.4338663401876435,3.4338663401876435,3.1938066946148836e-07,25.139294055051128
943,3443.3333333333335,549.5,6,3.4321596710385425,3.4321596710385425,3.4321596710385425,3.192219337736691e-07,25.139833811970153
839,3202.6,517.2,5,3.4233745492405028,3.4233745492405028,3.4233745492405028,3.1840483788140286e-07,25.142616477686342
1099,3402.6,597.8,5,3.422776039302052,3.422776039302052,3.422776039302052,3.18349171036545e-07,25.142806313975314
156,3351.2,191.6,5,3.422720705914886,3.422720705914886,3.422720705914886,3.183440245303955e-07,25.14282386637918
183,3264.2,216.4,5,3.4207144609417046,3.4207144609417046,3.4207144609417046,3.181574255777398e-07,25.14346046271196
569,3223.0,418.5,6,3.420271954000535,3.420271954000535,3.420271954000535,3.1811626842451635e-07,25.14360092368598
330,3409.8,304.6,5,3.4157027453045874,3.4157027453045874,3.4157027453045874,3.17691290633406e-07,25.145052349785495
1229,3070.3333333333335,648.1666666666666,6,3.4152140125085086,3.4152140125085086,3.4152140125085086,3.176458340570179e-07,25.145207712502057
274,3290.4,270.8,5,3.4146574387024433,3.4146574387024433,3.4146574387024433,3.1759406765227885e-07,25.14538466819954
188,3085.6,219.2,5,3.4047270885573875,3.4047270885573875,3.4047270885573875,3.1667045515164155e-07,25.148546756583393
474,3295.8,380.6,5,3.4036997274459484,3.4036997274459484,3.4036997274459484,3.165749012636786e-07,25.148874422046404
2239,3198.8,724.4,5,3.402667777404293,3.402667777404293,3.402667777404293,3.164789205636445e-07,25.149203650678125
551,3185.8,412.6,5,3.3997310603740836,3.3997310603740836,3.3997310603740836,3.1620577928259045e-07,25.150141114145633
327,3449.6666666666665,304.6666666666667,6,3.397496050933067,3.397496050933067,3.397496050933067,3.1599790316255323e-07,25.15085512022953
987,3137.0,566.5,6,3.396616813756168,3.396616813756168,3.396616813756168,3.159161261420306e-07,25.151136134001266
1279,3061.5,670.6666666666666,6,3.3941076179848366,3.3941076179848366,3.3941076179848366,3.1568274821002467e-07,25.15193850047781
632,3341.6,440.8,5,3.393727271263966,3.393727271263966,3.393727271263966,3.156473725202614e-07,25.152060175861017
429,3261.2,363.6,5,3.393572840471,3.393572840471,3.393572840471,3.156330090578675e-07,25.15210958316593
202,3425.2,227.6,5,3.3914172179012074,3.3914172179012074,3.3914172179012074,3.154325166358447e-07,25.152799469967952
2006,3296.5,423.5,4,3.3857289816457605,3.3857289816457605,3.3857289816457605,3.149034591468976e-07,25.154622044046235
385,3256.5,338.5,4,3.382895977166543,3.382895977166543,3.382895977166543,3.1463996407238907e-07,25.155530912754326
1856,2903.0,1559.8333333333333,6,3.3799461572360485,3.3799461572360485,3.3799461572360485,3.143656041029383e-07,25.15647806675719
299,3434.8333333333335,285.33333333333337,6,3.378236123591571,3.378236123591571,3.378236123591571,3.1420655548657744e-07,25.15702751789705
996,3045.0,570.0,5,3.377933523948463,3.377933523948463,3.377933523948463,3.141784109791854e-07,25.15712477519088
731,3455.8,476.4,5,3.3757445287848826,3.3757445287848826,3.3757445287848826,3.1397481460369165e-07,25.15782859061288
1825,2866.3333333333335,1441.8333333333333,6,3.3743448553892677,3.3743448553892677,3.3743448553892677,3.1384463230134423e-07,25.15827885905104
2031,3282.2,455.2,5,3.3737443797511304,3.3737443797511304,3.3737443797511304,3.137887826286126e-07,25.158472086532008
1617,2887.5,887.5,4,3.3727467834376137,3.3727467834376137,3.3727467834376137,3.1369599713643006e-07,25.158793179798717
1543,3221.4,826.2,5,3.369827916993353,3.369827916993353,3.369827916993353,3.1342451612153836e-07,25.15973321214961
1452,3368.4,745.8,5,3.368483726419572,3.368483726419572,3.368483726419572,3.1329949422411803e-07,25.160166387837716
1524,3276.6,807.2,5,3.367866626102435,3.367866626102435,3.367866626102435,3.132420983056731e-07,25.16036531102998
613,3239.5,433.5,4,3.367367784770689,3.367367784770689,3.367367784770689,3.13195701543917e-07,25.160526139907567
29,3382.5,68.83333333333333,6,3.3666264210881143,3.3666264210881143,3.3666264210881143,3.1312674800705854e-07,25.16076520319444
117,3302.5,159.0,6,3.3665660841361644,3.3665660841361644,3.3665660841361644,3.131211361240678e-07,25.16078466202119
1251,2895.2,658.4,5,3.365510579578866,3.365510579578866,3.365510579578866,3.1302296464075045e-07,25.161125121460017
938,3457.6,548.2,5,3.3641840802045744,3.3641840802045744,3.3641840802045744,3.1289958818510824e-07,25.161553143380097
1688,3238.5,986.6666666666666,6,3.361453935407366,3.361453935407366,3.361453935407366,3.126456599926057e-07,25.162434611340903
817,3412.6,507.2,5,3.3607634672885602,3.3607634672885602,3.3607634672885602,3.125814402041285e-07,25.16265765269543
1299,3325.6,678.2,5,3.359201077143588,3.359201077143588,3.359201077143588,3.1243612377039857e-07,25.16316251951897
1518,3378.4,799.8,5,3.357255358928139,3.357255358928139,3.357255358928139,3.122551543543905e-07,25.163791582415445
1597,3176.2,871.4,5,3.3571408567412484,3.3571408567412484,3.3571408567412484,3.122445046139868e-07,25.16382861304809
285,3270.8,273.4,5,3.356819003244585,3.356819003244585,3.356819003244585,3.122145693238359e-07,25.163932708991915
969,3350.5,560.5,4,3.355835997481641,3.355835997481641,3.355835997481641,3.121231408850003e-07,25.164250700890452
259,3363.0,263.33333333333337,6,3.3551063916522876,3.3551063916522876,3.3551063916522876,3.120552809349799e-07,25.16448678083908
1419,3384.4,730.2,5,3.3545043359966433,3.3545043359966433,3.3545043359966433,3.1199928430631023e-07,25.164681627798437
1636,3174.4,913.2,5,3.354496331500704,3.354496331500704,3.354496331500704,3.1199853981569276e-07,25.16468421857804
1466,3190.8,760.6,5,3.3525878372758786,3.3525878372758786,3.3525878372758786,3.1182103256794277e-07,25.165302108940004
1625,3220.0,901.1666666666666,6,3.3520598146814207,3.3520598146814207,3.3520598146814207,3.117719216844657e-07,25.165473122624444
1294,3437.6,675.8,5,3.348808736939316,3.348808736939316,3.348808736939316,3.114695420101048e-07,25.166526661597448
865,3102.2,528.4,5,3.3450322874376486,3.3450322874376486,3.3450322874376486,3.111182980039202e-07,25.16775173651915
1217,3252.5,643.5,4,3.3441322548224974,3.3441322548224974,3.3441322548224974,3.110345868193001e-07,25.168043909927494
1854,2827.6,1553.2,5,3.3440253269553963,3.3440253269553963,3.3440253269553963,3.110246415592359e-07,25.168078626650356
1321,2896.8,687.4,5,3.343952810488015,3.343952810488015,3.343952810488015,3.110178968710027e-07,25.16810217151024
1088,3377.4,595.8,5,3.339586355183286,3.339586355183286,3.339586355183286,3.106117769815716e-07,25.169520826856694
957,3216.0,557.4,5,3.333475468776406,3.333475468776406,3.333475468776406,3.1004340920068537e-07,25.17150936304737
364,2907.8,325.6,5,3.3283168302216803,3.3283168302216803,3.3283168302216803,3.095636090943632e-07,25.17319086901881
1074,2937.0,592.5,6,3.328226277103235,3.328226277103235,3.328226277103235,3.0955518683422674e-07,25.17322040891589
1639,3066.5,915.5,4,3.3281977698698455,3.3281977698698455,3.3281977698698455,3.0955253540333734e-07,25.17322970860448
150,3275.0,187.83333333333334,6,3.3266268022206043,3.3266268022206043,3.3266268022206043,3.094064211840257e-07,25.173742316101944
282,3220.4,273.4,5,3.322800219276945,3.322800219276945,3.322800219276945,3.090505143136875e-07,25.17499194560766
378,3274.0,334.8,5,3.318062628835733,3.318062628835733,3.318062628835733,3.0860987549526867e-07,25.17654107392294
1878,2897.1666666666665,1594.8333333333333,6,3.3138739267335273,3.3138739267335273,3.3138739267335273,3.082202882635466e-07,25.177912566575177
1482,3210.3333333333335,775.5,6,3.3115033915977676,3.3115033915977676,3.3115033915977676,3.079998070264698e-07,25.17868951128571
258,3296.6,263.2,5,3.3076241643868185,3.3076241643868185,3.3076241643868185,3.0763900376248535e-07,25.1799621315445
135,3410.5,178.5,4,3.307285031814256,3.307285031814256,3.307285031814256,3.076074613617828e-07,25.180073458397715
992,3164.0,569.0,5,3.2987740098317637,3.2987740098317637,3.2987740098317637,3.0681585923482835e-07,25.182871111207202
2240,3399.2,720.8,5,3.2959095237861513,3.2959095237861513,3.2959095237861513,3.0654943608952304e-07,25.183814318379305
384,3482.8,337.6,5,3.295815676502413,3.295815676502413,3.295815676502413,3.0654070744217975e-07,25.18384523392587
1621,3038.6,898.2,5,3.2955401341398907,3.2955401341398907,3.2955401341398907,3.0651507950693446e-07,25.183936009277012
1784,2998.5,1182.5,4,3.2902871674827185,3.2902871674827185,3.2902871674827185,3.0602650603277443e-07,25.18566801257147
449,3109.3333333333335,372.1666666666667,6,3.2828082644601007,3.2828082644601007,3.2828082644601007,3.0533090031677834e-07,25.188138726520993
1372,3270.2,709.4,5,3.2819316370623284,3.2819316370623284,3.2819316370623284,3.0524936602935074e-07,25.188428695696853
1509,3240.6,791.8,5,3.2787192672689995,3.2787192672689995,3.2787192672689995,3.0495058654479597e-07,25.189491939730804
386,2974.2,339.6,5,3.278077354197827,3.278077354197827,3.278077354197827,3.048908828155017e-07,25.189704527768573
1652,3018.4,941.2,5,3.2773360520638315,3.2773360520638315,3.2773360520638315,3.0482193500321854e-07,25.189950083165034
811,3105.0,505.75,4,3.2748390151915183,3.2748390151915183,3.2748390151915183,3.0458968795894197e-07,25.190777632319417
391,3575.8,341.4,5,3.2706359619273497,3.2706359619273497,3.2706359619273497,3.041987659391819e-07,25.192172002550027
660,3423.4,452.8,5,3.2701926659272003,3.2701926659272003,3.2701926659272003,3.0415753539632687e-07,25.19231917121776
2194,3240.0,623.8,5,3.2663691706060263,3.2663691706060263,3.2663691706060263,3.038019157028438e-07,25.193589352048665
1963,3375.8,213.6,5,3.2626497080089094,3.2626497080089094,3.2626497080089094,3.034559719949011e-07,25.194826400283898
1332,3062.8,691.6,5,3.257604325037139,3.257604325037139,3.257604325037139,3.029867056835264e-07,25.196506689433647
1926,2833.0,1672.5,6,3.25697704109618,3.25697704109618,3.25697704109618,3.02928362595835e-07,25.19671577881305
333,3331.0,307.0,5,3.251617387575064,3.251617387575064,3.251617387575064,3.024298662770872e-07,25.198503928697626
218,2960.4,240.2,5,3.2510820654727866,3.2510820654727866,3.2510820654727866,3.0238007647327277e-07,25.19868269094649
1573,3405.6,850.2,5,3.2502176245148187,3.2502176245148187,3.2502176245148187,3.022996756351171e-07,25.198971419322426
1368,3028.8,708.0,5,3.2501710075842216,3.2501710075842216,3.2501710075842216,3.022953398383716e-07,25.198986991834214
627,3215.2,439.4,5,3.242580010289929,3.242580010289929,3.242580010289929,3.0158930833989486e-07,25.201525769102965
1503,3216.5,788.6666666666666,6,3.2414258124407596,3.2414258124407596,3.2414258124407596,3.014819574865886e-07,25.201912306203575
1602,3040.6,876.8,5,3.2353999303350163,3.2353999303350163,3.2353999303350163,3.009214958755746e-07,25.203932592224962
369,3231.8,330.2,5,3.235028522622737,3.235028522622737,3.235028522622737,3.0088695159456905e-07,25.204057236459366
776,3012.0,495.0,5,3.233658622961538,3.233658622961538,3.233658622961538,3.0075953851917695e-07,25.204517097833957
591,3442.2,426.0,5,3.2316506982316593,3.2316506982316593,3.2316506982316593,3.0057278333393526e-07,25.205191489897025
1218,3052.4,645.4,5,3.22996787269844,3.22996787269844,3.22996787269844,3.004162653183397e-07,25.205757015277072
2270,2893.8,1601.6,5,3.2295072062539925,3.2295072062539925,3.2295072062539925,3.0037341916684447e-07,25.20591187685074
1714,3193.4,1021.8,5,3.2282712500498456,3.2282712500498456,3.2282712500498456,3.002584640460566e-07,25.206327475627877
822,3184.2,509.4,5,3.2282487643233573,3.2282487643233573,3.2282487643233573,3.002563726698446e-07,25.206335038081733
1223,3238.6,646.4,5,3.227389796910412,3.227389796910412,3.227389796910412,3.0017648092094877e-07,25.20662396752399
52,3442.6,91.2,5,3.226018043152993,3.226018043152993,3.226018043152993,3.00048895397816e-07,25.207085541556737
734,3296.8,479.0,5,3.218928753159787,3.218928753159787,3.218928753159787,2.9938952722220063e-07,25.20947411113203
1807,2946.6,1316.8,5,3.2168924916120485,3.2168924916120485,3.2168924916120485,2.992001364562572e-07,25.21016115412916
1534,3302.6666666666665,819.1666666666666,6,3.216175036460295,3.216175036460295,3.216175036460295,2.9913340662929977e-07,25.210403330053282
1473,3183.0,766.6,5,3.214921098164303,3.214921098164303,3.214921098164303,2.990167790111102e-07,25.21082672481998
845,2917.5,519.5,4,3.213648593308423,3.213648593308423,3.213648593308423,2.988984245346976e-07,25.21125655748171
1516,3070.6,799.8,5,3.213625682509003,3.213625682509003,3.213625682509003,2.9889629362285314e-07,25.211264297958724
152,3339.2,188.6,5,3.213438322679506,3.213438322679506,3.213438322679506,2.9887886746183027e-07,25.211327600066838
1362,3119.2,704.4,5,3.212644508949233,3.212644508949233,3.212644508949233,2.9880503559550657e-07,25.21159584195969
446,3337.8,369.4,5,3.2073381709747792,3.2073381709747792,3.2073381709747792,2.983114981054663e-07,25.213390639501284
1006,3211.2,573.4,5,3.206177301498954,3.206177301498954,3.206177301498954,2.982035267304575e-07,25.21378368385834
889,3091.6,537.2,5,3.205902289167909,3.205902289167909,3.205902289167909,2.9817794809294e-07,25.21387681771313
1478,3056.2,770.6,5,3.2058665160605213,3.2058665160605213,3.2058665160605213,2.981746208699632e-07,25.213888932983977
1985,3313.8,355.6,5,3.2031626253091723,3.2031626253091723,3.2031626253091723,2.979231345415031e-07,25.21480505060238
902,3146.5,538.5,4,3.2013076464786536,3.2013076464786536,3.2013076464786536,2.9775060471010154e-07,25.21543399184067
1610,3332.4,879.8,5,3.201027175829153,3.201027175829153,3.201027175829153,2.9772451839953276e-07,25.215529118742708
581,3170.2,423.4,5,3.2004247142889692,3.2004247142889692,3.2004247142889692,2.9766848401992497e-07,25.215733483102333
884,2902.5,534.5,4,3.19960731773907,3.19960731773907,3.19960731773907,2.975924587377912e-07,25.216010818286986
1876,2815.6,1593.2,5,3.1988035186094033,3.1988035186094033,3.1988035186094033,2.9751769813888815e-07,25.21628360909187
1706,3111.2,1003.2,5,3.197508776411029,3.197508776411029,3.197508776411029,2.9739727538822444e-07,25.216723158768296
1049,3018.1666666666665,587.8333333333334,6,3.1968953151451225,3.1968953151451225,3.1968953151451225,2.973402179345021e-07,25.21693148376594
1945,2867.2,1713.4,5,3.186663546336394,3.186663546336394,3.186663546336394,2.963885707682562e-07,25.220411990984154
64,3316.8,97.4,5,3.1857357458916065,3.1857357458916065,3.1857357458916065,2.9630227692399237e-07,25.220728150249954
567,2951.5,418.5,4,3.185453186062966,3.185453186062966,3.185453186062966,2.962759963008423e-07,25.220824454233227
272,3339.2,269.6,5,3.1846114561770955,3.1846114561770955,3.1846114561770955,2.9619770779808123e-07,25.221111389034792
850,3523.5,519.5,4,3.183302052732142,3.183302052732142,3.183302052732142,2.9607592141870174e-07,25.221557898474618
245,3332.3333333333335,254.5,6,3.1823966588135635,3.1823966588135635,3.1823966588135635,2.959917115843067e-07,25.22186674719905
1250,3206.5,657.5,4,3.180102258970809,3.180102258970809,3.180102258970809,2.9577831161902113e-07,25.22264980842001
1135,3198.5,611.5,4,3.179703307424706,3.179703307424706,3.179703307424706,2.9574120551201114e-07,25.22278602520639
1866,2923.2,1576.6,5,3.1781504329478474,3.1781504329478474,3.1781504329478474,2.9559677412159727e-07,25.223316396662963
180,3435.6,214.8,5,3.177929929179157,3.177929929179157,3.177929929179157,2.955762652740516e-07,25.223391728915363
1248,3151.0,656.8,5,3.177677974179417,3.177677974179417,3.177677974179417,2.9555283117717094e-07,25.223477812471646
1519,3137.4,801.2,5,3.173949589897237,3.173949589897237,3.173949589897237,2.952060576717155e-07,25.224752459709542
1831,2818.4,1469.2,5,3.1695821385888947,3.1695821385888947,3.1695821385888947,2.947998451449278e-07,25.22624749463967
871,3206.8,531.0,5,3.167504264029663,3.167504264029663,3.167504264029663,2.94606583992035e-07,25.22695950125452
1205,3308.8,638.8,5,3.167220871906892,3.167220871906892,3.167220871906892,2.945802259579929e-07,25.227056644881568
543,3134.2,408.6,5,3.164003554587766,3.164003554587766,3.164003554587766,2.9428098630873026e-07,25.228160114909144
975,2938.0,562.5,6,3.1631827120805527,3.1631827120805527,3.1631827120805527,2.94204640521357e-07,25.228441825734755
936,3341.0,548.5,4,3.16316401491947,3.16316401491947,3.16316401491947,2.9420290151603996e-07,25.22844824339904
337,3352.5,307.5,4,3.1617368426445793,3.1617368426445793,3.1617368426445793,2.9407016156886816e-07,25.228938221873157
486,3205.8,385.4,5,3.156790497294372,3.156790497294372,3.156790497294372,2.9361010665326226e-07,25.230638120294444
570,3413.0,418.75,4,3.1549841548323405,3.1549841548323405,3.1549841548323405,2.9344210044461967e-07,25.231259565631404
1545,3096.0,829.0,5,3.154416646033688,3.154416646033688,3.154416646033688,2.9338931698653405e-07,25.231454882071212
66,3542.4,99.8,5,3.152431187199623,3.152431187199623,3.152431187199623,2.9320465133307203e-07,25.232138483346343
286,3258.2,274.4,5,3.1459156900385716,3.1459156900385716,3.1459156900385716,2.925986510875711e-07,25.23438482316251
147,3407.6,186.8,5,3.1454465369417988,3.1454465369417988,3.1454465369417988,2.925550156005478e-07,25.23454675200568
1140,3293.8,613.4,5,3.1407400148693476,3.1407400148693476,3.1407400148693476,2.921172664218035e-07,25.236172552425465
913,3222.0,542.5,4,3.1399908858704464,3.1399908858704464,3.1399908858704464,2.920475906401978e-07,25.236431553007673
1740,3048.8,1057.6,5,3.1376343890418017,3.1376343890418017,3.1376343890418017,2.918284150928248e-07,25.237246680999995
823,3195.0,510.2,5,3.130954825836721,3.130954825836721,3.130954825836721,2.912071552193166e-07,25.239560517845867
529,3387.2,402.6,5,3.1288306554661505,3.1288306554661505,3.1288306554661505,2.910095881366776e-07,25.24029737656788
598,3423.5,428.5,4,3.1285720472971175,3.1285720472971175,3.1285720472971175,2.9098553523479636e-07,25.24038711995358
464,3181.5,376.5,4,3.124159588711062,3.124159588711062,3.124159588711062,2.905751366235596e-07,25.241919495597706
2034,3248.4,443.2,5,3.1231431902017626,3.1231431902017626,3.1231431902017626,2.9048060235688167e-07,25.24227278107427
1781,2871.4,1174.2,5,3.118172173957754,3.118172173957754,3.118172173957754,2.9001825282471306e-07,25.24400229260731
1258,3134.4,660.2,5,3.117855696008478,3.117855696008478,3.117855696008478,2.8998881750915443e-07,25.244112494670222
1896,2878.0,1623.5,6,3.11715838093015,3.11715838093015,3.11715838093015,2.899239608914301e-07,25.24435534904729
294,3199.0,281.75,4,3.1170324227353516,3.1170324227353516,3.1170324227353516,2.899122456385363e-07,25.244399222382803
1198,3198.0,636.0,5,3.1164792928762353,3.1164792928762353,3.1164792928762353,2.8986079955205464e-07,25.24459190770785
1558,3267.6,837.8,5,3.115168319572299,3.115168319572299,3.115168319572299,2.8973886716157187e-07,25.24504872789059
761,3048.6666666666665,491.6666666666667,6,3.112593418867452,3.112593418867452,3.112593418867452,2.8949937807567293e-07,25.245946534581222
638,3096.0,443.0,5,3.1121822001792934,3.1121822001792934,3.1121822001792934,2.894611310133507e-07,25.246089985540998
1540,3331.8333333333335,821.5,6,3.109837369636191,3.109837369636191,3.109837369636191,2.892430405361923e-07,25.246908326758547
1008,3449.4,574.2,5,3.1070078264518886,3.1070078264518886,3.1070078264518886,2.8897986739345917e-07,25.247896653664995
1924,2900.2,1669.6,5,3.1027494966950844,3.1027494966950844,3.1027494966950844,2.8858380415925605e-07,25.249385737142134
680,3058.0,462.8333333333333,6,3.102154465478711,3.102154465478711,3.102154465478711,2.885284608670575e-07,25.249593974671836
1103,3381.2,598.6,5,3.101435191380073,3.101435191380073,3.101435191380073,2.88461561861566e-07,25.249845745655005
1830,2940.3333333333335,1464.8333333333333,6,3.09895264206246,3.09895264206246,3.09895264206246,2.882306622910873e-07,25.250715173145885
1790,3015.0,1198.0,5,3.0968171151322204,3.0968171151322204,3.0968171151322204,2.880320389455451e-07,25.251463625424485
1451,3160.8,745.8,5,3.0961029881420954,3.0961029881420954,3.0961029881420954,2.879656186677616e-07,25.251714025403324
1428,3283.0,734.0,5,3.092327690581282,3.092327690581282,3.092327690581282,2.8761448180250926e-07,25.25303874825046
283,3306.5,272.5,4,3.087271444370324,3.087271444370324,3.087271444370324,2.87144205111504e-07,25.254815481878843
785,3346.0,497.8,5,3.080735999366201,3.080735999366201,3.080735999366201,2.865363495359339e-07,25.257116313054993
1359,3388.2,702.8,5,3.0739404852568306,3.0739404852568306,3.0739404852568306,2.859043051781832e-07,25.259513884630074
1397,3074.8,719.6,5,3.0727299644764043,3.0727299644764043,3.0727299644764043,2.8579171578216483e-07,25.25994153282292
91,3435.6,126.8,5,3.0709154651164927,3.0709154651164927,3.0709154651164927,2.85622950908144e-07,25.260582867915716
1691,3136.2,989.6,5,3.0698251307078297,3.0698251307078297,3.0698251307078297,2.8552153993320294e-07,25.26096842908273
1819,2966.4,1416.8,5,3.06851500074309,3.06851500074309,3.06851500074309,2.8539968598090346e-07,25.261431894947044
178,3305.6,211.2,5,3.0667871085205203,3.0667871085205203,3.0667871085205203,2.8523897635503854e-07,25.262043449247113
349,3292.8,314.4,5,3.0659241605190193,3.0659241605190193,3.0659241605190193,2.851587143753557e-07,25.2623490021594
1670,3138.6,964.0,5,3.064536755980033,3.064536755980033,3.064536755980033,2.8502967318779126e-07,25.262840435147837
1065,3417.5,589.5,4,3.06426009322269,3.06426009322269,3.06426009322269,2.850039410456804e-07,25.262938458554306
1904,2855.4,1634.8,5,3.0619910329038014,3.0619910329038014,3.0619910329038014,2.847928978856093e-07,25.263742735428018
85,3359.8,115.4,5,3.057877211315716,3.057877211315716,3.057877211315716,2.844102752198779e-07,25.265202415778187
698,3579.2,466.6,5,3.0575525369614,3.0575525369614,3.0575525369614,2.843800775644174e-07,25.265317701446108
1712,3011.2,1020.6,5,3.0527342885480153,3.0527342885480153,3.0527342885480153,2.839319368240837e-07,25.267030009879285
1337,3080.5,693.5,4,3.0515676204100206,3.0515676204100206,3.0515676204100206,2.838234261209759e-07,25.267445026656198
1316,3214.8,685.6,5,3.049889744381419,3.049889744381419,3.049889744381419,2.8366736845413643e-07,25.26804217277666
1728,3098.4,1039.8,5,3.0470161117404158,3.0470161117404158,3.0470161117404158,2.8340009459262097e-07,25.269065645109073
396,3170.6,349.2,5,3.046283770557247,3.046283770557247,3.046283770557247,2.833319802299222e-07,25.269326629914023
804,3036.6,504.8,5,3.044711517730837,3.044711517730837,3.044711517730837,2.8318574647749424e-07,25.269887146471262
1747,3195.2,1061.4,5,3.044165547528082,3.044165547528082,3.044165547528082,2.831349663038978e-07,25.27008185548282
1893,2893.2,1621.4,5,3.039332570666767,3.039332570666767,3.039332570666767,2.8268545568451404e-07,25.271806961320635
1310,3239.4,682.2,5,3.036689158074127,3.036689158074127,3.036689158074127,2.824395943725522e-07,25.27275167451132
1675,3136.5,972.5,4,3.03595534316623,3.03595534316623,3.03595534316623,2.823713429401064e-07,25.273014074003605
1580,3110.5,856.5,4,3.033660672270823,3.033660672270823,3.033660672270823,2.821579177644693e-07,25.27383501799133
1391,3504.6,716.8,5,3.0307513343976793,3.0307513343976793,3.0307513343976793,2.818873229929898e-07,25.274876759119607
47,3225.6,89.2,5,3.0305047159163534,3.0305047159163534,3.0305047159163534,2.818643852406534e-07,25.274965111306635
827,3471.0,511.8,5,3.029649933161692,3.029649933161692,3.029649933161692,2.8178488270287763e-07,25.27527139675439
1716,3131.4,1024.2,5,3.027817412983414,3.027817412983414,3.027817412983414,2.816144417295379e-07,25.27592831604112
302,3379.6,286.4,5,3.0276876086444817,3.0276876086444817,3.0276876086444817,2.8160236875040586e-07,25.275974863197742
1285,3241.6,672.8,5,3.02566489002929,3.02566489002929,3.02566489002929,2.814142375998449e-07,25.276700457458038
1880,2843.6,1597.8,5,3.024106376812286,3.024106376812286,3.024106376812286,2.812692817555286e-07,25.277259861834864
2255,3091.4,844.2,5,3.0239190445923034,3.0239190445923034,3.0239190445923034,2.812518581624406e-07,25.27732712126565
1816,2905.5,1376.5,4,3.0215880895438243,3.0215880895438243,3.0215880895438243,2.810350582319497e-07,25.278164371923722
1792,3024.2,1209.4,5,3.0198617490350266,3.0198617490350266,3.0198617490350266,2.808744929295191e-07,25.278784868822058
191,3383.5,218.5,4,3.0167614292148532,3.0167614292148532,3.0167614292148532,2.805861351072815e-07,25.27990010483122
1821,2920.0,1424.2,5,3.01610118623641,3.01610118623641,3.01610118623641,2.805247265306009e-07,25.280137753110054
229,3149.8,245.2,5,3.0155825607344577,3.0155825607344577,3.0155825607344577,2.804764896618344e-07,25.280324463988535
1629,3176.6,904.8,5,3.0153098914184624,3.0153098914184624,3.0153098914184624,2.8045112894593666e-07,25.28042264081754
22,3454.8,64.8,5,3.01528247372554,3.01528247372554,3.01528247372554,2.8044857885217844e-07,25.28043251327452
1753,3043.6,1074.8,5,3.008059079826598,3.008059079826598,3.008059079826598,2.7977673779877796e-07,25.283036617314536
65,3277.2,99.4,5,3.0062702892548194,3.0062702892548194,3.0062702892548194,2.7961036407489274e-07,25.283682459809885
701,3203.8,468.4,5,3.000974256067421,3.000974256067421,3.000974256067421,2.79117785023377e-07,25.2855968471532
1731,3038.0,1044.0,5,3.000874616361627,3.000874616361627,3.000874616361627,2.7910851762832177e-07,25.285632896856654
1508,3120.6,792.2,5,3.000349913800834,3.000349913800834,3.000349913800834,2.7905971553804436e-07,25.28582275429844
1263,3176.2,661.2,5,3.000246328564703,3.000246328564703,3.000246328564703,2.7905008117293393e-07,25.285860239320463
1995,3044.8,397.4,5,2.9994554035404377,2.9994554035404377,2.9994554035404377,2.789765179824313e-07,25.286146498863825
796,3355.8,500.8,5,2.997767125868947,2.997767125868947,2.997767125868947,2.7881949286859763e-07,25.286757789917658
868,3402.2,528.6,5,2.9957252624315514,2.9957252624315514,2.9957252624315514,2.78629581076181e-07,25.287497567329993
281,3245.5,271.5,4,2.9869313171558955,2.9869313171558955,2.9869313171558955,2.77811664520584e-07,25.290689430850122
1071,3480.0,590.25,4,2.9831788645191195,2.9831788645191195,2.9831788645191195,2.7746265244016897e-07,25.292054288146527
1550,3303.8,831.0,5,2.983099561754123,2.983099561754123,2.983099561754123,2.774552765647954e-07,25.292083150990983
436,3303.2,367.0,5,2.979773667693811,2.979773667693811,2.979773667693811,2.771459382952452e-07,25.293294326821826
137,3115.8,179.6,5,2.97879357402899,2.97879357402899,2.97879357402899,2.7705478070790925e-07,25.29365150100226
463,3092.0,376.75,4,2.9777972067874754,2.9777972067874754,2.9777972067874754,2.7696210953055437e-07,25.294014726221935
620,3032.8,437.6,5,2.9757511842552304,2.9757511842552304,2.9757511842552304,2.7677181090464867e-07,25.294760983976317
821,3023.4,509.8,5,2.973764047196022,2.973764047196022,2.973764047196022,2.7658698916104897e-07,25.29548625541283
466,3255.4,378.2,5,2.97363155796441,2.97363155796441,2.97363155796441,2.7657466646258124e-07,25.295534628975
277,3370.5,270.5,4,2.9731819892461093,2.9731819892461093,2.9731819892461093,2.7653285250012745e-07,25.29569878849708
1535,3280.2,819.8,5,2.970951895885494,2.970951895885494,2.970951895885494,2.7632543362009153e-07,25.29651347176701
1318,3314.0,687.0,5,2.9691947151874807,2.9691947151874807,2.9691947151874807,2.761619999007506e-07,25.297155824517773
1019,3146.6,578.4,5,2.965142960847894,2.965142960847894,2.965142960847894,2.7578515005126e-07,25.298638428745242
1847,2916.8,1530.4,5,2.962689483937387,2.962689483937387,2.962689483937387,2.7555695447794504e-07,25.29953718183457
1395,2991.5,718.5,4,2.961365844181425,2.961365844181425,2.961365844181425,2.7543384399270646e-07,25.300022364213675
1121,3419.0,604.5,4,2.9611703996217065,2.9611703996217065,2.9611703996217065,2.7541566587855127e-07,25.300094023119875
1713,3138.6,1021.8,5,2.960937736035063,2.960937736035063,2.960937736035063,2.75394026057807e-07,25.300179334388734
1843,2872.4,1515.2,5,2.9564201299622783,2.9564201299622783,2.9564201299622783,2.7497384777800523e-07,25.301837145031957
1717,3189.8,1026.4,5,2.955374344843055,2.955374344843055,2.955374344843055,2.748765802904558e-07,25.302221274346
207,3247.6,232.2,5,2.954917589265329,2.954917589265329,2.954917589265329,2.748340978849856e-07,25.30238908875313
1440,3119.5,739.0,4,2.952606421619201,2.952606421619201,2.952606421619201,2.746191383621238e-07,25.303238621827244
1312,3384.5,681.5,4,2.951717126341717,2.951717126341717,2.951717126341717,2.745364258471526e-07,25.30356568387896
1709,3059.2,1009.8,5,2.9514621205099227,2.9514621205099227,2.9514621205099227,2.7451270799526013e-07,25.303659487252563
256,2975.8,260.6,5,2.946261229344555,2.946261229344555,2.946261229344555,2.7402897801347505e-07,25.305574394739413
777,3030.5,494.5,4,2.9450417315423456,2.9450417315423456,2.9450417315423456,2.739155536731278e-07,25.306023888830342
1947,2839.0,1726.2,5,2.944998814837061,2.944998814837061,2.944998814837061,2.739115620308485e-07,25.306039710867676
1255,3012.2,659.4,5,2.9446502377791535,2.9446502377791535,2.9446502377791535,2.738791412074721e-07,25.306168228790895
751,3364.0,485.5,4,2.94460144707851,2.94460144707851,2.94460144707851,2.7387460323042486e-07,25.30618621879471
1682,3120.4,979.8,5,2.944231381997256,2.944231381997256,2.944231381997256,2.738401838262646e-07,25.306322678113233
170,3454.8,203.6,5,2.943999559222166,2.943999559222166,2.943999559222166,2.7381862220860985e-07,25.30640817013372
880,3044.6,533.8,5,2.9430478446353447,2.9430478446353447,2.9430478446353447,2.737301041325514e-07,25.30675921571621
1119,3198.5,604.5,4,2.942949572841208,2.942949572841208,2.942949572841208,2.7372096396566917e-07,25.306795470317507
609,3020.4,434.4,5,2.941187013811405,2.941187013811405,2.941187013811405,2.7355703001276145e-07,25.307445922318657
1348,3281.4,697.8,5,2.935817441377708,2.935817441377708,2.935817441377708,2.7305761114531e-07,25.30942990611925
1108,3425.75,600.0,4,2.9287826615781336,2.9287826615781336,2.9287826615781336,2.7240331291138996e-07,25.31203465960633
409,3287.5,352.5,4,2.926591737871659,2.926591737871659,2.926591737871659,2.721995371639406e-07,25.312847166250215
621,3414.8,438.2,5,2.9211414189988574,2.9211414189988574,2.9211414189988574,2.716926081463485e-07,25.314871065112378
1774,2955.2,1141.2,5,2.920915461442741,2.920915461442741,2.920915461442741,2.7167159204717836e-07,25.314955052757334
306,3208.5,290.5,4,2.919781877357172,2.919781877357172,2.919781877357172,2.715661584605816e-07,25.31537650013832
1401,3214.5,720.5,4,2.9162886263284165,2.9162886263284165,2.9162886263284165,2.712412544772483e-07,25.316676261532493
1450,3199.6,745.2,5,2.91515455394541,2.91515455394541,2.91515455394541,2.7113577547456747e-07,25.317098559554616
756,3138.5,487.5,4,2.9135293688447383,2.9135293688447383,2.9135293688447383,2.7098461854123646e-07,25.317704021223953
1204,3155.2,638.6,5,2.9123305724891235,2.9123305724891235,2.9123305724891235,2.7087311962291123e-07,25.31815084852049
27,3263.8,69.6,5,2.9114001662609925,2.9114001662609925,2.9114001662609925,2.7078658341719644e-07,25.318497765567628
1690,3092.5,989.5,4,2.9095195804152874,2.9095195804152874,2.9095195804152874,2.7061167190146507e-07,25.319199311130433
228,3427.8,243.6,5,2.90744615682676,2.90744615682676,2.90744615682676,2.7041882472915934e-07,25.31997331986794
1664,3221.5,956.5,4,2.9050074455053068,2.9050074455053068,2.9050074455053068,2.701920024893553e-07,25.320884397189563
296,3172.5,283.5,4,2.900594242952681,2.900594242952681,2.900594242952681,2.697815346824896e-07,25.322535070098375
1898,2907.6,1627.2,5,2.8998149667103603,2.8998149667103603,2.8998149667103603,2.697090549342085e-07,25.32282680414827
405,3420.2,350.6,5,2.899475240936879,2.899475240936879,2.899475240936879,2.69677457360448e-07,25.3229540102577
1871,2831.0,1587.0,5,2.8993992252584224,2.8993992252584224,2.8993992252584224,2.6967038721389306e-07,25.322982475427867
915,3503.6,543.8,5,2.898910824689081,2.898910824689081,2.898910824689081,2.6962496153760043e-07,25.32316538188759
136,3416.0,179.0,5,2.8982460117401607,2.8982460117401607,2.8982460117401607,2.6956312791227614e-07,25.323414404472825
2212,3116.4,648.2,5,2.894923998010798,2.894923998010798,2.894923998010798,2.6925415054864756e-07,25.32465960562105
1895,2840.5,1623.5,4,2.8924963013236002,2.8924963013236002,2.8924963013236002,2.690283527695866e-07,25.325570491026205
559,3300.75,415.0,4,2.8924442653265103,2.8924442653265103,2.8924442653265103,2.6902351295057785e-07,25.325590023591957
82,2876.5,113.5,4,2.8917456974360696,2.8917456974360696,2.8917456974360696,2.6895853980998054e-07,25.32585227654654
1698,3147.5,994.5,4,2.890912390766327,2.890912390766327,2.890912390766327,2.688810347426067e-07,25.326165195350825
521,3354.8,401.0,5,2.888455276722423,2.888455276722423,2.888455276722423,2.6865250088294506e-07,25.327088402867947
120,3255.5,162.5,4,2.8881838327390286,2.8881838327390286,2.8881838327390286,2.6862725413407683e-07,25.327190440248152
196,3345.2,223.6,5,2.885528008140538,2.885528008140538,2.885528008140538,2.683802383931578e-07,25.328189286468024
727,3228.5,475.5,4,2.8826670563436743,2.8826670563436743,2.8826670563436743,2.6811414396499513e-07,25.329266309407057
536,3204.2,407.0,5,2.881162878586947,2.881162878586947,2.881162878586947,2.6797424181058963e-07,25.32983299520604
1425,3341.8,731.4,5,2.877660720891223,2.877660720891223,2.877660720891223,2.6764850942656244e-07,25.331153549589445
1271,3269.0,664.75,4,2.8758741141651587,2.8758741141651587,2.8758741141651587,2.674823388201073e-07,25.331827842428236
544,3346.8,408.4,5,2.87508550429264,2.87508550429264,2.87508550429264,2.67408990959685e-07,25.332125609184462
1304,3249.4,680.6,5,2.874657548669642,2.874657548669642,2.874657548669642,2.6736918721083985e-07,25.332287232725026
1063,3136.5,589.5,4,2.874540400366797,2.874540400366797,2.874540400366797,2.6735829135768706e-07,25.33233147964603
379,3330.6,334.8,5,2.873982981134347,2.873982981134347,2.873982981134347,2.673064463206374e-07,25.332542041629907
146,3367.6,186.2,5,2.871357817965914,2.871357817965914,2.871357817965914,2.67062282370408e-07,25.333534231647313
1219,3259.5,644.5,4,2.87082992588093,2.87082992588093,2.87082992588093,2.6701318362549403e-07,25.333733859933968
86,3393.8,118.8,5,2.870662594363239,2.870662594363239,2.870662594363239,2.669976202788615e-07,25.333797145877952
940,3152.2,549.0,5,2.8694920924291925,2.8694920924291925,2.8694920924291925,2.6688875299799894e-07,25.334239941034006
1358,3269.0,702.5,4,2.868566294662214,2.868566294662214,2.868566294662214,2.6680264542090925e-07,25.334590293747343
1443,3219.25,740.0,4,2.868016964679642,2.868016964679642,2.868016964679642,2.667515527573609e-07,25.334798231966072
314,3330.6,297.2,5,2.8624859459203504,2.8624859459203504,2.8624859459203504,2.662371179194429e-07,25.33689411404646
1661,3335.4,955.8,5,2.8611587164351295,2.8611587164351295,2.8611587164351295,2.6611367355687173e-07,25.337397646748073
1567,3102.5,845.5,4,2.8578669515516317,2.8578669515516317,2.8578669515516317,2.658075096098662e-07,25.338647506047096
1142,3373.5,614.5,4,2.8554480828897315,2.8554480828897315,2.8554480828897315,2.655825329171115e-07,25.33956685091846
565,3350.4,418.2,5,2.8518853588670225,2.8518853588670225,2.8518853588670225,2.652511673161379e-07,25.34092236273529
990,3413.5,567.5,4,2.851074706478153,2.851074706478153,2.851074706478153,2.651757693020604e-07,25.341231028636475
88,3341.4,123.8,5,2.8494801276302333,2.8494801276302333,2.8494801276302333,2.6502745902742987e-07,25.34183844039974
257,3305.8,260.6,5,2.8471699297666504,2.8471699297666504,2.8471699297666504,2.6481258970312784e-07,25.34271905113513
1789,3038.2,1195.2,5,2.8471591979596713,2.8471591979596713,2.8471591979596713,2.6481159154788304e-07,25.342723143596633
1175,3096.5,625.5,4,2.8455931226963296,2.8455931226963296,2.8455931226963296,2.6466593236476935e-07,25.343320515328234
1022,3434.2,577.8,5,2.8439263957123915,2.8439263957123915,2.8439263957123915,2.6451091166005826e-07,25.343956641410873
1749,3016.5,1066.5,4,2.8412908965027697,2.8412908965027697,2.8412908965027697,2.6426578636438694e-07,25.34496327210497
1080,3020.5,594.5,4,2.8409919292880734,2.8409919292880734,2.8409919292880734,2.642379797057354e-07,25.345077521796256
1157,3380.8,619.2,5,2.8347744008040463,2.8347744008040463,2.8347744008040463,2.63659693245839e-07,25.347456266123242
440,3349.5,367.5,4,2.833341378018023,2.833341378018023,2.833341378018023,2.63526409148145e-07,25.348005261526616
1812,2873.5,1356.5,4,2.830945246049939,2.830945246049939,2.830945246049939,2.6330354717383677e-07,25.348923847592953
328,3253.8,305.4,5,2.8305958570954752,2.8305958570954752,2.8305958570954752,2.6327105083672747e-07,25.349057855005768
946,3069.5,550.5,4,2.830019999901217,2.830019999901217,2.830019999901217,2.632174909022408e-07,25.34927875994704
1734,3098.0,1048.2,5,2.8281153263287777,2.8281153263287777,2.8281153263287777,2.6304033900976557e-07,25.35000973332068
2268,2887.2,1599.6,5,2.827152641144007,2.827152641144007,2.827152641144007,2.6295080056873937e-07,25.350379378817586
1666,3059.2,960.6,5,2.826438408449041,2.826438408449041,2.826438408449041,2.628843704594483e-07,25.350653706512276
223,3332.6,243.2,5,2.825744047460211,2.825744047460211,2.825744047460211,2.628197885988019e-07,25.350920468201025
1551,2914.5,831.5,4,2.823324157813005,2.823324157813005,2.823324157813005,2.625947169451669e-07,25.351850661240558
1568,3203.4,847.2,5,2.8228870659530028,2.8228870659530028,2.8228870659530028,2.6255406344353525e-07,25.35201876209239
1539,3273.75,821.0,4,2.8206190999417062,2.8206190999417062,2.8206190999417062,2.623431220639811e-07,25.352891415676808
1657,3165.2,946.6,5,2.8182823912813357,2.8182823912813357,2.8182823912813357,2.6212578699547493e-07,25.353791253824966
1086,3200.5,595.5,4,2.818178767629039,2.818178767629039,2.818178767629039,2.621161490573132e-07,25.353831175310386
1380,3180.2,712.0,5,2.8119120720145707,2.8119120720145707,2.8119120720145707,2.615332896089891e-07,25.356248181115973
182,3246.5,215.5,4,2.8117595691316213,2.8117595691316213,2.8117595691316213,2.6151910545968744e-07,25.35630706716479
1168,3285.0,623.25,4,2.8116573150099775,2.8116573150099775,2.8116573150099775,2.6150959490027995e-07,25.35634655241166
614,3479.25,434.0,4,2.8116151129361553,2.8116151129361553,2.8116151129361553,2.6150566972519893e-07,25.356362849085905
870,3068.6,531.2,5,2.8109609463653813,2.8109609463653813,2.8109609463653813,2.6144482630946436e-07,25.3566154921184
745,3327.0,482.4,5,2.805748296036633,2.805748296036633,2.805748296036633,2.609600026189845e-07,25.358630752145324
1484,3139.5,775.5,4,2.8056361676227137,2.8056361676227137,2.8056361676227137,2.609495736609659e-07,25.35867414317632
348,3273.5,314.5,4,2.8041402086708356,2.8041402086708356,2.8041402086708356,2.6081043592984747e-07,25.35925320969321
264,3320.2,264.4,5,2.8037700132962495,2.8037700132962495,2.8037700132962495,2.607760044072273e-07,25.35939655525535
168,3267.6,203.8,5,2.8006787366032,2.8006787366032,2.8006787366032,2.604884876777139e-07,25.360594286384575
1301,3174.5,678.5,4,2.799507474593913,2.799507474593913,2.799507474593913,2.603795497029701e-07,25.36104844327841
169,3391.4,203.8,5,2.7992871718006573,2.7992871718006573,2.7992871718006573,2.603590595479601e-07,25.361133886926147
1865,2882.2,1576.4,5,2.7884284795655416,2.7884284795655416,2.7884284795655416,2.5934910282514305e-07,25.365353747374584
1407,3491.5,722.5,4,2.7840154562230293,2.7840154562230293,2.7840154562230293,2.58938651686441e-07,25.367073416615685
1431,3063.2,734.4,5,2.783660722177733,2.783660722177733,2.783660722177733,2.5890565820747485e-07,25.367211767907758
443,3492.75,368.75,4,2.783256401703158,2.783256401703158,2.783256401703158,2.5886805274149165e-07,25.36736948010953
985,3402.5,564.5,4,2.7820501707659284,2.7820501707659284,2.7820501707659284,2.587558623397428e-07,25.367840127540468
894,3398.2,536.4,5,2.780744620934559,2.780744620934559,2.780744620934559,2.5863443438132806e-07,25.368349757249323
399,3213.0,349.25,4,2.780078673132347,2.780078673132347,2.780078673132347,2.585724952043695e-07,25.36860980638398
87,3459.5,122.5,4,2.780024084914805,2.780024084914805,2.780024084914805,2.585674180057438e-07,25.3686311255598
250,3259.75,257.0,4,2.778589917371618,2.778589917371618,2.778589917371618,2.5843402743526574e-07,25.369191383084157
1680,3075.6,978.8,5,2.7774318171689254,2.7774318171689254,2.7774318171689254,2.5832631362773906e-07,25.36964400598489
1828,2863.5,1446.5,4,2.7751539521381545,2.7751539521381545,2.7751539521381545,2.581144515497204e-07,25.37053482002179
395,3611.5,347.5,4,2.774618675232091,2.774618675232091,2.774618675232091,2.5806466594956317e-07,25.370744259059137
388,3253.0,339.25,4,2.7730500876698407,2.7730500876698407,2.7730500876698407,2.5791877309989765e-07,25.371358236722486
1864,2845.2,1575.6,5,2.7729776994542306,2.7729776994542306,2.7729776994542306,2.579120403402407e-07,25.37138657935239
138,3495.6,179.6,5,2.7698270828411657,2.7698270828411657,2.7698270828411657,2.5761900446073636e-07,25.372620878241445
292,3357.25,280.0,4,2.7659944035009234,2.7659944035009234,2.7659944035009234,2.5726253057030213e-07,25.374124279099327
899,3416.5,537.5,4,2.763980432888663,2.763980432888663,2.763980432888663,2.570752130632426e-07,25.374915111235246
737,3217.5,480.0,4,2.7623021196502933,2.7623021196502933,2.7623021196502933,2.5691911473193506e-07,25.375574580049776
1801,2853.5,1262.5,4,2.7620521021685414,2.7620521021685414,2.7620521021685414,2.56895860841775e-07,25.375672855077426
1093,3310.0,596.5,4,2.7581853377849477,2.7581853377849477,2.7581853377849477,2.5653621673360785e-07,25.377193908046195
1656,3243.5,945.5,4,2.7579733068667394,2.7579733068667394,2.7579733068667394,2.5651649593789387e-07,25.37727737542245
60,3396.4,96.8,5,2.7572733550252164,2.7572733550252164,2.7572733550252164,2.564513940773118e-07,25.377552961667856
321,3428.5,299.5,4,2.757245798049511,2.757245798049511,2.757245798049511,2.564488310289933e-07,25.37756381287913
347,3112.2,314.6,5,2.7571913485703448,2.7571913485703448,2.7571913485703448,2.5644376673429306e-07,25.377585253968874
1242,3123.5,654.5,4,2.7555110176247855,2.7555110176247855,2.7555110176247855,2.562874807379429e-07,25.378247142124224
102,3406.4,141.8,5,2.7550917775427175,2.7550917775427175,2.7550917775427175,2.5624848761333904e-07,25.37841234515314
371,3258.4,330.0,5,2.754965439824468,2.754965439824468,2.754965439824468,2.56236737061327e-07,25.37846213390463
525,3504.5,401.5,4,2.7537347863676525,2.7537347863676525,2.7537347863676525,2.5612227514406684e-07,25.37894724472241
1594,3009.25,868.0,4,2.753196533183225,2.753196533183225,2.753196533183225,2.560722127230663e-07,25.379159486690796
1833,2864.5,1472.5,4,2.752808735366224,2.752808735366224,2.752808735366224,2.560361440138798e-07,25.379312427383805
1420,3111.4,731.2,5,2.7526085028219374,2.7526085028219374,2.7526085028219374,2.56017520573796e-07,25.37939140404021
260,3376.0,262.5,4,2.752009044291918,2.752009044291918,2.752009044291918,2.559617655013311e-07,25.37962787962686
984,3385.0,564.75,4,2.751806615584714,2.751806615584714,2.751806615584714,2.559429377982058e-07,25.379707745737928
1055,3182.2,589.2,5,2.7510486555449845,2.7510486555449845,2.7510486555449845,2.558724406498221e-07,25.380006843068877
1034,3121.5,580.5,4,2.748670662449676,2.748670662449676,2.748670662449676,2.556512657549621e-07,25.380945754024093
861,3292.25,525.75,4,2.7442385190838223,2.7442385190838223,2.7442385190838223,2.5523903628092313e-07,25.382697881868296
1818,2816.0,1416.4,5,2.7441428629714637,2.7441428629714637,2.7441428629714637,2.5523013939613594e-07,25.382735728110084
343,3400.75,311.0,4,2.7424595957606392,2.7424595957606392,2.7424595957606392,2.55073580300523e-07,25.38340192699151
1758,3126.2,1079.6,5,2.7411463504913565,2.7411463504913565,2.7411463504913565,2.549514365966863e-07,25.38392196361552
1921,2816.4,1668.2,5,2.7364332728103617,2.7364332728103617,2.7364332728103617,2.5451307768697465e-07,25.38579036560648
382,3238.5,337.5,4,2.735459058948499,2.735459058948499,2.735459058948499,2.54422466974566e-07,25.38617697382464
1329,3153.0,689.25,4,2.7347396089733316,2.7347396089733316,2.7347396089733316,2.543555516109644e-07,25.386462569627454
1542,3203.8,825.2,5,2.7344882604386216,2.7344882604386216,2.7344882604386216,2.543321739208242e-07,25.38656236367914
1176,3272.5,625.5,4,2.7338961682246925,2.7338961682246925,2.7338961682246925,2.5427710398247087e-07,25.386797481002773
1364,3184.8,705.2,5,2.7338366378443144,2.7338366378443144,2.7338366378443144,2.5427156711794127e-07,25.386821123083156
779,2914.8,497.2,5,2.7301320696546663,2.7301320696546663,2.7301320696546663,2.539270087247887e-07,25.388293380571486
1672,3129.2,964.4,5,2.7277875421635303,2.7277875421635303,2.7277875421635303,2.537089464342079e-07,25.389226167683717
1444,3283.75,740.0,4,2.725730038573917,2.725730038573917,2.725730038573917,2.535175799659853e-07,25.390045421023082
1238,2917.5,652.5,4,2.7220125169689355,2.7220125169689355,2.7220125169689355,2.5317181678789036e-07,25.391527226884453
61,3447.75,97.0,4,2.720311759032761,2.720311759032761,2.720311759032761,2.530136308964099e-07,25.392205824642797
695,3178.0,466.5,4,2.7194707819522446,2.7194707819522446,2.7194707819522446,2.529354124113647e-07,25.392541528970717
1393,3306.75,717.25,4,2.7177870616188224,2.7177870616188224,2.7177870616188224,2.527788111712463e-07,25.393213954754337
217,3344.5,239.0,4,2.716084887455426,2.716084887455426,2.716084887455426,2.526204935578077e-07,25.39389417401374
1914,2859.4,1653.0,5,2.711785697991549,2.711785697991549,2.711785697991549,2.522206300007888e-07,25.395614106924704
966,3104.5,559.5,4,2.7047005722969732,2.7047005722969732,2.7047005722969732,2.515616491426612e-07,25.39845453944329
1570,3076.5,848.5,4,2.7022096075122044,2.7022096075122044,2.7022096075122044,2.513299668575199e-07,25.399454937361142
67,3028.5,100.5,4,2.700836735353244,2.700836735353244,2.700836735353244,2.5120227731291464e-07,25.400006691666018
937,3368.5,548.0,4,2.6998444899465657,2.6998444899465657,2.6998444899465657,2.511099895035302e-07,25.400405647549253
1203,3140.75,639.0,4,2.698272111708647,2.698272111708647,2.698272111708647,2.5096374408669615e-07,25.40103816001786
658,2949.5,452.5,4,2.6977765533126346,2.6977765533126346,2.6977765533126346,2.509176526676961e-07,25.401237582123564
53,3091.8,91.6,5,2.697384454988202,2.697384454988202,2.697384454988202,2.5088118397236967e-07,25.401395395892887
1455,3371.5,750.0,4,2.6944285287123604,2.6944285287123604,2.6944285287123604,2.506062560574976e-07,25.40258585131391
346,3372.5,313.5,4,2.691322556776502,2.691322556776502,2.691322556776502,2.503173725373112e-07,25.40383814333486
1585,3194.5,859.5,4,2.688323538194574,2.688323538194574,2.688323538194574,2.5003843664769494e-07,25.405048685193176
1487,3202.8,776.4,5,2.6863193773904763,2.6863193773904763,2.6863193773904763,2.4985203154164e-07,25.405858409701466
1755,3016.4,1079.2,5,2.685287428488502,2.685287428488502,2.685287428488502,2.4975605094760657e-07,25.406275575119043
1319,3378.75,687.0,4,2.6852057699857754,2.6852057699857754,2.6852057699857754,2.497484559672887e-07,25.406308592419155
1328,3102.5,689.5,4,2.684069576869251,2.684069576869251,2.684069576869251,2.4964277971718356e-07,25.406768098010104
935,3114.5,547.5,4,2.6811908996018863,2.6811908996018863,2.6811908996018863,2.493750366597283e-07,25.407933180094982
174,3403.5,208.0,4,2.6804331771664285,2.6804331771664285,2.6804331771664285,2.493045616106939e-07,25.408240059754963
576,3380.5,420.5,4,2.6800174862873085,2.6800174862873085,2.6800174862873085,2.492658985941086e-07,25.408408452551274
193,2946.5,222.5,4,2.679202880795849,2.679202880795849,2.679202880795849,2.4919013290568773e-07,25.408738517979042
1826,2915.5,1440.5,4,2.675054870445611,2.675054870445611,2.675054870445611,2.488043303754356e-07,25.41042078511118
290,3104.5,279.5,4,2.673464402771458,2.673464402771458,2.673464402771458,2.4865640247719944e-07,25.411066507150878
588,3390.25,425.0,4,2.6713374624241197,2.6713374624241197,2.6713374624241197,2.4845857776163394e-07,25.41193063507203
1367,3329.5,706.5,4,2.671026330373228,2.671026330373228,2.671026330373228,2.4842963966304174e-07,25.412057098692102
190,3340.0,218.25,4,2.670179598006222,2.670179598006222,2.670179598006222,2.483508858842286e-07,25.412401338553522
703,3378.25,469.0,4,2.6689568572411773,2.6689568572411773,2.6689568572411773,2.4823715991896677e-07,25.412898637677447
1357,3028.5,702.5,4,2.6688119717742382,2.6688119717742382,2.6688119717742382,2.4822368425834347e-07,25.41295757893252
1721,3279.5,1031.5,4,2.6686364425647024,2.6686364425647024,2.6686364425647024,2.4820735845212456e-07,25.41302899073946
1166,3381.5,622.5,4,2.6685582961044414,2.6685582961044414,2.6685582961044414,2.4820009012356376e-07,25.41306078513533
1764,3068.5,1098.5,4,2.660764161149472,2.660764161149472,2.660764161149472,2.4747516498286794e-07,25.4162365661494
402,3103.0,350.5,4,2.6585881714638404,2.6585881714638404,2.6585881714638404,2.4727277823461133e-07,25.41712485132659
49,3305.5,88.5,4,2.658573041216692,2.658573041216692,2.658573041216692,2.4727137098459497e-07,25.41713103035952
849,3414.8,519.4,5,2.6561087213399217,2.6561087213399217,2.6561087213399217,2.47042166917215e-07,25.418137902124045
491,3170.5,387.5,4,2.6548682928912095,2.6548682928912095,2.6548682928912095,2.4692679583717843e-07,25.418645069862503
1490,3272.5,780.0,4,2.6512212845747882,2.6512212845747882,2.6512212845747882,2.4658759103354397e-07,25.420137577493186
897,2955.5,537.5,4,2.6510955877432463,2.6510955877432463,2.6510955877432463,2.4657590008980014e-07,25.42018905446227
584,3357.5,423.5,4,2.648174757579799,2.648174757579799,2.648174757579799,2.463042364312391e-07,25.42138591786832
1378,3246.5,710.5,4,2.6476542764680495,2.6476542764680495,2.6476542764680495,2.462558269739555e-07,25.421599333061714
606,3598.0,431.75,4,2.644895168567306,2.644895168567306,2.644895168567306,2.4599920495051134e-07,25.422731363529515
1814,2861.0,1368.5,4,2.643894572437647,2.643894572437647,2.643894572437647,2.4590614044825887e-07,25.42314218850478
485,3517.5,383.5,4,2.639608606784802,2.639608606784802,2.639608606784802,2.455075068254313e-07,25.424903682326025
1646,3232.5,923.5,4,2.638258514600687,2.638258514600687,2.638258514600687,2.4538193602480025e-07,25.42545915064772
577,3145.75,422.0,4,2.6364466911970608,2.6364466911970608,2.6364466911970608,2.452134200389496e-07,25.42620503587412
661,3517.5,452.5,4,2.635980515010995,2.635980515010995,2.635980515010995,2.4517006143158327e-07,25.42639703259386
662,3213.5,455.0,4,2.6339709215277267,2.6339709215277267,2.6339709215277267,2.449831510371628e-07,25.42722508140367
1123,3074.0,605.5,4,2.6319185197023574,2.6319185197023574,2.6319185197023574,2.447922590792205e-07,25.428071421649214
100,3248.8,141.2,5,2.6307520779380935,2.6307520779380935,2.6307520779380935,2.4468376943091986e-07,25.42855271647907
1394,3443.4,718.2,5,2.629974168797926,2.629974168797926,2.629974168797926,2.4461141683552057e-07,25.42887381439751
1134,3087.25,611.0,4,2.6264944262107326,2.6264944262107326,2.6264944262107326,2.442877692595958e-07,25.43031131297427
1426,3497.5,731.5,4,2.6223751785030864,2.6223751785030864,2.6223751785030864,2.4390464191560197e-07,25.432015457915004
711,3036.5,472.5,4,2.621546803747513,2.621546803747513,2.621546803747513,2.4382759556091315e-07,25.432358482267293
1605,3322.5,876.5,4,2.616727176612378,2.616727176612378,2.616727176612378,2.4337932658696995e-07,25.434356409512144
1014,3090.5,576.5,4,2.616127783587139,2.616127783587139,2.616127783587139,2.4332357760704283e-07,25.43460513901685
453,3408.5,371.5,4,2.615990246241604,2.615990246241604,2.615990246241604,2.4331078538826054e-07,25.434662220785548
790,3044.75,500.0,4,2.6150852773901954,2.6150852773901954,2.6150852773901954,2.43226615088962e-07,25.43503788252146
426,3218.5,362.5,4,2.6141308421190823,2.6141308421190823,2.6141308421190823,2.431378439646238e-07,25.43543421914889
1525,3364.5,806.5,4,2.6131397205158065,2.6131397205158065,2.6131397205158065,2.430456606791338e-07,25.4358459432439
360,3148.5,323.5,4,2.61162784853156,2.61162784853156,2.61162784853156,2.42905042891884e-07,25.436474294332974
167,3305.5,202.5,4,2.609167034310121,2.609167034310121,2.609167034310121,2.4267616488219986e-07,25.437497814831755
1730,2835.5,1042.5,4,2.6058998491908563,2.6058998491908563,2.6058998491908563,2.423722870758819e-07,25.4388582198716
460,3126.5,375.5,4,2.605099870328135,2.605099870328135,2.605099870328135,2.422978817964041e-07,25.439191578562014
1027,2986.5,579.5,4,2.6048709828081855,2.6048709828081855,2.6048709828081855,2.422765931840614e-07,25.439286976971868
130,3271.4,173.8,5,2.604079936177167,2.604079936177167,2.604079936177167,2.422030186830294e-07,25.439616743171207
95,3004.5,136.5,4,2.6018553848536587,2.6018553848536587,2.6018553848536587,2.4199611526263745e-07,25.440544636396666
1845,2868.5,1524.5,4,2.6006674678903057,2.6006674678903057,2.6006674678903057,2.41885628226325e-07,25.441040459102027
1459,3200.5,751.5,4,2.5999320577278127,2.5999320577278127,2.5999320577278127,2.4181722842075396e-07,25.441347524254866
226,3095.5,243.5,4,2.599507501211665,2.599507501211665,2.599507501211665,2.4177774081963084e-07,25.441524834280816
1241,3442.0,652.5,4,2.5987582699027936,2.5987582699027936,2.5987582699027936,2.417080555222713e-07,25.441837810800003
1514,3187.25,796.25,4,2.5979618394240456,2.5979618394240456,2.5979618394240456,2.4163398027464007e-07,25.442170602789535
351,3283.5,317.5,4,2.5977404873982017,2.5977404873982017,2.5977404873982017,2.4161339253149663e-07,25.44226311382788
293,3187.5,281.5,4,2.5976444997913006,2.5976444997913006,2.5976444997913006,2.416044648147147e-07,25.442303232979896
1527,3215.0,808.75,4,2.596435102394379,2.596435102394379,2.596435102394379,2.414919799035365e-07,25.442808841928574
797,3103.0,501.5,4,2.5955917351277833,2.5955917351277833,2.5955917351277833,2.4141353910953853e-07,25.44316156521447
42,3481.5,82.5,4,2.59223090875938,2.59223090875938,2.59223090875938,2.411009518189611e-07,25.44456831005794
1145,3227.0,615.5,4,2.5889452958601993,2.5889452958601993,2.5889452958601993,2.407953600622143e-07,25.44594533690156
1305,3283.0,679.5,4,2.587123327936288,2.587123327936288,2.587123327936288,2.4062590054410025e-07,25.446709691767918
1669,3232.0,962.75,4,2.580191060461976,2.580191060461976,2.580191060461976,2.3998113688486276e-07,25.44962285621956
1483,3473.5,774.5,4,2.5790818046730495,2.5790818046730495,2.5790818046730495,2.398779660501901e-07,25.450089727897183
665,3309.0,456.5,4,2.578348049856494,2.578348049856494,2.578348049856494,2.398097202067834e-07,25.450398666340398
619,3372.5,436.5,4,2.575146558439249,2.575146558439249,2.575146558439249,2.3951195250972764e-07,25.45174764440374
30,3289.5,69.5,4,2.5750444609407754,2.5750444609407754,2.5750444609407754,2.3950245651769347e-07,25.451790691719893
1569,3146.5,847.5,4,2.5699811963431936,2.5699811963431936,2.5699811963431936,2.3903152705316807e-07,25.453927657336287
981,3149.0,564.5,4,2.566190483780497,2.566190483780497,2.566190483780497,2.3867895645313016e-07,25.455530296373592
1952,2833.25,1802.0,4,2.566166799569958,2.566166799569958,2.566166799569958,2.3867675360704696e-07,25.455540317034057
618,3080.4,437.8,5,2.566009479164223,2.566009479164223,2.566009479164223,2.3866212138449495e-07,25.455606880788313
437,3392.25,367.0,4,2.5650317221532895,2.5650317221532895,2.5650317221532895,2.3857118112713313e-07,25.45602067056603
1520,2943.5,802.5,4,2.5646848470339676,2.5646848470339676,2.5646848470339676,2.385389185994593e-07,25.45616750709046
1009,2932.5,574.5,4,2.5644557116020197,2.5644557116020197,2.5644557116020197,2.385176069290555e-07,25.45626451384298
234,3306.25,246.25,4,2.5635607499955375,2.5635607499955375,2.5635607499955375,2.384343673941687e-07,25.456643487754306
1645,3184.25,924.0,4,2.563313752016468,2.563313752016468,2.563313752016468,2.3841139434510513e-07,25.456748103012
1244,3340.0,654.75,4,2.5630326164917037,2.5630326164917037,2.5630326164917037,2.3838524619511517e-07,25.456867189392838
71,3214.25,103.0,4,2.5624339583080737,2.5624339583080737,2.5624339583080737,2.3832956556211306e-07,25.457120818933767
1267,3387.5,661.5,4,2.5612663878492103,2.5612663878492103,2.5612663878492103,2.3822097093499229e-07,25.457615646287085
1028,3062.4,580.4,5,2.5607161674936725,2.5607161674936725,2.5607161674936725,2.3816979545869422e-07,25.457848913056907
1907,2910.5,1638.5,4,2.5596562994326524,2.5596562994326524,2.5596562994326524,2.3807121813001142e-07,25.458298387055134
1146,3270.25,616.0,4,2.5594262098922087,2.5594262098922087,2.5594262098922087,2.3804981771887632e-07,25.458395989132892
715,3382.5,472.5,4,2.558871472341588,2.558871472341588,2.558871472341588,2.3799822210252423e-07,25.458631340291657
24,3297.5,66.5,4,2.5587083307762004,2.5587083307762004,2.5587083307762004,2.3798304845940347e-07,25.458700563913336
1325,3414.5,687.5,4,2.558040640677599,2.558040640677599,2.558040640677599,2.3792094723310108e-07,25.45898392169452
414,3139.0,359.5,4,2.5576517786798343,2.5576517786798343,2.5576517786798343,2.378847795454655e-07,25.459148983045296
842,3187.5,519.0,4,2.555037042456391,2.555037042456391,2.555037042456391,2.376415853955549e-07,25.46025951964571
612,3191.0,433.25,4,2.553381515011324,2.553381515011324,2.553381515011324,2.3748760634939076e-07,25.460963246690696
622,3181.5,438.5,4,2.551128420543188,2.551128420543188,2.551128420543188,2.3727804815803904e-07,25.461921719267515
175,3413.5,207.5,4,2.5507606336526596,2.5507606336526596,2.5507606336526596,2.3724384064624935e-07,25.462078257184796
1292,3118.5,674.5,4,2.5505243271448483,2.5505243271448483,2.5505243271448483,2.3722186200084325e-07,25.462178846167024
1899,2823.5,1627.5,4,2.5500099944422523,2.5500099944422523,2.5500099944422523,2.371740244012959e-07,25.462397815240926
1874,2882.5,1591.5,4,2.5469033842431874,2.5469033842431874,2.5469033842431874,2.3688508151685066e-07,25.463721345516714
1015,3097.5,576.5,4,2.5444481272613535,2.5444481272613535,2.5444481272613535,2.3665672038078058e-07,25.4647685180004
548,3126.5,410.5,4,2.543477346019012,2.543477346019012,2.543477346019012,2.3656642893307595e-07,25.465182837101587
1167,3107.5,623.5,4,2.5418717325665723,2.5418717325665723,2.5418717325665723,2.3641709234028692e-07,25.465868443020533
315,3379.5,296.5,4,2.5408879422664175,2.5408879422664175,2.5408879422664175,2.363255909323853e-07,25.466288740980083
1412,3387.5,726.0,4,2.540015866128713,2.540015866128713,2.540015866128713,2.3624447995336385e-07,25.466661448152273
1575,2815.5,851.5,4,2.5393275828938835,2.5393275828938835,2.5393275828938835,2.3618046337888443e-07,25.46695569643033
1388,3203.5,714.5,4,2.539164251438759,2.539164251438759,2.539164251438759,2.3616527207429835e-07,25.467025534043557
1057,3291.5,588.5,4,2.5372589373496375,2.5372589373496375,2.5372589373496375,2.3598806060797062e-07,25.467840544340458
1442,3173.5,739.5,4,2.535339540966297,2.535339540966297,2.535339540966297,2.358095393607401e-07,25.468662197484516
498,3030.0,390.25,4,2.530925078019494,2.530925078019494,2.530925078019494,2.3539895432580076e-07,25.470554298990997
841,3227.5,517.0,4,2.529643968852767,2.529643968852767,2.529643968852767,2.3527979957055185e-07,25.471104018447996
1234,3083.5,650.5,4,2.5291425501449254,2.5291425501449254,2.5291425501449254,2.3523316308947607e-07,25.471319251268984
1169,3457.5,623.5,4,2.528861410050542,2.528861410050542,2.528861410050542,2.3520701451447015e-07,25.471439948675236
1161,3187.5,621.5,4,2.5268755689628772,2.5268755689628772,2.5268755689628772,2.350223133079614e-07,25.4722928805764
602,3174.0,431.5,4,2.5257264212909423,2.5257264212909423,2.5257264212909423,2.3491543216687638e-07,25.47278675333976
742,3455.5,480.5,4,2.524752155364836,2.524752155364836,2.524752155364836,2.3482481661202157e-07,25.47320564267316
960,3363.5,558.0,4,2.521950972004799,2.521950972004799,2.521950972004799,2.3456428118979422e-07,25.47441092320016
1137,3371.5,611.5,4,2.521191417789842,2.521191417789842,2.521191417789842,2.344936357686763e-07,25.47473797147806
1887,2827.5,1608.5,4,2.5205811881652567,2.5205811881652567,2.5205811881652567,2.3443687888686515e-07,25.475000795072717
1948,2845.5,1732.5,4,2.5203447822221583,2.5203447822221583,2.5203447822221583,2.344148909930768e-07,25.47510263131992
863,3107.5,527.5,4,2.519357691135264,2.519357691135264,2.519357691135264,2.3432308258211387e-07,25.47552794235755
1897,2915.5,1625.5,4,2.5193556394291186,2.5193556394291186,2.5193556394291186,2.3432289175486046e-07,25.475528826556154
439,3280.75,368.0,4,2.5191757437972413,2.5191757437972413,2.5191757437972413,2.34306159831818e-07,25.475606356767173
1360,3431.5,702.5,4,2.5183605753245084,2.5183605753245084,2.5183605753245084,2.3423034178103994e-07,25.47595774199816
342,3328.0,310.5,4,2.5166911663037377,2.5166911663037377,2.5166911663037377,2.3407507162261274e-07,25.47667770992454
157,3242.5,193.5,4,2.5131289758698996,2.5131289758698996,2.5131289758698996,2.3374375565023674e-07,25.478215577943498
1185,3314.5,627.5,4,2.512658234516726,2.512658234516726,2.512658234516726,2.336999724409836e-07,25.47841896933685
1298,3286.0,677.25,4,2.5075088916724226,2.5075088916724226,2.5075088916724226,2.3322103691992005e-07,25.480646317461723
318,3497.5,298.5,4,2.504582492794575,2.504582492794575,2.504582492794575,2.3294885532048503e-07,25.481914170471
807,3462.5,504.5,4,2.504303108622497,2.504303108622497,2.504303108622497,2.3292287006215655e-07,25.48203529023101
934,3042.5,547.5,4,2.503185620142253,2.503185620142253,2.503185620142253,2.328189335126296e-07,25.48251988352208
1170,3169.5,624.5,4,2.5026849824446202,2.5026849824446202,2.5026849824446202,2.327723696725767e-07,25.482737052729497
1593,3073.5,866.5,4,2.5015795691662333,2.5015795691662333,2.5015795691662333,2.3266955622618507e-07,25.483216718512438
1920,2867.5,1666.5,4,2.498083990738771,2.498083990738771,2.498083990738771,2.323444357736933e-07,25.484734931339442
722,3012.5,474.5,4,2.497970400418395,2.497970400418395,2.497970400418395,2.3233387084513406e-07,25.48478430194821
287,3559.5,276.0,4,2.4942551029843587,2.4942551029843587,2.4942551029843587,2.319883145350809e-07,25.486400348209564
739,3179.25,481.0,4,2.4936249146444798,2.4936249146444798,2.4936249146444798,2.3192970131198546e-07,25.486674700558716
1705,3085.25,999.25,4,2.4936077347717815,2.4936077347717815,2.4936077347717815,2.3192810342822993e-07,25.48668218078316
1077,3194.75,594.0,4,2.4915944386064055,2.4915944386064055,2.4915944386064055,2.31740848650839e-07,25.487559139662842
931,3225.75,547.0,4,2.4911006047334254,2.4911006047334254,2.4911006047334254,2.3169491762809963e-07,25.487774353843978
908,3162.25,541.75,4,2.488875954113171,2.488875954113171,2.488875954113171,2.31488004972211e-07,25.48874439209756
702,3254.75,468.75,4,2.4874664070939687,2.4874664070939687,2.4874664070939687,2.3135690433344656e-07,25.489359460821092
898,3196.0,537.5,4,2.487443502998797,2.487443502998797,2.487443502998797,2.3135477404515792e-07,25.489369458109813
522,3235.0,400.5,4,2.4869979197477736,2.4869979197477736,2.4869979197477736,2.313133307672565e-07,25.4895639667302
986,3493.0,565.75,4,2.4854339903099505,2.4854339903099505,2.4854339903099505,2.311678711653504e-07,25.49024693832198
853,3447.5,521.5,4,2.4846725066689235,2.4846725066689235,2.4846725066689235,2.3109704629013354e-07,25.490579635565137
1366,3473.5,706.0,4,2.481269671270414,2.481269671270414,2.481269671270414,2.30780551779289e-07,25.49206760382448
89,3545.0,123.75,4,2.481266507653929,2.481266507653929,2.481266507653929,2.3078025753430366e-07,25.492068988137998
1759,2944.5,1082.5,4,2.4812400799538317,2.4812400799538317,2.4812400799538317,2.3077779951884433e-07,25.49208055225798
1564,3224.5,841.5,4,2.4792202387551328,2.4792202387551328,2.4792202387551328,2.3058993599407737e-07,25.492964750375734
1696,3230.5,991.5,4,2.476342919076575,2.476342919076575,2.476342919076575,2.3032231920467657e-07,25.494225559853582
1867,2824.5,1578.5,4,2.4749202122332257,2.4749202122332257,2.4749202122332257,2.3018999458308062e-07,25.494849515531204
1187,3381.5,627.5,4,2.4742917166620133,2.4742917166620133,2.4742917166620133,2.3013153880280221e-07,25.49512526868531
1723,3003.5,1034.5,4,2.472970657671718,2.472970657671718,2.472970657671718,2.3000866835214412e-07,25.495705113253862
412,2814.5,357.5,4,2.472586093803119,2.472586093803119,2.472586093803119,2.299729004294482e-07,25.49587396579646
664,3134.25,456.75,4,2.471596782447814,2.471596782447814,2.471596782447814,2.2988088551341454e-07,25.496308468806337
1719,3266.5,1027.5,4,2.4715313973051907,2.4715313973051907,2.4715313973051907,2.2987480410297074e-07,25.49633719192013
1671,3174.0,963.5,4,2.470765632324943,2.470765632324943,2.470765632324943,2.2980358102443116e-07,25.496673642265005
1370,3242.5,708.5,4,2.4690246421771658,2.4690246421771658,2.4690246421771658,2.2964165317289673e-07,25.4974389606323
173,3290.5,207.5,4,2.4647818630045544,2.4647818630045544,2.4647818630045544,2.29247036283862e-07,25.499306297783516
2,3286.5,39.5,4,2.462943983359942,2.462943983359942,2.462943983359942,2.290760968316136e-07,25.50011618559988
1252,3018.5,658.5,4,2.46228606298136,2.46228606298136,2.46228606298136,2.2901490427775535e-07,25.50040625447885
1498,3002.0,784.5,4,2.461992833863196,2.461992833863196,2.461992833863196,2.2898763131405004e-07,25.50053556050596
127,3566.5,170.0,4,2.4610797835108302,2.4610797835108302,2.4610797835108302,2.2890270936197003e-07,25.50093828941644
11,3448.5,51.5,4,2.45778831111355,2.45778831111355,2.45778831111355,2.2859657261883168e-07,25.502391335610533
1777,3020.5,1163.5,4,2.4556975937543024,2.4556975937543024,2.4556975937543024,2.2840211696922283e-07,25.50331531004001
143,3376.0,183.75,4,2.455595199070696,2.455595199070696,2.455595199070696,2.2839259333627976e-07,25.503360582688117
837,3563.5,516.0,4,2.454733870430991,2.454733870430991,2.454733870430991,2.2831248197191013e-07,25.503741484124525
1738,3070.5,1054.5,4,2.4529268139379163,2.4529268139379163,2.4529268139379163,2.281444093519137e-07,25.504541045004316
237,3361.0,247.75,4,2.4513544568117505,2.4513544568117505,2.4513544568117505,2.2799816589866386e-07,25.505237238808434
26,3194.5,67.5,4,2.450889189693764,2.450889189693764,2.450889189693764,2.2795489184286214e-07,25.50544333111752
535,3508.75,405.0,4,2.4506045519993007,2.4506045519993007,2.4506045519993007,2.2792841795937178e-07,25.50556943204379
467,3260.25,378.0,4,2.4476227504435624,2.4476227504435624,2.4476227504435624,2.2765108340912222e-07,25.5068913185568
212,3293.5,233.5,4,2.4455923868077205,2.4455923868077205,2.4455923868077205,2.2746224120240138e-07,25.507792337364652
1148,3106.5,616.5,4,2.444530810226669,2.444530810226669,2.444530810226669,2.2736350496588196e-07,25.508263733319247
760,3367.5,488.5,4,2.4444386773342544,2.4444386773342544,2.4444386773342544,2.2735493577245865e-07,25.508304654833367
195,3340.5,222.5,4,2.4439072080873636,2.4439072080873636,2.4439072080873636,2.273055043190897e-07,25.508540740993745
1315,3278.5,683.5,4,2.439615342386869,2.439615342386869,2.439615342386869,2.2690632193839522e-07,25.51044913196707
1700,3164.5,995.5,4,2.4391568041251084,2.4391568041251084,2.4391568041251084,2.2686367372716438e-07,25.51065322085607
1147,3340.5,615.5,4,2.438773807021372,2.438773807021372,2.438773807021372,2.2682805152779057e-07,25.510823716853594
704,3241.5,469.5,4,2.436698010327195,2.436698010327195,2.436698010327195,2.2663498363516667e-07,25.511748250045542
1869,2890.5,1583.5,4,2.436081503856076,2.436081503856076,2.436081503856076,2.265776429497798e-07,25.512022985808894
1808,2886.5,1322.5,4,2.432273176080482,2.432273176080482,2.432273176080482,2.26223433975405e-07,25.513721646017853
1687,3167.5,984.5,4,2.4321333105891823,2.4321333105891823,2.4321333105891823,2.26210425217981e-07,25.513784082012116
835,3121.5,515.5,4,2.4292671312664478,2.4292671312664478,2.4292671312664478,2.259438445825677e-07,25.515064336563377
1476,3231.5,768.5,4,2.4275006259034333,2.4275006259034333,2.4275006259034333,2.2577954358493015e-07,25.515854145345266
251,3127.5,257.5,4,2.426826934195391,2.426826934195391,2.426826934195391,2.257168841545944e-07,25.516155505924626
197,3441.5,223.5,4,2.424925471548746,2.424925471548746,2.424925471548746,2.2554003090729873e-07,25.517006533252694
876,3423.25,532.0,4,2.424171697388158,2.424171697388158,2.424171697388158,2.254699230835859e-07,25.51734408058344
801,3454.5,502.5,4,2.4234518099612936,2.4234518099612936,2.4234518099612936,2.2540296703301455e-07,25.517666551108334
813,3124.5,505.5,4,2.421971362579508,2.421971362579508,2.421971362579508,2.2526527201839979e-07,25.51833001240549
1011,3467.0,574.5,4,2.4210149599350164,2.4210149599350164,2.4210149599350164,2.2517631791051925e-07,25.518758839134208
1771,3021.25,1130.0,4,2.4208636779817665,2.4208636779817665,2.4208636779817665,2.2516224731873734e-07,25.51882668564838
261,3415.5,262.5,4,2.420296621211536,2.420296621211536,2.420296621211536,2.251095059033889e-07,25.51908103544486
1390,3340.5,715.25,4,2.4199065540782074,2.4199065540782074,2.4199065540782074,2.2507322612723122e-07,25.519256032235084
1882,2912.5,1599.5,4,2.4191392314350706,2.4191392314350706,2.4191392314350706,2.250018581719355e-07,25.519600360442872
269,3196.5,267.5,4,2.417138872650579,2.417138872650579,2.417138872650579,2.2481580668813801e-07,25.52049851478054
1630,2962.5,906.5,4,2.4165637076302593,2.4165637076302593,2.4165637076302593,2.247623111320965e-07,25.520756899519302
434,3119.5,366.5,4,2.416502734293541,2.416502734293541,2.416502734293541,2.247566400595587e-07,25.520784294532383
1530,3393.5,814.5,4,2.4150802896027947,2.4150802896027947,2.4150802896027947,2.246243398205291e-07,25.521423588004932
830,2943.5,514.5,4,2.414406248775043,2.414406248775043,2.414406248775043,2.2456164791889846e-07,25.521726655641256
1031,3511.5,579.5,4,2.4142845055846864,2.4142845055846864,2.4142845055846864,2.245503246995922e-07,25.521781403810564
1262,3394.5,659.5,4,2.413345701639585,2.413345701639585,2.413345701639585,2.2446300743014275e-07,25.522203678674824
1226,3187.25,646.75,4,2.412595826057908,2.412595826057908,2.412595826057908,2.2439326220957722e-07,25.522541091413856
103,3556.5,141.5,4,2.4116334907081463,2.4116334907081463,2.4116334907081463,2.2430375630637527e-07,25.52297425587417
210,3331.5,232.5,4,2.408749608363686,2.408749608363686,2.408749608363686,2.240355291296088e-07,25.52427337911017
1797,3024.5,1232.5,4,2.408371884963821,2.408371884963821,2.408371884963821,2.2400039743245792e-07,25.52444365007885
1371,3455.5,708.0,4,2.4083149829717883,2.4083149829717883,2.4083149829717883,2.2399510503184918e-07,25.52446930279599
1846,2831.0,1530.5,4,2.4069479410818797,2.4069479410818797,2.4069479410818797,2.2386795775506932e-07,25.52508577875445
1136,3213.5,611.0,4,2.4059399384036126,2.4059399384036126,2.4059399384036126,2.2377420437671671e-07,25.52554056808081
1754,3086.0,1075.25,4,2.4043694209179534,2.4043694209179534,2.4043694209179534,2.2362813202669522e-07,25.52624953194471
696,3249.0,467.5,4,2.404099361047713,2.404099361047713,2.404099361047713,2.2360301401288596e-07,25.526371489179823
479,3309.5,381.5,4,2.403155223796963,2.403155223796963,2.403155223796963,2.2351520069770854e-07,25.526797962956277
611,3146.5,433.0,4,2.40087120812606,2.40087120812606,2.40087120812606,2.2330276655445246e-07,25.527830363059863
1942,2847.5,1703.5,4,2.4006038554637033,2.4006038554637033,2.4006038554637033,2.23277900335495e-07,25.527951273597317
791,3516.5,500.0,4,2.4005955867201254,2.4005955867201254,2.4005955867201254,2.2327713126745396e-07,25.527955013360426
672,3093.5,460.5,4,2.398571672883117,2.398571672883117,2.398571672883117,2.230888889504391e-07,25.528870770840655
1481,3385.5,773.5,4,2.3977542140344386,2.3977542140344386,2.3977542140344386,2.230128578739547e-07,25.529240864407036
488,3269.5,385.5,4,2.39709879722572,2.39709879722572,2.39709879722572,2.2295189817476807e-07,25.529537686754328
1433,3220.0,735.5,4,2.396525655630234,2.396525655630234,2.396525655630234,2.2289859081556187e-07,25.529797315179437
1173,3429.5,624.5,4,2.393874439436659,2.393874439436659,2.393874439436659,2.226520036980374e-07,25.530999102773283
896,2910.0,537.5,4,2.3934787026077893,2.3934787026077893,2.3934787026077893,2.2261519658884514e-07,25.531178603132204
142,3260.5,182.5,4,2.3925043534317285,2.3925043534317285,2.3925043534317285,2.2252457329099057e-07,25.53162067999656
1386,3362.5,714.0,4,2.3923313440117733,2.3923313440117733,2.3923313440117733,2.2250848184802386e-07,25.531699195792285
238,3208.25,248.75,4,2.392273383260466,2.392273383260466,2.392273383260466,2.2250309097321362e-07,25.53172550103158
693,3186.5,466.0,4,2.391653952066344,2.391653952066344,2.391653952066344,2.2244547826209883e-07,25.53200666704036
420,3090.75,361.25,4,2.391002180128633,2.391002180128633,2.391002180128633,2.2238485756892683e-07,25.532302591470145
971,3102.25,562.25,4,2.390258333191257,2.390258333191257,2.390258333191257,2.223156730668815e-07,25.532640419352553
316,3028.25,298.25,4,2.3902066835051397,2.3902066835051397,2.3902066835051397,2.2231086917829195e-07,25.53266388064094
186,3336.5,217.5,4,2.3894908139447275,2.3894908139447275,2.3894908139447275,2.2224428682568967e-07,25.532989108547454
1547,3243.0,828.5,4,2.3881194874183986,2.3881194874183986,2.3881194874183986,2.2211674103891763e-07,25.53361239039974
1289,3224.0,673.25,4,2.3880577579739075,2.3880577579739075,2.3880577579739075,2.2211099964150902e-07,25.533640455477457
300,3490.5,284.5,4,2.3851171404833584,2.3851171404833584,2.3851171404833584,2.218374955823177e-07,25.53497823812556
681,3147.0,462.5,4,2.38414164537049,2.38414164537049,2.38414164537049,2.2174676570196154e-07,25.535422386964587
917,3464.5,543.5,4,2.381417390944419,2.381417390944419,2.381417390944419,2.2149338536732264e-07,25.536663719601957
1633,3209.5,909.5,4,2.380991123463209,2.380991123463209,2.380991123463209,2.2145373863095285e-07,25.536858080937023
945,3336.5,549.5,4,2.379982644417293,2.379982644417293,2.379982644417293,2.2135994094609452e-07,25.53731804660021
1837,2886.5,1487.5,4,2.3798009354917626,2.3798009354917626,2.3798009354917626,2.213430403703197e-07,25.53740094446981
1884,2921.5,1601.5,4,2.3794678622370693,2.3794678622370693,2.3794678622370693,2.2131206154105696e-07,25.53755291306306
63,3227.5,97.5,4,2.379331622123444,2.379331622123444,2.379331622123444,2.2129938997659101e-07,25.53761508034892
470,3300.75,380.0,4,2.378328230261733,2.378328230261733,2.378328230261733,2.2120606544593733e-07,25.538073044525333
697,3352.0,466.5,4,2.377789316983879,2.377789316983879,2.377789316983879,2.2115594163026975e-07,25.538319092968706
83,3396.5,113.5,4,2.3756157022798665,2.3756157022798665,2.3756157022798665,2.2095377577681348e-07,25.539312053734413
339,3320.5,309.5,4,2.374014172288719,2.374014172288719,2.374014172288719,2.208048189829077e-07,25.540044253592598
1676,3158.5,973.0,4,2.373735894503775,2.373735894503775,2.373735894503775,2.20778936628603e-07,25.54017152914931
365,3367.25,327.0,4,2.3725883204680134,2.3725883204680134,2.3725883204680134,2.206722018499342e-07,25.54069655131219
1943,2892.5,1706.5,4,2.3721854705259946,2.3721854705259946,2.3721854705259946,2.2063473315679705e-07,25.540880917854185
1505,3125.5,789.5,4,2.371676885577285,2.371676885577285,2.371676885577285,2.2058743015041737e-07,25.54111371933647
141,3510.5,181.5,4,2.371253161221873,2.371253161221873,2.371253161221873,2.2054801994777935e-07,25.541307714554694
113,3159.5,155.5,4,2.3698196810266916,2.3698196810266916,2.3698196810266916,2.20414693306891e-07,25.541964266962104
1113,3356.75,603.0,4,2.3667364850988104,2.3667364850988104,2.3667364850988104,2.2012792816172408e-07,25.54337775718608
1448,3364.5,743.5,4,2.36429818814039,2.36429818814039,2.36429818814039,2.1990114446143493e-07,25.54449689822095
792,3079.5,500.5,4,2.3602708358935285,2.3602708358935285,2.3602708358935285,2.1952656422757246e-07,25.54634792132193
1929,2863.5,1677.5,4,2.359375809465653,2.359375809465653,2.359375809465653,2.1944331866370905e-07,25.546759715967433
538,3363.5,405.5,4,2.357240986634416,2.357240986634416,2.357240986634416,2.192447608057509e-07,25.547742562230802
1631,3158.5,906.5,4,2.3547920647915466,2.3547920647915466,2.3547920647915466,2.1901698889498056e-07,25.548871112611412
1290,3395.75,674.0,4,2.3535078204649658,2.3535078204649658,2.3535078204649658,2.1889754254147075e-07,25.549463407337612
1848,2928.5,1532.5,4,2.3526843044739802,2.3526843044739802,2.3526843044739802,2.1882094809589347e-07,25.54984338380776
313,2976.5,295.5,4,2.3526420453354793,2.3526420453354793,2.3526420453354793,2.1881701761328052e-07,25.549862886079545
509,3324.5,395.0,4,2.352610588661932,2.352610588661932,2.352610588661932,2.1881409185774397e-07,25.54987740332315
1045,2866.5,586.5,4,2.3508954262898443,2.3508954262898443,2.3508954262898443,2.1865456622326556e-07,25.550669244116392
131,3308.0,177.5,4,2.350839961201866,2.350839961201866,2.350839961201866,2.1864940746774762e-07,25.55069486038322
1342,3333.5,694.5,4,2.3485552699434384,2.3485552699434384,2.3485552699434384,2.1843691048873314e-07,25.55175055886756
1940,2815.0,1702.25,4,2.3484743710926015,2.3484743710926015,2.3484743710926015,2.18429386162921e-07,25.551787959019563
980,3111.5,564.25,4,2.348064294410734,2.348064294410734,2.348064294410734,2.183912453175268e-07,25.55197756039755
1931,2875.5,1678.5,4,2.3470279598938246,2.3470279598938246,2.3470279598938246,2.1829485682158479e-07,25.552456863406977
578,3300.25,422.75,4,2.345498037042576,2.345498037042576,2.345498037042576,2.1815256014022083e-07,25.55316483718913
769,3533.5,492.5,4,2.3452014007604047,2.3452014007604047,2.3452014007604047,2.1812497027940483e-07,25.55330215946096
359,3319.25,322.25,4,2.345114324827236,2.345114324827236,2.345114324827236,2.1811687142899125e-07,25.5533424729489
995,3010.25,570.0,4,2.3395665671277137,2.3395665671277137,2.3395665671277137,2.1760087971803063e-07,25.55591400528772
144,3413.5,185.0,4,2.3390922569101593,2.3390922569101593,2.3390922569101593,2.175567645720676e-07,25.556134143492535
1349,2955.25,699.0,4,2.338916183274482,2.338916183274482,2.338916183274482,2.1754038812928675e-07,25.5562158746495
1679,3113.5,977.0,4,2.335315476839471,2.335315476839471,2.335315476839471,2.172054898199701e-07,25.557888627904696
1742,3073.5,1059.5,4,2.33328532808157,2.33328532808157,2.33328532808157,2.1701666759884388e-07,25.558832896321952
1834,2852.5,1473.5,4,2.3324838038552036,2.3324838038552036,2.3324838038552036,2.169421185865511e-07,25.559205929729952
1950,2858.5,1734.5,4,2.3316697227172054,2.3316697227172054,2.3316697227172054,2.1686640166775115e-07,25.55958493842642
389,3232.5,340.5,4,2.3313600881705225,2.3313600881705225,2.3313600881705225,2.1683760285061297e-07,25.559729128556743
112,3492.0,154.5,4,2.3297736555091775,2.3297736555091775,2.3297736555091775,2.1669005024511224e-07,25.5604681965767
1488,3272.75,776.25,4,2.3296125754369026,2.3296125754369026,2.3296125754369026,2.1667506833952144e-07,25.56054326675021
502,3381.25,393.0,4,2.3289410127307066,2.3289410127307066,2.3289410127307066,2.1661260692563936e-07,25.560856299512476
605,3335.0,431.5,4,2.3289102286738093,2.3289102286738093,2.3289102286738093,2.1660974372954302e-07,25.5608706509219
1032,3017.25,581.0,4,2.3268918414394917,2.3268918414394917,2.3268918414394917,2.1642201543663175e-07,25.56181202952855
526,3165.5,402.5,4,2.326841457797073,2.326841457797073,2.326841457797073,2.1641732930157248e-07,25.56183553897406
1606,3011.0,877.25,4,2.326306445617533,2.326306445617533,2.326306445617533,2.1636756832337954e-07,25.56208521171515
21,3387.5,64.5,4,2.325491239572062,2.325491239572062,2.325491239572062,2.1629174677799658e-07,25.562465752223087
51,3282.5,90.5,4,2.3234948649158302,2.3234948649158302,2.3234948649158302,2.1610606585421072e-07,25.563398229252293
1684,2861.5,983.5,4,2.322080615256565,2.322080615256565,2.322080615256565,2.1597452782732956e-07,25.564059289270205
626,3204.0,439.5,4,2.3219116846559107,2.3219116846559107,2.3219116846559107,2.1595881575149888e-07,25.564138279095104
1953,2844.5,1843.5,4,2.3198018157421707,2.3198018157421707,2.3198018157421707,2.157625788338705e-07,25.565125311674564
165,3387.0,198.5,4,2.3196160306722096,2.3196160306722096,2.3196160306722096,2.1574529913974678e-07,25.565212268091745
1883,2866.75,1602.0,4,2.3175309290066113,2.3175309290066113,2.3175309290066113,2.155513658005075e-07,25.566188674723325
1457,3195.0,750.5,4,2.315368155124003,2.315368155124003,2.315368155124003,2.1535020824162488e-07,25.567202382138483
1743,3156.0,1060.25,4,2.314662171493482,2.314662171493482,2.314662171493482,2.152845453700373e-07,25.567533486662427
1133,3472.5,608.5,4,2.3146480925114914,2.3146480925114914,2.3146480925114914,2.1528323589720174e-07,25.567540090696113
1033,3081.5,580.5,4,2.3125918459147874,2.3125918459147874,2.3125918459147874,2.1509198634070405e-07,25.568505046718542
1533,3206.25,819.0,4,2.312475388764317,2.312475388764317,2.312475388764317,2.1508115477098172e-07,25.568559723434873
99,3540.0,139.75,4,2.3113656855356766,2.3113656855356766,2.3113656855356766,2.1497794232036335e-07,25.569080868074426
1254,3166.5,658.5,4,2.309679145424683,2.309679145424683,2.309679145424683,2.1482107881539265e-07,25.5698733891633
630,3106.5,440.5,4,2.309419647041583,2.309419647041583,2.309419647041583,2.1479694311554066e-07,25.569995381267198
904,3584.5,538.5,4,2.3072295830751206,2.3072295830751206,2.3072295830751206,2.1459324733169891e-07,25.57102549284768
96,3355.5,136.5,4,2.306610115528678,2.306610115528678,2.306610115528678,2.1453563123948906e-07,25.571317041055174
1655,3086.0,943.75,4,2.3065874344899404,2.3065874344899404,2.3065874344899404,2.1453352169746897e-07,25.571327717218356
1475,3162.25,769.25,4,2.305554591909889,2.305554591909889,2.305554591909889,2.144374579832805e-07,25.57181399651995
242,3471.5,251.5,4,2.3050893919602586,2.3050893919602586,2.3050893919602586,2.1439419017474423e-07,25.572033091479895
1206,3360.0,638.5,4,2.3042031315912723,2.3042031315912723,2.3042031315912723,2.143117599337499e-07,25.572450615417196
298,3412.5,284.5,4,2.3025341756974234,2.3025341756974234,2.3025341756974234,2.1415653192023027e-07,25.57323730925125
1748,3161.25,1065.0,4,2.302457426408872,2.302457426408872,2.302457426408872,2.1414939354129242e-07,25.573273500188595
507,3526.5,393.5,4,2.299487128764458,2.299487128764458,2.299487128764458,2.138731289589846e-07,25.574675064288567
1581,2906.5,857.5,4,2.298417802414952,2.298417802414952,2.298417802414952,2.1377367192381084e-07,25.57518007966869
1122,2987.5,605.5,4,2.2982396406216323,2.2982396406216323,2.2982396406216323,2.1375710126345723e-07,25.575264243743042
39,3434.5,81.5,4,2.2965830065670785,2.2965830065670785,2.2965830065670785,2.1360301929258845e-07,25.576047154330507
768,3519.5,492.5,4,2.294626949187406,2.294626949187406,2.294626949187406,2.134210882406679e-07,25.576972297142383
1889,2852.5,1615.0,4,2.2919995458999773,2.2919995458999773,2.2919995458999773,2.1317671593908367e-07,25.578216203612094
124,3341.5,167.0,4,2.2906233634171134,2.2906233634171134,2.2906233634171134,2.1304871850437448e-07,25.57886830666333
1836,2891.5,1479.5,4,2.2891525436468463,2.2891525436468463,2.2891525436468463,2.1291191894482628e-07,25.579565686780853
733,3065.75,478.0,4,2.2890472564312505,2.2890472564312505,2.2890472564312505,2.1290212628021112e-07,25.579615625248763
1353,3147.0,700.75,4,2.2888432638010503,2.2888432638010503,2.2888432638010503,2.1288315311808302e-07,25.57971238692678
1798,2988.75,1242.25,4,2.2888274245332014,2.2888274245332014,2.2888274245332014,2.128816799227201e-07,25.57971990047143
1863,2831.0,1575.5,4,2.28785358861947,2.28785358861947,2.28785358861947,2.1279110436291068e-07,25.580181950993172
225,2814.5,243.5,4,2.287063831556436,2.287063831556436,2.287063831556436,2.1271764980338056e-07,25.58055680709048
239,3114.0,249.5,4,2.287021651348346,2.287021651348346,2.287021651348346,2.1271372666201072e-07,25.580576831455666
1582,3416.5,857.5,4,2.286321132806913,2.286321132806913,2.286321132806913,2.126485720932045e-07,25.58090944520643
1901,2896.5,1628.5,4,2.285408012807319,2.285408012807319,2.285408012807319,2.1256364366330147e-07,25.581343157451606
1097,3079.75,598.0,4,2.2844291926035982,2.2844291926035982,2.2844291926035982,2.1247260451938135e-07,25.581808268352326
75,3454.5,104.5,4,2.2834246805414504,2.2834246805414504,2.2834246805414504,2.1237917579994162e-07,25.582285794631346
80,3473.5,110.5,4,2.283155942857044,2.283155942857044,2.283155942857044,2.1235418076138965e-07,25.582413583126915
956,3536.0,556.5,4,2.2787142016698123,2.2787142016698123,2.2787142016698123,2.1194105860303706e-07,25.584527874235746
1434,3077.5,736.5,4,2.2787056987315433,2.2787056987315433,2.2787056987315433,2.1194026775276866e-07,25.584531925628042
231,3242.5,246.5,4,2.2773308432535933,2.2773308432535933,2.2773308432535933,2.1181239374153488e-07,25.58518720150227
158,3536.0,194.5,4,2.27486853382416,2.27486853382416,2.27486853382416,2.1158337666396547e-07,25.586361762866623
332,3225.5,306.5,4,2.273719346809541,2.273719346809541,2.273719346809541,2.114764918636545e-07,25.586910378835842
1399,3127.5,719.5,4,2.271581200839699,2.271581200839699,2.271581200839699,2.1127762492370913e-07,25.5879318570142
1915,2810.0,1656.25,4,2.27025572530332,2.27025572530332,2.27025572530332,2.111543436942655e-07,25.58856557277398
199,3276.0,226.5,4,2.2701582293716847,2.2701582293716847,2.2701582293716847,2.1114527568962272e-07,25.58861220062063
162,3392.75,197.75,4,2.2690634954076527,2.2690634954076527,2.2690634954076527,2.1104345551618649e-07,25.589135899348932
172,3050.5,207.5,4,2.268771951497507,2.268771951497507,2.268771951497507,2.1101633929208947e-07,25.589275410700836
2267,2899.5,1603.5,4,2.267969381805773,2.267969381805773,2.267969381805773,2.109416930420489e-07,25.589659553818652
450,3139.5,371.5,4,2.2676481924884673,2.2676481924884673,2.2676481924884673,2.1091181952659362e-07,25.589813326426352
1701,3095.5,997.5,4,2.267266685492765,2.267266685492765,2.267266685492765,2.108763359207626e-07,25.58999600502991
1941,2860.5,1702.5,4,2.2668058288605613,2.2668058288605613,2.2668058288605613,2.1083347208008353e-07,25.590216719952718
1917,2833.5,1658.5,4,2.266651976791162,2.266651976791162,2.266651976791162,2.1081916244422273e-07,25.590290413265482
1908,2838.5,1640.0,4,2.2660874585778856,2.2660874585778856,2.2660874585778856,2.107666571376622e-07,25.59056085363573
1090,3495.5,595.5,4,2.2652236041670126,2.2652236041670126,2.2652236041670126,2.1068631085369856e-07,25.590974825666297
1600,3035.5,874.5,4,2.2636868183842056,2.2636868183842056,2.2636868183842056,2.1054337585754348e-07,25.591711666924667
473,3279.25,380.75,4,2.259598120406249,2.259598120406249,2.259598120406249,2.1016308991509345e-07,25.59367450972326
674,3263.25,460.75,4,2.256435368034694,2.256435368034694,2.256435368034694,2.098689253001385e-07,25.595195275823286
783,3551.5,496.5,4,2.256301677145247,2.256301677145247,2.256301677145247,2.0985649083660894e-07,25.59525960620084
511,2919.5,397.5,4,2.252046799940517,2.252046799940517,2.252046799940517,2.0946074872101778e-07,25.59730899329816
1745,3048.5,1061.5,4,2.2520135319736916,2.2520135319736916,2.2520135319736916,2.0945765449880186e-07,25.597325032264507
400,3226.5,350.0,4,2.251472538279965,2.251472538279965,2.251472538279965,2.0940733718561623e-07,25.597585886382177
1702,3001.0,999.5,4,2.249476108877235,2.249476108877235,2.249476108877235,2.0922165116991015e-07,25.598549059257437
54,3356.5,92.5,4,2.246860517271555,2.246860517271555,2.246860517271555,2.0897837746170453e-07,25.59981223995746
1913,2885.5,1649.5,4,2.24683188496381,2.24683188496381,2.24683188496381,2.0897571439776733e-07,25.599826075854697
1715,3312.0,1021.25,4,2.245799541391614,2.245799541391614,2.245799541391614,2.0887969709582882e-07,25.600325049710083
1946,2810.5,1717.5,4,2.2438036084949915,2.2438036084949915,2.2438036084949915,2.0869405725968754e-07,25.601290416437852
1906,2905.5,1636.5,4,2.2422069385686685,2.2422069385686685,2.2422069385686685,2.0854555249582705e-07,25.602063291312337
203,3360.25,229.25,4,2.2390655809801716,2.2390655809801716,2.2390655809801716,2.0825337778946464e-07,25.60358548671988
1528,3403.5,809.5,4,2.2310455386793686,2.2310455386793686,2.2310455386793686,2.075074412196097e-07,25.607481434449056
406,3303.5,351.5,4,2.2272013351750193,2.2272013351750193,2.2272013351750193,2.0714989547754155e-07,25.60935382603061
1707,3169.5,1003.5,4,2.2240338501630883,2.2240338501630883,2.2240338501630883,2.0685529068416905e-07,25.6108990392547
424,2885.75,363.0,4,2.22145348226423,2.22145348226423,2.22145348226423,2.0661529309971172e-07,25.612159463120307
326,3439.5,303.5,4,2.2178335369311375,2.2178335369311375,2.2178335369311375,2.0627860539863076e-07,25.613930155829078
84,3496.25,114.0,4,2.217416500393223,2.217416500393223,2.217416500393223,2.0623981722359023e-07,25.614134334473096
123,3353.25,167.25,4,2.2171528038302895,2.2171528038302895,2.2171528038302895,2.0621529105499165e-07,25.614263458582403
1722,2933.5,1032.5,4,2.2154912021549653,2.2154912021549653,2.2154912021549653,2.060607470504005e-07,25.61507744733442
1544,3290.5,826.0,4,2.2151713352882094,2.2151713352882094,2.2151713352882094,2.0603099653482352e-07,25.6152342144254
1787,3030.0,1192.25,4,2.214082164754886,2.214082164754886,2.214082164754886,2.0592969381083003e-07,25.61576818788391
1190,3033.75,629.25,4,2.213200253648848,2.213200253648848,2.213200253648848,2.0584766809068027e-07,25.61620074345158
352,3314.5,317.5,4,2.2130146964124497,2.2130146964124497,2.2130146964124497,2.0583040958714133e-07,25.616291776630945
1822,2960.5,1425.5,4,2.211572566816721,2.211572566816721,2.211572566816721,2.0569627847366622e-07,25.616999536372738
397,3314.5,348.5,4,2.2115142443708367,2.2115142443708367,2.2115142443708367,2.0569085395798453e-07,25.61702816922294
826,3443.75,512.0,4,2.211483804574529,2.211483804574529,2.211483804574529,2.0568802278124094e-07,25.617043113651384
129,3093.5,173.0,4,2.2114427166643598,2.2114427166643598,2.2114427166643598,2.056842012334704e-07,25.6170632861012
1447,3129.25,743.75,4,2.2106176671199806,2.2106176671199806,2.2106176671199806,2.0560746415353842e-07,25.61746843035239
1935,2891.5,1696.5,4,2.2089733091582513,2.2089733091582513,2.2089733091582513,2.0545452397048437e-07,25.61827635084304
1827,2899.5,1444.5,4,2.2086172220958034,2.2086172220958034,2.2086172220958034,2.0542140464866914e-07,25.618451385905182
454,3601.0,371.5,4,2.205615669519101,2.205615669519101,2.205615669519101,2.0514223307458898e-07,25.619927925492142
179,3446.25,211.75,4,2.2051144919311527,2.2051144919311527,2.2051144919311527,2.0509561901984703e-07,25.620174663168072
887,3063.0,536.25,4,2.204213273159385,2.204213273159385,2.204213273159385,2.0501179751191883e-07,25.620618488583045
44,3426.5,86.5,4,2.1988466534053304,2.1988466534053304,2.1988466534053304,2.0451265327041597e-07,25.623265164461486
1724,3091.5,1034.5,4,2.1974065202090567,2.1974065202090567,2.1974065202090567,2.0437870784017114e-07,25.62397649965764
16,3420.0,59.0,4,2.1970417703821443,2.1970417703821443,2.1970417703821443,2.0434478280280382e-07,25.624156737115214
1870,2852.5,1584.5,4,2.196491883030489,2.196491883030489,2.196491883030489,2.042936382988828e-07,25.624428514985347
221,3486.0,239.75,4,2.194564201895876,2.194564201895876,2.194564201895876,2.0411434649475063e-07,25.62538179514987
604,3326.25,431.5,4,2.1936673367582973,2.1936673367582973,2.1936673367582973,2.0403092991423195e-07,25.625825599883342
1620,3102.0,896.75,4,2.193064756965754,2.193064756965754,2.193064756965754,2.039748845360837e-07,25.62612388238027
1841,2907.5,1510.0,4,2.1905140806816545,2.1905140806816545,2.1905140806816545,2.0373764854070982e-07,25.627387398791576
1809,2814.5,1338.5,4,2.1861106958528453,2.1861106958528453,2.1861106958528453,2.0332809387107616e-07,25.629572148999515
1765,2912.5,1100.0,4,2.182175230872084,2.182175230872084,2.182175230872084,2.029620599851652e-07,25.631528466896228
786,3416.5,497.5,4,2.1814003901123273,2.1814003901123273,2.1814003901123273,2.0288999277693378e-07,25.631914055572903
305,3393.0,289.5,4,2.179858600141235,2.179858600141235,2.179858600141235,2.0274659234594624e-07,25.632681713382368
1683,3098.75,983.0,4,2.1783050064475558,2.1783050064475558,2.1783050064475558,2.0260209406185424e-07,25.633455797673108
392,3486.0,343.5,4,2.176272887843393,2.176272887843393,2.176272887843393,2.0241308862718518e-07,25.634469142688225
367,3005.25,328.75,4,2.176166073108881,2.176166073108881,2.176166073108881,2.0240315388947638e-07,25.634522433555954
1799,2975.5,1254.5,4,2.1750463818234347,2.1750463818234347,2.1750463818234347,2.0229901245911528e-07,25.63508121546154
1438,3479.5,737.5,4,2.1719653795351688,2.1719653795351688,2.1719653795351688,2.0201245134229995e-07,25.63662027561371
1091,3105.75,597.25,4,2.1675368785742144,2.1675368785742144,2.1675368785742144,2.0160056064490513e-07,25.63883628344561
547,2980.5,411.0,4,2.1672346310954165,2.1672346310954165,2.1672346310954165,2.0157244889198343e-07,25.638987692132467
1416,3405.0,729.25,4,2.166206113447624,2.166206113447624,2.166206113447624,2.0147678743566506e-07,25.6395030788352
1879,2867.5,1596.0,4,2.165935107113767,2.165935107113767,2.165935107113767,2.014515813921675e-07,25.639638919923378
770,3076.5,493.5,4,2.1618065063412075,2.1618065063412075,2.1618065063412075,2.0106758412842802e-07,25.641710472753463
1786,2981.5,1190.0,4,2.161725809987032,2.161725809987032,2.161725809987032,2.0106007863663933e-07,25.641751002092402
1923,2895.5,1668.5,4,2.1597497260661975,2.1597497260661975,2.1597497260661975,2.0087628493501445e-07,25.6427439527585
353,3324.0,317.5,4,2.1564663465833824,2.1564663465833824,2.1564663465833824,2.0057090090621724e-07,25.64439580920224
1340,3226.5,693.5,4,2.1556601982341004,2.1556601982341004,2.1556601982341004,2.0049592180861355e-07,25.644801764106543
1718,3084.5,1027.5,4,2.151386747861836,2.151386747861836,2.151386747861836,2.0009845222022832e-07,25.646956298927755
1297,2954.25,677.75,4,2.149751222393496,2.149751222393496,2.149751222393496,1.9994633353905354e-07,25.647782010315137
1875,2914.5,1591.5,4,2.1467406337015027,2.1467406337015027,2.1467406337015027,1.9966632152441312e-07,25.649303579904924
1936,2843.5,1697.5,4,2.145472241720352,2.145472241720352,2.145472241720352,1.9954834958259975e-07,25.649945271813422
33,3222.5,75.5,4,2.140368573418791,2.140368573418791,2.140368573418791,1.9907366220767624e-07,25.65253110750371
740,3194.25,481.5,4,2.139643668292898,2.139643668292898,2.139643668292898,1.9900623946565093e-07,25.652898889511455
1806,2971.5,1301.5,4,2.138842730910463,2.138842730910463,2.138842730910463,1.989317450351587e-07,25.653305391551136
1369,3148.5,708.5,4,2.137979594571047,2.137979594571047,2.137979594571047,1.9885146553834397e-07,25.653743632055303
108,3179.0,148.5,4,2.136756423954685,2.136756423954685,2.136756423954685,1.9873769959301656e-07,25.6543649759948
1608,3300.5,877.5,4,2.1367144611506315,2.1367144611506315,2.1367144611506315,1.987337966721911e-07,25.654386298492057
475,3370.25,380.75,4,2.1347748253920065,2.1347748253920065,2.1347748253920065,1.985533929797552e-07,25.65537234002027
1768,3037.5,1119.5,4,2.134405211020428,2.134405211020428,2.134405211020428,1.9851901549567675e-07,25.6555603403869
1776,3013.5,1149.5,4,2.1325518921263376,2.1325518921263376,2.1325518921263376,1.9834664005339679e-07,25.656503502223387
18,3502.0,61.5,4,2.13242383146026,2.13242383146026,2.13242383146026,1.9833472925163234e-07,25.65656870311109
1673,3181.5,964.5,4,2.1317830213129043,2.1317830213129043,2.1317830213129043,1.9827512810424202e-07,25.656895024420834
192,3357.75,222.0,4,2.1257785238393736,2.1257785238393736,2.1257785238393736,1.9771665545770004e-07,25.659957483789423
311,3454.25,295.25,4,2.1215265640152223,2.1215265640152223,2.1215265640152223,1.9732118468492482e-07,25.66213133670038
1270,3254.0,662.75,4,2.117506737386286,2.117506737386286,2.117506737386286,1.969473044016874e-07,25.66419051968188
1261,3346.5,660.0,4,2.112358278839114,2.112358278839114,2.112358278839114,1.9646845112826597e-07,25.66683356884888
574,2977.5,420.5,4,2.109237713589729,2.109237713589729,2.109237713589729,1.9617821029775293e-07,25.668438701738783
1813,2847.5,1360.0,4,2.105535688489143,2.105535688489143,2.105535688489143,1.9583388843491547e-07,25.67034600414052
1839,2934.5,1503.5,4,2.1046039209304044,2.1046039209304044,2.1046039209304044,1.9574722561312483e-07,25.67082658382828
1101,3118.0,598.5,4,2.102055848119755,2.102055848119755,2.102055848119755,1.9551023176436094e-07,25.67214189592534
1888,2869.5,1609.5,4,2.100563443322785,2.100563443322785,2.100563443322785,1.953714246018382e-07,25.672913014066655
1649,3156.5,931.5,4,2.098400238007203,2.098400238007203,2.098400238007203,1.9517022691578165e-07,25.674031704636747
273,3257.5,271.0,4,2.094190837250384,2.094190837250384,2.094190837250384,1.947787145217171e-07,25.676211884032092
1851,2843.5,1550.5,4,2.0906371141100757,2.0906371141100757,2.0906371141100757,1.944481860843259e-07,25.6780558818487
1838,2812.5,1497.5,4,2.0888299661732033,2.0888299661732033,2.0888299661732033,1.942801049592281e-07,25.678994798713934
1611,3011.5,880.5,4,2.086946945957466,2.086946945957466,2.086946945957466,1.9410496702503614e-07,25.679974000143574
1711,3052.5,1015.0,4,2.0758199774587442,2.0758199774587442,2.0758199774587442,1.9307005817998062e-07,25.68577830364776
873,2868.5,531.5,4,2.0750980875079272,2.0750980875079272,2.0750980875079272,1.9300291587654522e-07,25.68615594640104
1951,2867.5,1746.5,4,2.072743481746267,2.072743481746267,2.072743481746267,1.9278391621552875e-07,25.687388626557834
1903,2815.75,1634.5,4,2.066336609924975,2.066336609924975,2.066336609924975,1.9218801911042296e-07,25.690749846006216
1796,3017.5,1230.5,4,2.0578655699156734,2.0578655699156734,2.0578655699156734,1.9140013566908376e-07,25.695210019083596
1939,2878.5,1700.0,4,2.0572967829645776,2.0572967829645776,2.0572967829645776,1.9134723333124496e-07,25.695510154308685
209,3275.5,233.0,4,2.036280271186383,2.036280271186383,2.036280271186383,1.893925073936308e-07,25.70665863785758
1862,2914.5,1574.5,4,2.0359689096581977,2.0359689096581977,2.0359689096581977,1.8936354795157195e-07,25.70682466722836
546,3505.5,410.0,4,2.027705508606417,2.027705508606417,2.027705508606417,1.8859497681382576e-07,25.711240319241433
