galaxy,ring,variant,noise_model,psf_id,k,observed,predicted,residual,residual_sigma
NGC 3379,inner,raw,constant,stpsf_R2024052602-NRCA3_FP1-1,0.04026285219458116,1.8735061851151218,1.656881691521448,0.21662449359367386,6.959228432015377
NGC 3379,inner,raw,constant,stpsf_R2024052602-NRCA3_FP1-1,0.04921015268226586,1.8234715122163119,1.5504889405769253,0.27298257163938655,10.411420985542522
NGC 3379,inner,raw,constant,stpsf_R2024052602-NRCA3_FP1-1,0.05815745316995056,1.5671905162622524,1.4410786351500011,0.12611188111225125,5.8827043245116375
NGC 3379,inner,raw,constant,stpsf_R2024052602-NRCA3_FP1-1,0.06710475365763527,1.3773215182922123,1.351000619742698,0.02632089854951425,1.5631344508579443
NGC 3379,inner,raw,constant,stpsf_R2024052602-NRCA3_FP1-1,0.07605205414531996,1.3498545592801703,1.2574849572871503,0.09236960199302002,5.696534505765671
NGC 3379,inner,raw,constant,stpsf_R2024052602-NRCA3_FP1-1,0.08499935463300468,1.2673187218463329,1.168892168764284,0.09842655308204895,7.03159261802921
NGC 3379,inner,raw,constant,stpsf_R2024052602-NRCA3_FP1-1,0.09394665512068937,1.1368510273407229,1.0725232047805378,0.0643278225601851,5.416029876107281
NGC 3379,inner,raw,constant,stpsf_R2024052602-NRCA3_FP1-1,0.10289395560837407,1.0261768759765222,0.9932818308513115,0.03289504512521069,3.226787575806473
NGC 3379,inner,raw,constant,stpsf_R2024052602-NRCA3_FP1-1,0.11184125609605877,0.9088526751543056,0.9164717599644424,-0.007619084810136845,-0.8701584121307172
NGC 3379,inner,raw,constant,stpsf_R2024052602-NRCA3_FP1-1,0.12078855658374346,0.853440943595891,0.8376472675535155,0.01579367604237547,1.9834322383577185
NGC 3379,inner,raw,constant,stpsf_R2024052602-NRCA3_FP1-1,0.12973585707142818,0.7500555461238125,0.7727985918037824,-0.022743045679969875,-3.3357347809005686
NGC 3379,inner,raw,constant,stpsf_R2024052602-NRCA3_FP1-1,0.13868315755911287,0.6992565299499504,0.7072760825925181,-0.008019552642567707,-1.310073749911566
NGC 3379,inner,raw,constant,stpsf_R2024052602-NRCA3_FP1-1,0.14763045804679759,0.6385140399448105,0.6519824541881247,-0.013468414243314242,-2.5160140305925283
NGC 3379,inner,raw,constant,stpsf_R2024052602-NRCA3_FP1-1,0.15657775853448228,0.5920488925145911,0.5920434348922626,5.457622328508549e-06,0.0011286715255385963
NGC 3379,inner,raw,constant,stpsf_R2024052602-NRCA3_FP1-1,0.16552505902216696,0.5332599997470218,0.5348921692089299,-0.0016321694619081395,-0.389184883161776
NGC 3379,inner,raw,constant,stpsf_R2024052602-NRCA3_FP1-1,0.17447235950985168,0.4592601602965805,0.47945404063494623,-0.02019388033836572,-5.662351613865942
NGC 3379,inner,raw,constant,stpsf_R2024052602-NRCA3_FP1-1,0.1834196599975364,0.40971167639736084,0.4298365217148987,-0.020124845317537887,-6.572063495179009
NGC 3379,inner,raw,constant,stpsf_R2024052602-NRCA3_FP1-1,0.1923669604852211,0.3684181242002505,0.38813775218250246,-0.019719627982251964,-7.476906090107962
NGC 3379,inner,raw,constant,stpsf_R2024052602-NRCA3_FP1-1,0.20131426097290578,0.3249406179636026,0.3397292023138111,-0.014788584350208522,-6.2269528587006215
NGC 3379,inner,raw,constant,stpsf_R2024052602-NRCA3_FP1-1,0.2102615614605905,0.294091595124111,0.29937436342253676,-0.005282768298425777,-2.5262088689708
NGC 3379,inner,raw,constant,stpsf_R2024052602-NRCA3_FP1-1,0.21920886194827519,0.25604154677381497,0.2638824288544128,-0.007840882080597855,-4.439612297188432
NGC 3379,inner,raw,constant,stpsf_R2024052602-NRCA3_FP1-1,0.22815616243595988,0.23258030252395182,0.22772106116711355,0.0048592413568382675,3.0664192075191203
NGC 3379,inner,raw,constant,stpsf_R2024052602-NRCA3_FP1-1,0.2371034629236446,0.20239300149315062,0.19676686031313034,0.005626141180020278,4.190200867769879
NGC 3379,inner,raw,constant,stpsf_R2024052602-NRCA3_FP1-1,0.2460507634113293,0.1772368364023674,0.16883261261932925,0.00840422378303815,7.310363357374543
NGC 3379,inner,raw,N(k),stpsf_R2024052602-NRCA3_FP1-1,0.04026285219458116,1.8735061851151218,1.4238182944199178,0.449687890695204,14.446569280060753
NGC 3379,inner,raw,N(k),stpsf_R2024052602-NRCA3_FP1-1,0.04921015268226586,1.8234715122163119,1.2787587801733933,0.5447127320429186,20.77507562268706
NGC 3379,inner,raw,N(k),stpsf_R2024052602-NRCA3_FP1-1,0.05815745316995056,1.5671905162622524,1.187724310315003,0.37946620594724934,17.70084999957272
NGC 3379,inner,raw,N(k),stpsf_R2024052602-NRCA3_FP1-1,0.06710475365763527,1.3773215182922123,0.9801786736810024,0.39714284461120986,23.585352192885605
NGC 3379,inner,raw,N(k),stpsf_R2024052602-NRCA3_FP1-1,0.07605205414531996,1.3498545592801703,0.8717911998439953,0.47806335943617495,29.48269088759542
NGC 3379,inner,raw,N(k),stpsf_R2024052602-NRCA3_FP1-1,0.08499935463300468,1.2673187218463329,0.851544912076299,0.41577380977003386,29.702879558443552
NGC 3379,inner,raw,N(k),stpsf_R2024052602-NRCA3_FP1-1,0.09394665512068937,1.1368510273407229,0.7569393955985138,0.3799116317422091,31.986357782767627
NGC 3379,inner,raw,N(k),stpsf_R2024052602-NRCA3_FP1-1,0.10289395560837407,1.0261768759765222,0.7313695802096473,0.2948072957668749,28.91865676477206
NGC 3379,inner,raw,N(k),stpsf_R2024052602-NRCA3_FP1-1,0.11184125609605877,0.9088526751543056,0.6599267427207114,0.24892593243359418,28.429266703579863
NGC 3379,inner,raw,N(k),stpsf_R2024052602-NRCA3_FP1-1,0.12078855658374346,0.853440943595891,0.6188425088996505,0.23459843469624042,29.461798329681045
NGC 3379,inner,raw,N(k),stpsf_R2024052602-NRCA3_FP1-1,0.12973585707142818,0.7500555461238125,0.5898359328085576,0.16021961331525492,23.499497131504842
NGC 3379,inner,raw,N(k),stpsf_R2024052602-NRCA3_FP1-1,0.13868315755911287,0.6992565299499504,0.5285186090187368,0.17073792093121354,27.891738890667295
NGC 3379,inner,raw,N(k),stpsf_R2024052602-NRCA3_FP1-1,0.14763045804679759,0.6385140399448105,0.5049475519848599,0.13356648795995063,24.951352969487296
NGC 3379,inner,raw,N(k),stpsf_R2024052602-NRCA3_FP1-1,0.15657775853448228,0.5920488925145911,0.47354191833875703,0.11850697417583411,24.508007201471965
NGC 3379,inner,raw,N(k),stpsf_R2024052602-NRCA3_FP1-1,0.16552505902216696,0.5332599997470218,0.4458539847466418,0.08740601500037998,20.841646979346468
NGC 3379,inner,raw,N(k),stpsf_R2024052602-NRCA3_FP1-1,0.17447235950985168,0.4592601602965805,0.3966598591593983,0.06260030113718223,17.55308589697746
NGC 3379,inner,raw,N(k),stpsf_R2024052602-NRCA3_FP1-1,0.1834196599975364,0.40971167639736084,0.35762967257992995,0.05208200381743089,17.008142454939737
NGC 3379,inner,raw,N(k),stpsf_R2024052602-NRCA3_FP1-1,0.1923669604852211,0.3684181242002505,0.34938939925294465,0.019028724947305842,7.2149428768915636
NGC 3379,inner,raw,N(k),stpsf_R2024052602-NRCA3_FP1-1,0.20131426097290578,0.3249406179636026,0.33789664515440554,-0.012956027190802966,-5.455327477104728
NGC 3379,inner,raw,N(k),stpsf_R2024052602-NRCA3_FP1-1,0.2102615614605905,0.294091595124111,0.3191716374500789,-0.025080042325967944,-11.99322434355171
NGC 3379,inner,raw,N(k),stpsf_R2024052602-NRCA3_FP1-1,0.21920886194827519,0.25604154677381497,0.28821433042426453,-0.032172783650449566,-18.21666037839813
NGC 3379,inner,raw,N(k),stpsf_R2024052602-NRCA3_FP1-1,0.22815616243595988,0.23258030252395182,0.2869513841654898,-0.054371081641538005,-34.31081455638663
NGC 3379,inner,raw,N(k),stpsf_R2024052602-NRCA3_FP1-1,0.2371034629236446,0.20239300149315062,0.26791108363791677,-0.06551808214476615,-48.79613146441304
NGC 3379,inner,raw,N(k),stpsf_R2024052602-NRCA3_FP1-1,0.2460507634113293,0.1772368364023674,0.23710948220628159,-0.05987264580391419,-52.07985975782436
NGC 3379,inner,raw,constant,stpsf_field_1280_1024,0.04026285219458116,1.8735061851151218,1.685406278288893,0.1880999068262288,6.042854147878145
NGC 3379,inner,raw,constant,stpsf_field_1280_1024,0.04921015268226586,1.8234715122163119,1.5506873500115028,0.27278416220480906,10.403853747317445
NGC 3379,inner,raw,constant,stpsf_field_1280_1024,0.05815745316995056,1.5671905162622524,1.4490301853477194,0.11816033091453293,5.511790669730346
NGC 3379,inner,raw,constant,stpsf_field_1280_1024,0.06710475365763527,1.3773215182922123,1.3571168867798886,0.020204631512323656,1.199904156934111
NGC 3379,inner,raw,constant,stpsf_field_1280_1024,0.07605205414531996,1.3498545592801703,1.257545930537578,0.09230862874259227,5.692774218642028
NGC 3379,inner,raw,constant,stpsf_field_1280_1024,0.08499935463300468,1.2673187218463329,1.1641965434085073,0.10312217843782556,7.367048077504519
NGC 3379,inner,raw,constant,stpsf_field_1280_1024,0.09394665512068937,1.1368510273407229,1.084785263002177,0.05206576433854582,4.383635633183381
NGC 3379,inner,raw,constant,stpsf_field_1280_1024,0.10289395560837407,1.0261768759765222,0.9962599487337818,0.02991692724274042,2.934653798641436
NGC 3379,inner,raw,constant,stpsf_field_1280_1024,0.11184125609605877,0.9088526751543056,0.9126570376398149,-0.003804362485509305,-0.43448761918965806
NGC 3379,inner,raw,constant,stpsf_field_1280_1024,0.12078855658374346,0.853440943595891,0.843434315593522,0.010006628002368956,1.2566718808148034
NGC 3379,inner,raw,constant,stpsf_field_1280_1024,0.12973585707142818,0.7500555461238125,0.7707630353526209,-0.020707489228808384,-3.037178617923416
NGC 3379,inner,raw,constant,stpsf_field_1280_1024,0.13868315755911287,0.6992565299499504,0.7095614665789867,-0.01030493662903631,-1.6834139725629556
NGC 3379,inner,raw,constant,stpsf_field_1280_1024,0.14763045804679759,0.6385140399448105,0.6476681892689985,-0.00915414932418801,-1.7100727466286
NGC 3379,inner,raw,constant,stpsf_field_1280_1024,0.15657775853448228,0.5920488925145911,0.5891773362213133,0.002871556293277844,0.5938563768463562
NGC 3379,inner,raw,constant,stpsf_field_1280_1024,0.16552505902216696,0.5332599997470218,0.5324816501495313,0.0007783495974904575,0.18559463599092133
NGC 3379,inner,raw,constant,stpsf_field_1280_1024,0.17447235950985168,0.4592601602965805,0.4815650152543197,-0.022304854957739206,-6.25426759744886
NGC 3379,inner,raw,constant,stpsf_field_1280_1024,0.1834196599975364,0.40971167639736084,0.43014443365200794,-0.020432757254647105,-6.672616655696563
NGC 3379,inner,raw,constant,stpsf_field_1280_1024,0.1923669604852211,0.3684181242002505,0.38292666203232917,-0.014508537832078672,-5.5010659923637455
NGC 3379,inner,raw,constant,stpsf_field_1280_1024,0.20131426097290578,0.3249406179636026,0.3413734720082663,-0.016432854044663714,-6.919297009560348
NGC 3379,inner,raw,constant,stpsf_field_1280_1024,0.2102615614605905,0.294091595124111,0.3020708055919453,-0.007979210467834341,-3.815641934785296
NGC 3379,inner,raw,constant,stpsf_field_1280_1024,0.21920886194827519,0.25604154677381497,0.2616010392018632,-0.005559492428048207,-3.147858964843256
NGC 3379,inner,raw,constant,stpsf_field_1280_1024,0.22815616243595988,0.23258030252395182,0.22838668332257706,0.00419361920137476,2.6463790381640355
NGC 3379,inner,raw,constant,stpsf_field_1280_1024,0.2371034629236446,0.20239300149315062,0.19788899864499132,0.0045040028481593,3.354461972944498
NGC 3379,inner,raw,constant,stpsf_field_1280_1024,0.2460507634113293,0.1772368364023674,0.1684059347237699,0.008830901678597486,7.681506550799964
NGC 3379,inner,raw,N(k),stpsf_field_1280_1024,0.04026285219458116,1.8735061851151218,1.3591327707212857,0.5143734143938361,16.524641469384367
NGC 3379,inner,raw,N(k),stpsf_field_1280_1024,0.04921015268226586,1.8234715122163119,1.2325727376946627,0.5908987745216492,22.536588561093396
NGC 3379,inner,raw,N(k),stpsf_field_1280_1024,0.05815745316995056,1.5671905162622524,1.1458988262469512,0.4212916900153012,19.651871218445166
NGC 3379,inner,raw,N(k),stpsf_field_1280_1024,0.06710475365763527,1.3773215182922123,0.9665827487409266,0.41073876955128563,24.392781263938478
NGC 3379,inner,raw,N(k),stpsf_field_1280_1024,0.07605205414531996,1.3498545592801703,0.868855609594818,0.4809989496853523,29.663731952928707
NGC 3379,inner,raw,N(k),stpsf_field_1280_1024,0.08499935463300468,1.2673187218463329,0.8438690453879489,0.42344967645838394,30.251243448600167
NGC 3379,inner,raw,N(k),stpsf_field_1280_1024,0.09394665512068937,1.1368510273407229,0.7545057819268326,0.38234524541389026,32.1912539509909
NGC 3379,inner,raw,N(k),stpsf_field_1280_1024,0.10289395560837407,1.0261768759765222,0.7266121254187136,0.2995647505578086,29.385331789944185
NGC 3379,inner,raw,N(k),stpsf_field_1280_1024,0.11184125609605877,0.9088526751543056,0.6609954735395486,0.247857201614757,28.307209378390723
NGC 3379,inner,raw,N(k),stpsf_field_1280_1024,0.12078855658374346,0.853440943595891,0.6182102001919201,0.23523074340397088,29.54120615545523
NGC 3379,inner,raw,N(k),stpsf_field_1280_1024,0.12973585707142818,0.7500555461238125,0.5887714996751388,0.16128404644867378,23.65561811349871
NGC 3379,inner,raw,N(k),stpsf_field_1280_1024,0.13868315755911287,0.6992565299499504,0.5313175805560854,0.167938949393865,27.43449902938547
NGC 3379,inner,raw,N(k),stpsf_field_1280_1024,0.14763045804679759,0.6385140399448105,0.5071624130342629,0.13135162691054758,24.53759813722282
NGC 3379,inner,raw,N(k),stpsf_field_1280_1024,0.15657775853448228,0.5920488925145911,0.47517160974108713,0.11687728277350401,24.17097650009551
NGC 3379,inner,raw,N(k),stpsf_field_1280_1024,0.16552505902216696,0.5332599997470218,0.4466298566868939,0.08663014306012784,20.65664313172974
NGC 3379,inner,raw,N(k),stpsf_field_1280_1024,0.17447235950985168,0.4592601602965805,0.4001243181582382,0.05913584213834233,16.581653726708343
NGC 3379,inner,raw,N(k),stpsf_field_1280_1024,0.1834196599975364,0.40971167639736084,0.36328597370402826,0.04642570269333257,15.160994337829418
NGC 3379,inner,raw,N(k),stpsf_field_1280_1024,0.1923669604852211,0.3684181242002505,0.3529647126138958,0.015453411586354715,5.859324897353643
NGC 3379,inner,raw,N(k),stpsf_field_1280_1024,0.20131426097290578,0.3249406179636026,0.3378619753457483,-0.012921357382145726,-5.440729239774069
NGC 3379,inner,raw,N(k),stpsf_field_1280_1024,0.2102615614605905,0.294091595124111,0.3183018724990565,-0.02421027737494552,-11.57730454372866
NGC 3379,inner,raw,N(k),stpsf_field_1280_1024,0.21920886194827519,0.25604154677381497,0.2898829852017605,-0.033841438427945514,-19.161475029834435
NGC 3379,inner,raw,N(k),stpsf_field_1280_1024,0.22815616243595988,0.23258030252395182,0.28486753204059445,-0.052287229516642636,-32.995801838935115
NGC 3379,inner,raw,N(k),stpsf_field_1280_1024,0.2371034629236446,0.20239300149315062,0.2660628512593216,-0.06366984976617099,-47.419616963829185
NGC 3379,inner,raw,N(k),stpsf_field_1280_1024,0.2460507634113293,0.1772368364023674,0.2381341110158891,-0.06089727461352171,-52.97112694656613
NGC 3379,inner,raw,constant,stpsf_field_768_1024,0.04026285219458116,1.8735061851151218,1.6862483248845173,0.18725786023060453,6.015802753494545
NGC 3379,inner,raw,constant,stpsf_field_768_1024,0.04921015268226586,1.8234715122163119,1.5494211043703607,0.27405040784595114,10.45214773312711
NGC 3379,inner,raw,constant,stpsf_field_768_1024,0.05815745316995056,1.5671905162622524,1.451566086258276,0.11562443000397638,5.393499235794905
NGC 3379,inner,raw,constant,stpsf_field_768_1024,0.06710475365763527,1.3773215182922123,1.3556667369521151,0.02165478134009713,1.2860250448830621
NGC 3379,inner,raw,constant,stpsf_field_768_1024,0.07605205414531996,1.3498545592801703,1.2607648425654359,0.08908971671473442,5.494260388961329
NGC 3379,inner,raw,constant,stpsf_field_768_1024,0.08499935463300468,1.2673187218463329,1.168273621751961,0.09904510009437195,7.075781614489634
NGC 3379,inner,raw,constant,stpsf_field_768_1024,0.09394665512068937,1.1368510273407229,1.0787352343883536,0.05811579295236924,4.893012982200824
NGC 3379,inner,raw,constant,stpsf_field_768_1024,0.10289395560837407,1.0261768759765222,0.992920474487929,0.03325640148859321,3.2622342584105866
NGC 3379,inner,raw,constant,stpsf_field_768_1024,0.11184125609605877,0.9088526751543056,0.9147286484881909,-0.005875973333885343,-0.6710816001330575
NGC 3379,inner,raw,constant,stpsf_field_768_1024,0.12078855658374346,0.853440943595891,0.8393450717495796,0.014095871846311336,1.7702152793763235
NGC 3379,inner,raw,constant,stpsf_field_768_1024,0.12973585707142818,0.7500555461238125,0.772031178031994,-0.021975631908181414,-3.2231777889339477
NGC 3379,inner,raw,constant,stpsf_field_768_1024,0.13868315755911287,0.6992565299499504,0.7064216138972776,-0.007165083947327289,-1.1704877832562937
NGC 3379,inner,raw,constant,stpsf_field_768_1024,0.14763045804679759,0.6385140399448105,0.6491073356918653,-0.01059329574705481,-1.978917506419631
NGC 3379,inner,raw,constant,stpsf_field_768_1024,0.15657775853448228,0.5920488925145911,0.5913646317449397,0.0006842607696514458,0.14150954394819143
NGC 3379,inner,raw,constant,stpsf_field_768_1024,0.16552505902216696,0.5332599997470218,0.5342077754925965,-0.0009477757455746971,-0.22599368595821304
NGC 3379,inner,raw,constant,stpsf_field_768_1024,0.17447235950985168,0.4592601602965805,0.4803656375308503,-0.02110547723426981,-5.9179628222235054
NGC 3379,inner,raw,constant,stpsf_field_768_1024,0.1834196599975364,0.40971167639736084,0.4329324470199715,-0.023220770622610687,-7.58308332466007
NGC 3379,inner,raw,constant,stpsf_field_768_1024,0.1923669604852211,0.3684181242002505,0.3850157519184147,-0.0165976277181642,-6.293166578952603
NGC 3379,inner,raw,constant,stpsf_field_768_1024,0.20131426097290578,0.3249406179636026,0.34061546163174355,-0.01567484366814098,-6.600125493934756
NGC 3379,inner,raw,constant,stpsf_field_768_1024,0.2102615614605905,0.294091595124111,0.2993034014041213,-0.005211806280010334,-2.4922749786022633
NGC 3379,inner,raw,constant,stpsf_field_768_1024,0.21920886194827519,0.25604154677381497,0.261569819454814,-0.005528272680999036,-3.1301819265343154
NGC 3379,inner,raw,constant,stpsf_field_768_1024,0.22815616243595988,0.23258030252395182,0.22849978252026087,0.004080520003690941,2.575007907021391
NGC 3379,inner,raw,constant,stpsf_field_768_1024,0.2371034629236446,0.20239300149315062,0.1963420991085043,0.006050902384646312,4.506551757530625
NGC 3379,inner,raw,constant,stpsf_field_768_1024,0.2460507634113293,0.1772368364023674,0.16970312208474309,0.007533714317624313,6.553155950421309
NGC 3379,inner,raw,N(k),stpsf_field_768_1024,0.04026285219458116,1.8735061851151218,1.4340501590721308,0.43945602604299094,14.11786276022567
NGC 3379,inner,raw,N(k),stpsf_field_768_1024,0.04921015268226586,1.8234715122163119,1.2936773976196045,0.5297941145967073,20.20608689266678
NGC 3379,inner,raw,N(k),stpsf_field_768_1024,0.05815745316995056,1.5671905162622524,1.1974250773750517,0.3697654388872007,17.248341133382443
NGC 3379,inner,raw,N(k),stpsf_field_768_1024,0.06710475365763527,1.3773215182922123,0.9830451691042216,0.3942763491879907,23.41511796851703
NGC 3379,inner,raw,N(k),stpsf_field_768_1024,0.07605205414531996,1.3498545592801703,0.8719971069653983,0.47785745231477195,29.46999236993651
NGC 3379,inner,raw,N(k),stpsf_field_768_1024,0.08499935463300468,1.2673187218463329,0.8545486604140899,0.41277006143224293,29.48829178738932
NGC 3379,inner,raw,N(k),stpsf_field_768_1024,0.09394665512068937,1.1368510273407229,0.755589478444603,0.38126154889611985,32.10001298427876
NGC 3379,inner,raw,N(k),stpsf_field_768_1024,0.10289395560837407,1.0261768759765222,0.7330656324297153,0.29311124354680684,28.75228519693249
NGC 3379,inner,raw,N(k),stpsf_field_768_1024,0.11184125609605877,0.9088526751543056,0.6604767015475399,0.24837597360676567,28.36645715211593
NGC 3379,inner,raw,N(k),stpsf_field_768_1024,0.12078855658374346,0.853440943595891,0.6184842303659983,0.23495671322989264,29.506792363498803
NGC 3379,inner,raw,N(k),stpsf_field_768_1024,0.12973585707142818,0.7500555461238125,0.5906278203717396,0.15942772575207298,23.383350555349697
NGC 3379,inner,raw,N(k),stpsf_field_768_1024,0.13868315755911287,0.6992565299499504,0.5279754405232759,0.17128108942667442,27.980470871040506
NGC 3379,inner,raw,N(k),stpsf_field_768_1024,0.14763045804679759,0.6385140399448105,0.5054236753396701,0.13309036460514034,24.862409087946816
NGC 3379,inner,raw,N(k),stpsf_field_768_1024,0.15657775853448228,0.5920488925145911,0.47344805972104165,0.1186008327935495,24.527417769456562
NGC 3379,inner,raw,N(k),stpsf_field_768_1024,0.16552505902216696,0.5332599997470218,0.44598847037284256,0.0872715293741792,20.809579369982732
NGC 3379,inner,raw,N(k),stpsf_field_768_1024,0.17447235950985168,0.4592601602965805,0.39529675340257875,0.06396340689400176,17.935299911949762
NGC 3379,inner,raw,N(k),stpsf_field_768_1024,0.1834196599975364,0.40971167639736084,0.35496704142122526,0.054744634976135575,17.87766372395539
NGC 3379,inner,raw,N(k),stpsf_field_768_1024,0.1923669604852211,0.3684181242002505,0.34946708128962367,0.018951042910626825,7.185488908811634
NGC 3379,inner,raw,N(k),stpsf_field_768_1024,0.20131426097290578,0.3249406179636026,0.3375850383054402,-0.012644420341837603,-5.324120790040851
NGC 3379,inner,raw,N(k),stpsf_field_768_1024,0.2102615614605905,0.294091595124111,0.31936074830550965,-0.025269153181398663,-12.083656763302184
NGC 3379,inner,raw,N(k),stpsf_field_768_1024,0.21920886194827519,0.25604154677381497,0.2884813155142488,-0.03243976874043386,-18.367830906978487
NGC 3379,inner,raw,N(k),stpsf_field_768_1024,0.22815616243595988,0.23258030252395182,0.287299113104867,-0.054718810580915184,-34.53024854214984
NGC 3379,inner,raw,N(k),stpsf_field_768_1024,0.2371034629236446,0.20239300149315062,0.2685312242268563,-0.0661382227337057,-49.2579957423913
NGC 3379,inner,raw,N(k),stpsf_field_768_1024,0.2460507634113293,0.1772368364023674,0.2364936849433898,-0.059256848541022394,-51.54421222362837
NGC 3379,inner,raw,constant,stpsf_field_1024_1280,0.04026285219458116,1.8735061851151218,1.6798881565918633,0.1936180285232585,6.220128050603664
NGC 3379,inner,raw,constant,stpsf_field_1024_1280,0.04921015268226586,1.8234715122163119,1.5539409704192568,0.26953054179705505,10.279762265620112
NGC 3379,inner,raw,constant,stpsf_field_1024_1280,0.05815745316995056,1.5671905162622524,1.4467305681706608,0.12045994809159155,5.619060244911473
NGC 3379,inner,raw,constant,stpsf_field_1024_1280,0.06710475365763527,1.3773215182922123,1.3495060935550571,0.027815424737155148,1.651890743399256
NGC 3379,inner,raw,constant,stpsf_field_1024_1280,0.07605205414531996,1.3498545592801703,1.2667969441739275,0.08305761510624277,5.122254077213293
NGC 3379,inner,raw,constant,stpsf_field_1024_1280,0.08499935463300468,1.2673187218463329,1.175729492938009,0.09158922890832377,6.543134202270597
NGC 3379,inner,raw,constant,stpsf_field_1024_1280,0.09394665512068937,1.1368510273407229,1.0822758820470524,0.05457514529367047,4.5949109675967925
NGC 3379,inner,raw,constant,stpsf_field_1024_1280,0.10289395560837407,1.0261768759765222,0.9953163665668625,0.030860509409659675,3.027213003268704
NGC 3379,inner,raw,constant,stpsf_field_1024_1280,0.11184125609605877,0.9088526751543056,0.9163096009610234,-0.007456925806717862,-0.8516385997852727
NGC 3379,inner,raw,constant,stpsf_field_1024_1280,0.12078855658374346,0.853440943595891,0.8383213251600947,0.015119618435796234,1.898781420915827
NGC 3379,inner,raw,constant,stpsf_field_1024_1280,0.12973585707142818,0.7500555461238125,0.7732183999370692,-0.023162853813256667,-3.397308266317389
NGC 3379,inner,raw,constant,stpsf_field_1024_1280,0.13868315755911287,0.6992565299499504,0.7118217588802349,-0.012565228930284555,-2.052655218673715
NGC 3379,inner,raw,constant,stpsf_field_1024_1280,0.14763045804679759,0.6385140399448105,0.64685853481161,-0.008344494866799557,-1.558822425846972
NGC 3379,inner,raw,constant,stpsf_field_1024_1280,0.15657775853448228,0.5920488925145911,0.5927395221072662,-0.0006906295926750738,-0.14282665765912275
NGC 3379,inner,raw,constant,stpsf_field_1024_1280,0.16552505902216696,0.5332599997470218,0.5329945719713509,0.00026542777567084563,0.06329028956440678
NGC 3379,inner,raw,constant,stpsf_field_1024_1280,0.17447235950985168,0.4592601602965805,0.48044637659198425,-0.021186216295403737,-5.940602005255859
NGC 3379,inner,raw,constant,stpsf_field_1024_1280,0.1834196599975364,0.40971167639736084,0.4307362790309707,-0.02102460263360989,-6.865892447311323
NGC 3379,inner,raw,constant,stpsf_field_1024_1280,0.1923669604852211,0.3684181242002505,0.38282506209371764,-0.014406937893467142,-5.462543298099795
NGC 3379,inner,raw,constant,stpsf_field_1024_1280,0.20131426097290578,0.3249406179636026,0.3427424126812693,-0.01780179471766674,-7.495709790884313
NGC 3379,inner,raw,constant,stpsf_field_1024_1280,0.2102615614605905,0.294091595124111,0.2982627776325077,-0.004171182508396709,-1.9946508443210844
NGC 3379,inner,raw,constant,stpsf_field_1024_1280,0.21920886194827519,0.25604154677381497,0.2619973176106318,-0.005955770836816809,-3.3722370996748925
NGC 3379,inner,raw,constant,stpsf_field_1024_1280,0.22815616243595988,0.23258030252395182,0.22708807522530905,0.005492227298642766,3.46586432816689
NGC 3379,inner,raw,constant,stpsf_field_1024_1280,0.2371034629236446,0.20239300149315062,0.19623049929929332,0.0061625021938573055,4.5896683382270895
NGC 3379,inner,raw,constant,stpsf_field_1024_1280,0.2460507634113293,0.1772368364023674,0.1706656902496465,0.006571146152720891,5.715871839081114
NGC 3379,inner,raw,N(k),stpsf_field_1024_1280,0.04026285219458116,1.8735061851151218,1.2490014446594433,0.6245047404556785,20.06269500557743
NGC 3379,inner,raw,N(k),stpsf_field_1024_1280,0.04921015268226586,1.8234715122163119,1.1454814367863795,0.6779900754299324,25.858207932210316
NGC 3379,inner,raw,N(k),stpsf_field_1024_1280,0.05815745316995056,1.5671905162622524,1.0701903366084586,0.4970001796537937,23.183423166371337
NGC 3379,inner,raw,N(k),stpsf_field_1024_1280,0.06710475365763527,1.3773215182922123,0.9446805424147994,0.4326409758774129,25.69350027980962
NGC 3379,inner,raw,N(k),stpsf_field_1024_1280,0.07605205414531996,1.3498545592801703,0.8676593968605917,0.4821951624195786,29.737503702180927
NGC 3379,inner,raw,N(k),stpsf_field_1024_1280,0.08499935463300468,1.2673187218463329,0.8308901992851602,0.4364285225611727,31.178452170120977
NGC 3379,inner,raw,N(k),stpsf_field_1024_1280,0.09394665512068937,1.1368510273407229,0.758016220885302,0.3788348064554209,31.895695333885012
NGC 3379,inner,raw,N(k),stpsf_field_1024_1280,0.10289395560837407,1.0261768759765222,0.7206528962515105,0.30552397972501166,29.96989297734858
NGC 3379,inner,raw,N(k),stpsf_field_1024_1280,0.11184125609605877,0.9088526751543056,0.6636043611383361,0.24524831401596947,28.009254237194742
NGC 3379,inner,raw,N(k),stpsf_field_1024_1280,0.12078855658374346,0.853440943595891,0.6206655432864983,0.2327754003093927,29.232854468555438
NGC 3379,inner,raw,N(k),stpsf_field_1024_1280,0.12973585707142818,0.7500555461238125,0.5874080544714204,0.16264749165239212,23.855595357175485
NGC 3379,inner,raw,N(k),stpsf_field_1024_1280,0.13868315755911287,0.6992565299499504,0.5396499694681068,0.15960656048184352,26.07332036092069
NGC 3379,inner,raw,N(k),stpsf_field_1024_1280,0.14763045804679759,0.6385140399448105,0.510131589842504,0.12838245010230653,23.982930722493368
NGC 3379,inner,raw,N(k),stpsf_field_1024_1280,0.15657775853448228,0.5920488925145911,0.47833776836578434,0.1137111241488068,23.51619445950481
NGC 3379,inner,raw,N(k),stpsf_field_1024_1280,0.16552505902216696,0.5332599997470218,0.44760899383257036,0.0856510059144514,20.42317143376405
NGC 3379,inner,raw,N(k),stpsf_field_1024_1280,0.17447235950985168,0.4592601602965805,0.40834700153325,0.050913158763330524,14.276018370914468
NGC 3379,inner,raw,N(k),stpsf_field_1024_1280,0.1834196599975364,0.40971167639736084,0.3750583761519595,0.03465330024540131,11.316543602539468
NGC 3379,inner,raw,N(k),stpsf_field_1024_1280,0.1923669604852211,0.3684181242002505,0.35744416474480245,0.010973959455448046,4.1608931141543355
NGC 3379,inner,raw,N(k),stpsf_field_1024_1280,0.20131426097290578,0.3249406179636026,0.33889628451515164,-0.013955666551549062,-5.876240461583854
NGC 3379,inner,raw,N(k),stpsf_field_1024_1280,0.2102615614605905,0.294091595124111,0.3171706911844848,-0.023079096060373838,-11.036375979790588
NGC 3379,inner,raw,N(k),stpsf_field_1024_1280,0.21920886194827519,0.25604154677381497,0.2918128286100219,-0.035771281836206925,-20.254178177120146
NGC 3379,inner,raw,N(k),stpsf_field_1024_1280,0.22815616243595988,0.23258030252395182,0.28048097370502795,-0.04790067118107613,-30.227668760681038
NGC 3379,inner,raw,N(k),stpsf_field_1024_1280,0.2371034629236446,0.20239300149315062,0.262220162074306,-0.059827160581155364,-44.55768388351421
NGC 3379,inner,raw,N(k),stpsf_field_1024_1280,0.2460507634113293,0.1772368364023674,0.23979366303050836,-0.06255682662814097,-54.41467825487553
NGC 3379,inner,raw,constant,stpsf_field_1024_768,0.04026285219458116,1.8735061851151218,1.6714386116153623,0.20206757349975946,6.491576180326034
NGC 3379,inner,raw,constant,stpsf_field_1024_768,0.04921015268226586,1.8234715122163119,1.5486568195633306,0.2748146926529813,10.481297179668909
NGC 3379,inner,raw,constant,stpsf_field_1024_768,0.05815745316995056,1.5671905162622524,1.434638055986787,0.1325524602754653,6.183136151883041
NGC 3379,inner,raw,constant,stpsf_field_1024_768,0.06710475365763527,1.3773215182922123,1.3493855781126476,0.02793594017956469,1.6590478637968122
NGC 3379,inner,raw,constant,stpsf_field_1024_768,0.07605205414531996,1.3498545592801703,1.2529281288894345,0.09692643039073578,5.977559103082895
NGC 3379,inner,raw,constant,stpsf_field_1024_768,0.08499935463300468,1.2673187218463329,1.1628681604234377,0.10445056142289522,7.461947753448113
NGC 3379,inner,raw,constant,stpsf_field_1024_768,0.09394665512068937,1.1368510273407229,1.0796565645290497,0.057194462811673175,4.815442323515783
NGC 3379,inner,raw,constant,stpsf_field_1024_768,0.10289395560837407,1.0261768759765222,0.9933975127721915,0.032779363204330725,3.215439940209074
NGC 3379,inner,raw,constant,stpsf_field_1024_768,0.11184125609605877,0.9088526751543056,0.9092325142329833,-0.00037983907867777944,-0.043380560500876575
NGC 3379,inner,raw,constant,stpsf_field_1024_768,0.12078855658374346,0.853440943595891,0.8415893371964653,0.011851606399425618,1.488371557443433
NGC 3379,inner,raw,constant,stpsf_field_1024_768,0.12973585707142818,0.7500555461238125,0.769968502801446,-0.019912956677633487,-2.9206440999522383
NGC 3379,inner,raw,constant,stpsf_field_1024_768,0.13868315755911287,0.6992565299499504,0.7050335866062374,-0.005777056656287027,-0.9437397089933276
NGC 3379,inner,raw,constant,stpsf_field_1024_768,0.14763045804679759,0.6385140399448105,0.6492074961526608,-0.010693456207850338,-1.9976283301379658
NGC 3379,inner,raw,constant,stpsf_field_1024_768,0.15657775853448228,0.5920488925145911,0.5897412232595398,0.0023076692550513256,0.47724089754834265
NGC 3379,inner,raw,constant,stpsf_field_1024_768,0.16552505902216696,0.5332599997470218,0.536147050880343,-0.0028870511333212168,-0.6884068622936459
NGC 3379,inner,raw,constant,stpsf_field_1024_768,0.17447235950985168,0.4592601602965805,0.47861436516377126,-0.01935420486719075,-5.426907128721686
NGC 3379,inner,raw,constant,stpsf_field_1024_768,0.1834196599975364,0.40971167639736084,0.4334583747064347,-0.023746698309073888,-7.754832726693816
NGC 3379,inner,raw,constant,stpsf_field_1024_768,0.1923669604852211,0.3684181242002505,0.38744728424206293,-0.019029160041812432,-7.215107847588222
NGC 3379,inner,raw,constant,stpsf_field_1024_768,0.20131426097290578,0.3249406179636026,0.342499044690421,-0.0175584267268184,-7.393236087489711
NGC 3379,inner,raw,constant,stpsf_field_1024_768,0.2102615614605905,0.294091595124111,0.30139019782578075,-0.007298602701669765,-3.490176709348907
NGC 3379,inner,raw,constant,stpsf_field_1024_768,0.21920886194827519,0.25604154677381497,0.2619775551911651,-0.005936008417350147,-3.361047353472294
NGC 3379,inner,raw,constant,stpsf_field_1024_768,0.22815616243595988,0.23258030252395182,0.2280033227931043,0.004576979730847502,2.8882983018214397
NGC 3379,inner,raw,constant,stpsf_field_1024_768,0.2371034629236446,0.20239300149315062,0.19687497676613297,0.005518024727017651,4.109678598474431
NGC 3379,inner,raw,constant,stpsf_field_1024_768,0.2460507634113293,0.1772368364023674,0.16823256580121815,0.00900427060114925,7.832310462196022
NGC 3379,inner,raw,N(k),stpsf_field_1024_768,0.04026285219458116,1.8735061851151218,1.4756445970778311,0.39786158803729066,12.781609454881885
NGC 3379,inner,raw,N(k),stpsf_field_1024_768,0.04921015268226586,1.8234715122163119,1.3230236919296825,0.5004478202866294,19.086833664913215
NGC 3379,inner,raw,N(k),stpsf_field_1024_768,0.05815745316995056,1.5671905162622524,1.228891172516957,0.33829934374529547,15.780551323776642
NGC 3379,inner,raw,N(k),stpsf_field_1024_768,0.06710475365763527,1.3773215182922123,0.9935549416579498,0.3837665766342625,22.790968017157677
NGC 3379,inner,raw,N(k),stpsf_field_1024_768,0.07605205414531996,1.3498545592801703,0.8770938598697011,0.47276069941046917,29.155670037044825
NGC 3379,inner,raw,N(k),stpsf_field_1024_768,0.08499935463300468,1.2673187218463329,0.8622279275112306,0.4050907943351023,28.939684972040254
NGC 3379,inner,raw,N(k),stpsf_field_1024_768,0.09394665512068937,1.1368510273407229,0.7556579664353277,0.3811930609053952,32.09424669235162
NGC 3379,inner,raw,N(k),stpsf_field_1024_768,0.10289395560837407,1.0261768759765222,0.7359485311524782,0.290228344824044,28.469491793077577
NGC 3379,inner,raw,N(k),stpsf_field_1024_768,0.11184125609605877,0.9088526751543056,0.6627345144394579,0.2461181607148477,28.108597457693616
NGC 3379,inner,raw,N(k),stpsf_field_1024_768,0.12078855658374346,0.853440943595891,0.6176654222881146,0.23577552130777635,29.609621517037525
NGC 3379,inner,raw,N(k),stpsf_field_1024_768,0.12973585707142818,0.7500555461238125,0.5925363124907849,0.15751923363302767,23.103430986521637
NGC 3379,inner,raw,N(k),stpsf_field_1024_768,0.13868315755911287,0.6992565299499504,0.5269109608279363,0.17234556912201404,28.154364224988463
NGC 3379,inner,raw,N(k),stpsf_field_1024_768,0.14763045804679759,0.6385140399448105,0.5047471275131166,0.13376691243169392,24.9887939609708
NGC 3379,inner,raw,N(k),stpsf_field_1024_768,0.15657775853448228,0.5920488925145911,0.47348569020439213,0.11856320231019901,24.519635542601456
NGC 3379,inner,raw,N(k),stpsf_field_1024_768,0.16552505902216696,0.5332599997470218,0.44506788492448324,0.08819211482253853,21.029089628274967
NGC 3379,inner,raw,N(k),stpsf_field_1024_768,0.17447235950985168,0.4592601602965805,0.39370375404682106,0.06555640624975945,18.38197595052294
NGC 3379,inner,raw,N(k),stpsf_field_1024_768,0.1834196599975364,0.40971167639736084,0.35102715858623257,0.05868451781112827,19.164290266747905
NGC 3379,inner,raw,N(k),stpsf_field_1024_768,0.1923669604852211,0.3684181242002505,0.3469752863215834,0.021442837878667076,8.13027939819656
NGC 3379,inner,raw,N(k),stpsf_field_1024_768,0.20131426097290578,0.3249406179636026,0.33665250899095156,-0.011711891027348986,-4.9314654862493725
NGC 3379,inner,raw,N(k),stpsf_field_1024_768,0.2102615614605905,0.294091595124111,0.3188499193187866,-0.024758324194675607,-11.839379398881015
NGC 3379,inner,raw,N(k),stpsf_field_1024_768,0.21920886194827519,0.25604154677381497,0.2876202316352902,-0.03157868486147525,-17.88027369866451
NGC 3379,inner,raw,N(k),stpsf_field_1024_768,0.22815616243595988,0.23258030252395182,0.2885938477942517,-0.056013545270299864,-35.347289522133956
NGC 3379,inner,raw,N(k),stpsf_field_1024_768,0.2371034629236446,0.20239300149315062,0.2693308279798685,-0.0669378264867179,-49.85351942950426
NGC 3379,inner,raw,N(k),stpsf_field_1024_768,0.2460507634113293,0.1772368364023674,0.23630851982293383,-0.05907168342056643,-51.38314746064846
NGC 3379,inner,winsor_3.0,constant,stpsf_R2024052602-NRCA3_FP1-1,0.04026285219458116,1.478456338857409,1.296698159615028,0.18175817924238102,7.439022155393542
NGC 3379,inner,winsor_3.0,constant,stpsf_R2024052602-NRCA3_FP1-1,0.04921015268226586,1.436798584455491,1.2134083775336357,0.22339020692185518,10.817304356379248
NGC 3379,inner,winsor_3.0,constant,stpsf_R2024052602-NRCA3_FP1-1,0.05815745316995056,1.2390241845094774,1.1277562967709263,0.11126788773855112,6.56613215471975
NGC 3379,inner,winsor_3.0,constant,stpsf_R2024052602-NRCA3_FP1-1,0.06710475365763527,1.0747577887443778,1.0572385386812733,0.017519250063104508,1.3365895789523425
NGC 3379,inner,winsor_3.0,constant,stpsf_R2024052602-NRCA3_FP1-1,0.07605205414531996,1.0627154813613047,0.984029611588289,0.07868586977301562,6.231936133631947
NGC 3379,inner,winsor_3.0,constant,stpsf_R2024052602-NRCA3_FP1-1,0.08499935463300468,0.9973413122006276,0.9146745663944672,0.0826667458061604,7.519252387944326
NGC 3379,inner,winsor_3.0,constant,stpsf_R2024052602-NRCA3_FP1-1,0.09394665512068937,0.8943462414466775,0.8392319263803828,0.05511431506629472,5.895839668416679
NGC 3379,inner,winsor_3.0,constant,stpsf_R2024052602-NRCA3_FP1-1,0.10289395560837407,0.8076355838023049,0.7771976551748487,0.0304379286274562,3.7776162636554567
NGC 3379,inner,winsor_3.0,constant,stpsf_R2024052602-NRCA3_FP1-1,0.11184125609605877,0.7147739518193386,0.7170667345150425,-0.0022927826957039876,-0.3345550745402371
NGC 3379,inner,winsor_3.0,constant,stpsf_R2024052602-NRCA3_FP1-1,0.12078855658374346,0.6663956237045364,0.6553588198564034,0.011036803848132992,1.7764459303280296
NGC 3379,inner,winsor_3.0,constant,stpsf_R2024052602-NRCA3_FP1-1,0.12973585707142818,0.5859217570945146,0.6045919017768197,-0.0186701446823051,-3.480780410031077
NGC 3379,inner,winsor_3.0,constant,stpsf_R2024052602-NRCA3_FP1-1,0.13868315755911287,0.5446777154208952,0.5532974717974887,-0.008619756376593513,-1.8167991949947413
NGC 3379,inner,winsor_3.0,constant,stpsf_R2024052602-NRCA3_FP1-1,0.14763045804679759,0.4979632094753434,0.5100107420212013,-0.012047532545857942,-2.88014079503896
NGC 3379,inner,winsor_3.0,constant,stpsf_R2024052602-NRCA3_FP1-1,0.15657775853448228,0.4624778927406174,0.4630873585105343,-0.0006094657699168837,-0.16287425110367115
NGC 3379,inner,winsor_3.0,constant,stpsf_R2024052602-NRCA3_FP1-1,0.16552505902216696,0.41761324025982755,0.41834637360149063,-0.0007331333416630836,-0.22497850434623778
NGC 3379,inner,winsor_3.0,constant,stpsf_R2024052602-NRCA3_FP1-1,0.17447235950985168,0.3570680627480011,0.374946521572709,-0.0178784588247079,-6.465069568503886
NGC 3379,inner,winsor_3.0,constant,stpsf_R2024052602-NRCA3_FP1-1,0.1834196599975364,0.31950985268469984,0.33610334568354505,-0.016593492998845216,-6.9531472322540795
NGC 3379,inner,winsor_3.0,constant,stpsf_R2024052602-NRCA3_FP1-1,0.1923669604852211,0.28779120711835715,0.303459378904018,-0.015668171785660823,-7.572003915771869
NGC 3379,inner,winsor_3.0,constant,stpsf_R2024052602-NRCA3_FP1-1,0.20131426097290578,0.25431149812502324,0.26556264690258763,-0.01125114877756439,-6.096017432895123
NGC 3379,inner,winsor_3.0,constant,stpsf_R2024052602-NRCA3_FP1-1,0.2102615614605905,0.22946867494423714,0.23397077896661744,-0.004502104022380299,-2.7678656944810647
NGC 3379,inner,winsor_3.0,constant,stpsf_R2024052602-NRCA3_FP1-1,0.21920886194827519,0.1994320250112579,0.20618584559867104,-0.00675382058741314,-4.843828622518488
NGC 3379,inner,winsor_3.0,constant,stpsf_R2024052602-NRCA3_FP1-1,0.22815616243595988,0.1813519109998292,0.17787684514796587,0.0034750658518633293,2.835496642860648
NGC 3379,inner,winsor_3.0,constant,stpsf_R2024052602-NRCA3_FP1-1,0.2371034629236446,0.15835707064292098,0.1536442858735444,0.004712784769376588,4.524583595093226
NGC 3379,inner,winsor_3.0,constant,stpsf_R2024052602-NRCA3_FP1-1,0.2460507634113293,0.1388184911308682,0.13177590309023313,0.007042588040635067,7.842317954117559
NGC 3379,inner,winsor_3.0,N(k),stpsf_R2024052602-NRCA3_FP1-1,0.04026285219458116,1.478456338857409,1.1139571541889388,0.3644991846684702,14.918269547340296
NGC 3379,inner,winsor_3.0,N(k),stpsf_R2024052602-NRCA3_FP1-1,0.04921015268226586,1.436798584455491,1.000210290648862,0.436588293806629,21.141072017497596
NGC 3379,inner,winsor_3.0,N(k),stpsf_R2024052602-NRCA3_FP1-1,0.05815745316995056,1.2390241845094774,0.9289495687104439,0.3100746157990335,18.29809971718367
NGC 3379,inner,winsor_3.0,N(k),stpsf_R2024052602-NRCA3_FP1-1,0.06710475365763527,1.0747577887443778,0.766025652183446,0.3087321365609318,23.553985183650575
NGC 3379,inner,winsor_3.0,N(k),stpsf_R2024052602-NRCA3_FP1-1,0.07605205414531996,1.0627154813613047,0.6810752100376564,0.3816402713236483,30.225983442411838
NGC 3379,inner,winsor_3.0,N(k),stpsf_R2024052602-NRCA3_FP1-1,0.08499935463300468,0.9973413122006276,0.6654119814823607,0.3319293307182669,30.19183092660334
NGC 3379,inner,winsor_3.0,N(k),stpsf_R2024052602-NRCA3_FP1-1,0.09394665512068937,0.8943462414466775,0.5913058956029693,0.3030403458437082,32.41766299747941
NGC 3379,inner,winsor_3.0,N(k),stpsf_R2024052602-NRCA3_FP1-1,0.10289395560837407,0.8076355838023049,0.5714300489023946,0.23620553489991036,29.315196875731353
NGC 3379,inner,winsor_3.0,N(k),stpsf_R2024052602-NRCA3_FP1-1,0.11184125609605877,0.7147739518193386,0.5154793162778106,0.19929463554152793,29.080397271836972
NGC 3379,inner,winsor_3.0,N(k),stpsf_R2024052602-NRCA3_FP1-1,0.12078855658374346,0.6663956237045364,0.48340398466313544,0.18299163904140098,29.453703892195456
NGC 3379,inner,winsor_3.0,N(k),stpsf_R2024052602-NRCA3_FP1-1,0.12973585707142818,0.5859217570945146,0.4607844595290838,0.12513729756543074,23.33005240943868
NGC 3379,inner,winsor_3.0,N(k),stpsf_R2024052602-NRCA3_FP1-1,0.13868315755911287,0.5446777154208952,0.41276240431518196,0.1319153111057132,27.803991267680647
NGC 3379,inner,winsor_3.0,N(k),stpsf_R2024052602-NRCA3_FP1-1,0.14763045804679759,0.4979632094753434,0.39438902350585603,0.10357418596948736,24.760940648069358
NGC 3379,inner,winsor_3.0,N(k),stpsf_R2024052602-NRCA3_FP1-1,0.15657775853448228,0.4624778927406174,0.36986906857039187,0.09260882417022553,24.748876190986213
NGC 3379,inner,winsor_3.0,N(k),stpsf_R2024052602-NRCA3_FP1-1,0.16552505902216696,0.41761324025982755,0.34826413225870484,0.0693491080011227,21.28133820847058
NGC 3379,inner,winsor_3.0,N(k),stpsf_R2024052602-NRCA3_FP1-1,0.17447235950985168,0.3570680627480011,0.3097449131130141,0.047323149634987016,17.112630209942548
NGC 3379,inner,winsor_3.0,N(k),stpsf_R2024052602-NRCA3_FP1-1,0.1834196599975364,0.31950985268469984,0.2792003505371465,0.040309502147553355,16.89083204544732
NGC 3379,inner,winsor_3.0,N(k),stpsf_R2024052602-NRCA3_FP1-1,0.1923669604852211,0.28779120711835715,0.272841660127222,0.014949546991135154,7.224711976893652
NGC 3379,inner,winsor_3.0,N(k),stpsf_R2024052602-NRCA3_FP1-1,0.20131426097290578,0.25431149812502324,0.2639450432945828,-0.009633545169559554,-5.2195789474690875
NGC 3379,inner,winsor_3.0,N(k),stpsf_R2024052602-NRCA3_FP1-1,0.2102615614605905,0.22946867494423714,0.24933880643408418,-0.019870131489847037,-12.216033885973548
NGC 3379,inner,winsor_3.0,N(k),stpsf_R2024052602-NRCA3_FP1-1,0.21920886194827519,0.1994320250112579,0.22510084320225793,-0.02566881819100003,-18.409632688719725
NGC 3379,inner,winsor_3.0,N(k),stpsf_R2024052602-NRCA3_FP1-1,0.22815616243595988,0.1813519109998292,0.2242121379116056,-0.042860226911776406,-34.97200763991946
NGC 3379,inner,winsor_3.0,N(k),stpsf_R2024052602-NRCA3_FP1-1,0.2371034629236446,0.15835707064292098,0.20933088850538528,-0.0509738178624643,-48.93822047177527
NGC 3379,inner,winsor_3.0,N(k),stpsf_R2024052602-NRCA3_FP1-1,0.2460507634113293,0.1388184911308682,0.18519355259634168,-0.04637506146547349,-51.64123970556603
NGC 3379,inner,winsor_3.0,constant,stpsf_field_1280_1024,0.04026285219458116,1.478456338857409,1.3190516114822868,0.15940472737512223,6.524137200101872
NGC 3379,inner,winsor_3.0,constant,stpsf_field_1280_1024,0.04921015268226586,1.436798584455491,1.2135833504565343,0.2232152339989566,10.808831579585673
NGC 3379,inner,winsor_3.0,constant,stpsf_field_1280_1024,0.05815745316995056,1.2390241845094774,1.133998361806523,0.10502582270295435,6.19777588612238
NGC 3379,inner,winsor_3.0,constant,stpsf_field_1280_1024,0.06710475365763527,1.0747577887443778,1.0620416153489667,0.01271617339541109,0.9701502509089508
NGC 3379,inner,winsor_3.0,constant,stpsf_field_1280_1024,0.07605205414531996,1.0627154813613047,0.9840898699051139,0.07862561145619074,6.227163663262667
NGC 3379,inner,winsor_3.0,constant,stpsf_field_1280_1024,0.08499935463300468,0.9973413122006276,0.9110088436958579,0.08633246850476972,7.852681433520786
NGC 3379,inner,winsor_3.0,constant,stpsf_field_1280_1024,0.09394665512068937,0.8943462414466775,0.8488396314153168,0.045506610031360695,4.868057895219023
NGC 3379,inner,winsor_3.0,constant,stpsf_field_1280_1024,0.10289395560837407,0.8076355838023049,0.7795352576941903,0.028100326108114637,3.487499107422258
NGC 3379,inner,winsor_3.0,constant,stpsf_field_1280_1024,0.11184125609605877,0.7147739518193386,0.7140845169369905,0.0006894348823480723,0.10059999968020421
NGC 3379,inner,winsor_3.0,constant,stpsf_field_1280_1024,0.12078855658374346,0.6663956237045364,0.659891685899477,0.006503937805059423,1.0468514258191612
NGC 3379,inner,winsor_3.0,constant,stpsf_field_1280_1024,0.12973585707142818,0.5859217570945146,0.6029990602563937,-0.017077303161879165,-3.183817978570252
NGC 3379,inner,winsor_3.0,constant,stpsf_field_1280_1024,0.13868315755911287,0.5446777154208952,0.5550858003074093,-0.010408084886514124,-2.1937279218938555
NGC 3379,inner,winsor_3.0,constant,stpsf_field_1280_1024,0.14763045804679759,0.4979632094753434,0.5066310181135647,-0.008667808638221308,-2.072167820880079
NGC 3379,inner,winsor_3.0,constant,stpsf_field_1280_1024,0.15657775853448228,0.4624778927406174,0.4608399133613788,0.0016379793792385966,0.4377352722419924
NGC 3379,inner,winsor_3.0,constant,stpsf_field_1280_1024,0.16552505902216696,0.41761324025982755,0.41645420235467717,0.001159037905150373,0.35567692746016305
NGC 3379,inner,winsor_3.0,constant,stpsf_field_1280_1024,0.17447235950985168,0.3570680627480011,0.376592773761481,-0.019524711013479856,-7.060374512406756
NGC 3379,inner,winsor_3.0,constant,stpsf_field_1280_1024,0.1834196599975364,0.31950985268469984,0.33633681721644365,-0.016826964531743815,-7.0509784690465365
NGC 3379,inner,winsor_3.0,constant,stpsf_field_1280_1024,0.1923669604852211,0.28779120711835715,0.2993711411535765,-0.011579934035219341,-5.596269115411837
NGC 3379,inner,winsor_3.0,constant,stpsf_field_1280_1024,0.20131426097290578,0.25431149812502324,0.2668401319780376,-0.012528633853014337,-6.788175313318427
NGC 3379,inner,winsor_3.0,constant,stpsf_field_1280_1024,0.2102615614605905,0.22946867494423714,0.23607100447971335,-0.006602329535476209,-4.059071343989493
NGC 3379,inner,winsor_3.0,constant,stpsf_field_1280_1024,0.21920886194827519,0.1994320250112579,0.20438818202961268,-0.004956157018354779,-3.5545473724817858
NGC 3379,inner,winsor_3.0,constant,stpsf_field_1280_1024,0.22815616243595988,0.1813519109998292,0.1783854487799399,0.0029664622198893043,2.4204990708762772
NGC 3379,inner,winsor_3.0,constant,stpsf_field_1280_1024,0.2371034629236446,0.15835707064292098,0.154509533128104,0.003847537514816979,3.693889276286529
NGC 3379,inner,winsor_3.0,constant,stpsf_field_1280_1024,0.2460507634113293,0.1388184911308682,0.13142794005693798,0.007390551073930218,8.229794365862025
NGC 3379,inner,winsor_3.0,N(k),stpsf_field_1280_1024,0.04026285219458116,1.478456338857409,1.0632554748639291,0.4152008639934799,16.993394404920625
NGC 3379,inner,winsor_3.0,N(k),stpsf_field_1280_1024,0.04921015268226586,1.436798584455491,0.9640888118648689,0.47270977259062197,22.890195379676282
NGC 3379,inner,winsor_3.0,N(k),stpsf_field_1280_1024,0.05815745316995056,1.2390241845094774,0.896207299789931,0.3428168847195464,20.230284008150246
NGC 3379,inner,winsor_3.0,N(k),stpsf_field_1280_1024,0.06710475365763527,1.0747577887443778,0.7553641766749739,0.31939361206940386,24.367377138759995
NGC 3379,inner,winsor_3.0,N(k),stpsf_field_1280_1024,0.07605205414531996,1.0627154813613047,0.6787743770310475,0.3839411043302572,30.408209862386627
NGC 3379,inner,winsor_3.0,N(k),stpsf_field_1280_1024,0.08499935463300468,0.9973413122006276,0.6594248644214612,0.3379164477791664,30.73641077933677
NGC 3379,inner,winsor_3.0,N(k),stpsf_field_1280_1024,0.09394665512068937,0.8943462414466775,0.5893500295096227,0.30499621193705484,32.6268912693974
NGC 3379,inner,winsor_3.0,N(k),stpsf_field_1280_1024,0.10289395560837407,0.8076355838023049,0.5676955081566879,0.23994007564561703,29.778686426250236
NGC 3379,inner,winsor_3.0,N(k),stpsf_field_1280_1024,0.11184125609605877,0.7147739518193386,0.5163284504541304,0.1984455013652081,28.956494492831517
NGC 3379,inner,winsor_3.0,N(k),stpsf_field_1280_1024,0.12078855658374346,0.6663956237045364,0.48288503352725565,0.18351059017728077,29.537232479462027
NGC 3379,inner,winsor_3.0,N(k),stpsf_field_1280_1024,0.12973585707142818,0.5859217570945146,0.45995990278856874,0.1259618543059458,23.483779174719942
NGC 3379,inner,winsor_3.0,N(k),stpsf_field_1280_1024,0.13868315755911287,0.5446777154208952,0.4149417852902273,0.12973593013066786,27.34463981642606
NGC 3379,inner,winsor_3.0,N(k),stpsf_field_1280_1024,0.14763045804679759,0.4979632094753434,0.3961389229255191,0.10182428654982428,24.342601317040163
NGC 3379,inner,winsor_3.0,N(k),stpsf_field_1280_1024,0.15657775853448228,0.4624778927406174,0.3711561598396482,0.09132173290096918,24.404912613489824
NGC 3379,inner,winsor_3.0,N(k),stpsf_field_1280_1024,0.16552505902216696,0.41761324025982755,0.34888234653810973,0.06873089372171781,21.09162521079066
NGC 3379,inner,winsor_3.0,N(k),stpsf_field_1280_1024,0.17447235950985168,0.3570680627480011,0.312447573789908,0.04462048895809312,16.135315024808612
NGC 3379,inner,winsor_3.0,N(k),stpsf_field_1280_1024,0.1834196599975364,0.31950985268469984,0.28362457468788094,0.0358852779968189,15.036955835616647
NGC 3379,inner,winsor_3.0,N(k),stpsf_field_1280_1024,0.1923669604852211,0.28779120711835715,0.27566150189832966,0.012129705220027487,5.861958668800292
NGC 3379,inner,winsor_3.0,N(k),stpsf_field_1280_1024,0.20131426097290578,0.25431149812502324,0.2639150182006773,-0.00960352007565407,-5.203310964573232
NGC 3379,inner,winsor_3.0,N(k),stpsf_field_1280_1024,0.2102615614605905,0.22946867494423714,0.24865196749248658,-0.019183292548249437,-11.793769554756127
NGC 3379,inner,winsor_3.0,N(k),stpsf_field_1280_1024,0.21920886194827519,0.1994320250112579,0.22641925394032547,-0.026987228929067575,-19.355194624609606
NGC 3379,inner,winsor_3.0,N(k),stpsf_field_1280_1024,0.22815616243595988,0.1813519109998292,0.22258492808367047,-0.04123301708384128,-33.64427797923809
NGC 3379,inner,winsor_3.0,N(k),stpsf_field_1280_1024,0.2371034629236446,0.15835707064292098,0.20788636559287466,-0.04952929494995367,-47.55138339083078
NGC 3379,inner,winsor_3.0,N(k),stpsf_field_1280_1024,0.2460507634113293,0.1388184911308682,0.18600183623303693,-0.04718334510216873,-52.54130900388366
NGC 3379,inner,winsor_3.0,constant,stpsf_field_768_1024,0.04026285219458116,1.478456338857409,1.3197092525130332,0.15874708634437584,6.497221183345925
NGC 3379,inner,winsor_3.0,constant,stpsf_field_768_1024,0.04921015268226586,1.436798584455491,1.2125910778419742,0.22420750661351674,10.856880753379366
NGC 3379,inner,winsor_3.0,constant,stpsf_field_768_1024,0.05815745316995056,1.2390241845094774,1.1359831420585715,0.10304104245090584,6.080650184377678
NGC 3379,inner,winsor_3.0,constant,stpsf_field_768_1024,0.06710475365763527,1.0747577887443778,1.0609062442657424,0.013851544478635347,1.0567706914309614
NGC 3379,inner,winsor_3.0,constant,stpsf_field_768_1024,0.07605205414531996,1.0627154813613047,0.986610225817608,0.07610525554369663,6.027550986603008
NGC 3379,inner,winsor_3.0,constant,stpsf_field_768_1024,0.08499935463300468,0.9973413122006276,0.9142014557687254,0.08313985643190225,7.562285873388555
NGC 3379,inner,winsor_3.0,constant,stpsf_field_768_1024,0.09394665512068937,0.8943462414466775,0.8441043758065735,0.05024186564010402,5.374610645163202
NGC 3379,inner,winsor_3.0,constant,stpsf_field_768_1024,0.10289395560837407,0.8076355838023049,0.776922418840506,0.03071316496179899,3.811775528094507
NGC 3379,inner,winsor_3.0,constant,stpsf_field_768_1024,0.11184125609605877,0.7147739518193386,0.7157082419843561,-0.0009342901650175595,-0.13632845205318792
NGC 3379,inner,winsor_3.0,constant,stpsf_field_768_1024,0.12078855658374346,0.6663956237045364,0.6566925643284593,0.009703059376077072,1.561771014285008
NGC 3379,inner,winsor_3.0,constant,stpsf_field_768_1024,0.12973585707142818,0.5859217570945146,0.6039944140778415,-0.01807265698332694,-3.369387407286496
NGC 3379,inner,winsor_3.0,constant,stpsf_field_768_1024,0.13868315755911287,0.5446777154208952,0.5526305354236853,-0.007952820002790184,-1.6762279985362338
NGC 3379,inner,winsor_3.0,constant,stpsf_field_768_1024,0.14763045804679759,0.4979632094753434,0.5077608023334204,-0.009797592858076964,-2.3422594441076314
NGC 3379,inner,winsor_3.0,constant,stpsf_field_768_1024,0.15657775853448228,0.4624778927406174,0.46255566680465987,-7.777406404246845e-05,-0.020784419833674222
NGC 3379,inner,winsor_3.0,constant,stpsf_field_768_1024,0.16552505902216696,0.41761324025982755,0.41780917492475167,-0.00019593466492412448,-0.060126971942395364
NGC 3379,inner,winsor_3.0,constant,stpsf_field_768_1024,0.17447235950985168,0.3570680627480011,0.37565768257420107,-0.018589619826199943,-6.722234092254612
NGC 3379,inner,winsor_3.0,constant,stpsf_field_768_1024,0.1834196599975364,0.31950985268469984,0.33852357455638704,-0.019013721871687206,-7.967292216061516
NGC 3379,inner,winsor_3.0,constant,stpsf_field_768_1024,0.1923669604852211,0.28779120711835715,0.3010109444213811,-0.013219737303023948,-6.388741711115402
NGC 3379,inner,winsor_3.0,constant,stpsf_field_768_1024,0.20131426097290578,0.25431149812502324,0.26625120851136674,-0.011939710386343505,-6.46908898796245
NGC 3379,inner,winsor_3.0,constant,stpsf_field_768_1024,0.2102615614605905,0.22946867494423714,0.2339091608774612,-0.004440485933224048,-2.729983274553128
NGC 3379,inner,winsor_3.0,constant,stpsf_field_768_1024,0.21920886194827519,0.1994320250112579,0.20436860303361884,-0.0049365780223609435,-3.5405053499009873
NGC 3379,inner,winsor_3.0,constant,stpsf_field_768_1024,0.22815616243595988,0.1813519109998292,0.17847900314682338,0.0028729078530058128,2.344162936675869
NGC 3379,inner,winsor_3.0,constant,stpsf_field_768_1024,0.2371034629236446,0.15835707064292098,0.1533036591197132,0.00505341152320779,4.851607700341806
NGC 3379,inner,winsor_3.0,constant,stpsf_field_768_1024,0.2460507634113293,0.1388184911308682,0.13244875478732301,0.006369736343545179,7.0930597390834915
NGC 3379,inner,winsor_3.0,N(k),stpsf_field_768_1024,0.04026285219458116,1.478456338857409,1.1218073177529801,0.35664902110442886,14.596977042541976
NGC 3379,inner,winsor_3.0,N(k),stpsf_field_768_1024,0.04921015268226586,1.436798584455491,1.0118549120345042,0.42494367242098674,20.57720032688513
NGC 3379,inner,winsor_3.0,N(k),stpsf_field_768_1024,0.05815745316995056,1.2390241845094774,0.9364723453592114,0.30255183915026596,17.85416619197545
NGC 3379,inner,winsor_3.0,N(k),stpsf_field_768_1024,0.06710475365763527,1.0747577887443778,0.7682484387714159,0.30650934997296186,23.38440295958195
NGC 3379,inner,winsor_3.0,N(k),stpsf_field_768_1024,0.07605205414531996,1.0627154813613047,0.6812300423807327,0.38148543898057197,30.213720690837054
NGC 3379,inner,winsor_3.0,N(k),stpsf_field_768_1024,0.08499935463300468,0.9973413122006276,0.6677648448127969,0.32957646738783075,29.97781774580906
NGC 3379,inner,winsor_3.0,N(k),stpsf_field_768_1024,0.09394665512068937,0.8943462414466775,0.590232710689589,0.30411353075708847,32.53246667736263
NGC 3379,inner,winsor_3.0,N(k),stpsf_field_768_1024,0.10289395560837407,0.8076355838023049,0.5727609078443621,0.23487467595794287,29.150025505322372
NGC 3379,inner,winsor_3.0,N(k),stpsf_field_768_1024,0.11184125609605877,0.7147739518193386,0.5159227122228318,0.19885123959650675,29.015698439402765
NGC 3379,inner,winsor_3.0,N(k),stpsf_field_768_1024,0.12078855658374346,0.6663956237045364,0.483122665746165,0.1832729579583714,29.498984016047704
NGC 3379,inner,winsor_3.0,N(k),stpsf_field_768_1024,0.12973585707142818,0.5859217570945146,0.4614105137521056,0.12451124334240893,23.213333588444385
NGC 3379,inner,winsor_3.0,N(k),stpsf_field_768_1024,0.13868315755911287,0.5446777154208952,0.4123477560355008,0.13232995938539438,27.891387317849347
NGC 3379,inner,winsor_3.0,N(k),stpsf_field_768_1024,0.14763045804679759,0.4979632094753434,0.39477775163195994,0.10318545784338345,24.668009441624445
NGC 3379,inner,winsor_3.0,N(k),stpsf_field_768_1024,0.15657775853448228,0.4624778927406174,0.3698027185982792,0.09267517414233822,24.766607624894434
NGC 3379,inner,winsor_3.0,N(k),stpsf_field_768_1024,0.16552505902216696,0.41761324025982755,0.3483752491020925,0.06923799115773505,21.247239498437395
NGC 3379,inner,winsor_3.0,N(k),stpsf_field_768_1024,0.17447235950985168,0.3570680627480011,0.30868085283632785,0.04838720991167328,17.49740743158713
NGC 3379,inner,winsor_3.0,N(k),stpsf_field_768_1024,0.1834196599975364,0.31950985268469984,0.2771127756304823,0.042397077054217525,17.765585521728966
NGC 3379,inner,winsor_3.0,N(k),stpsf_field_768_1024,0.1923669604852211,0.28779120711835715,0.27291858669911995,0.014872620419237204,7.187535444008605
NGC 3379,inner,winsor_3.0,N(k),stpsf_field_768_1024,0.20131426097290578,0.25431149812502324,0.2636993295443158,-0.009387831419292558,-5.086448070369984
NGC 3379,inner,winsor_3.0,N(k),stpsf_field_768_1024,0.2102615614605905,0.22946867494423714,0.24948745671304384,-0.020018781768806698,-12.307423157647897
NGC 3379,inner,winsor_3.0,N(k),stpsf_field_768_1024,0.21920886194827519,0.1994320250112579,0.2253203711101516,-0.025888346098893705,-18.56707773037196
NGC 3379,inner,winsor_3.0,N(k),stpsf_field_768_1024,0.22815616243595988,0.1813519109998292,0.22447976880936707,-0.04312785780953787,-35.19038235409114
NGC 3379,inner,winsor_3.0,N(k),stpsf_field_768_1024,0.2371034629236446,0.15835707064292098,0.20981618853523398,-0.051459117892313,-49.40414044504028
NGC 3379,inner,winsor_3.0,N(k),stpsf_field_768_1024,0.2460507634113293,0.1388184911308682,0.1847092642989466,-0.04589077316807841,-51.10195744346058
NGC 3379,inner,winsor_3.0,constant,stpsf_field_1024_1280,0.04026285219458116,1.478456338857409,1.3147343103003764,0.16372202855703266,6.70083625858501
NGC 3379,inner,winsor_3.0,constant,stpsf_field_1024_1280,0.04921015268226586,1.436798584455491,1.2161336659560913,0.22066491849939962,10.685336734652074
NGC 3379,inner,winsor_3.0,constant,stpsf_field_1024_1280,0.05815745316995056,1.2390241845094774,1.1322015427911138,0.10682264171836353,6.30380963362204
NGC 3379,inner,winsor_3.0,constant,stpsf_field_1024_1280,0.06710475365763527,1.0747577887443778,1.056087132184153,0.01867065656022482,1.4244334032967458
NGC 3379,inner,winsor_3.0,constant,stpsf_field_1024_1280,0.07605205414531996,1.0627154813613047,0.991336376967036,0.07137910439426864,5.653238899743075
NGC 3379,inner,winsor_3.0,constant,stpsf_field_1024_1280,0.08499935463300468,0.9973413122006276,0.92004213337554,0.07729917882508763,7.031025950018245
NGC 3379,inner,winsor_3.0,constant,stpsf_field_1024_1280,0.09394665512068937,0.8943462414466775,0.846879829951626,0.047466411495051486,5.0777071523666555
NGC 3379,inner,winsor_3.0,constant,stpsf_field_1024_1280,0.10289395560837407,0.8076355838023049,0.7788015781162669,0.028834005686038,3.5785552347887934
NGC 3379,inner,winsor_3.0,constant,stpsf_field_1024_1280,0.11184125609605877,0.7147739518193386,0.7169493189826843,-0.002175367163345765,-0.31742219829606017
NGC 3379,inner,winsor_3.0,constant,stpsf_field_1024_1280,0.12078855658374346,0.6663956237045364,0.6558944079604334,0.01050121574410301,1.6902395139752449
NGC 3379,inner,winsor_3.0,constant,stpsf_field_1024_1280,0.12973585707142818,0.5859217570945146,0.6049270892710676,-0.01900533217655309,-3.543271305710722
NGC 3379,inner,winsor_3.0,constant,stpsf_field_1024_1280,0.13868315755911287,0.5446777154208952,0.5568613201757409,-0.0121836047548457,-2.5679569518744896
NGC 3379,inner,winsor_3.0,constant,stpsf_field_1024_1280,0.14763045804679759,0.4979632094753434,0.5060033697403086,-0.00804016026496518,-1.9221191965768123
NGC 3379,inner,winsor_3.0,constant,stpsf_field_1024_1280,0.15657775853448228,0.4624778927406174,0.46363505897382745,-0.0011571662332100496,-0.30924227895890855
NGC 3379,inner,winsor_3.0,constant,stpsf_field_1024_1280,0.16552505902216696,0.41761324025982755,0.41686235401124777,0.000750886248579774,0.230426384314232
NGC 3379,inner,winsor_3.0,constant,stpsf_field_1024_1280,0.17447235950985168,0.3570680627480011,0.3757237936274202,-0.018655730879419075,-6.746140658390954
NGC 3379,inner,winsor_3.0,constant,stpsf_field_1024_1280,0.1834196599975364,0.31950985268469984,0.33680710323613255,-0.01729725055143272,-7.248041735737598
NGC 3379,inner,winsor_3.0,constant,stpsf_field_1024_1280,0.1923669604852211,0.28779120711835715,0.2992987078134846,-0.01150750069512746,-5.561264040007308
NGC 3379,inner,winsor_3.0,constant,stpsf_field_1024_1280,0.20131426097290578,0.25431149812502324,0.26791908609111315,-0.013607587966089907,-7.372766559300191
NGC 3379,inner,winsor_3.0,constant,stpsf_field_1024_1280,0.2102615614605905,0.22946867494423714,0.23309718328181933,-0.003628508337582187,-2.230784473172239
NGC 3379,inner,winsor_3.0,constant,stpsf_field_1024_1280,0.21920886194827519,0.1994320250112579,0.20470593585292995,-0.005273910841672058,-3.7824398733822937
NGC 3379,inner,winsor_3.0,constant,stpsf_field_1024_1280,0.22815616243595988,0.1813519109998292,0.17737643451697788,0.00397547648285132,3.2438090964095223
NGC 3379,inner,winsor_3.0,constant,stpsf_field_1024_1280,0.2371034629236446,0.15835707064292098,0.15321887322745376,0.005138197415467227,4.933007737896065
NGC 3379,inner,winsor_3.0,constant,stpsf_field_1024_1280,0.2460507634113293,0.1388184911308682,0.13320487592084274,0.005613615210025458,6.251076322379948
NGC 3379,inner,winsor_3.0,N(k),stpsf_field_1024_1280,0.04026285219458116,1.478456338857409,0.9753748378287932,0.5030815010286158,20.590184429223633
NGC 3379,inner,winsor_3.0,N(k),stpsf_field_1024_1280,0.04921015268226586,1.436798584455491,0.8945766199969601,0.5422219644585308,26.256209254121714
NGC 3379,inner,winsor_3.0,N(k),stpsf_field_1024_1280,0.05815745316995056,1.2390241845094774,0.835791709310027,0.4032324751994504,23.7955242527445
NGC 3379,inner,winsor_3.0,N(k),stpsf_field_1024_1280,0.06710475365763527,1.0747577887443778,0.7378999045217057,0.33685788422267204,25.69977230864259
NGC 3379,inner,winsor_3.0,N(k),stpsf_field_1024_1280,0.07605205414531996,1.0627154813613047,0.6777980694556022,0.3849174119057025,30.485533611549055
NGC 3379,inner,winsor_3.0,N(k),stpsf_field_1024_1280,0.08499935463300468,0.9973413122006276,0.6490412618078669,0.3483000503927607,31.680888851944236
NGC 3379,inner,winsor_3.0,N(k),stpsf_field_1024_1280,0.09394665512068937,0.8943462414466775,0.5921565084886267,0.30218973295805085,32.32666890297433
NGC 3379,inner,winsor_3.0,N(k),stpsf_field_1024_1280,0.10289395560837407,0.8076355838023049,0.5629420423390321,0.24469354146327282,30.368633593854444
NGC 3379,inner,winsor_3.0,N(k),stpsf_field_1024_1280,0.11184125609605877,0.7147739518193386,0.5184031448474894,0.19637080697184917,28.653762123680725
NGC 3379,inner,winsor_3.0,N(k),stpsf_field_1024_1280,0.12078855658374346,0.6663956237045364,0.48485673221174486,0.18153889149279157,29.219874650865073
NGC 3379,inner,winsor_3.0,N(k),stpsf_field_1024_1280,0.12973585707142818,0.5859217570945146,0.4588680653092442,0.12705369178527037,23.68733659613471
NGC 3379,inner,winsor_3.0,N(k),stpsf_field_1024_1280,0.13868315755911287,0.5446777154208952,0.421588355676743,0.12308935974415214,25.943732041295895
NGC 3379,inner,winsor_3.0,N(k),stpsf_field_1024_1280,0.14763045804679759,0.4979632094753434,0.39851256043876815,0.09945064903657524,23.77514817188192
NGC 3379,inner,winsor_3.0,N(k),stpsf_field_1024_1280,0.15657775853448228,0.4624778927406174,0.37367784775079016,0.08880004498982724,23.731014176010003
NGC 3379,inner,winsor_3.0,N(k),stpsf_field_1024_1280,0.16552505902216696,0.41761324025982755,0.3496657263049809,0.06794751395484666,20.851227457380656
NGC 3379,inner,winsor_3.0,N(k),stpsf_field_1024_1280,0.17447235950985168,0.3570680627480011,0.31901541914541054,0.038052643602590586,13.760301744591338
NGC 3379,inner,winsor_3.0,N(k),stpsf_field_1024_1280,0.1834196599975364,0.31950985268469984,0.29302181521050313,0.026488037474196702,11.09924380986995
NGC 3379,inner,winsor_3.0,N(k),stpsf_field_1024_1280,0.1923669604852211,0.28779120711835715,0.2792405450753479,0.00855066204300925,4.1323038423258645
NGC 3379,inner,winsor_3.0,N(k),stpsf_field_1024_1280,0.20131426097290578,0.25431149812502324,0.2647417890730448,-0.010430290948021559,-5.651266080144387
NGC 3379,inner,winsor_3.0,N(k),stpsf_field_1024_1280,0.2102615614605905,0.22946867494423714,0.24776213566234942,-0.018293460718112275,-11.246706451760168
NGC 3379,inner,winsor_3.0,N(k),stpsf_field_1024_1280,0.21920886194827519,0.1994320250112579,0.22796332090437643,-0.028531295893118536,-20.462596821448233
NGC 3379,inner,winsor_3.0,N(k),stpsf_field_1024_1280,0.22815616243595988,0.1813519109998292,0.21909220663438778,-0.03774029563455858,-30.794375167014216
NGC 3379,inner,winsor_3.0,N(k),stpsf_field_1024_1280,0.2371034629236446,0.15835707064292098,0.20482864904958326,-0.04647157840666227,-44.615774236744265
NGC 3379,inner,winsor_3.0,N(k),stpsf_field_1024_1280,0.2460507634113293,0.1388184911308682,0.18732674098517282,-0.04850824985430463,-54.016664976037625
NGC 3379,inner,winsor_3.0,constant,stpsf_field_1024_768,0.04026285219458116,1.478456338857409,1.3080865563586572,0.1703697824987518,6.972916387590408
NGC 3379,inner,winsor_3.0,constant,stpsf_field_1024_768,0.04921015268226586,1.436798584455491,1.2119666578590362,0.22483192659645468,10.88711726685378
NGC 3379,inner,winsor_3.0,constant,stpsf_field_1024_768,0.05815745316995056,1.2390241845094774,1.1227069085194492,0.11631727599002817,6.864106271363292
NGC 3379,inner,winsor_3.0,constant,stpsf_field_1024_768,0.06710475365763527,1.0747577887443778,1.05596688637813,0.018790902366247808,1.4336072715082355
NGC 3379,inner,winsor_3.0,constant,stpsf_field_1024_768,0.07605205414531996,1.0627154813613047,0.9804550366656044,0.08226044469570026,6.515043160183398
NGC 3379,inner,winsor_3.0,constant,stpsf_field_1024_768,0.08499935463300468,0.9973413122006276,0.9099514637566648,0.0873898484439628,7.948859244262061
NGC 3379,inner,winsor_3.0,constant,stpsf_field_1024_768,0.09394665512068937,0.8943462414466775,0.8448091489420173,0.04953709250466021,5.299217720399719
NGC 3379,inner,winsor_3.0,constant,stpsf_field_1024_768,0.10289395560837407,0.8076355838023049,0.7772811290216924,0.030354454780612494,3.7672564206685646
NGC 3379,inner,winsor_3.0,constant,stpsf_field_1024_768,0.11184125609605877,0.7147739518193386,0.7113924416063702,0.003381510212968397,0.4934185012290729
NGC 3379,inner,winsor_3.0,constant,stpsf_field_1024_768,0.12078855658374346,0.6663956237045364,0.658437885378793,0.007957738325743424,1.280850149907634
NGC 3379,inner,winsor_3.0,constant,stpsf_field_1024_768,0.12973585707142818,0.5859217570945146,0.6023694144968068,-0.01644765740229226,-3.0664295671506867
NGC 3379,inner,winsor_3.0,constant,stpsf_field_1024_768,0.13868315755911287,0.5446777154208952,0.5515350240757919,-0.006857308654896754,-1.4453254012928818
NGC 3379,inner,winsor_3.0,constant,stpsf_field_1024_768,0.14763045804679759,0.4979632094753434,0.5078314906906913,-0.00986828121534794,-2.359158541141441
NGC 3379,inner,winsor_3.0,constant,stpsf_field_1024_768,0.15657775853448228,0.4624778927406174,0.4612782353658683,0.0011996573747490857,0.32059765476230173
NGC 3379,inner,winsor_3.0,constant,stpsf_field_1024_768,0.16552505902216696,0.41761324025982755,0.4193219621826546,-0.0017087219228270611,-0.5243598683824766
NGC 3379,inner,winsor_3.0,constant,stpsf_field_1024_768,0.17447235950985168,0.3570680627480011,0.3742824182969947,-0.017214355548993587,-6.224921694447159
NGC 3379,inner,winsor_3.0,constant,stpsf_field_1024_768,0.1834196599975364,0.31950985268469984,0.3389319876926775,-0.01942213500797768,-8.138428978430472
NGC 3379,inner,winsor_3.0,constant,stpsf_field_1024_768,0.1923669604852211,0.28779120711835715,0.3029121408458575,-0.01512093372750034,-7.307538554022211
NGC 3379,inner,winsor_3.0,constant,stpsf_field_1024_768,0.20131426097290578,0.25431149812502324,0.2677243483300942,-0.013412850205070936,-7.267255130246669
NGC 3379,inner,winsor_3.0,constant,stpsf_field_1024_768,0.2102615614605905,0.22946867494423714,0.235542229776301,-0.006073554832063843,-3.733983928325854
NGC 3379,inner,winsor_3.0,constant,stpsf_field_1024_768,0.21920886194827519,0.1994320250112579,0.2046879870882997,-0.0052559620770417925,-3.7695670499589182
NGC 3379,inner,winsor_3.0,constant,stpsf_field_1024_768,0.22815616243595988,0.1813519109998292,0.17809121149864013,0.0032606995011890683,2.6605833912590313
NGC 3379,inner,winsor_3.0,constant,stpsf_field_1024_768,0.2371034629236446,0.15835707064292098,0.15372234205498833,0.004634728587932652,4.449644522901399
NGC 3379,inner,winsor_3.0,constant,stpsf_field_1024_768,0.2460507634113293,0.1388184911308682,0.1312995903690922,0.007518900761775998,8.372718963409204
NGC 3379,inner,winsor_3.0,N(k),stpsf_field_1024_768,0.04026285219458116,1.478456338857409,1.155152807517696,0.323303531339713,13.232208545321415
NGC 3379,inner,winsor_3.0,N(k),stpsf_field_1024_768,0.04921015268226586,1.436798584455491,1.0354043261350663,0.40139425832042464,19.436858575783656
NGC 3379,inner,winsor_3.0,N(k),stpsf_field_1024_768,0.05815745316995056,1.2390241845094774,0.9616831775210738,0.2773410069884036,16.366426475964886
NGC 3379,inner,winsor_3.0,N(k),stpsf_field_1024_768,0.06710475365763527,1.0747577887443778,0.776664005672419,0.2980937830719588,22.742357268108798
NGC 3379,inner,winsor_3.0,N(k),stpsf_field_1024_768,0.07605205414531996,1.0627154813613047,0.6852968860251619,0.37741859533614275,29.89162588613247
NGC 3379,inner,winsor_3.0,N(k),stpsf_field_1024_768,0.08499935463300468,0.9973413122006276,0.6739113556009265,0.3234299565997011,29.418739661018577
NGC 3379,inner,winsor_3.0,N(k),stpsf_field_1024_768,0.09394665512068937,0.8943462414466775,0.590286088950223,0.30406015249645446,32.52675655167027
NGC 3379,inner,winsor_3.0,N(k),stpsf_field_1024_768,0.10289395560837407,0.8076355838023049,0.5750728316902305,0.23256275211207444,28.86309529967732
NGC 3379,inner,winsor_3.0,N(k),stpsf_field_1024_768,0.11184125609605877,0.7147739518193386,0.5177181866787035,0.19705576514063505,28.753708896501575
NGC 3379,inner,winsor_3.0,N(k),stpsf_field_1024_768,0.12078855658374346,0.6663956237045364,0.48246826425916783,0.1839273594453686,29.604314225261614
NGC 3379,inner,winsor_3.0,N(k),stpsf_field_1024_768,0.12973585707142818,0.5859217570945146,0.4629349120648869,0.12298684502962764,22.929131410341157
NGC 3379,inner,winsor_3.0,N(k),stpsf_field_1024_768,0.13868315755911287,0.5446777154208952,0.4114876382965298,0.13319007712436537,28.07267564520933
NGC 3379,inner,winsor_3.0,N(k),stpsf_field_1024_768,0.14763045804679759,0.4979632094753434,0.39423306935855745,0.10373014011678594,24.79822379298558
NGC 3379,inner,winsor_3.0,N(k),stpsf_field_1024_768,0.15657775853448228,0.4624778927406174,0.36982727656102404,0.09265061617959336,24.760044729998388
NGC 3379,inner,winsor_3.0,N(k),stpsf_field_1024_768,0.16552505902216696,0.41761324025982755,0.34763985576884604,0.0699733844909815,21.472911532183222
NGC 3379,inner,winsor_3.0,N(k),stpsf_field_1024_768,0.17447235950985168,0.3570680627480011,0.3073966491488121,0.04967141359918903,17.96179120545273
NGC 3379,inner,winsor_3.0,N(k),stpsf_field_1024_768,0.1834196599975364,0.31950985268469984,0.27395059237971947,0.045559260304980365,19.090630569173285
NGC 3379,inner,winsor_3.0,N(k),stpsf_field_1024_768,0.1923669604852211,0.28779120711835715,0.27092387779032867,0.01686732932802848,8.151524342956941
NGC 3379,inner,winsor_3.0,N(k),stpsf_field_1024_768,0.20131426097290578,0.25431149812502324,0.2629551454228649,-0.008643647297841672,-4.683239520973271
NGC 3379,inner,winsor_3.0,N(k),stpsf_field_1024_768,0.2102615614605905,0.22946867494423714,0.24908250152582978,-0.019613826581592636,-12.058459214362696
NGC 3379,inner,winsor_3.0,N(k),stpsf_field_1024_768,0.21920886194827519,0.1994320250112579,0.22463020485037777,-0.025198179839119872,-18.07209166431931
NGC 3379,inner,winsor_3.0,N(k),stpsf_field_1024_768,0.22815616243595988,0.1813519109998292,0.22551805400843614,-0.04416614300860694,-36.037576140279
NGC 3379,inner,winsor_3.0,N(k),stpsf_field_1024_768,0.2371034629236446,0.15835707064292098,0.21045975901895972,-0.052102688376038736,-50.022010472093704
NGC 3379,inner,winsor_3.0,N(k),stpsf_field_1024_768,0.2460507634113293,0.1388184911308682,0.18455740120308559,-0.04573891007221739,-50.932849343374784
NGC 3379,inner,winsor_3.5,constant,stpsf_R2024052602-NRCA3_FP1-1,0.04026285219458116,1.6815997129814257,1.4761255456519713,0.20547416732945445,7.382763895405792
NGC 3379,inner,winsor_3.5,constant,stpsf_R2024052602-NRCA3_FP1-1,0.04921015268226586,1.635702307487955,1.381243402937772,0.25445890455018305,10.817043162793523
NGC 3379,inner,winsor_3.5,constant,stpsf_R2024052602-NRCA3_FP1-1,0.05815745316995056,1.405161667506026,1.2836701742942656,0.12149149321176034,6.326109790906509
NGC 3379,inner,winsor_3.5,constant,stpsf_R2024052602-NRCA3_FP1-1,0.06710475365763527,1.2245815146998182,1.203337679482244,0.021243835217574336,1.4216410152075156
NGC 3379,inner,winsor_3.5,constant,stpsf_R2024052602-NRCA3_FP1-1,0.07605205414531996,1.207912190073855,1.1199394558970028,0.08797273417685214,6.10305503425311
NGC 3379,inner,winsor_3.5,constant,stpsf_R2024052602-NRCA3_FP1-1,0.08499935463300468,1.1335906463454661,1.0409315016007685,0.09265914474469761,7.394034079619528
NGC 3379,inner,winsor_3.5,constant,stpsf_R2024052602-NRCA3_FP1-1,0.09394665512068937,1.0176185098488566,0.9549886745495793,0.06262983529927735,5.892539106716578
NGC 3379,inner,winsor_3.5,constant,stpsf_R2024052602-NRCA3_FP1-1,0.10289395560837407,0.9187182270669519,0.8843204073671418,0.03439781969981015,3.7594377083000783
NGC 3379,inner,winsor_3.5,constant,stpsf_R2024052602-NRCA3_FP1-1,0.11184125609605877,0.8109709701203451,0.8158204010878054,-0.0048494309674602665,-0.6221757807872245
NGC 3379,inner,winsor_3.5,constant,stpsf_R2024052602-NRCA3_FP1-1,0.12078855658374346,0.7589993656924161,0.7455239131042608,0.013475452588155301,1.9035162384258564
NGC 3379,inner,winsor_3.5,constant,stpsf_R2024052602-NRCA3_FP1-1,0.12973585707142818,0.6674891446321212,0.6876912012635694,-0.02020205663144825,-3.3140741721988944
NGC 3379,inner,winsor_3.5,constant,stpsf_R2024052602-NRCA3_FP1-1,0.13868315755911287,0.6203755339755935,0.6292575578547496,-0.008882023879156042,-1.638254391640609
NGC 3379,inner,winsor_3.5,constant,stpsf_R2024052602-NRCA3_FP1-1,0.14763045804679759,0.5664899069699065,0.5799461348971158,-0.013456227927209241,-2.8249697884611047
NGC 3379,inner,winsor_3.5,constant,stpsf_R2024052602-NRCA3_FP1-1,0.15657775853448228,0.526314822101317,0.5264919048627346,-0.00017708276141759072,-0.04143718264070072
NGC 3379,inner,winsor_3.5,constant,stpsf_R2024052602-NRCA3_FP1-1,0.16552505902216696,0.4749598064718872,0.4755238219931538,-0.0005640155212666143,-0.1518963521352932
NGC 3379,inner,winsor_3.5,constant,stpsf_R2024052602-NRCA3_FP1-1,0.17447235950985168,0.4058064210108317,0.4260835323073682,-0.020277111296536476,-6.451953865218487
NGC 3379,inner,winsor_3.5,constant,stpsf_R2024052602-NRCA3_FP1-1,0.1834196599975364,0.3625664818635517,0.3818341218024056,-0.019267639938853887,-7.115137679463856
NGC 3379,inner,winsor_3.5,constant,stpsf_R2024052602-NRCA3_FP1-1,0.1923669604852211,0.3270162957624258,0.3446467329375157,-0.017630437175089886,-7.51063794964669
NGC 3379,inner,winsor_3.5,constant,stpsf_R2024052602-NRCA3_FP1-1,0.20131426097290578,0.2885192777835033,0.30147549338921575,-0.012956215605712473,-6.171535684923212
NGC 3379,inner,winsor_3.5,constant,stpsf_R2024052602-NRCA3_FP1-1,0.2102615614605905,0.2608358143739718,0.2654866356061608,-0.0046508212321890174,-2.5131852042402723
NGC 3379,inner,winsor_3.5,constant,stpsf_R2024052602-NRCA3_FP1-1,0.21920886194827519,0.22618105964023938,0.23383456560139393,-0.00765350596115455,-4.8642557087997735
NGC 3379,inner,winsor_3.5,constant,stpsf_R2024052602-NRCA3_FP1-1,0.22815616243595988,0.20533266961231,0.20158548829878653,0.0037471813135234733,2.691076176221442
NGC 3379,inner,winsor_3.5,constant,stpsf_R2024052602-NRCA3_FP1-1,0.2371034629236446,0.17943940009250617,0.1739802155996804,0.005459184492825758,4.615810784996524
NGC 3379,inner,winsor_3.5,constant,stpsf_R2024052602-NRCA3_FP1-1,0.2460507634113293,0.1569347990100531,0.14906816799524275,0.00786663101481036,7.735237991253421
NGC 3379,inner,winsor_3.5,N(k),stpsf_R2024052602-NRCA3_FP1-1,0.04026285219458116,1.6815997129814257,1.2641812648879924,0.4174184480934333,14.998001393135507
NGC 3379,inner,winsor_3.5,N(k),stpsf_R2024052602-NRCA3_FP1-1,0.04921015268226586,1.635702307487955,1.1350063271960364,0.5006959802919186,21.28457654028285
NGC 3379,inner,winsor_3.5,N(k),stpsf_R2024052602-NRCA3_FP1-1,0.05815745316995056,1.405161667506026,1.05412257821698,0.3510390892890458,18.278743318033175
NGC 3379,inner,winsor_3.5,N(k),stpsf_R2024052602-NRCA3_FP1-1,0.06710475365763527,1.2245815146998182,0.8690386104375356,0.35554290426228263,23.792990775371578
NGC 3379,inner,winsor_3.5,N(k),stpsf_R2024052602-NRCA3_FP1-1,0.07605205414531996,1.207912190073855,0.7725798522944061,0.4353323377794489,30.20091668762897
NGC 3379,inner,winsor_3.5,N(k),stpsf_R2024052602-NRCA3_FP1-1,0.08499935463300468,1.1335906463454661,0.7548655204935231,0.37872512585194307,30.221587896943205
NGC 3379,inner,winsor_3.5,N(k),stpsf_R2024052602-NRCA3_FP1-1,0.09394665512068937,1.0176185098488566,0.6707348925619078,0.34688361728694883,32.63660634863968
NGC 3379,inner,winsor_3.5,N(k),stpsf_R2024052602-NRCA3_FP1-1,0.10289395560837407,0.9187182270669519,0.6482233726387432,0.27049485442820875,29.563168959925704
NGC 3379,inner,winsor_3.5,N(k),stpsf_R2024052602-NRCA3_FP1-1,0.11184125609605877,0.8109709701203451,0.5847080444331549,0.2262629256871902,29.0292435127406
NGC 3379,inner,winsor_3.5,N(k),stpsf_R2024052602-NRCA3_FP1-1,0.12078855658374346,0.7589993656924161,0.5483306225955468,0.21066874309686934,29.758657142702436
NGC 3379,inner,winsor_3.5,N(k),stpsf_R2024052602-NRCA3_FP1-1,0.12973585707142818,0.6674891446321212,0.522686454642395,0.14480268998972612,23.754356485311586
NGC 3379,inner,winsor_3.5,N(k),stpsf_R2024052602-NRCA3_FP1-1,0.13868315755911287,0.6203755339755935,0.4681713691560569,0.15220416481953664,28.073459926938384
NGC 3379,inner,winsor_3.5,N(k),stpsf_R2024052602-NRCA3_FP1-1,0.14763045804679759,0.5664899069699065,0.44734373092481616,0.11914617604509037,25.01327634748637
NGC 3379,inner,winsor_3.5,N(k),stpsf_R2024052602-NRCA3_FP1-1,0.15657775853448228,0.526314822101317,0.41953473158312177,0.1067800905181952,24.986430512899606
NGC 3379,inner,winsor_3.5,N(k),stpsf_R2024052602-NRCA3_FP1-1,0.16552505902216696,0.4749598064718872,0.3950360691492877,0.0799237373225995,21.52445046380829
NGC 3379,inner,winsor_3.5,N(k),stpsf_R2024052602-NRCA3_FP1-1,0.17447235950985168,0.4058064210108317,0.3513115515698193,0.054494869441012395,17.33966827831995
NGC 3379,inner,winsor_3.5,N(k),stpsf_R2024052602-NRCA3_FP1-1,0.1834196599975364,0.3625664818635517,0.3166449604169208,0.04592152144663092,16.957860359656838
NGC 3379,inner,winsor_3.5,N(k),stpsf_R2024052602-NRCA3_FP1-1,0.1923669604852211,0.3270162957624258,0.3094592879748138,0.01755700778761199,7.479356731901844
NGC 3379,inner,winsor_3.5,N(k),stpsf_R2024052602-NRCA3_FP1-1,0.20131426097290578,0.2885192777835033,0.2993957600959477,-0.010876482312444424,-5.18088003167308
NGC 3379,inner,winsor_3.5,N(k),stpsf_R2024052602-NRCA3_FP1-1,0.2102615614605905,0.2608358143739718,0.28283489438640774,-0.021999080012435945,-11.88774189201193
NGC 3379,inner,winsor_3.5,N(k),stpsf_R2024052602-NRCA3_FP1-1,0.21920886194827519,0.22618105964023938,0.2553221348790149,-0.029141075238775516,-18.520876877894825
NGC 3379,inner,winsor_3.5,N(k),stpsf_R2024052602-NRCA3_FP1-1,0.22815616243595988,0.20533266961231,0.25434795199359583,-0.04901528238128583,-35.200821004045764
NGC 3379,inner,winsor_3.5,N(k),stpsf_R2024052602-NRCA3_FP1-1,0.2371034629236446,0.17943940009250617,0.23746518776612296,-0.0580257876736168,-49.061550659036754
NGC 3379,inner,winsor_3.5,N(k),stpsf_R2024052602-NRCA3_FP1-1,0.2460507634113293,0.1569347990100531,0.2100592972410648,-0.0531244982310117,-52.23718211889504
NGC 3379,inner,winsor_3.5,constant,stpsf_field_1280_1024,0.04026285219458116,1.6815997129814257,1.5015941278854559,0.18000558509596987,6.4676681837436005
NGC 3379,inner,winsor_3.5,constant,stpsf_field_1280_1024,0.04921015268226586,1.635702307487955,1.3814467110225446,0.2542555964654105,10.808400540000592
NGC 3379,inner,winsor_3.5,constant,stpsf_field_1280_1024,0.05815745316995056,1.405161667506026,1.2907850208195724,0.11437664668645353,5.9556369365965445
NGC 3379,inner,winsor_3.5,constant,stpsf_field_1280_1024,0.06710475365763527,1.2245815146998182,1.2088132775799272,0.01576823711989106,1.0552130722897948
NGC 3379,inner,winsor_3.5,constant,stpsf_field_1280_1024,0.07605205414531996,1.207912190073855,1.1200121466619983,0.08790004341185664,6.098012156554691
NGC 3379,inner,winsor_3.5,constant,stpsf_field_1280_1024,0.08499935463300468,1.1335906463454661,1.0367596455271888,0.09683100081827734,7.726940735172071
NGC 3379,inner,winsor_3.5,constant,stpsf_field_1280_1024,0.09394665512068937,1.0176185098488566,0.9659376731986116,0.05168083665024503,4.862400636600654
NGC 3379,inner,winsor_3.5,constant,stpsf_field_1280_1024,0.10289395560837407,0.9187182270669519,0.8869874620269111,0.0317307650400408,3.467947551495469
NGC 3379,inner,winsor_3.5,constant,stpsf_field_1280_1024,0.11184125609605877,0.8109709701203451,0.8124272354975146,-0.0014562653771694745,-0.18683698234977367
NGC 3379,inner,winsor_3.5,constant,stpsf_field_1280_1024,0.12078855658374346,0.7589993656924161,0.7506918034507528,0.008307562241663291,1.1735100936527696
NGC 3379,inner,winsor_3.5,constant,stpsf_field_1280_1024,0.12973585707142818,0.6674891446321212,0.68588081725372,-0.018391672621598798,-3.017087236746777
NGC 3379,inner,winsor_3.5,constant,stpsf_field_1280_1024,0.13868315755911287,0.6203755339755935,0.6312989519573342,-0.01092341798174068,-2.0147815096859496
NGC 3379,inner,winsor_3.5,constant,stpsf_field_1280_1024,0.14763045804679759,0.5664899069699065,0.5761001949225149,-0.00961028795260832,-2.017561925332277
NGC 3379,inner,winsor_3.5,constant,stpsf_field_1280_1024,0.15657775853448228,0.526314822101317,0.5239358480586678,0.0023789740426491957,0.5566774603784133
NGC 3379,inner,winsor_3.5,constant,stpsf_field_1280_1024,0.16552505902216696,0.4749598064718872,0.4733724987513651,0.0015873077205220687,0.4274815911484766
NGC 3379,inner,winsor_3.5,constant,stpsf_field_1280_1024,0.17447235950985168,0.4058064210108317,0.4279631250558178,-0.022156704044986097,-7.050019611421082
NGC 3379,inner,winsor_3.5,constant,stpsf_field_1280_1024,0.1834196599975364,0.3625664818635517,0.3821043126966108,-0.0195378308330591,-7.214913542937974
NGC 3379,inner,winsor_3.5,constant,stpsf_field_1280_1024,0.1923669604852211,0.3270162957624258,0.3399937246547714,-0.0129774288923456,-5.528437494755165
NGC 3379,inner,winsor_3.5,constant,stpsf_field_1280_1024,0.20131426097290578,0.2885192777835033,0.3029350239388251,-0.014415746155321818,-6.86676530630881
NGC 3379,inner,winsor_3.5,constant,stpsf_field_1280_1024,0.2102615614605905,0.2608358143739718,0.2678834249829405,-0.007047610608968691,-3.808349068573067
NGC 3379,inner,winsor_3.5,constant,stpsf_field_1280_1024,0.21920886194827519,0.22618105964023938,0.23179096229052548,-0.005609902650286103,-3.565424934790107
NGC 3379,inner,winsor_3.5,constant,stpsf_field_1280_1024,0.22815616243595988,0.20533266961231,0.20216914809790604,0.0031635215144039663,2.2719149857126766
NGC 3379,inner,winsor_3.5,constant,stpsf_field_1280_1024,0.2371034629236446,0.17943940009250617,0.1749701636555211,0.0044692364369850746,3.7787969565134043
NGC 3379,inner,winsor_3.5,constant,stpsf_field_1280_1024,0.2460507634113293,0.1569347990100531,0.1486760562377043,0.00825874277234881,8.120800471305968
NGC 3379,inner,winsor_3.5,N(k),stpsf_field_1280_1024,0.04026285219458116,1.6815997129814257,1.2059249380678372,0.47567477491358856,17.091173064867835
NGC 3379,inner,winsor_3.5,N(k),stpsf_field_1280_1024,0.04921015268226586,1.635702307487955,1.0934649356800754,0.5422373718078797,23.050500298639815
NGC 3379,inner,winsor_3.5,N(k),stpsf_field_1280_1024,0.05815745316995056,1.405161667506026,1.0164812283658482,0.3886804391401777,20.238743195729405
NGC 3379,inner,winsor_3.5,N(k),stpsf_field_1280_1024,0.06710475365763527,1.2245815146998182,0.8567858810487021,0.3677956336511161,24.612945480772137
NGC 3379,inner,winsor_3.5,N(k),stpsf_field_1280_1024,0.07605205414531996,1.207912190073855,0.7699304362916107,0.43798175378224424,30.384718314632913
NGC 3379,inner,winsor_3.5,N(k),stpsf_field_1280_1024,0.08499935463300468,1.1335906463454661,0.7479683167372962,0.3856223296081699,30.771972424753553
NGC 3379,inner,winsor_3.5,N(k),stpsf_field_1280_1024,0.09394665512068937,1.0176185098488566,0.6685043404264265,0.3491141694224301,32.84646823994255
NGC 3379,inner,winsor_3.5,N(k),stpsf_field_1280_1024,0.10289395560837407,0.9187182270669519,0.6439304542198928,0.27478777284705913,30.03235449329168
NGC 3379,inner,winsor_3.5,N(k),stpsf_field_1280_1024,0.11184125609605877,0.8109709701203451,0.5856737441306565,0.2252972259896886,28.90534547865564
NGC 3379,inner,winsor_3.5,N(k),stpsf_field_1280_1024,0.12078855658374346,0.7589993656924161,0.5477405535432462,0.21125881214916986,29.842009150028254
NGC 3379,inner,winsor_3.5,N(k),stpsf_field_1280_1024,0.12973585707142818,0.6674891446321212,0.5217306592500506,0.1457584853820706,23.911151255342308
NGC 3379,inner,winsor_3.5,N(k),stpsf_field_1280_1024,0.13868315755911287,0.6203755339755935,0.4706778288836131,0.14969770509198044,27.611153282416115
NGC 3379,inner,winsor_3.5,N(k),stpsf_field_1280_1024,0.14763045804679759,0.5664899069699065,0.4493442462164172,0.11714566075348931,24.593292731669344
NGC 3379,inner,winsor_3.5,N(k),stpsf_field_1280_1024,0.15657775853448228,0.526314822101317,0.4210056506645176,0.10530917143679935,24.642236972333794
NGC 3379,inner,winsor_3.5,N(k),stpsf_field_1280_1024,0.16552505902216696,0.4749598064718872,0.39573861264188254,0.07922119383000464,21.335246816536493
NGC 3379,inner,winsor_3.5,N(k),stpsf_field_1280_1024,0.17447235950985168,0.4058064210108317,0.3544193430221969,0.05138707798863479,16.35080320872369
NGC 3379,inner,winsor_3.5,N(k),stpsf_field_1280_1024,0.1834196599975364,0.3625664818635517,0.3217291696403105,0.04083731222324122,15.08036790440964
NGC 3379,inner,winsor_3.5,N(k),stpsf_field_1280_1024,0.1923669604852211,0.3270162957624258,0.3126884414689533,0.014327854293472497,6.103724208586686
NGC 3379,inner,winsor_3.5,N(k),stpsf_field_1280_1024,0.20131426097290578,0.2885192777835033,0.2993601624077167,-0.010840884624213398,-5.163923505947954
NGC 3379,inner,winsor_3.5,N(k),stpsf_field_1280_1024,0.2102615614605905,0.2608358143739718,0.28204588846877526,-0.021210074094803466,-11.461383212704305
NGC 3379,inner,winsor_3.5,N(k),stpsf_field_1280_1024,0.21920886194827519,0.22618105964023938,0.2568299915446396,-0.030648931904400212,-19.479208971845438
NGC 3379,inner,winsor_3.5,N(k),stpsf_field_1280_1024,0.22815616243595988,0.20533266961231,0.2524738235155881,-0.04714115390327811,-33.85489667416529
NGC 3379,inner,winsor_3.5,N(k),stpsf_field_1280_1024,0.2371034629236446,0.17943940009250617,0.2358019605167708,-0.05636256042426463,-47.65527060282161
NGC 3379,inner,winsor_3.5,N(k),stpsf_field_1280_1024,0.2460507634113293,0.1569347990100531,0.21098386866395458,-0.054049069653901466,-53.14631081483866
NGC 3379,inner,winsor_3.5,constant,stpsf_field_768_1024,0.04026285219458116,1.6815997129814257,1.5023352918922017,0.17926442108922402,6.4410378830070405
NGC 3379,inner,winsor_3.5,constant,stpsf_field_768_1024,0.04921015268226586,1.635702307487955,1.3803088657554679,0.25539344173248724,10.856770320528835
NGC 3379,inner,winsor_3.5,constant,stpsf_field_768_1024,0.05815745316995056,1.405161667506026,1.2930389636490547,0.1121227038569712,5.8382732477917765
NGC 3379,inner,winsor_3.5,constant,stpsf_field_768_1024,0.06710475365763527,1.2245815146998182,1.2075131828819277,0.01706833181789058,1.142215627497008
NGC 3379,inner,winsor_3.5,constant,stpsf_field_768_1024,0.07605205414531996,1.207912190073855,1.122876960921882,0.08503522915197292,5.899267406211533
NGC 3379,inner,winsor_3.5,constant,stpsf_field_768_1024,0.08499935463300468,1.1335906463454661,1.0403906465578179,0.09319999978764826,7.437193345018857
NGC 3379,inner,winsor_3.5,constant,stpsf_field_768_1024,0.09394665512068937,1.0176185098488566,0.9605377534641003,0.05708075638475629,5.3704530377715916
NGC 3379,inner,winsor_3.5,constant,stpsf_field_768_1024,0.10289395560837407,0.9187182270669519,0.8840056977731253,0.03471252929382662,3.7938332346803696
NGC 3379,inner,winsor_3.5,constant,stpsf_field_768_1024,0.11184125609605877,0.8109709701203451,0.8142719924183041,-0.003301022297958922,-0.42351693207094987
NGC 3379,inner,winsor_3.5,constant,stpsf_field_768_1024,0.12078855658374346,0.7589993656924161,0.7470427640217128,0.011956601670703337,1.688966310235756
NGC 3379,inner,winsor_3.5,constant,stpsf_field_768_1024,0.12973585707142818,0.6674891446321212,0.6870103095960595,-0.019521164963938298,-3.2023763618953893
NGC 3379,inner,winsor_3.5,constant,stpsf_field_768_1024,0.13868315755911287,0.6203755339755935,0.6284978250066356,-0.008122291031042117,-1.4981246541134305
NGC 3379,inner,winsor_3.5,constant,stpsf_field_768_1024,0.14763045804679759,0.5664899069699065,0.5773833135100775,-0.010893406540171013,-2.286936913961
NGC 3379,inner,winsor_3.5,constant,stpsf_field_768_1024,0.15657775853448228,0.526314822101317,0.525886719691702,0.00042810240961499435,0.10017552015866878
NGC 3379,inner,winsor_3.5,constant,stpsf_field_768_1024,0.16552505902216696,0.4749598064718872,0.47491260159242465,4.720487946252572e-05,0.012712857577468062
NGC 3379,inner,winsor_3.5,constant,stpsf_field_768_1024,0.17447235950985168,0.4058064210108317,0.42689464400807775,-0.021088222997246053,-6.710040690111092
NGC 3379,inner,winsor_3.5,constant,stpsf_field_768_1024,0.1834196599975364,0.3625664818635517,0.38459236894500626,-0.02202588708145453,-8.133700836958626
NGC 3379,inner,winsor_3.5,constant,stpsf_field_768_1024,0.1923669604852211,0.3270162957624258,0.341858890668134,-0.014842594905708217,-6.3230058031431895
NGC 3379,inner,winsor_3.5,constant,stpsf_field_768_1024,0.20131426097290578,0.2885192777835033,0.3022614427132845,-0.013742164929781198,-6.545913083975817
NGC 3379,inner,winsor_3.5,constant,stpsf_field_768_1024,0.2102615614605905,0.2608358143739718,0.26541816659484085,-0.004582352220869057,-2.476186296389907
NGC 3379,inner,winsor_3.5,constant,stpsf_field_768_1024,0.21920886194827519,0.22618105964023938,0.2317662796873293,-0.005585220047089917,-3.5497376805938647
NGC 3379,inner,winsor_3.5,constant,stpsf_field_768_1024,0.22815616243595988,0.20533266961231,0.20227347552037042,0.003059194091939582,2.1969911916311724
NGC 3379,inner,winsor_3.5,constant,stpsf_field_768_1024,0.2371034629236446,0.17943940009250617,0.1735943343025074,0.005845065789998771,4.942078390636225
NGC 3379,inner,winsor_3.5,constant,stpsf_field_768_1024,0.2460507634113293,0.1569347990100531,0.1498369331806171,0.007097865829436001,6.979313166882581
NGC 3379,inner,winsor_3.5,N(k),stpsf_field_768_1024,0.04026285219458116,1.6815997129814257,1.2733804814888334,0.4082192314925923,14.667470090493401
NGC 3379,inner,winsor_3.5,N(k),stpsf_field_768_1024,0.04921015268226586,1.635702307487955,1.1484911497226835,0.4872111577652716,20.71133699273703
NGC 3379,inner,winsor_3.5,N(k),stpsf_field_768_1024,0.05815745316995056,1.405161667506026,1.0628739884169267,0.3422876790890992,17.823053950106612
NGC 3379,inner,winsor_3.5,N(k),stpsf_field_768_1024,0.06710475365763527,1.2245815146998182,0.8716273734288073,0.352954141271011,23.61975032187764
NGC 3379,inner,winsor_3.5,N(k),stpsf_field_768_1024,0.07605205414531996,1.207912190073855,0.7727675947964593,0.4351445952773957,30.187892165508334
NGC 3379,inner,winsor_3.5,N(k),stpsf_field_768_1024,0.08499935463300468,1.1335906463454661,0.7575864271675286,0.3760042191779376,30.00446440923465
NGC 3379,inner,winsor_3.5,N(k),stpsf_field_768_1024,0.09394665512068937,1.0176185098488566,0.6695112435159497,0.3481072663329069,32.7517335850718
NGC 3379,inner,winsor_3.5,N(k),stpsf_field_768_1024,0.10289395560837407,0.9187182270669519,0.6497617357950669,0.26895649127188503,29.395036778601003
NGC 3379,inner,winsor_3.5,N(k),stpsf_field_768_1024,0.11184125609605877,0.8109709701203451,0.5852132855869736,0.22575768453337153,28.964421719942177
NGC 3379,inner,winsor_3.5,N(k),stpsf_field_768_1024,0.12078855658374346,0.7589993656924161,0.5480090803132389,0.2109902853791772,29.804077580473226
NGC 3379,inner,winsor_3.5,N(k),stpsf_field_768_1024,0.12973585707142818,0.6674891446321212,0.5234076159777288,0.1440815286543924,23.6360525819507
NGC 3379,inner,winsor_3.5,N(k),stpsf_field_768_1024,0.13868315755911287,0.6203755339755935,0.46768654274568155,0.15268899122991197,28.162884252608652
NGC 3379,inner,winsor_3.5,N(k),stpsf_field_768_1024,0.14763045804679759,0.5664899069699065,0.44778268677326627,0.11870722019664026,24.92112295821207
NGC 3379,inner,winsor_3.5,N(k),stpsf_field_768_1024,0.15657775853448228,0.526314822101317,0.4194546957568787,0.10686012634443826,25.005158813290247
NGC 3379,inner,winsor_3.5,N(k),stpsf_field_768_1024,0.16552505902216696,0.4749598064718872,0.39516192740849965,0.07979787906338753,21.490555278765395
NGC 3379,inner,winsor_3.5,N(k),stpsf_field_768_1024,0.17447235950985168,0.4058064210108317,0.3500817349505547,0.05572468606027697,17.73098240458454
NGC 3379,inner,winsor_3.5,N(k),stpsf_field_768_1024,0.1834196599975364,0.3625664818635517,0.3142373528798882,0.04832912898366354,17.846939622008932
NGC 3379,inner,winsor_3.5,N(k),stpsf_field_768_1024,0.1923669604852211,0.3270162957624258,0.3095372427185798,0.017479053043846005,7.4461476939710645
NGC 3379,inner,winsor_3.5,N(k),stpsf_field_768_1024,0.20131426097290578,0.2885192777835033,0.29911480285934533,-0.01059552507584205,-5.047049470003169
NGC 3379,inner,winsor_3.5,N(k),stpsf_field_768_1024,0.2102615614605905,0.2608358143739718,0.2830075952407629,-0.022171780866791113,-11.981065030067867
NGC 3379,inner,winsor_3.5,N(k),stpsf_field_768_1024,0.21920886194827519,0.22618105964023938,0.2555688899080959,-0.02938783026785652,-18.67770429332696
NGC 3379,inner,winsor_3.5,N(k),stpsf_field_768_1024,0.22815616243595988,0.20533266961231,0.2546619854498965,-0.049329315837586485,-35.42634730824068
NGC 3379,inner,winsor_3.5,N(k),stpsf_field_768_1024,0.2371034629236446,0.17943940009250617,0.23802717506470333,-0.058587774972197165,-49.536718156531535
NGC 3379,inner,winsor_3.5,N(k),stpsf_field_768_1024,0.2460507634113293,0.1569347990100531,0.2095026135152323,-0.052567814505179195,-51.68979644679918
NGC 3379,inner,winsor_3.5,constant,stpsf_field_1024_1280,0.04026285219458116,1.6815997129814257,1.4966925250187737,0.18490718796265204,6.64378461309375
NGC 3379,inner,winsor_3.5,constant,stpsf_field_1024_1280,0.04921015268226586,1.635702307487955,1.3843667676555083,0.25133553983244683,10.684268988415058
NGC 3379,inner,winsor_3.5,constant,stpsf_field_1024_1280,0.05815745316995056,1.405161667506026,1.2887513752378479,0.116410292268178,6.061529661146049
NGC 3379,inner,winsor_3.5,constant,stpsf_field_1024_1280,0.06710475365763527,1.2245815146998182,1.2020419133013451,0.022539601398473108,1.5083539053244834
NGC 3379,inner,winsor_3.5,constant,stpsf_field_1024_1280,0.07605205414531996,1.207912190073855,1.128277916443371,0.07963427363048403,5.524579395276969
NGC 3379,inner,winsor_3.5,constant,stpsf_field_1024_1280,0.08499935463300468,1.1335906463454661,1.0470595840449166,0.08653106230054952,6.905024057353572
NGC 3379,inner,winsor_3.5,constant,stpsf_field_1024_1280,0.09394665512068937,1.0176185098488566,0.9637131597169252,0.05390535013193143,5.071694380095563
NGC 3379,inner,winsor_3.5,constant,stpsf_field_1024_1280,0.10289395560837407,0.9187182270669519,0.8861584819739187,0.03255974509303328,3.558549191304219
NGC 3379,inner,winsor_3.5,constant,stpsf_field_1024_1280,0.11184125609605877,0.8109709701203451,0.8156964490124544,-0.0047254788921092805,-0.6062728883078444
NGC 3379,inner,winsor_3.5,constant,stpsf_field_1024_1280,0.12078855658374346,0.7589993656924161,0.7461427542376532,0.012856611454762912,1.8160999428534395
NGC 3379,inner,winsor_3.5,constant,stpsf_field_1024_1280,0.12973585707142818,0.6674891446321212,0.6880808347580191,-0.0205916901258979,-3.3779921348170703
NGC 3379,inner,winsor_3.5,constant,stpsf_field_1024_1280,0.13868315755911287,0.6203755339755935,0.633324357731068,-0.012948823755474459,-2.388359643320611
NGC 3379,inner,winsor_3.5,constant,stpsf_field_1024_1280,0.14763045804679759,0.5664899069699065,0.5753870304590839,-0.008897123489177372,-1.8678418050805434
NGC 3379,inner,winsor_3.5,constant,stpsf_field_1024_1280,0.15657775853448228,0.526314822101317,0.527121092374238,-0.0008062702729210169,-0.18866640823389044
NGC 3379,inner,winsor_3.5,constant,stpsf_field_1024_1280,0.16552505902216696,0.4749598064718872,0.4738376727395178,0.001122133732369357,0.30220448574197073
NGC 3379,inner,winsor_3.5,constant,stpsf_field_1024_1280,0.17447235950985168,0.4058064210108317,0.42697266508487275,-0.021166244074041052,-6.7348661388958995
NGC 3379,inner,winsor_3.5,constant,stpsf_field_1024_1280,0.1834196599975364,0.3625664818635517,0.3826388095472799,-0.020072327683728186,-7.41229208508529
NGC 3379,inner,winsor_3.5,constant,stpsf_field_1024_1280,0.1923669604852211,0.3270162957624258,0.3399092822571881,-0.012892986494762282,-5.492464689909208
NGC 3379,inner,winsor_3.5,constant,stpsf_field_1024_1280,0.20131426097290578,0.2885192777835033,0.30416164795744893,-0.015642370173945652,-7.4510527350841675
NGC 3379,inner,winsor_3.5,constant,stpsf_field_1024_1280,0.2102615614605905,0.2608358143739718,0.26449257041849805,-0.003656756044526255,-1.9760177241415982
NGC 3379,inner,winsor_3.5,constant,stpsf_field_1024_1280,0.21920886194827519,0.22618105964023938,0.2321492891839196,-0.005968229543680231,-3.7931628689676535
NGC 3379,inner,winsor_3.5,constant,stpsf_field_1024_1280,0.22815616243595988,0.20533266961231,0.20101554805741836,0.00431712155489164,3.1003845275095157
NGC 3379,inner,winsor_3.5,constant,stpsf_field_1024_1280,0.2371034629236446,0.17943940009250617,0.1734952779218553,0.0059441221706508784,5.025831835997447
NGC 3379,inner,winsor_3.5,constant,stpsf_field_1024_1280,0.2460507634113293,0.1569347990100531,0.15069535181303836,0.006239447197014747,6.135232339219056
NGC 3379,inner,winsor_3.5,N(k),stpsf_field_1024_1280,0.04026285219458116,1.6815997129814257,1.1061948823735128,0.5754048306079129,20.6745113698058
NGC 3379,inner,winsor_3.5,N(k),stpsf_field_1024_1280,0.04921015268226586,1.635702307487955,1.0145812889768324,0.6211210185111227,26.403842610381368
NGC 3379,inner,winsor_3.5,N(k),stpsf_field_1024_1280,0.05815745316995056,1.405161667506026,0.9479178277846962,0.45724383972132965,23.808866405576367
NGC 3379,inner,winsor_3.5,N(k),stpsf_field_1024_1280,0.06710475365763527,1.2245815146998182,0.836957396777623,0.3876241179221952,25.93987097329541
NGC 3379,inner,winsor_3.5,N(k),stpsf_field_1024_1280,0.07605205414531996,1.207912190073855,0.768817440671548,0.43909474940230697,30.461931710188747
NGC 3379,inner,winsor_3.5,N(k),stpsf_field_1024_1280,0.08499935463300468,1.1335906463454661,0.7361822477398877,0.3974083986055784,31.71247965770611
NGC 3379,inner,winsor_3.5,N(k),stpsf_field_1024_1280,0.09394665512068937,1.0176185098488566,0.671680084939275,0.3459384249095816,32.54767775701251
NGC 3379,inner,winsor_3.5,N(k),stpsf_field_1024_1280,0.10289395560837407,0.9187182270669519,0.6385290065939573,0.28018922047299466,30.622694406157205
NGC 3379,inner,winsor_3.5,N(k),stpsf_field_1024_1280,0.11184125609605877,0.8109709701203451,0.5880222551912092,0.22294871492913593,28.604034518134423
NGC 3379,inner,winsor_3.5,N(k),stpsf_field_1024_1280,0.12078855658374346,0.7589993656924161,0.5499692645206109,0.2090301011718052,29.527185769632066
NGC 3379,inner,winsor_3.5,N(k),stpsf_field_1024_1280,0.12973585707142818,0.6674891446321212,0.5204863687497223,0.14700277588239885,24.115272602246716
NGC 3379,inner,winsor_3.5,N(k),stpsf_field_1024_1280,0.13868315755911287,0.6203755339755935,0.47821445621146863,0.1421610777641249,26.22105199626745
NGC 3379,inner,winsor_3.5,N(k),stpsf_field_1024_1280,0.14763045804679759,0.5664899069699065,0.4520315701076234,0.11445833686228313,24.029122085516974
NGC 3379,inner,winsor_3.5,N(k),stpsf_field_1024_1280,0.15657775853448228,0.526314822101317,0.42386287248091675,0.10245194962040022,23.97365002856048
NGC 3379,inner,winsor_3.5,N(k),stpsf_field_1024_1280,0.16552505902216696,0.4749598064718872,0.3966225285653795,0.07833727790650769,21.097197331529465
NGC 3379,inner,winsor_3.5,N(k),stpsf_field_1024_1280,0.17447235950985168,0.4058064210108317,0.36186647320540916,0.04393994780542254,13.981208266540351
NGC 3379,inner,winsor_3.5,N(k),stpsf_field_1024_1280,0.1834196599975364,0.3625664818635517,0.3323876699549412,0.030178811908610548,11.144405978824835
NGC 3379,inner,winsor_3.5,N(k),stpsf_field_1024_1280,0.1923669604852211,0.3270162957624258,0.3167450558044284,0.010271239957997391,4.375590001106673
NGC 3379,inner,winsor_3.5,N(k),stpsf_field_1024_1280,0.20131426097290578,0.2885192777835033,0.30029454522838056,-0.01177526744487728,-5.609005395335766
NGC 3379,inner,winsor_3.5,N(k),stpsf_field_1024_1280,0.2102615614605905,0.2608358143739718,0.28103071936491963,-0.020194904990947837,-10.912811714416252
NGC 3379,inner,winsor_3.5,N(k),stpsf_field_1024_1280,0.21920886194827519,0.22618105964023938,0.258578302458037,-0.0323972428177976,-20.590363962043853
NGC 3379,inner,winsor_3.5,N(k),stpsf_field_1024_1280,0.22815616243595988,0.20533266961231,0.24850646614906308,-0.04317379653675307,-31.005698837625832
NGC 3379,inner,winsor_3.5,N(k),stpsf_field_1024_1280,0.2371034629236446,0.17943940009250617,0.23232821081863964,-0.05288881072613347,-44.718170502599
NGC 3379,inner,winsor_3.5,N(k),stpsf_field_1024_1280,0.2460507634113293,0.1569347990100531,0.21248463700340775,-0.05554983799335464,-54.62201245300534
NGC 3379,inner,winsor_3.5,constant,stpsf_field_1024_768,0.04026285219458116,1.6815997129814257,1.4890866413822603,0.19251307159916542,6.917066864746702
NGC 3379,inner,winsor_3.5,constant,stpsf_field_1024_768,0.04921015268226586,1.635702307487955,1.3795900533888168,0.2561122540991383,10.887327020479104
NGC 3379,inner,winsor_3.5,constant,stpsf_field_1024_768,0.05815745316995056,1.405161667506026,1.2779083189051565,0.12725334860086934,6.626131865104718
NGC 3379,inner,winsor_3.5,constant,stpsf_field_1024_768,0.06710475365763527,1.2245815146998182,1.2018803078361462,0.022701206863672052,1.51916857015574
NGC 3379,inner,winsor_3.5,constant,stpsf_field_1024_768,0.07605205414531996,1.207912190073855,1.115859722861976,0.09205246721187899,6.386084037168661
NGC 3379,inner,winsor_3.5,constant,stpsf_field_1024_768,0.08499935463300468,1.1335906463454661,1.0355444000684721,0.09804624627699399,7.823915149965253
NGC 3379,inner,winsor_3.5,constant,stpsf_field_1024_768,0.09394665512068937,1.0176185098488566,0.9613364439892554,0.05628206585960116,5.295308098763666
NGC 3379,inner,winsor_3.5,constant,stpsf_field_1024_768,0.10289395560837407,0.9187182270669519,0.8844107720873232,0.034307454979628726,3.7495614853442407
NGC 3379,inner,winsor_3.5,constant,stpsf_field_1024_768,0.11184125609605877,0.8109709701203451,0.8093525731924004,0.001618396927944743,0.20763825261647384
NGC 3379,inner,winsor_3.5,constant,stpsf_field_1024_768,0.12078855658374346,0.7589993656924161,0.7490285058958716,0.009970859796544551,1.4084642730644104
NGC 3379,inner,winsor_3.5,constant,stpsf_field_1024_768,0.12973585707142818,0.6674891446321212,0.685157170704944,-0.017668026072822807,-2.898375643127833
NGC 3379,inner,winsor_3.5,constant,stpsf_field_1024_768,0.13868315755911287,0.6203755339755935,0.6272483257028898,-0.006872791727296268,-1.2676594189864088
NGC 3379,inner,winsor_3.5,constant,stpsf_field_1024_768,0.14763045804679759,0.5664899069699065,0.5774627156094195,-0.010972808639512999,-2.303606409528025
NGC 3379,inner,winsor_3.5,constant,stpsf_field_1024_768,0.15657775853448228,0.526314822101317,0.5244307971656456,0.0018840249356714134,0.4408598823176909
NGC 3379,inner,winsor_3.5,constant,stpsf_field_1024_768,0.16552505902216696,0.4749598064718872,0.4766356077179492,-0.0016758012460620364,-0.45131399151739915
NGC 3379,inner,winsor_3.5,constant,stpsf_field_1024_768,0.17447235950985168,0.4058064210108317,0.4253280589456191,-0.019521637934787395,-6.211570548032711
NGC 3379,inner,winsor_3.5,constant,stpsf_field_1024_768,0.1834196599975364,0.3625664818635517,0.3850580254177851,-0.022491543554233384,-8.305658062943209
NGC 3379,inner,winsor_3.5,constant,stpsf_field_1024_768,0.1923669604852211,0.3270162957624258,0.3440254151951604,-0.017009119432734587,-7.245954064149181
NGC 3379,inner,winsor_3.5,constant,stpsf_field_1024_768,0.20131426097290578,0.2885192777835033,0.3039406535626613,-0.01542137577915803,-7.345784743634684
NGC 3379,inner,winsor_3.5,constant,stpsf_field_1024_768,0.2102615614605905,0.2608358143739718,0.267279855631682,-0.006444041257710198,-3.4821955813529644
NGC 3379,inner,winsor_3.5,constant,stpsf_field_1024_768,0.21920886194827519,0.22618105964023938,0.23213172967448356,-0.005950670034244182,-3.782002762154966
NGC 3379,inner,winsor_3.5,constant,stpsf_field_1024_768,0.22815616243595988,0.20533266961231,0.2018335684804565,0.003499101131853505,2.5129148835518347
NGC 3379,inner,winsor_3.5,constant,stpsf_field_1024_768,0.2371034629236446,0.17943940009250617,0.17407336378831276,0.005366036304193411,4.537052792066059
NGC 3379,inner,winsor_3.5,constant,stpsf_field_1024_768,0.2460507634113293,0.1569347990100531,0.1485301116484913,0.008404687361561802,8.264307409533123
NGC 3379,inner,winsor_3.5,N(k),stpsf_field_1024_768,0.04026285219458116,1.6815997129814257,1.3109257535033922,0.3706739594780335,13.3184543856246
NGC 3379,inner,winsor_3.5,N(k),stpsf_field_1024_768,0.04921015268226586,1.635702307487955,1.174961213060539,0.4607410944274162,19.586095106808088
NGC 3379,inner,winsor_3.5,N(k),stpsf_field_1024_768,0.05815745316995056,1.405161667506026,1.0912905662487784,0.3138711012572475,16.343391576274396
NGC 3379,inner,winsor_3.5,N(k),stpsf_field_1024_768,0.06710475365763527,1.2245815146998182,0.8811250780990384,0.34345643660077985,22.984162332644953
NGC 3379,inner,winsor_3.5,N(k),stpsf_field_1024_768,0.07605205414531996,1.207912190073855,0.7773876674125666,0.4305245226612884,29.867377432140323
NGC 3379,inner,winsor_3.5,N(k),stpsf_field_1024_768,0.08499935463300468,1.1335906463454661,0.764528965233437,0.3690616811120291,29.450462284567717
NGC 3379,inner,winsor_3.5,N(k),stpsf_field_1024_768,0.09394665512068937,1.0176185098488566,0.6695771438808105,0.34804136596804613,32.74553333761413
NGC 3379,inner,winsor_3.5,N(k),stpsf_field_1024_768,0.10289395560837407,0.9187182270669519,0.6523656089815286,0.2663526180854233,29.11045190868061
NGC 3379,inner,winsor_3.5,N(k),stpsf_field_1024_768,0.11184125609605877,0.8109709701203451,0.5872663337189679,0.22370463640137728,28.70101827465378
NGC 3379,inner,winsor_3.5,N(k),stpsf_field_1024_768,0.12078855658374346,0.7589993656924161,0.5472705291361368,0.21172883655627928,29.90840388412243
NGC 3379,inner,winsor_3.5,N(k),stpsf_field_1024_768,0.12973585707142818,0.6674891446321212,0.5251371875823696,0.14235195704975157,23.352322628685155
NGC 3379,inner,winsor_3.5,N(k),stpsf_field_1024_768,0.13868315755911287,0.6203755339755935,0.4667337123942045,0.153641821581389,28.338630065616307
NGC 3379,inner,winsor_3.5,N(k),stpsf_field_1024_768,0.14763045804679759,0.5664899069699065,0.447175958363308,0.11931394860659855,25.048498136248956
NGC 3379,inner,winsor_3.5,N(k),stpsf_field_1024_768,0.15657775853448228,0.526314822101317,0.4194953458182434,0.10681947628307359,24.9956467410612
NGC 3379,inner,winsor_3.5,N(k),stpsf_field_1024_768,0.16552505902216696,0.4749598064718872,0.394330362235961,0.08062944423592616,21.714506059388796
NGC 3379,inner,winsor_3.5,N(k),stpsf_field_1024_768,0.17447235950985168,0.4058064210108317,0.3486517598896425,0.05715466112118922,18.18598474621467
NGC 3379,inner,winsor_3.5,N(k),stpsf_field_1024_768,0.1834196599975364,0.3625664818635517,0.3106860271483849,0.051880454715166835,19.158370165887554
NGC 3379,inner,winsor_3.5,N(k),stpsf_field_1024_768,0.1923669604852211,0.3270162957624258,0.30728700937684494,0.019729286385580858,8.404756250534433
NGC 3379,inner,winsor_3.5,N(k),stpsf_field_1024_768,0.20131426097290578,0.2885192777835033,0.298271370238992,-0.009752092455488692,-4.645290602078496
NGC 3379,inner,winsor_3.5,N(k),stpsf_field_1024_768,0.2102615614605905,0.2608358143739718,0.28254366409940174,-0.02170784972542994,-11.73036847089128
NGC 3379,inner,winsor_3.5,N(k),stpsf_field_1024_768,0.21920886194827519,0.22618105964023938,0.25479265072301227,-0.02861159108277289,-18.1843583801466
NGC 3379,inner,winsor_3.5,N(k),stpsf_field_1024_768,0.22815616243595988,0.20533266961231,0.25583127318100746,-0.05049860356869745,-36.266083123794786
NGC 3379,inner,winsor_3.5,N(k),stpsf_field_1024_768,0.2371034629236446,0.17943940009250617,0.23874755514276869,-0.05930815505026252,-50.14580878865808
NGC 3379,inner,winsor_3.5,N(k),stpsf_field_1024_768,0.2460507634113293,0.1569347990100531,0.20933938522311638,-0.052404586213063264,-51.52929448807689
NGC 3379,inner,winsor_4.0,constant,stpsf_R2024052602-NRCA3_FP1-1,0.04026285219458116,1.7821821412947645,1.5683707349413176,0.21381140635344686,7.2422218854844225
NGC 3379,inner,winsor_4.0,constant,stpsf_R2024052602-NRCA3_FP1-1,0.04921015268226586,1.7354162547381549,1.4675828148274295,0.2678334399107254,10.726137824705448
NGC 3379,inner,winsor_4.0,constant,stpsf_R2024052602-NRCA3_FP1-1,0.05815745316995056,1.4893204672113365,1.3639363067231791,0.12538416048815737,6.159518491821369
NGC 3379,inner,winsor_4.0,constant,stpsf_R2024052602-NRCA3_FP1-1,0.06710475365763527,1.3013045750910441,1.278603652568735,0.022700922522309153,1.4286316101769554
NGC 3379,inner,winsor_4.0,constant,stpsf_R2024052602-NRCA3_FP1-1,0.07605205414531996,1.2813682267614548,1.1900144485741717,0.09135377818728307,5.95860156800092
NGC 3379,inner,winsor_4.0,constant,stpsf_R2024052602-NRCA3_FP1-1,0.08499935463300468,1.2032313372870922,1.1060887787043774,0.09714255858271481,7.297620033308447
NGC 3379,inner,winsor_4.0,constant,stpsf_R2024052602-NRCA3_FP1-1,0.09394665512068937,1.0800389779880184,1.0147965867342998,0.06524239125371856,5.782120724765463
NGC 3379,inner,winsor_4.0,constant,stpsf_R2024052602-NRCA3_FP1-1,0.10289395560837407,0.9743100113545311,0.9397296936011569,0.03458031775337422,3.568063495288405
NGC 3379,inner,winsor_4.0,constant,stpsf_R2024052602-NRCA3_FP1-1,0.11184125609605877,0.8607236909580679,0.8669660210787254,-0.006242330120657558,-0.753228749052674
NGC 3379,inner,winsor_4.0,constant,stpsf_R2024052602-NRCA3_FP1-1,0.12078855658374346,0.8063497308447231,0.7922940479076125,0.01405568293711057,1.8692660435962076
NGC 3379,inner,winsor_4.0,constant,stpsf_R2024052602-NRCA3_FP1-1,0.12973585707142818,0.7095493141262634,0.7308616374009638,-0.02131232327470034,-3.296688362265688
NGC 3379,inner,winsor_4.0,constant,stpsf_R2024052602-NRCA3_FP1-1,0.13868315755911287,0.6601537343589644,0.6687908913640468,-0.008637157005082385,-1.4950514974031444
NGC 3379,inner,winsor_4.0,constant,stpsf_R2024052602-NRCA3_FP1-1,0.14763045804679759,0.6026480126749783,0.6164101628561904,-0.013762150181212185,-2.7155442329779698
NGC 3379,inner,winsor_4.0,constant,stpsf_R2024052602-NRCA3_FP1-1,0.15657775853448228,0.5595663524188466,0.5596287652998265,-6.241288097996733e-05,-0.013703335528292223
NGC 3379,inner,winsor_4.0,constant,stpsf_R2024052602-NRCA3_FP1-1,0.16552505902216696,0.5051660559329221,0.5054882609049085,-0.0003222049719864284,-0.0814273011281827
NGC 3379,inner,winsor_4.0,constant,stpsf_R2024052602-NRCA3_FP1-1,0.17447235950985168,0.4318454558194832,0.45297064457885206,-0.021125188759368863,-6.311111149604549
NGC 3379,inner,winsor_4.0,constant,stpsf_R2024052602-NRCA3_FP1-1,0.1834196599975364,0.38591604300656124,0.4059670048687488,-0.020050961862187577,-6.954455829693883
NGC 3379,inner,winsor_4.0,constant,stpsf_R2024052602-NRCA3_FP1-1,0.1923669604852211,0.3478198418490197,0.3664649503098807,-0.018645108460860982,-7.475692302953371
NGC 3379,inner,winsor_4.0,constant,stpsf_R2024052602-NRCA3_FP1-1,0.20131426097290578,0.30681152647949034,0.3206065904716344,-0.013795063992144085,-6.165677522228293
NGC 3379,inner,winsor_4.0,constant,stpsf_R2024052602-NRCA3_FP1-1,0.2102615614605905,0.2775748918256849,0.28237766752082705,-0.004802775695142147,-2.43523040928451
NGC 3379,inner,winsor_4.0,constant,stpsf_R2024052602-NRCA3_FP1-1,0.21920886194827519,0.24073973073411925,0.24875546831850834,-0.008015737584389088,-4.808199551893119
NGC 3379,inner,winsor_4.0,constant,stpsf_R2024052602-NRCA3_FP1-1,0.22815616243595988,0.21862797575459444,0.21449910211573095,0.004128873638863495,2.779711073907952
NGC 3379,inner,winsor_4.0,constant,stpsf_R2024052602-NRCA3_FP1-1,0.2371034629236446,0.19071623131928342,0.18517558622612582,0.0055406450931576035,4.399317703640258
NGC 3379,inner,winsor_4.0,constant,stpsf_R2024052602-NRCA3_FP1-1,0.2460507634113293,0.1670463788556829,0.15871293064094902,0.00833344821473389,7.68697999500371
NGC 3379,inner,winsor_4.0,N(k),stpsf_R2024052602-NRCA3_FP1-1,0.04026285219458116,1.7821821412947645,1.3433804739866568,0.43880166730810766,14.86309403490157
NGC 3379,inner,winsor_4.0,N(k),stpsf_R2024052602-NRCA3_FP1-1,0.04921015268226586,1.7354162547381549,1.206341018452851,0.529075236285304,21.188294881797987
NGC 3379,inner,winsor_4.0,N(k),stpsf_R2024052602-NRCA3_FP1-1,0.05815745316995056,1.4893204672113365,1.1204236706984352,0.3688967965129013,18.122118701823535
NGC 3379,inner,winsor_4.0,N(k),stpsf_R2024052602-NRCA3_FP1-1,0.06710475365763527,1.3013045750910441,0.9242304058038315,0.3770741692872126,23.730316558524223
NGC 3379,inner,winsor_4.0,N(k),stpsf_R2024052602-NRCA3_FP1-1,0.07605205414531996,1.2813682267614548,0.8218630832839613,0.4595051434774935,29.971481451115565
NGC 3379,inner,winsor_4.0,N(k),stpsf_R2024052602-NRCA3_FP1-1,0.08499935463300468,1.2032313372870922,0.8028814456687043,0.40034989161838785,30.075400854503247
NGC 3379,inner,winsor_4.0,N(k),stpsf_R2024052602-NRCA3_FP1-1,0.09394665512068937,1.0800389779880184,0.7135596367868982,0.36647934120112025,32.4793091307274
NGC 3379,inner,winsor_4.0,N(k),stpsf_R2024052602-NRCA3_FP1-1,0.10289395560837407,0.9743100113545311,0.689522685273954,0.2847873260805771,29.384902398988263
NGC 3379,inner,winsor_4.0,N(k),stpsf_R2024052602-NRCA3_FP1-1,0.11184125609605877,0.8607236909580679,0.6220778722267741,0.23864581873129376,28.796120684929186
NGC 3379,inner,winsor_4.0,N(k),stpsf_R2024052602-NRCA3_FP1-1,0.12078855658374346,0.8063497308447231,0.5833610269242139,0.22298870392050918,29.65527994684712
NGC 3379,inner,winsor_4.0,N(k),stpsf_R2024052602-NRCA3_FP1-1,0.12973585707142818,0.7095493141262634,0.5560440076833393,0.15350530644292415,23.744908087855176
NGC 3379,inner,winsor_4.0,N(k),stpsf_R2024052602-NRCA3_FP1-1,0.13868315755911287,0.6601537343589644,0.49815728212897625,0.16199645222998815,28.040828520070484
NGC 3379,inner,winsor_4.0,N(k),stpsf_R2024052602-NRCA3_FP1-1,0.14763045804679759,0.6026480126749783,0.475964293048597,0.12668371962638125,24.99720172457211
NGC 3379,inner,winsor_4.0,N(k),stpsf_R2024052602-NRCA3_FP1-1,0.15657775853448228,0.5595663524188466,0.4463677172965567,0.11319863512228984,24.853825910125035
NGC 3379,inner,winsor_4.0,N(k),stpsf_R2024052602-NRCA3_FP1-1,0.16552505902216696,0.5051660559329221,0.4202831769463323,0.08488287898658975,21.451511766737312
NGC 3379,inner,winsor_4.0,N(k),stpsf_R2024052602-NRCA3_FP1-1,0.17447235950985168,0.4318454558194832,0.3738470319007394,0.05799842391874377,17.326922093926445
NGC 3379,inner,winsor_4.0,N(k),stpsf_R2024052602-NRCA3_FP1-1,0.1834196599975364,0.38591604300656124,0.3370161004563111,0.04889994255025015,16.960407828693604
NGC 3379,inner,winsor_4.0,N(k),stpsf_R2024052602-NRCA3_FP1-1,0.1923669604852211,0.3478198418490197,0.32930165518791277,0.01851818666110694,7.424803442559234
NGC 3379,inner,winsor_4.0,N(k),stpsf_R2024052602-NRCA3_FP1-1,0.20131426097290578,0.30681152647949034,0.3185230711886045,-0.011711544709114174,-5.234452555252978
NGC 3379,inner,winsor_4.0,N(k),stpsf_R2024052602-NRCA3_FP1-1,0.2102615614605905,0.2775748918256849,0.300885775655618,-0.023310883829933127,-11.819701100630223
NGC 3379,inner,winsor_4.0,N(k),stpsf_R2024052602-NRCA3_FP1-1,0.21920886194827519,0.24073973073411925,0.27166522711857644,-0.030925496384457185,-18.550502220458114
NGC 3379,inner,winsor_4.0,N(k),stpsf_R2024052602-NRCA3_FP1-1,0.22815616243595988,0.21862797575459444,0.27054151879747096,-0.051913543042876514,-34.950125168229164
NGC 3379,inner,winsor_4.0,N(k),stpsf_R2024052602-NRCA3_FP1-1,0.2371034629236446,0.19071623131928342,0.2525873878232684,-0.061871156503984975,-49.12620634893565
NGC 3379,inner,winsor_4.0,N(k),stpsf_R2024052602-NRCA3_FP1-1,0.2460507634113293,0.1670463788556829,0.22349927276364218,-0.05645289390795927,-52.07355406172724
NGC 3379,inner,winsor_4.0,constant,stpsf_field_1280_1024,0.04026285219458116,1.7821821412947645,1.5954109184378245,0.18677122285694003,6.326316546074266
NGC 3379,inner,winsor_4.0,constant,stpsf_field_1280_1024,0.04921015268226586,1.7354162547381549,1.467786781125343,0.26762947361281175,10.717969424882984
NGC 3379,inner,winsor_4.0,constant,stpsf_field_1280_1024,0.05815745316995056,1.4893204672113365,1.371483254161897,0.1178372130494394,5.788773398305527
NGC 3379,inner,winsor_4.0,constant,stpsf_field_1280_1024,0.06710475365763527,1.3013045750910441,1.2844104457061263,0.016894129384917855,1.063194116538394
NGC 3379,inner,winsor_4.0,constant,stpsf_field_1280_1024,0.07605205414531996,1.2813682267614548,1.1900832598066198,0.09128496695483501,5.954113316658753
NGC 3379,inner,winsor_4.0,constant,stpsf_field_1280_1024,0.08499935463300468,1.2032313372870922,1.1016499924600596,0.10158134482703263,7.631074040416219
NGC 3379,inner,winsor_4.0,constant,stpsf_field_1280_1024,0.09394665512068937,1.0800389779880184,1.0264208002127044,0.05361817777531397,4.751922346517787
NGC 3379,inner,winsor_4.0,constant,stpsf_field_1280_1024,0.10289395560837407,0.9743100113545311,0.9425575524250038,0.03175245892952727,3.2762795992826206
NGC 3379,inner,winsor_4.0,constant,stpsf_field_1280_1024,0.11184125609605877,0.8607236909580679,0.8633574760763392,-0.0026337851182712813,-0.31780483113892916
NGC 3379,inner,winsor_4.0,constant,stpsf_field_1280_1024,0.12078855658374346,0.8063497308447231,0.7977802754814136,0.008569455363309442,1.139652338091278
NGC 3379,inner,winsor_4.0,constant,stpsf_field_1280_1024,0.12973585707142818,0.7095493141262634,0.7289361303658743,-0.019386816239610916,-2.998842062159335
NGC 3379,inner,winsor_4.0,constant,stpsf_field_1280_1024,0.13868315755911287,0.6601537343589644,0.6709576598066156,-0.010803925447651186,-1.8701089848011594
NGC 3379,inner,winsor_4.0,constant,stpsf_field_1280_1024,0.14763045804679759,0.6026480126749783,0.6123239086097163,-0.009675895934738055,-1.909245507314944
NGC 3379,inner,winsor_4.0,constant,stpsf_field_1280_1024,0.15657775853448228,0.5595663524188466,0.5569133975825533,0.002652954836293242,0.5824812072815628
NGC 3379,inner,winsor_4.0,constant,stpsf_field_1280_1024,0.16552505902216696,0.5051660559329221,0.5032035134796169,0.0019625424533051827,0.4959716615696876
NGC 3379,inner,winsor_4.0,constant,stpsf_field_1280_1024,0.17447235950985168,0.4318454558194832,0.4549683346042624,-0.0231228787847792,-6.907917357417938
NGC 3379,inner,winsor_4.0,constant,stpsf_field_1280_1024,0.1834196599975364,0.38591604300656124,0.40625574869659625,-0.020339705690035015,-7.054603454065387
NGC 3379,inner,winsor_4.0,constant,stpsf_field_1280_1024,0.1923669604852211,0.3478198418490197,0.3615246374427174,-0.013704795593697694,-5.494890799290321
NGC 3379,inner,winsor_4.0,constant,stpsf_field_1280_1024,0.20131426097290578,0.30681152647949034,0.3221597902218191,-0.015348263742328783,-6.8598771861586645
NGC 3379,inner,winsor_4.0,constant,stpsf_field_1280_1024,0.2102615614605905,0.2775748918256849,0.28492694581308714,-0.007352053987402241,-3.727832940216766
NGC 3379,inner,winsor_4.0,constant,stpsf_field_1280_1024,0.21920886194827519,0.24073973073411925,0.24658846517926586,-0.005848734445146608,-3.5083337050683974
NGC 3379,inner,winsor_4.0,constant,stpsf_field_1280_1024,0.22815616243595988,0.21862797575459444,0.21512329863076496,0.003504677123829486,2.3594787982570113
NGC 3379,inner,winsor_4.0,constant,stpsf_field_1280_1024,0.2371034629236446,0.19071623131928342,0.18623173345299932,0.004484497866284104,3.5607281324415703
NGC 3379,inner,winsor_4.0,constant,stpsf_field_1280_1024,0.2460507634113293,0.1670463788556829,0.15830135539560408,0.008745023460078827,8.06662724256344
NGC 3379,inner,winsor_4.0,N(k),stpsf_field_1280_1024,0.04026285219458116,1.7821821412947645,1.2816833950909325,0.500498746203832,16.952898048025354
NGC 3379,inner,winsor_4.0,N(k),stpsf_field_1280_1024,0.04921015268226586,1.7354162547381549,1.1622878367609135,0.5731284179772413,22.952527528035187
NGC 3379,inner,winsor_4.0,N(k),stpsf_field_1280_1024,0.05815745316995056,1.4893204672113365,1.0805301397057652,0.4087903275055713,20.08189528681418
NGC 3379,inner,winsor_4.0,N(k),stpsf_field_1280_1024,0.06710475365763527,1.3013045750910441,0.9112632195655767,0.3900413555254675,24.546377321553432
NGC 3379,inner,winsor_4.0,N(k),stpsf_field_1280_1024,0.07605205414531996,1.2813682267614548,0.8190637611325966,0.4623044656288582,30.1540688130336
NGC 3379,inner,winsor_4.0,N(k),stpsf_field_1280_1024,0.08499935463300468,1.2032313372870922,0.7955603346489133,0.4076710026381789,30.625383140574193
NGC 3379,inner,winsor_4.0,N(k),stpsf_field_1280_1024,0.09394665512068937,1.0800389779880184,0.7112396994209489,0.3687992785670695,32.68491407049191
NGC 3379,inner,winsor_4.0,N(k),stpsf_field_1280_1024,0.10289395560837407,0.9743100113545311,0.6849856034856212,0.2893244078689099,29.853047197990534
NGC 3379,inner,winsor_4.0,N(k),stpsf_field_1280_1024,0.11184125609605877,0.8607236909580679,0.6230976148193795,0.23762607613868836,28.673073774154307
NGC 3379,inner,winsor_4.0,N(k),stpsf_field_1280_1024,0.12078855658374346,0.8063497308447231,0.5827587439120828,0.22359098693264023,29.735377597615763
NGC 3379,inner,winsor_4.0,N(k),stpsf_field_1280_1024,0.12973585707142818,0.7095493141262634,0.5550290674448543,0.15452024668140918,23.901903720357648
NGC 3379,inner,winsor_4.0,N(k),stpsf_field_1280_1024,0.13868315755911287,0.6601537343589644,0.5008276194334548,0.15932611492550963,27.578605616945893
NGC 3379,inner,winsor_4.0,N(k),stpsf_field_1280_1024,0.14763045804679759,0.6026480126749783,0.47807707724123844,0.12457093543373982,24.58030764520892
NGC 3379,inner,winsor_4.0,N(k),stpsf_field_1280_1024,0.15657775853448228,0.5595663524188466,0.4479223892402833,0.11164396317856323,24.51248305033707
NGC 3379,inner,winsor_4.0,N(k),stpsf_field_1280_1024,0.16552505902216696,0.5051660559329221,0.4210234331881982,0.0841426227447239,21.264434989036417
NGC 3379,inner,winsor_4.0,N(k),stpsf_field_1280_1024,0.17447235950985168,0.4318454558194832,0.3771519941304732,0.054693461689010014,16.33957072799632
NGC 3379,inner,winsor_4.0,N(k),stpsf_field_1280_1024,0.1834196599975364,0.38591604300656124,0.3424115999048131,0.043504443101748114,15.08903812325787
NGC 3379,inner,winsor_4.0,N(k),stpsf_field_1280_1024,0.1923669604852211,0.3478198418490197,0.3327118880703914,0.01510795377862828,6.057482262082338
NGC 3379,inner,winsor_4.0,N(k),stpsf_field_1280_1024,0.20131426097290578,0.30681152647949034,0.31849031343406864,-0.011678786954578302,-5.219811539384149
NGC 3379,inner,winsor_4.0,N(k),stpsf_field_1280_1024,0.2102615614605905,0.2775748918256849,0.30005650575939485,-0.022481613933709954,-11.399222736248246
NGC 3379,inner,winsor_4.0,N(k),stpsf_field_1280_1024,0.21920886194827519,0.24073973073411925,0.27325690352833665,-0.0325171727942174,-19.50526124538834
NGC 3379,inner,winsor_4.0,N(k),stpsf_field_1280_1024,0.22815616243595988,0.21862797575459444,0.26855404643769765,-0.0499260706831032,-33.61208496386279
NGC 3379,inner,winsor_4.0,N(k),stpsf_field_1280_1024,0.2371034629236446,0.19071623131928342,0.2508246666649366,-0.06010843534565316,-47.72659127378724
NGC 3379,inner,winsor_4.0,N(k),stpsf_field_1280_1024,0.2460507634113293,0.1670463788556829,0.22447669961211467,-0.05743032075643176,-52.975156908134025
NGC 3379,inner,winsor_4.0,constant,stpsf_field_768_1024,0.04026285219458116,1.7821821412947645,1.5961997855278578,0.1859823557669067,6.29959603288175
NGC 3379,inner,winsor_4.0,constant,stpsf_field_768_1024,0.04921015268226586,1.7354162547381549,1.4665795605450767,0.2688366941930782,10.76631594327544
NGC 3379,inner,winsor_4.0,constant,stpsf_field_768_1024,0.05815745316995056,1.4893204672113365,1.3738787849558343,0.11544168225550222,5.6710925352241235
NGC 3379,inner,winsor_4.0,constant,stpsf_field_768_1024,0.06710475365763527,1.3013045750910441,1.2830306687253303,0.0182739063657138,1.150027284125413
NGC 3379,inner,winsor_4.0,constant,stpsf_field_768_1024,0.07605205414531996,1.2813682267614548,1.193127469234255,0.08824075752719973,5.755553044398925
NGC 3379,inner,winsor_4.0,constant,stpsf_field_768_1024,0.08499935463300468,1.2032313372870922,1.1055079677511102,0.09772336953598204,7.341252172609358
NGC 3379,inner,winsor_4.0,constant,stpsf_field_768_1024,0.09394665512068937,1.0800389779880184,1.020685767380056,0.05935321060796239,5.260190844370811
NGC 3379,inner,winsor_4.0,constant,stpsf_field_768_1024,0.10289395560837407,0.9743100113545311,0.9393910626908996,0.034918948663631544,3.603004081950525
NGC 3379,inner,winsor_4.0,constant,stpsf_field_768_1024,0.11184125609605877,0.8607236909580679,0.8653177749356177,-0.00459408397754979,-0.5543436602305564
NGC 3379,inner,winsor_4.0,constant,stpsf_field_768_1024,0.12078855658374346,0.8063497308447231,0.7939048196760708,0.012444911168652206,1.6550494178915305
NGC 3379,inner,winsor_4.0,constant,stpsf_field_768_1024,0.12973585707142818,0.7095493141262634,0.7301364991960262,-0.02058718506976276,-3.184520643597036
NGC 3379,inner,winsor_4.0,constant,stpsf_field_768_1024,0.13868315755911287,0.6601537343589644,0.6679827374503194,-0.007829003091355036,-1.3551638331938076
NGC 3379,inner,winsor_4.0,constant,stpsf_field_768_1024,0.14763045804679759,0.6026480126749783,0.6136873303829616,-0.011039317707983387,-2.178275570546447
NGC 3379,inner,winsor_4.0,constant,stpsf_field_768_1024,0.15657775853448228,0.5595663524188466,0.5589860637154839,0.0005802887033626858,0.1274078472360351
NGC 3379,inner,winsor_4.0,constant,stpsf_field_768_1024,0.16552505902216696,0.5051660559329221,0.5048397868350682,0.0003262690978538263,0.08245438273647453
NGC 3379,inner,winsor_4.0,constant,stpsf_field_768_1024,0.17447235950985168,0.4318454558194832,0.453833634624051,-0.021988178804567826,-6.568927832725899
NGC 3379,inner,winsor_4.0,constant,stpsf_field_768_1024,0.1834196599975364,0.38591604300656124,0.40889885627682043,-0.022982813270259195,-7.9713362794597655
NGC 3379,inner,winsor_4.0,constant,stpsf_field_768_1024,0.1923669604852211,0.3478198418490197,0.36350604060639957,-0.015686198757379866,-6.28932760349984
NGC 3379,inner,winsor_4.0,constant,stpsf_field_768_1024,0.20131426097290578,0.30681152647949034,0.32144441284963554,-0.014632886370145204,-6.540140635020166
NGC 3379,inner,winsor_4.0,constant,stpsf_field_768_1024,0.2102615614605905,0.2775748918256849,0.2823083511721086,-0.0047334593464237185,-2.400083800120475
NGC 3379,inner,winsor_4.0,constant,stpsf_field_768_1024,0.21920886194827519,0.24073973073411925,0.2465622813236066,-0.0058225505894873575,-3.4926274519978335
NGC 3379,inner,winsor_4.0,constant,stpsf_field_768_1024,0.22815616243595988,0.21862797575459444,0.21523411715029303,0.003393858604301414,2.284871655275746
NGC 3379,inner,winsor_4.0,constant,stpsf_field_768_1024,0.2371034629236446,0.19071623131928342,0.18477025080049989,0.0059459805187835335,4.721157360194126
NGC 3379,inner,winsor_4.0,constant,stpsf_field_768_1024,0.2460507634113293,0.1670463788556829,0.15953440823820927,0.0075119706174736345,6.929228618410443
NGC 3379,inner,winsor_4.0,N(k),stpsf_field_768_1024,0.04026285219458116,1.7821821412947645,1.353018061503733,0.42916407979103144,14.536649583551485
NGC 3379,inner,winsor_4.0,N(k),stpsf_field_768_1024,0.04921015268226586,1.7354162547381549,1.2204709540053982,0.5149453007327567,20.62242216537637
NGC 3379,inner,winsor_4.0,N(k),stpsf_field_768_1024,0.05815745316995056,1.4893204672113365,1.1295925911998692,0.3597278760114673,17.671693902082126
NGC 3379,inner,winsor_4.0,N(k),stpsf_field_768_1024,0.06710475365763527,1.3013045750910441,0.9269405501979227,0.3743640248931215,23.559759703588593
NGC 3379,inner,winsor_4.0,N(k),stpsf_field_768_1024,0.07605205414531996,1.2813682267614548,0.8220569306317521,0.4593112961297027,29.9588376488184
NGC 3379,inner,winsor_4.0,N(k),stpsf_field_768_1024,0.08499935463300468,1.2032313372870922,0.8057305080174821,0.39750082926961006,29.86137134183726
NGC 3379,inner,winsor_4.0,N(k),stpsf_field_768_1024,0.09394665512068937,1.0800389779880184,0.7122745218698574,0.367764456118161,32.59320271207438
NGC 3379,inner,winsor_4.0,N(k),stpsf_field_768_1024,0.10289395560837407,0.9743100113545311,0.6911326597784329,0.28317735157609825,29.2187821424092
NGC 3379,inner,winsor_4.0,N(k),stpsf_field_768_1024,0.11184125609605877,0.8607236909580679,0.6226052032422543,0.23811848771581356,28.732490458163003
NGC 3379,inner,winsor_4.0,N(k),stpsf_field_768_1024,0.12078855658374346,0.8063497308447231,0.5830219117920438,0.2233278190526793,29.7003788868468
NGC 3379,inner,winsor_4.0,N(k),stpsf_field_768_1024,0.12973585707142818,0.7095493141262634,0.5567979006902017,0.1527514134360617,23.628292443934868
NGC 3379,inner,winsor_4.0,N(k),stpsf_field_768_1024,0.13868315755911287,0.6601537343589644,0.49764731251218547,0.16250642184677894,28.129101876542357
NGC 3379,inner,winsor_4.0,N(k),stpsf_field_768_1024,0.14763045804679759,0.6026480126749783,0.47642266653290727,0.12622534614207098,24.906755576588054
NGC 3379,inner,winsor_4.0,N(k),stpsf_field_768_1024,0.15657775853448228,0.5595663524188466,0.44628222111467725,0.11328413130416931,24.8725974016551
NGC 3379,inner,winsor_4.0,N(k),stpsf_field_768_1024,0.16552505902216696,0.5051660559329221,0.4204135849926536,0.0847524709402685,21.41855518263536
NGC 3379,inner,winsor_4.0,N(k),stpsf_field_768_1024,0.17447235950985168,0.4318454558194832,0.37255664828873525,0.059288807530747945,17.71242181626028
NGC 3379,inner,winsor_4.0,N(k),stpsf_field_768_1024,0.1834196599975364,0.38591604300656124,0.33449134481166254,0.0514246981948987,17.83609158552077
NGC 3379,inner,winsor_4.0,N(k),stpsf_field_768_1024,0.1923669604852211,0.3478198418490197,0.3293821677065337,0.018437674142485982,7.392522224297108
NGC 3379,inner,winsor_4.0,N(k),stpsf_field_768_1024,0.20131426097290578,0.30681152647949034,0.3182274449649434,-0.011415918485453036,-5.102322978815587
NGC 3379,inner,winsor_4.0,N(k),stpsf_field_768_1024,0.2102615614605905,0.2775748918256849,0.3010657152387871,-0.023490823413102213,-11.910938829098482
NGC 3379,inner,winsor_4.0,N(k),stpsf_field_768_1024,0.21920886194827519,0.24073973073411925,0.2719228812699373,-0.03118315053581805,-18.705054756899603
NGC 3379,inner,winsor_4.0,N(k),stpsf_field_768_1024,0.22815616243595988,0.21862797575459444,0.2708697113928442,-0.05224173563824977,-35.17107661201923
NGC 3379,inner,winsor_4.0,N(k),stpsf_field_768_1024,0.2371034629236446,0.19071623131928342,0.2531755347334865,-0.062459303414203055,-49.59319982550015
NGC 3379,inner,winsor_4.0,N(k),stpsf_field_768_1024,0.2460507634113293,0.1670463788556829,0.22291498247942285,-0.05586860362373994,-51.534590164630245
NGC 3379,inner,winsor_4.0,constant,stpsf_field_1024_1280,0.04026285219458116,1.7821821412947645,1.5901992055144416,0.19198293578032288,6.502847733246718
NGC 3379,inner,winsor_4.0,constant,stpsf_field_1024_1280,0.04921015268226586,1.7354162547381549,1.4708839182484335,0.2645323364897214,10.593935922362345
NGC 3379,inner,winsor_4.0,constant,stpsf_field_1024_1280,0.05815745316995056,1.4893204672113365,1.3693188072608424,0.12000165995049406,5.895102225325674
NGC 3379,inner,winsor_4.0,constant,stpsf_field_1024_1280,0.06710475365763527,1.3013045750910441,1.2772138030081113,0.024090772082932865,1.516098672969063
NGC 3379,inner,winsor_4.0,constant,stpsf_field_1024_1280,0.07605205414531996,1.2813682267614548,1.1988598022731343,0.08250842448832052,5.381658397548688
NGC 3379,inner,winsor_4.0,constant,stpsf_field_1024_1280,0.08499935463300468,1.2032313372870922,1.1125876160100314,0.09064372127706077,6.809409242828074
NGC 3379,inner,winsor_4.0,constant,stpsf_field_1024_1280,0.09394665512068937,1.0800389779880184,1.0240549161669485,0.05598406182106985,4.961599320498678
NGC 3379,inner,winsor_4.0,constant,stpsf_field_1024_1280,0.10289395560837407,0.9743100113545311,0.9416743574158198,0.03263565393871126,3.367409353900992
NGC 3379,inner,winsor_4.0,constant,stpsf_field_1024_1280,0.11184125609605877,0.8607236909580679,0.8668277870343278,-0.006104096076259946,-0.7365487827058868
NGC 3379,inner,winsor_4.0,constant,stpsf_field_1024_1280,0.12078855658374346,0.8063497308447231,0.7929460766655386,0.013403654179184432,1.7825527033698456
NGC 3379,inner,winsor_4.0,constant,stpsf_field_1024_1280,0.12973585707142818,0.7095493141262634,0.731271223412388,-0.021721909286124608,-3.3600450137111975
NGC 3379,inner,winsor_4.0,constant,stpsf_field_1024_1280,0.13868315755911287,0.6601537343589644,0.6731074955239005,-0.012953761164936073,-2.242235496615897
NGC 3379,inner,winsor_4.0,constant,stpsf_field_1024_1280,0.14763045804679759,0.6026480126749783,0.6115649872946858,-0.00891697461970753,-1.759495332147645
NGC 3379,inner,winsor_4.0,constant,stpsf_field_1024_1280,0.15657775853448228,0.5595663524188466,0.5602956755807893,-0.0007293231619427409,-0.16012976551850266
NGC 3379,inner,winsor_4.0,constant,stpsf_field_1024_1280,0.16552505902216696,0.5051660559329221,0.5036966668630343,0.0014693890698878054,0.37134245797192206
NGC 3379,inner,winsor_4.0,constant,stpsf_field_1024_1280,0.17447235950985168,0.4318454558194832,0.45391545921932464,-0.022070003399841442,-6.593372779534442
NGC 3379,inner,winsor_4.0,constant,stpsf_field_1024_1280,0.1834196599975364,0.38591604300656124,0.4068229059773242,-0.02090686297076294,-7.251315725746968
NGC 3379,inner,winsor_4.0,constant,stpsf_field_1024_1280,0.1923669604852211,0.3478198418490197,0.36143451116000713,-0.013614669310987426,-5.458754975282363
NGC 3379,inner,winsor_4.0,constant,stpsf_field_1024_1280,0.20131426097290578,0.30681152647949034,0.3234624613321154,-0.016650934852625088,-7.442103552646273
NGC 3379,inner,winsor_4.0,constant,stpsf_field_1024_1280,0.2102615614605905,0.2775748918256849,0.28132495437696203,-0.0037500625512771335,-1.9014559374126343
NGC 3379,inner,winsor_4.0,constant,stpsf_field_1024_1280,0.21920886194827519,0.24073973073411925,0.24696909529159894,-0.0062293645574796885,-3.736652748236828
NGC 3379,inner,winsor_4.0,constant,stpsf_field_1024_1280,0.22815616243595988,0.21862797575459444,0.2138980405898669,0.004729935164727556,3.1843680156506
NGC 3379,inner,winsor_4.0,constant,stpsf_field_1024_1280,0.2371034629236446,0.19071623131928342,0.184665307030425,0.0060509242888584225,4.80448357542985
NGC 3379,inner,winsor_4.0,constant,stpsf_field_1024_1280,0.2460507634113293,0.1670463788556829,0.16044664341154147,0.006599735444141441,6.087760195321762
NGC 3379,inner,winsor_4.0,N(k),stpsf_field_1024_1280,0.04026285219458116,1.7821821412947645,1.1761760759488575,0.606006065345907,20.526642914126633
NGC 3379,inner,winsor_4.0,N(k),stpsf_field_1024_1280,0.04921015268226586,1.7354162547381549,1.0788586443609114,0.6565576103772435,26.29368245097749
NGC 3379,inner,winsor_4.0,N(k),stpsf_field_1024_1280,0.05815745316995056,1.4893204672113365,1.0080028437415216,0.4813176234698149,23.644811199911146
NGC 3379,inner,winsor_4.0,N(k),stpsf_field_1024_1280,0.06710475365763527,1.3013045750910441,0.8902829393272367,0.41102163576380746,25.866724171308437
NGC 3379,inner,winsor_4.0,N(k),stpsf_field_1024_1280,0.07605205414531996,1.2813682267614548,0.8179301259450076,0.4634381008164472,30.228010805804395
NGC 3379,inner,winsor_4.0,N(k),stpsf_field_1024_1280,0.08499935463300468,1.2032313372870922,0.783138722712333,0.4200926145747592,31.55852928616585
NGC 3379,inner,winsor_4.0,N(k),stpsf_field_1024_1280,0.09394665512068937,1.0800389779880184,0.7146078115278899,0.3654311664601285,32.386414422599756
NGC 3379,inner,winsor_4.0,N(k),stpsf_field_1024_1280,0.10289395560837407,0.9743100113545311,0.6792813693545858,0.2950286419999453,30.44162101378607
NGC 3379,inner,winsor_4.0,N(k),stpsf_field_1024_1280,0.11184125609605877,0.8607236909580679,0.6256043183428603,0.23511937261520754,28.370603202630207
NGC 3379,inner,winsor_4.0,N(k),stpsf_field_1024_1280,0.12078855658374346,0.8063497308447231,0.585113056077158,0.22123667476756503,29.422277493843414
NGC 3379,inner,winsor_4.0,N(k),stpsf_field_1024_1280,0.12973585707142818,0.7095493141262634,0.5537284305796975,0.15582088354656598,24.10309222344244
NGC 3379,inner,winsor_4.0,N(k),stpsf_field_1024_1280,0.13868315755911287,0.6601537343589644,0.508815844569084,0.1513378897898804,26.195881192278332
NGC 3379,inner,winsor_4.0,N(k),stpsf_field_1024_1280,0.14763045804679759,0.6026480126749783,0.48092485185876904,0.12172316081620921,24.018385428285754
NGC 3379,inner,winsor_4.0,N(k),stpsf_field_1024_1280,0.15657775853448228,0.5595663524188466,0.45096094653639796,0.1086054058824486,23.845339193222642
NGC 3379,inner,winsor_4.0,N(k),stpsf_field_1024_1280,0.16552505902216696,0.5051660559329221,0.4219646167176141,0.08320143921530798,21.02658007887115
NGC 3379,inner,winsor_4.0,N(k),stpsf_field_1024_1280,0.17447235950985168,0.4318454558194832,0.38503182873979525,0.04681362707968795,13.98548468283011
NGC 3379,inner,winsor_4.0,N(k),stpsf_field_1024_1280,0.1834196599975364,0.38591604300656124,0.3536929651655151,0.03222307784104611,11.176220526604405
NGC 3379,inner,winsor_4.0,N(k),stpsf_field_1024_1280,0.1923669604852211,0.3478198418490197,0.3370053735217461,0.010814468327273619,4.336023992804339
NGC 3379,inner,winsor_4.0,N(k),stpsf_field_1024_1280,0.20131426097290578,0.30681152647949034,0.3194836459575703,-0.012672119478079946,-5.663779614903057
NGC 3379,inner,winsor_4.0,N(k),stpsf_field_1024_1280,0.2102615614605905,0.2775748918256849,0.29897202212711566,-0.021397130301430756,-10.849339150727298
NGC 3379,inner,winsor_4.0,N(k),stpsf_field_1024_1280,0.21920886194827519,0.24073973073411925,0.27510719318983984,-0.03436746245572059,-20.61514811826183
NGC 3379,inner,winsor_4.0,N(k),stpsf_field_1024_1280,0.22815616243595988,0.21862797575459444,0.2643515964612486,-0.04572362070665417,-30.782839566976527
NGC 3379,inner,winsor_4.0,N(k),stpsf_field_1024_1280,0.2371034629236446,0.19071623131928342,0.2471428965460235,-0.056426665226740086,-44.80323556474341
NGC 3379,inner,winsor_4.0,N(k),stpsf_field_1024_1280,0.2460507634113293,0.1670463788556829,0.22606848417254805,-0.05902210531686514,-54.44345859515637
NGC 3379,inner,winsor_4.0,constant,stpsf_field_1024_768,0.04026285219458116,1.7821821412947645,1.5821479136491152,0.20003422764564927,6.775561163965655
NGC 3379,inner,winsor_4.0,constant,stpsf_field_1024_768,0.04921015268226586,1.7354162547381549,1.4658352862952893,0.2695809684428656,10.796122483434354
NGC 3379,inner,winsor_4.0,constant,stpsf_field_1024_768,0.05815745316995056,1.4893204672113365,1.3578239782863422,0.13149648892499433,6.459787679637471
NGC 3379,inner,winsor_4.0,constant,stpsf_field_1024_768,0.06710475365763527,1.3013045750910441,1.2770633091004506,0.024241265990593508,1.5255696692870213
NGC 3379,inner,winsor_4.0,constant,stpsf_field_1024_768,0.07605205414531996,1.2813682267614548,1.185688039530792,0.09568018723066274,6.2407940314242225
NGC 3379,inner,winsor_4.0,constant,stpsf_field_1024_768,0.08499935463300468,1.2032313372870922,1.1003731782910755,0.10285815899601669,7.726991883165402
NGC 3379,inner,winsor_4.0,constant,stpsf_field_1024_768,0.09394665512068937,1.0800389779880184,1.021545860469557,0.05849311751846131,5.183964912389076
NGC 3379,inner,winsor_4.0,constant,stpsf_field_1024_768,0.10289395560837407,0.9743100113545311,0.9398316520742431,0.034478359280287973,3.557543224524875
NGC 3379,inner,winsor_4.0,constant,stpsf_field_1024_768,0.11184125609605877,0.8607236909580679,0.8601011647787189,0.0006225261793489922,0.07511692048644622
NGC 3379,inner,winsor_4.0,constant,stpsf_field_1024_768,0.12078855658374346,0.8063497308447231,0.7960219921898122,0.010327738654910879,1.37348652933754
NGC 3379,inner,winsor_4.0,constant,stpsf_field_1024_768,0.12973585707142818,0.7095493141262634,0.7281747382726537,-0.018625424146390235,-2.8810664250085316
NGC 3379,inner,winsor_4.0,constant,stpsf_field_1024_768,0.13868315755911287,0.6601537343589644,0.6666611328476363,-0.006507398488671878,-1.1264002551954364
NGC 3379,inner,winsor_4.0,constant,stpsf_field_1024_768,0.14763045804679759,0.6026480126749783,0.6137764245612793,-0.011128411886301093,-2.1958556128317617
NGC 3379,inner,winsor_4.0,constant,stpsf_field_1024_768,0.15657775853448228,0.5595663524188466,0.5574433288836449,0.0021230235352016624,0.46612980174184426
NGC 3379,inner,winsor_4.0,constant,stpsf_field_1024_768,0.16552505902216696,0.5051660559329221,0.5066729426879739,-0.0015068867550518394,-0.3808188334686671
NGC 3379,inner,winsor_4.0,constant,stpsf_field_1024_768,0.17447235950985168,0.4318454558194832,0.4521715567529928,-0.020326100933509617,-6.072385136562088
NGC 3379,inner,winsor_4.0,constant,stpsf_field_1024_768,0.1834196599975364,0.38591604300656124,0.4093947589633714,-0.02347871595681017,-8.14333467799789
NGC 3379,inner,winsor_4.0,constant,stpsf_field_1024_768,0.1923669604852211,0.3478198418490197,0.365807914938015,-0.017988073088995304,-7.212256223590519
NGC 3379,inner,winsor_4.0,constant,stpsf_field_1024_768,0.20131426097290578,0.30681152647949034,0.3232279220106832,-0.01641639553119284,-7.3372766505705025
NGC 3379,inner,winsor_4.0,constant,stpsf_field_1024_768,0.2102615614605905,0.2775748918256849,0.28428503067150057,-0.006710138845815672,-3.402352140738056
NGC 3379,inner,winsor_4.0,constant,stpsf_field_1024_768,0.21920886194827519,0.24073973073411925,0.24694897343390212,-0.006209242699782874,-3.724582753910978
NGC 3379,inner,winsor_4.0,constant,stpsf_field_1024_768,0.22815616243595988,0.21862797575459444,0.2147647858071787,0.003863189947415746,2.6008429457282443
NGC 3379,inner,winsor_4.0,constant,stpsf_field_1024_768,0.2371034629236446,0.19071623131928342,0.1852765396180228,0.005439691701260629,4.3191598814467085
NGC 3379,inner,winsor_4.0,constant,stpsf_field_1024_768,0.2460507634113293,0.1670463788556829,0.15814324878231414,0.008903130073368765,8.212468716839206
NGC 3379,inner,winsor_4.0,N(k),stpsf_field_1024_768,0.04026285219458116,1.7821821412947645,1.3927590865488564,0.3894230547459081,13.190541224591444
NGC 3379,inner,winsor_4.0,N(k),stpsf_field_1024_768,0.04921015268226586,1.7354162547381549,1.248519482133609,0.4868967726045459,19.49914055205879
NGC 3379,inner,winsor_4.0,N(k),stpsf_field_1024_768,0.05815745316995056,1.4893204672113365,1.1596513031860933,0.32966916402524316,16.195054495647952
NGC 3379,inner,winsor_4.0,N(k),stpsf_field_1024_768,0.06710475365763527,1.3013045750910441,0.936980605023407,0.36432397006763717,22.927911386521277
NGC 3379,inner,winsor_4.0,N(k),stpsf_field_1024_768,0.07605205414531996,1.2813682267614548,0.826921938439116,0.4544462883223388,29.64151477805693
NGC 3379,inner,winsor_4.0,N(k),stpsf_field_1024_768,0.08499935463300468,1.2032313372870922,0.8130661049397482,0.390165232347344,29.310300834356003
NGC 3379,inner,winsor_4.0,N(k),stpsf_field_1024_768,0.09394665512068937,1.0800389779880184,0.7123422621663461,0.3676967158216723,32.58719921396981
NGC 3379,inner,winsor_4.0,N(k),stpsf_field_1024_768,0.10289395560837407,0.9743100113545311,0.693889817490968,0.2804201938635631,28.934293322641498
NGC 3379,inner,winsor_4.0,N(k),stpsf_field_1024_768,0.11184125609605877,0.8607236909580679,0.6247590767234662,0.2359646142346017,28.472594009799575
NGC 3379,inner,winsor_4.0,N(k),stpsf_field_1024_768,0.12078855658374346,0.8063497308447231,0.582242840625278,0.22410689021944508,29.8039876039825
NGC 3379,inner,winsor_4.0,N(k),stpsf_field_1024_768,0.12973585707142818,0.7095493141262634,0.5586212230188863,0.15092809110737715,23.346252545038954
NGC 3379,inner,winsor_4.0,N(k),stpsf_field_1024_768,0.13868315755911287,0.6601537343589644,0.4966298535259952,0.1635238808329692,28.305219270258245
NGC 3379,inner,winsor_4.0,N(k),stpsf_field_1024_768,0.14763045804679759,0.6026480126749783,0.47577741099982807,0.12687060167515019,25.034077246427294
NGC 3379,inner,winsor_4.0,N(k),stpsf_field_1024_768,0.15657775853448228,0.5595663524188466,0.4463178418661582,0.11324851055268836,24.864776530359798
NGC 3379,inner,winsor_4.0,N(k),stpsf_field_1024_768,0.16552505902216696,0.5051660559329221,0.4195368534129515,0.08562920251997058,21.640121863958935
NGC 3379,inner,winsor_4.0,N(k),stpsf_field_1024_768,0.17447235950985168,0.4318454558194832,0.37103363550963303,0.06081182030985016,18.167419072884528
NGC 3379,inner,winsor_4.0,N(k),stpsf_field_1024_768,0.1834196599975364,0.38591604300656124,0.3307275061403792,0.055188536866182025,19.141537676807577
NGC 3379,inner,winsor_4.0,N(k),stpsf_field_1024_768,0.1923669604852211,0.3478198418490197,0.3270041883181603,0.0208156535308594,8.345964905929224
NGC 3379,inner,winsor_4.0,N(k),stpsf_field_1024_768,0.20131426097290578,0.30681152647949034,0.3173391873821867,-0.010527660902696356,-4.705317947518121
NGC 3379,inner,winsor_4.0,N(k),stpsf_field_1024_768,0.2102615614605905,0.2775748918256849,0.3005806847511949,-0.023005792925510027,-11.665005837888984
NGC 3379,inner,winsor_4.0,N(k),stpsf_field_1024_768,0.21920886194827519,0.24073973073411925,0.27110144307645523,-0.030361712342335978,-18.212319221058152
NGC 3379,inner,winsor_4.0,N(k),stpsf_field_1024_768,0.22815616243595988,0.21862797575459444,0.27210780643864996,-0.05347983068405551,-36.00460817786393
NGC 3379,inner,winsor_4.0,N(k),stpsf_field_1024_768,0.2371034629236446,0.19071623131928342,0.2539414039918255,-0.0632251726725421,-50.20130630592528
NGC 3379,inner,winsor_4.0,N(k),stpsf_field_1024_768,0.2460507634113293,0.1670463788556829,0.22273769290295126,-0.05569131404726835,-51.37105384778481
NGC 3379,outer,raw,constant,stpsf_R2024052602-NRCA3_FP1-1,0.04026116008805736,1.339056857209086,1.256470124908287,0.08258673230079894,6.915593117159054
NGC 3379,outer,raw,constant,stpsf_R2024052602-NRCA3_FP1-1,0.0492080845520701,1.2445772006938547,1.173957309740378,0.07061989095347676,7.012760090721009
NGC 3379,outer,raw,constant,stpsf_R2024052602-NRCA3_FP1-1,0.058155009016082844,1.1510298101318248,1.1005141542389385,0.05051565589288631,5.99058591203215
NGC 3379,outer,raw,constant,stpsf_R2024052602-NRCA3_FP1-1,0.06710193348009559,1.0620843992591018,1.0294891807703435,0.03259521848875835,4.4645621931228785
NGC 3379,outer,raw,constant,stpsf_R2024052602-NRCA3_FP1-1,0.07604885794410833,0.9749255254143027,0.9633600292903811,0.011565496123921548,1.8226871204148472
NGC 3379,outer,raw,constant,stpsf_R2024052602-NRCA3_FP1-1,0.08499578240812108,0.9192190778962137,0.899651560403859,0.019567517492354747,3.489059944560995
NGC 3379,outer,raw,constant,stpsf_R2024052602-NRCA3_FP1-1,0.09394270687213382,0.8529644323048632,0.8340856352744729,0.018878797030390304,3.745792500008765
NGC 3379,outer,raw,constant,stpsf_R2024052602-NRCA3_FP1-1,0.10288963133614656,0.7863217142293826,0.7720828128236461,0.01423890140573647,3.2168609203854284
NGC 3379,outer,raw,constant,stpsf_R2024052602-NRCA3_FP1-1,0.1118365558001593,0.7139379434128253,0.7138262190737116,0.00011172433911377233,0.02940439177257923
NGC 3379,outer,raw,constant,stpsf_R2024052602-NRCA3_FP1-1,0.12078348026417207,0.663432573612068,0.6578773288743854,0.005555244737682541,1.6086860173355737
NGC 3379,outer,raw,constant,stpsf_R2024052602-NRCA3_FP1-1,0.1297304047281848,0.6159328405319103,0.6087183967590308,0.0072144437728794975,2.3654586149052617
NGC 3379,outer,raw,constant,stpsf_R2024052602-NRCA3_FP1-1,0.13867732919219755,0.570273170028913,0.5624171313882042,0.007856038640708829,2.834965068300337
NGC 3379,outer,raw,constant,stpsf_R2024052602-NRCA3_FP1-1,0.1476242536562103,0.5104244579911937,0.5172023199319147,-0.006777861940720942,-2.863560849016413
NGC 3379,outer,raw,constant,stpsf_R2024052602-NRCA3_FP1-1,0.15657117812022303,0.47661154037473896,0.4750084439157517,0.0016030964589872632,0.741350152746497
NGC 3379,outer,raw,constant,stpsf_R2024052602-NRCA3_FP1-1,0.16551810258423577,0.422299021920993,0.43408231164954714,-0.011783289728554136,-6.422630556452968
NGC 3379,outer,raw,constant,stpsf_R2024052602-NRCA3_FP1-1,0.17446502704824854,0.38476154390569456,0.3924100182887056,-0.007648474383011028,-4.625768573385561
NGC 3379,outer,raw,constant,stpsf_R2024052602-NRCA3_FP1-1,0.18341195151226128,0.3467090460005286,0.35563345714286265,-0.008924411142334054,-6.145051981056837
NGC 3379,outer,raw,constant,stpsf_R2024052602-NRCA3_FP1-1,0.19235887597627402,0.31430341389580285,0.3218832031920238,-0.00757978929622094,-5.837764273463038
NGC 3379,outer,raw,constant,stpsf_R2024052602-NRCA3_FP1-1,0.20130580044028676,0.2775812610303528,0.28834658909544353,-0.010765328065090729,-9.600137789029416
NGC 3379,outer,raw,constant,stpsf_R2024052602-NRCA3_FP1-1,0.2102527249042995,0.25319932746663787,0.25762405072755085,-0.004424723260912977,-4.4668357791272655
NGC 3379,outer,raw,constant,stpsf_R2024052602-NRCA3_FP1-1,0.21919964936831227,0.22515438602965002,0.22853401000764523,-0.003379623977995211,-3.93851673486936
NGC 3379,outer,raw,constant,stpsf_R2024052602-NRCA3_FP1-1,0.228146573832325,0.20359128928599216,0.20294549702952352,0.0006457922564686303,0.8489418559044344
NGC 3379,outer,raw,constant,stpsf_R2024052602-NRCA3_FP1-1,0.23709349829633775,0.1826569206337188,0.17978308453029335,0.0028738361034254534,4.233350530034877
NGC 3379,outer,raw,constant,stpsf_R2024052602-NRCA3_FP1-1,0.24604042276035049,0.16675145951476286,0.15990188544174183,0.006849574073021031,11.393565373427704
NGC 3379,outer,raw,N(k),stpsf_R2024052602-NRCA3_FP1-1,0.04026116008805736,1.339056857209086,1.211458843755396,0.12759801345369004,10.684717980965218
NGC 3379,outer,raw,N(k),stpsf_R2024052602-NRCA3_FP1-1,0.0492080845520701,1.2445772006938547,1.0980273769413154,0.14654982375253933,14.552822744955101
NGC 3379,outer,raw,N(k),stpsf_R2024052602-NRCA3_FP1-1,0.058155009016082844,1.1510298101318248,1.011600458225531,0.1394293519062939,16.53474544653473
NGC 3379,outer,raw,N(k),stpsf_R2024052602-NRCA3_FP1-1,0.06710193348009559,1.0620843992591018,0.8450626328265626,0.21702176643253923,29.725438834951248
NGC 3379,outer,raw,N(k),stpsf_R2024052602-NRCA3_FP1-1,0.07604885794410833,0.9749255254143027,0.750025927837755,0.22489959757654765,35.443494641046335
NGC 3379,outer,raw,N(k),stpsf_R2024052602-NRCA3_FP1-1,0.08499578240812108,0.9192190778962137,0.7321818431230775,0.18703723477313616,33.35037897594176
NGC 3379,outer,raw,N(k),stpsf_R2024052602-NRCA3_FP1-1,0.09394270687213382,0.8529644323048632,0.6513609573880894,0.20160347491677377,40.00068347063234
NGC 3379,outer,raw,N(k),stpsf_R2024052602-NRCA3_FP1-1,0.10288963133614656,0.7863217142293826,0.6262411886200155,0.16008052560936703,36.165485824634565
NGC 3379,outer,raw,N(k),stpsf_R2024052602-NRCA3_FP1-1,0.1118365558001593,0.7139379434128253,0.5670780912388983,0.14685985217392705,38.65160146159146
NGC 3379,outer,raw,N(k),stpsf_R2024052602-NRCA3_FP1-1,0.12078348026417207,0.663432573612068,0.5262932755202512,0.1371392980918168,39.712754646261274
NGC 3379,outer,raw,N(k),stpsf_R2024052602-NRCA3_FP1-1,0.1297304047281848,0.6159328405319103,0.5012511440605747,0.11468169647133564,37.6016246616054
NGC 3379,outer,raw,N(k),stpsf_R2024052602-NRCA3_FP1-1,0.13867732919219755,0.570273170028913,0.4513720435058908,0.1189011265230222,42.90718970342447
NGC 3379,outer,raw,N(k),stpsf_R2024052602-NRCA3_FP1-1,0.1476242536562103,0.5104244579911937,0.42999722715228683,0.0804272308389069,33.97948666399098
NGC 3379,outer,raw,N(k),stpsf_R2024052602-NRCA3_FP1-1,0.15657117812022303,0.47661154037473896,0.40194165532257753,0.07466988505216143,34.53100428152281
NGC 3379,outer,raw,N(k),stpsf_R2024052602-NRCA3_FP1-1,0.16551810258423577,0.422299021920993,0.3774559433230277,0.044843078597965325,24.442285090451936
NGC 3379,outer,raw,N(k),stpsf_R2024052602-NRCA3_FP1-1,0.17446502704824854,0.38476154390569456,0.34075286835406793,0.04400867555162663,26.61628164372482
NGC 3379,outer,raw,N(k),stpsf_R2024052602-NRCA3_FP1-1,0.18341195151226128,0.3467090460005286,0.3090440185804745,0.03766502742005412,25.93488216452007
NGC 3379,outer,raw,N(k),stpsf_R2024052602-NRCA3_FP1-1,0.19235887597627402,0.31430341389580285,0.3018970359211107,0.012406377974692129,9.555082242173363
NGC 3379,outer,raw,N(k),stpsf_R2024052602-NRCA3_FP1-1,0.20130580044028676,0.2775812610303528,0.29099350730646234,-0.01341224627610954,-11.96056557984358
NGC 3379,outer,raw,N(k),stpsf_R2024052602-NRCA3_FP1-1,0.2102527249042995,0.25319932746663787,0.272922691682837,-0.019723364216199135,-19.911082291618467
NGC 3379,outer,raw,N(k),stpsf_R2024052602-NRCA3_FP1-1,0.21919964936831227,0.22515438602965002,0.24977846144016366,-0.024624075410513646,-28.6961903798904
NGC 3379,outer,raw,N(k),stpsf_R2024052602-NRCA3_FP1-1,0.228146573832325,0.20359128928599216,0.24811762366274967,-0.044526334376757515,-58.53317156375986
NGC 3379,outer,raw,N(k),stpsf_R2024052602-NRCA3_FP1-1,0.23709349829633775,0.1826569206337188,0.2312527199901017,-0.04859579935638289,-71.58482445035803
NGC 3379,outer,raw,N(k),stpsf_R2024052602-NRCA3_FP1-1,0.24604042276035049,0.16675145951476286,0.20595566409027888,-0.039204204575516016,-65.21218151413716
NGC 3379,outer,raw,constant,stpsf_field_1280_1024,0.04026116008805736,1.339056857209086,1.259899730422498,0.07915712678658804,6.628407081001789
NGC 3379,outer,raw,constant,stpsf_field_1280_1024,0.0492080845520701,1.2445772006938547,1.1719846461202836,0.07259255457357106,7.208651312310801
NGC 3379,outer,raw,constant,stpsf_field_1280_1024,0.058155009016082844,1.1510298101318248,1.1045744029298838,0.04645540720194097,5.509086302111229
NGC 3379,outer,raw,constant,stpsf_field_1280_1024,0.06710193348009559,1.0620843992591018,1.0328720244104659,0.029212374848635925,4.001214606539111
NGC 3379,outer,raw,constant,stpsf_field_1280_1024,0.07604885794410833,0.9749255254143027,0.966953830139383,0.007971695274919699,1.2563150036784871
NGC 3379,outer,raw,constant,stpsf_field_1280_1024,0.08499578240812108,0.9192190778962137,0.8993567605163459,0.019862317379867767,3.541625349425697
NGC 3379,outer,raw,constant,stpsf_field_1280_1024,0.09394270687213382,0.8529644323048632,0.8370318873595357,0.015932544945327476,3.1612187612478597
NGC 3379,outer,raw,constant,stpsf_field_1280_1024,0.10288963133614656,0.7863217142293826,0.7703284953944859,0.015993218834896683,3.6131973384143463
NGC 3379,outer,raw,constant,stpsf_field_1280_1024,0.1118365558001593,0.7139379434128253,0.7148422695543537,-0.0009043261415283554,-0.2380068691084948
NGC 3379,outer,raw,constant,stpsf_field_1280_1024,0.12078348026417207,0.663432573612068,0.6571205899694476,0.006311983642620422,1.8278222305234095
NGC 3379,outer,raw,constant,stpsf_field_1280_1024,0.1297304047281848,0.6159328405319103,0.6080300882759624,0.007902752255947942,2.5911399400695405
NGC 3379,outer,raw,constant,stpsf_field_1280_1024,0.13867732919219755,0.570273170028913,0.5620810412454654,0.00819212878344755,2.956248053025878
NGC 3379,outer,raw,constant,stpsf_field_1280_1024,0.1476242536562103,0.5104244579911937,0.5172009707525278,-0.006776512761334064,-2.8629908378086966
NGC 3379,outer,raw,constant,stpsf_field_1280_1024,0.15657117812022303,0.47661154037473896,0.4726047219372026,0.004006818437536364,1.85294867569704
NGC 3379,outer,raw,constant,stpsf_field_1280_1024,0.16551810258423577,0.422299021920993,0.43274818138151094,-0.010449159460517943,-5.695446041502621
NGC 3379,outer,raw,constant,stpsf_field_1280_1024,0.17446502704824854,0.38476154390569456,0.3931175754939964,-0.008356031588301838,-5.053696513024975
NGC 3379,outer,raw,constant,stpsf_field_1280_1024,0.18341195151226128,0.3467090460005286,0.35564980025454007,-0.008940754254011474,-6.156305302893788
NGC 3379,outer,raw,constant,stpsf_field_1280_1024,0.19235887597627402,0.31430341389580285,0.3206507115355496,-0.0063472976397467296,-4.8885300034426775
NGC 3379,outer,raw,constant,stpsf_field_1280_1024,0.20130580044028676,0.2775812610303528,0.28807013691031547,-0.010488875879962667,-9.353607534376625
NGC 3379,outer,raw,constant,stpsf_field_1280_1024,0.2102527249042995,0.25319932746663787,0.25785368376128726,-0.004654356294649387,-4.698654356398397
NGC 3379,outer,raw,constant,stpsf_field_1280_1024,0.21919964936831227,0.22515438602965002,0.2297476687129487,-0.004593282683298672,-5.352879738676979
NGC 3379,outer,raw,constant,stpsf_field_1280_1024,0.228146573832325,0.20359128928599216,0.20348758627254696,0.00010370301344519994,0.13632530866577067
NGC 3379,outer,raw,constant,stpsf_field_1280_1024,0.23709349829633775,0.1826569206337188,0.18000299133962158,0.002653929294097218,3.9094132648866204
NGC 3379,outer,raw,constant,stpsf_field_1280_1024,0.24604042276035049,0.16675145951476286,0.15924342887311385,0.007508030641649011,12.488840478163802
NGC 3379,outer,raw,N(k),stpsf_field_1280_1024,0.04026116008805736,1.339056857209086,1.1959439347648686,0.14311292244421736,11.983895159176468
NGC 3379,outer,raw,N(k),stpsf_field_1280_1024,0.0492080845520701,1.2445772006938547,1.0869434681401242,0.15763373255373048,15.653487051296088
NGC 3379,outer,raw,N(k),stpsf_field_1280_1024,0.058155009016082844,1.1510298101318248,1.000629482992127,0.15040032713969786,17.835779126347614
NGC 3379,outer,raw,N(k),stpsf_field_1280_1024,0.06710193348009559,1.0620843992591018,0.8399112194406999,0.2221731798184019,30.43102715464917
NGC 3379,outer,raw,N(k),stpsf_field_1280_1024,0.07604885794410833,0.9749255254143027,0.7472904483507061,0.22763507706359654,35.87459791372742
NGC 3379,outer,raw,N(k),stpsf_field_1280_1024,0.08499578240812108,0.9192190778962137,0.7295819883241863,0.1896370895720274,33.813955883131456
NGC 3379,outer,raw,N(k),stpsf_field_1280_1024,0.09394270687213382,0.8529644323048632,0.6496560236395084,0.20330840866535482,40.33896392558751
NGC 3379,outer,raw,N(k),stpsf_field_1280_1024,0.10288963133614656,0.7863217142293826,0.6252916733282826,0.16103004090109996,36.38000087381199
NGC 3379,outer,raw,N(k),stpsf_field_1280_1024,0.1118365558001593,0.7139379434128253,0.5663747057709433,0.14756323764188206,38.83672336099985
NGC 3379,outer,raw,N(k),stpsf_field_1280_1024,0.12078348026417207,0.663432573612068,0.5263833681241592,0.13704920548790878,39.686665658464015
NGC 3379,outer,raw,N(k),stpsf_field_1280_1024,0.1297304047281848,0.6159328405319103,0.5010682125648606,0.11486462796704977,37.66160390548019
NGC 3379,outer,raw,N(k),stpsf_field_1280_1024,0.13867732919219755,0.570273170028913,0.4520556641699757,0.11821750585893726,42.660495308032054
NGC 3379,outer,raw,N(k),stpsf_field_1280_1024,0.1476242536562103,0.5104244579911937,0.43027426083197856,0.08015019715921518,33.862443442107384
NGC 3379,outer,raw,N(k),stpsf_field_1280_1024,0.15657117812022303,0.47661154037473896,0.4030038420234425,0.07360769835129644,34.03979723748191
NGC 3379,outer,raw,N(k),stpsf_field_1280_1024,0.16551810258423577,0.422299021920993,0.3781624387290543,0.044136583191938694,24.05720086632864
NGC 3379,outer,raw,N(k),stpsf_field_1280_1024,0.17446502704824854,0.38476154390569456,0.34135989601839734,0.04340164788729722,26.24915359279381
NGC 3379,outer,raw,N(k),stpsf_field_1280_1024,0.18341195151226128,0.3467090460005286,0.31025935458192133,0.036449691418607266,25.09804231209397
NGC 3379,outer,raw,N(k),stpsf_field_1280_1024,0.19235887597627402,0.31430341389580285,0.30284160335264454,0.011461810543158313,8.827600014081078
NGC 3379,outer,raw,N(k),stpsf_field_1280_1024,0.20130580044028676,0.2775812610303528,0.29120260285319766,-0.013621341822844857,-12.147029573099932
NGC 3379,outer,raw,N(k),stpsf_field_1280_1024,0.2102527249042995,0.25319932746663787,0.2729371413829099,-0.01973781391627205,-19.92566951741257
NGC 3379,outer,raw,N(k),stpsf_field_1280_1024,0.21919964936831227,0.22515438602965002,0.24973844210915402,-0.024584056079504008,-28.649553000724556
NGC 3379,outer,raw,N(k),stpsf_field_1280_1024,0.228146573832325,0.20359128928599216,0.2476193950544059,-0.04402810576841373,-57.87821307642067
NGC 3379,outer,raw,N(k),stpsf_field_1280_1024,0.23709349829633775,0.1826569206337188,0.23096194172991807,-0.048305021096199274,-71.15648885376514
NGC 3379,outer,raw,N(k),stpsf_field_1280_1024,0.24604042276035049,0.16675145951476286,0.20651558983966622,-0.03976413032490336,-66.14356068631632
NGC 3379,outer,raw,constant,stpsf_field_768_1024,0.04026116008805736,1.339056857209086,1.2486912745041743,0.09036558270491168,7.566973342715837
NGC 3379,outer,raw,constant,stpsf_field_768_1024,0.0492080845520701,1.2445772006938547,1.1758728561265068,0.06870434456734786,6.8225407762021115
NGC 3379,outer,raw,constant,stpsf_field_768_1024,0.058155009016082844,1.1510298101318248,1.1037690471034494,0.04726076302837545,5.604592401809142
NGC 3379,outer,raw,constant,stpsf_field_768_1024,0.06710193348009559,1.0620843992591018,1.0257093621876,0.036375037071501914,4.9822833781243
NGC 3379,outer,raw,constant,stpsf_field_768_1024,0.07604885794410833,0.9749255254143027,0.9619181309727525,0.01300739444155019,2.0499259231717524
NGC 3379,outer,raw,constant,stpsf_field_768_1024,0.08499578240812108,0.9192190778962137,0.8952324660083035,0.02398661188791018,4.277023223642801
NGC 3379,outer,raw,constant,stpsf_field_768_1024,0.09394270687213382,0.8529644323048632,0.8332979425379012,0.019666489766961948,3.9020807179609887
NGC 3379,outer,raw,constant,stpsf_field_768_1024,0.10288963133614656,0.7863217142293826,0.7745260808879533,0.011795633341429301,2.6648763725516296
NGC 3379,outer,raw,constant,stpsf_field_768_1024,0.1118365558001593,0.7139379434128253,0.7131205969631643,0.0008173464496610272,0.21511494639753856
NGC 3379,outer,raw,constant,stpsf_field_768_1024,0.12078348026417207,0.663432573612068,0.6574845588809926,0.005948014731075424,1.7224242280239654
NGC 3379,outer,raw,constant,stpsf_field_768_1024,0.1297304047281848,0.6159328405319103,0.6091028531861288,0.006829987345781552,2.239403745512114
NGC 3379,outer,raw,constant,stpsf_field_768_1024,0.13867732919219755,0.570273170028913,0.5617469367167071,0.008526233312205922,3.0768145002532132
NGC 3379,outer,raw,constant,stpsf_field_768_1024,0.1476242536562103,0.5104244579911937,0.518352039653582,-0.007927581662388272,-3.349302873729065
NGC 3379,outer,raw,constant,stpsf_field_768_1024,0.15657117812022303,0.47661154037473896,0.4755635487950107,0.0010479915797282358,0.4846425262515928
NGC 3379,outer,raw,constant,stpsf_field_768_1024,0.16551810258423577,0.422299021920993,0.43290402742624334,-0.010605005505250342,-5.780391892114704
NGC 3379,outer,raw,constant,stpsf_field_768_1024,0.17446502704824854,0.38476154390569456,0.3939827281589354,-0.009221184253240866,-5.576937594611788
NGC 3379,outer,raw,constant,stpsf_field_768_1024,0.18341195151226128,0.3467090460005286,0.3558239366874366,-0.009114890686908017,-6.276209845039883
NGC 3379,outer,raw,constant,stpsf_field_768_1024,0.19235887597627402,0.31430341389580285,0.3208859388504561,-0.006582524954653224,-5.069696202322165
NGC 3379,outer,raw,constant,stpsf_field_768_1024,0.20130580044028676,0.2775812610303528,0.2882849840170635,-0.010703722986710684,-9.54520056488014
NGC 3379,outer,raw,constant,stpsf_field_768_1024,0.2102527249042995,0.25319932746663787,0.2568222617284494,-0.003622934261811539,-3.657415714343833
NGC 3379,outer,raw,constant,stpsf_field_768_1024,0.21919964936831227,0.22515438602965002,0.23022371014329562,-0.005069324113645607,-5.907644751625176
NGC 3379,outer,raw,constant,stpsf_field_768_1024,0.228146573832325,0.20359128928599216,0.20329709194466294,0.00029419734132921094,0.3867442423603956
NGC 3379,outer,raw,constant,stpsf_field_768_1024,0.23709349829633775,0.1826569206337188,0.17977221915981717,0.0028847014739016297,4.249355938906148
NGC 3379,outer,raw,constant,stpsf_field_768_1024,0.24604042276035049,0.16675145951476286,0.15925516710718535,0.007496292407577515,12.46931512726805
NGC 3379,outer,raw,N(k),stpsf_field_768_1024,0.04026116008805736,1.339056857209086,1.2082319360942413,0.13082492111484467,10.954930638488815
NGC 3379,outer,raw,N(k),stpsf_field_768_1024,0.0492080845520701,1.2445772006938547,1.0928377975851695,0.15173940310868517,15.068163033718566
NGC 3379,outer,raw,N(k),stpsf_field_768_1024,0.058155009016082844,1.1510298101318248,1.0067214214379203,0.1443083886939045,17.113344071604992
NGC 3379,outer,raw,N(k),stpsf_field_768_1024,0.06710193348009559,1.0620843992591018,0.8446389750428003,0.21744542421630153,29.783467178122496
NGC 3379,outer,raw,N(k),stpsf_field_768_1024,0.07604885794410833,0.9749255254143027,0.7498334121717145,0.22509211324258815,35.47383452627135
NGC 3379,outer,raw,N(k),stpsf_field_768_1024,0.08499578240812108,0.9192190778962137,0.7325415137022072,0.1866775641940065,33.286246557950115
NGC 3379,outer,raw,N(k),stpsf_field_768_1024,0.09394270687213382,0.8529644323048632,0.6512887525932609,0.20167567971160227,40.015009816664765
NGC 3379,outer,raw,N(k),stpsf_field_768_1024,0.10288963133614656,0.7863217142293826,0.6248956632507019,0.16142605097868068,36.46946770178897
NGC 3379,outer,raw,N(k),stpsf_field_768_1024,0.1118365558001593,0.7139379434128253,0.5671495306733694,0.14678841273945598,38.632799532344336
NGC 3379,outer,raw,N(k),stpsf_field_768_1024,0.12078348026417207,0.663432573612068,0.5263726000758577,0.13705997353621024,39.68978386649166
NGC 3379,outer,raw,N(k),stpsf_field_768_1024,0.1297304047281848,0.6159328405319103,0.500981919591839,0.11495092094007131,37.68989748747565
NGC 3379,outer,raw,N(k),stpsf_field_768_1024,0.13867732919219755,0.570273170028913,0.45181973637527884,0.11845343365363414,42.74563326205649
NGC 3379,outer,raw,N(k),stpsf_field_768_1024,0.1476242536562103,0.5104244579911937,0.4297424670269743,0.08068199096421946,34.08711959117598
NGC 3379,outer,raw,N(k),stpsf_field_768_1024,0.15657117812022303,0.47661154037473896,0.4019083170582756,0.07470322331646334,34.546421524318134
NGC 3379,outer,raw,N(k),stpsf_field_768_1024,0.16551810258423577,0.422299021920993,0.3779562244728155,0.044342797448177484,24.169600545349176
NGC 3379,outer,raw,N(k),stpsf_field_768_1024,0.17446502704824854,0.38476154390569456,0.34057194174443517,0.04418960216125939,26.72570537753341
NGC 3379,outer,raw,N(k),stpsf_field_768_1024,0.18341195151226128,0.3467090460005286,0.3094626020984693,0.03724644390205928,25.6466595092134
NGC 3379,outer,raw,N(k),stpsf_field_768_1024,0.19235887597627402,0.31430341389580285,0.302442368841485,0.011861045054317843,9.135080456465218
NGC 3379,outer,raw,N(k),stpsf_field_768_1024,0.20130580044028676,0.2775812610303528,0.29106000354511125,-0.013478742514758446,-12.019864567261509
NGC 3379,outer,raw,N(k),stpsf_field_768_1024,0.2102527249042995,0.25319932746663787,0.273205521118133,-0.02000619365149514,-20.196603569780816
NGC 3379,outer,raw,N(k),stpsf_field_768_1024,0.21919964936831227,0.22515438602965002,0.24935905441088402,-0.024204668381234,-28.207425471635844
NGC 3379,outer,raw,N(k),stpsf_field_768_1024,0.228146573832325,0.20359128928599216,0.24786555480358963,-0.04427426551759747,-58.201808338252626
NGC 3379,outer,raw,N(k),stpsf_field_768_1024,0.23709349829633775,0.1826569206337188,0.23116019626176226,-0.04850327562804346,-71.4485308830458
NGC 3379,outer,raw,N(k),stpsf_field_768_1024,0.24604042276035049,0.16675145951476286,0.2062995268201439,-0.039548067305381046,-65.78416196875169
NGC 3379,outer,raw,constant,stpsf_field_1024_1280,0.04026116008805736,1.339056857209086,1.2554416702266682,0.08361518698241777,7.001713174453589
NGC 3379,outer,raw,constant,stpsf_field_1024_1280,0.0492080845520701,1.2445772006938547,1.1777847658270837,0.066792434866771,6.632682595111169
NGC 3379,outer,raw,constant,stpsf_field_1024_1280,0.058155009016082844,1.1510298101318248,1.1033804077566072,0.04764940237521764,5.650680636335699
NGC 3379,outer,raw,constant,stpsf_field_1024_1280,0.06710193348009559,1.0620843992591018,1.0291319430369479,0.032952456222153925,4.513492991946174
NGC 3379,outer,raw,constant,stpsf_field_1024_1280,0.07604885794410833,0.9749255254143027,0.9670795617076298,0.007845963706672898,1.2365000897640723
NGC 3379,outer,raw,constant,stpsf_field_1024_1280,0.08499578240812108,0.9192190778962137,0.9020833562524246,0.01713572164378907,3.0554494218211903
NGC 3379,outer,raw,constant,stpsf_field_1024_1280,0.09394270687213382,0.8529644323048632,0.8391623101829488,0.01380212212191434,2.7385158834669103
NGC 3379,outer,raw,constant,stpsf_field_1024_1280,0.10288963133614656,0.7863217142293826,0.7755921112162427,0.010729603013139855,2.424038178276444
NGC 3379,outer,raw,constant,stpsf_field_1024_1280,0.1118365558001593,0.7139379434128253,0.715215726599977,-0.0012777831871516598,-0.3362959023383541
NGC 3379,outer,raw,constant,stpsf_field_1024_1280,0.12078348026417207,0.663432573612068,0.6603349573849537,0.0030976162271142416,0.8970067291237347
NGC 3379,outer,raw,constant,stpsf_field_1024_1280,0.1297304047281848,0.6159328405319103,0.609753272159197,0.006179568372713384,2.026145563512609
NGC 3379,outer,raw,constant,stpsf_field_1024_1280,0.13867732919219755,0.570273170028913,0.5619555437427117,0.008317626286201252,3.0015356404140134
NGC 3379,outer,raw,constant,stpsf_field_1024_1280,0.1476242536562103,0.5104244579911937,0.517596587694396,-0.007172129703202246,-3.030133986466698
NGC 3379,outer,raw,constant,stpsf_field_1024_1280,0.15657117812022303,0.47661154037473896,0.4727205639000626,0.0038909764746763442,1.7993776903834158
NGC 3379,outer,raw,constant,stpsf_field_1024_1280,0.16551810258423577,0.422299021920993,0.43202402813197277,-0.00972500621097977,-5.300737187253879
NGC 3379,outer,raw,constant,stpsf_field_1024_1280,0.17446502704824854,0.38476154390569456,0.3918018184824758,-0.007040274576781247,-4.2579316154366555
NGC 3379,outer,raw,constant,stpsf_field_1024_1280,0.18341195151226128,0.3467090460005286,0.3558453860679471,-0.00913634006741848,-6.290979173357022
NGC 3379,outer,raw,constant,stpsf_field_1024_1280,0.19235887597627402,0.31430341389580285,0.3192782084558264,-0.004974794560023532,-3.8314624345564563
NGC 3379,outer,raw,constant,stpsf_field_1024_1280,0.20130580044028676,0.2775812610303528,0.28763100319509866,-0.010049742164745856,-8.962003660495586
NGC 3379,outer,raw,constant,stpsf_field_1024_1280,0.2102527249042995,0.25319932746663787,0.2570483881671883,-0.0038490607005504107,-3.885694322429485
NGC 3379,outer,raw,constant,stpsf_field_1024_1280,0.21919964936831227,0.22515438602965002,0.22883971439619843,-0.0036853283665484182,-4.294775850699765
NGC 3379,outer,raw,constant,stpsf_field_1024_1280,0.228146573832325,0.20359128928599216,0.20395712903410324,-0.0003658397481110798,-0.4809235038266788
NGC 3379,outer,raw,constant,stpsf_field_1024_1280,0.23709349829633775,0.1826569206337188,0.1801534782253828,0.0025034424083359985,3.6877361355467766
NGC 3379,outer,raw,constant,stpsf_field_1024_1280,0.24604042276035049,0.16675145951476286,0.15987295194889023,0.0068785075658726325,11.441693277261136
NGC 3379,outer,raw,N(k),stpsf_field_1024_1280,0.04026116008805736,1.339056857209086,1.1145397035654305,0.22451715364365543,18.800468781923037
NGC 3379,outer,raw,N(k),stpsf_field_1024_1280,0.0492080845520701,1.2445772006938547,1.020538299335005,0.22403890135884974,22.24771300274816
NGC 3379,outer,raw,N(k),stpsf_field_1024_1280,0.058155009016082844,1.1510298101318248,0.9468731556548308,0.20415665447699405,24.210672048894903
NGC 3379,outer,raw,N(k),stpsf_field_1024_1280,0.06710193348009559,1.0620843992591018,0.8193301920037647,0.24275420725533714,33.250007399320815
NGC 3379,outer,raw,N(k),stpsf_field_1024_1280,0.07604885794410833,0.9749255254143027,0.7411845994410069,0.23374092597329577,36.83686118783712
NGC 3379,outer,raw,N(k),stpsf_field_1024_1280,0.08499578240812108,0.9192190778962137,0.7161055580782786,0.20311351981793513,36.216921562607055
NGC 3379,outer,raw,N(k),stpsf_field_1024_1280,0.09394270687213382,0.8529644323048632,0.6477674233451542,0.20519700895970894,40.71368615003423
NGC 3379,outer,raw,N(k),stpsf_field_1024_1280,0.10288963133614656,0.7863217142293826,0.618099925144827,0.16822178908455554,38.004764823037085
NGC 3379,outer,raw,N(k),stpsf_field_1024_1280,0.1118365558001593,0.7139379434128253,0.5660812053623171,0.14785673805050825,38.9139688481436
NGC 3379,outer,raw,N(k),stpsf_field_1024_1280,0.12078348026417207,0.663432573612068,0.5269414421679216,0.13649113144414637,39.525058753056456
NGC 3379,outer,raw,N(k),stpsf_field_1024_1280,0.1297304047281848,0.6159328405319103,0.49994149098450885,0.11599134954740148,38.03103131426556
NGC 3379,outer,raw,N(k),stpsf_field_1024_1280,0.13867732919219755,0.570273170028913,0.45665217592314905,0.11362099410576393,41.00177761935448
NGC 3379,outer,raw,N(k),stpsf_field_1024_1280,0.1476242536562103,0.5104244579911937,0.4328925068824902,0.07753195110870353,32.75626763786262
NGC 3379,outer,raw,N(k),stpsf_field_1024_1280,0.15657117812022303,0.47661154037473896,0.40529569499273677,0.0713158453820022,32.97993241192291
NGC 3379,outer,raw,N(k),stpsf_field_1024_1280,0.16551810258423577,0.422299021920993,0.38031200882006005,0.041987013100932946,22.885550599911493
NGC 3379,outer,raw,N(k),stpsf_field_1024_1280,0.17446502704824854,0.38476154390569456,0.34684640647949666,0.0379151374261979,22.930932677407394
NGC 3379,outer,raw,N(k),stpsf_field_1024_1280,0.18341195151226128,0.3467090460005286,0.31778707362658076,0.028921972373947835,19.91470594508236
NGC 3379,outer,raw,N(k),stpsf_field_1024_1280,0.19235887597627402,0.31430341389580285,0.30611966276562247,0.008183751130180383,6.302920583095749
NGC 3379,outer,raw,N(k),stpsf_field_1024_1280,0.20130580044028676,0.2775812610303528,0.2918295772041035,-0.014248316173750719,-12.70614306434613
NGC 3379,outer,raw,N(k),stpsf_field_1024_1280,0.2102527249042995,0.25319932746663787,0.27328627563959407,-0.0200869481729562,-20.2781266763161
NGC 3379,outer,raw,N(k),stpsf_field_1024_1280,0.21919964936831227,0.22515438602965002,0.25161102286179626,-0.026456636832146246,-30.83180483693347
NGC 3379,outer,raw,N(k),stpsf_field_1024_1280,0.228146573832325,0.20359128928599216,0.2452491888344846,-0.041657899548492444,-54.76240106867178
NGC 3379,outer,raw,N(k),stpsf_field_1024_1280,0.23709349829633775,0.1826569206337188,0.22908527761268221,-0.046428356978963414,-68.3920385686816
NGC 3379,outer,raw,N(k),stpsf_field_1024_1280,0.24604042276035049,0.16675145951476286,0.20785577364633137,-0.04110431413156851,-68.37281927245114
NGC 3379,outer,raw,constant,stpsf_field_1024_768,0.04026116008805736,1.339056857209086,1.2536949699824778,0.0853618872266082,7.147977203189674
NGC 3379,outer,raw,constant,stpsf_field_1024_768,0.0492080845520701,1.2445772006938547,1.1703604276390815,0.07421677305477314,7.369940920518908
NGC 3379,outer,raw,constant,stpsf_field_1024_768,0.058155009016082844,1.1510298101318248,1.095576987349756,0.055452822782068756,6.576078110221205
NGC 3379,outer,raw,constant,stpsf_field_1024_768,0.06710193348009559,1.0620843992591018,1.0301400492773154,0.03194434998178641,4.37541283123339
NGC 3379,outer,raw,constant,stpsf_field_1024_768,0.07604885794410833,0.9749255254143027,0.9611386716933049,0.01378685372099775,2.1727663421485373
NGC 3379,outer,raw,constant,stpsf_field_1024_768,0.08499578240812108,0.9192190778962137,0.8990876610964696,0.020131416799744062,3.5896081355589824
NGC 3379,outer,raw,constant,stpsf_field_1024_768,0.09394270687213382,0.8529644323048632,0.8346215780653067,0.018342854239556505,3.6394546606269773
NGC 3379,outer,raw,constant,stpsf_field_1024_768,0.10288963133614656,0.7863217142293826,0.7707137260806345,0.015607988148748086,3.5261657968443325
NGC 3379,outer,raw,constant,stpsf_field_1024_768,0.1118365558001593,0.7139379434128253,0.7122456107339706,0.0016923326788547133,0.44539993248837495
NGC 3379,outer,raw,constant,stpsf_field_1024_768,0.12078348026417207,0.663432573612068,0.6579072265748582,0.005525347037209749,1.60002825067143
NGC 3379,outer,raw,constant,stpsf_field_1024_768,0.1297304047281848,0.6159328405319103,0.6100685875353913,0.005864252996519048,1.9227605352953487
NGC 3379,outer,raw,constant,stpsf_field_1024_768,0.13867732919219755,0.570273170028913,0.560779283086559,0.00949388694235398,3.4260062959081594
NGC 3379,outer,raw,constant,stpsf_field_1024_768,0.1476242536562103,0.5104244579911937,0.517196676819958,-0.00677221882876422,-2.8611767056674906
NGC 3379,outer,raw,constant,stpsf_field_1024_768,0.15657117812022303,0.47661154037473896,0.47426611710428834,0.0023454232704506195,1.0846383510211284
NGC 3379,outer,raw,constant,stpsf_field_1024_768,0.16551810258423577,0.422299021920993,0.43370126199462,-0.011402240073627001,-6.214934640147838
NGC 3379,outer,raw,constant,stpsf_field_1024_768,0.17446502704824854,0.38476154390569456,0.39338639846107626,-0.0086248545553817,-5.216279633612318
NGC 3379,outer,raw,constant,stpsf_field_1024_768,0.18341195151226128,0.3467090460005286,0.3568194187470203,-0.01011037274649168,-6.9616656028246195
NGC 3379,outer,raw,constant,stpsf_field_1024_768,0.19235887597627402,0.31430341389580285,0.3216262557805383,-0.00732284188473542,-5.6398697990510875
NGC 3379,outer,raw,constant,stpsf_field_1024_768,0.20130580044028676,0.2775812610303528,0.2884590814330778,-0.010877820402725003,-9.700454466326137
NGC 3379,outer,raw,constant,stpsf_field_1024_768,0.2102527249042995,0.25319932746663787,0.25807256638788256,-0.004873238921244694,-4.9196202090071175
NGC 3379,outer,raw,constant,stpsf_field_1024_768,0.21919964936831227,0.22515438602965002,0.22881253505197185,-0.0036581490223218383,-4.263101823418583
NGC 3379,outer,raw,constant,stpsf_field_1024_768,0.228146573832325,0.20359128928599216,0.20341593490380627,0.00017535438218588273,0.23051635129212797
NGC 3379,outer,raw,constant,stpsf_field_1024_768,0.23709349829633775,0.1826569206337188,0.18045364213080523,0.002203278502913575,3.2455748631614956
NGC 3379,outer,raw,constant,stpsf_field_1024_768,0.24604042276035049,0.16675145951476286,0.15871725347695143,0.008034206037811437,13.364079392314517
NGC 3379,outer,raw,N(k),stpsf_field_1024_768,0.04026116008805736,1.339056857209086,1.244031629946612,0.09502522726247387,7.9571595740019605
NGC 3379,outer,raw,N(k),stpsf_field_1024_768,0.0492080845520701,1.2445772006938547,1.1247777402511405,0.11979946044271417,11.896434046266608
NGC 3379,outer,raw,N(k),stpsf_field_1024_768,0.058155009016082844,1.1510298101318248,1.0348764156757948,0.11615339445603001,13.774479934269127
NGC 3379,outer,raw,N(k),stpsf_field_1024_768,0.06710193348009559,1.0620843992591018,0.8537617168226619,0.20832268243643992,28.53392660326672
NGC 3379,outer,raw,N(k),stpsf_field_1024_768,0.07604885794410833,0.9749255254143027,0.7546022370288876,0.22032328838541504,34.722282188736486
NGC 3379,outer,raw,N(k),stpsf_field_1024_768,0.08499578240812108,0.9192190778962137,0.7382099610773181,0.18100911681889564,32.27551268779625
NGC 3379,outer,raw,N(k),stpsf_field_1024_768,0.09394270687213382,0.8529644323048632,0.6529332389623446,0.20003119334251862,39.688722887589556
NGC 3379,outer,raw,N(k),stpsf_field_1024_768,0.10288963133614656,0.7863217142293826,0.6299716481794124,0.15635006604997015,35.322698222575085
NGC 3379,outer,raw,N(k),stpsf_field_1024_768,0.1118365558001593,0.7139379434128253,0.5686195932683717,0.1453183501444536,38.245898192702974
NGC 3379,outer,raw,N(k),stpsf_field_1024_768,0.12078348026417207,0.663432573612068,0.5265454582651266,0.13688711534694142,39.63972764661489
NGC 3379,outer,raw,N(k),stpsf_field_1024_768,0.1297304047281848,0.6159328405319103,0.501484659322415,0.11444818120949529,37.52506010510992
NGC 3379,outer,raw,N(k),stpsf_field_1024_768,0.13867732919219755,0.570273170028913,0.4507970366261608,0.1194761334027522,43.11468924519351
NGC 3379,outer,raw,N(k),stpsf_field_1024_768,0.1476242536562103,0.5104244579911937,0.4293898590471665,0.08103459894402726,34.23609199794072
NGC 3379,outer,raw,N(k),stpsf_field_1024_768,0.15657117812022303,0.47661154037473896,0.4014716646725061,0.07513987570223285,34.748350928548646
NGC 3379,outer,raw,N(k),stpsf_field_1024_768,0.16551810258423577,0.422299021920993,0.3769267089020577,0.045372313018935295,24.730750980873992
NGC 3379,outer,raw,N(k),stpsf_field_1024_768,0.17446502704824854,0.38476154390569456,0.338566222949943,0.04619532095575157,27.938756569444205
NGC 3379,outer,raw,N(k),stpsf_field_1024_768,0.18341195151226128,0.3467090460005286,0.3058885152072316,0.040820530793297005,28.10765658579201
NGC 3379,outer,raw,N(k),stpsf_field_1024_768,0.19235887597627402,0.31430341389580285,0.30074030860506906,0.01356310529073379,10.445964710778854
NGC 3379,outer,raw,N(k),stpsf_field_1024_768,0.20130580044028676,0.2775812610303528,0.29066764734761996,-0.013086386317267162,-11.669975224779662
NGC 3379,outer,raw,N(k),stpsf_field_1024_768,0.2102527249042995,0.25319932746663787,0.27255526872936,-0.01935594126272211,-19.54016237236341
NGC 3379,outer,raw,N(k),stpsf_field_1024_768,0.21919964936831227,0.22515438602965002,0.24898204978004956,-0.023827663750399547,-27.768075100904497
NGC 3379,outer,raw,N(k),stpsf_field_1024_768,0.228146573832325,0.20359128928599216,0.2486561200484488,-0.045064830762456654,-59.241065033361195
NGC 3379,outer,raw,N(k),stpsf_field_1024_768,0.23709349829633775,0.1826569206337188,0.2314605174062429,-0.048803596772524105,-71.89092377895675
NGC 3379,outer,raw,N(k),stpsf_field_1024_768,0.24604042276035049,0.16675145951476286,0.2056770783638765,-0.038925618849113636,-64.74878267327034
NGC 3379,outer,winsor_3.0,constant,stpsf_R2024052602-NRCA3_FP1-1,0.04026116008805736,1.3127243727979958,1.2276686909285734,0.08505568186942236,7.262991165973465
NGC 3379,outer,winsor_3.0,constant,stpsf_R2024052602-NRCA3_FP1-1,0.0492080845520701,1.2176506398891904,1.1468800330819027,0.07077060680728775,7.186404991723436
NGC 3379,outer,winsor_3.0,constant,stpsf_R2024052602-NRCA3_FP1-1,0.058155009016082844,1.1269489332982097,1.0749715186419144,0.05197741465629524,6.291505028600562
NGC 3379,outer,winsor_3.0,constant,stpsf_R2024052602-NRCA3_FP1-1,0.06710193348009559,1.0400507262774537,1.005430656795828,0.03462006948162566,4.841853205159077
NGC 3379,outer,winsor_3.0,constant,stpsf_R2024052602-NRCA3_FP1-1,0.07604885794410833,0.9538182637080365,0.9406833156496833,0.013134948058353135,2.114040467712884
NGC 3379,outer,winsor_3.0,constant,stpsf_R2024052602-NRCA3_FP1-1,0.08499578240812108,0.8994232919746894,0.8783060754072457,0.021117216567443697,3.84964035986152
NGC 3379,outer,winsor_3.0,constant,stpsf_R2024052602-NRCA3_FP1-1,0.09394270687213382,0.8343392121456478,0.8141101916418042,0.020229020503843564,4.104456536799466
NGC 3379,outer,winsor_3.0,constant,stpsf_R2024052602-NRCA3_FP1-1,0.10288963133614656,0.7679741785886975,0.7534029572768822,0.014571221311815319,3.3692518581253306
NGC 3379,outer,winsor_3.0,constant,stpsf_R2024052602-NRCA3_FP1-1,0.1118365558001593,0.6970346412018619,0.6963636718010617,0.0006709694008001366,0.18096797941992052
NGC 3379,outer,winsor_3.0,constant,stpsf_R2024052602-NRCA3_FP1-1,0.12078348026417207,0.6476609493092758,0.6415838689544819,0.006077080354793818,1.8020884905219439
NGC 3379,outer,winsor_3.0,constant,stpsf_R2024052602-NRCA3_FP1-1,0.1297304047281848,0.60031987640684,0.5934521437346678,0.006867732672172222,2.3100007543333994
NGC 3379,outer,winsor_3.0,constant,stpsf_R2024052602-NRCA3_FP1-1,0.13867732919219755,0.5559822199929874,0.5481183725101653,0.007863847482822095,2.9092298300080044
NGC 3379,outer,winsor_3.0,constant,stpsf_R2024052602-NRCA3_FP1-1,0.1476242536562103,0.4975685810355008,0.503848353060331,-0.006279772024830266,-2.7204827486902388
NGC 3379,outer,winsor_3.0,constant,stpsf_R2024052602-NRCA3_FP1-1,0.15657117812022303,0.46369322624948517,0.46253614469902415,0.0011570815504610144,0.5497055636441373
NGC 3379,outer,winsor_3.0,constant,stpsf_R2024052602-NRCA3_FP1-1,0.16551810258423577,0.4108958836233202,0.4224651897823397,-0.011569306159019521,-6.476779958252079
NGC 3379,outer,winsor_3.0,constant,stpsf_R2024052602-NRCA3_FP1-1,0.17446502704824854,0.3734045812475365,0.38166366527776197,-0.008259084030225461,-5.1483886734059165
NGC 3379,outer,winsor_3.0,constant,stpsf_R2024052602-NRCA3_FP1-1,0.18341195151226128,0.3364833766903231,0.3456555735753688,-0.009172196885045725,-6.50806496927152
NGC 3379,outer,winsor_3.0,constant,stpsf_R2024052602-NRCA3_FP1-1,0.19235887597627402,0.3045299436858546,0.3126105524701741,-0.008080608784319487,-6.432888347145632
NGC 3379,outer,winsor_3.0,constant,stpsf_R2024052602-NRCA3_FP1-1,0.20130580044028676,0.26901237578134607,0.2797747070797213,-0.010762331298375227,-9.898726748894449
NGC 3379,outer,winsor_3.0,constant,stpsf_R2024052602-NRCA3_FP1-1,0.2102527249042995,0.2448246963880747,0.24969413553051276,-0.0048694391424380645,-5.080040421234801
NGC 3379,outer,winsor_3.0,constant,stpsf_R2024052602-NRCA3_FP1-1,0.21919964936831227,0.21779288783571005,0.2212119495611725,-0.003419061725462441,-4.12163448268327
NGC 3379,outer,winsor_3.0,constant,stpsf_R2024052602-NRCA3_FP1-1,0.228146573832325,0.1970288920881308,0.19615812470272095,0.0008707673854098374,1.183546576184809
NGC 3379,outer,winsor_3.0,constant,stpsf_R2024052602-NRCA3_FP1-1,0.23709349829633775,0.17651883462943616,0.1734797054232932,0.0030391292061429653,4.63169801446102
NGC 3379,outer,winsor_3.0,constant,stpsf_R2024052602-NRCA3_FP1-1,0.24604042276035049,0.16083812179551268,0.15401393653056952,0.006824185264943161,11.775061138671223
NGC 3379,outer,winsor_3.0,N(k),stpsf_R2024052602-NRCA3_FP1-1,0.04026116008805736,1.3127243727979958,1.1822165622695073,0.13050781052848848,11.144194651382998
NGC 3379,outer,winsor_3.0,N(k),stpsf_R2024052602-NRCA3_FP1-1,0.0492080845520701,1.2176506398891904,1.070657967013624,0.1469926728755664,14.926378700923626
NGC 3379,outer,winsor_3.0,N(k),stpsf_R2024052602-NRCA3_FP1-1,0.058155009016082844,1.1269489332982097,0.9858363610124392,0.14111257228577045,17.080696760418
NGC 3379,outer,winsor_3.0,N(k),stpsf_R2024052602-NRCA3_FP1-1,0.06710193348009559,1.0400507262774537,0.8212030816800548,0.2188476445973988,30.607338035465805
NGC 3379,outer,winsor_3.0,N(k),stpsf_R2024052602-NRCA3_FP1-1,0.07604885794410833,0.9538182637080365,0.7276848933684388,0.22613337033959768,36.395659417487835
NGC 3379,outer,winsor_3.0,N(k),stpsf_R2024052602-NRCA3_FP1-1,0.08499578240812108,0.8994232919746894,0.7109908787299476,0.1884324132447418,34.35097711937109
NGC 3379,outer,winsor_3.0,N(k),stpsf_R2024052602-NRCA3_FP1-1,0.09394270687213382,0.8343392121456478,0.6316186761190024,0.20272053602664541,41.131879276110446
NGC 3379,outer,winsor_3.0,N(k),stpsf_R2024052602-NRCA3_FP1-1,0.10288963133614656,0.7679741785886975,0.6076510945266098,0.16032308406208773,37.07093848328058
NGC 3379,outer,winsor_3.0,N(k),stpsf_R2024052602-NRCA3_FP1-1,0.1118365558001593,0.6970346412018619,0.549721499433862,0.14731314176799992,39.73200801104225
NGC 3379,outer,winsor_3.0,N(k),stpsf_R2024052602-NRCA3_FP1-1,0.12078348026417207,0.6476609493092758,0.510053268215371,0.13760768109390475,40.805979817450236
NGC 3379,outer,winsor_3.0,N(k),stpsf_R2024052602-NRCA3_FP1-1,0.1297304047281848,0.60031987640684,0.485946404034871,0.11437347237196904,38.47016476420492
NGC 3379,outer,winsor_3.0,N(k),stpsf_R2024052602-NRCA3_FP1-1,0.13867732919219755,0.5559822199929874,0.43705979573393,0.11892242425905736,43.995342593694126
NGC 3379,outer,winsor_3.0,N(k),stpsf_R2024052602-NRCA3_FP1-1,0.1476242536562103,0.4975685810355008,0.4165381707117899,0.08103041032371089,35.10347709014248
NGC 3379,outer,winsor_3.0,N(k),stpsf_R2024052602-NRCA3_FP1-1,0.15657117812022303,0.46369322624948517,0.38931320216494114,0.07438002408454403,35.33641431493587
NGC 3379,outer,winsor_3.0,N(k),stpsf_R2024052602-NRCA3_FP1-1,0.16551810258423577,0.4108958836233202,0.3656215636747733,0.045274319948546915,25.345669311174305
NGC 3379,outer,winsor_3.0,N(k),stpsf_R2024052602-NRCA3_FP1-1,0.17446502704824854,0.3734045812475365,0.32977699867472726,0.04362758257280924,27.195721843237003
NGC 3379,outer,winsor_3.0,N(k),stpsf_R2024052602-NRCA3_FP1-1,0.18341195151226128,0.3364833766903231,0.2988229038531688,0.03766047283715429,26.72171204668418
NGC 3379,outer,winsor_3.0,N(k),stpsf_R2024052602-NRCA3_FP1-1,0.19235887597627402,0.3045299436858546,0.29227539555576754,0.012254548130087084,9.755717913054665
NGC 3379,outer,winsor_3.0,N(k),stpsf_R2024052602-NRCA3_FP1-1,0.20130580044028676,0.26901237578134607,0.28198368240488714,-0.012971306623541068,-11.930446692524876
NGC 3379,outer,winsor_3.0,N(k),stpsf_R2024052602-NRCA3_FP1-1,0.2102527249042995,0.2448246963880747,0.2645076475024608,-0.019682951114386116,-20.534230810862187
NGC 3379,outer,winsor_3.0,N(k),stpsf_R2024052602-NRCA3_FP1-1,0.21919964936831227,0.21779288783571005,0.24195220159635392,-0.02415931376064387,-29.123738811812817
NGC 3379,outer,winsor_3.0,N(k),stpsf_R2024052602-NRCA3_FP1-1,0.228146573832325,0.1970288920881308,0.24072991963938054,-0.043701027551249744,-59.3984138596279
NGC 3379,outer,winsor_3.0,N(k),stpsf_R2024052602-NRCA3_FP1-1,0.23709349829633775,0.17651883462943616,0.22432718980369265,-0.047808355174256495,-72.86095743730431
NGC 3379,outer,winsor_3.0,N(k),stpsf_R2024052602-NRCA3_FP1-1,0.24604042276035049,0.16083812179551268,0.19947276393774552,-0.03863464214223283,-66.6636756819152
NGC 3379,outer,winsor_3.0,constant,stpsf_field_1280_1024,0.04026116008805736,1.3127243727979958,1.231033680938036,0.08169069185995981,6.975651247285426
NGC 3379,outer,winsor_3.0,constant,stpsf_field_1280_1024,0.0492080845520701,1.2176506398891904,1.1449550370011157,0.07269560288807475,7.38187882002741
NGC 3379,outer,winsor_3.0,constant,stpsf_field_1280_1024,0.058155009016082844,1.1269489332982097,1.07895291270876,0.04799602058944963,5.809584930072425
NGC 3379,outer,winsor_3.0,constant,stpsf_field_1280_1024,0.06710193348009559,1.0400507262774537,1.0087483106317556,0.03130241564569802,4.377856653458909
NGC 3379,outer,winsor_3.0,constant,stpsf_field_1280_1024,0.07604885794410833,0.9538182637080365,0.9442070681514545,0.009611195556581964,1.5469003957571845
NGC 3379,outer,winsor_3.0,constant,stpsf_field_1280_1024,0.08499578240812108,0.8994232919746894,0.8780220200059219,0.02140127196876751,3.901423279920155
NGC 3379,outer,winsor_3.0,constant,stpsf_field_1280_1024,0.09394270687213382,0.8343392121456478,0.816999038483925,0.017340173661722802,3.518311186721731
NGC 3379,outer,winsor_3.0,constant,stpsf_field_1280_1024,0.10288963133614656,0.7679741785886975,0.7516890001450349,0.016285178443662618,3.765564090823431
NGC 3379,outer,winsor_3.0,constant,stpsf_field_1280_1024,0.1118365558001593,0.6970346412018619,0.6973618148229139,-0.00032717362105205705,-0.08824239831307294
NGC 3379,outer,winsor_3.0,constant,stpsf_field_1280_1024,0.12078348026417207,0.6476609493092758,0.6408458716959049,0.006815077613370857,2.020933114596945
NGC 3379,outer,winsor_3.0,constant,stpsf_field_1280_1024,0.1297304047281848,0.60031987640684,0.5927808115358946,0.007539064870945467,2.5358071390021246
NGC 3379,outer,winsor_3.0,constant,stpsf_field_1280_1024,0.13867732919219755,0.5559822199929874,0.5477915848295585,0.008190635163428883,3.030124909748185
NGC 3379,outer,winsor_3.0,constant,stpsf_field_1280_1024,0.1476242536562103,0.4975685810355008,0.5038490050266957,-0.006280423991194939,-2.7207651893968134
NGC 3379,outer,winsor_3.0,constant,stpsf_field_1280_1024,0.15657117812022303,0.46369322624948517,0.4601843182079854,0.003508908041499781,1.6670097902430192
NGC 3379,outer,winsor_3.0,constant,stpsf_field_1280_1024,0.16551810258423577,0.4108958836233202,0.4211603328443679,-0.010264449221047689,-5.746289196915154
NGC 3379,outer,winsor_3.0,constant,stpsf_field_1280_1024,0.17446502704824854,0.3734045812475365,0.38235756264546733,-0.008952981397930826,-5.58093704503242
NGC 3379,outer,winsor_3.0,constant,stpsf_field_1280_1024,0.18341195151226128,0.3364833766903231,0.34567244416387705,-0.009189067473553969,-6.520035371505308
NGC 3379,outer,winsor_3.0,constant,stpsf_field_1280_1024,0.19235887597627402,0.3045299436858546,0.31140444431071873,-0.0068745006248641105,-5.4727182248877995
NGC 3379,outer,winsor_3.0,constant,stpsf_field_1280_1024,0.20130580044028676,0.26901237578134607,0.27950443870092884,-0.010492062919582767,-9.650145585913789
NGC 3379,outer,winsor_3.0,constant,stpsf_field_1280_1024,0.2102527249042995,0.2448246963880747,0.2499191709133129,-0.005094474525238202,-5.314808493571848
NGC 3379,outer,winsor_3.0,constant,stpsf_field_1280_1024,0.21919964936831227,0.21779288783571005,0.2224002567129345,-0.00460736887722446,-5.554123313243659
NGC 3379,outer,winsor_3.0,constant,stpsf_field_1280_1024,0.228146573832325,0.1970288920881308,0.19668871580863273,0.0003401762794980612,0.4623674217078324
NGC 3379,outer,winsor_3.0,constant,stpsf_field_1280_1024,0.23709349829633775,0.17651883462943616,0.17369468581618036,0.0028241488132557946,4.304063290385811
NGC 3379,outer,winsor_3.0,constant,stpsf_field_1280_1024,0.24604042276035049,0.16083812179551268,0.15336876563963825,0.007469356155874435,12.888296842372478
NGC 3379,outer,winsor_3.0,N(k),stpsf_field_1280_1024,0.04026116008805736,1.3127243727979958,1.166573840775854,0.1461505320221419,12.479942546445516
NGC 3379,outer,winsor_3.0,N(k),stpsf_field_1280_1024,0.0492080845520701,1.2176506398891904,1.0595388767735376,0.15811176311565278,16.055467304365582
NGC 3379,outer,winsor_3.0,N(k),stpsf_field_1280_1024,0.058155009016082844,1.1269489332982097,0.9747444163573207,0.152204516940889,18.423299620450504
NGC 3379,outer,winsor_3.0,N(k),stpsf_field_1280_1024,0.06710193348009559,1.0400507262774537,0.8159558526419001,0.22409487363555358,31.34119886003976
NGC 3379,outer,winsor_3.0,N(k),stpsf_field_1280_1024,0.07604885794410833,0.9538182637080365,0.7248583487469182,0.22895991496111823,36.85058544286261
NGC 3379,outer,winsor_3.0,N(k),stpsf_field_1280_1024,0.08499578240812108,0.8994232919746894,0.7083604906712444,0.191062801303445,34.83049334730488
NGC 3379,outer,winsor_3.0,N(k),stpsf_field_1280_1024,0.09394270687213382,0.8343392121456478,0.6298399805126641,0.20449923163298367,41.49277558381968
NGC 3379,outer,winsor_3.0,N(k),stpsf_field_1280_1024,0.10288963133614656,0.7679741785886975,0.6067015657798074,0.16127261280889016,37.29049464992211
NGC 3379,outer,winsor_3.0,N(k),stpsf_field_1280_1024,0.1118365558001593,0.6970346412018619,0.548980169865411,0.1480544713364509,39.931952917511644
NGC 3379,outer,winsor_3.0,N(k),stpsf_field_1280_1024,0.12078348026417207,0.6476609493092758,0.5101356936205705,0.13752525568870522,40.78153750874857
NGC 3379,outer,winsor_3.0,N(k),stpsf_field_1280_1024,0.1297304047281848,0.60031987640684,0.4857563541206613,0.11456352228617872,38.53408912849537
NGC 3379,outer,winsor_3.0,N(k),stpsf_field_1280_1024,0.13867732919219755,0.5559822199929874,0.43773488985531817,0.1182473301376692,43.745591570381976
NGC 3379,outer,winsor_3.0,N(k),stpsf_field_1280_1024,0.1476242536562103,0.4975685810355008,0.4168028415769677,0.0807657394585331,34.988818067498016
NGC 3379,outer,winsor_3.0,N(k),stpsf_field_1280_1024,0.15657117812022303,0.46369322624948517,0.39040199932131325,0.07329122692817192,34.819149257603314
NGC 3379,outer,winsor_3.0,N(k),stpsf_field_1280_1024,0.16551810258423577,0.4108958836233202,0.36633988816598073,0.04455599545733946,24.94353372895125
NGC 3379,outer,winsor_3.0,N(k),stpsf_field_1280_1024,0.17446502704824854,0.3734045812475365,0.33036726468943467,0.043037316558101835,26.827773187757213
NGC 3379,outer,winsor_3.0,N(k),stpsf_field_1280_1024,0.18341195151226128,0.3364833766903231,0.3000345502426308,0.03644882644769226,25.861997245396108
NGC 3379,outer,winsor_3.0,N(k),stpsf_field_1280_1024,0.19235887597627402,0.3045299436858546,0.29323563660042173,0.011294307085432886,8.9912800357262
NGC 3379,outer,winsor_3.0,N(k),stpsf_field_1280_1024,0.20130580044028676,0.26901237578134607,0.2821942420581274,-0.013181866276781307,-12.124110352747058
NGC 3379,outer,winsor_3.0,N(k),stpsf_field_1280_1024,0.2102527249042995,0.2448246963880747,0.2645170041147937,-0.019692307726718983,-20.54399209290441
NGC 3379,outer,winsor_3.0,N(k),stpsf_field_1280_1024,0.21919964936831227,0.21779288783571005,0.2418936854261406,-0.024100797590430545,-29.053198328981033
NGC 3379,outer,winsor_3.0,N(k),stpsf_field_1280_1024,0.228146573832325,0.1970288920881308,0.24022328060534764,-0.04319438851721685,-58.70979034875883
NGC 3379,outer,winsor_3.0,N(k),stpsf_field_1280_1024,0.23709349829633775,0.17651883462943616,0.22403419682855835,-0.047515362199122196,-72.41442986669706
NGC 3379,outer,winsor_3.0,N(k),stpsf_field_1280_1024,0.24604042276035049,0.16083812179551268,0.20004608575525798,-0.039207963959745296,-67.65293655207704
NGC 3379,outer,winsor_3.0,constant,stpsf_field_768_1024,0.04026116008805736,1.3127243727979958,1.2200329436345585,0.09269142916343731,7.915015392023126
NGC 3379,outer,winsor_3.0,constant,stpsf_field_768_1024,0.0492080845520701,1.2176506398891904,1.148737577095182,0.06891306279400844,6.99778058716341
NGC 3379,outer,winsor_3.0,constant,stpsf_field_768_1024,0.058155009016082844,1.1269489332982097,1.0781418733197665,0.048807059978443146,5.907755614935987
NGC 3379,outer,winsor_3.0,constant,stpsf_field_768_1024,0.06710193348009559,1.0400507262774537,1.0017148652630994,0.03833586101435427,5.361532033417747
NGC 3379,outer,winsor_3.0,constant,stpsf_field_768_1024,0.07604885794410833,0.9538182637080365,0.9392578754961327,0.014560388211903752,2.3434618674414107
NGC 3379,outer,winsor_3.0,constant,stpsf_field_768_1024,0.08499578240812108,0.8994232919746894,0.8739669912324262,0.025456300742263238,4.640649606315622
NGC 3379,outer,winsor_3.0,constant,stpsf_field_768_1024,0.09394270687213382,0.8343392121456478,0.8133278747747941,0.0210113373708537,4.263188175735624
NGC 3379,outer,winsor_3.0,constant,stpsf_field_768_1024,0.10288963133614656,0.7679741785886975,0.7557852706934667,0.01218890789523086,2.818397970609699
NGC 3379,outer,winsor_3.0,constant,stpsf_field_768_1024,0.1118365558001593,0.6970346412018619,0.6956641285225418,0.0013705126793200906,0.36964265441937244
NGC 3379,outer,winsor_3.0,constant,stpsf_field_768_1024,0.12078348026417207,0.6476609493092758,0.641191759907026,0.00646918940224972,1.918363932049124
NGC 3379,outer,winsor_3.0,constant,stpsf_field_768_1024,0.1297304047281848,0.60031987640684,0.5938219938757792,0.006497882531060872,2.1855995660898118
NGC 3379,outer,winsor_3.0,constant,stpsf_field_768_1024,0.13867732919219755,0.5559822199929874,0.5474565619189242,0.008525658074063136,3.1540666122649665
NGC 3379,outer,winsor_3.0,constant,stpsf_field_768_1024,0.1476242536562103,0.4975685810355008,0.5049693016764956,-0.0074007206409947845,-3.2060929524342505
NGC 3379,outer,winsor_3.0,constant,stpsf_field_768_1024,0.15657117812022303,0.46369322624948517,0.4630757641980133,0.0006174620514718954,0.29334347686901413
NGC 3379,outer,winsor_3.0,constant,stpsf_field_768_1024,0.16551810258423577,0.4108958836233202,0.42130849871572146,-0.010412615092401267,-5.8292360679625315
NGC 3379,outer,winsor_3.0,constant,stpsf_field_768_1024,0.17446502704824854,0.3734045812475365,0.3832012676157594,-0.009796686368222896,-6.1068695935876125
NGC 3379,outer,winsor_3.0,constant,stpsf_field_768_1024,0.18341195151226128,0.3364833766903231,0.34584059588913335,-0.009357219198810274,-6.639346193806488
NGC 3379,outer,winsor_3.0,constant,stpsf_field_768_1024,0.19235887597627402,0.3045299436858546,0.3116333524823828,-0.0071034087965281545,-5.654949632120572
NGC 3379,outer,winsor_3.0,constant,stpsf_field_768_1024,0.20130580044028676,0.26901237578134607,0.2797142710718859,-0.010701895290539831,-9.843140323354199
NGC 3379,outer,winsor_3.0,constant,stpsf_field_768_1024,0.2102527249042995,0.2448246963880747,0.24890961521875493,-0.00408491883068024,-4.261589922433815
NGC 3379,outer,winsor_3.0,constant,stpsf_field_768_1024,0.21919964936831227,0.21779288783571005,0.2228673922904189,-0.005074504454708861,-6.117249181931349
NGC 3379,outer,winsor_3.0,constant,stpsf_field_768_1024,0.228146573832325,0.1970288920881308,0.19650396450789337,0.000524927580237422,0.7134812933336566
NGC 3379,outer,winsor_3.0,constant,stpsf_field_768_1024,0.23709349829633775,0.17651883462943616,0.1734711320823244,0.003047702547111758,4.644763969755777
NGC 3379,outer,winsor_3.0,constant,stpsf_field_768_1024,0.24604042276035049,0.16083812179551268,0.15338320956231993,0.007454912233192751,12.863374003080176
NGC 3379,outer,winsor_3.0,N(k),stpsf_field_768_1024,0.04026116008805736,1.3127243727979958,1.1789722974746357,0.1337520753233601,11.421225721234455
NGC 3379,outer,winsor_3.0,N(k),stpsf_field_768_1024,0.0492080845520701,1.2176506398891904,1.0653302432639038,0.15232039662528662,15.467382689398264
NGC 3379,outer,winsor_3.0,N(k),stpsf_field_768_1024,0.058155009016082844,1.1269489332982097,0.9808157572738807,0.14613317602432896,17.688405971748036
NGC 3379,outer,winsor_3.0,N(k),stpsf_field_768_1024,0.06710193348009559,1.0400507262774537,0.8207928809454583,0.21925784533199533,30.66470741026209
NGC 3379,outer,winsor_3.0,N(k),stpsf_field_768_1024,0.07604885794410833,0.9538182637080365,0.7274925074375399,0.22632575627049656,36.42662350212159
NGC 3379,outer,winsor_3.0,N(k),stpsf_field_768_1024,0.08499578240812108,0.8994232919746894,0.7113874782275604,0.18803581374712897,34.27867756095935
NGC 3379,outer,winsor_3.0,N(k),stpsf_field_768_1024,0.09394270687213382,0.8343392121456478,0.6315450925931411,0.2027941195525067,41.146809330863455
NGC 3379,outer,winsor_3.0,N(k),stpsf_field_768_1024,0.10288963133614656,0.7679741785886975,0.6062507273717572,0.16172345121694032,37.39474041707723
NGC 3379,outer,winsor_3.0,N(k),stpsf_field_768_1024,0.1118365558001593,0.6970346412018619,0.5497951228268487,0.14723951837501315,39.71215095548805
NGC 3379,outer,winsor_3.0,N(k),stpsf_field_768_1024,0.12078348026417207,0.6476609493092758,0.5101329179123607,0.13752803139691505,40.78236061318787
NGC 3379,outer,winsor_3.0,N(k),stpsf_field_768_1024,0.1297304047281848,0.60031987640684,0.4856640324766328,0.11465584393020722,38.56514203598713
NGC 3379,outer,winsor_3.0,N(k),stpsf_field_768_1024,0.13867732919219755,0.5559822199929874,0.43751897580213023,0.11846324419085713,43.825468959360386
NGC 3379,outer,winsor_3.0,N(k),stpsf_field_768_1024,0.1476242536562103,0.4975685810355008,0.4162651995386073,0.08130338149689348,35.22173191923447
NGC 3379,outer,winsor_3.0,N(k),stpsf_field_768_1024,0.15657117812022303,0.46369322624948517,0.38927169687440344,0.07442152937508173,35.356132621843585
NGC 3379,outer,winsor_3.0,N(k),stpsf_field_768_1024,0.16551810258423577,0.4108958836233202,0.3661397696844683,0.04475611393885187,25.055564939165613
NGC 3379,outer,winsor_3.0,N(k),stpsf_field_768_1024,0.17446502704824854,0.3734045812475365,0.3295771735862253,0.04382740766131121,27.320284956839057
NGC 3379,outer,winsor_3.0,N(k),stpsf_field_768_1024,0.18341195151226128,0.3364833766903231,0.2992472317556139,0.03723614493470917,26.420633298375805
NGC 3379,outer,winsor_3.0,N(k),stpsf_field_768_1024,0.19235887597627402,0.3045299436858546,0.292839186943225,0.011690756742629593,9.306889471609235
NGC 3379,outer,winsor_3.0,N(k),stpsf_field_768_1024,0.20130580044028676,0.26901237578134607,0.2820508922638023,-0.013038516482456242,-11.992263413250942
NGC 3379,outer,winsor_3.0,N(k),stpsf_field_768_1024,0.2102527249042995,0.2448246963880747,0.2648022007404108,-0.019977504352336084,-20.841523357543903
NGC 3379,outer,winsor_3.0,N(k),stpsf_field_768_1024,0.21919964936831227,0.21779288783571005,0.24150922777206627,-0.023716339936356218,-28.589739622645467
NGC 3379,outer,winsor_3.0,N(k),stpsf_field_768_1024,0.228146573832325,0.1970288920881308,0.24046903055796182,-0.043440138469831024,-59.04381355620497
NGC 3379,outer,winsor_3.0,N(k),stpsf_field_768_1024,0.23709349829633775,0.17651883462943616,0.2242324817191607,-0.04771364708972453,-72.71662028763872
NGC 3379,outer,winsor_3.0,N(k),stpsf_field_768_1024,0.24604042276035049,0.16083812179551268,0.1998293121536177,-0.03899119035810503,-67.27889594305712
NGC 3379,outer,winsor_3.0,constant,stpsf_field_1024_1280,0.04026116008805736,1.3127243727979958,1.2267103561119386,0.08601401668605724,7.34482435047429
NGC 3379,outer,winsor_3.0,constant,stpsf_field_1024_1280,0.0492080845520701,1.2176506398891904,1.150672363701868,0.06697827618732233,6.801312579391899
NGC 3379,outer,winsor_3.0,constant,stpsf_field_1024_1280,0.058155009016082844,1.1269489332982097,1.0778191118502618,0.04912982144794786,5.94682364903994
NGC 3379,outer,winsor_3.0,constant,stpsf_field_1024_1280,0.06710193348009559,1.0400507262774537,1.0051185034437922,0.034932222833661486,4.885509983746942
NGC 3379,outer,winsor_3.0,constant,stpsf_field_1024_1280,0.07604885794410833,0.9538182637080365,0.9443597269122525,0.009458536795784012,1.522330310162325
NGC 3379,outer,winsor_3.0,constant,stpsf_field_1024_1280,0.08499578240812108,0.8994232919746894,0.8807184960996487,0.018704795875040703,3.4098592915195263
NGC 3379,outer,winsor_3.0,constant,stpsf_field_1024_1280,0.09394270687213382,0.8343392121456478,0.8191091638650497,0.01523004828059804,3.0901679697835513
NGC 3379,outer,winsor_3.0,constant,stpsf_field_1024_1280,0.10288963133614656,0.7679741785886975,0.7568642116111595,0.011109966977538077,2.5689182863778646
NGC 3379,outer,winsor_3.0,constant,stpsf_field_1024_1280,0.1118365558001593,0.6970346412018619,0.6977464923214929,-0.0007118511196310129,-0.19199423790982256
NGC 3379,outer,winsor_3.0,constant,stpsf_field_1024_1280,0.12078348026417207,0.6476609493092758,0.6440098214447036,0.0036511278645721124,1.0827000990663385
NGC 3379,outer,winsor_3.0,constant,stpsf_field_1024_1280,0.1297304047281848,0.60031987640684,0.5944826116361029,0.005837264770737094,1.9633970434352288
NGC 3379,outer,winsor_3.0,constant,stpsf_field_1024_1280,0.13867732919219755,0.5559822199929874,0.5476813215428199,0.00830089845016746,3.0709168050176845
NGC 3379,outer,winsor_3.0,constant,stpsf_field_1024_1280,0.1476242536562103,0.4975685810355008,0.5042471157964147,-0.006678534760913901,-2.8932321956521085
NGC 3379,outer,winsor_3.0,constant,stpsf_field_1024_1280,0.15657117812022303,0.46369322624948517,0.46030662160532865,0.003386604644156521,1.608905970382282
NGC 3379,outer,winsor_3.0,constant,stpsf_field_1024_1280,0.16551810258423577,0.4108958836233202,0.4204584857341448,-0.009562602110824603,-5.353378054728278
NGC 3379,outer,winsor_3.0,constant,stpsf_field_1024_1280,0.17446502704824854,0.3734045812475365,0.3810747877141003,-0.0076702064665638,-4.781305523787472
NGC 3379,outer,winsor_3.0,constant,stpsf_field_1024_1280,0.18341195151226128,0.3364833766903231,0.34586793835321106,-0.00938456166288798,-6.658746838479501
NGC 3379,outer,winsor_3.0,constant,stpsf_field_1024_1280,0.19235887597627402,0.3045299436858546,0.3100630759880947,-0.0055331323022400625,-4.404868897918408
NGC 3379,outer,winsor_3.0,constant,stpsf_field_1024_1280,0.20130580044028676,0.26901237578134607,0.279075619405573,-0.010063243624226947,-9.255736148804047
NGC 3379,outer,winsor_3.0,constant,stpsf_field_1024_1280,0.2102527249042995,0.2448246963880747,0.24913055956380067,-0.004305863175725982,-4.492090021283731
NGC 3379,outer,winsor_3.0,constant,stpsf_field_1024_1280,0.21919964936831227,0.21779288783571005,0.2215099514713134,-0.0037170636356033404,-4.4808719131148855
NGC 3379,outer,winsor_3.0,constant,stpsf_field_1024_1280,0.228146573832325,0.1970288920881308,0.19714609288675658,-0.00011720079862578836,-0.15929926437746664
NGC 3379,outer,winsor_3.0,constant,stpsf_field_1024_1280,0.23709349829633775,0.17651883462943616,0.17383867632773217,0.002680158301703983,4.08461866621264
NGC 3379,outer,winsor_3.0,constant,stpsf_field_1024_1280,0.24604042276035049,0.16083812179551268,0.15398093779170544,0.0068571840038072485,11.832000121500394
NGC 3379,outer,winsor_3.0,N(k),stpsf_field_1024_1280,0.04026116008805736,1.3127243727979958,1.0849495782469147,0.22777479455108107,19.44992132560465
NGC 3379,outer,winsor_3.0,N(k),stpsf_field_1024_1280,0.0492080845520701,1.2176506398891904,0.9927936757350756,0.22485696415411482,22.833112255503604
NGC 3379,outer,winsor_3.0,N(k),stpsf_field_1024_1280,0.058155009016082844,1.1269489332982097,0.920782806509678,0.20616612678853163,24.95497769549125
NGC 3379,outer,winsor_3.0,N(k),stpsf_field_1024_1280,0.06710193348009559,1.0400507262774537,0.7952660332104662,0.24478469306698747,34.23481143876145
NGC 3379,outer,winsor_3.0,N(k),stpsf_field_1024_1280,0.07604885794410833,0.9538182637080365,0.7186161752540898,0.23520208845394663,37.8552492840669
NGC 3379,outer,winsor_3.0,N(k),stpsf_field_1024_1280,0.08499578240812108,0.8994232919746894,0.6947093980624172,0.20471389391227224,37.31906928700365
NGC 3379,outer,winsor_3.0,N(k),stpsf_field_1024_1280,0.09394270687213382,0.8343392121456478,0.6278122003339651,0.20652701181168265,41.904211006907616
NGC 3379,outer,winsor_3.0,N(k),stpsf_field_1024_1280,0.10288963133614656,0.7679741785886975,0.599326947423873,0.1686472311648245,38.99570151398568
NGC 3379,outer,winsor_3.0,N(k),stpsf_field_1024_1280,0.1118365558001593,0.6970346412018619,0.5485967136565074,0.14843792754535445,40.03537536157325
NGC 3379,outer,winsor_3.0,N(k),stpsf_field_1024_1280,0.12078348026417207,0.6476609493092758,0.5105715751332746,0.1370893741760012,40.652281844611174
NGC 3379,outer,winsor_3.0,N(k),stpsf_field_1024_1280,0.1297304047281848,0.60031987640684,0.4845358953891982,0.11578398101764181,38.94459733038506
NGC 3379,outer,winsor_3.0,N(k),stpsf_field_1024_1280,0.13867732919219755,0.5559822199929874,0.4422812719145911,0.11370094807839626,42.063657843368304
NGC 3379,outer,winsor_3.0,N(k),stpsf_field_1024_1280,0.1476242536562103,0.4975685810355008,0.4193678115138739,0.07820076952162686,33.87763816531819
NGC 3379,outer,winsor_3.0,N(k),stpsf_field_1024_1280,0.15657117812022303,0.46369322624948517,0.39265180603751965,0.07104142021196552,33.75031252044347
NGC 3379,outer,winsor_3.0,N(k),stpsf_field_1024_1280,0.16551810258423577,0.4108958836233202,0.3684665949747883,0.042429288648531904,23.75295135114595
NGC 3379,outer,winsor_3.0,N(k),stpsf_field_1024_1280,0.17446502704824854,0.3734045812475365,0.33585111145799235,0.03755346978954416,23.409358447501173
NGC 3379,outer,winsor_3.0,N(k),stpsf_field_1024_1280,0.18341195151226128,0.3364833766903231,0.307545783485625,0.028937593204698075,20.53245683567621
NGC 3379,outer,winsor_3.0,N(k),stpsf_field_1024_1280,0.19235887597627402,0.3045299436858546,0.29652092734177726,0.008009016344077358,6.375894352402191
NGC 3379,outer,winsor_3.0,N(k),stpsf_field_1024_1280,0.20130580044028676,0.26901237578134607,0.2828160699932505,-0.013803694211904416,-12.696040787144872
NGC 3379,outer,winsor_3.0,N(k),stpsf_field_1024_1280,0.2102527249042995,0.2448246963880747,0.2648711983389617,-0.02004650195088703,-20.913505074401638
NGC 3379,outer,winsor_3.0,N(k),stpsf_field_1024_1280,0.21919964936831227,0.21779288783571005,0.24377968195312885,-0.025986794117418804,-31.326742635585884
NGC 3379,outer,winsor_3.0,N(k),stpsf_field_1024_1280,0.228146573832325,0.1970288920881308,0.23784412338885141,-0.04081523130072062,-55.476041100715754
NGC 3379,outer,winsor_3.0,N(k),stpsf_field_1024_1280,0.23709349829633775,0.17651883462943616,0.2221580191128068,-0.04563918448337065,-69.55509483636743
NGC 3379,outer,winsor_3.0,N(k),stpsf_field_1024_1280,0.24604042276035049,0.16083812179551268,0.20138741636244906,-0.04054929456693637,-69.9673886505544
NGC 3379,outer,winsor_3.0,constant,stpsf_field_1024_768,0.04026116008805736,1.3127243727979958,1.2249176619360262,0.08780671086196956,7.497904329104431
NGC 3379,outer,winsor_3.0,constant,stpsf_field_1024_768,0.0492080845520701,1.2176506398891904,1.1433273695941824,0.07432327029500807,7.547160392501459
NGC 3379,outer,winsor_3.0,constant,stpsf_field_1024_768,0.058155009016082844,1.1269489332982097,1.070109198785827,0.056839734512382556,6.880055075337691
NGC 3379,outer,winsor_3.0,constant,stpsf_field_1024_768,0.06710193348009559,1.0400507262774537,1.006041901394487,0.03400882488296664,4.756366472651965
NGC 3379,outer,winsor_3.0,constant,stpsf_field_1024_768,0.07604885794410833,0.9538182637080365,0.9384847706926646,0.015333493015371902,2.46789135380512
NGC 3379,outer,winsor_3.0,constant,stpsf_field_1024_768,0.08499578240812108,0.8994232919746894,0.877732530957063,0.021690761017626348,3.9541967466630688
NGC 3379,outer,winsor_3.0,constant,stpsf_field_1024_768,0.09394270687213382,0.8343392121456478,0.8146157679349285,0.019723444210719254,4.001875399923826
NGC 3379,outer,winsor_3.0,constant,stpsf_field_1024_768,0.10288963133614656,0.7679741785886975,0.7520455517947554,0.015928626793942136,3.6831199166096824
NGC 3379,outer,winsor_3.0,constant,stpsf_field_1024_768,0.1118365558001593,0.6970346412018619,0.6948012148167774,0.0022334263850845026,0.6023801675752923
NGC 3379,outer,winsor_3.0,constant,stpsf_field_1024_768,0.12078348026417207,0.6476609493092758,0.6416001708768422,0.006060778432433578,1.797254342387701
NGC 3379,outer,winsor_3.0,constant,stpsf_field_1024_768,0.1297304047281848,0.60031987640684,0.5947628278650777,0.0055570485417623106,1.8691447288495078
NGC 3379,outer,winsor_3.0,constant,stpsf_field_1024_768,0.13867732919219755,0.5559822199929874,0.5465051828811419,0.009477037111845443,3.5060292212050026
NGC 3379,outer,winsor_3.0,constant,stpsf_field_1024_768,0.1476242536562103,0.4975685810355008,0.5038347909126036,-0.006266209877102857,-2.714607441627862
NGC 3379,outer,winsor_3.0,constant,stpsf_field_1024_768,0.15657117812022303,0.46369322624948517,0.461802797706631,0.00189042854285415,0.8981035841981639
NGC 3379,outer,winsor_3.0,constant,stpsf_field_1024_768,0.16551810258423577,0.4108958836233202,0.42208699326188914,-0.011191109638568952,-6.265056315514414
NGC 3379,outer,winsor_3.0,constant,stpsf_field_1024_768,0.17446502704824854,0.3734045812475365,0.382615947895501,-0.009211366647964514,-5.742004263840252
NGC 3379,outer,winsor_3.0,constant,stpsf_field_1024_768,0.18341195151226128,0.3364833766903231,0.3468143405304067,-0.01033096384008364,-7.330259556036988
NGC 3379,outer,winsor_3.0,constant,stpsf_field_1024_768,0.19235887597627402,0.3045299436858546,0.31235779497169736,-0.007827851285842735,-6.231670739660418
NGC 3379,outer,winsor_3.0,constant,stpsf_field_1024_768,0.20130580044028676,0.26901237578134607,0.279884832679409,-0.010872456898062932,-10.000015511444557
NGC 3379,outer,winsor_3.0,constant,stpsf_field_1024_768,0.2102527249042995,0.2448246963880747,0.2501343285538675,-0.0053096321657928325,-5.539271615295508
NGC 3379,outer,winsor_3.0,constant,stpsf_field_1024_768,0.21919964936831227,0.21779288783571005,0.2214867300491443,-0.0036938422134342452,-4.4528787904297005
NGC 3379,outer,winsor_3.0,constant,stpsf_field_1024_768,0.228146573832325,0.1970288920881308,0.19662169842709268,0.0004071936610381133,0.5534574117506583
NGC 3379,outer,winsor_3.0,constant,stpsf_field_1024_768,0.23709349829633775,0.17651883462943616,0.17414002243170476,0.0023788121977313947,3.625360748314909
NGC 3379,outer,winsor_3.0,constant,stpsf_field_1024_768,0.24604042276035049,0.16083812179551268,0.1528585915285877,0.007979530266924995,13.7685969977402
NGC 3379,outer,winsor_3.0,N(k),stpsf_field_1024_768,0.04026116008805736,1.3127243727979958,1.214889275593198,0.09783509720479788,8.354238436551235
NGC 3379,outer,winsor_3.0,N(k),stpsf_field_1024_768,0.0492080845520701,1.2176506398891904,1.0975183660315637,0.1201322738576267,12.198838069431861
NGC 3379,outer,winsor_3.0,N(k),stpsf_field_1024_768,0.058155009016082844,1.1269489332982097,1.0092399213732195,0.11770901192499017,14.24785833106044
NGC 3379,outer,winsor_3.0,N(k),stpsf_field_1024_768,0.06710193348009559,1.0400507262774537,0.8299456222630412,0.2101051040144124,29.384634015029555
NGC 3379,outer,winsor_3.0,N(k),stpsf_field_1024_768,0.07604885794410833,0.9538182637080365,0.7323468869767105,0.221471376731326,35.64532198910056
NGC 3379,outer,winsor_3.0,N(k),stpsf_field_1024_768,0.08499578240812108,0.8994232919746894,0.7170737407552845,0.18234955121940488,33.24207950109749
NGC 3379,outer,winsor_3.0,N(k),stpsf_field_1024_768,0.09394270687213382,0.8343392121456478,0.6332263974564049,0.2011128146892429,40.80567354848266
NGC 3379,outer,winsor_3.0,N(k),stpsf_field_1024_768,0.10288963133614656,0.7679741785886975,0.6114411802482722,0.15653299834042533,36.194570395328284
NGC 3379,outer,winsor_3.0,N(k),stpsf_field_1024_768,0.1118365558001593,0.6970346412018619,0.5513230266651887,0.14571161453667314,39.30005813867315
NGC 3379,outer,winsor_3.0,N(k),stpsf_field_1024_768,0.12078348026417207,0.6476609493092758,0.5103372401410091,0.13732370916826664,40.72177119933971
NGC 3379,outer,winsor_3.0,N(k),stpsf_field_1024_768,0.1297304047281848,0.60031987640684,0.48618778823522907,0.11413208817161097,38.388973822226255
NGC 3379,outer,winsor_3.0,N(k),stpsf_field_1024_768,0.13867732919219755,0.5559822199929874,0.4365363225285916,0.11944589746439577,44.18900146964601
NGC 3379,outer,winsor_3.0,N(k),stpsf_field_1024_768,0.1476242536562103,0.4975685810355008,0.41595384782484934,0.08161473321065144,35.35661372110634
NGC 3379,outer,winsor_3.0,N(k),stpsf_field_1024_768,0.15657117812022303,0.46369322624948517,0.38887471296134546,0.07481851328813971,35.54473148559545
NGC 3379,outer,winsor_3.0,N(k),stpsf_field_1024_768,0.16551810258423577,0.4108958836233202,0.36511541004406717,0.04578047357925302,25.629026467264268
NGC 3379,outer,winsor_3.0,N(k),stpsf_field_1024_768,0.17446502704824854,0.3734045812475365,0.3275903142349067,0.045814267012629806,28.558815058063857
NGC 3379,outer,winsor_3.0,N(k),stpsf_field_1024_768,0.18341195151226128,0.3364833766903231,0.2956620631994761,0.040821313490847,28.964463329671304
NGC 3379,outer,winsor_3.0,N(k),stpsf_field_1024_768,0.19235887597627402,0.3045299436858546,0.2911323747995932,0.013397568886261424,10.665664811759616
NGC 3379,outer,winsor_3.0,N(k),stpsf_field_1024_768,0.20130580044028676,0.26901237578134607,0.2816630268940953,-0.012650651112749212,-11.635521625282713
NGC 3379,outer,winsor_3.0,N(k),stpsf_field_1024_768,0.2102527249042995,0.2448246963880747,0.2641380986232046,-0.019313402235129895,-20.148699091637603
NGC 3379,outer,winsor_3.0,N(k),stpsf_field_1024_768,0.21919964936831227,0.21779288783571005,0.2411545158036874,-0.02336162796797736,-28.162138953899714
NGC 3379,outer,winsor_3.0,N(k),stpsf_field_1024_768,0.228146573832325,0.1970288920881308,0.24126168593450553,-0.04423279384637474,-60.121190330670686
NGC 3379,outer,winsor_3.0,N(k),stpsf_field_1024_768,0.23709349829633775,0.17651883462943616,0.22452371475161062,-0.048004880122174465,-73.16046566789346
NGC 3379,outer,winsor_3.0,N(k),stpsf_field_1024_768,0.24604042276035049,0.16083812179551268,0.19921062206997084,-0.038372500274458154,-66.21135259861478
NGC 3379,outer,winsor_3.5,constant,stpsf_R2024052602-NRCA3_FP1-1,0.04026116008805736,1.3330417917677324,1.2493946415292008,0.08364715023853164,7.035498025081753
NGC 3379,outer,winsor_3.5,constant,stpsf_R2024052602-NRCA3_FP1-1,0.0492080845520701,1.238123815498128,1.1672958661396236,0.07082794935850445,7.069853817767778
NGC 3379,outer,winsor_3.5,constant,stpsf_R2024052602-NRCA3_FP1-1,0.058155009016082844,1.1450685849490145,1.0942212399116296,0.05084734503738497,6.061208593262716
NGC 3379,outer,winsor_3.5,constant,stpsf_R2024052602-NRCA3_FP1-1,0.06710193348009559,1.0568923248639763,1.023552661558279,0.033339663305697265,4.58828584127971
NGC 3379,outer,winsor_3.5,constant,stpsf_R2024052602-NRCA3_FP1-1,0.07604885794410833,0.9700000483472817,0.9577553385241684,0.01224470982311332,1.9390993554765479
NGC 3379,outer,winsor_3.5,constant,stpsf_R2024052602-NRCA3_FP1-1,0.08499578240812108,0.9144284034347372,0.8943665513777728,0.020061852056964424,3.596245833139883
NGC 3379,outer,winsor_3.5,constant,stpsf_R2024052602-NRCA3_FP1-1,0.09394270687213382,0.8485050309720653,0.8291296284894496,0.01937540248261571,3.864470816549332
NGC 3379,outer,winsor_3.5,constant,stpsf_R2024052602-NRCA3_FP1-1,0.10288963133614656,0.7817122433671794,0.7674379290418949,0.014274314325284476,3.243672334161241
NGC 3379,outer,winsor_3.5,constant,stpsf_R2024052602-NRCA3_FP1-1,0.1118365558001593,0.7097652438869406,0.7094736601522076,0.00029158373473303634,0.07720378794011241
NGC 3379,outer,winsor_3.5,constant,stpsf_R2024052602-NRCA3_FP1-1,0.12078348026417207,0.6595965484482821,0.6538055150231943,0.005791033425087799,1.6867077182793233
NGC 3379,outer,winsor_3.5,constant,stpsf_R2024052602-NRCA3_FP1-1,0.1297304047281848,0.6119594664550362,0.6048932567525587,0.007066209702477511,2.3316093925574215
NGC 3379,outer,winsor_3.5,constant,stpsf_R2024052602-NRCA3_FP1-1,0.13867732919219755,0.5668319510212735,0.5588243257847163,0.008007625236557181,2.9061736466780634
NGC 3379,outer,winsor_3.5,constant,stpsf_R2024052602-NRCA3_FP1-1,0.1476242536562103,0.5074303543071256,0.5138363970311266,-0.0064060427240010265,-2.72265357990936
NGC 3379,outer,winsor_3.5,constant,stpsf_R2024052602-NRCA3_FP1-1,0.15657117812022303,0.4733191722724241,0.4718542450124678,0.0014649272599562835,0.6821344484671052
NGC 3379,outer,winsor_3.5,constant,stpsf_R2024052602-NRCA3_FP1-1,0.16551810258423577,0.4194465008882115,0.4311334753520231,-0.011686974463811617,-6.412000799854629
NGC 3379,outer,winsor_3.5,constant,stpsf_R2024052602-NRCA3_FP1-1,0.17446502704824854,0.3817810712746637,0.3896702887471512,-0.007889217472487497,-4.808613337534485
NGC 3379,outer,winsor_3.5,constant,stpsf_R2024052602-NRCA3_FP1-1,0.18341195151226128,0.34399817695858736,0.3530782681383586,-0.00908009117977121,-6.300083790221165
NGC 3379,outer,winsor_3.5,constant,stpsf_R2024052602-NRCA3_FP1-1,0.19235887597627402,0.31161819306597205,0.3194973690645288,-0.007879175998556753,-6.122864077347464
NGC 3379,outer,winsor_3.5,constant,stpsf_R2024052602-NRCA3_FP1-1,0.20130580044028676,0.2752542582470208,0.28612903782483906,-0.010874779577818239,-9.778925240484357
NGC 3379,outer,winsor_3.5,constant,stpsf_R2024052602-NRCA3_FP1-1,0.2102527249042995,0.2509740776188415,0.2555606616067862,-0.0045865839879447035,-4.668816722574726
NGC 3379,outer,winsor_3.5,constant,stpsf_R2024052602-NRCA3_FP1-1,0.21919964936831227,0.223219569486952,0.2266165913520357,-0.003397021865083699,-3.993651111896556
NGC 3379,outer,winsor_3.5,constant,stpsf_R2024052602-NRCA3_FP1-1,0.228146573832325,0.2019276339786464,0.20115647857720043,0.0007711554014459832,1.022220194892311
NGC 3379,outer,winsor_3.5,constant,stpsf_R2024052602-NRCA3_FP1-1,0.23709349829633775,0.1810706556973193,0.17811029238920795,0.0029603633081113634,4.399274291411839
NGC 3379,outer,winsor_3.5,constant,stpsf_R2024052602-NRCA3_FP1-1,0.24604042276035049,0.1651737270594125,0.15832885486189796,0.006844872197514534,11.499489505576067
NGC 3379,outer,winsor_3.5,N(k),stpsf_R2024052602-NRCA3_FP1-1,0.04026116008805736,1.3330417917677324,1.2046474553750348,0.1283943363926976,10.799149732496172
NGC 3379,outer,winsor_3.5,N(k),stpsf_R2024052602-NRCA3_FP1-1,0.0492080845520701,1.238123815498128,1.091542672861498,0.1465811426366299,14.631332126205484
NGC 3379,outer,winsor_3.5,N(k),stpsf_R2024052602-NRCA3_FP1-1,0.058155009016082844,1.1450685849490145,1.0054287814663259,0.13963980348268867,16.645627735499133
NGC 3379,outer,winsor_3.5,N(k),stpsf_R2024052602-NRCA3_FP1-1,0.06710193348009559,1.0568923248639763,0.8390666907306422,0.2178256341333341,29.977695449340676
NGC 3379,outer,winsor_3.5,N(k),stpsf_R2024052602-NRCA3_FP1-1,0.07604885794410833,0.9700000483472817,0.744285484863525,0.22571456348375674,35.744657970321626
NGC 3379,outer,winsor_3.5,N(k),stpsf_R2024052602-NRCA3_FP1-1,0.08499578240812108,0.9144284034347372,0.726800384108373,0.1876280193263642,33.63380812333757
NGC 3379,outer,winsor_3.5,N(k),stpsf_R2024052602-NRCA3_FP1-1,0.09394270687213382,0.8485050309720653,0.6462533432407359,0.2022516877313294,40.33958755369578
NGC 3379,outer,winsor_3.5,N(k),stpsf_R2024052602-NRCA3_FP1-1,0.10288963133614656,0.7817122433671794,0.6214710789109916,0.16024116445618775,36.41294566560269
NGC 3379,outer,winsor_3.5,N(k),stpsf_R2024052602-NRCA3_FP1-1,0.1118365558001593,0.7097652438869406,0.5625706586754675,0.1471945852114731,38.973297166262824
NGC 3379,outer,winsor_3.5,N(k),stpsf_R2024052602-NRCA3_FP1-1,0.12078348026417207,0.6595965484482821,0.5220626598383138,0.1375338886099683,40.05838930896606
NGC 3379,outer,winsor_3.5,N(k),stpsf_R2024052602-NRCA3_FP1-1,0.1297304047281848,0.6119594664550362,0.4972802722226657,0.1146791942323705,37.84024217528703
NGC 3379,outer,winsor_3.5,N(k),stpsf_R2024052602-NRCA3_FP1-1,0.13867732919219755,0.5668319510212735,0.4476055687013144,0.11922638231995908,43.270327975038995
NGC 3379,outer,winsor_3.5,N(k),stpsf_R2024052602-NRCA3_FP1-1,0.1476242536562103,0.5074303543071256,0.4264721946091182,0.08095815969800735,34.40829741875103
NGC 3379,outer,winsor_3.5,N(k),stpsf_R2024052602-NRCA3_FP1-1,0.15657117812022303,0.4733191722724241,0.3986295209006403,0.0746896513717838,34.778780856472366
NGC 3379,outer,winsor_3.5,N(k),stpsf_R2024052602-NRCA3_FP1-1,0.16551810258423577,0.4194465008882115,0.3743544845772524,0.045092016310959104,24.73951197105895
NGC 3379,outer,winsor_3.5,N(k),stpsf_R2024052602-NRCA3_FP1-1,0.17446502704824854,0.3817810712746637,0.337847907911419,0.04393316336324471,26.778016456677758
NGC 3379,outer,winsor_3.5,N(k),stpsf_R2024052602-NRCA3_FP1-1,0.18341195151226128,0.34399817695858736,0.3063135158939826,0.037684661064604774,26.146931524434027
NGC 3379,outer,winsor_3.5,N(k),stpsf_R2024052602-NRCA3_FP1-1,0.19235887597627402,0.31161819306597205,0.2993602389795925,0.01225795408637953,9.52558830403275
NGC 3379,outer,winsor_3.5,N(k),stpsf_R2024052602-NRCA3_FP1-1,0.20130580044028676,0.2752542582470208,0.2886433703567082,-0.013389112109687351,-12.039887835902652
NGC 3379,outer,winsor_3.5,N(k),stpsf_R2024052602-NRCA3_FP1-1,0.2102527249042995,0.2509740776188415,0.27073118012770303,-0.019757102508861535,-20.111327041092853
NGC 3379,outer,winsor_3.5,N(k),stpsf_R2024052602-NRCA3_FP1-1,0.21919964936831227,0.223219569486952,0.24772791042693146,-0.024508340939979445,-28.812815146032975
NGC 3379,outer,winsor_3.5,N(k),stpsf_R2024052602-NRCA3_FP1-1,0.228146573832325,0.2019276339786464,0.246219687281011,-0.044292053302364603,-58.71220155370359
NGC 3379,outer,winsor_3.5,N(k),stpsf_R2024052602-NRCA3_FP1-1,0.23709349829633775,0.1810706556973193,0.2294694138322408,-0.04839875813492148,-71.92340609540145
NGC 3379,outer,winsor_3.5,N(k),stpsf_R2024052602-NRCA3_FP1-1,0.24604042276035049,0.1651737270594125,0.2042541848566029,-0.03908045779719041,-65.65576410251818
NGC 3379,outer,winsor_3.5,constant,stpsf_field_1280_1024,0.04026116008805736,1.3330417917677324,1.2528099116644662,0.0802318801032662,6.7482422581696575
NGC 3379,outer,winsor_3.5,constant,stpsf_field_1280_1024,0.0492080845520701,1.238123815498128,1.165335747488563,0.07278806800956494,7.265507545625056
NGC 3379,outer,winsor_3.5,constant,stpsf_field_1280_1024,0.058155009016082844,1.1450685849490145,1.0982635865872048,0.046804998361809735,5.579344566951625
NGC 3379,outer,winsor_3.5,constant,stpsf_field_1280_1024,0.06710193348009559,1.0568923248639763,1.0269208166838113,0.02997150818016503,4.124752111739245
NGC 3379,outer,winsor_3.5,constant,stpsf_field_1280_1024,0.07604885794410833,0.9700000483472817,0.9613332216355452,0.008666826711736464,1.372497865080651
NGC 3379,outer,winsor_3.5,constant,stpsf_field_1280_1024,0.08499578240812108,0.9144284034347372,0.894075171291316,0.020353232143421218,3.6484780208165146
NGC 3379,outer,winsor_3.5,constant,stpsf_field_1280_1024,0.09394270687213382,0.8485050309720653,0.8320628757901234,0.01644215518194192,3.2794275586688038
NGC 3379,outer,winsor_3.5,constant,stpsf_field_1280_1024,0.10288963133614656,0.7817122433671794,0.7656940210463485,0.016018222320830833,3.6399551950799265
NGC 3379,outer,winsor_3.5,constant,stpsf_field_1280_1024,0.1118365558001593,0.7097652438869406,0.7104860750247497,-0.0007208311378090748,-0.19085733418907516
NGC 3379,outer,winsor_3.5,constant,stpsf_field_1280_1024,0.12078348026417207,0.6595965484482821,0.653053886719474,0.00654266172880813,1.905628447638273
NGC 3379,outer,winsor_3.5,constant,stpsf_field_1280_1024,0.1297304047281848,0.6119594664550362,0.6042095883980172,0.0077498780570189885,2.5571967475837365
NGC 3379,outer,winsor_3.5,constant,stpsf_field_1280_1024,0.13867732919219755,0.5668319510212735,0.5584909894161272,0.008340961605146302,3.0271500087398784
NGC 3379,outer,winsor_3.5,constant,stpsf_field_1280_1024,0.1476242536562103,0.5074303543071256,0.5138360057385827,-0.0064056514314571045,-2.722487275360452
NGC 3379,outer,winsor_3.5,constant,stpsf_field_1280_1024,0.15657117812022303,0.4733191722724241,0.4694634202890691,0.0038557519833549714,1.7954074065563361
NGC 3379,outer,winsor_3.5,constant,stpsf_field_1280_1024,0.16551810258423577,0.4194465008882115,0.4298067720617034,-0.01036027117349192,-5.684111594223111
NGC 3379,outer,winsor_3.5,constant,stpsf_field_1280_1024,0.17446502704824854,0.3817810712746637,0.3903749253733912,-0.008593854098727483,-5.23810144467175
NGC 3379,outer,winsor_3.5,constant,stpsf_field_1280_1024,0.18341195151226128,0.34399817695858736,0.3530950620983298,-0.009096885139742439,-6.311736025082426
NGC 3379,outer,winsor_3.5,constant,stpsf_field_1280_1024,0.19235887597627402,0.31161819306597205,0.3182715041513477,-0.006653311085375646,-5.170251235348235
NGC 3379,outer,winsor_3.5,constant,stpsf_field_1280_1024,0.20130580044028676,0.2752542582470208,0.28585433073528116,-0.010600072488260337,-9.53190045505356
NGC 3379,outer,winsor_3.5,constant,stpsf_field_1280_1024,0.2102527249042995,0.2509740776188415,0.25578942202762944,-0.004815344408787947,-4.901678582534859
NGC 3379,outer,winsor_3.5,constant,stpsf_field_1280_1024,0.21919964936831227,0.223219569486952,0.22782436694996683,-0.004604797463014815,-5.4135519989579
NGC 3379,outer,winsor_3.5,constant,stpsf_field_1280_1024,0.228146573832325,0.2019276339786464,0.20169598658274696,0.0002316473958994536,0.3070647572961628
NGC 3379,outer,winsor_3.5,constant,stpsf_field_1280_1024,0.23709349829633775,0.1810706556973193,0.17832917383300867,0.002741481864310641,4.074003570098264
NGC 3379,outer,winsor_3.5,constant,stpsf_field_1280_1024,0.24604042276035049,0.1651737270594125,0.15767372670663338,0.007500000352779118,12.600114780801519
NGC 3379,outer,winsor_3.5,N(k),stpsf_field_1280_1024,0.04026116008805736,1.3330417917677324,1.1890586025899257,0.14398318917780673,12.11031625365285
NGC 3379,outer,winsor_3.5,N(k),stpsf_field_1280_1024,0.0492080845520701,1.238123815498128,1.0804280658359402,0.1576957496621878,15.740762056400037
NGC 3379,outer,winsor_3.5,N(k),stpsf_field_1280_1024,0.058155009016082844,1.1450685849490145,0.9943936551911012,0.1506749297579133,17.96105929161978
NGC 3379,outer,winsor_3.5,N(k),stpsf_field_1280_1024,0.06710193348009559,1.0568923248639763,0.8338701444581075,0.22302218040586885,30.692856831361937
NGC 3379,outer,winsor_3.5,N(k),stpsf_field_1280_1024,0.07604885794410833,0.9700000483472817,0.7415105221864516,0.22848952616083007,36.184107203199915
NGC 3379,outer,winsor_3.5,N(k),stpsf_field_1280_1024,0.08499578240812108,0.9144284034347372,0.7241849392509754,0.1902434641837618,34.10264732340326
NGC 3379,outer,winsor_3.5,N(k),stpsf_field_1280_1024,0.09394270687213382,0.8485050309720653,0.6445172743909419,0.20398775658112345,40.685850678375076
NGC 3379,outer,winsor_3.5,N(k),stpsf_field_1280_1024,0.10288963133614656,0.7817122433671794,0.6205204782682284,0.16119176509895095,36.628958633756625
NGC 3379,outer,winsor_3.5,N(k),stpsf_field_1280_1024,0.1118365558001593,0.7097652438869406,0.5618516955189568,0.14791354836798387,39.16365990759622
NGC 3379,outer,winsor_3.5,N(k),stpsf_field_1280_1024,0.12078348026417207,0.6595965484482821,0.5221502618691714,0.13744628657911073,40.03287417017507
NGC 3379,outer,winsor_3.5,N(k),stpsf_field_1280_1024,0.1297304047281848,0.6119594664550362,0.49709461165012436,0.11486485480491182,37.90150386337607
NGC 3379,outer,winsor_3.5,N(k),stpsf_field_1280_1024,0.13867732919219755,0.5668319510212735,0.44828725785224477,0.11854469316902871,43.02292540721953
NGC 3379,outer,winsor_3.5,N(k),stpsf_field_1280_1024,0.1476242536562103,0.5074303543071256,0.42674513152619775,0.08068522278092782,34.29229558947946
NGC 3379,outer,winsor_3.5,N(k),stpsf_field_1280_1024,0.15657117812022303,0.4733191722724241,0.3997040968285076,0.07361507544391649,34.2784111262281
NGC 3379,outer,winsor_3.5,N(k),stpsf_field_1280_1024,0.16551810258423577,0.4194465008882115,0.37506699970004365,0.04437950118816786,24.348594069133803
NGC 3379,outer,winsor_3.5,N(k),stpsf_field_1280_1024,0.17446502704824854,0.3817810712746637,0.3384495820385785,0.04333148923608521,26.41128575837995
NGC 3379,outer,winsor_3.5,N(k),stpsf_field_1280_1024,0.18341195151226128,0.34399817695858736,0.3075295630973987,0.03646861386118866,25.303195583604115
NGC 3379,outer,winsor_3.5,N(k),stpsf_field_1280_1024,0.19235887597627402,0.31161819306597205,0.300312658158879,0.011305534907093073,8.785468629018768
NGC 3379,outer,winsor_3.5,N(k),stpsf_field_1280_1024,0.20130580044028676,0.2752542582470208,0.2888535751202644,-0.013599316873243561,-12.228910211326491
NGC 3379,outer,winsor_3.5,N(k),stpsf_field_1280_1024,0.2102527249042995,0.2509740776188415,0.2707438496008104,-0.019769771981968887,-20.124223664825305
NGC 3379,outer,winsor_3.5,N(k),stpsf_field_1280_1024,0.21919964936831227,0.223219569486952,0.24768076228088243,-0.024461192793930414,-28.757386228183506
NGC 3379,outer,winsor_3.5,N(k),stpsf_field_1280_1024,0.228146573832325,0.2019276339786464,0.24571754453327666,-0.043789910554630246,-58.04657636779386
NGC 3379,outer,winsor_3.5,N(k),stpsf_field_1280_1024,0.23709349829633775,0.1810706556973193,0.22917746554583018,-0.04810680984851087,-71.48955374109454
NGC 3379,outer,winsor_3.5,N(k),stpsf_field_1280_1024,0.24604042276035049,0.1651737270594125,0.20482039026472681,-0.03964666320531432,-66.60699780869103
NGC 3379,outer,winsor_3.5,constant,stpsf_field_768_1024,0.04026116008805736,1.3330417917677324,1.2416484736682756,0.09139331809945683,7.68702229736218
NGC 3379,outer,winsor_3.5,constant,stpsf_field_768_1024,0.0492080845520701,1.238123815498128,1.1691959362455575,0.06892787925257049,6.880193972831851
NGC 3379,outer,winsor_3.5,constant,stpsf_field_768_1024,0.058155009016082844,1.1450685849490145,1.0974544175755265,0.047614167373488,5.67580077648194
NGC 3379,outer,winsor_3.5,constant,stpsf_field_768_1024,0.06710193348009559,1.0568923248639763,1.0197869487046882,0.037105376159288106,5.106532435734768
NGC 3379,outer,winsor_3.5,constant,stpsf_field_768_1024,0.07604885794410833,0.9700000483472817,0.9563162407463781,0.013683807600903597,2.1669980655066836
NGC 3379,outer,winsor_3.5,constant,stpsf_field_768_1024,0.08499578240812108,0.9144284034347372,0.8899656423121041,0.024462761122633125,4.38514363003817
NGC 3379,outer,winsor_3.5,constant,stpsf_field_768_1024,0.09394270687213382,0.8485050309720653,0.8283423129474865,0.020162718024578807,4.02150280275256
NGC 3379,outer,winsor_3.5,constant,stpsf_field_768_1024,0.10288963133614656,0.7817122433671794,0.7698657544000191,0.01184648896716023,2.6919771867191393
NGC 3379,outer,winsor_3.5,constant,stpsf_field_768_1024,0.1118365558001593,0.7097652438869406,0.7087688063868591,0.000996437500081493,0.2638307295237183
NGC 3379,outer,winsor_3.5,constant,stpsf_field_768_1024,0.12078348026417207,0.6595965484482821,0.6534123152544375,0.006184233193844535,1.801231851729231
NGC 3379,outer,winsor_3.5,constant,stpsf_field_768_1024,0.1297304047281848,0.6119594664550362,0.6052737066368807,0.006685759818155446,2.2060738422366186
NGC 3379,outer,winsor_3.5,constant,stpsf_field_768_1024,0.13867732919219755,0.5668319510212735,0.558155733099019,0.008676217922254481,3.14882316961835
NGC 3379,outer,winsor_3.5,constant,stpsf_field_768_1024,0.1476242536562103,0.5074303543071256,0.5149788765637044,-0.007548522256578871,-3.2082226157966924
NGC 3379,outer,winsor_3.5,constant,stpsf_field_768_1024,0.15657117812022303,0.4733191722724241,0.47240537930489784,0.0009137929675262502,0.4255021248872381
NGC 3379,outer,winsor_3.5,constant,stpsf_field_768_1024,0.16551810258423577,0.4194465008882115,0.42996020352017134,-0.010513702631959831,-5.7682910058805446
NGC 3379,outer,winsor_3.5,constant,stpsf_field_768_1024,0.17446502704824854,0.3817810712746637,0.39123446689293523,-0.00945339561827152,-5.7620067406606195
NGC 3379,outer,winsor_3.5,constant,stpsf_field_768_1024,0.18341195151226128,0.34399817695858736,0.3532674067907022,-0.009269229832114811,-6.431314780543029
NGC 3379,outer,winsor_3.5,constant,stpsf_field_768_1024,0.19235887597627402,0.31161819306597205,0.318504957232542,-0.00688676416656997,-5.351666333177326
NGC 3379,outer,winsor_3.5,constant,stpsf_field_768_1024,0.20130580044028676,0.2752542582470208,0.2860678080509674,-0.010813549803946554,-9.723865606686878
NGC 3379,outer,winsor_3.5,constant,stpsf_field_768_1024,0.2102527249042995,0.2509740776188415,0.25476317228953616,-0.0037890946706946593,-3.8570292419054426
NGC 3379,outer,winsor_3.5,constant,stpsf_field_768_1024,0.21919964936831227,0.223219569486952,0.2282982668844432,-0.0050786973974912,-5.970684415355429
NGC 3379,outer,winsor_3.5,constant,stpsf_field_768_1024,0.228146573832325,0.2019276339786464,0.20150694325824936,0.0004206907203970489,0.5576548506141544
NGC 3379,outer,winsor_3.5,constant,stpsf_field_768_1024,0.23709349829633775,0.1810706556973193,0.17810027275122486,0.0029703829460944464,4.414164063781147
NGC 3379,outer,winsor_3.5,constant,stpsf_field_768_1024,0.24604042276035049,0.1651737270594125,0.1576863099823898,0.00748741707702269,12.578974685949294
NGC 3379,outer,winsor_3.5,N(k),stpsf_field_768_1024,0.04026116008805736,1.3330417917677324,1.2014023832810419,0.13163940848669053,11.072090271933922
NGC 3379,outer,winsor_3.5,N(k),stpsf_field_768_1024,0.0492080845520701,1.238123815498128,1.0862859813421406,0.1518378341559874,15.156040817386794
NGC 3379,outer,winsor_3.5,N(k),stpsf_field_768_1024,0.058155009016082844,1.1450685849490145,1.00048263092803,0.14458595402098462,17.235228827242434
NGC 3379,outer,winsor_3.5,N(k),stpsf_field_768_1024,0.06710193348009559,1.0568923248639763,0.8386460700483724,0.2182462548156039,30.035582294307044
NGC 3379,outer,winsor_3.5,N(k),stpsf_field_768_1024,0.07604885794410833,0.9700000483472817,0.744092299826439,0.22590774852084272,35.77525118047627
NGC 3379,outer,winsor_3.5,N(k),stpsf_field_768_1024,0.08499578240812108,0.9144284034347372,0.727174123355372,0.18725428007936518,33.56681240400495
NGC 3379,outer,winsor_3.5,N(k),stpsf_field_768_1024,0.09394270687213382,0.8485050309720653,0.6461804044107556,0.20232462656130967,40.354135379481846
NGC 3379,outer,winsor_3.5,N(k),stpsf_field_768_1024,0.10288963133614656,0.7817122433671794,0.6201016219942317,0.16161062137294768,36.724138862872536
NGC 3379,outer,winsor_3.5,N(k),stpsf_field_768_1024,0.1118365558001593,0.7097652438869406,0.5626431308780764,0.14712211300886424,38.954108412243706
NGC 3379,outer,winsor_3.5,N(k),stpsf_field_768_1024,0.12078348026417207,0.6595965484482821,0.5221424073871423,0.13745414106113973,40.03516188196827
NGC 3379,outer,winsor_3.5,N(k),stpsf_field_768_1024,0.1297304047281848,0.6119594664550362,0.49700551992157277,0.11495394653346341,37.93090111025048
NGC 3379,outer,winsor_3.5,N(k),stpsf_field_768_1024,0.13867732919219755,0.5668319510212735,0.4480589144982826,0.11877303652299087,43.105797097399204
NGC 3379,outer,winsor_3.5,N(k),stpsf_field_768_1024,0.1476242536562103,0.5074303543071256,0.42621021968006023,0.08122013462706534,34.51964025693941
NGC 3379,outer,winsor_3.5,N(k),stpsf_field_768_1024,0.15657117812022303,0.4733191722724241,0.39859325783307065,0.07472591443935345,34.79566653282812
NGC 3379,outer,winsor_3.5,N(k),stpsf_field_768_1024,0.16551810258423577,0.4194465008882115,0.3748628287615605,0.044583672126650986,24.460611445822238
NGC 3379,outer,winsor_3.5,N(k),stpsf_field_768_1024,0.17446502704824854,0.3817810712746637,0.3376598081230061,0.0441212631516576,26.892666503340045
NGC 3379,outer,winsor_3.5,N(k),stpsf_field_768_1024,0.18341195151226128,0.34399817695858736,0.306735665550524,0.03726251140806336,25.85402937669469
NGC 3379,outer,winsor_3.5,N(k),stpsf_field_768_1024,0.19235887597627402,0.31161819306597205,0.2999139874373481,0.011704205628623954,9.095273441095404
NGC 3379,outer,winsor_3.5,N(k),stpsf_field_768_1024,0.20130580044028676,0.2752542582470208,0.2887103696901182,-0.013456111443097385,-12.100135629238657
NGC 3379,outer,winsor_3.5,N(k),stpsf_field_768_1024,0.2102527249042995,0.2509740776188415,0.27101911562178305,-0.02004503800294155,-20.404424922504592
NGC 3379,outer,winsor_3.5,N(k),stpsf_field_768_1024,0.21919964936831227,0.223219569486952,0.24729882061004432,-0.02407925112309231,-28.308362983999988
NGC 3379,outer,winsor_3.5,N(k),stpsf_field_768_1024,0.228146573832325,0.2019276339786464,0.24596363740032517,-0.044036003421678765,-58.372789603212105
NGC 3379,outer,winsor_3.5,N(k),stpsf_field_768_1024,0.23709349829633775,0.1810706556973193,0.2293757936445765,-0.04830513794725719,-71.78428098071699
NGC 3379,outer,winsor_3.5,N(k),stpsf_field_768_1024,0.24604042276035049,0.1651737270594125,0.20460371397987748,-0.03942998692046498,-66.2429783512296
NGC 3379,outer,winsor_3.5,constant,stpsf_field_1024_1280,0.04026116008805736,1.3330417917677324,1.2483880882016443,0.08465370356608815,7.120158457959251
NGC 3379,outer,winsor_3.5,constant,stpsf_field_1024_1280,0.0492080845520701,1.238123815498128,1.1711195724672019,0.06700424303092611,6.688181822137615
NGC 3379,outer,winsor_3.5,constant,stpsf_field_1024_1280,0.058155009016082844,1.1450685849490145,1.0970873359683382,0.04798124898067635,5.719558384480604
NGC 3379,outer,winsor_3.5,constant,stpsf_field_1024_1280,0.06710193348009559,1.0568923248639763,1.0232102131444742,0.033682111719502084,4.635414427853074
NGC 3379,outer,winsor_3.5,constant,stpsf_field_1024_1280,0.07604885794410833,0.9700000483472817,0.9614681769382294,0.008531871409052316,1.3511260445774815
NGC 3379,outer,winsor_3.5,constant,stpsf_field_1024_1280,0.08499578240812108,0.9144284034347372,0.8967970396745939,0.017631363760143293,3.1605615610637185
NGC 3379,outer,winsor_3.5,constant,stpsf_field_1024_1280,0.09394270687213382,0.8485050309720653,0.8341906832168302,0.014314347755235102,2.855031228779747
NGC 3379,outer,winsor_3.5,constant,stpsf_field_1024_1280,0.10288963133614656,0.7817122433671794,0.7709384204968803,0.010773822870299044,2.448226260202253
NGC 3379,outer,winsor_3.5,constant,stpsf_field_1024_1280,0.1118365558001593,0.7097652438869406,0.7108639987724981,-0.0010987548855574403,-0.29092171159822966
NGC 3379,outer,winsor_3.5,constant,stpsf_field_1024_1280,0.12078348026417207,0.6595965484482821,0.6562577070023614,0.0033388414459206706,0.9724774877913794
NGC 3379,outer,winsor_3.5,constant,stpsf_field_1024_1280,0.1297304047281848,0.6119594664550362,0.6059289980361835,0.006030468418852686,1.989849919397092
NGC 3379,outer,winsor_3.5,constant,stpsf_field_1024_1280,0.13867732919219755,0.5668319510212735,0.5583703223617571,0.008461628659516385,3.0709431937445473
NGC 3379,outer,winsor_3.5,constant,stpsf_field_1024_1280,0.1476242536562103,0.5074303543071256,0.5142332205820337,-0.006802866274908115,-2.891308880540064
NGC 3379,outer,winsor_3.5,constant,stpsf_field_1024_1280,0.15657117812022303,0.4733191722724241,0.4695816370884453,0.0037375351839787907,1.740360474571178
NGC 3379,outer,winsor_3.5,constant,stpsf_field_1024_1280,0.16551810258423577,0.4194465008882115,0.42908863857599405,-0.009642137687782548,-5.290111205240564
NGC 3379,outer,winsor_3.5,constant,stpsf_field_1024_1280,0.17446502704824854,0.3817810712746637,0.3890675939154395,-0.007286522640775783,-4.441260502308578
NGC 3379,outer,winsor_3.5,constant,stpsf_field_1024_1280,0.18341195151226128,0.34399817695858736,0.35329099188298335,-0.009292814924395987,-6.447678939738096
NGC 3379,outer,winsor_3.5,constant,stpsf_field_1024_1280,0.19235887597627402,0.31161819306597205,0.31690669919797376,-0.0052885061320017135,-4.109668856793698
NGC 3379,outer,winsor_3.5,constant,stpsf_field_1024_1280,0.20130580044028676,0.2752542582470208,0.28541777240458555,-0.010163514157564724,-9.139334219716629
NGC 3379,outer,winsor_3.5,constant,stpsf_field_1024_1280,0.2102527249042995,0.2509740776188415,0.25498811146516337,-0.004014033846321874,-4.086001345652117
NGC 3379,outer,winsor_3.5,constant,stpsf_field_1024_1280,0.21919964936831227,0.223219569486952,0.22692051889276177,-0.003700949405809756,-4.350958367829303
NGC 3379,outer,winsor_3.5,constant,stpsf_field_1024_1280,0.228146573832325,0.2019276339786464,0.20216237982670154,-0.00023474584805513454,-0.31117197143290576
NGC 3379,outer,winsor_3.5,constant,stpsf_field_1024_1280,0.23709349829633775,0.1810706556973193,0.17847777919432528,0.0025928765029940293,3.8531672478080727
NGC 3379,outer,winsor_3.5,constant,stpsf_field_1024_1280,0.24604042276035049,0.1651737270594125,0.15829868274676823,0.006875044312644268,11.550179118366996
NGC 3379,outer,winsor_3.5,N(k),stpsf_field_1024_1280,0.04026116008805736,1.3330417917677324,1.1074755867156432,0.22556620505208924,18.972201511273116
NGC 3379,outer,winsor_3.5,N(k),stpsf_field_1024_1280,0.0492080845520701,1.238123815498128,1.0138133475978164,0.22431046790031162,22.390062570121263
NGC 3379,outer,winsor_3.5,N(k),stpsf_field_1024_1280,0.058155009016082844,1.1450685849490145,0.9404961066748084,0.2045724782742061,24.385864440886806
NGC 3379,outer,winsor_3.5,N(k),stpsf_field_1024_1280,0.06710193348009559,1.0568923248639763,0.8132247236354363,0.24366760122854003,33.534130037373465
NGC 3379,outer,winsor_3.5,N(k),stpsf_field_1024_1280,0.07604885794410833,0.9700000483472817,0.7353459004163195,0.23465414793096218,37.16035035423447
NGC 3379,outer,winsor_3.5,N(k),stpsf_field_1024_1280,0.08499578240812108,0.9144284034347372,0.7106257131366204,0.20380269029811682,36.533245967830155
NGC 3379,outer,winsor_3.5,N(k),stpsf_field_1024_1280,0.09394270687213382,0.8485050309720653,0.6425733337421926,0.2059316972298727,41.07357433536418
NGC 3379,outer,winsor_3.5,N(k),stpsf_field_1024_1280,0.10288963133614656,0.7817122433671794,0.6132496271891016,0.16846261617807778,38.28117519237582
NGC 3379,outer,winsor_3.5,N(k),stpsf_field_1024_1280,0.1118365558001593,0.7097652438869406,0.5615240711341323,0.14824117275280835,39.250406322149
NGC 3379,outer,winsor_3.5,N(k),stpsf_field_1024_1280,0.12078348026417207,0.6595965484482821,0.5226621810414717,0.13693436740681042,39.88377159112356
NGC 3379,outer,winsor_3.5,N(k),stpsf_field_1024_1280,0.1297304047281848,0.6119594664550362,0.49593103039317155,0.11602843606186464,38.28544618916973
NGC 3379,outer,winsor_3.5,N(k),stpsf_field_1024_1280,0.13867732919219755,0.5668319510212735,0.45287085287296924,0.11396109814830424,41.3594206023916
NGC 3379,outer,winsor_3.5,N(k),stpsf_field_1024_1280,0.1476242536562103,0.5074303543071256,0.4293468018189733,0.0780835524881523,33.18655102273935
NGC 3379,outer,winsor_3.5,N(k),stpsf_field_1024_1280,0.15657117812022303,0.4733191722724241,0.4019833735328997,0.07133579873952439,33.217079823197516
NGC 3379,outer,winsor_3.5,N(k),stpsf_field_1024_1280,0.16551810258423577,0.4194465008882115,0.3772113950413002,0.042235105846911314,23.172082159578636
NGC 3379,outer,winsor_3.5,N(k),stpsf_field_1024_1280,0.17446502704824854,0.3817810712746637,0.3439427589523181,0.037838312322345635,23.063100229845393
NGC 3379,outer,winsor_3.5,N(k),stpsf_field_1024_1280,0.18341195151226128,0.34399817695858736,0.31506070211287773,0.028937474845709632,20.077828801051925
NGC 3379,outer,winsor_3.5,N(k),stpsf_field_1024_1280,0.19235887597627402,0.31161819306597205,0.30359860099161634,0.008019592074355708,6.231980633006203
NGC 3379,outer,winsor_3.5,N(k),stpsf_field_1024_1280,0.20130580044028676,0.2752542582470208,0.28948033608719365,-0.014226077840172824,-12.792512314283744
NGC 3379,outer,winsor_3.5,N(k),stpsf_field_1024_1280,0.2102527249042995,0.2509740776188415,0.27109645229629437,-0.02012237467745287,-20.48314816406646
NGC 3379,outer,winsor_3.5,N(k),stpsf_field_1024_1280,0.21919964936831227,0.223219569486952,0.24956184715388746,-0.02634227766693545,-30.968851739154907
NGC 3379,outer,winsor_3.5,N(k),stpsf_field_1024_1280,0.228146573832325,0.2019276339786464,0.24334192550786862,-0.041414291529222214,-54.89752788990081
NGC 3379,outer,winsor_3.5,N(k),stpsf_field_1024_1280,0.23709349829633775,0.1810706556973193,0.22729967375893653,-0.04622901806161722,-68.6990445120176
NGC 3379,outer,winsor_3.5,N(k),stpsf_field_1024_1280,0.24604042276035049,0.1651737270594125,0.2061633887068104,-0.040989661647397896,-68.86325563865505
NGC 3379,outer,winsor_3.5,constant,stpsf_field_1024_768,0.04026116008805736,1.3330417917677324,1.2466223498609539,0.08641944190677853,7.268673363408066
NGC 3379,outer,winsor_3.5,constant,stpsf_field_1024_768,0.0492080845520701,1.238123815498128,1.163706942443645,0.07441687305448297,7.428090447848109
NGC 3379,outer,winsor_3.5,constant,stpsf_field_1024_768,0.058155009016082844,1.1450685849490145,1.0892996289180457,0.055768956030968875,6.647884472309579
NGC 3379,outer,winsor_3.5,constant,stpsf_field_1024_768,0.06710193348009559,1.0568923248639763,1.024191808945148,0.03270051591882828,4.500324817835278
NGC 3379,outer,winsor_3.5,constant,stpsf_field_1024_768,0.07604885794410833,0.9700000483472817,0.9555374769736811,0.01446257137360063,2.2903248206131877
NGC 3379,outer,winsor_3.5,constant,stpsf_field_1024_768,0.08499578240812108,0.9144284034347372,0.893798554797911,0.020629848636826154,3.6980637175388633
NGC 3379,outer,winsor_3.5,constant,stpsf_field_1024_768,0.09394270687213382,0.8485050309720653,0.8296567069060623,0.018848324066003008,3.7593437534671392
NGC 3379,outer,winsor_3.5,constant,stpsf_field_1024_768,0.10288963133614656,0.7817122433671794,0.7660702824118971,0.015641960955282252,3.5544541647655095
NGC 3379,outer,winsor_3.5,constant,stpsf_field_1024_768,0.1118365558001593,0.7097652438869406,0.7078962351493094,0.0018690087376311837,0.4948648948831321
NGC 3379,outer,winsor_3.5,constant,stpsf_field_1024_768,0.12078348026417207,0.6595965484482821,0.6538311484007038,0.005765400047578306,1.6792416906263792
NGC 3379,outer,winsor_3.5,constant,stpsf_field_1024_768,0.1297304047281848,0.6119594664550362,0.6062331160037416,0.0057263504512945484,1.889501311096462
NGC 3379,outer,winsor_3.5,constant,stpsf_field_1024_768,0.13867732919219755,0.5668319510212735,0.5571917143860298,0.009640236635243715,3.498690414379463
NGC 3379,outer,winsor_3.5,constant,stpsf_field_1024_768,0.1476242536562103,0.5074303543071256,0.513828308848713,-0.006397954541587425,-2.71921599453066
NGC 3379,outer,winsor_3.5,constant,stpsf_field_1024_768,0.15657117812022303,0.4733191722724241,0.4711136703641118,0.002205501908312313,1.0269785189639133
NGC 3379,outer,winsor_3.5,constant,stpsf_field_1024_768,0.16551810258423577,0.4194465008882115,0.4307528380650334,-0.01130633717682189,-6.203166032893341
NGC 3379,outer,winsor_3.5,constant,stpsf_field_1024_768,0.17446502704824854,0.3817810712746637,0.39064073999791205,-0.008859668723248337,-5.400120016632815
NGC 3379,outer,winsor_3.5,constant,stpsf_field_1024_768,0.18341195151226128,0.34399817695858736,0.3542576755956667,-0.010259498637079312,-7.118397797948998
NGC 3379,outer,winsor_3.5,constant,stpsf_field_1024_768,0.19235887597627402,0.31161819306597205,0.31924151826627034,-0.007623325200298292,-5.924043837502035
NGC 3379,outer,winsor_3.5,constant,stpsf_field_1024_768,0.20130580044028676,0.2752542582470208,0.2862411597526493,-0.010986901505628477,-9.87974861276785
NGC 3379,outer,winsor_3.5,constant,stpsf_field_1024_768,0.2102527249042995,0.2509740776188415,0.2560074750870226,-0.0050333974681811,-5.1236411090642235
NGC 3379,outer,winsor_3.5,constant,stpsf_field_1024_768,0.21919964936831227,0.223219569486952,0.22689460842888445,-0.0036750389419324403,-4.320497170644502
NGC 3379,outer,winsor_3.5,constant,stpsf_field_1024_768,0.228146573832325,0.2019276339786464,0.20162574165305927,0.00030189232558713863,0.40017930409295627
NGC 3379,outer,winsor_3.5,constant,stpsf_field_1024_768,0.23709349829633775,0.1810706556973193,0.17877893879112708,0.0022917169061922316,3.4056263435575924
NGC 3379,outer,winsor_3.5,constant,stpsf_field_1024_768,0.24604042276035049,0.1651737270594125,0.15715187430700708,0.008021852752405412,13.47683475742012
NGC 3379,outer,winsor_3.5,N(k),stpsf_field_1024_768,0.04026116008805736,1.3330417917677324,1.2372757418816915,0.09576604988604087,8.054809433696118
NGC 3379,outer,winsor_3.5,N(k),stpsf_field_1024_768,0.0492080845520701,1.238123815498128,1.118349927336475,0.11977388816165302,11.9555046864685
NGC 3379,outer,winsor_3.5,N(k),stpsf_field_1024_768,0.058155009016082844,1.1450685849490145,1.028767290865328,0.1163012940836865,13.863583292093722
NGC 3379,outer,winsor_3.5,N(k),stpsf_field_1024_768,0.06710193348009559,1.0568923248639763,0.8477861337789111,0.20910619108506523,28.777704414176856
NGC 3379,outer,winsor_3.5,N(k),stpsf_field_1024_768,0.07604885794410833,0.9700000483472817,0.7488977106064645,0.22110233774081722,35.01425569091731
NGC 3379,outer,winsor_3.5,N(k),stpsf_field_1024_768,0.08499578240812108,0.9144284034347372,0.7328524197630338,0.18157598367170336,32.54893281156233
NGC 3379,outer,winsor_3.5,N(k),stpsf_field_1024_768,0.09394270687213382,0.8485050309720653,0.6478393853958391,0.20066564557622624,40.02324761558546
NGC 3379,outer,winsor_3.5,N(k),stpsf_field_1024_768,0.10288963133614656,0.7817122433671794,0.6252265407693073,0.1564857025978721,35.55956052539748
NGC 3379,outer,winsor_3.5,N(k),stpsf_field_1024_768,0.1118365558001593,0.7097652438869406,0.5641363211517157,0.14562892273522487,38.5587504703961
NGC 3379,outer,winsor_3.5,N(k),stpsf_field_1024_768,0.12078348026417207,0.6595965484482821,0.5223267250391523,0.13726982340912974,39.981477162257704
NGC 3379,outer,winsor_3.5,N(k),stpsf_field_1024_768,0.1297304047281848,0.6119594664550362,0.49751581541906614,0.11444365103597004,37.762520914214385
NGC 3379,outer,winsor_3.5,N(k),stpsf_field_1024_768,0.13867732919219755,0.5668319510212735,0.4470503879898966,0.11978156303137688,43.4718173685861
NGC 3379,outer,winsor_3.5,N(k),stpsf_field_1024_768,0.1476242536562103,0.5074303543071256,0.4258728878800753,0.08155746642705025,34.663010770127705
NGC 3379,outer,winsor_3.5,N(k),stpsf_field_1024_768,0.15657117812022303,0.4733191722724241,0.39817124507338486,0.07514792719903923,34.992174201804765
NGC 3379,outer,winsor_3.5,N(k),stpsf_field_1024_768,0.16551810258423577,0.4194465008882115,0.37383351023114847,0.045612990657063035,25.025341972165382
NGC 3379,outer,winsor_3.5,N(k),stpsf_field_1024_768,0.17446502704824854,0.3817810712746637,0.3356591573398967,0.046121913934767,28.112097463756374
NGC 3379,outer,winsor_3.5,N(k),stpsf_field_1024_768,0.18341195151226128,0.34399817695858736,0.3031532809498083,0.04084489600877905,28.33961269369785
NGC 3379,outer,winsor_3.5,N(k),stpsf_field_1024_768,0.19235887597627402,0.31161819306597205,0.29820775708451464,0.013410435981457414,10.421175608651692
NGC 3379,outer,winsor_3.5,N(k),stpsf_field_1024_768,0.20130580044028676,0.2752542582470208,0.28831870525497383,-0.013064447007953006,-11.747939320042125
NGC 3379,outer,winsor_3.5,N(k),stpsf_field_1024_768,0.2102527249042995,0.2509740776188415,0.2703619411462787,-0.01938786352743721,-19.73546798441114
NGC 3379,outer,winsor_3.5,N(k),stpsf_field_1024_768,0.21919964936831227,0.223219569486952,0.24692986960155267,-0.023710300114600652,-27.874611991566574
NGC 3379,outer,winsor_3.5,N(k),stpsf_field_1024_768,0.228146573832325,0.2019276339786464,0.24675501003112327,-0.04482737605247686,-59.421809143722356
NGC 3379,outer,winsor_3.5,N(k),stpsf_field_1024_768,0.23709349829633775,0.1810706556973193,0.22967202458410999,-0.048601368886790675,-72.22449760988535
NGC 3379,outer,winsor_3.5,N(k),stpsf_field_1024_768,0.24604042276035049,0.1651737270594125,0.2039817070246985,-0.03880797996528601,-65.19799719642101
NGC 3379,outer,winsor_4.0,constant,stpsf_R2024052602-NRCA3_FP1-1,0.04026116008805736,1.3378336289679948,1.254762910213216,0.08307071875477878,6.962811184149713
NGC 3379,outer,winsor_4.0,constant,stpsf_R2024052602-NRCA3_FP1-1,0.0492080845520701,1.24304182526846,1.1723464037013545,0.07069542156710562,7.027773637659661
NGC 3379,outer,winsor_4.0,constant,stpsf_R2024052602-NRCA3_FP1-1,0.058155009016082844,1.149426955389347,1.0989889707823746,0.050437984606972464,5.990176280313634
NGC 3379,outer,winsor_4.0,constant,stpsf_R2024052602-NRCA3_FP1-1,0.06710193348009559,1.0608574200792604,1.0280468974030155,0.03281052267624496,4.4986313085370915
NGC 3379,outer,winsor_4.0,constant,stpsf_R2024052602-NRCA3_FP1-1,0.07604885794410833,0.9737693752369664,0.9619949316267723,0.011774443610194085,1.8578160593210897
NGC 3379,outer,winsor_4.0,constant,stpsf_R2024052602-NRCA3_FP1-1,0.08499578240812108,0.9181427249447641,0.8983608230321004,0.019781901912663713,3.5315522747921144
NGC 3379,outer,winsor_4.0,constant,stpsf_R2024052602-NRCA3_FP1-1,0.09394270687213382,0.8518939162343833,0.8328714262106972,0.019022490023686056,3.7792505308021345
NGC 3379,outer,winsor_4.0,constant,stpsf_R2024052602-NRCA3_FP1-1,0.10288963133614656,0.7852061737596221,0.7709409732274398,0.014265200532182276,3.2271567844192113
NGC 3379,outer,winsor_4.0,constant,stpsf_R2024052602-NRCA3_FP1-1,0.1118365558001593,0.7129547100795817,0.7127523763606384,0.00020233371894329277,0.05332723598631851
NGC 3379,outer,winsor_4.0,constant,stpsf_R2024052602-NRCA3_FP1-1,0.12078348026417207,0.6625255384727092,0.6568687895013019,0.005656748971407333,1.640434923793015
NGC 3379,outer,winsor_4.0,constant,stpsf_R2024052602-NRCA3_FP1-1,0.1297304047281848,0.61496821888009,0.607767235511698,0.007200983368392033,2.3646874968477505
NGC 3379,outer,winsor_4.0,constant,stpsf_R2024052602-NRCA3_FP1-1,0.13867732919219755,0.5695093611441583,0.5615200128084504,0.007989348335707858,2.886226477542076
NGC 3379,outer,winsor_4.0,constant,stpsf_R2024052602-NRCA3_FP1-1,0.1476242536562103,0.5097326280955402,0.5163579759147052,-0.006625347819165017,-2.8028945328445283
NGC 3379,outer,winsor_4.0,constant,stpsf_R2024052602-NRCA3_FP1-1,0.15657117812022303,0.4757640206374526,0.4742133484362908,0.0015506722011617846,0.7184261497524508
NGC 3379,outer,winsor_4.0,constant,stpsf_R2024052602-NRCA3_FP1-1,0.16551810258423577,0.42158722751151634,0.433334985001967,-0.01174775749045065,-6.413433756132733
NGC 3379,outer,winsor_4.0,constant,stpsf_R2024052602-NRCA3_FP1-1,0.17446502704824854,0.38394015029319906,0.39171133138950653,-0.007771181096307478,-4.709691757860163
NGC 3379,outer,winsor_4.0,constant,stpsf_R2024052602-NRCA3_FP1-1,0.18341195151226128,0.3459920204651326,0.3549776957113111,-0.008985675246178493,-6.199167559923436
NGC 3379,outer,winsor_4.0,constant,stpsf_R2024052602-NRCA3_FP1-1,0.19235887597627402,0.3135660576668552,0.32126683493343133,-0.007700777266576142,-5.9455589872148416
NGC 3379,outer,winsor_4.0,constant,stpsf_R2024052602-NRCA3_FP1-1,0.20130580044028676,0.2769310744289203,0.2877693646501538,-0.010838290221233504,-9.689082497383946
NGC 3379,outer,winsor_4.0,constant,stpsf_R2024052602-NRCA3_FP1-1,0.2102527249042995,0.25261085816823914,0.2570826855166666,-0.004471827348427437,-4.523931419151627
NGC 3379,outer,winsor_4.0,constant,stpsf_R2024052602-NRCA3_FP1-1,0.21919964936831227,0.22463675439672864,0.22802659858588317,-0.0033898441891545283,-3.9596276322140818
NGC 3379,outer,winsor_4.0,constant,stpsf_R2024052602-NRCA3_FP1-1,0.228146573832325,0.2031737282111189,0.20246795242651142,0.0007057757846074819,0.9296575999888715
NGC 3379,outer,winsor_4.0,constant,stpsf_R2024052602-NRCA3_FP1-1,0.23709349829633775,0.18223308315497605,0.17933257501042646,0.0029005081445495906,4.282853651990717
NGC 3379,outer,winsor_4.0,constant,stpsf_R2024052602-NRCA3_FP1-1,0.24604042276035049,0.16632819466666046,0.15947458118472926,0.006853613481931198,11.43136140658478
NGC 3379,outer,winsor_4.0,N(k),stpsf_R2024052602-NRCA3_FP1-1,0.04026116008805736,1.3378336289679948,1.2098961250144953,0.12793750395349957,10.723449811831317
NGC 3379,outer,winsor_4.0,N(k),stpsf_R2024052602-NRCA3_FP1-1,0.0492080845520701,1.24304182526846,1.0965051060355921,0.14653671923286793,14.567094580465168
NGC 3379,outer,winsor_4.0,N(k),stpsf_R2024052602-NRCA3_FP1-1,0.058155009016082844,1.149426955389347,1.010130827124555,0.13929612826479199,16.543253462112663
NGC 3379,outer,winsor_4.0,N(k),stpsf_R2024052602-NRCA3_FP1-1,0.06710193348009559,1.0608574200792604,0.8435489584977491,0.2173084615815113,29.795034310392097
NGC 3379,outer,winsor_4.0,N(k),stpsf_R2024052602-NRCA3_FP1-1,0.07604885794410833,0.9737693752369664,0.7485399451765357,0.22522943006043072,35.5375477645272
NGC 3379,outer,winsor_4.0,N(k),stpsf_R2024052602-NRCA3_FP1-1,0.08499578240812108,0.9181427249447641,0.730806909203157,0.18733581574160707,33.44401509790034
NGC 3379,outer,winsor_4.0,N(k),stpsf_R2024052602-NRCA3_FP1-1,0.09394270687213382,0.8518939162343833,0.6500288238619207,0.20186509237246253,40.10509436720006
NGC 3379,outer,winsor_4.0,N(k),stpsf_R2024052602-NRCA3_FP1-1,0.10288963133614656,0.7852061737596221,0.6250082564149193,0.1601979173447028,36.24090629798514
NGC 3379,outer,winsor_4.0,N(k),stpsf_R2024052602-NRCA3_FP1-1,0.1118365558001593,0.7129547100795817,0.5658976643619857,0.14705704571759592,38.758472000561376
NGC 3379,outer,winsor_4.0,N(k),stpsf_R2024052602-NRCA3_FP1-1,0.12078348026417207,0.6625255384727092,0.5251816269300866,0.1373439115426226,39.829193447275024
NGC 3379,outer,winsor_4.0,N(k),stpsf_R2024052602-NRCA3_FP1-1,0.1297304047281848,0.61496821888009,0.5002122802366664,0.1147559386434236,37.68401056031407
NGC 3379,outer,winsor_4.0,N(k),stpsf_R2024052602-NRCA3_FP1-1,0.13867732919219755,0.5695093611441583,0.45037163948916886,0.11913772165498943,43.03961127565512
NGC 3379,outer,winsor_4.0,N(k),stpsf_R2024052602-NRCA3_FP1-1,0.1476242536562103,0.5097326280955402,0.4290656660871939,0.08066696200834633,34.126659152947894
NGC 3379,outer,winsor_4.0,N(k),stpsf_R2024052602-NRCA3_FP1-1,0.15657117812022303,0.4757640206374526,0.401065056419032,0.0746989642184206,34.60801658385888
NGC 3379,outer,winsor_4.0,N(k),stpsf_R2024052602-NRCA3_FP1-1,0.16551810258423577,0.42158722751151634,0.3766357763524281,0.04495145115908822,24.54027115261716
NGC 3379,outer,winsor_4.0,N(k),stpsf_R2024052602-NRCA3_FP1-1,0.17446502704824854,0.38394015029319906,0.3399766894830737,0.043963460810125365,26.64387130584807
NGC 3379,outer,winsor_4.0,N(k),stpsf_R2024052602-NRCA3_FP1-1,0.18341195151226128,0.3459920204651326,0.3083074409368205,0.03768457952831211,25.998382594632524
NGC 3379,outer,winsor_4.0,N(k),stpsf_R2024052602-NRCA3_FP1-1,0.19235887597627402,0.3135660576668552,0.30122192707101836,0.012344130595836833,9.530564781035757
NGC 3379,outer,winsor_4.0,N(k),stpsf_R2024052602-NRCA3_FP1-1,0.20130580044028676,0.2769310744289203,0.29037512673140636,-0.013444052302486076,-12.018549900309576
NGC 3379,outer,winsor_4.0,N(k),stpsf_R2024052602-NRCA3_FP1-1,0.2102527249042995,0.25261085816823914,0.27234702861020765,-0.019736170441968515,-19.966128966841936
NGC 3379,outer,winsor_4.0,N(k),stpsf_R2024052602-NRCA3_FP1-1,0.21919964936831227,0.22463675439672864,0.24923634006061426,-0.02459958566388562,-28.734417778662866
NGC 3379,outer,winsor_4.0,N(k),stpsf_R2024052602-NRCA3_FP1-1,0.228146573832325,0.2031737282111189,0.2476264073121593,-0.04445267910104039,-58.55368215719112
NGC 3379,outer,winsor_4.0,N(k),stpsf_R2024052602-NRCA3_FP1-1,0.23709349829633775,0.18223308315497605,0.23078999986982196,-0.04855691671484591,-71.69852926369926
NGC 3379,outer,winsor_4.0,N(k),stpsf_R2024052602-NRCA3_FP1-1,0.24604042276035049,0.16632819466666046,0.20550501768483587,-0.039176823018175405,-65.3442777103298
NGC 3379,outer,winsor_4.0,constant,stpsf_field_1280_1024,0.04026116008805736,1.3378336289679948,1.2581892466136866,0.07964438235430826,6.675622945412065
NGC 3379,outer,winsor_4.0,constant,stpsf_field_1280_1024,0.0492080845520701,1.24304182526846,1.1703767240616392,0.0726651012068209,7.223577868538834
NGC 3379,outer,winsor_4.0,constant,stpsf_field_1280_1024,0.058155009016082844,1.149426955389347,1.103045121670775,0.04638183371857196,5.50845483504972
NGC 3379,outer,winsor_4.0,constant,stpsf_field_1280_1024,0.06710193348009559,1.0608574200792604,1.0314263911565935,0.029431028922666913,4.035270923916981
NGC 3379,outer,winsor_4.0,constant,stpsf_field_1280_1024,0.07604885794410833,0.9737693752369664,0.9655850970605593,0.0081842781764071,1.291346235410745
NGC 3379,outer,winsor_4.0,constant,stpsf_field_1280_1024,0.08499578240812108,0.9181427249447641,0.8980668861888017,0.020075838755962416,3.58402717493972
NGC 3379,outer,winsor_4.0,constant,stpsf_field_1280_1024,0.09394270687213382,0.8518939162343833,0.8358147212381042,0.016079194996279078,3.194497994158161
NGC 3379,outer,winsor_4.0,constant,stpsf_field_1280_1024,0.10288963133614656,0.7852061737596221,0.7691891454598476,0.01601702829977447,3.6234654694997332
NGC 3379,outer,winsor_4.0,constant,stpsf_field_1280_1024,0.1118365558001593,0.7129547100795817,0.7137676498588716,-0.0008129397792899784,-0.21425905518502528
NGC 3379,outer,winsor_4.0,constant,stpsf_field_1280_1024,0.12078348026417207,0.6625255384727092,0.6561133083937861,0.006412230078923109,1.8595214696692723
NGC 3379,outer,winsor_4.0,constant,stpsf_field_1280_1024,0.1297304047281848,0.61496821888009,0.607080075686735,0.007888143193354957,2.59033976728047
NGC 3379,outer,winsor_4.0,constant,stpsf_field_1280_1024,0.13867732919219755,0.5695093611441583,0.5611846328212041,0.008324728322954167,3.0073856207605143
NGC 3379,outer,winsor_4.0,constant,stpsf_field_1280_1024,0.1476242536562103,0.5097326280955402,0.516356919425048,-0.006624291329507814,-2.802447578335119
NGC 3379,outer,winsor_4.0,constant,stpsf_field_1280_1024,0.15657117812022303,0.4757640206374526,0.47181269660009384,0.003951324037358761,1.8306477103653147
NGC 3379,outer,winsor_4.0,constant,stpsf_field_1280_1024,0.16551810258423577,0.42158722751151634,0.43200265269042637,-0.010415425178910032,-5.686075787757343
NGC 3379,outer,winsor_4.0,constant,stpsf_field_1280_1024,0.17446502704824854,0.38394015029319906,0.39241827987351907,-0.008478129580320015,-5.1381349259093065
NGC 3379,outer,winsor_4.0,constant,stpsf_field_1280_1024,0.18341195151226128,0.3459920204651326,0.3549942145461207,-0.009002194080988069,-6.2105638125225715
NGC 3379,outer,winsor_4.0,constant,stpsf_field_1280_1024,0.19235887597627402,0.3135660576668552,0.32003595576913324,-0.006469898102278049,-4.995230932768747
NGC 3379,outer,winsor_4.0,constant,stpsf_field_1280_1024,0.20130580044028676,0.2769310744289203,0.2874933896470079,-0.010562315218087592,-9.442369730137877
NGC 3379,outer,winsor_4.0,constant,stpsf_field_1280_1024,0.2102527249042995,0.25261085816823914,0.2573121870166295,-0.004701328848390363,-4.756106985319184
NGC 3379,outer,winsor_4.0,constant,stpsf_field_1280_1024,0.21919964936831227,0.22463675439672864,0.22923896044954475,-0.00460220605281611,-5.375769869947512
NGC 3379,outer,winsor_4.0,constant,stpsf_field_1280_1024,0.228146573832325,0.2031737282111189,0.20300951302514722,0.00016421518597167784,0.21630650838645651
NGC 3379,outer,winsor_4.0,constant,stpsf_field_1280_1024,0.23709349829633775,0.18223308315497605,0.17955231522409518,0.002680767930880873,3.9583880308998887
NGC 3379,outer,winsor_4.0,constant,stpsf_field_1280_1024,0.24604042276035049,0.16632819466666046,0.15881697086618804,0.007511223800472422,12.528210716188076
NGC 3379,outer,winsor_4.0,N(k),stpsf_field_1280_1024,0.04026116008805736,1.3378336289679948,1.1943513234020509,0.143482305565944,12.026382062147137
NGC 3379,outer,winsor_4.0,N(k),stpsf_field_1280_1024,0.0492080845520701,1.24304182526846,1.085407865581717,0.1576339596867431,15.670262114991933
NGC 3379,outer,winsor_4.0,N(k),stpsf_field_1280_1024,0.058155009016082844,1.149426955389347,0.9991344522240555,0.15029250316529152,17.849218095943467
NGC 3379,outer,winsor_4.0,N(k),stpsf_field_1280_1024,0.06710193348009559,1.0608574200792604,0.8383802511606804,0.22247716891858005,30.50371270849752
NGC 3379,outer,winsor_4.0,N(k),stpsf_field_1280_1024,0.07604885794410833,0.9737693752369664,0.7457897221654357,0.22797965307153067,35.97148830948104
NGC 3379,outer,winsor_4.0,N(k),stpsf_field_1280_1024,0.08499578240812108,0.9181427249447641,0.7282009657693491,0.189941759175415,33.90923959968359
NGC 3379,outer,winsor_4.0,N(k),stpsf_field_1280_1024,0.09394270687213382,0.8518939162343833,0.6483123705009971,0.20358154573338616,40.44610688802622
NGC 3379,outer,winsor_4.0,N(k),stpsf_field_1280_1024,0.10288963133614656,0.7852061737596221,0.6240582329687314,0.16114794079089068,36.45582613754898
NGC 3379,outer,winsor_4.0,N(k),stpsf_field_1280_1024,0.1118365558001593,0.7129547100795817,0.5651885823196945,0.14776612775988718,38.94535822793075
NGC 3379,outer,winsor_4.0,N(k),stpsf_field_1280_1024,0.12078348026417207,0.6625255384727092,0.5252709150601109,0.1372546234125983,39.803300241210486
NGC 3379,outer,winsor_4.0,N(k),stpsf_field_1280_1024,0.1297304047281848,0.61496821888009,0.5000283953521615,0.11493982352792853,37.744395408466445
NGC 3379,outer,winsor_4.0,N(k),stpsf_field_1280_1024,0.13867732919219755,0.5695093611441583,0.4510547755352349,0.11845458560892341,42.792822018124966
NGC 3379,outer,winsor_4.0,N(k),stpsf_field_1280_1024,0.1476242536562103,0.5097326280955402,0.4293413420309662,0.08039128606457402,34.01003273321473
NGC 3379,outer,winsor_4.0,N(k),stpsf_field_1280_1024,0.15657117812022303,0.4757640206374526,0.40213200486738443,0.07363201577006817,34.1136995611123
NGC 3379,outer,winsor_4.0,N(k),stpsf_field_1280_1024,0.16551810258423577,0.42158722751151634,0.37734465278072865,0.04424257473078769,24.15327542020738
NGC 3379,outer,winsor_4.0,N(k),stpsf_field_1280_1024,0.17446502704824854,0.38394015029319906,0.3405819643561504,0.043358185937048654,26.277047003899458
NGC 3379,outer,winsor_4.0,N(k),stpsf_field_1280_1024,0.18341195151226128,0.3459920204651326,0.3095233415481061,0.03646867891702649,25.159539500589194
NGC 3379,outer,winsor_4.0,N(k),stpsf_field_1280_1024,0.19235887597627402,0.3135660576668552,0.3021695778933381,0.011396479773517099,8.798909563861853
NGC 3379,outer,winsor_4.0,N(k),stpsf_field_1280_1024,0.20130580044028676,0.2769310744289203,0.2905847098347502,-0.013653635405829923,-12.205910446752405
NGC 3379,outer,winsor_4.0,N(k),stpsf_field_1280_1024,0.2102527249042995,0.25261085816823914,0.2723608776664923,-0.01975001949825317,-19.980139387184703
NGC 3379,outer,winsor_4.0,N(k),stpsf_field_1280_1024,0.21919964936831227,0.22463675439672864,0.24919377353503833,-0.024557019138309683,-28.684696440019312
NGC 3379,outer,winsor_4.0,N(k),stpsf_field_1280_1024,0.228146573832325,0.2031737282111189,0.24712669276196111,-0.043952964550842216,-57.895451257876374
NGC 3379,outer,winsor_4.0,N(k),stpsf_field_1280_1024,0.23709349829633775,0.18223308315497605,0.2304987691620543,-0.04826568600707826,-71.26850168295333
NGC 3379,outer,winsor_4.0,N(k),stpsf_field_1280_1024,0.24604042276035049,0.16632819466666046,0.20606736198446307,-0.03973916731780261,-66.28222977618806
NGC 3379,outer,winsor_4.0,constant,stpsf_field_768_1024,0.04026116008805736,1.3378336289679948,1.2469907797399602,0.09084284922803465,7.614254650572635
NGC 3379,outer,winsor_4.0,constant,stpsf_field_768_1024,0.0492080845520701,1.24304182526846,1.1742575356593339,0.06878428960912619,6.837789583605641
NGC 3379,outer,winsor_4.0,constant,stpsf_field_768_1024,0.058155009016082844,1.149426955389347,1.1022380650685628,0.047188890320784216,5.604303456938829
NGC 3379,outer,winsor_4.0,constant,stpsf_field_768_1024,0.06710193348009559,1.0608574200792604,1.024269685057957,0.036587735021303525,5.016522653400544
NGC 3379,outer,winsor_4.0,constant,stpsf_field_768_1024,0.07604885794410833,0.9737693752369664,0.9605530692137421,0.013216306023224322,2.0853185413865565
NGC 3379,outer,winsor_4.0,constant,stpsf_field_768_1024,0.08499578240812108,0.9181427249447641,0.8939454051831588,0.02419731976160533,4.319812120454638
NGC 3379,outer,winsor_4.0,constant,stpsf_field_768_1024,0.09394270687213382,0.8518939162343833,0.8320833253282138,0.019810590906169434,3.9358247056205897
NGC 3379,outer,winsor_4.0,constant,stpsf_field_768_1024,0.10288963133614656,0.7852061737596221,0.7733802079892984,0.011825965770323688,2.6753388837339482
NGC 3379,outer,winsor_4.0,constant,stpsf_field_768_1024,0.1118365558001593,0.7129547100795817,0.712046548872632,0.000908161206949698,0.23935569043832772
NGC 3379,outer,winsor_4.0,constant,stpsf_field_768_1024,0.12078348026417207,0.6625255384727092,0.6564755871892531,0.00604995128345609,1.7544620457426152
NGC 3379,outer,winsor_4.0,constant,stpsf_field_768_1024,0.1297304047281848,0.61496821888009,0.6081504726407507,0.006817746239339284,2.238838567467259
NGC 3379,outer,winsor_4.0,constant,stpsf_field_768_1024,0.13867732919219755,0.5695093611441583,0.5608499474718529,0.008659413672305383,3.128293819571364
NGC 3379,outer,winsor_4.0,constant,stpsf_field_768_1024,0.1476242536562103,0.5097326280955402,0.5175058085813835,-0.007773180485843301,-3.2884922695771457
NGC 3379,outer,winsor_4.0,constant,stpsf_field_768_1024,0.15657117812022303,0.4757640206374526,0.47476736659384683,0.0009966540436057714,0.46174963776770606
NGC 3379,outer,winsor_4.0,constant,stpsf_field_768_1024,0.16551810258423577,0.42158722751151634,0.4321577432429938,-0.010570515731477437,-5.770744115810727
NGC 3379,outer,winsor_4.0,constant,stpsf_field_768_1024,0.17446502704824854,0.38394015029319906,0.3932819694674348,-0.009341819174235766,-5.661570387186537
NGC 3379,outer,winsor_4.0,constant,stpsf_field_768_1024,0.18341195151226128,0.3459920204651326,0.35516781159704874,-0.009175791131916133,-6.330327456002712
NGC 3379,outer,winsor_4.0,constant,stpsf_field_768_1024,0.19235887597627402,0.3135660576668552,0.32027068006109605,-0.006704622394240856,-5.176455122910477
NGC 3379,outer,winsor_4.0,constant,stpsf_field_768_1024,0.20130580044028676,0.2769310744289203,0.28770785793468434,-0.010776783505764054,-9.634097474085797
NGC 3379,outer,winsor_4.0,constant,stpsf_field_768_1024,0.2102527249042995,0.25261085816823914,0.25628193698443547,-0.003671078816196327,-3.7138528625468497
NGC 3379,outer,winsor_4.0,constant,stpsf_field_768_1024,0.21919964936831227,0.22463675439672864,0.22971449721115644,-0.005077742814427799,-5.931237436107501
NGC 3379,outer,winsor_4.0,constant,stpsf_field_768_1024,0.228146573832325,0.2031737282111189,0.20281937455757765,0.0003543536535412506,0.46675952091733874
NGC 3379,outer,winsor_4.0,constant,stpsf_field_768_1024,0.23709349829633775,0.18223308315497605,0.17932201836190081,0.0029110647930752354,4.298441465724596
NGC 3379,outer,winsor_4.0,constant,stpsf_field_768_1024,0.24604042276035049,0.16632819466666046,0.15882896470864205,0.007499229958018411,12.5082058022683
NGC 3379,outer,winsor_4.0,N(k),stpsf_field_768_1024,0.04026116008805736,1.3378336289679948,1.2066655339367323,0.1311680950312626,10.994231093429036
NGC 3379,outer,winsor_4.0,N(k),stpsf_field_768_1024,0.0492080845520701,1.24304182526846,1.0912929366771698,0.15174888859129032,15.085232043969341
NGC 3379,outer,winsor_4.0,N(k),stpsf_field_768_1024,0.058155009016082844,1.149426955389347,1.0052287968250593,0.14419815856428775,17.125434250148334
NGC 3379,outer,winsor_4.0,N(k),stpsf_field_768_1024,0.06710193348009559,1.0608574200792604,0.8431272941979675,0.21773012588129292,29.852848452501554
NGC 3379,outer,winsor_4.0,N(k),stpsf_field_768_1024,0.07604885794410833,0.9737693752369664,0.7483475018904671,0.22542187334649932,35.56791219100908
NGC 3379,outer,winsor_4.0,N(k),stpsf_field_768_1024,0.08499578240812108,0.9181427249447641,0.7311723848504135,0.18697034009435065,33.37876877531984
NGC 3379,outer,winsor_4.0,N(k),stpsf_field_768_1024,0.09394270687213382,0.8518939162343833,0.6499564964695179,0.20193741976486534,40.11946384962794
NGC 3379,outer,winsor_4.0,N(k),stpsf_field_768_1024,0.10288963133614656,0.7852061737596221,0.6236540822933396,0.16155209146628247,36.547255458228754
NGC 3379,outer,winsor_4.0,N(k),stpsf_field_768_1024,0.1118365558001593,0.7129547100795817,0.5659695580105495,0.14698515206903218,38.73952365333137
NGC 3379,outer,winsor_4.0,N(k),stpsf_field_768_1024,0.12078348026417207,0.6625255384727092,0.5252611232287607,0.1372644152439485,39.806139833738975
NGC 3379,outer,winsor_4.0,N(k),stpsf_field_768_1024,0.1297304047281848,0.61496821888009,0.4999410646618702,0.1150271542182198,37.77307340713108
NGC 3379,outer,winsor_4.0,N(k),stpsf_field_768_1024,0.13867732919219755,0.5695093611441583,0.45082131135977205,0.11868804978438624,42.877163125367304
NGC 3379,outer,winsor_4.0,N(k),stpsf_field_768_1024,0.1476242536562103,0.5097326280955402,0.4288081494225434,0.08092447867299679,34.235603176894415
NGC 3379,outer,winsor_4.0,N(k),stpsf_field_768_1024,0.15657117812022303,0.4757640206374526,0.40103055060162973,0.07473347003582287,34.62400312280747
NGC 3379,outer,winsor_4.0,N(k),stpsf_field_768_1024,0.16551810258423577,0.42158722751151634,0.377139009481007,0.04444821803050936,24.26554192564295
NGC 3379,outer,winsor_4.0,N(k),stpsf_field_768_1024,0.17446502704824854,0.38394015029319906,0.33979291741419554,0.04414723287900352,26.75524559855778
NGC 3379,outer,winsor_4.0,N(k),stpsf_field_768_1024,0.18341195151226128,0.3459920204651326,0.30872710651713353,0.03726491394799908,25.70885763627178
NGC 3379,outer,winsor_4.0,N(k),stpsf_field_768_1024,0.19235887597627402,0.3135660576668552,0.30177029687782486,0.01179576078903033,9.107183488432124
NGC 3379,outer,winsor_4.0,N(k),stpsf_field_768_1024,0.20130580044028676,0.2769310744289203,0.29044180699549915,-0.013510732566578865,-12.07815990950426
NGC 3379,outer,winsor_4.0,N(k),stpsf_field_768_1024,0.2102527249042995,0.25261085816823914,0.2726317755367941,-0.020020917368554936,-20.25419365881717
NGC 3379,outer,winsor_4.0,N(k),stpsf_field_768_1024,0.21919964936831227,0.22463675439672864,0.24881327670627032,-0.024176522309541676,-28.24024363538011
NGC 3379,outer,winsor_4.0,N(k),stpsf_field_768_1024,0.228146573832325,0.2031737282111189,0.2473729587427645,-0.044199230531645595,-58.21983620514387
NGC 3379,outer,winsor_4.0,N(k),stpsf_field_768_1024,0.23709349829633775,0.18223308315497605,0.23069715183867726,-0.048464068683701206,-71.56143103488874
NGC 3379,outer,winsor_4.0,N(k),stpsf_field_768_1024,0.24604042276035049,0.16632819466666046,0.20585095485425875,-0.03952276018759829,-65.92127739349979
NGC 3379,outer,winsor_4.0,constant,stpsf_field_1024_1280,0.04026116008805736,1.3378336289679948,1.2537413139018314,0.08409231506616344,7.048439216857519
NGC 3379,outer,winsor_4.0,constant,stpsf_field_1024_1280,0.0492080845520701,1.24304182526846,1.1761746221382166,0.06686720313024352,6.647213595532401
NGC 3379,outer,winsor_4.0,constant,stpsf_field_1024_1280,0.058155009016082844,1.149426955389347,1.1018566982788518,0.04757025711049523,5.649595795949346
NGC 3379,outer,winsor_4.0,constant,stpsf_field_1024_1280,0.06710193348009559,1.0608574200792604,1.0276944866717888,0.03316293340747167,4.546950134927163
NGC 3379,outer,winsor_4.0,constant,stpsf_field_1024_1280,0.07604885794410833,0.9737693752369664,0.9657141904832729,0.00805518475369349,1.270977388965854
NGC 3379,outer,winsor_4.0,constant,stpsf_field_1024_1280,0.08499578240812108,0.9181427249447641,0.9007934899566696,0.017349234988094486,3.097261858774317
NGC 3379,outer,winsor_4.0,constant,stpsf_field_1024_1280,0.09394270687213382,0.8518939162343833,0.8379455381402776,0.013948378094105651,2.77116272634864
NGC 3379,outer,winsor_4.0,constant,stpsf_field_1024_1280,0.10288963133614656,0.7852061737596221,0.7744491875359578,0.010756986223664278,2.43350810199172
NGC 3379,outer,winsor_4.0,constant,stpsf_field_1024_1280,0.1118365558001593,0.7129547100795817,0.714142941085109,-0.0011882310055273404,-0.31317110943715754
NGC 3379,outer,winsor_4.0,constant,stpsf_field_1024_1280,0.12078348026417207,0.6625255384727092,0.6593259258774494,0.0031996125952598042,0.9278750516246363
NGC 3379,outer,winsor_4.0,constant,stpsf_field_1024_1280,0.1297304047281848,0.61496821888009,0.6088030004901291,0.006165218389960869,2.0245588826199037
NGC 3379,outer,winsor_4.0,constant,stpsf_field_1024_1280,0.13867732919219755,0.5695093611441583,0.5610607978392812,0.008448563304877088,3.0521221610455878
NGC 3379,outer,winsor_4.0,constant,stpsf_field_1024_1280,0.1476242536562103,0.5097326280955402,0.5167533727962885,-0.007020744700748316,-2.9701696386869374
NGC 3379,outer,winsor_4.0,constant,stpsf_field_1024_1280,0.15657117812022303,0.4757640206374526,0.47192948067562435,0.003834539961828254,1.776541669338125
NGC 3379,outer,winsor_4.0,constant,stpsf_field_1024_1280,0.16551810258423577,0.42158722751151634,0.4312802213447663,-0.009692993833249952,-5.291680041802341
NGC 3379,outer,winsor_4.0,constant,stpsf_field_1024_1280,0.17446502704824854,0.38394015029319906,0.39110473711633864,-0.007164586823139585,-4.3420678390119125
NGC 3379,outer,winsor_4.0,constant,stpsf_field_1024_1280,0.18341195151226128,0.3459920204651326,0.3551900746458124,-0.009198054180679816,-6.345686609978314
NGC 3379,outer,winsor_4.0,constant,stpsf_field_1024_1280,0.19235887597627402,0.3135660576668552,0.31866537646945936,-0.005099318802604169,-3.93704423410453
NGC 3379,outer,winsor_4.0,constant,stpsf_field_1024_1280,0.20130580044028676,0.2769310744289203,0.2870549352006743,-0.010123860771754034,-9.050405572032213
NGC 3379,outer,winsor_4.0,constant,stpsf_field_1024_1280,0.2102527249042995,0.25261085816823914,0.2565078474492868,-0.003896989281047647,-3.9423955521959555
NGC 3379,outer,winsor_4.0,constant,stpsf_field_1024_1280,0.21919964936831227,0.22463675439672864,0.22833194318974948,-0.0036951887930208316,-4.316296217361657
NGC 3379,outer,winsor_4.0,constant,stpsf_field_1024_1280,0.228146573832325,0.2031737282111189,0.2034782634817311,-0.000304535270612194,-0.4011380596555147
NGC 3379,outer,winsor_4.0,constant,stpsf_field_1024_1280,0.23709349829633775,0.18223308315497605,0.1797022649481272,0.0025308182068488616,3.736974164370227
NGC 3379,outer,winsor_4.0,constant,stpsf_field_1024_1280,0.24604042276035049,0.16632819466666046,0.15944529819603748,0.0068828964706229845,11.480203441182043
NGC 3379,outer,winsor_4.0,N(k),stpsf_field_1024_1280,0.04026116008805736,1.3378336289679948,1.1128549655474949,0.2249786634205,18.8572336599555
NGC 3379,outer,winsor_4.0,N(k),stpsf_field_1024_1280,0.0492080845520701,1.24304182526846,1.0189050152721226,0.22413680999633745,22.28125569668179
NGC 3379,outer,winsor_4.0,N(k),stpsf_field_1024_1280,0.058155009016082844,1.149426955389347,0.9453091952034723,0.20411776018587469,24.241677675740217
NGC 3379,outer,winsor_4.0,N(k),stpsf_field_1024_1280,0.06710193348009559,1.0608574200792604,0.8177694321293302,0.24308798794993025,33.32964988432174
NGC 3379,outer,winsor_4.0,N(k),stpsf_field_1024_1280,0.07604885794410833,0.9737693752369664,0.739661250714752,0.2341081245222144,36.93846161684935
NGC 3379,outer,winsor_4.0,N(k),stpsf_field_1024_1280,0.08499578240812108,0.9181427249447641,0.7146907209374622,0.2034520040073019,36.32114802384299
NGC 3379,outer,winsor_4.0,N(k),stpsf_field_1024_1280,0.09394270687213382,0.8518939162343833,0.6464038325991879,0.2054900836351954,40.825281374094416
NGC 3379,outer,winsor_4.0,N(k),stpsf_field_1024_1280,0.10288963133614656,0.7852061737596221,0.6168361904910907,0.16836998326853136,38.08963866801444
NGC 3379,outer,winsor_4.0,N(k),stpsf_field_1024_1280,0.1118365558001593,0.7129547100795817,0.5648831972012048,0.14807151287837683,39.025845772792074
NGC 3379,outer,winsor_4.0,N(k),stpsf_field_1024_1280,0.12078348026417207,0.6625255384727092,0.5258131225023234,0.13671241597038586,39.646062218338756
NGC 3379,outer,winsor_4.0,N(k),stpsf_field_1024_1280,0.1297304047281848,0.61496821888009,0.4988884806345717,0.11607973824551832,38.118725127375264
NGC 3379,outer,winsor_4.0,N(k),stpsf_field_1024_1280,0.13867732919219755,0.5695093611441583,0.4556486246921573,0.11386073645200101,41.13325123545123
NGC 3379,outer,winsor_4.0,N(k),stpsf_field_1024_1280,0.1476242536562103,0.5097326280955402,0.4319549008353765,0.07777772726016369,32.90435045296387
NGC 3379,outer,winsor_4.0,N(k),stpsf_field_1024_1280,0.15657117812022303,0.4757640206374526,0.4044204555270658,0.07134356511038681,33.05346078524363
NGC 3379,outer,winsor_4.0,N(k),stpsf_field_1024_1280,0.16551810258423577,0.42158722751151634,0.3794933798912418,0.042093847620274516,22.98022439370427
NGC 3379,outer,winsor_4.0,N(k),stpsf_field_1024_1280,0.17446502704824854,0.38394015029319906,0.34607301558537906,0.037867134707819994,22.949218402842376
NGC 3379,outer,winsor_4.0,N(k),stpsf_field_1024_1280,0.18341195151226128,0.3459920204651326,0.3170551695845049,0.028936850880627696,19.963373074474205
NGC 3379,outer,winsor_4.0,N(k),stpsf_field_1024_1280,0.19235887597627402,0.3135660576668552,0.3054517899668946,0.008114267699960598,6.264803613728934
NGC 3379,outer,winsor_4.0,N(k),stpsf_field_1024_1280,0.20130580044028676,0.2769310744289203,0.29121200112456475,-0.014280926695644458,-12.766688662950761
NGC 3379,outer,winsor_4.0,N(k),stpsf_field_1024_1280,0.2102527249042995,0.25261085816823914,0.2727115238147171,-0.020100665646477944,-20.33487113404349
NGC 3379,outer,winsor_4.0,N(k),stpsf_field_1024_1280,0.21919964936831227,0.22463675439672864,0.25107018910134943,-0.026433434704620784,-30.87651013743152
NGC 3379,outer,winsor_4.0,N(k),stpsf_field_1024_1280,0.228146573832325,0.2031737282111189,0.24475385205645467,-0.04158012384533577,-54.76991274614654
NGC 3379,outer,winsor_4.0,N(k),stpsf_field_1024_1280,0.23709349829633775,0.18223308315497605,0.22862115902308996,-0.046388075868113915,-68.49604629240763
NGC 3379,outer,winsor_4.0,N(k),stpsf_field_1024_1280,0.24604042276035049,0.16632819466666046,0.20740914589913745,-0.04108095123247699,-68.52023413675245
NGC 3379,outer,winsor_4.0,constant,stpsf_field_1024_768,0.04026116008805736,1.3378336289679948,1.251987327417151,0.08584630155084394,7.195454638120841
NGC 3379,outer,winsor_4.0,constant,stpsf_field_1024_768,0.0492080845520701,1.24304182526846,1.1687503762166858,0.07429144905177432,7.385251768447317
NGC 3379,outer,winsor_4.0,constant,stpsf_field_1024_768,0.058155009016082844,1.149426955389347,1.0940545130737025,0.05537244231564453,6.576208251119463
NGC 3379,outer,winsor_4.0,constant,stpsf_field_1024_768,0.06710193348009559,1.0608574200792604,1.0286942066763969,0.032163213402863544,4.409879117897705
NGC 3379,outer,winsor_4.0,constant,stpsf_field_1024_768,0.07604885794410833,0.9737693752369664,0.9597736349996714,0.013995740237294996,2.208300607293358
NGC 3379,outer,winsor_4.0,constant,stpsf_field_1024_768,0.08499578240812108,0.9181427249447641,0.897795290897112,0.020347434047652158,3.632513562872708
NGC 3379,outer,winsor_4.0,constant,stpsf_field_1024_768,0.09394270687213382,0.8518939162343833,0.833404702595342,0.018489213639041213,3.673303041423836
NGC 3379,outer,winsor_4.0,constant,stpsf_field_1024_768,0.10288963133614656,0.7852061737596221,0.7695716916086769,0.015634482150945206,3.5369236507035167
NGC 3379,outer,winsor_4.0,constant,stpsf_field_1024_768,0.1118365558001593,0.7129547100795817,0.7111720469110531,0.0017826631685285976,0.4698401233799599
NGC 3379,outer,winsor_4.0,constant,stpsf_field_1024_768,0.12078348026417207,0.6625255384727092,0.6568972971689062,0.005628241303803017,1.6321678124592114
NGC 3379,outer,winsor_4.0,constant,stpsf_field_1024_768,0.1297304047281848,0.61496821888009,0.6091146808461765,0.00585353803391353,1.9222080503442316
NGC 3379,outer,winsor_4.0,constant,stpsf_field_1024_768,0.13867732919219755,0.5695093611441583,0.5598830979545781,0.009626263189580153,3.477577210318649
NGC 3379,outer,winsor_4.0,constant,stpsf_field_1024_768,0.1476242536562103,0.5097326280955402,0.5163515302637929,-0.006618902168252672,-2.800167660203883
NGC 3379,outer,winsor_4.0,constant,stpsf_field_1024_768,0.15657117812022303,0.4757640206374526,0.4734712455273997,0.0022927751100528804,1.0622422929420194
NGC 3379,outer,winsor_4.0,constant,stpsf_field_1024_768,0.16551810258423577,0.42158722751151634,0.4329538949754054,-0.011366667463889035,-6.205385910195965
NGC 3379,outer,winsor_4.0,constant,stpsf_field_1024_768,0.17446502704824854,0.38394015029319906,0.3926862432402193,-0.008746092947020223,-5.300533002072541
NGC 3379,outer,winsor_4.0,constant,stpsf_field_1024_768,0.18341195151226128,0.3459920204651326,0.3561620862650119,-0.01017006579987928,-7.016272039845993
NGC 3379,outer,winsor_4.0,constant,stpsf_field_1024_768,0.19235887597627402,0.3135660576668552,0.3210101371925609,-0.0074440795257056935,-5.747369699640678
NGC 3379,outer,winsor_4.0,constant,stpsf_field_1024_768,0.20130580044028676,0.2769310744289203,0.2878818041510144,-0.010950729722094099,-9.789599790939036
NGC 3379,outer,winsor_4.0,constant,stpsf_field_1024_768,0.2102527249042995,0.25261085816823914,0.2575308740463439,-0.004920015878104755,-4.977342075049067
NGC 3379,outer,winsor_4.0,constant,stpsf_field_1024_768,0.21919964936831227,0.22463675439672864,0.22830510845210492,-0.0036683540553762717,-4.28495095110412
NGC 3379,outer,winsor_4.0,constant,stpsf_field_1024_768,0.228146573832325,0.2031737282111189,0.20293824967126825,0.0002354785398506476,0.3101755812268147
NGC 3379,outer,winsor_4.0,constant,stpsf_field_1024_768,0.23709349829633775,0.18223308315497605,0.18000284750488746,0.002230235650088591,3.2931377616473037
NGC 3379,outer,winsor_4.0,constant,stpsf_field_1024_768,0.24604042276035049,0.16632819466666046,0.15829191382987287,0.00803628083678759,13.403970161481121
NGC 3379,outer,winsor_4.0,N(k),stpsf_field_1024_768,0.04026116008805736,1.3378336289679948,1.2424969470700797,0.09533668189791511,7.990918158997389
NGC 3379,outer,winsor_4.0,N(k),stpsf_field_1024_768,0.0492080845520701,1.24304182526846,1.1232825166039895,0.1197593086644706,11.905174248060867
NGC 3379,outer,winsor_4.0,N(k),stpsf_field_1024_768,0.058155009016082844,1.149426955389347,1.0334349814955792,0.11599197389376781,13.775577595722499
NGC 3379,outer,winsor_4.0,N(k),stpsf_field_1024_768,0.06710193348009559,1.0608574200792604,0.8522573372073762,0.20860008287188425,28.60103366930845
NGC 3379,outer,winsor_4.0,N(k),stpsf_field_1024_768,0.07604885794410833,0.9737693752369664,0.7531300823507506,0.22063929288621575,34.81329863318309
NGC 3379,outer,winsor_4.0,N(k),stpsf_field_1024_768,0.08499578240812108,0.9181427249447641,0.7368449370893958,0.18129778785536832,32.3660797602848
NGC 3379,outer,winsor_4.0,N(k),stpsf_field_1024_768,0.09394270687213382,0.8518939162343833,0.6516062307980148,0.20028768543636843,39.79170658289308
NGC 3379,outer,winsor_4.0,N(k),stpsf_field_1024_768,0.10288963133614656,0.7852061737596221,0.6287484490027051,0.156457724756917,35.394778137537834
NGC 3379,outer,winsor_4.0,N(k),stpsf_field_1024_768,0.1118365558001593,0.7129547100795817,0.5674480437948537,0.14550666628472797,38.34985276340864
NGC 3379,outer,winsor_4.0,N(k),stpsf_field_1024_768,0.12078348026417207,0.6625255384727092,0.5254379580715002,0.13708758040120905,39.75485842577134
NGC 3379,outer,winsor_4.0,N(k),stpsf_field_1024_768,0.1297304047281848,0.61496821888009,0.5004464120972312,0.11452180678285884,37.60712541074945
NGC 3379,outer,winsor_4.0,N(k),stpsf_field_1024_768,0.13867732919219755,0.5695093611441583,0.44980343982889215,0.11970592131526614,43.24487869361103
NGC 3379,outer,winsor_4.0,N(k),stpsf_field_1024_768,0.1476242536562103,0.5097326280955402,0.42846088320589715,0.08127174488964306,34.38251630608347
NGC 3379,outer,winsor_4.0,N(k),stpsf_field_1024_768,0.15657117812022303,0.4757640206374526,0.40059900739576,0.07516501324169261,34.82393701187349
NGC 3379,outer,winsor_4.0,N(k),stpsf_field_1024_768,0.16551810258423577,0.42158722751151634,0.37610923697689347,0.04547799053462287,24.827723920324694
NGC 3379,outer,winsor_4.0,N(k),stpsf_field_1024_768,0.17446502704824854,0.38394015029319906,0.33778859844298326,0.0461515518502158,27.969954717011678
NGC 3379,outer,winsor_4.0,N(k),stpsf_field_1024_768,0.18341195151226128,0.3459920204651326,0.30514930652311434,0.04084271394201827,28.17716202644554
NGC 3379,outer,winsor_4.0,N(k),stpsf_field_1024_768,0.19235887597627402,0.3135660576668552,0.30006631589830757,0.013499741768547624,10.422780482878974
NGC 3379,outer,winsor_4.0,N(k),stpsf_field_1024_768,0.20130580044028676,0.2769310744289203,0.29004951005391744,-0.013118435624997149,-11.727459074513696
NGC 3379,outer,winsor_4.0,N(k),stpsf_field_1024_768,0.2102527249042995,0.25261085816823914,0.27197876403342963,-0.019367905865190493,-19.593573508046656
NGC 3379,outer,winsor_4.0,N(k),stpsf_field_1024_768,0.21919964936831227,0.22463675439672864,0.24843904929286095,-0.02380229489613231,-27.803114043521994
NGC 3379,outer,winsor_4.0,N(k),stpsf_field_1024_768,0.228146573832325,0.2031737282111189,0.24816382104743573,-0.04499009283631683,-59.26157094316868
NGC 3379,outer,winsor_4.0,N(k),stpsf_field_1024_768,0.23709349829633775,0.18223308315497605,0.23099591150964843,-0.04876282835467238,-72.0025757875042
NGC 3379,outer,winsor_4.0,N(k),stpsf_field_1024_768,0.24604042276035049,0.16632819466666046,0.20522847949639988,-0.03890028482973942,-64.88303080998035
