attempt_id,run_id,job_id,program,obsid,target,attempt_no,state,pid,started_at,ended_at,duration_seconds,exit_code,log_path,error,command_json,metadata_json
112,run-20260720T164920Z-5f8824d560b3-6a51d38a,job-cc2e116c39243db11fc20d8367e31350a6335de0c12ea0fcae8c8fb47b2c988d,7763,o056_t056,IC 3349,1,FAILED,77037,1784566165.087529,1784566465.1405492,300.05302023887634,1,/Users/zuha/Desktop/FKI/4 курс 2025-2026/course_work-SBF/runs/sbf3_go3055_go7763/batch/IC_3349__F150W__F115W__cc2e116c3924_result.log,worker exited 1; required artifacts are absent or invalid,"[""/Users/zuha/Desktop/FKI/4 курс 2025-2026/course_work-SBF/astro_env/bin/python3"",""/Users/zuha/Desktop/FKI/4 курс 2025-2026/course_work-SBF/code/run_sbf_batch.py"",""--worker"",""--job-id"",""job-cc2e116c39243db11fc20d8367e31350a6335de0c12ea0fcae8c8fb47b2c988d"",""--galaxy"",""IC 3349"",""--signal"",""/Users/zuha/Desktop/FKI/4 курс 2025-2026/course_work-SBF/data/IC 3349/jw07763-o056_t056_nircam_clear-f150w_i2d.fits"",""--color"",""/Users/zuha/Desktop/FKI/4 курс 2025-2026/course_work-SBF/data/IC 3349/jw07763-o056_t056_nircam_clear-f115w_i2d.fits"",""--signal-filter"",""F150W"",""--color-filter"",""F115W"",""--template"",""/Users/zuha/Desktop/FKI/4 курс 2025-2026/course_work-SBF/code/sbf-3.ipynb"",""--batch-root"",""/Users/zuha/Desktop/FKI/4 курс 2025-2026/course_work-SBF/runs/sbf3_go3055_go7763/batch"",""--products-root"",""/Users/zuha/Desktop/FKI/4 курс 2025-2026/course_work-SBF/runs/sbf3_go3055_go7763/products""]","{""supervision"":{""completed"":true,""detail"":null,""duration_seconds"":300.0427640840062,""ended_monotonic"":421255.778922875,""last_sample"":{""available_ram_bytes"":11759992832,""collector"":""psutil"",""disk"":{""free_bytes"":157249548288,""free_gib"":146.45005416870117,""path"":""/Users/zuha/Desktop/FKI/4 курс 2025-2026/course_work-SBF/data"",""total_bytes"":994662584320,""total_gib"":926.3517189025879,""used_bytes"":837413036032,""used_gib"":779.9016647338867},""disk_free_bytes"":157249548288,""monotonic"":421225.773635875,""pid"":77037,""swap"":{""free_bytes"":1346895872,""free_gib"":1.25439453125,""percent"":87.5,""total_bytes"":10737418240,""total_gib"":10.0,""used_bytes"":9390522368,""used_gib"":8.74560546875},""swap_used_bytes"":9390522368,""system_ram"":{""available_bytes"":11759992832,""available_gib"":10.952346801757812,""percent"":65.8,""total_bytes"":34359738368,""total_gib"":32.0,""used_bytes"":14372356096,""used_gib"":13.385299682617188},""timestamp_utc"":""2026-07-20T16:53:55.124+00:00"",""worker"":{""child_count"":9,""children_rss_bytes"":1742372864,""children_rss_gib"":1.622711181640625,""pid"":77037,""rss_bytes"":5910708224,""rss_gib"":5.5047760009765625,""status"":""sleeping"",""total_rss_bytes"":7653081088,""total_rss_gib"":7.1274871826171875},""worker_children_rss_bytes"":1742372864,""worker_rss_bytes"":5910708224,""worker_total_rss_bytes"":7653081088},""ok"":false,""reason"":""completed"",""returncode"":1,""sample_count"":10,""signal_name"":null,""started_monotonic"":420955.736158791,""termination"":null}}"
113,run-20260720T164920Z-5f8824d560b3-6a51d38a,job-c0982bac4c684eabde52a8306a054103fa02b69f81dd9a0245db7ee76953d3e1,7763,o049_t049,IC 3358,1,SUCCEEDED,79934,1784566465.282783,1784569856.8228421,3391.5400590896606,0,/Users/zuha/Desktop/FKI/4 курс 2025-2026/course_work-SBF/runs/sbf3_go3055_go7763/batch/IC_3358__F150W__F115W__c0982bac4c68_result.log,,"[""/Users/zuha/Desktop/FKI/4 курс 2025-2026/course_work-SBF/astro_env/bin/python3"",""/Users/zuha/Desktop/FKI/4 курс 2025-2026/course_work-SBF/code/run_sbf_batch.py"",""--worker"",""--job-id"",""job-c0982bac4c684eabde52a8306a054103fa02b69f81dd9a0245db7ee76953d3e1"",""--galaxy"",""IC 3358"",""--signal"",""/Users/zuha/Desktop/FKI/4 курс 2025-2026/course_work-SBF/data/IC 3358/jw07763-o049_t049_nircam_clear-f150w_i2d.fits"",""--color"",""/Users/zuha/Desktop/FKI/4 курс 2025-2026/course_work-SBF/data/IC 3358/jw07763-o049_t049_nircam_clear-f115w_i2d.fits"",""--signal-filter"",""F150W"",""--color-filter"",""F115W"",""--template"",""/Users/zuha/Desktop/FKI/4 курс 2025-2026/course_work-SBF/code/sbf-3.ipynb"",""--batch-root"",""/Users/zuha/Desktop/FKI/4 курс 2025-2026/course_work-SBF/runs/sbf3_go3055_go7763/batch"",""--products-root"",""/Users/zuha/Desktop/FKI/4 курс 2025-2026/course_work-SBF/runs/sbf3_go3055_go7763/products""]","{""supervision"":{""completed"":true,""detail"":null,""duration_seconds"":3391.0889291249914,""ended_monotonic"":424647.021970291,""last_sample"":{""available_ram_bytes"":7483621376,""collector"":""psutil"",""disk"":{""free_bytes"":155875405824,""free_gib"":145.17028427124023,""path"":""/Users/zuha/Desktop/FKI/4 курс 2025-2026/course_work-SBF/data"",""total_bytes"":994662584320,""total_gib"":926.3517189025879,""used_bytes"":838787178496,""used_gib"":781.1814346313477},""disk_free_bytes"":155875405824,""monotonic"":424617.011588125,""pid"":79934,""swap"":{""free_bytes"":1380450304,""free_gib"":1.28564453125,""percent"":87.1,""total_bytes"":10737418240,""total_gib"":10.0,""used_bytes"":9356967936,""used_gib"":8.71435546875},""swap_used_bytes"":9356967936,""system_ram"":{""available_bytes"":7483621376,""available_gib"":6.96966552734375,""percent"":78.2,""total_bytes"":34359738368,""total_gib"":32.0,""used_bytes"":10833051648,""used_gib"":10.089065551757812},""timestamp_utc"":""2026-07-20T17:50:26.347+00:00"",""worker"":{""child_count"":1,""children_rss_bytes"":5439488,""children_rss_gib"":0.00506591796875,""pid"":79934,""rss_bytes"":7412498432,""rss_gib"":6.9034271240234375,""status"":""sleeping"",""total_rss_bytes"":7417937920,""total_rss_gib"":6.9084930419921875},""worker_children_rss_bytes"":5439488,""worker_rss_bytes"":7412498432,""worker_total_rss_bytes"":7417937920},""ok"":true,""reason"":""completed"",""returncode"":0,""sample_count"":113,""signal_name"":null,""started_monotonic"":421255.933041166,""termination"":null}}"
114,run-20260720T164920Z-5f8824d560b3-6a51d38a,job-d0cfab08b5ae857c63df7e0bef07e3bfb8362e446d54abd8b165eda1af50ed18,7763,o061_t061,IC 3363,1,FAILED,2374,1784569856.963417,1784569977.0101178,120.04670071601868,1,/Users/zuha/Desktop/FKI/4 курс 2025-2026/course_work-SBF/runs/sbf3_go3055_go7763/batch/IC_3363__F150W__F115W__d0cfab08b5ae_result.log,worker exited 1; required artifacts are absent or invalid,"[""/Users/zuha/Desktop/FKI/4 курс 2025-2026/course_work-SBF/astro_env/bin/python3"",""/Users/zuha/Desktop/FKI/4 курс 2025-2026/course_work-SBF/code/run_sbf_batch.py"",""--worker"",""--job-id"",""job-d0cfab08b5ae857c63df7e0bef07e3bfb8362e446d54abd8b165eda1af50ed18"",""--galaxy"",""IC 3363"",""--signal"",""/Users/zuha/Desktop/FKI/4 курс 2025-2026/course_work-SBF/data/IC 3363/jw07763-o061_t061_nircam_clear-f150w_i2d.fits"",""--color"",""/Users/zuha/Desktop/FKI/4 курс 2025-2026/course_work-SBF/data/IC 3363/jw07763-o061_t061_nircam_clear-f115w_i2d.fits"",""--signal-filter"",""F150W"",""--color-filter"",""F115W"",""--template"",""/Users/zuha/Desktop/FKI/4 курс 2025-2026/course_work-SBF/code/sbf-3.ipynb"",""--batch-root"",""/Users/zuha/Desktop/FKI/4 курс 2025-2026/course_work-SBF/runs/sbf3_go3055_go7763/batch"",""--products-root"",""/Users/zuha/Desktop/FKI/4 курс 2025-2026/course_work-SBF/runs/sbf3_go3055_go7763/products""]","{""supervision"":{""completed"":true,""detail"":null,""duration_seconds"":120.0403217090061,""ended_monotonic"":424767.669762625,""last_sample"":{""available_ram_bytes"":11628462080,""collector"":""psutil"",""disk"":{""free_bytes"":155660824576,""free_gib"":144.97043991088867,""path"":""/Users/zuha/Desktop/FKI/4 курс 2025-2026/course_work-SBF/data"",""total_bytes"":994662584320,""total_gib"":926.3517189025879,""used_bytes"":839001759744,""used_gib"":781.3812789916992},""disk_free_bytes"":155660824576,""monotonic"":424737.659667625,""pid"":2374,""swap"":{""free_bytes"":1380450304,""free_gib"":1.28564453125,""percent"":87.1,""total_bytes"":10737418240,""total_gib"":10.0,""used_bytes"":9356967936,""used_gib"":8.71435546875},""swap_used_bytes"":9356967936,""system_ram"":{""available_bytes"":11628462080,""available_gib"":10.829849243164062,""percent"":66.2,""total_bytes"":34359738368,""total_gib"":32.0,""used_bytes"":13352304640,""used_gib"":12.435302734375},""timestamp_utc"":""2026-07-20T17:52:26.994+00:00"",""worker"":{""child_count"":9,""children_rss_bytes"":1446199296,""children_rss_gib"":1.3468780517578125,""pid"":2374,""rss_bytes"":5993250816,""rss_gib"":5.5816497802734375,""status"":""sleeping"",""total_rss_bytes"":7439450112,""total_rss_gib"":6.92852783203125},""worker_children_rss_bytes"":1446199296,""worker_rss_bytes"":5993250816,""worker_total_rss_bytes"":7439450112},""ok"":false,""reason"":""completed"",""returncode"":1,""sample_count"":4,""signal_name"":null,""started_monotonic"":424647.629440916,""termination"":null}}"
115,run-20260720T164920Z-5f8824d560b3-6a51d38a,job-5b6d675db0108f129880561dda30daeda17211d22d7add64b5aae9ab33282c42,7763,o043_t043,IC 3381,1,SUCCEEDED,3208,1784569977.122752,1784573938.853863,3961.731111049652,0,/Users/zuha/Desktop/FKI/4 курс 2025-2026/course_work-SBF/runs/sbf3_go3055_go7763/batch/IC_3381__F150W__F115W__5b6d675db010_result.log,,"[""/Users/zuha/Desktop/FKI/4 курс 2025-2026/course_work-SBF/astro_env/bin/python3"",""/Users/zuha/Desktop/FKI/4 курс 2025-2026/course_work-SBF/code/run_sbf_batch.py"",""--worker"",""--job-id"",""job-5b6d675db0108f129880561dda30daeda17211d22d7add64b5aae9ab33282c42"",""--galaxy"",""IC 3381"",""--signal"",""/Users/zuha/Desktop/FKI/4 курс 2025-2026/course_work-SBF/data/IC 3381/jw07763-o043_t043_nircam_clear-f150w_i2d.fits"",""--color"",""/Users/zuha/Desktop/FKI/4 курс 2025-2026/course_work-SBF/data/IC 3381/jw07763-o043_t043_nircam_clear-f115w_i2d.fits"",""--signal-filter"",""F150W"",""--color-filter"",""F115W"",""--template"",""/Users/zuha/Desktop/FKI/4 курс 2025-2026/course_work-SBF/code/sbf-3.ipynb"",""--batch-root"",""/Users/zuha/Desktop/FKI/4 курс 2025-2026/course_work-SBF/runs/sbf3_go3055_go7763/batch"",""--products-root"",""/Users/zuha/Desktop/FKI/4 курс 2025-2026/course_work-SBF/runs/sbf3_go3055_go7763/products""]","{""supervision"":{""completed"":true,""detail"":null,""duration_seconds"":3961.2835113749607,""ended_monotonic"":428729.072725083,""last_sample"":{""available_ram_bytes"":8883716096,""collector"":""psutil"",""disk"":{""free_bytes"":154691661824,""free_gib"":144.0678367614746,""path"":""/Users/zuha/Desktop/FKI/4 курс 2025-2026/course_work-SBF/data"",""total_bytes"":994662584320,""total_gib"":926.3517189025879,""used_bytes"":839970922496,""used_gib"":782.2838821411133},""disk_free_bytes"":154691661824,""monotonic"":428699.062259375,""pid"":3208,""swap"":{""free_bytes"":1388838912,""free_gib"":1.29345703125,""percent"":87.1,""total_bytes"":10737418240,""total_gib"":10.0,""used_bytes"":9348579328,""used_gib"":8.70654296875},""swap_used_bytes"":9348579328,""system_ram"":{""available_bytes"":8883716096,""available_gib"":8.273605346679688,""percent"":74.1,""total_bytes"":34359738368,""total_gib"":32.0,""used_bytes"":9581510656,""used_gib"":8.923477172851562},""timestamp_utc"":""2026-07-20T18:58:28.378+00:00"",""worker"":{""child_count"":1,""children_rss_bytes"":5439488,""children_rss_gib"":0.00506591796875,""pid"":3208,""rss_bytes"":5360943104,""rss_gib"":4.992767333984375,""status"":""sleeping"",""total_rss_bytes"":5366382592,""total_rss_gib"":4.997833251953125},""worker_children_rss_bytes"":5439488,""worker_rss_bytes"":5360943104,""worker_total_rss_bytes"":5366382592},""ok"":true,""reason"":""completed"",""returncode"":0,""sample_count"":132,""signal_name"":null,""started_monotonic"":424767.789213708,""termination"":null}}"
116,run-20260720T164920Z-5f8824d560b3-6a51d38a,job-dfc9619f565c1f98bb05b4033c2b9153a19cf18fca952834515ff683a486838d,7763,o072_t072,IC 3383,1,FAILED,29049,1784573939.003266,1784574089.0556889,150.05242276191711,1,/Users/zuha/Desktop/FKI/4 курс 2025-2026/course_work-SBF/runs/sbf3_go3055_go7763/batch/IC_3383__F150W__F115W__dfc9619f565c_result.log,worker exited 1; required artifacts are absent or invalid,"[""/Users/zuha/Desktop/FKI/4 курс 2025-2026/course_work-SBF/astro_env/bin/python3"",""/Users/zuha/Desktop/FKI/4 курс 2025-2026/course_work-SBF/code/run_sbf_batch.py"",""--worker"",""--job-id"",""job-dfc9619f565c1f98bb05b4033c2b9153a19cf18fca952834515ff683a486838d"",""--galaxy"",""IC 3383"",""--signal"",""/Users/zuha/Desktop/FKI/4 курс 2025-2026/course_work-SBF/data/IC 3383/jw07763-o072_t072_nircam_clear-f150w_i2d.fits"",""--color"",""/Users/zuha/Desktop/FKI/4 курс 2025-2026/course_work-SBF/data/IC 3383/jw07763-o072_t072_nircam_clear-f115w_i2d.fits"",""--signal-filter"",""F150W"",""--color-filter"",""F115W"",""--template"",""/Users/zuha/Desktop/FKI/4 курс 2025-2026/course_work-SBF/code/sbf-3.ipynb"",""--batch-root"",""/Users/zuha/Desktop/FKI/4 курс 2025-2026/course_work-SBF/runs/sbf3_go3055_go7763/batch"",""--products-root"",""/Users/zuha/Desktop/FKI/4 курс 2025-2026/course_work-SBF/runs/sbf3_go3055_go7763/products""]","{""supervision"":{""completed"":true,""detail"":null,""duration_seconds"":150.04171591700288,""ended_monotonic"":428879.73032375,""last_sample"":{""available_ram_bytes"":11872026624,""collector"":""psutil"",""disk"":{""free_bytes"":154544066560,""free_gib"":143.93037796020508,""path"":""/Users/zuha/Desktop/FKI/4 курс 2025-2026/course_work-SBF/data"",""total_bytes"":994662584320,""total_gib"":926.3517189025879,""used_bytes"":840118517760,""used_gib"":782.4213409423828},""disk_free_bytes"":154544066560,""monotonic"":428849.720076625,""pid"":29049,""swap"":{""free_bytes"":1388838912,""free_gib"":1.29345703125,""percent"":87.1,""total_bytes"":10737418240,""total_gib"":10.0,""used_bytes"":9348579328,""used_gib"":8.70654296875},""swap_used_bytes"":9348579328,""system_ram"":{""available_bytes"":11872026624,""available_gib"":11.056686401367188,""percent"":65.4,""total_bytes"":34359738368,""total_gib"":32.0,""used_bytes"":13041123328,""used_gib"":12.145492553710938},""timestamp_utc"":""2026-07-20T19:00:59.035+00:00"",""worker"":{""child_count"":1,""children_rss_bytes"":14843904,""children_rss_gib"":0.013824462890625,""pid"":29049,""rss_bytes"":7256195072,""rss_gib"":6.7578582763671875,""status"":""sleeping"",""total_rss_bytes"":7271038976,""total_rss_gib"":6.7716827392578125},""worker_children_rss_bytes"":14843904,""worker_rss_bytes"":7256195072,""worker_total_rss_bytes"":7271038976},""ok"":false,""reason"":""completed"",""returncode"":1,""sample_count"":5,""signal_name"":null,""started_monotonic"":428729.688607833,""termination"":null}}"
117,run-20260720T164920Z-5f8824d560b3-6a51d38a,job-b1e48d7d87779d4d15d263f3e6391b739b7f47c9d80d2b2ff8a443e22005a0b8,7763,o070_t070,IC 3388,1,FAILED,30041,1784574089.182515,1784574209.2268171,120.04430222511292,1,/Users/zuha/Desktop/FKI/4 курс 2025-2026/course_work-SBF/runs/sbf3_go3055_go7763/batch/IC_3388__F150W__F115W__b1e48d7d8777_result.log,worker exited 1; required artifacts are absent or invalid,"[""/Users/zuha/Desktop/FKI/4 курс 2025-2026/course_work-SBF/astro_env/bin/python3"",""/Users/zuha/Desktop/FKI/4 курс 2025-2026/course_work-SBF/code/run_sbf_batch.py"",""--worker"",""--job-id"",""job-b1e48d7d87779d4d15d263f3e6391b739b7f47c9d80d2b2ff8a443e22005a0b8"",""--galaxy"",""IC 3388"",""--signal"",""/Users/zuha/Desktop/FKI/4 курс 2025-2026/course_work-SBF/data/IC 3388/jw07763-o070_t070_nircam_clear-f150w_i2d.fits"",""--color"",""/Users/zuha/Desktop/FKI/4 курс 2025-2026/course_work-SBF/data/IC 3388/jw07763-o070_t070_nircam_clear-f115w_i2d.fits"",""--signal-filter"",""F150W"",""--color-filter"",""F115W"",""--template"",""/Users/zuha/Desktop/FKI/4 курс 2025-2026/course_work-SBF/code/sbf-3.ipynb"",""--batch-root"",""/Users/zuha/Desktop/FKI/4 курс 2025-2026/course_work-SBF/runs/sbf3_go3055_go7763/batch"",""--products-root"",""/Users/zuha/Desktop/FKI/4 курс 2025-2026/course_work-SBF/runs/sbf3_go3055_go7763/products""]","{""supervision"":{""completed"":true,""detail"":null,""duration_seconds"":120.03267437499017,""ended_monotonic"":428999.900857083,""last_sample"":{""available_ram_bytes"":11341971456,""collector"":""psutil"",""disk"":{""free_bytes"":155150864384,""free_gib"":144.49550247192383,""path"":""/Users/zuha/Desktop/FKI/4 курс 2025-2026/course_work-SBF/data"",""total_bytes"":994662584320,""total_gib"":926.3517189025879,""used_bytes"":839511719936,""used_gib"":781.8562164306641},""disk_free_bytes"":155150864384,""monotonic"":428969.890620458,""pid"":30041,""swap"":{""free_bytes"":1388838912,""free_gib"":1.29345703125,""percent"":87.1,""total_bytes"":10737418240,""total_gib"":10.0,""used_bytes"":9348579328,""used_gib"":8.70654296875},""swap_used_bytes"":9348579328,""system_ram"":{""available_bytes"":11341971456,""available_gib"":10.563034057617188,""percent"":67.0,""total_bytes"":34359738368,""total_gib"":32.0,""used_bytes"":13900169216,""used_gib"":12.945541381835938},""timestamp_utc"":""2026-07-20T19:02:59.205+00:00"",""worker"":{""child_count"":9,""children_rss_bytes"":1386774528,""children_rss_gib"":1.291534423828125,""pid"":30041,""rss_bytes"":5973835776,""rss_gib"":5.563568115234375,""status"":""sleeping"",""total_rss_bytes"":7360610304,""total_rss_gib"":6.8551025390625},""worker_children_rss_bytes"":1386774528,""worker_rss_bytes"":5973835776,""worker_total_rss_bytes"":7360610304},""ok"":false,""reason"":""completed"",""returncode"":1,""sample_count"":4,""signal_name"":null,""started_monotonic"":428879.868182708,""termination"":null}}"
118,run-20260720T164920Z-5f8824d560b3-6a51d38a,job-6391437cae2b14b2dde7c0f79e44313407e273f34e9d972b6345e0c6396fdf62,7763,o058_t058,IC 3393,1,SUCCEEDED,30841,1784574209.392031,1784577870.741894,3661.349863052368,0,/Users/zuha/Desktop/FKI/4 курс 2025-2026/course_work-SBF/runs/sbf3_go3055_go7763/batch/IC_3393__F150W__F115W__6391437cae2b_result.log,,"[""/Users/zuha/Desktop/FKI/4 курс 2025-2026/course_work-SBF/astro_env/bin/python3"",""/Users/zuha/Desktop/FKI/4 курс 2025-2026/course_work-SBF/code/run_sbf_batch.py"",""--worker"",""--job-id"",""job-6391437cae2b14b2dde7c0f79e44313407e273f34e9d972b6345e0c6396fdf62"",""--galaxy"",""IC 3393"",""--signal"",""/Users/zuha/Desktop/FKI/4 курс 2025-2026/course_work-SBF/data/IC 3393/jw07763-o058_t058_nircam_clear-f150w_i2d.fits"",""--color"",""/Users/zuha/Desktop/FKI/4 курс 2025-2026/course_work-SBF/data/IC 3393/jw07763-o058_t058_nircam_clear-f115w_i2d.fits"",""--signal-filter"",""F150W"",""--color-filter"",""F115W"",""--template"",""/Users/zuha/Desktop/FKI/4 курс 2025-2026/course_work-SBF/code/sbf-3.ipynb"",""--batch-root"",""/Users/zuha/Desktop/FKI/4 курс 2025-2026/course_work-SBF/runs/sbf3_go3055_go7763/batch"",""--products-root"",""/Users/zuha/Desktop/FKI/4 курс 2025-2026/course_work-SBF/runs/sbf3_go3055_go7763/products""]","{""supervision"":{""completed"":true,""detail"":null,""duration_seconds"":3661.0020862919628,""ended_monotonic"":432661.080369583,""last_sample"":{""available_ram_bytes"":9249488896,""collector"":""psutil"",""disk"":{""free_bytes"":153045524480,""free_gib"":142.53475189208984,""path"":""/Users/zuha/Desktop/FKI/4 курс 2025-2026/course_work-SBF/data"",""total_bytes"":994662584320,""total_gib"":926.3517189025879,""used_bytes"":841617059840,""used_gib"":783.816967010498},""disk_free_bytes"":153045524480,""monotonic"":432631.070139125,""pid"":30841,""swap"":{""free_bytes"":1158676480,""free_gib"":1.0791015625,""percent"":89.2,""total_bytes"":10737418240,""total_gib"":10.0,""used_bytes"":9578741760,""used_gib"":8.9208984375},""swap_used_bytes"":9578741760,""system_ram"":{""available_bytes"":9249488896,""available_gib"":8.6142578125,""percent"":73.1,""total_bytes"":34359738368,""total_gib"":32.0,""used_bytes"":9824518144,""used_gib"":9.149795532226562},""timestamp_utc"":""2026-07-20T20:04:00.255+00:00"",""worker"":{""child_count"":1,""children_rss_bytes"":5439488,""children_rss_gib"":0.00506591796875,""pid"":30841,""rss_bytes"":5316755456,""rss_gib"":4.9516143798828125,""status"":""sleeping"",""total_rss_bytes"":5322194944,""total_rss_gib"":4.9566802978515625},""worker_children_rss_bytes"":5439488,""worker_rss_bytes"":5316755456,""worker_total_rss_bytes"":5322194944},""ok"":true,""reason"":""completed"",""returncode"":0,""sample_count"":122,""signal_name"":null,""started_monotonic"":429000.078283291,""termination"":null}}"
119,run-20260720T164920Z-5f8824d560b3-6a51d38a,job-2e91649b320028a6597d5347ace16b3461bd0055fdf7d3adab968fcf50af5bea,7763,o075_t075,IC 3437,1,SUCCEEDED,59945,1784577870.899308,1784581232.2972422,3361.3979341983795,0,/Users/zuha/Desktop/FKI/4 курс 2025-2026/course_work-SBF/runs/sbf3_go3055_go7763/batch/IC_3437__F150W__F115W__2e91649b3200_result.log,,"[""/Users/zuha/Desktop/FKI/4 курс 2025-2026/course_work-SBF/astro_env/bin/python3"",""/Users/zuha/Desktop/FKI/4 курс 2025-2026/course_work-SBF/code/run_sbf_batch.py"",""--worker"",""--job-id"",""job-2e91649b320028a6597d5347ace16b3461bd0055fdf7d3adab968fcf50af5bea"",""--galaxy"",""IC 3437"",""--signal"",""/Users/zuha/Desktop/FKI/4 курс 2025-2026/course_work-SBF/data/IC 3437/jw07763-o075_t075_nircam_clear-f150w_i2d.fits"",""--color"",""/Users/zuha/Desktop/FKI/4 курс 2025-2026/course_work-SBF/data/IC 3437/jw07763-o075_t075_nircam_clear-f115w_i2d.fits"",""--signal-filter"",""F150W"",""--color-filter"",""F115W"",""--template"",""/Users/zuha/Desktop/FKI/4 курс 2025-2026/course_work-SBF/code/sbf-3.ipynb"",""--batch-root"",""/Users/zuha/Desktop/FKI/4 курс 2025-2026/course_work-SBF/runs/sbf3_go3055_go7763/batch"",""--products-root"",""/Users/zuha/Desktop/FKI/4 курс 2025-2026/course_work-SBF/runs/sbf3_go3055_go7763/products""]","{""supervision"":{""completed"":true,""detail"":null,""duration_seconds"":3360.9723062499543,""ended_monotonic"":436022.687841083,""last_sample"":{""available_ram_bytes"":8943910912,""collector"":""psutil"",""disk"":{""free_bytes"":150391955456,""free_gib"":140.06342315673828,""path"":""/Users/zuha/Desktop/FKI/4 курс 2025-2026/course_work-SBF/data"",""total_bytes"":994662584320,""total_gib"":926.3517189025879,""used_bytes"":844270628864,""used_gib"":786.2882957458496},""disk_free_bytes"":150391955456,""monotonic"":435992.677718291,""pid"":59945,""swap"":{""free_bytes"":1192230912,""free_gib"":1.1103515625,""percent"":88.9,""total_bytes"":10737418240,""total_gib"":10.0,""used_bytes"":9545187328,""used_gib"":8.8896484375},""swap_used_bytes"":9545187328,""system_ram"":{""available_bytes"":8943910912,""available_gib"":8.329666137695312,""percent"":74.0,""total_bytes"":34359738368,""total_gib"":32.0,""used_bytes"":10135617536,""used_gib"":9.439529418945312},""timestamp_utc"":""2026-07-20T21:00:01.817+00:00"",""worker"":{""child_count"":1,""children_rss_bytes"":5439488,""children_rss_gib"":0.00506591796875,""pid"":59945,""rss_bytes"":5364449280,""rss_gib"":4.99603271484375,""status"":""sleeping"",""total_rss_bytes"":5369888768,""total_rss_gib"":5.0010986328125},""worker_children_rss_bytes"":5439488,""worker_rss_bytes"":5364449280,""worker_total_rss_bytes"":5369888768},""ok"":true,""reason"":""completed"",""returncode"":0,""sample_count"":112,""signal_name"":null,""started_monotonic"":432661.715534833,""termination"":null}}"
120,run-20260720T164920Z-5f8824d560b3-6a51d38a,job-240047d6ad5dc73cfd4c360731d23b8d3128bfcd42c64e9ce5a7614a8dbe85d9,7763,o055_t055,IC 3442,1,FAILED,84780,1784581232.456406,1784581622.590451,390.1340448856354,1,/Users/zuha/Desktop/FKI/4 курс 2025-2026/course_work-SBF/runs/sbf3_go3055_go7763/batch/IC_3442__F150W__F115W__240047d6ad5d_result.log,worker exited 1; required artifacts are absent or invalid,"[""/Users/zuha/Desktop/FKI/4 курс 2025-2026/course_work-SBF/astro_env/bin/python3"",""/Users/zuha/Desktop/FKI/4 курс 2025-2026/course_work-SBF/code/run_sbf_batch.py"",""--worker"",""--job-id"",""job-240047d6ad5dc73cfd4c360731d23b8d3128bfcd42c64e9ce5a7614a8dbe85d9"",""--galaxy"",""IC 3442"",""--signal"",""/Users/zuha/Desktop/FKI/4 курс 2025-2026/course_work-SBF/data/IC 3442/jw07763-o055_t055_nircam_clear-f150w_i2d.fits"",""--color"",""/Users/zuha/Desktop/FKI/4 курс 2025-2026/course_work-SBF/data/IC 3442/jw07763-o055_t055_nircam_clear-f115w_i2d.fits"",""--signal-filter"",""F150W"",""--color-filter"",""F115W"",""--template"",""/Users/zuha/Desktop/FKI/4 курс 2025-2026/course_work-SBF/code/sbf-3.ipynb"",""--batch-root"",""/Users/zuha/Desktop/FKI/4 курс 2025-2026/course_work-SBF/runs/sbf3_go3055_go7763/batch"",""--products-root"",""/Users/zuha/Desktop/FKI/4 курс 2025-2026/course_work-SBF/runs/sbf3_go3055_go7763/products""]","{""supervision"":{""completed"":true,""detail"":null,""duration_seconds"":390.1257860829937,""ended_monotonic"":436413.444096166,""last_sample"":{""available_ram_bytes"":11982077952,""collector"":""psutil"",""disk"":{""free_bytes"":151370461184,""free_gib"":140.97472763061523,""path"":""/Users/zuha/Desktop/FKI/4 курс 2025-2026/course_work-SBF/data"",""total_bytes"":994662584320,""total_gib"":926.3517189025879,""used_bytes"":843292123136,""used_gib"":785.3769912719727},""disk_free_bytes"":151370461184,""monotonic"":436383.43386875,""pid"":84780,""swap"":{""free_bytes"":1217396736,""free_gib"":1.1337890625,""percent"":88.7,""total_bytes"":10737418240,""total_gib"":10.0,""used_bytes"":9520021504,""used_gib"":8.8662109375},""swap_used_bytes"":9520021504,""system_ram"":{""available_bytes"":11982077952,""available_gib"":11.1591796875,""percent"":65.1,""total_bytes"":34359738368,""total_gib"":32.0,""used_bytes"":13838712832,""used_gib"":12.8883056640625},""timestamp_utc"":""2026-07-20T21:06:32.569+00:00"",""worker"":{""child_count"":9,""children_rss_bytes"":1541783552,""children_rss_gib"":1.4358978271484375,""pid"":84780,""rss_bytes"":5925175296,""rss_gib"":5.51824951171875,""status"":""sleeping"",""total_rss_bytes"":7466958848,""total_rss_gib"":6.9541473388671875},""worker_children_rss_bytes"":1541783552,""worker_rss_bytes"":5925175296,""worker_total_rss_bytes"":7466958848},""ok"":false,""reason"":""completed"",""returncode"":1,""sample_count"":13,""signal_name"":null,""started_monotonic"":436023.318310083,""termination"":null}}"
121,run-20260720T164920Z-5f8824d560b3-6a51d38a,job-4999086c503725a77c7e89f77721b20a22967dae0d72118872b2b9c11e618c7b,7763,o076_t076,IC 3443,1,SUCCEEDED,87346,1784581622.723762,1784585194.2675478,3571.5437858104706,0,/Users/zuha/Desktop/FKI/4 курс 2025-2026/course_work-SBF/runs/sbf3_go3055_go7763/batch/IC_3443__F150W__F115W__4999086c5037_result.log,,"[""/Users/zuha/Desktop/FKI/4 курс 2025-2026/course_work-SBF/astro_env/bin/python3"",""/Users/zuha/Desktop/FKI/4 курс 2025-2026/course_work-SBF/code/run_sbf_batch.py"",""--worker"",""--job-id"",""job-4999086c503725a77c7e89f77721b20a22967dae0d72118872b2b9c11e618c7b"",""--galaxy"",""IC 3443"",""--signal"",""/Users/zuha/Desktop/FKI/4 курс 2025-2026/course_work-SBF/data/IC 3443/jw07763-o076_t076_nircam_clear-f150w_i2d.fits"",""--color"",""/Users/zuha/Desktop/FKI/4 курс 2025-2026/course_work-SBF/data/IC 3443/jw07763-o076_t076_nircam_clear-f115w_i2d.fits"",""--signal-filter"",""F150W"",""--color-filter"",""F115W"",""--template"",""/Users/zuha/Desktop/FKI/4 курс 2025-2026/course_work-SBF/code/sbf-3.ipynb"",""--batch-root"",""/Users/zuha/Desktop/FKI/4 курс 2025-2026/course_work-SBF/runs/sbf3_go3055_go7763/batch"",""--products-root"",""/Users/zuha/Desktop/FKI/4 курс 2025-2026/course_work-SBF/runs/sbf3_go3055_go7763/products""]","{""supervision"":{""completed"":true,""detail"":null,""duration_seconds"":3571.115196208004,""ended_monotonic"":439984.705377333,""last_sample"":{""available_ram_bytes"":8877637632,""collector"":""psutil"",""disk"":{""free_bytes"":150691979264,""free_gib"":140.34284210205078,""path"":""/Users/zuha/Desktop/FKI/4 курс 2025-2026/course_work-SBF/data"",""total_bytes"":994662584320,""total_gib"":926.3517189025879,""used_bytes"":843970605056,""used_gib"":786.0088768005371},""disk_free_bytes"":150691979264,""monotonic"":439954.695098791,""pid"":87346,""swap"":{""free_bytes"":1217396736,""free_gib"":1.1337890625,""percent"":88.7,""total_bytes"":10737418240,""total_gib"":10.0,""used_bytes"":9520021504,""used_gib"":8.8662109375},""swap_used_bytes"":9520021504,""system_ram"":{""available_bytes"":8877637632,""available_gib"":8.2679443359375,""percent"":74.2,""total_bytes"":34359738368,""total_gib"":32.0,""used_bytes"":9709256704,""used_gib"":9.042449951171875},""timestamp_utc"":""2026-07-20T22:06:03.790+00:00"",""worker"":{""child_count"":1,""children_rss_bytes"":5439488,""children_rss_gib"":0.00506591796875,""pid"":87346,""rss_bytes"":5417484288,""rss_gib"":5.0454254150390625,""status"":""sleeping"",""total_rss_bytes"":5422923776,""total_rss_gib"":5.0504913330078125},""worker_children_rss_bytes"":5439488,""worker_rss_bytes"":5417484288,""worker_total_rss_bytes"":5422923776},""ok"":true,""reason"":""completed"",""returncode"":0,""sample_count"":119,""signal_name"":null,""started_monotonic"":436413.590181125,""termination"":null}}"
122,run-20260720T164920Z-5f8824d560b3-6a51d38a,job-7305039fc431005aeb8f0848752d98f03c17d08f345683f407cea2171c762eee,7763,o057_t057,IC 3457,1,SUCCEEDED,11069,1784585194.4199731,1784588675.9819179,3481.5619447231293,0,/Users/zuha/Desktop/FKI/4 курс 2025-2026/course_work-SBF/runs/sbf3_go3055_go7763/batch/IC_3457__F150W__F115W__7305039fc431_result.log,,"[""/Users/zuha/Desktop/FKI/4 курс 2025-2026/course_work-SBF/astro_env/bin/python3"",""/Users/zuha/Desktop/FKI/4 курс 2025-2026/course_work-SBF/code/run_sbf_batch.py"",""--worker"",""--job-id"",""job-7305039fc431005aeb8f0848752d98f03c17d08f345683f407cea2171c762eee"",""--galaxy"",""IC 3457"",""--signal"",""/Users/zuha/Desktop/FKI/4 курс 2025-2026/course_work-SBF/data/IC 3457/jw07763-o057_t057_nircam_clear-f150w_i2d.fits"",""--color"",""/Users/zuha/Desktop/FKI/4 курс 2025-2026/course_work-SBF/data/IC 3457/jw07763-o057_t057_nircam_clear-f115w_i2d.fits"",""--signal-filter"",""F150W"",""--color-filter"",""F115W"",""--template"",""/Users/zuha/Desktop/FKI/4 курс 2025-2026/course_work-SBF/code/sbf-3.ipynb"",""--batch-root"",""/Users/zuha/Desktop/FKI/4 курс 2025-2026/course_work-SBF/runs/sbf3_go3055_go7763/batch"",""--products-root"",""/Users/zuha/Desktop/FKI/4 курс 2025-2026/course_work-SBF/runs/sbf3_go3055_go7763/products""]","{""supervision"":{""completed"":true,""detail"":null,""duration_seconds"":3481.1341627920046,""ended_monotonic"":443466.460919875,""last_sample"":{""available_ram_bytes"":9054715904,""collector"":""psutil"",""disk"":{""free_bytes"":149888245760,""free_gib"":139.59430694580078,""path"":""/Users/zuha/Desktop/FKI/4 курс 2025-2026/course_work-SBF/data"",""total_bytes"":994662584320,""total_gib"":926.3517189025879,""used_bytes"":844774338560,""used_gib"":786.7574119567871},""disk_free_bytes"":149888245760,""monotonic"":443436.450644708,""pid"":11069,""swap"":{""free_bytes"":1234173952,""free_gib"":1.1494140625,""percent"":88.5,""total_bytes"":10737418240,""total_gib"":10.0,""used_bytes"":9503244288,""used_gib"":8.8505859375},""swap_used_bytes"":9503244288,""system_ram"":{""available_bytes"":9054715904,""available_gib"":8.432861328125,""percent"":73.6,""total_bytes"":34359738368,""total_gib"":32.0,""used_bytes"":9908535296,""used_gib"":9.228042602539062},""timestamp_utc"":""2026-07-20T23:04:05.506+00:00"",""worker"":{""child_count"":1,""children_rss_bytes"":5439488,""children_rss_gib"":0.00506591796875,""pid"":11069,""rss_bytes"":5410848768,""rss_gib"":5.03924560546875,""status"":""sleeping"",""total_rss_bytes"":5416288256,""total_rss_gib"":5.0443115234375},""worker_children_rss_bytes"":5439488,""worker_rss_bytes"":5410848768,""worker_total_rss_bytes"":5416288256},""ok"":true,""reason"":""completed"",""returncode"":0,""sample_count"":116,""signal_name"":null,""started_monotonic"":439985.326757083,""termination"":null}}"
123,run-20260720T164920Z-5f8824d560b3-6a51d38a,job-3007825ec9c987b05eeb7ba3755e08a8895ed6624e893536ad2c283a1ce55684,7763,o059_t059,IC 3461,1,SUCCEEDED,33905,1784588676.130954,1784592427.793365,3751.6624109745026,0,/Users/zuha/Desktop/FKI/4 курс 2025-2026/course_work-SBF/runs/sbf3_go3055_go7763/batch/IC_3461__F150W__F115W__3007825ec9c9_result.log,,"[""/Users/zuha/Desktop/FKI/4 курс 2025-2026/course_work-SBF/astro_env/bin/python3"",""/Users/zuha/Desktop/FKI/4 курс 2025-2026/course_work-SBF/code/run_sbf_batch.py"",""--worker"",""--job-id"",""job-3007825ec9c987b05eeb7ba3755e08a8895ed6624e893536ad2c283a1ce55684"",""--galaxy"",""IC 3461"",""--signal"",""/Users/zuha/Desktop/FKI/4 курс 2025-2026/course_work-SBF/data/IC 3461/jw07763-o059_t059_nircam_clear-f150w_i2d.fits"",""--color"",""/Users/zuha/Desktop/FKI/4 курс 2025-2026/course_work-SBF/data/IC 3461/jw07763-o059_t059_nircam_clear-f115w_i2d.fits"",""--signal-filter"",""F150W"",""--color-filter"",""F115W"",""--template"",""/Users/zuha/Desktop/FKI/4 курс 2025-2026/course_work-SBF/code/sbf-3.ipynb"",""--batch-root"",""/Users/zuha/Desktop/FKI/4 курс 2025-2026/course_work-SBF/runs/sbf3_go3055_go7763/batch"",""--products-root"",""/Users/zuha/Desktop/FKI/4 курс 2025-2026/course_work-SBF/runs/sbf3_go3055_go7763/products""]","{""supervision"":{""completed"":true,""detail"":null,""duration_seconds"":3751.223866290995,""ended_monotonic"":447218.301008791,""last_sample"":{""available_ram_bytes"":8741830656,""collector"":""psutil"",""disk"":{""free_bytes"":148942114816,""free_gib"":138.71315383911133,""path"":""/Users/zuha/Desktop/FKI/4 курс 2025-2026/course_work-SBF/data"",""total_bytes"":994662584320,""total_gib"":926.3517189025879,""used_bytes"":845720469504,""used_gib"":787.6385650634766},""disk_free_bytes"":148942114816,""monotonic"":447188.290650208,""pid"":33905,""swap"":{""free_bytes"":1166213120,""free_gib"":1.08612060546875,""percent"":89.1,""total_bytes"":10737418240,""total_gib"":10.0,""used_bytes"":9571205120,""used_gib"":8.91387939453125},""swap_used_bytes"":9571205120,""system_ram"":{""available_bytes"":8741830656,""available_gib"":8.141464233398438,""percent"":74.6,""total_bytes"":34359738368,""total_gib"":32.0,""used_bytes"":9948004352,""used_gib"":9.264801025390625},""timestamp_utc"":""2026-07-21T00:06:37.303+00:00"",""worker"":{""child_count"":1,""children_rss_bytes"":5439488,""children_rss_gib"":0.00506591796875,""pid"":33905,""rss_bytes"":5441863680,""rss_gib"":5.0681304931640625,""status"":""sleeping"",""total_rss_bytes"":5447303168,""total_rss_gib"":5.0731964111328125},""worker_children_rss_bytes"":5439488,""worker_rss_bytes"":5441863680,""worker_total_rss_bytes"":5447303168},""ok"":true,""reason"":""completed"",""returncode"":0,""sample_count"":125,""signal_name"":null,""started_monotonic"":443467.0771425,""termination"":null}}"
124,run-20260720T164920Z-5f8824d560b3-6a51d38a,job-65f51acd1d83e9d768edb6e9c0cede8638b703c4391675dce9e30f0f362ca3a4,7763,o068_t068,IC 3466,1,FAILED,58475,1784592427.9490108,1784592517.987587,90.03857612609863,1,/Users/zuha/Desktop/FKI/4 курс 2025-2026/course_work-SBF/runs/sbf3_go3055_go7763/batch/IC_3466__F150W__F115W__65f51acd1d83_result.log,worker exited 1; required artifacts are absent or invalid,"[""/Users/zuha/Desktop/FKI/4 курс 2025-2026/course_work-SBF/astro_env/bin/python3"",""/Users/zuha/Desktop/FKI/4 курс 2025-2026/course_work-SBF/code/run_sbf_batch.py"",""--worker"",""--job-id"",""job-65f51acd1d83e9d768edb6e9c0cede8638b703c4391675dce9e30f0f362ca3a4"",""--galaxy"",""IC 3466"",""--signal"",""/Users/zuha/Desktop/FKI/4 курс 2025-2026/course_work-SBF/data/IC 3466/jw07763-o068_t068_nircam_clear-f150w_i2d.fits"",""--color"",""/Users/zuha/Desktop/FKI/4 курс 2025-2026/course_work-SBF/data/IC 3466/jw07763-o068_t068_nircam_clear-f115w_i2d.fits"",""--signal-filter"",""F150W"",""--color-filter"",""F115W"",""--template"",""/Users/zuha/Desktop/FKI/4 курс 2025-2026/course_work-SBF/code/sbf-3.ipynb"",""--batch-root"",""/Users/zuha/Desktop/FKI/4 курс 2025-2026/course_work-SBF/runs/sbf3_go3055_go7763/batch"",""--products-root"",""/Users/zuha/Desktop/FKI/4 курс 2025-2026/course_work-SBF/runs/sbf3_go3055_go7763/products""]","{""supervision"":{""completed"":true,""detail"":null,""duration_seconds"":90.03027066698996,""ended_monotonic"":447308.968089625,""last_sample"":{""available_ram_bytes"":12313575424,""collector"":""psutil"",""disk"":{""free_bytes"":148746076160,""free_gib"":138.53057861328125,""path"":""/Users/zuha/Desktop/FKI/4 курс 2025-2026/course_work-SBF/data"",""total_bytes"":994662584320,""total_gib"":926.3517189025879,""used_bytes"":845916508160,""used_gib"":787.8211402893066},""disk_free_bytes"":148746076160,""monotonic"":447278.95797725,""pid"":58475,""swap"":{""free_bytes"":1166213120,""free_gib"":1.08612060546875,""percent"":89.1,""total_bytes"":10737418240,""total_gib"":10.0,""used_bytes"":9571205120,""used_gib"":8.91387939453125},""swap_used_bytes"":9571205120,""system_ram"":{""available_bytes"":12313575424,""available_gib"":11.467910766601562,""percent"":64.2,""total_bytes"":34359738368,""total_gib"":32.0,""used_bytes"":12700483584,""used_gib"":11.8282470703125},""timestamp_utc"":""2026-07-21T00:08:07.970+00:00"",""worker"":{""child_count"":9,""children_rss_bytes"":1831223296,""children_rss_gib"":1.7054595947265625,""pid"":58475,""rss_bytes"":5964480512,""rss_gib"":5.5548553466796875,""status"":""sleeping"",""total_rss_bytes"":7795703808,""total_rss_gib"":7.26031494140625},""worker_children_rss_bytes"":1831223296,""worker_rss_bytes"":5964480512,""worker_total_rss_bytes"":7795703808},""ok"":false,""reason"":""completed"",""returncode"":1,""sample_count"":3,""signal_name"":null,""started_monotonic"":447218.937818958,""termination"":null}}"
125,run-20260720T164920Z-5f8824d560b3-6a51d38a,job-6599880840b927b535336f66c4c1eb322174a301bfdbc7bd2d54ff21ccae17ed,7763,o046_t046,IC 3468,1,SUCCEEDED,59064,1784592518.117876,1784596479.830614,3961.7127380371094,0,/Users/zuha/Desktop/FKI/4 курс 2025-2026/course_work-SBF/runs/sbf3_go3055_go7763/batch/IC_3468__F150W__F115W__6599880840b9_result.log,,"[""/Users/zuha/Desktop/FKI/4 курс 2025-2026/course_work-SBF/astro_env/bin/python3"",""/Users/zuha/Desktop/FKI/4 курс 2025-2026/course_work-SBF/code/run_sbf_batch.py"",""--worker"",""--job-id"",""job-6599880840b927b535336f66c4c1eb322174a301bfdbc7bd2d54ff21ccae17ed"",""--galaxy"",""IC 3468"",""--signal"",""/Users/zuha/Desktop/FKI/4 курс 2025-2026/course_work-SBF/data/IC 3468/jw07763-o046_t046_nircam_clear-f150w_i2d.fits"",""--color"",""/Users/zuha/Desktop/FKI/4 курс 2025-2026/course_work-SBF/data/IC 3468/jw07763-o046_t046_nircam_clear-f115w_i2d.fits"",""--signal-filter"",""F150W"",""--color-filter"",""F115W"",""--template"",""/Users/zuha/Desktop/FKI/4 курс 2025-2026/course_work-SBF/code/sbf-3.ipynb"",""--batch-root"",""/Users/zuha/Desktop/FKI/4 курс 2025-2026/course_work-SBF/runs/sbf3_go3055_go7763/batch"",""--products-root"",""/Users/zuha/Desktop/FKI/4 курс 2025-2026/course_work-SBF/runs/sbf3_go3055_go7763/products""]","{""supervision"":{""completed"":true,""detail"":null,""duration_seconds"":3960.982065249991,""ended_monotonic"":451270.089461958,""last_sample"":{""available_ram_bytes"":7096418304,""collector"":""psutil"",""disk"":{""free_bytes"":145288769536,""free_gib"":135.31071090698242,""path"":""/Users/zuha/Desktop/FKI/4 курс 2025-2026/course_work-SBF/data"",""total_bytes"":994662584320,""total_gib"":926.3517189025879,""used_bytes"":849373814784,""used_gib"":791.0410079956055},""disk_free_bytes"":145288769536,""monotonic"":451240.0890705,""pid"":59064,""swap"":{""free_bytes"":865599488,""free_gib"":0.80615234375,""percent"":92.7,""total_bytes"":11811160064,""total_gib"":11.0,""used_bytes"":10945560576,""used_gib"":10.19384765625},""swap_used_bytes"":10945560576,""system_ram"":{""available_bytes"":7096418304,""available_gib"":6.6090545654296875,""percent"":79.3,""total_bytes"":34359738368,""total_gib"":32.0,""used_bytes"":8617377792,""used_gib"":8.025558471679688},""timestamp_utc"":""2026-07-21T01:14:09.344+00:00"",""worker"":{""child_count"":1,""children_rss_bytes"":5111808,""children_rss_gib"":0.0047607421875,""pid"":59064,""rss_bytes"":5053169664,""rss_gib"":4.7061309814453125,""status"":""sleeping"",""total_rss_bytes"":5058281472,""total_rss_gib"":4.7108917236328125},""worker_children_rss_bytes"":5111808,""worker_rss_bytes"":5053169664,""worker_total_rss_bytes"":5058281472},""ok"":true,""reason"":""completed"",""returncode"":0,""sample_count"":132,""signal_name"":null,""started_monotonic"":447309.107396708,""termination"":null}}"
126,run-20260720T164920Z-5f8824d560b3-6a51d38a,job-64a7dbddcd03f1447aaaf3adfdf39ae33d5449850a1fca6b3f3696b34891fa84,7763,o054_t054,IC 3470,1,SUCCEEDED,90903,1784596480.007375,1784600801.138883,4321.131508111954,0,/Users/zuha/Desktop/FKI/4 курс 2025-2026/course_work-SBF/runs/sbf3_go3055_go7763/batch/IC_3470__F150W__F115W__64a7dbddcd03_result.log,,"[""/Users/zuha/Desktop/FKI/4 курс 2025-2026/course_work-SBF/astro_env/bin/python3"",""/Users/zuha/Desktop/FKI/4 курс 2025-2026/course_work-SBF/code/run_sbf_batch.py"",""--worker"",""--job-id"",""job-64a7dbddcd03f1447aaaf3adfdf39ae33d5449850a1fca6b3f3696b34891fa84"",""--galaxy"",""IC 3470"",""--signal"",""/Users/zuha/Desktop/FKI/4 курс 2025-2026/course_work-SBF/data/IC 3470/jw07763-o054_t054_nircam_clear-f150w_i2d.fits"",""--color"",""/Users/zuha/Desktop/FKI/4 курс 2025-2026/course_work-SBF/data/IC 3470/jw07763-o054_t054_nircam_clear-f115w_i2d.fits"",""--signal-filter"",""F150W"",""--color-filter"",""F115W"",""--template"",""/Users/zuha/Desktop/FKI/4 курс 2025-2026/course_work-SBF/code/sbf-3.ipynb"",""--batch-root"",""/Users/zuha/Desktop/FKI/4 курс 2025-2026/course_work-SBF/runs/sbf3_go3055_go7763/batch"",""--products-root"",""/Users/zuha/Desktop/FKI/4 курс 2025-2026/course_work-SBF/runs/sbf3_go3055_go7763/products""]","{""supervision"":{""completed"":true,""detail"":null,""duration_seconds"":4320.590274667018,""ended_monotonic"":455591.344571708,""last_sample"":{""available_ram_bytes"":9526018048,""collector"":""psutil"",""disk"":{""free_bytes"":198200107008,""free_gib"":184.5882339477539,""path"":""/Users/zuha/Desktop/FKI/4 курс 2025-2026/course_work-SBF/data"",""total_bytes"":994662584320,""total_gib"":926.3517189025879,""used_bytes"":796462477312,""used_gib"":741.763484954834},""disk_free_bytes"":198200107008,""monotonic"":455561.338367708,""pid"":90903,""swap"":{""free_bytes"":899284992,""free_gib"":0.8375244140625,""percent"":95.1,""total_bytes"":18253611008,""total_gib"":17.0,""used_bytes"":17354326016,""used_gib"":16.1624755859375},""swap_used_bytes"":17354326016,""system_ram"":{""available_bytes"":9526018048,""available_gib"":8.871795654296875,""percent"":72.3,""total_bytes"":34359738368,""total_gib"":32.0,""used_bytes"":12497977344,""used_gib"":11.6396484375},""timestamp_utc"":""2026-07-21T02:26:10.661+00:00"",""worker"":{""child_count"":1,""children_rss_bytes"":2228224,""children_rss_gib"":0.0020751953125,""pid"":90903,""rss_bytes"":6665224192,""rss_gib"":6.2074737548828125,""status"":""sleeping"",""total_rss_bytes"":6667452416,""total_rss_gib"":6.2095489501953125},""worker_children_rss_bytes"":2228224,""worker_rss_bytes"":6665224192,""worker_total_rss_bytes"":6667452416},""ok"":true,""reason"":""completed"",""returncode"":0,""sample_count"":144,""signal_name"":null,""started_monotonic"":451270.754297041,""termination"":null}}"
127,run-20260720T164920Z-5f8824d560b3-6a51d38a,job-61fe7f542274d5a8ef9211ec20fb46b0328089f3d1fc31cdc1fa0057deb0ab44,7763,o047_t047,IC 3475,1,FAILED,33829,1784600801.309618,1784601311.379034,510.0694160461426,1,/Users/zuha/Desktop/FKI/4 курс 2025-2026/course_work-SBF/runs/sbf3_go3055_go7763/batch/IC_3475__F150W__F115W__61fe7f542274_result.log,worker exited 1; required artifacts are absent or invalid,"[""/Users/zuha/Desktop/FKI/4 курс 2025-2026/course_work-SBF/astro_env/bin/python3"",""/Users/zuha/Desktop/FKI/4 курс 2025-2026/course_work-SBF/code/run_sbf_batch.py"",""--worker"",""--job-id"",""job-61fe7f542274d5a8ef9211ec20fb46b0328089f3d1fc31cdc1fa0057deb0ab44"",""--galaxy"",""IC 3475"",""--signal"",""/Users/zuha/Desktop/FKI/4 курс 2025-2026/course_work-SBF/data/IC 3475/jw07763-o047_t047_nircam_clear-f150w_i2d.fits"",""--color"",""/Users/zuha/Desktop/FKI/4 курс 2025-2026/course_work-SBF/data/IC 3475/jw07763-o047_t047_nircam_clear-f115w_i2d.fits"",""--signal-filter"",""F150W"",""--color-filter"",""F115W"",""--template"",""/Users/zuha/Desktop/FKI/4 курс 2025-2026/course_work-SBF/code/sbf-3.ipynb"",""--batch-root"",""/Users/zuha/Desktop/FKI/4 курс 2025-2026/course_work-SBF/runs/sbf3_go3055_go7763/batch"",""--products-root"",""/Users/zuha/Desktop/FKI/4 курс 2025-2026/course_work-SBF/runs/sbf3_go3055_go7763/products""]","{""supervision"":{""completed"":true,""detail"":null,""duration_seconds"":510.0550788330147,""ended_monotonic"":456102.042834208,""last_sample"":{""available_ram_bytes"":12713279488,""collector"":""psutil"",""disk"":{""free_bytes"":209299873792,""free_gib"":194.92569732666016,""path"":""/Users/zuha/Desktop/FKI/4 курс 2025-2026/course_work-SBF/data"",""total_bytes"":994662584320,""total_gib"":926.3517189025879,""used_bytes"":785362710528,""used_gib"":731.4260215759277},""disk_free_bytes"":209299873792,""monotonic"":456072.042388833,""pid"":33829,""swap"":{""free_bytes"":1125777408,""free_gib"":1.0484619140625,""percent"":93.8,""total_bytes"":18253611008,""total_gib"":17.0,""used_bytes"":17127833600,""used_gib"":15.9515380859375},""swap_used_bytes"":17127833600,""system_ram"":{""available_bytes"":12713279488,""available_gib"":11.840164184570312,""percent"":63.0,""total_bytes"":34359738368,""total_gib"":32.0,""used_bytes"":12564234240,""used_gib"":11.70135498046875},""timestamp_utc"":""2026-07-21T02:34:41.366+00:00"",""worker"":{""child_count"":9,""children_rss_bytes"":433160192,""children_rss_gib"":0.403411865234375,""pid"":33829,""rss_bytes"":41369600,""rss_gib"":0.0385284423828125,""status"":""sleeping"",""total_rss_bytes"":474529792,""total_rss_gib"":0.4419403076171875},""worker_children_rss_bytes"":433160192,""worker_rss_bytes"":41369600,""worker_total_rss_bytes"":474529792},""ok"":false,""reason"":""completed"",""returncode"":1,""sample_count"":17,""signal_name"":null,""started_monotonic"":455591.987755375,""termination"":null}}"
128,run-20260720T164920Z-5f8824d560b3-6a51d38a,job-4211913ef367c80d671491e406541f9c8267da6522c945521133c8825da3d494,7763,o060_t060,IC 3486,1,SUCCEEDED,38668,1784601311.586324,1784605243.041376,3931.455052137375,0,/Users/zuha/Desktop/FKI/4 курс 2025-2026/course_work-SBF/runs/sbf3_go3055_go7763/batch/IC_3486__F150W__F115W__4211913ef367_result.log,,"[""/Users/zuha/Desktop/FKI/4 курс 2025-2026/course_work-SBF/astro_env/bin/python3"",""/Users/zuha/Desktop/FKI/4 курс 2025-2026/course_work-SBF/code/run_sbf_batch.py"",""--worker"",""--job-id"",""job-4211913ef367c80d671491e406541f9c8267da6522c945521133c8825da3d494"",""--galaxy"",""IC 3486"",""--signal"",""/Users/zuha/Desktop/FKI/4 курс 2025-2026/course_work-SBF/data/IC 3486/jw07763-o060_t060_nircam_clear-f150w_i2d.fits"",""--color"",""/Users/zuha/Desktop/FKI/4 курс 2025-2026/course_work-SBF/data/IC 3486/jw07763-o060_t060_nircam_clear-f115w_i2d.fits"",""--signal-filter"",""F150W"",""--color-filter"",""F115W"",""--template"",""/Users/zuha/Desktop/FKI/4 курс 2025-2026/course_work-SBF/code/sbf-3.ipynb"",""--batch-root"",""/Users/zuha/Desktop/FKI/4 курс 2025-2026/course_work-SBF/runs/sbf3_go3055_go7763/batch"",""--products-root"",""/Users/zuha/Desktop/FKI/4 курс 2025-2026/course_work-SBF/runs/sbf3_go3055_go7763/products""]","{""supervision"":{""completed"":true,""detail"":null,""duration_seconds"":3930.84363770904,""ended_monotonic"":460033.107305,""last_sample"":{""available_ram_bytes"":15458353152,""collector"":""psutil"",""disk"":{""free_bytes"":212941369344,""free_gib"":198.3171043395996,""path"":""/Users/zuha/Desktop/FKI/4 курс 2025-2026/course_work-SBF/data"",""total_bytes"":994662584320,""total_gib"":926.3517189025879,""used_bytes"":781721214976,""used_gib"":728.0346145629883},""disk_free_bytes"":212941369344,""monotonic"":460003.097060583,""pid"":38668,""swap"":{""free_bytes"":1245118464,""free_gib"":1.15960693359375,""percent"":94.5,""total_bytes"":22548578304,""total_gib"":21.0,""used_bytes"":21303459840,""used_gib"":19.84039306640625},""swap_used_bytes"":21303459840,""system_ram"":{""available_bytes"":15458353152,""available_gib"":14.396713256835938,""percent"":55.0,""total_bytes"":34359738368,""total_gib"":32.0,""used_bytes"":16313155584,""used_gib"":15.19281005859375},""timestamp_utc"":""2026-07-21T03:40:12.541+00:00"",""worker"":{""child_count"":1,""children_rss_bytes"":2326528,""children_rss_gib"":0.002166748046875,""pid"":38668,""rss_bytes"":9500360704,""rss_gib"":8.847900390625,""status"":""sleeping"",""total_rss_bytes"":9502687232,""total_rss_gib"":8.850067138671875},""worker_children_rss_bytes"":2326528,""worker_rss_bytes"":9500360704,""worker_total_rss_bytes"":9502687232},""ok"":true,""reason"":""completed"",""returncode"":0,""sample_count"":131,""signal_name"":null,""started_monotonic"":456102.263667291,""termination"":null}}"
129,run-20260720T164920Z-5f8824d560b3-6a51d38a,job-3b1dadec3ba5f24c3945e660325ab0375b543971513c0ad7c3d2344a88f5fb47,7763,o065_t065,IC 3492,1,FAILED,62584,1784605243.2079518,1784605333.2519522,90.04400038719177,1,/Users/zuha/Desktop/FKI/4 курс 2025-2026/course_work-SBF/runs/sbf3_go3055_go7763/batch/IC_3492__F150W__F115W__3b1dadec3ba5_result.log,worker exited 1; required artifacts are absent or invalid,"[""/Users/zuha/Desktop/FKI/4 курс 2025-2026/course_work-SBF/astro_env/bin/python3"",""/Users/zuha/Desktop/FKI/4 курс 2025-2026/course_work-SBF/code/run_sbf_batch.py"",""--worker"",""--job-id"",""job-3b1dadec3ba5f24c3945e660325ab0375b543971513c0ad7c3d2344a88f5fb47"",""--galaxy"",""IC 3492"",""--signal"",""/Users/zuha/Desktop/FKI/4 курс 2025-2026/course_work-SBF/data/IC 3492/jw07763-o065_t065_nircam_clear-f150w_i2d.fits"",""--color"",""/Users/zuha/Desktop/FKI/4 курс 2025-2026/course_work-SBF/data/IC 3492/jw07763-o065_t065_nircam_clear-f115w_i2d.fits"",""--signal-filter"",""F150W"",""--color-filter"",""F115W"",""--template"",""/Users/zuha/Desktop/FKI/4 курс 2025-2026/course_work-SBF/code/sbf-3.ipynb"",""--batch-root"",""/Users/zuha/Desktop/FKI/4 курс 2025-2026/course_work-SBF/runs/sbf3_go3055_go7763/batch"",""--products-root"",""/Users/zuha/Desktop/FKI/4 курс 2025-2026/course_work-SBF/runs/sbf3_go3055_go7763/products""]","{""supervision"":{""completed"":true,""detail"":null,""duration_seconds"":90.030373333022,""ended_monotonic"":460123.795895583,""last_sample"":{""available_ram_bytes"":14670970880,""collector"":""psutil"",""disk"":{""free_bytes"":212625760256,""free_gib"":198.0231704711914,""path"":""/Users/zuha/Desktop/FKI/4 курс 2025-2026/course_work-SBF/data"",""total_bytes"":994662584320,""total_gib"":926.3517189025879,""used_bytes"":782036824064,""used_gib"":728.3285484313965},""disk_free_bytes"":212625760256,""monotonic"":460093.785676791,""pid"":62584,""swap"":{""free_bytes"":1597505536,""free_gib"":1.48779296875,""percent"":92.9,""total_bytes"":22548578304,""total_gib"":21.0,""used_bytes"":20951072768,""used_gib"":19.51220703125},""swap_used_bytes"":20951072768,""system_ram"":{""available_bytes"":14670970880,""available_gib"":13.663406372070312,""percent"":57.3,""total_bytes"":34359738368,""total_gib"":32.0,""used_bytes"":17199546368,""used_gib"":16.018325805664062},""timestamp_utc"":""2026-07-21T03:41:43.230+00:00"",""worker"":{""child_count"":9,""children_rss_bytes"":1540800512,""children_rss_gib"":1.4349822998046875,""pid"":62584,""rss_bytes"":5929451520,""rss_gib"":5.5222320556640625,""status"":""sleeping"",""total_rss_bytes"":7470252032,""total_rss_gib"":6.95721435546875},""worker_children_rss_bytes"":1540800512,""worker_rss_bytes"":5929451520,""worker_total_rss_bytes"":7470252032},""ok"":false,""reason"":""completed"",""returncode"":1,""sample_count"":3,""signal_name"":null,""started_monotonic"":460033.76552225,""termination"":null}}"
130,run-20260720T164920Z-5f8824d560b3-6a51d38a,job-ef76bdd3999e8959cad3388723d8b43c642fed4f4e86118982f15a640193a650,7763,o069_t069,IC 3635,1,FAILED,62962,1784605333.407796,1784605513.471183,180.06338715553284,1,/Users/zuha/Desktop/FKI/4 курс 2025-2026/course_work-SBF/runs/sbf3_go3055_go7763/batch/IC_3635__F150W__F115W__ef76bdd3999e_result.log,worker exited 1; required artifacts are absent or invalid,"[""/Users/zuha/Desktop/FKI/4 курс 2025-2026/course_work-SBF/astro_env/bin/python3"",""/Users/zuha/Desktop/FKI/4 курс 2025-2026/course_work-SBF/code/run_sbf_batch.py"",""--worker"",""--job-id"",""job-ef76bdd3999e8959cad3388723d8b43c642fed4f4e86118982f15a640193a650"",""--galaxy"",""IC 3635"",""--signal"",""/Users/zuha/Desktop/FKI/4 курс 2025-2026/course_work-SBF/data/IC 3635/jw07763-o069_t069_nircam_clear-f150w_i2d.fits"",""--color"",""/Users/zuha/Desktop/FKI/4 курс 2025-2026/course_work-SBF/data/IC 3635/jw07763-o069_t069_nircam_clear-f115w_i2d.fits"",""--signal-filter"",""F150W"",""--color-filter"",""F115W"",""--template"",""/Users/zuha/Desktop/FKI/4 курс 2025-2026/course_work-SBF/code/sbf-3.ipynb"",""--batch-root"",""/Users/zuha/Desktop/FKI/4 курс 2025-2026/course_work-SBF/runs/sbf3_go3055_go7763/batch"",""--products-root"",""/Users/zuha/Desktop/FKI/4 курс 2025-2026/course_work-SBF/runs/sbf3_go3055_go7763/products""]","{""supervision"":{""completed"":true,""detail"":null,""duration_seconds"":180.05123624997213,""ended_monotonic"":460304.014804166,""last_sample"":{""available_ram_bytes"":14508785664,""collector"":""psutil"",""disk"":{""free_bytes"":212392644608,""free_gib"":197.8060646057129,""path"":""/Users/zuha/Desktop/FKI/4 курс 2025-2026/course_work-SBF/data"",""total_bytes"":994662584320,""total_gib"":926.3517189025879,""used_bytes"":782269939712,""used_gib"":728.545654296875},""disk_free_bytes"":212392644608,""monotonic"":460274.004307333,""pid"":62962,""swap"":{""free_bytes"":1614282752,""free_gib"":1.50341796875,""percent"":92.8,""total_bytes"":22548578304,""total_gib"":21.0,""used_bytes"":20934295552,""used_gib"":19.49658203125},""swap_used_bytes"":20934295552,""system_ram"":{""available_bytes"":14508785664,""available_gib"":13.512359619140625,""percent"":57.8,""total_bytes"":34359738368,""total_gib"":32.0,""used_bytes"":17357979648,""used_gib"":16.165878295898438},""timestamp_utc"":""2026-07-21T03:44:43.451+00:00"",""worker"":{""child_count"":9,""children_rss_bytes"":1597800448,""children_rss_gib"":1.488067626953125,""pid"":62962,""rss_bytes"":7969275904,""rss_gib"":7.421966552734375,""status"":""sleeping"",""total_rss_bytes"":9567076352,""total_rss_gib"":8.9100341796875},""worker_children_rss_bytes"":1597800448,""worker_rss_bytes"":7969275904,""worker_total_rss_bytes"":9567076352},""ok"":false,""reason"":""completed"",""returncode"":1,""sample_count"":6,""signal_name"":null,""started_monotonic"":460123.963567916,""termination"":null}}"
131,run-20260720T164920Z-5f8824d560b3-6a51d38a,job-7aa06d4a180bf85419ce68e2f8e2c44b712b0faa3dcf7017ae25292be7cff3fc,7763,o025_t025,NGC 4294,1,FAILED,63711,1784605513.6250691,1784605693.69456,180.06949090957642,1,/Users/zuha/Desktop/FKI/4 курс 2025-2026/course_work-SBF/runs/sbf3_go3055_go7763/batch/NGC_4294__F150W__F115W__7aa06d4a180b_result.log,worker exited 1; required artifacts are absent or invalid,"[""/Users/zuha/Desktop/FKI/4 курс 2025-2026/course_work-SBF/astro_env/bin/python3"",""/Users/zuha/Desktop/FKI/4 курс 2025-2026/course_work-SBF/code/run_sbf_batch.py"",""--worker"",""--job-id"",""job-7aa06d4a180bf85419ce68e2f8e2c44b712b0faa3dcf7017ae25292be7cff3fc"",""--galaxy"",""NGC 4294"",""--signal"",""/Users/zuha/Desktop/FKI/4 курс 2025-2026/course_work-SBF/data/NGC 4294/jw07763-o025_t025_nircam_clear-f150w_i2d.fits"",""--color"",""/Users/zuha/Desktop/FKI/4 курс 2025-2026/course_work-SBF/data/NGC 4294/jw07763-o025_t025_nircam_clear-f115w_i2d.fits"",""--signal-filter"",""F150W"",""--color-filter"",""F115W"",""--template"",""/Users/zuha/Desktop/FKI/4 курс 2025-2026/course_work-SBF/code/sbf-3.ipynb"",""--batch-root"",""/Users/zuha/Desktop/FKI/4 курс 2025-2026/course_work-SBF/runs/sbf3_go3055_go7763/batch"",""--products-root"",""/Users/zuha/Desktop/FKI/4 курс 2025-2026/course_work-SBF/runs/sbf3_go3055_go7763/products""]","{""supervision"":{""completed"":true,""detail"":null,""duration_seconds"":180.054783708998,""ended_monotonic"":460484.23380425,""last_sample"":{""available_ram_bytes"":14474543104,""collector"":""psutil"",""disk"":{""free_bytes"":212194504704,""free_gib"":197.62153244018555,""path"":""/Users/zuha/Desktop/FKI/4 курс 2025-2026/course_work-SBF/data"",""total_bytes"":994662584320,""total_gib"":926.3517189025879,""used_bytes"":782468079616,""used_gib"":728.7301864624023},""disk_free_bytes"":212194504704,""monotonic"":460454.223607833,""pid"":63711,""swap"":{""free_bytes"":1614282752,""free_gib"":1.50341796875,""percent"":92.8,""total_bytes"":22548578304,""total_gib"":21.0,""used_bytes"":20934295552,""used_gib"":19.49658203125},""swap_used_bytes"":20934295552,""system_ram"":{""available_bytes"":14474543104,""available_gib"":13.48046875,""percent"":57.9,""total_bytes"":34359738368,""total_gib"":32.0,""used_bytes"":17399087104,""used_gib"":16.20416259765625},""timestamp_utc"":""2026-07-21T03:47:43.673+00:00"",""worker"":{""child_count"":9,""children_rss_bytes"":1891385344,""children_rss_gib"":1.7614898681640625,""pid"":63711,""rss_bytes"":5917638656,""rss_gib"":5.51123046875,""status"":""sleeping"",""total_rss_bytes"":7809024000,""total_rss_gib"":7.2727203369140625},""worker_children_rss_bytes"":1891385344,""worker_rss_bytes"":5917638656,""worker_total_rss_bytes"":7809024000},""ok"":false,""reason"":""completed"",""returncode"":1,""sample_count"":6,""signal_name"":null,""started_monotonic"":460304.179020541,""termination"":null}}"
132,run-20260720T164920Z-5f8824d560b3-6a51d38a,job-c2d5edf2eac881979abd5c66d5288cfe2fa4bb3ee7f0ce3a964963b318d1e1cd,7763,o032_t032,NGC 4299,1,FAILED,64385,1784605693.8592372,1784605993.9613152,300.102077960968,1,/Users/zuha/Desktop/FKI/4 курс 2025-2026/course_work-SBF/runs/sbf3_go3055_go7763/batch/NGC_4299__F150W__F115W__c2d5edf2eac8_result.log,worker exited 1; required artifacts are absent or invalid,"[""/Users/zuha/Desktop/FKI/4 курс 2025-2026/course_work-SBF/astro_env/bin/python3"",""/Users/zuha/Desktop/FKI/4 курс 2025-2026/course_work-SBF/code/run_sbf_batch.py"",""--worker"",""--job-id"",""job-c2d5edf2eac881979abd5c66d5288cfe2fa4bb3ee7f0ce3a964963b318d1e1cd"",""--galaxy"",""NGC 4299"",""--signal"",""/Users/zuha/Desktop/FKI/4 курс 2025-2026/course_work-SBF/data/NGC 4299/jw07763-o032_t032_nircam_clear-f150w_i2d.fits"",""--color"",""/Users/zuha/Desktop/FKI/4 курс 2025-2026/course_work-SBF/data/NGC 4299/jw07763-o032_t032_nircam_clear-f115w_i2d.fits"",""--signal-filter"",""F150W"",""--color-filter"",""F115W"",""--template"",""/Users/zuha/Desktop/FKI/4 курс 2025-2026/course_work-SBF/code/sbf-3.ipynb"",""--batch-root"",""/Users/zuha/Desktop/FKI/4 курс 2025-2026/course_work-SBF/runs/sbf3_go3055_go7763/batch"",""--products-root"",""/Users/zuha/Desktop/FKI/4 курс 2025-2026/course_work-SBF/runs/sbf3_go3055_go7763/products""]","{""supervision"":{""completed"":true,""detail"":null,""duration_seconds"":300.08681258396246,""ended_monotonic"":460784.4971615,""last_sample"":{""available_ram_bytes"":14501363712,""collector"":""psutil"",""disk"":{""free_bytes"":211759063040,""free_gib"":197.21599578857422,""path"":""/Users/zuha/Desktop/FKI/4 курс 2025-2026/course_work-SBF/data"",""total_bytes"":994662584320,""total_gib"":926.3517189025879,""used_bytes"":782903521280,""used_gib"":729.1357231140137},""disk_free_bytes"":211759063040,""monotonic"":460754.486973333,""pid"":64385,""swap"":{""free_bytes"":1698365440,""free_gib"":1.58172607421875,""percent"":92.5,""total_bytes"":22548578304,""total_gib"":21.0,""used_bytes"":20850212864,""used_gib"":19.41827392578125},""swap_used_bytes"":20850212864,""system_ram"":{""available_bytes"":14501363712,""available_gib"":13.505447387695312,""percent"":57.8,""total_bytes"":34359738368,""total_gib"":32.0,""used_bytes"":17444028416,""used_gib"":16.246017456054688},""timestamp_utc"":""2026-07-21T03:52:43.940+00:00"",""worker"":{""child_count"":9,""children_rss_bytes"":1883881472,""children_rss_gib"":1.7545013427734375,""pid"":64385,""rss_bytes"":7992983552,""rss_gib"":7.4440460205078125,""status"":""sleeping"",""total_rss_bytes"":9876865024,""total_rss_gib"":9.19854736328125},""worker_children_rss_bytes"":1883881472,""worker_rss_bytes"":7992983552,""worker_total_rss_bytes"":9876865024},""ok"":false,""reason"":""completed"",""returncode"":1,""sample_count"":10,""signal_name"":null,""started_monotonic"":460484.410348916,""termination"":null}}"
133,run-20260720T164920Z-5f8824d560b3-6a51d38a,job-cb9553577f70ecbaaf49fb85f910ef7003ffd6d45a90c1acc36fd026d1607960,7763,o038_t038,NGC 4306,1,SUCCEEDED,65671,1784605994.144274,1784610286.031774,4291.887500047684,0,/Users/zuha/Desktop/FKI/4 курс 2025-2026/course_work-SBF/runs/sbf3_go3055_go7763/batch/NGC_4306__F150W__F115W__cb9553577f70_result.log,,"[""/Users/zuha/Desktop/FKI/4 курс 2025-2026/course_work-SBF/astro_env/bin/python3"",""/Users/zuha/Desktop/FKI/4 курс 2025-2026/course_work-SBF/code/run_sbf_batch.py"",""--worker"",""--job-id"",""job-cb9553577f70ecbaaf49fb85f910ef7003ffd6d45a90c1acc36fd026d1607960"",""--galaxy"",""NGC 4306"",""--signal"",""/Users/zuha/Desktop/FKI/4 курс 2025-2026/course_work-SBF/data/NGC 4306/jw07763-o038_t038_nircam_clear-f150w_i2d.fits"",""--color"",""/Users/zuha/Desktop/FKI/4 курс 2025-2026/course_work-SBF/data/NGC 4306/jw07763-o038_t038_nircam_clear-f115w_i2d.fits"",""--signal-filter"",""F150W"",""--color-filter"",""F115W"",""--template"",""/Users/zuha/Desktop/FKI/4 курс 2025-2026/course_work-SBF/code/sbf-3.ipynb"",""--batch-root"",""/Users/zuha/Desktop/FKI/4 курс 2025-2026/course_work-SBF/runs/sbf3_go3055_go7763/batch"",""--products-root"",""/Users/zuha/Desktop/FKI/4 курс 2025-2026/course_work-SBF/runs/sbf3_go3055_go7763/products""]","{""supervision"":{""completed"":true,""detail"":null,""duration_seconds"":4291.310758790991,""ended_monotonic"":465076.004087291,""last_sample"":{""available_ram_bytes"":13469630464,""collector"":""psutil"",""disk"":{""free_bytes"":209680338944,""free_gib"":195.28003311157227,""path"":""/Users/zuha/Desktop/FKI/4 курс 2025-2026/course_work-SBF/data"",""total_bytes"":994662584320,""total_gib"":926.3517189025879,""used_bytes"":784982245376,""used_gib"":731.0716857910156},""disk_free_bytes"":209680338944,""monotonic"":465045.993843625,""pid"":65671,""swap"":{""free_bytes"":1629421568,""free_gib"":1.51751708984375,""percent"":91.1,""total_bytes"":18253611008,""total_gib"":17.0,""used_bytes"":16624189440,""used_gib"":15.48248291015625},""swap_used_bytes"":16624189440,""system_ram"":{""available_bytes"":13469630464,""available_gib"":12.544570922851562,""percent"":60.8,""total_bytes"":34359738368,""total_gib"":32.0,""used_bytes"":11347247104,""used_gib"":10.567947387695312},""timestamp_utc"":""2026-07-21T05:04:15.559+00:00"",""worker"":{""child_count"":1,""children_rss_bytes"":5439488,""children_rss_gib"":0.00506591796875,""pid"":65671,""rss_bytes"":6459244544,""rss_gib"":6.0156402587890625,""status"":""sleeping"",""total_rss_bytes"":6464684032,""total_rss_gib"":6.0207061767578125},""worker_children_rss_bytes"":5439488,""worker_rss_bytes"":6459244544,""worker_total_rss_bytes"":6464684032},""ok"":true,""reason"":""completed"",""returncode"":0,""sample_count"":143,""signal_name"":null,""started_monotonic"":460784.6933285,""termination"":null}}"
134,run-20260720T164920Z-5f8824d560b3-6a51d38a,job-692d7651b4be58691bd0e202811999e81fc6a1e8466d4c3a7727e7ac56fec782,7763,o019_t019,NGC 4313,1,FAILED,5854,1784610286.204448,1784611006.434108,720.2296600341797,1,/Users/zuha/Desktop/FKI/4 курс 2025-2026/course_work-SBF/runs/sbf3_go3055_go7763/batch/NGC_4313__F150W__F115W__692d7651b4be_result.log,worker exited 1; required artifacts are absent or invalid,"[""/Users/zuha/Desktop/FKI/4 курс 2025-2026/course_work-SBF/astro_env/bin/python3"",""/Users/zuha/Desktop/FKI/4 курс 2025-2026/course_work-SBF/code/run_sbf_batch.py"",""--worker"",""--job-id"",""job-692d7651b4be58691bd0e202811999e81fc6a1e8466d4c3a7727e7ac56fec782"",""--galaxy"",""NGC 4313"",""--signal"",""/Users/zuha/Desktop/FKI/4 курс 2025-2026/course_work-SBF/data/NGC 4313/jw07763-o019_t019_nircam_clear-f150w_i2d.fits"",""--color"",""/Users/zuha/Desktop/FKI/4 курс 2025-2026/course_work-SBF/data/NGC 4313/jw07763-o019_t019_nircam_clear-f115w_i2d.fits"",""--signal-filter"",""F150W"",""--color-filter"",""F115W"",""--template"",""/Users/zuha/Desktop/FKI/4 курс 2025-2026/course_work-SBF/code/sbf-3.ipynb"",""--batch-root"",""/Users/zuha/Desktop/FKI/4 курс 2025-2026/course_work-SBF/runs/sbf3_go3055_go7763/batch"",""--products-root"",""/Users/zuha/Desktop/FKI/4 курс 2025-2026/course_work-SBF/runs/sbf3_go3055_go7763/products""]","{""supervision"":{""completed"":true,""detail"":null,""duration_seconds"":720.2304977079621,""ended_monotonic"":465796.871292791,""last_sample"":{""available_ram_bytes"":13528236032,""collector"":""psutil"",""disk"":{""free_bytes"":208220696576,""free_gib"":193.92063522338867,""path"":""/Users/zuha/Desktop/FKI/4 курс 2025-2026/course_work-SBF/data"",""total_bytes"":994662584320,""total_gib"":926.3517189025879,""used_bytes"":786441887744,""used_gib"":732.4310836791992},""disk_free_bytes"":208220696576,""monotonic"":465766.860816958,""pid"":5854,""swap"":{""free_bytes"":1646198784,""free_gib"":1.53314208984375,""percent"":91.0,""total_bytes"":18253611008,""total_gib"":17.0,""used_bytes"":16607412224,""used_gib"":15.46685791015625},""swap_used_bytes"":16607412224,""system_ram"":{""available_bytes"":13528236032,""available_gib"":12.599151611328125,""percent"":60.6,""total_bytes"":34359738368,""total_gib"":32.0,""used_bytes"":16101621760,""used_gib"":14.995803833007812},""timestamp_utc"":""2026-07-21T05:16:16.416+00:00"",""worker"":{""child_count"":9,""children_rss_bytes"":2418606080,""children_rss_gib"":2.25250244140625,""pid"":5854,""rss_bytes"":5891080192,""rss_gib"":5.4864959716796875,""status"":""sleeping"",""total_rss_bytes"":8309686272,""total_rss_gib"":7.7389984130859375},""worker_children_rss_bytes"":2418606080,""worker_rss_bytes"":5891080192,""worker_total_rss_bytes"":8309686272},""ok"":false,""reason"":""completed"",""returncode"":1,""sample_count"":24,""signal_name"":null,""started_monotonic"":465076.640795083,""termination"":null}}"
135,run-20260720T164920Z-5f8824d560b3-6a51d38a,job-7fa94d968a0ee80e0b41c8d2d54bd4c65df55e6b29caf855edabb2fd875d599e,7763,o039_t039,NGC 4351,1,FAILED,12616,1784611006.585879,1784611756.9936068,750.4077277183533,1,/Users/zuha/Desktop/FKI/4 курс 2025-2026/course_work-SBF/runs/sbf3_go3055_go7763/batch/NGC_4351__F150W__F115W__7fa94d968a0e_result.log,worker exited 1; required artifacts are absent or invalid,"[""/Users/zuha/Desktop/FKI/4 курс 2025-2026/course_work-SBF/astro_env/bin/python3"",""/Users/zuha/Desktop/FKI/4 курс 2025-2026/course_work-SBF/code/run_sbf_batch.py"",""--worker"",""--job-id"",""job-7fa94d968a0ee80e0b41c8d2d54bd4c65df55e6b29caf855edabb2fd875d599e"",""--galaxy"",""NGC 4351"",""--signal"",""/Users/zuha/Desktop/FKI/4 курс 2025-2026/course_work-SBF/data/NGC 4351/jw07763-o039_t039_nircam_clear-f150w_i2d.fits"",""--color"",""/Users/zuha/Desktop/FKI/4 курс 2025-2026/course_work-SBF/data/NGC 4351/jw07763-o039_t039_nircam_clear-f115w_i2d.fits"",""--signal-filter"",""F150W"",""--color-filter"",""F115W"",""--template"",""/Users/zuha/Desktop/FKI/4 курс 2025-2026/course_work-SBF/code/sbf-3.ipynb"",""--batch-root"",""/Users/zuha/Desktop/FKI/4 курс 2025-2026/course_work-SBF/runs/sbf3_go3055_go7763/batch"",""--products-root"",""/Users/zuha/Desktop/FKI/4 курс 2025-2026/course_work-SBF/runs/sbf3_go3055_go7763/products""]","{""supervision"":{""completed"":true,""detail"":null,""duration_seconds"":750.2360331669915,""ended_monotonic"":466547.267163708,""last_sample"":{""available_ram_bytes"":13481656320,""collector"":""psutil"",""disk"":{""free_bytes"":206966501376,""free_gib"":192.7525749206543,""path"":""/Users/zuha/Desktop/FKI/4 курс 2025-2026/course_work-SBF/data"",""total_bytes"":994662584320,""total_gib"":926.3517189025879,""used_bytes"":787696082944,""used_gib"":733.5991439819336},""disk_free_bytes"":206966501376,""monotonic"":466517.2569865,""pid"":12616,""swap"":{""free_bytes"":1646198784,""free_gib"":1.53314208984375,""percent"":91.0,""total_bytes"":18253611008,""total_gib"":17.0,""used_bytes"":16607412224,""used_gib"":15.46685791015625},""swap_used_bytes"":16607412224,""system_ram"":{""available_bytes"":13481656320,""available_gib"":12.555770874023438,""percent"":60.8,""total_bytes"":34359738368,""total_gib"":32.0,""used_bytes"":16279896064,""used_gib"":15.161834716796875},""timestamp_utc"":""2026-07-21T05:28:46.971+00:00"",""worker"":{""child_count"":9,""children_rss_bytes"":2308259840,""children_rss_gib"":2.1497344970703125,""pid"":12616,""rss_bytes"":5920489472,""rss_gib"":5.513885498046875,""status"":""sleeping"",""total_rss_bytes"":8228749312,""total_rss_gib"":7.6636199951171875},""worker_children_rss_bytes"":2308259840,""worker_rss_bytes"":5920489472,""worker_total_rss_bytes"":8228749312},""ok"":false,""reason"":""completed"",""returncode"":1,""sample_count"":25,""signal_name"":null,""started_monotonic"":465797.031130541,""termination"":null}}"
136,run-20260720T164920Z-5f8824d560b3-6a51d38a,job-70f76d998feb2ed7b10b6a83703de5506b719ad766fd8afb59ebe85735a0919e,7763,o011_t011,NGC 4371,1,SUCCEEDED,19669,1784611757.181592,1784615808.960604,4051.779011964798,0,/Users/zuha/Desktop/FKI/4 курс 2025-2026/course_work-SBF/runs/sbf3_go3055_go7763/batch/NGC_4371__F150W__F115W__70f76d998feb_result.log,,"[""/Users/zuha/Desktop/FKI/4 курс 2025-2026/course_work-SBF/astro_env/bin/python3"",""/Users/zuha/Desktop/FKI/4 курс 2025-2026/course_work-SBF/code/run_sbf_batch.py"",""--worker"",""--job-id"",""job-70f76d998feb2ed7b10b6a83703de5506b719ad766fd8afb59ebe85735a0919e"",""--galaxy"",""NGC 4371"",""--signal"",""/Users/zuha/Desktop/FKI/4 курс 2025-2026/course_work-SBF/data/NGC 4371/jw07763-o011_t011_nircam_clear-f150w_i2d.fits"",""--color"",""/Users/zuha/Desktop/FKI/4 курс 2025-2026/course_work-SBF/data/NGC 4371/jw07763-o011_t011_nircam_clear-f115w_i2d.fits"",""--signal-filter"",""F150W"",""--color-filter"",""F115W"",""--template"",""/Users/zuha/Desktop/FKI/4 курс 2025-2026/course_work-SBF/code/sbf-3.ipynb"",""--batch-root"",""/Users/zuha/Desktop/FKI/4 курс 2025-2026/course_work-SBF/runs/sbf3_go3055_go7763/batch"",""--products-root"",""/Users/zuha/Desktop/FKI/4 курс 2025-2026/course_work-SBF/runs/sbf3_go3055_go7763/products""]","{""supervision"":{""completed"":true,""detail"":null,""duration_seconds"":4051.2715007079532,""ended_monotonic"":470598.739286583,""last_sample"":{""available_ram_bytes"":11239981056,""collector"":""psutil"",""disk"":{""free_bytes"":203982663680,""free_gib"":189.97365951538086,""path"":""/Users/zuha/Desktop/FKI/4 курс 2025-2026/course_work-SBF/data"",""total_bytes"":994662584320,""total_gib"":926.3517189025879,""used_bytes"":790679920640,""used_gib"":736.378059387207},""disk_free_bytes"":203982663680,""monotonic"":470568.729015875,""pid"":19669,""swap"":{""free_bytes"":1738473472,""free_gib"":1.61907958984375,""percent"":90.5,""total_bytes"":18253611008,""total_gib"":17.0,""used_bytes"":16515137536,""used_gib"":15.38092041015625},""swap_used_bytes"":16515137536,""system_ram"":{""available_bytes"":11239981056,""available_gib"":10.468048095703125,""percent"":67.3,""total_bytes"":34359738368,""total_gib"":32.0,""used_bytes"":11900174336,""used_gib"":11.082901000976562},""timestamp_utc"":""2026-07-21T06:36:18.478+00:00"",""worker"":{""child_count"":1,""children_rss_bytes"":5439488,""children_rss_gib"":0.00506591796875,""pid"":19669,""rss_bytes"":8511340544,""rss_gib"":7.9268035888671875,""status"":""sleeping"",""total_rss_bytes"":8516780032,""total_rss_gib"":7.9318695068359375},""worker_children_rss_bytes"":5439488,""worker_rss_bytes"":8511340544,""worker_total_rss_bytes"":8516780032},""ok"":true,""reason"":""completed"",""returncode"":0,""sample_count"":135,""signal_name"":null,""started_monotonic"":466547.467785875,""termination"":null}}"
137,run-20260720T164920Z-5f8824d560b3-6a51d38a,job-5fc473f0d09584eca5d3499a8323450a81fbe2592ca94d69ea7e4ee5a80e7343,7763,o023_t023,NGC 4387,1,FAILED,49558,1784615809.152645,1784616079.250644,270.09799885749817,1,/Users/zuha/Desktop/FKI/4 курс 2025-2026/course_work-SBF/runs/sbf3_go3055_go7763/batch/NGC_4387__F150W__F115W__5fc473f0d095_result.log,worker exited 1; required artifacts are absent or invalid,"[""/Users/zuha/Desktop/FKI/4 курс 2025-2026/course_work-SBF/astro_env/bin/python3"",""/Users/zuha/Desktop/FKI/4 курс 2025-2026/course_work-SBF/code/run_sbf_batch.py"",""--worker"",""--job-id"",""job-5fc473f0d09584eca5d3499a8323450a81fbe2592ca94d69ea7e4ee5a80e7343"",""--galaxy"",""NGC 4387"",""--signal"",""/Users/zuha/Desktop/FKI/4 курс 2025-2026/course_work-SBF/data/NGC 4387/jw07763-o023_t023_nircam_clear-f150w_i2d.fits"",""--color"",""/Users/zuha/Desktop/FKI/4 курс 2025-2026/course_work-SBF/data/NGC 4387/jw07763-o023_t023_nircam_clear-f115w_i2d.fits"",""--signal-filter"",""F150W"",""--color-filter"",""F115W"",""--template"",""/Users/zuha/Desktop/FKI/4 курс 2025-2026/course_work-SBF/code/sbf-3.ipynb"",""--batch-root"",""/Users/zuha/Desktop/FKI/4 курс 2025-2026/course_work-SBF/runs/sbf3_go3055_go7763/batch"",""--products-root"",""/Users/zuha/Desktop/FKI/4 курс 2025-2026/course_work-SBF/runs/sbf3_go3055_go7763/products""]","{""supervision"":{""completed"":true,""detail"":null,""duration_seconds"":270.08174908399815,""ended_monotonic"":470869.48604125,""last_sample"":{""available_ram_bytes"":14647345152,""collector"":""psutil"",""disk"":{""free_bytes"":203749990400,""free_gib"":189.75696563720703,""path"":""/Users/zuha/Desktop/FKI/4 курс 2025-2026/course_work-SBF/data"",""total_bytes"":994662584320,""total_gib"":926.3517189025879,""used_bytes"":790912593920,""used_gib"":736.5947532653809},""disk_free_bytes"":203749990400,""monotonic"":470839.475760708,""pid"":49558,""swap"":{""free_bytes"":1738473472,""free_gib"":1.61907958984375,""percent"":90.5,""total_bytes"":18253611008,""total_gib"":17.0,""used_bytes"":16515137536,""used_gib"":15.38092041015625},""swap_used_bytes"":16515137536,""system_ram"":{""available_bytes"":14647345152,""available_gib"":13.641403198242188,""percent"":57.4,""total_bytes"":34359738368,""total_gib"":32.0,""used_bytes"":13394771968,""used_gib"":12.474853515625},""timestamp_utc"":""2026-07-21T06:40:49.230+00:00"",""worker"":{""child_count"":9,""children_rss_bytes"":1887354880,""children_rss_gib"":1.7577362060546875,""pid"":49558,""rss_bytes"":5961072640,""rss_gib"":5.5516815185546875,""status"":""sleeping"",""total_rss_bytes"":7848427520,""total_rss_gib"":7.309417724609375},""worker_children_rss_bytes"":1887354880,""worker_rss_bytes"":5961072640,""worker_total_rss_bytes"":7848427520},""ok"":false,""reason"":""completed"",""returncode"":1,""sample_count"":9,""signal_name"":null,""started_monotonic"":470599.404292166,""termination"":null}}"
138,run-20260720T164920Z-5f8824d560b3-6a51d38a,job-1d0d0ee50401df87b2bfc36ae11e7011097cbe9c71aad383cc743023d82b66f2,7763,o013_t013,NGC 4388,1,FAILED,51308,1784616079.411541,1784616289.496395,210.08485412597656,1,/Users/zuha/Desktop/FKI/4 курс 2025-2026/course_work-SBF/runs/sbf3_go3055_go7763/batch/NGC_4388__F150W__F115W__1d0d0ee50401_result.log,worker exited 1; required artifacts are absent or invalid,"[""/Users/zuha/Desktop/FKI/4 курс 2025-2026/course_work-SBF/astro_env/bin/python3"",""/Users/zuha/Desktop/FKI/4 курс 2025-2026/course_work-SBF/code/run_sbf_batch.py"",""--worker"",""--job-id"",""job-1d0d0ee50401df87b2bfc36ae11e7011097cbe9c71aad383cc743023d82b66f2"",""--galaxy"",""NGC 4388"",""--signal"",""/Users/zuha/Desktop/FKI/4 курс 2025-2026/course_work-SBF/data/NGC 4388/jw07763-o013_t013_nircam_clear-f150w_i2d.fits"",""--color"",""/Users/zuha/Desktop/FKI/4 курс 2025-2026/course_work-SBF/data/NGC 4388/jw07763-o013_t013_nircam_clear-f115w_i2d.fits"",""--signal-filter"",""F150W"",""--color-filter"",""F115W"",""--template"",""/Users/zuha/Desktop/FKI/4 курс 2025-2026/course_work-SBF/code/sbf-3.ipynb"",""--batch-root"",""/Users/zuha/Desktop/FKI/4 курс 2025-2026/course_work-SBF/runs/sbf3_go3055_go7763/batch"",""--products-root"",""/Users/zuha/Desktop/FKI/4 курс 2025-2026/course_work-SBF/runs/sbf3_go3055_go7763/products""]","{""supervision"":{""completed"":true,""detail"":null,""duration_seconds"":210.06444962503156,""ended_monotonic"":471079.721812541,""last_sample"":{""available_ram_bytes"":14386626560,""collector"":""psutil"",""disk"":{""free_bytes"":203654766592,""free_gib"":189.66828155517578,""path"":""/Users/zuha/Desktop/FKI/4 курс 2025-2026/course_work-SBF/data"",""total_bytes"":994662584320,""total_gib"":926.3517189025879,""used_bytes"":791007817728,""used_gib"":736.6834373474121},""disk_free_bytes"":203654766592,""monotonic"":471049.711632166,""pid"":51308,""swap"":{""free_bytes"":1738473472,""free_gib"":1.61907958984375,""percent"":90.5,""total_bytes"":18253611008,""total_gib"":17.0,""used_bytes"":16515137536,""used_gib"":15.38092041015625},""swap_used_bytes"":16515137536,""system_ram"":{""available_bytes"":14386626560,""available_gib"":13.398590087890625,""percent"":58.1,""total_bytes"":34359738368,""total_gib"":32.0,""used_bytes"":13676412928,""used_gib"":12.737152099609375},""timestamp_utc"":""2026-07-21T06:44:19.470+00:00"",""worker"":{""child_count"":1,""children_rss_bytes"":14876672,""children_rss_gib"":0.01385498046875,""pid"":51308,""rss_bytes"":6243876864,""rss_gib"":5.8150634765625,""status"":""sleeping"",""total_rss_bytes"":6258753536,""total_rss_gib"":5.82891845703125},""worker_children_rss_bytes"":14876672,""worker_rss_bytes"":6243876864,""worker_total_rss_bytes"":6258753536},""ok"":false,""reason"":""completed"",""returncode"":1,""sample_count"":7,""signal_name"":null,""started_monotonic"":470869.657362916,""termination"":null}}"
139,run-20260720T164920Z-5f8824d560b3-6a51d38a,job-9b8a035b409d29e6ea235ad78adae843294bd2c2ae89b47b88e64d4d6eaac81b,7763,o022_t022,NGC 4402,1,FAILED,52692,1784616289.647517,1784616859.8557272,570.2082102298737,1,/Users/zuha/Desktop/FKI/4 курс 2025-2026/course_work-SBF/runs/sbf3_go3055_go7763/batch/NGC_4402__F150W__F115W__9b8a035b409d_result.log,worker exited 1; required artifacts are absent or invalid,"[""/Users/zuha/Desktop/FKI/4 курс 2025-2026/course_work-SBF/astro_env/bin/python3"",""/Users/zuha/Desktop/FKI/4 курс 2025-2026/course_work-SBF/code/run_sbf_batch.py"",""--worker"",""--job-id"",""job-9b8a035b409d29e6ea235ad78adae843294bd2c2ae89b47b88e64d4d6eaac81b"",""--galaxy"",""NGC 4402"",""--signal"",""/Users/zuha/Desktop/FKI/4 курс 2025-2026/course_work-SBF/data/NGC 4402/jw07763-o022_t022_nircam_clear-f150w_i2d.fits"",""--color"",""/Users/zuha/Desktop/FKI/4 курс 2025-2026/course_work-SBF/data/NGC 4402/jw07763-o022_t022_nircam_clear-f115w_i2d.fits"",""--signal-filter"",""F150W"",""--color-filter"",""F115W"",""--template"",""/Users/zuha/Desktop/FKI/4 курс 2025-2026/course_work-SBF/code/sbf-3.ipynb"",""--batch-root"",""/Users/zuha/Desktop/FKI/4 курс 2025-2026/course_work-SBF/runs/sbf3_go3055_go7763/batch"",""--products-root"",""/Users/zuha/Desktop/FKI/4 курс 2025-2026/course_work-SBF/runs/sbf3_go3055_go7763/products""]","{""supervision"":{""completed"":true,""detail"":null,""duration_seconds"":570.1840102080023,""ended_monotonic"":471650.072714666,""last_sample"":{""available_ram_bytes"":13038190592,""collector"":""psutil"",""disk"":{""free_bytes"":203547758592,""free_gib"":189.56862258911133,""path"":""/Users/zuha/Desktop/FKI/4 курс 2025-2026/course_work-SBF/data"",""total_bytes"":994662584320,""total_gib"":926.3517189025879,""used_bytes"":791114825728,""used_gib"":736.7830963134766},""disk_free_bytes"":203547758592,""monotonic"":471620.062459041,""pid"":52692,""swap"":{""free_bytes"":1746862080,""free_gib"":1.62689208984375,""percent"":90.4,""total_bytes"":18253611008,""total_gib"":17.0,""used_bytes"":16506748928,""used_gib"":15.37310791015625},""swap_used_bytes"":16506748928,""system_ram"":{""available_bytes"":13038190592,""available_gib"":12.14276123046875,""percent"":62.1,""total_bytes"":34359738368,""total_gib"":32.0,""used_bytes"":15514648576,""used_gib"":14.449142456054688},""timestamp_utc"":""2026-07-21T06:53:49.833+00:00"",""worker"":{""child_count"":9,""children_rss_bytes"":2167422976,""children_rss_gib"":2.0185699462890625,""pid"":52692,""rss_bytes"":5894078464,""rss_gib"":5.489288330078125,""status"":""sleeping"",""total_rss_bytes"":8061501440,""total_rss_gib"":7.5078582763671875},""worker_children_rss_bytes"":2167422976,""worker_rss_bytes"":5894078464,""worker_total_rss_bytes"":8061501440},""ok"":false,""reason"":""completed"",""returncode"":1,""sample_count"":19,""signal_name"":null,""started_monotonic"":471079.888704458,""termination"":null}}"
140,run-20260720T164920Z-5f8824d560b3-6a51d38a,job-fc1e75a022ae2153706d5f37bb43912b9067eaba6981d4757e483d0ce3fbe911,7763,o031_t031,NGC 4413,1,SUCCEEDED,56500,1784616860.050669,1784620491.776298,3631.725629091263,0,/Users/zuha/Desktop/FKI/4 курс 2025-2026/course_work-SBF/runs/sbf3_go3055_go7763/batch/NGC_4413__F150W__F115W__fc1e75a022ae_result.log,,"[""/Users/zuha/Desktop/FKI/4 курс 2025-2026/course_work-SBF/astro_env/bin/python3"",""/Users/zuha/Desktop/FKI/4 курс 2025-2026/course_work-SBF/code/run_sbf_batch.py"",""--worker"",""--job-id"",""job-fc1e75a022ae2153706d5f37bb43912b9067eaba6981d4757e483d0ce3fbe911"",""--galaxy"",""NGC 4413"",""--signal"",""/Users/zuha/Desktop/FKI/4 курс 2025-2026/course_work-SBF/data/NGC 4413/jw07763-o031_t031_nircam_clear-f150w_i2d.fits"",""--color"",""/Users/zuha/Desktop/FKI/4 курс 2025-2026/course_work-SBF/data/NGC 4413/jw07763-o031_t031_nircam_clear-f115w_i2d.fits"",""--signal-filter"",""F150W"",""--color-filter"",""F115W"",""--template"",""/Users/zuha/Desktop/FKI/4 курс 2025-2026/course_work-SBF/code/sbf-3.ipynb"",""--batch-root"",""/Users/zuha/Desktop/FKI/4 курс 2025-2026/course_work-SBF/runs/sbf3_go3055_go7763/batch"",""--products-root"",""/Users/zuha/Desktop/FKI/4 курс 2025-2026/course_work-SBF/runs/sbf3_go3055_go7763/products""]","{""supervision"":{""completed"":true,""detail"":null,""duration_seconds"":3631.1797117919778,""ended_monotonic"":475281.46135,""last_sample"":{""available_ram_bytes"":13420740608,""collector"":""psutil"",""disk"":{""free_bytes"":203327221760,""free_gib"":189.36323165893555,""path"":""/Users/zuha/Desktop/FKI/4 курс 2025-2026/course_work-SBF/data"",""total_bytes"":994662584320,""total_gib"":926.3517189025879,""used_bytes"":791335362560,""used_gib"":736.9884872436523},""disk_free_bytes"":203327221760,""monotonic"":475251.449691041,""pid"":56500,""swap"":{""free_bytes"":1797390336,""free_gib"":1.6739501953125,""percent"":90.2,""total_bytes"":18253611008,""total_gib"":17.0,""used_bytes"":16456220672,""used_gib"":15.3260498046875},""swap_used_bytes"":16456220672,""system_ram"":{""available_bytes"":13420740608,""available_gib"":12.499038696289062,""percent"":60.9,""total_bytes"":34359738368,""total_gib"":32.0,""used_bytes"":10598285312,""used_gib"":9.87042236328125},""timestamp_utc"":""2026-07-21T07:54:21.297+00:00"",""worker"":{""child_count"":1,""children_rss_bytes"":5439488,""children_rss_gib"":0.00506591796875,""pid"":56500,""rss_bytes"":5320245248,""rss_gib"":4.954864501953125,""status"":""sleeping"",""total_rss_bytes"":5325684736,""total_rss_gib"":4.959930419921875},""worker_children_rss_bytes"":5439488,""worker_rss_bytes"":5320245248,""worker_total_rss_bytes"":5325684736},""ok"":true,""reason"":""completed"",""returncode"":0,""sample_count"":121,""signal_name"":null,""started_monotonic"":471650.281638208,""termination"":null}}"
141,run-20260720T164920Z-5f8824d560b3-6a51d38a,job-9643ca2935bde8391ab5583cdc2bca07044b60d7381afc9d62143784cec7af60,7763,o008_t008,NGC 4435,1,FAILED,80032,1784620491.960829,1784620972.131315,480.17048597335815,1,/Users/zuha/Desktop/FKI/4 курс 2025-2026/course_work-SBF/runs/sbf3_go3055_go7763/batch/NGC_4435__F150W__F115W__9643ca2935bd_result.log,worker exited 1; required artifacts are absent or invalid,"[""/Users/zuha/Desktop/FKI/4 курс 2025-2026/course_work-SBF/astro_env/bin/python3"",""/Users/zuha/Desktop/FKI/4 курс 2025-2026/course_work-SBF/code/run_sbf_batch.py"",""--worker"",""--job-id"",""job-9643ca2935bde8391ab5583cdc2bca07044b60d7381afc9d62143784cec7af60"",""--galaxy"",""NGC 4435"",""--signal"",""/Users/zuha/Desktop/FKI/4 курс 2025-2026/course_work-SBF/data/NGC 4435/jw07763-o008_t008_nircam_clear-f150w_i2d.fits"",""--color"",""/Users/zuha/Desktop/FKI/4 курс 2025-2026/course_work-SBF/data/NGC 4435/jw07763-o008_t008_nircam_clear-f115w_i2d.fits"",""--signal-filter"",""F150W"",""--color-filter"",""F115W"",""--template"",""/Users/zuha/Desktop/FKI/4 курс 2025-2026/course_work-SBF/code/sbf-3.ipynb"",""--batch-root"",""/Users/zuha/Desktop/FKI/4 курс 2025-2026/course_work-SBF/runs/sbf3_go3055_go7763/batch"",""--products-root"",""/Users/zuha/Desktop/FKI/4 курс 2025-2026/course_work-SBF/runs/sbf3_go3055_go7763/products""]","{""supervision"":{""completed"":true,""detail"":null,""duration_seconds"":480.1484251249931,""ended_monotonic"":475762.261804791,""last_sample"":{""available_ram_bytes"":14011891712,""collector"":""psutil"",""disk"":{""free_bytes"":203805765632,""free_gib"":189.80891036987305,""path"":""/Users/zuha/Desktop/FKI/4 курс 2025-2026/course_work-SBF/data"",""total_bytes"":994662584320,""total_gib"":926.3517189025879,""used_bytes"":790856818688,""used_gib"":736.5428085327148},""disk_free_bytes"":203805765632,""monotonic"":475732.251542708,""pid"":80032,""swap"":{""free_bytes"":1814167552,""free_gib"":1.6895751953125,""percent"":90.1,""total_bytes"":18253611008,""total_gib"":17.0,""used_bytes"":16439443456,""used_gib"":15.3104248046875},""swap_used_bytes"":16439443456,""system_ram"":{""available_bytes"":14011891712,""available_gib"":13.049591064453125,""percent"":59.2,""total_bytes"":34359738368,""total_gib"":32.0,""used_bytes"":14573256704,""used_gib"":13.572402954101562},""timestamp_utc"":""2026-07-21T08:02:22.110+00:00"",""worker"":{""child_count"":9,""children_rss_bytes"":2304425984,""children_rss_gib"":2.1461639404296875,""pid"":80032,""rss_bytes"":5906202624,""rss_gib"":5.500579833984375,""status"":""sleeping"",""total_rss_bytes"":8210628608,""total_rss_gib"":7.6467437744140625},""worker_children_rss_bytes"":2304425984,""worker_rss_bytes"":5906202624,""worker_total_rss_bytes"":8210628608},""ok"":false,""reason"":""completed"",""returncode"":1,""sample_count"":16,""signal_name"":null,""started_monotonic"":475282.113379666,""termination"":null}}"
142,run-20260720T164920Z-5f8824d560b3-6a51d38a,job-bacbaa20eea2650dea6c5bdbf1f22324de149948b30813b8a72b14b07f97fb7c,7763,o045_t045,NGC 4436,1,SUCCEEDED,83145,1784620972.294358,1784625323.804063,4351.509705066681,0,/Users/zuha/Desktop/FKI/4 курс 2025-2026/course_work-SBF/runs/sbf3_go3055_go7763/batch/NGC_4436__F150W__F115W__bacbaa20eea2_result.log,,"[""/Users/zuha/Desktop/FKI/4 курс 2025-2026/course_work-SBF/astro_env/bin/python3"",""/Users/zuha/Desktop/FKI/4 курс 2025-2026/course_work-SBF/code/run_sbf_batch.py"",""--worker"",""--job-id"",""job-bacbaa20eea2650dea6c5bdbf1f22324de149948b30813b8a72b14b07f97fb7c"",""--galaxy"",""NGC 4436"",""--signal"",""/Users/zuha/Desktop/FKI/4 курс 2025-2026/course_work-SBF/data/NGC 4436/jw07763-o045_t045_nircam_clear-f150w_i2d.fits"",""--color"",""/Users/zuha/Desktop/FKI/4 курс 2025-2026/course_work-SBF/data/NGC 4436/jw07763-o045_t045_nircam_clear-f115w_i2d.fits"",""--signal-filter"",""F150W"",""--color-filter"",""F115W"",""--template"",""/Users/zuha/Desktop/FKI/4 курс 2025-2026/course_work-SBF/code/sbf-3.ipynb"",""--batch-root"",""/Users/zuha/Desktop/FKI/4 курс 2025-2026/course_work-SBF/runs/sbf3_go3055_go7763/batch"",""--products-root"",""/Users/zuha/Desktop/FKI/4 курс 2025-2026/course_work-SBF/runs/sbf3_go3055_go7763/products""]","{""supervision"":{""completed"":true,""detail"":null,""duration_seconds"":4351.352173792024,""ended_monotonic"":480113.788617125,""last_sample"":{""available_ram_bytes"":11004444672,""collector"":""psutil"",""disk"":{""free_bytes"":203808149504,""free_gib"":189.81113052368164,""path"":""/Users/zuha/Desktop/FKI/4 курс 2025-2026/course_work-SBF/data"",""total_bytes"":994662584320,""total_gib"":926.3517189025879,""used_bytes"":790854434816,""used_gib"":736.5405883789062},""disk_free_bytes"":203808149504,""monotonic"":480083.778345291,""pid"":83145,""swap"":{""free_bytes"":898629632,""free_gib"":0.8369140625,""percent"":94.8,""total_bytes"":17179869184,""total_gib"":16.0,""used_bytes"":16281239552,""used_gib"":15.1630859375},""swap_used_bytes"":16281239552,""system_ram"":{""available_bytes"":11004444672,""available_gib"":10.248687744140625,""percent"":68.0,""total_bytes"":34359738368,""total_gib"":32.0,""used_bytes"":11670224896,""used_gib"":10.868743896484375},""timestamp_utc"":""2026-07-21T09:14:53.317+00:00"",""worker"":{""child_count"":1,""children_rss_bytes"":5439488,""children_rss_gib"":0.00506591796875,""pid"":83145,""rss_bytes"":7368097792,""rss_gib"":6.8620758056640625,""status"":""sleeping"",""total_rss_bytes"":7373537280,""total_rss_gib"":6.8671417236328125},""worker_children_rss_bytes"":5439488,""worker_rss_bytes"":7368097792,""worker_total_rss_bytes"":7373537280},""ok"":true,""reason"":""completed"",""returncode"":0,""sample_count"":145,""signal_name"":null,""started_monotonic"":475762.436443333,""termination"":null}}"
143,run-20260720T164920Z-5f8824d560b3-6a51d38a,job-0dfeb66040f0d460b5c84fbf046b5a57cd38cc044ccce21eae9e068c11bd1e0d,7763,o006_t006,NGC 4438,1,SUCCEEDED,12787,1784625323.985536,1784629795.8418581,4471.856322050095,0,/Users/zuha/Desktop/FKI/4 курс 2025-2026/course_work-SBF/runs/sbf3_go3055_go7763/batch/NGC_4438__F150W__F115W__0dfeb66040f0_result.log,,"[""/Users/zuha/Desktop/FKI/4 курс 2025-2026/course_work-SBF/astro_env/bin/python3"",""/Users/zuha/Desktop/FKI/4 курс 2025-2026/course_work-SBF/code/run_sbf_batch.py"",""--worker"",""--job-id"",""job-0dfeb66040f0d460b5c84fbf046b5a57cd38cc044ccce21eae9e068c11bd1e0d"",""--galaxy"",""NGC 4438"",""--signal"",""/Users/zuha/Desktop/FKI/4 курс 2025-2026/course_work-SBF/data/NGC 4438/jw07763-o006_t006_nircam_clear-f150w_i2d.fits"",""--color"",""/Users/zuha/Desktop/FKI/4 курс 2025-2026/course_work-SBF/data/NGC 4438/jw07763-o006_t006_nircam_clear-f115w_i2d.fits"",""--signal-filter"",""F150W"",""--color-filter"",""F115W"",""--template"",""/Users/zuha/Desktop/FKI/4 курс 2025-2026/course_work-SBF/code/sbf-3.ipynb"",""--batch-root"",""/Users/zuha/Desktop/FKI/4 курс 2025-2026/course_work-SBF/runs/sbf3_go3055_go7763/batch"",""--products-root"",""/Users/zuha/Desktop/FKI/4 курс 2025-2026/course_work-SBF/runs/sbf3_go3055_go7763/products""]","{""supervision"":{""completed"":true,""detail"":null,""duration_seconds"":4471.426105958992,""ended_monotonic"":484585.873937875,""last_sample"":{""available_ram_bytes"":10874109952,""collector"":""psutil"",""disk"":{""free_bytes"":202720759808,""free_gib"":188.79841995239258,""path"":""/Users/zuha/Desktop/FKI/4 курс 2025-2026/course_work-SBF/data"",""total_bytes"":994662584320,""total_gib"":926.3517189025879,""used_bytes"":791941824512,""used_gib"":737.5532989501953},""disk_free_bytes"":202720759808,""monotonic"":484555.861415875,""pid"":12787,""swap"":{""free_bytes"":923795456,""free_gib"":0.8603515625,""percent"":94.6,""total_bytes"":17179869184,""total_gib"":16.0,""used_bytes"":16256073728,""used_gib"":15.1396484375},""swap_used_bytes"":16256073728,""system_ram"":{""available_bytes"":10874109952,""available_gib"":10.127304077148438,""percent"":68.4,""total_bytes"":34359738368,""total_gib"":32.0,""used_bytes"":11248910336,""used_gib"":10.476364135742188},""timestamp_utc"":""2026-07-21T10:29:25.366+00:00"",""worker"":{""child_count"":1,""children_rss_bytes"":5439488,""children_rss_gib"":0.00506591796875,""pid"":12787,""rss_bytes"":7978745856,""rss_gib"":7.4307861328125,""status"":""sleeping"",""total_rss_bytes"":7984185344,""total_rss_gib"":7.43585205078125},""worker_children_rss_bytes"":5439488,""worker_rss_bytes"":7978745856,""worker_total_rss_bytes"":7984185344},""ok"":true,""reason"":""completed"",""returncode"":0,""sample_count"":149,""signal_name"":null,""started_monotonic"":480114.447831916,""termination"":null}}"
144,run-20260720T164920Z-5f8824d560b3-6a51d38a,job-588bb373439fc4f23239c70b39233861fe2c128701254f907d190e3acc370831,7763,o012_t012,NGC 4442,1,SUCCEEDED,41765,1784629796.033597,1784634178.0801349,4382.046537876129,0,/Users/zuha/Desktop/FKI/4 курс 2025-2026/course_work-SBF/runs/sbf3_go3055_go7763/batch/NGC_4442__F150W__F115W__588bb373439f_result.log,,"[""/Users/zuha/Desktop/FKI/4 курс 2025-2026/course_work-SBF/astro_env/bin/python3"",""/Users/zuha/Desktop/FKI/4 курс 2025-2026/course_work-SBF/code/run_sbf_batch.py"",""--worker"",""--job-id"",""job-588bb373439fc4f23239c70b39233861fe2c128701254f907d190e3acc370831"",""--galaxy"",""NGC 4442"",""--signal"",""/Users/zuha/Desktop/FKI/4 курс 2025-2026/course_work-SBF/data/NGC 4442/jw07763-o012_t012_nircam_clear-f150w_i2d.fits"",""--color"",""/Users/zuha/Desktop/FKI/4 курс 2025-2026/course_work-SBF/data/NGC 4442/jw07763-o012_t012_nircam_clear-f115w_i2d.fits"",""--signal-filter"",""F150W"",""--color-filter"",""F115W"",""--template"",""/Users/zuha/Desktop/FKI/4 курс 2025-2026/course_work-SBF/code/sbf-3.ipynb"",""--batch-root"",""/Users/zuha/Desktop/FKI/4 курс 2025-2026/course_work-SBF/runs/sbf3_go3055_go7763/batch"",""--products-root"",""/Users/zuha/Desktop/FKI/4 курс 2025-2026/course_work-SBF/runs/sbf3_go3055_go7763/products""]","{""supervision"":{""completed"":true,""detail"":null,""duration_seconds"":4381.253494500008,""ended_monotonic"":488967.783439958,""last_sample"":{""available_ram_bytes"":10829758464,""collector"":""psutil"",""disk"":{""free_bytes"":199092404224,""free_gib"":185.41925048828125,""path"":""/Users/zuha/Desktop/FKI/4 курс 2025-2026/course_work-SBF/data"",""total_bytes"":994662584320,""total_gib"":926.3517189025879,""used_bytes"":795570180096,""used_gib"":740.9324684143066},""disk_free_bytes"":199092404224,""monotonic"":488937.773187416,""pid"":41765,""swap"":{""free_bytes"":965738496,""free_gib"":0.8994140625,""percent"":94.4,""total_bytes"":17179869184,""total_gib"":16.0,""used_bytes"":16214130688,""used_gib"":15.1005859375},""swap_used_bytes"":16214130688,""system_ram"":{""available_bytes"":10829758464,""available_gib"":10.08599853515625,""percent"":68.5,""total_bytes"":34359738368,""total_gib"":32.0,""used_bytes"":11499847680,""used_gib"":10.710067749023438},""timestamp_utc"":""2026-07-21T11:42:27.599+00:00"",""worker"":{""child_count"":1,""children_rss_bytes"":5439488,""children_rss_gib"":0.00506591796875,""pid"":41765,""rss_bytes"":6885244928,""rss_gib"":6.412384033203125,""status"":""sleeping"",""total_rss_bytes"":6890684416,""total_rss_gib"":6.417449951171875},""worker_children_rss_bytes"":5439488,""worker_rss_bytes"":6885244928,""worker_total_rss_bytes"":6890684416},""ok"":true,""reason"":""completed"",""returncode"":0,""sample_count"":146,""signal_name"":null,""started_monotonic"":484586.529945458,""termination"":null}}"
145,run-20260720T164920Z-5f8824d560b3-6a51d38a,job-c5670970b0bc34c6653cf94dabd24e519580586dd7fb33fb899440ba763358f6,7763,o033_t033,NGC 4452,1,FAILED,81835,1784634178.2711449,1784634538.366466,360.0953211784363,1,/Users/zuha/Desktop/FKI/4 курс 2025-2026/course_work-SBF/runs/sbf3_go3055_go7763/batch/NGC_4452__F150W__F115W__c5670970b0bc_result.log,worker exited 1; required artifacts are absent or invalid,"[""/Users/zuha/Desktop/FKI/4 курс 2025-2026/course_work-SBF/astro_env/bin/python3"",""/Users/zuha/Desktop/FKI/4 курс 2025-2026/course_work-SBF/code/run_sbf_batch.py"",""--worker"",""--job-id"",""job-c5670970b0bc34c6653cf94dabd24e519580586dd7fb33fb899440ba763358f6"",""--galaxy"",""NGC 4452"",""--signal"",""/Users/zuha/Desktop/FKI/4 курс 2025-2026/course_work-SBF/data/NGC 4452/jw07763-o033_t033_nircam_clear-f150w_i2d.fits"",""--color"",""/Users/zuha/Desktop/FKI/4 курс 2025-2026/course_work-SBF/data/NGC 4452/jw07763-o033_t033_nircam_clear-f115w_i2d.fits"",""--signal-filter"",""F150W"",""--color-filter"",""F115W"",""--template"",""/Users/zuha/Desktop/FKI/4 курс 2025-2026/course_work-SBF/code/sbf-3.ipynb"",""--batch-root"",""/Users/zuha/Desktop/FKI/4 курс 2025-2026/course_work-SBF/runs/sbf3_go3055_go7763/batch"",""--products-root"",""/Users/zuha/Desktop/FKI/4 курс 2025-2026/course_work-SBF/runs/sbf3_go3055_go7763/products""]","{""supervision"":{""completed"":true,""detail"":null,""duration_seconds"":360.08354362501996,""ended_monotonic"":489328.530250916,""last_sample"":{""available_ram_bytes"":12827344896,""collector"":""psutil"",""disk"":{""free_bytes"":198609580032,""free_gib"":184.96958541870117,""path"":""/Users/zuha/Desktop/FKI/4 курс 2025-2026/course_work-SBF/data"",""total_bytes"":994662584320,""total_gib"":926.3517189025879,""used_bytes"":796053004288,""used_gib"":741.3821334838867},""disk_free_bytes"":198609580032,""monotonic"":489298.52760575,""pid"":81835,""swap"":{""free_bytes"":965738496,""free_gib"":0.8994140625,""percent"":94.4,""total_bytes"":17179869184,""total_gib"":16.0,""used_bytes"":16214130688,""used_gib"":15.1005859375},""swap_used_bytes"":16214130688,""system_ram"":{""available_bytes"":12827344896,""available_gib"":11.946395874023438,""percent"":62.7,""total_bytes"":34359738368,""total_gib"":32.0,""used_bytes"":15249326080,""used_gib"":14.202041625976562},""timestamp_utc"":""2026-07-21T11:48:28.357+00:00"",""worker"":{""child_count"":9,""children_rss_bytes"":2101231616,""children_rss_gib"":1.9569244384765625,""pid"":81835,""rss_bytes"":8059305984,""rss_gib"":7.5058135986328125,""status"":""sleeping"",""total_rss_bytes"":10160537600,""total_rss_gib"":9.462738037109375},""worker_children_rss_bytes"":2101231616,""worker_rss_bytes"":8059305984,""worker_total_rss_bytes"":10160537600},""ok"":false,""reason"":""completed"",""returncode"":1,""sample_count"":12,""signal_name"":null,""started_monotonic"":488968.446707291,""termination"":null}}"
146,run-20260720T164920Z-5f8824d560b3-6a51d38a,job-c70019e8109897e40b8b8cbdefa5bfde4d5441138ad31453d77982d213b1bbb9,7763,o021_t021,NGC 4458,1,SUCCEEDED,85295,1784634538.529433,1784638830.000066,4291.470633029938,0,/Users/zuha/Desktop/FKI/4 курс 2025-2026/course_work-SBF/runs/sbf3_go3055_go7763/batch/NGC_4458__F150W__F115W__c70019e81098_result.log,,"[""/Users/zuha/Desktop/FKI/4 курс 2025-2026/course_work-SBF/astro_env/bin/python3"",""/Users/zuha/Desktop/FKI/4 курс 2025-2026/course_work-SBF/code/run_sbf_batch.py"",""--worker"",""--job-id"",""job-c70019e8109897e40b8b8cbdefa5bfde4d5441138ad31453d77982d213b1bbb9"",""--galaxy"",""NGC 4458"",""--signal"",""/Users/zuha/Desktop/FKI/4 курс 2025-2026/course_work-SBF/data/NGC 4458/jw07763-o021_t021_nircam_clear-f150w_i2d.fits"",""--color"",""/Users/zuha/Desktop/FKI/4 курс 2025-2026/course_work-SBF/data/NGC 4458/jw07763-o021_t021_nircam_clear-f115w_i2d.fits"",""--signal-filter"",""F150W"",""--color-filter"",""F115W"",""--template"",""/Users/zuha/Desktop/FKI/4 курс 2025-2026/course_work-SBF/code/sbf-3.ipynb"",""--batch-root"",""/Users/zuha/Desktop/FKI/4 курс 2025-2026/course_work-SBF/runs/sbf3_go3055_go7763/batch"",""--products-root"",""/Users/zuha/Desktop/FKI/4 курс 2025-2026/course_work-SBF/runs/sbf3_go3055_go7763/products""]","{""supervision"":{""completed"":true,""detail"":null,""duration_seconds"":4290.894048959017,""ended_monotonic"":493619.594865875,""last_sample"":{""available_ram_bytes"":12347768832,""collector"":""psutil"",""disk"":{""free_bytes"":142558326784,""free_gib"":132.7677879333496,""path"":""/Users/zuha/Desktop/FKI/4 курс 2025-2026/course_work-SBF/data"",""total_bytes"":994662584320,""total_gib"":926.3517189025879,""used_bytes"":852104257536,""used_gib"":793.5839309692383},""disk_free_bytes"":142558326784,""monotonic"":493589.588567041,""pid"":85295,""swap"":{""free_bytes"":1793196032,""free_gib"":1.6700439453125,""percent"":92.7,""total_bytes"":24696061952,""total_gib"":23.0,""used_bytes"":22902865920,""used_gib"":21.3299560546875},""swap_used_bytes"":22902865920,""system_ram"":{""available_bytes"":12347768832,""available_gib"":11.499755859375,""percent"":64.1,""total_bytes"":34359738368,""total_gib"":32.0,""used_bytes"":15636594688,""used_gib"":14.562713623046875},""timestamp_utc"":""2026-07-21T12:59:59.472+00:00"",""worker"":{""child_count"":1,""children_rss_bytes"":950272,""children_rss_gib"":0.000885009765625,""pid"":85295,""rss_bytes"":7353843712,""rss_gib"":6.8488006591796875,""status"":""sleeping"",""total_rss_bytes"":7354793984,""total_rss_gib"":6.8496856689453125},""worker_children_rss_bytes"":950272,""worker_rss_bytes"":7353843712,""worker_total_rss_bytes"":7354793984},""ok"":true,""reason"":""completed"",""returncode"":0,""sample_count"":143,""signal_name"":null,""started_monotonic"":489328.700816916,""termination"":null}}"
147,run-20260720T164920Z-5f8824d560b3-6a51d38a,job-9cf66bc6a052bb17545d1fdd1af66c101b15d2232cc8d85c3ebc880d01c242b0,7763,o009_t009,NGC 4459,1,SUCCEEDED,26770,1784638830.2204852,1784643601.4518132,4771.231328010559,0,/Users/zuha/Desktop/FKI/4 курс 2025-2026/course_work-SBF/runs/sbf3_go3055_go7763/batch/NGC_4459__F150W__F115W__9cf66bc6a052_result.log,,"[""/Users/zuha/Desktop/FKI/4 курс 2025-2026/course_work-SBF/astro_env/bin/python3"",""/Users/zuha/Desktop/FKI/4 курс 2025-2026/course_work-SBF/code/run_sbf_batch.py"",""--worker"",""--job-id"",""job-9cf66bc6a052bb17545d1fdd1af66c101b15d2232cc8d85c3ebc880d01c242b0"",""--galaxy"",""NGC 4459"",""--signal"",""/Users/zuha/Desktop/FKI/4 курс 2025-2026/course_work-SBF/data/NGC 4459/jw07763-o009_t009_nircam_clear-f150w_i2d.fits"",""--color"",""/Users/zuha/Desktop/FKI/4 курс 2025-2026/course_work-SBF/data/NGC 4459/jw07763-o009_t009_nircam_clear-f115w_i2d.fits"",""--signal-filter"",""F150W"",""--color-filter"",""F115W"",""--template"",""/Users/zuha/Desktop/FKI/4 курс 2025-2026/course_work-SBF/code/sbf-3.ipynb"",""--batch-root"",""/Users/zuha/Desktop/FKI/4 курс 2025-2026/course_work-SBF/runs/sbf3_go3055_go7763/batch"",""--products-root"",""/Users/zuha/Desktop/FKI/4 курс 2025-2026/course_work-SBF/runs/sbf3_go3055_go7763/products""]","{""supervision"":{""completed"":true,""detail"":null,""duration_seconds"":4770.966494667053,""ended_monotonic"":498391.303910583,""last_sample"":{""available_ram_bytes"":17164468224,""collector"":""psutil"",""disk"":{""free_bytes"":45693394944,""free_gib"":42.55529022216797,""path"":""/Users/zuha/Desktop/FKI/4 курс 2025-2026/course_work-SBF/data"",""total_bytes"":994662584320,""total_gib"":926.3517189025879,""used_bytes"":948969189376,""used_gib"":883.7964286804199},""disk_free_bytes"":45693394944,""monotonic"":498361.297628875,""pid"":26770,""swap"":{""free_bytes"":1321140224,""free_gib"":1.23040771484375,""percent"":95.3,""total_bytes"":27917287424,""total_gib"":26.0,""used_bytes"":26596147200,""used_gib"":24.76959228515625},""swap_used_bytes"":26596147200,""system_ram"":{""available_bytes"":17164468224,""available_gib"":15.98565673828125,""percent"":50.0,""total_bytes"":34359738368,""total_gib"":32.0,""used_bytes"":13683294208,""used_gib"":12.743560791015625},""timestamp_utc"":""2026-07-21T14:19:30.944+00:00"",""worker"":{""child_count"":1,""children_rss_bytes"":933888,""children_rss_gib"":0.0008697509765625,""pid"":26770,""rss_bytes"":5592743936,""rss_gib"":5.208648681640625,""status"":""sleeping"",""total_rss_bytes"":5593677824,""total_rss_gib"":5.2095184326171875},""worker_children_rss_bytes"":933888,""worker_rss_bytes"":5592743936,""worker_total_rss_bytes"":5593677824},""ok"":true,""reason"":""completed"",""returncode"":0,""sample_count"":159,""signal_name"":null,""started_monotonic"":493620.337415916,""termination"":null}}"
148,run-20260720T164920Z-5f8824d560b3-6a51d38a,job-2da10bbe0bc611fc820bc269f2e66e1eeda3eca4dc434c4248fa1a1e1a145131,7763,o014_t014,NGC 4461,1,SUCCEEDED,76678,1784643920.9791832,1784649142.160993,5221.181809902191,0,/Users/zuha/Desktop/FKI/4 курс 2025-2026/course_work-SBF/runs/sbf3_go3055_go7763/batch/NGC_4461__F150W__F115W__2da10bbe0bc6_result.log,,"[""/Users/zuha/Desktop/FKI/4 курс 2025-2026/course_work-SBF/astro_env/bin/python3"",""/Users/zuha/Desktop/FKI/4 курс 2025-2026/course_work-SBF/code/run_sbf_batch.py"",""--worker"",""--job-id"",""job-2da10bbe0bc611fc820bc269f2e66e1eeda3eca4dc434c4248fa1a1e1a145131"",""--galaxy"",""NGC 4461"",""--signal"",""/Users/zuha/Desktop/FKI/4 курс 2025-2026/course_work-SBF/data/NGC 4461/jw07763-o014_t014_nircam_clear-f150w_i2d.fits"",""--color"",""/Users/zuha/Desktop/FKI/4 курс 2025-2026/course_work-SBF/data/NGC 4461/jw07763-o014_t014_nircam_clear-f115w_i2d.fits"",""--signal-filter"",""F150W"",""--color-filter"",""F115W"",""--template"",""/Users/zuha/Desktop/FKI/4 курс 2025-2026/course_work-SBF/code/sbf-3.ipynb"",""--batch-root"",""/Users/zuha/Desktop/FKI/4 курс 2025-2026/course_work-SBF/runs/sbf3_go3055_go7763/batch"",""--products-root"",""/Users/zuha/Desktop/FKI/4 курс 2025-2026/course_work-SBF/runs/sbf3_go3055_go7763/products""]","{""supervision"":{""completed"":true,""detail"":null,""duration_seconds"":5220.798974708014,""ended_monotonic"":503932.138154041,""last_sample"":{""available_ram_bytes"":9945530368,""collector"":""psutil"",""disk"":{""free_bytes"":175028695040,""free_gib"":163.00817489624023,""path"":""/Users/zuha/Desktop/FKI/4 курс 2025-2026/course_work-SBF/data"",""total_bytes"":994662584320,""total_gib"":926.3517189025879,""used_bytes"":819633889280,""used_gib"":763.3435440063477},""disk_free_bytes"":175028695040,""monotonic"":503902.127744125,""pid"":76678,""swap"":{""free_bytes"":1788936192,""free_gib"":1.66607666015625,""percent"":92.1,""total_bytes"":22548578304,""total_gib"":21.0,""used_bytes"":20759642112,""used_gib"":19.33392333984375},""swap_used_bytes"":20759642112,""system_ram"":{""available_bytes"":9945530368,""available_gib"":9.262496948242188,""percent"":71.1,""total_bytes"":34359738368,""total_gib"":32.0,""used_bytes"":12904775680,""used_gib"":12.018508911132812},""timestamp_utc"":""2026-07-21T15:51:51.657+00:00"",""worker"":{""child_count"":1,""children_rss_bytes"":1376256,""children_rss_gib"":0.00128173828125,""pid"":76678,""rss_bytes"":7147732992,""rss_gib"":6.6568450927734375,""status"":""sleeping"",""total_rss_bytes"":7149109248,""total_rss_gib"":6.6581268310546875},""worker_children_rss_bytes"":1376256,""worker_rss_bytes"":7147732992,""worker_total_rss_bytes"":7149109248},""ok"":true,""reason"":""completed"",""returncode"":0,""sample_count"":174,""signal_name"":null,""started_monotonic"":498711.339179333,""termination"":null}}"
149,run-20260720T164920Z-5f8824d560b3-6a51d38a,job-a7cece59c6f8e83b6e5619b2b9db3447418404754e3f789e61bce3efb09205ee,7763,o004_t004,NGC 4473,1,SUCCEEDED,17335,1784649142.3874948,1784653464.2147682,4321.827273368835,0,/Users/zuha/Desktop/FKI/4 курс 2025-2026/course_work-SBF/runs/sbf3_go3055_go7763/batch/NGC_4473__F150W__F115W__a7cece59c6f8_result.log,,"[""/Users/zuha/Desktop/FKI/4 курс 2025-2026/course_work-SBF/astro_env/bin/python3"",""/Users/zuha/Desktop/FKI/4 курс 2025-2026/course_work-SBF/code/run_sbf_batch.py"",""--worker"",""--job-id"",""job-a7cece59c6f8e83b6e5619b2b9db3447418404754e3f789e61bce3efb09205ee"",""--galaxy"",""NGC 4473"",""--signal"",""/Users/zuha/Desktop/FKI/4 курс 2025-2026/course_work-SBF/data/NGC 4473/jw07763-o004_t004_nircam_clear-f150w_i2d.fits"",""--color"",""/Users/zuha/Desktop/FKI/4 курс 2025-2026/course_work-SBF/data/NGC 4473/jw07763-o004_t004_nircam_clear-f115w_i2d.fits"",""--signal-filter"",""F150W"",""--color-filter"",""F115W"",""--template"",""/Users/zuha/Desktop/FKI/4 курс 2025-2026/course_work-SBF/code/sbf-3.ipynb"",""--batch-root"",""/Users/zuha/Desktop/FKI/4 курс 2025-2026/course_work-SBF/runs/sbf3_go3055_go7763/batch"",""--products-root"",""/Users/zuha/Desktop/FKI/4 курс 2025-2026/course_work-SBF/runs/sbf3_go3055_go7763/products""]","{""supervision"":{""completed"":true,""detail"":null,""duration_seconds"":4321.428722665994,""ended_monotonic"":508254.288254541,""last_sample"":{""available_ram_bytes"":10149068800,""collector"":""psutil"",""disk"":{""free_bytes"":175362207744,""free_gib"":163.31878280639648,""path"":""/Users/zuha/Desktop/FKI/4 курс 2025-2026/course_work-SBF/data"",""total_bytes"":994662584320,""total_gib"":926.3517189025879,""used_bytes"":819300376576,""used_gib"":763.0329360961914},""disk_free_bytes"":175362207744,""monotonic"":508224.277928416,""pid"":17335,""swap"":{""free_bytes"":1317994496,""free_gib"":1.22747802734375,""percent"":93.9,""total_bytes"":21474836480,""total_gib"":20.0,""used_bytes"":20156841984,""used_gib"":18.77252197265625},""swap_used_bytes"":20156841984,""system_ram"":{""available_bytes"":10149068800,""available_gib"":9.452056884765625,""percent"":70.5,""total_bytes"":34359738368,""total_gib"":32.0,""used_bytes"":10797006848,""used_gib"":10.055496215820312},""timestamp_utc"":""2026-07-21T17:03:53.726+00:00"",""worker"":{""child_count"":1,""children_rss_bytes"":5439488,""children_rss_gib"":0.00506591796875,""pid"":17335,""rss_bytes"":7905345536,""rss_gib"":7.3624267578125,""status"":""sleeping"",""total_rss_bytes"":7910785024,""total_rss_gib"":7.36749267578125},""worker_children_rss_bytes"":5439488,""worker_rss_bytes"":7905345536,""worker_total_rss_bytes"":7910785024},""ok"":true,""reason"":""completed"",""returncode"":0,""sample_count"":144,""signal_name"":null,""started_monotonic"":503932.859531875,""termination"":null}}"
150,run-20260720T164920Z-5f8824d560b3-6a51d38a,job-cfc6d4203c1c9b97ee6a450e71b39fed1db204d7ff87d7fd337b4734b074ec81,7763,o020_t020,NGC 4474,1,SUCCEEDED,33082,1784653464.402433,1784657664.826847,4200.424414157867,0,/Users/zuha/Desktop/FKI/4 курс 2025-2026/course_work-SBF/runs/sbf3_go3055_go7763/batch/NGC_4474__F150W__F115W__cfc6d4203c1c_result.log,,"[""/Users/zuha/Desktop/FKI/4 курс 2025-2026/course_work-SBF/astro_env/bin/python3"",""/Users/zuha/Desktop/FKI/4 курс 2025-2026/course_work-SBF/code/run_sbf_batch.py"",""--worker"",""--job-id"",""job-cfc6d4203c1c9b97ee6a450e71b39fed1db204d7ff87d7fd337b4734b074ec81"",""--galaxy"",""NGC 4474"",""--signal"",""/Users/zuha/Desktop/FKI/4 курс 2025-2026/course_work-SBF/data/NGC 4474/jw07763-o020_t020_nircam_clear-f150w_i2d.fits"",""--color"",""/Users/zuha/Desktop/FKI/4 курс 2025-2026/course_work-SBF/data/NGC 4474/jw07763-o020_t020_nircam_clear-f115w_i2d.fits"",""--signal-filter"",""F150W"",""--color-filter"",""F115W"",""--template"",""/Users/zuha/Desktop/FKI/4 курс 2025-2026/course_work-SBF/code/sbf-3.ipynb"",""--batch-root"",""/Users/zuha/Desktop/FKI/4 курс 2025-2026/course_work-SBF/runs/sbf3_go3055_go7763/batch"",""--products-root"",""/Users/zuha/Desktop/FKI/4 курс 2025-2026/course_work-SBF/runs/sbf3_go3055_go7763/products""]","{""supervision"":{""completed"":true,""detail"":null,""duration_seconds"":4201.374823249993,""ended_monotonic"":512456.330912666,""last_sample"":{""available_ram_bytes"":12246581248,""collector"":""psutil"",""disk"":{""free_bytes"":166882775040,""free_gib"":155.42169570922852,""path"":""/Users/zuha/Desktop/FKI/4 курс 2025-2026/course_work-SBF/data"",""total_bytes"":994662584320,""total_gib"":926.3517189025879,""used_bytes"":827779809280,""used_gib"":770.9300231933594},""disk_free_bytes"":166882775040,""monotonic"":512426.322392166,""pid"":33082,""swap"":{""free_bytes"":1362362368,""free_gib"":1.268798828125,""percent"":94.2,""total_bytes"":23622320128,""total_gib"":22.0,""used_bytes"":22259957760,""used_gib"":20.731201171875},""swap_used_bytes"":22259957760,""system_ram"":{""available_bytes"":12246581248,""available_gib"":11.405517578125,""percent"":64.4,""total_bytes"":34359738368,""total_gib"":32.0,""used_bytes"":13209419776,""used_gib"":12.302230834960938},""timestamp_utc"":""2026-07-21T18:13:54.340+00:00"",""worker"":{""child_count"":1,""children_rss_bytes"":1212416,""children_rss_gib"":0.001129150390625,""pid"":33082,""rss_bytes"":7516422144,""rss_gib"":7.000213623046875,""status"":""sleeping"",""total_rss_bytes"":7517634560,""total_rss_gib"":7.0013427734375},""worker_children_rss_bytes"":1212416,""worker_rss_bytes"":7516422144,""worker_total_rss_bytes"":7517634560},""ok"":true,""reason"":""completed"",""returncode"":0,""sample_count"":140,""signal_name"":null,""started_monotonic"":508254.956089416,""termination"":null}}"
151,run-20260720T164920Z-5f8824d560b3-6a51d38a,job-34a3c32eb7981a962cbea5611fc8d93434308ccbc8b771854f3995ec5b8f2db1,7763,o024_t024,NGC 4476,1,SUCCEEDED,49027,1784657665.022551,1784661688.0901492,4023.067598104477,0,/Users/zuha/Desktop/FKI/4 курс 2025-2026/course_work-SBF/runs/sbf3_go3055_go7763/batch/NGC_4476__F150W__F115W__34a3c32eb798_result.log,,"[""/Users/zuha/Desktop/FKI/4 курс 2025-2026/course_work-SBF/astro_env/bin/python3"",""/Users/zuha/Desktop/FKI/4 курс 2025-2026/course_work-SBF/code/run_sbf_batch.py"",""--worker"",""--job-id"",""job-34a3c32eb7981a962cbea5611fc8d93434308ccbc8b771854f3995ec5b8f2db1"",""--galaxy"",""NGC 4476"",""--signal"",""/Users/zuha/Desktop/FKI/4 курс 2025-2026/course_work-SBF/data/NGC 4476/jw07763-o024_t024_nircam_clear-f150w_i2d.fits"",""--color"",""/Users/zuha/Desktop/FKI/4 курс 2025-2026/course_work-SBF/data/NGC 4476/jw07763-o024_t024_nircam_clear-f115w_i2d.fits"",""--signal-filter"",""F150W"",""--color-filter"",""F115W"",""--template"",""/Users/zuha/Desktop/FKI/4 курс 2025-2026/course_work-SBF/code/sbf-3.ipynb"",""--batch-root"",""/Users/zuha/Desktop/FKI/4 курс 2025-2026/course_work-SBF/runs/sbf3_go3055_go7763/batch"",""--products-root"",""/Users/zuha/Desktop/FKI/4 курс 2025-2026/course_work-SBF/runs/sbf3_go3055_go7763/products""]","{""supervision"":{""completed"":true,""detail"":null,""duration_seconds"":4020.6598825419787,""ended_monotonic"":516477.668058333,""last_sample"":{""available_ram_bytes"":10640359424,""collector"":""psutil"",""disk"":{""free_bytes"":166913585152,""free_gib"":155.45038986206055,""path"":""/Users/zuha/Desktop/FKI/4 курс 2025-2026/course_work-SBF/data"",""total_bytes"":994662584320,""total_gib"":926.3517189025879,""used_bytes"":827748999168,""used_gib"":770.9013290405273},""disk_free_bytes"":166913585152,""monotonic"":516447.662895875,""pid"":49027,""swap"":{""free_bytes"":930676736,""free_gib"":0.86676025390625,""percent"":95.2,""total_bytes"":19327352832,""total_gib"":18.0,""used_bytes"":18396676096,""used_gib"":17.13323974609375},""swap_used_bytes"":18396676096,""system_ram"":{""available_bytes"":10640359424,""available_gib"":9.90960693359375,""percent"":69.0,""total_bytes"":34359738368,""total_gib"":32.0,""used_bytes"":11608080384,""used_gib"":10.810867309570312},""timestamp_utc"":""2026-07-21T19:20:57.635+00:00"",""worker"":{""child_count"":1,""children_rss_bytes"":5439488,""children_rss_gib"":0.00506591796875,""pid"":49027,""rss_bytes"":5788844032,""rss_gib"":5.3912811279296875,""status"":""sleeping"",""total_rss_bytes"":5794283520,""total_rss_gib"":5.3963470458984375},""worker_children_rss_bytes"":5439488,""worker_rss_bytes"":5788844032,""worker_total_rss_bytes"":5794283520},""ok"":true,""reason"":""completed"",""returncode"":0,""sample_count"":134,""signal_name"":null,""started_monotonic"":512457.008175791,""termination"":null}}"
152,run-20260720T164920Z-5f8824d560b3-6a51d38a,job-c62fcb3cefe0b5f1e86cdc967352db9f554a0c483999977116a7a75e6b5b9937,7763,o007_t007,NGC 4477,1,SUCCEEDED,65248,1784661688.279634,1784665619.7042391,3931.4246051311493,0,/Users/zuha/Desktop/FKI/4 курс 2025-2026/course_work-SBF/runs/sbf3_go3055_go7763/batch/NGC_4477__F150W__F115W__c62fcb3cefe0_result.log,,"[""/Users/zuha/Desktop/FKI/4 курс 2025-2026/course_work-SBF/astro_env/bin/python3"",""/Users/zuha/Desktop/FKI/4 курс 2025-2026/course_work-SBF/code/run_sbf_batch.py"",""--worker"",""--job-id"",""job-c62fcb3cefe0b5f1e86cdc967352db9f554a0c483999977116a7a75e6b5b9937"",""--galaxy"",""NGC 4477"",""--signal"",""/Users/zuha/Desktop/FKI/4 курс 2025-2026/course_work-SBF/data/NGC 4477/jw07763-o007_t007_nircam_clear-f150w_i2d.fits"",""--color"",""/Users/zuha/Desktop/FKI/4 курс 2025-2026/course_work-SBF/data/NGC 4477/jw07763-o007_t007_nircam_clear-f115w_i2d.fits"",""--signal-filter"",""F150W"",""--color-filter"",""F115W"",""--template"",""/Users/zuha/Desktop/FKI/4 курс 2025-2026/course_work-SBF/code/sbf-3.ipynb"",""--batch-root"",""/Users/zuha/Desktop/FKI/4 курс 2025-2026/course_work-SBF/runs/sbf3_go3055_go7763/batch"",""--products-root"",""/Users/zuha/Desktop/FKI/4 курс 2025-2026/course_work-SBF/runs/sbf3_go3055_go7763/products""]","{""supervision"":{""completed"":true,""detail"":null,""duration_seconds"":3931.0926275830134,""ended_monotonic"":520409.403419208,""last_sample"":{""available_ram_bytes"":9891266560,""collector"":""psutil"",""disk"":{""free_bytes"":165740609536,""free_gib"":154.35797119140625,""path"":""/Users/zuha/Desktop/FKI/4 курс 2025-2026/course_work-SBF/data"",""total_bytes"":994662584320,""total_gib"":926.3517189025879,""used_bytes"":828921974784,""used_gib"":771.9937477111816},""disk_free_bytes"":165740609536,""monotonic"":520379.393129,""pid"":65248,""swap"":{""free_bytes"":885456896,""free_gib"":0.82464599609375,""percent"":95.1,""total_bytes"":18253611008,""total_gib"":17.0,""used_bytes"":17368154112,""used_gib"":16.17535400390625},""swap_used_bytes"":17368154112,""system_ram"":{""available_bytes"":9891266560,""available_gib"":9.211959838867188,""percent"":71.2,""total_bytes"":34359738368,""total_gib"":32.0,""used_bytes"":11175018496,""used_gib"":10.407546997070312},""timestamp_utc"":""2026-07-21T20:26:29.198+00:00"",""worker"":{""child_count"":1,""children_rss_bytes"":5439488,""children_rss_gib"":0.00506591796875,""pid"":65248,""rss_bytes"":7165771776,""rss_gib"":6.67364501953125,""status"":""sleeping"",""total_rss_bytes"":7171211264,""total_rss_gib"":6.6787109375},""worker_children_rss_bytes"":5439488,""worker_rss_bytes"":7165771776,""worker_total_rss_bytes"":7171211264},""ok"":true,""reason"":""completed"",""returncode"":0,""sample_count"":131,""signal_name"":null,""started_monotonic"":516478.310791625,""termination"":null}}"
153,run-20260720T164920Z-5f8824d560b3-6a51d38a,job-c3bc4f46350545868f5c8eda68e560cda76db56b00f27925a2d00dcb8546f00d,7763,o017_t017,NGC 4478,1,SUCCEEDED,80276,1784665619.8952808,1784669761.4703171,4141.575036287308,0,/Users/zuha/Desktop/FKI/4 курс 2025-2026/course_work-SBF/runs/sbf3_go3055_go7763/batch/NGC_4478__F150W__F115W__c3bc4f463505_result.log,,"[""/Users/zuha/Desktop/FKI/4 курс 2025-2026/course_work-SBF/astro_env/bin/python3"",""/Users/zuha/Desktop/FKI/4 курс 2025-2026/course_work-SBF/code/run_sbf_batch.py"",""--worker"",""--job-id"",""job-c3bc4f46350545868f5c8eda68e560cda76db56b00f27925a2d00dcb8546f00d"",""--galaxy"",""NGC 4478"",""--signal"",""/Users/zuha/Desktop/FKI/4 курс 2025-2026/course_work-SBF/data/NGC 4478/jw07763-o017_t017_nircam_clear-f150w_i2d.fits"",""--color"",""/Users/zuha/Desktop/FKI/4 курс 2025-2026/course_work-SBF/data/NGC 4478/jw07763-o017_t017_nircam_clear-f115w_i2d.fits"",""--signal-filter"",""F150W"",""--color-filter"",""F115W"",""--template"",""/Users/zuha/Desktop/FKI/4 курс 2025-2026/course_work-SBF/code/sbf-3.ipynb"",""--batch-root"",""/Users/zuha/Desktop/FKI/4 курс 2025-2026/course_work-SBF/runs/sbf3_go3055_go7763/batch"",""--products-root"",""/Users/zuha/Desktop/FKI/4 курс 2025-2026/course_work-SBF/runs/sbf3_go3055_go7763/products""]","{""supervision"":{""completed"":true,""detail"":null,""duration_seconds"":4141.32234379201,""ended_monotonic"":524551.415192,""last_sample"":{""available_ram_bytes"":9804808192,""collector"":""psutil"",""disk"":{""free_bytes"":164875563008,""free_gib"":153.5523338317871,""path"":""/Users/zuha/Desktop/FKI/4 курс 2025-2026/course_work-SBF/data"",""total_bytes"":994662584320,""total_gib"":926.3517189025879,""used_bytes"":829787021312,""used_gib"":772.7993850708008},""disk_free_bytes"":164875563008,""monotonic"":524521.4048865,""pid"":80276,""swap"":{""free_bytes"":944242688,""free_gib"":0.87939453125,""percent"":94.8,""total_bytes"":18253611008,""total_gib"":17.0,""used_bytes"":17309368320,""used_gib"":16.12060546875},""swap_used_bytes"":17309368320,""system_ram"":{""available_bytes"":9804808192,""available_gib"":9.131439208984375,""percent"":71.5,""total_bytes"":34359738368,""total_gib"":32.0,""used_bytes"":10610720768,""used_gib"":9.882003784179688},""timestamp_utc"":""2026-07-21T21:35:30.974+00:00"",""worker"":{""child_count"":1,""children_rss_bytes"":5439488,""children_rss_gib"":0.00506591796875,""pid"":80276,""rss_bytes"":6328565760,""rss_gib"":5.8939361572265625,""status"":""sleeping"",""total_rss_bytes"":6334005248,""total_rss_gib"":5.8990020751953125},""worker_children_rss_bytes"":5439488,""worker_rss_bytes"":6328565760,""worker_total_rss_bytes"":6334005248},""ok"":true,""reason"":""completed"",""returncode"":0,""sample_count"":138,""signal_name"":null,""started_monotonic"":520410.092848208,""termination"":null}}"
154,run-20260720T164920Z-5f8824d560b3-6a51d38a,job-0f71e30869646f89b188dd2b9812a22c24a5352994e2f90c82acba8e3da79a43,7763,o037_t037,NGC 4479,1,FAILED,95402,1784669761.6551511,1784670241.789804,480.1346528530121,1,/Users/zuha/Desktop/FKI/4 курс 2025-2026/course_work-SBF/runs/sbf3_go3055_go7763/batch/NGC_4479__F150W__F115W__0f71e3086964_result.log,worker exited 1; required artifacts are absent or invalid,"[""/Users/zuha/Desktop/FKI/4 курс 2025-2026/course_work-SBF/astro_env/bin/python3"",""/Users/zuha/Desktop/FKI/4 курс 2025-2026/course_work-SBF/code/run_sbf_batch.py"",""--worker"",""--job-id"",""job-0f71e30869646f89b188dd2b9812a22c24a5352994e2f90c82acba8e3da79a43"",""--galaxy"",""NGC 4479"",""--signal"",""/Users/zuha/Desktop/FKI/4 курс 2025-2026/course_work-SBF/data/NGC 4479/jw07763-o037_t037_nircam_clear-f150w_i2d.fits"",""--color"",""/Users/zuha/Desktop/FKI/4 курс 2025-2026/course_work-SBF/data/NGC 4479/jw07763-o037_t037_nircam_clear-f115w_i2d.fits"",""--signal-filter"",""F150W"",""--color-filter"",""F115W"",""--template"",""/Users/zuha/Desktop/FKI/4 курс 2025-2026/course_work-SBF/code/sbf-3.ipynb"",""--batch-root"",""/Users/zuha/Desktop/FKI/4 курс 2025-2026/course_work-SBF/runs/sbf3_go3055_go7763/batch"",""--products-root"",""/Users/zuha/Desktop/FKI/4 курс 2025-2026/course_work-SBF/runs/sbf3_go3055_go7763/products""]","{""supervision"":{""completed"":true,""detail"":null,""duration_seconds"":480.1452674579341,""ended_monotonic"":525032.234407416,""last_sample"":{""available_ram_bytes"":12956008448,""collector"":""psutil"",""disk"":{""free_bytes"":165568589824,""free_gib"":154.1977653503418,""path"":""/Users/zuha/Desktop/FKI/4 курс 2025-2026/course_work-SBF/data"",""total_bytes"":994662584320,""total_gib"":926.3517189025879,""used_bytes"":829093994496,""used_gib"":772.1539535522461},""disk_free_bytes"":165568589824,""monotonic"":525002.224151166,""pid"":95402,""swap"":{""free_bytes"":944242688,""free_gib"":0.87939453125,""percent"":94.8,""total_bytes"":18253611008,""total_gib"":17.0,""used_bytes"":17309368320,""used_gib"":16.12060546875},""swap_used_bytes"":17309368320,""system_ram"":{""available_bytes"":12956008448,""available_gib"":12.06622314453125,""percent"":62.3,""total_bytes"":34359738368,""total_gib"":32.0,""used_bytes"":13701513216,""used_gib"":12.760528564453125},""timestamp_utc"":""2026-07-21T21:43:31.765+00:00"",""worker"":{""child_count"":1,""children_rss_bytes"":14532608,""children_rss_gib"":0.0135345458984375,""pid"":95402,""rss_bytes"":7298023424,""rss_gib"":6.79681396484375,""status"":""sleeping"",""total_rss_bytes"":7312556032,""total_rss_gib"":6.8103485107421875},""worker_children_rss_bytes"":14532608,""worker_rss_bytes"":7298023424,""worker_total_rss_bytes"":7312556032},""ok"":false,""reason"":""completed"",""returncode"":1,""sample_count"":16,""signal_name"":null,""started_monotonic"":524552.089139958,""termination"":null}}"
155,run-20260720T164920Z-5f8824d560b3-6a51d38a,job-88bf47d29c54d349bd532b1fe6f83f185712e0294ca5b319f5dae199bdfa01ce,7763,o041_t041,NGC 4482,1,SUCCEEDED,97128,1784670241.962773,1784674143.4948559,3901.532082796097,0,/Users/zuha/Desktop/FKI/4 курс 2025-2026/course_work-SBF/runs/sbf3_go3055_go7763/batch/NGC_4482__F150W__F115W__88bf47d29c54_result.log,,"[""/Users/zuha/Desktop/FKI/4 курс 2025-2026/course_work-SBF/astro_env/bin/python3"",""/Users/zuha/Desktop/FKI/4 курс 2025-2026/course_work-SBF/code/run_sbf_batch.py"",""--worker"",""--job-id"",""job-88bf47d29c54d349bd532b1fe6f83f185712e0294ca5b319f5dae199bdfa01ce"",""--galaxy"",""NGC 4482"",""--signal"",""/Users/zuha/Desktop/FKI/4 курс 2025-2026/course_work-SBF/data/NGC 4482/jw07763-o041_t041_nircam_clear-f150w_i2d.fits"",""--color"",""/Users/zuha/Desktop/FKI/4 курс 2025-2026/course_work-SBF/data/NGC 4482/jw07763-o041_t041_nircam_clear-f115w_i2d.fits"",""--signal-filter"",""F150W"",""--color-filter"",""F115W"",""--template"",""/Users/zuha/Desktop/FKI/4 курс 2025-2026/course_work-SBF/code/sbf-3.ipynb"",""--batch-root"",""/Users/zuha/Desktop/FKI/4 курс 2025-2026/course_work-SBF/runs/sbf3_go3055_go7763/batch"",""--products-root"",""/Users/zuha/Desktop/FKI/4 курс 2025-2026/course_work-SBF/runs/sbf3_go3055_go7763/products""]","{""supervision"":{""completed"":true,""detail"":null,""duration_seconds"":3901.2631732498994,""ended_monotonic"":528933.687389458,""last_sample"":{""available_ram_bytes"":10481614848,""collector"":""psutil"",""disk"":{""free_bytes"":164722532352,""free_gib"":153.4098129272461,""path"":""/Users/zuha/Desktop/FKI/4 курс 2025-2026/course_work-SBF/data"",""total_bytes"":994662584320,""total_gib"":926.3517189025879,""used_bytes"":829940051968,""used_gib"":772.9419059753418},""disk_free_bytes"":164722532352,""monotonic"":528903.677065416,""pid"":97128,""swap"":{""free_bytes"":969408512,""free_gib"":0.90283203125,""percent"":94.7,""total_bytes"":18253611008,""total_gib"":17.0,""used_bytes"":17284202496,""used_gib"":16.09716796875},""swap_used_bytes"":17284202496,""system_ram"":{""available_bytes"":10481614848,""available_gib"":9.761764526367188,""percent"":69.5,""total_bytes"":34359738368,""total_gib"":32.0,""used_bytes"":10823745536,""used_gib"":10.080398559570312},""timestamp_utc"":""2026-07-21T22:48:32.996+00:00"",""worker"":{""child_count"":1,""children_rss_bytes"":5439488,""children_rss_gib"":0.00506591796875,""pid"":97128,""rss_bytes"":6494584832,""rss_gib"":6.048553466796875,""status"":""sleeping"",""total_rss_bytes"":6500024320,""total_rss_gib"":6.053619384765625},""worker_children_rss_bytes"":5439488,""worker_rss_bytes"":6494584832,""worker_total_rss_bytes"":6500024320},""ok"":true,""reason"":""completed"",""returncode"":0,""sample_count"":130,""signal_name"":null,""started_monotonic"":525032.424216208,""termination"":null}}"
156,run-20260720T164920Z-5f8824d560b3-6a51d38a,job-1ad0a1afd84749d1ac1d6051190856526ea027d4b92736a12f0aa8f8b413037c,7763,o034_t034,NGC4486A,1,FAILED,11777,1784674143.673544,1784674353.739135,210.06559109687805,1,/Users/zuha/Desktop/FKI/4 курс 2025-2026/course_work-SBF/runs/sbf3_go3055_go7763/batch/NGC4486A__F150W__F115W__1ad0a1afd847_result.log,worker exited 1; required artifacts are absent or invalid,"[""/Users/zuha/Desktop/FKI/4 курс 2025-2026/course_work-SBF/astro_env/bin/python3"",""/Users/zuha/Desktop/FKI/4 курс 2025-2026/course_work-SBF/code/run_sbf_batch.py"",""--worker"",""--job-id"",""job-1ad0a1afd84749d1ac1d6051190856526ea027d4b92736a12f0aa8f8b413037c"",""--galaxy"",""NGC4486A"",""--signal"",""/Users/zuha/Desktop/FKI/4 курс 2025-2026/course_work-SBF/data/NGC4486A/jw07763-o034_t034_nircam_clear-f150w_i2d.fits"",""--color"",""/Users/zuha/Desktop/FKI/4 курс 2025-2026/course_work-SBF/data/NGC4486A/jw07763-o034_t034_nircam_clear-f115w_i2d.fits"",""--signal-filter"",""F150W"",""--color-filter"",""F115W"",""--template"",""/Users/zuha/Desktop/FKI/4 курс 2025-2026/course_work-SBF/code/sbf-3.ipynb"",""--batch-root"",""/Users/zuha/Desktop/FKI/4 курс 2025-2026/course_work-SBF/runs/sbf3_go3055_go7763/batch"",""--products-root"",""/Users/zuha/Desktop/FKI/4 курс 2025-2026/course_work-SBF/runs/sbf3_go3055_go7763/products""]","{""supervision"":{""completed"":true,""detail"":null,""duration_seconds"":210.07045366696548,""ended_monotonic"":529144.427882875,""last_sample"":{""available_ram_bytes"":13097893888,""collector"":""psutil"",""disk"":{""free_bytes"":164498833408,""free_gib"":153.20147705078125,""path"":""/Users/zuha/Desktop/FKI/4 курс 2025-2026/course_work-SBF/data"",""total_bytes"":994662584320,""total_gib"":926.3517189025879,""used_bytes"":830163750912,""used_gib"":773.1502418518066},""disk_free_bytes"":164498833408,""monotonic"":529114.41781325,""pid"":11777,""swap"":{""free_bytes"":969408512,""free_gib"":0.90283203125,""percent"":94.7,""total_bytes"":18253611008,""total_gib"":17.0,""used_bytes"":17284202496,""used_gib"":16.09716796875},""swap_used_bytes"":17284202496,""system_ram"":{""available_bytes"":13097893888,""available_gib"":12.1983642578125,""percent"":61.9,""total_bytes"":34359738368,""total_gib"":32.0,""used_bytes"":13512065024,""used_gib"":12.584091186523438},""timestamp_utc"":""2026-07-21T22:52:03.724+00:00"",""worker"":{""child_count"":1,""children_rss_bytes"":15155200,""children_rss_gib"":0.0141143798828125,""pid"":11777,""rss_bytes"":7325384704,""rss_gib"":6.822296142578125,""status"":""sleeping"",""total_rss_bytes"":7340539904,""total_rss_gib"":6.8364105224609375},""worker_children_rss_bytes"":15155200,""worker_rss_bytes"":7325384704,""worker_total_rss_bytes"":7340539904},""ok"":false,""reason"":""completed"",""returncode"":1,""sample_count"":7,""signal_name"":null,""started_monotonic"":528934.357429208,""termination"":null}}"
157,run-20260720T164920Z-5f8824d560b3-6a51d38a,job-f51f97e72b9bb8c3f92bc5db867dddc43bf64ae532e6a2c0264ab53ea20803a4,7763,o044_t044,NGC4486B,1,SUCCEEDED,12541,1784674353.9154549,1784677925.848317,3571.9328620433807,0,/Users/zuha/Desktop/FKI/4 курс 2025-2026/course_work-SBF/runs/sbf3_go3055_go7763/batch/NGC4486B__F150W__F115W__f51f97e72b9b_result.log,,"[""/Users/zuha/Desktop/FKI/4 курс 2025-2026/course_work-SBF/astro_env/bin/python3"",""/Users/zuha/Desktop/FKI/4 курс 2025-2026/course_work-SBF/code/run_sbf_batch.py"",""--worker"",""--job-id"",""job-f51f97e72b9bb8c3f92bc5db867dddc43bf64ae532e6a2c0264ab53ea20803a4"",""--galaxy"",""NGC4486B"",""--signal"",""/Users/zuha/Desktop/FKI/4 курс 2025-2026/course_work-SBF/data/NGC4486B/jw07763-o044_t044_nircam_clear-f150w_i2d.fits"",""--color"",""/Users/zuha/Desktop/FKI/4 курс 2025-2026/course_work-SBF/data/NGC4486B/jw07763-o044_t044_nircam_clear-f115w_i2d.fits"",""--signal-filter"",""F150W"",""--color-filter"",""F115W"",""--template"",""/Users/zuha/Desktop/FKI/4 курс 2025-2026/course_work-SBF/code/sbf-3.ipynb"",""--batch-root"",""/Users/zuha/Desktop/FKI/4 курс 2025-2026/course_work-SBF/runs/sbf3_go3055_go7763/batch"",""--products-root"",""/Users/zuha/Desktop/FKI/4 курс 2025-2026/course_work-SBF/runs/sbf3_go3055_go7763/products""]","{""supervision"":{""completed"":true,""detail"":null,""duration_seconds"":3570.999643750023,""ended_monotonic"":532715.611136666,""last_sample"":{""available_ram_bytes"":9347383296,""collector"":""psutil"",""disk"":{""free_bytes"":162131554304,""free_gib"":150.99677658081055,""path"":""/Users/zuha/Desktop/FKI/4 курс 2025-2026/course_work-SBF/data"",""total_bytes"":994662584320,""total_gib"":926.3517189025879,""used_bytes"":832531030016,""used_gib"":775.3549423217773},""disk_free_bytes"":162131554304,""monotonic"":532685.60584,""pid"":12541,""swap"":{""free_bytes"":1304952832,""free_gib"":1.21533203125,""percent"":92.9,""total_bytes"":18253611008,""total_gib"":17.0,""used_bytes"":16948658176,""used_gib"":15.78466796875},""swap_used_bytes"":16948658176,""system_ram"":{""available_bytes"":9347383296,""available_gib"":8.705429077148438,""percent"":72.8,""total_bytes"":34359738368,""total_gib"":32.0,""used_bytes"":10243833856,""used_gib"":9.540313720703125},""timestamp_utc"":""2026-07-21T23:51:35.374+00:00"",""worker"":{""child_count"":1,""children_rss_bytes"":5406720,""children_rss_gib"":0.005035400390625,""pid"":12541,""rss_bytes"":5406277632,""rss_gib"":5.0349884033203125,""status"":""sleeping"",""total_rss_bytes"":5411684352,""total_rss_gib"":5.0400238037109375},""worker_children_rss_bytes"":5406720,""worker_rss_bytes"":5406277632,""worker_total_rss_bytes"":5411684352},""ok"":true,""reason"":""completed"",""returncode"":0,""sample_count"":119,""signal_name"":null,""started_monotonic"":529144.611492916,""termination"":null}}"
158,run-20260720T164920Z-5f8824d560b3-6a51d38a,job-ccafc268a0d778d7195e3a428b82ba636d0002ae74001e11c4eda971bda497ce,7763,o035_t035,NGC 4497,1,FAILED,26856,1784677926.0392041,1784680596.533451,2670.4942469596863,1,/Users/zuha/Desktop/FKI/4 курс 2025-2026/course_work-SBF/runs/sbf3_go3055_go7763/batch/NGC_4497__F150W__F115W__ccafc268a0d7_result.log,worker exited 1; required artifacts are absent or invalid,"[""/Users/zuha/Desktop/FKI/4 курс 2025-2026/course_work-SBF/astro_env/bin/python3"",""/Users/zuha/Desktop/FKI/4 курс 2025-2026/course_work-SBF/code/run_sbf_batch.py"",""--worker"",""--job-id"",""job-ccafc268a0d778d7195e3a428b82ba636d0002ae74001e11c4eda971bda497ce"",""--galaxy"",""NGC 4497"",""--signal"",""/Users/zuha/Desktop/FKI/4 курс 2025-2026/course_work-SBF/data/NGC 4497/jw07763-o035_t035_nircam_clear-f150w_i2d.fits"",""--color"",""/Users/zuha/Desktop/FKI/4 курс 2025-2026/course_work-SBF/data/NGC 4497/jw07763-o035_t035_nircam_clear-f115w_i2d.fits"",""--signal-filter"",""F150W"",""--color-filter"",""F115W"",""--template"",""/Users/zuha/Desktop/FKI/4 курс 2025-2026/course_work-SBF/code/sbf-3.ipynb"",""--batch-root"",""/Users/zuha/Desktop/FKI/4 курс 2025-2026/course_work-SBF/runs/sbf3_go3055_go7763/batch"",""--products-root"",""/Users/zuha/Desktop/FKI/4 курс 2025-2026/course_work-SBF/runs/sbf3_go3055_go7763/products""]","{""supervision"":{""completed"":true,""detail"":null,""duration_seconds"":2670.53717704094,""ended_monotonic"":535386.810051041,""last_sample"":{""available_ram_bytes"":13050232832,""collector"":""psutil"",""disk"":{""free_bytes"":160215646208,""free_gib"":149.2124481201172,""path"":""/Users/zuha/Desktop/FKI/4 курс 2025-2026/course_work-SBF/data"",""total_bytes"":994662584320,""total_gib"":926.3517189025879,""used_bytes"":834446938112,""used_gib"":777.1392707824707},""disk_free_bytes"":160215646208,""monotonic"":535356.804636958,""pid"":26856,""swap"":{""free_bytes"":1447559168,""free_gib"":1.34814453125,""percent"":92.1,""total_bytes"":18253611008,""total_gib"":17.0,""used_bytes"":16806051840,""used_gib"":15.65185546875},""swap_used_bytes"":16806051840,""system_ram"":{""available_bytes"":13050232832,""available_gib"":12.153976440429688,""percent"":62.0,""total_bytes"":34359738368,""total_gib"":32.0,""used_bytes"":15855271936,""used_gib"":14.766372680664062},""timestamp_utc"":""2026-07-22T00:36:06.511+00:00"",""worker"":{""child_count"":9,""children_rss_bytes"":1934852096,""children_rss_gib"":1.801971435546875,""pid"":26856,""rss_bytes"":5556682752,""rss_gib"":5.1750640869140625,""status"":""sleeping"",""total_rss_bytes"":7491534848,""total_rss_gib"":6.9770355224609375},""worker_children_rss_bytes"":1934852096,""worker_rss_bytes"":5556682752,""worker_total_rss_bytes"":7491534848},""ok"":false,""reason"":""completed"",""returncode"":1,""sample_count"":89,""signal_name"":null,""started_monotonic"":532716.272874,""termination"":null}}"
159,run-20260720T164920Z-5f8824d560b3-6a51d38a,job-f36bed0b060c7e65950e83ba29744472e1f12fa07f98ecf86dadbf70dc2ee2a0,7763,o015_t015,NGC 4503,1,FAILED,37883,1784680596.742363,1784680806.7792902,210.03692722320557,1,/Users/zuha/Desktop/FKI/4 курс 2025-2026/course_work-SBF/runs/sbf3_go3055_go7763/batch/NGC_4503__F150W__F115W__f36bed0b060c_result.log,worker exited 1; required artifacts are absent or invalid,"[""/Users/zuha/Desktop/FKI/4 курс 2025-2026/course_work-SBF/astro_env/bin/python3"",""/Users/zuha/Desktop/FKI/4 курс 2025-2026/course_work-SBF/code/run_sbf_batch.py"",""--worker"",""--job-id"",""job-f36bed0b060c7e65950e83ba29744472e1f12fa07f98ecf86dadbf70dc2ee2a0"",""--galaxy"",""NGC 4503"",""--signal"",""/Users/zuha/Desktop/FKI/4 курс 2025-2026/course_work-SBF/data/NGC 4503/jw07763-o015_t015_nircam_clear-f150w_i2d.fits"",""--color"",""/Users/zuha/Desktop/FKI/4 курс 2025-2026/course_work-SBF/data/NGC 4503/jw07763-o015_t015_nircam_clear-f115w_i2d.fits"",""--signal-filter"",""F150W"",""--color-filter"",""F115W"",""--template"",""/Users/zuha/Desktop/FKI/4 курс 2025-2026/course_work-SBF/code/sbf-3.ipynb"",""--batch-root"",""/Users/zuha/Desktop/FKI/4 курс 2025-2026/course_work-SBF/runs/sbf3_go3055_go7763/batch"",""--products-root"",""/Users/zuha/Desktop/FKI/4 курс 2025-2026/course_work-SBF/runs/sbf3_go3055_go7763/products""]","{""supervision"":{""completed"":true,""detail"":null,""duration_seconds"":210.027902666945,""ended_monotonic"":535597.066387333,""last_sample"":{""available_ram_bytes"":13113065472,""collector"":""psutil"",""disk"":{""free_bytes"":160071544832,""free_gib"":149.07824325561523,""path"":""/Users/zuha/Desktop/FKI/4 курс 2025-2026/course_work-SBF/data"",""total_bytes"":994662584320,""total_gib"":926.3517189025879,""used_bytes"":834591039488,""used_gib"":777.2734756469727},""disk_free_bytes"":160071544832,""monotonic"":535567.063288916,""pid"":37883,""swap"":{""free_bytes"":1464336384,""free_gib"":1.36376953125,""percent"":92.0,""total_bytes"":18253611008,""total_gib"":17.0,""used_bytes"":16789274624,""used_gib"":15.63623046875},""swap_used_bytes"":16789274624,""system_ram"":{""available_bytes"":13113065472,""available_gib"":12.212493896484375,""percent"":61.8,""total_bytes"":34359738368,""total_gib"":32.0,""used_bytes"":15826075648,""used_gib"":14.739181518554688},""timestamp_utc"":""2026-07-22T00:39:36.766+00:00"",""worker"":{""child_count"":9,""children_rss_bytes"":1928462336,""children_rss_gib"":1.7960205078125,""pid"":37883,""rss_bytes"":5952634880,""rss_gib"":5.5438232421875,""status"":""sleeping"",""total_rss_bytes"":7881097216,""total_rss_gib"":7.33984375},""worker_children_rss_bytes"":1928462336,""worker_rss_bytes"":5952634880,""worker_total_rss_bytes"":7881097216},""ok"":false,""reason"":""completed"",""returncode"":1,""sample_count"":7,""signal_name"":null,""started_monotonic"":535387.038484666,""termination"":null}}"
160,run-20260720T164920Z-5f8824d560b3-6a51d38a,job-6557013d24f18a6762387d272470f8ce8f02c5601bbf2b14b02885f1e2bed6ca,7763,o040_t040,NGC 4506,1,SUCCEEDED,38789,1784680806.980771,1784684288.216346,3481.2355749607086,0,/Users/zuha/Desktop/FKI/4 курс 2025-2026/course_work-SBF/runs/sbf3_go3055_go7763/batch/NGC_4506__F150W__F115W__6557013d24f1_result.log,,"[""/Users/zuha/Desktop/FKI/4 курс 2025-2026/course_work-SBF/astro_env/bin/python3"",""/Users/zuha/Desktop/FKI/4 курс 2025-2026/course_work-SBF/code/run_sbf_batch.py"",""--worker"",""--job-id"",""job-6557013d24f18a6762387d272470f8ce8f02c5601bbf2b14b02885f1e2bed6ca"",""--galaxy"",""NGC 4506"",""--signal"",""/Users/zuha/Desktop/FKI/4 курс 2025-2026/course_work-SBF/data/NGC 4506/jw07763-o040_t040_nircam_clear-f150w_i2d.fits"",""--color"",""/Users/zuha/Desktop/FKI/4 курс 2025-2026/course_work-SBF/data/NGC 4506/jw07763-o040_t040_nircam_clear-f115w_i2d.fits"",""--signal-filter"",""F150W"",""--color-filter"",""F115W"",""--template"",""/Users/zuha/Desktop/FKI/4 курс 2025-2026/course_work-SBF/code/sbf-3.ipynb"",""--batch-root"",""/Users/zuha/Desktop/FKI/4 курс 2025-2026/course_work-SBF/runs/sbf3_go3055_go7763/batch"",""--products-root"",""/Users/zuha/Desktop/FKI/4 курс 2025-2026/course_work-SBF/runs/sbf3_go3055_go7763/products""]","{""supervision"":{""completed"":true,""detail"":null,""duration_seconds"":3480.5139927089913,""ended_monotonic"":539077.79554975,""last_sample"":{""available_ram_bytes"":8758771712,""collector"":""psutil"",""disk"":{""free_bytes"":152438718464,""free_gib"":141.96961975097656,""path"":""/Users/zuha/Desktop/FKI/4 курс 2025-2026/course_work-SBF/data"",""total_bytes"":994662584320,""total_gib"":926.3517189025879,""used_bytes"":842223865856,""used_gib"":784.3820991516113},""disk_free_bytes"":152438718464,""monotonic"":539047.790406375,""pid"":38789,""swap"":{""free_bytes"":1732837376,""free_gib"":1.61383056640625,""percent"":90.5,""total_bytes"":18253611008,""total_gib"":17.0,""used_bytes"":16520773632,""used_gib"":15.38616943359375},""swap_used_bytes"":16520773632,""system_ram"":{""available_bytes"":8758771712,""available_gib"":8.157241821289062,""percent"":74.5,""total_bytes"":34359738368,""total_gib"":32.0,""used_bytes"":9633382400,""used_gib"":8.971786499023438},""timestamp_utc"":""2026-07-22T01:37:37.714+00:00"",""worker"":{""child_count"":1,""children_rss_bytes"":5406720,""children_rss_gib"":0.005035400390625,""pid"":38789,""rss_bytes"":5429100544,""rss_gib"":5.056243896484375,""status"":""sleeping"",""total_rss_bytes"":5434507264,""total_rss_gib"":5.061279296875},""worker_children_rss_bytes"":5406720,""worker_rss_bytes"":5429100544,""worker_total_rss_bytes"":5434507264},""ok"":true,""reason"":""completed"",""returncode"":0,""sample_count"":116,""signal_name"":null,""started_monotonic"":535597.281557041,""termination"":null}}"
161,run-20260720T164920Z-5f8824d560b3-6a51d38a,job-166c0b57f2ab6f45b17055f44e8f86d510546337a0ff0a804c075f8635159b46,7763,o028_t028,NGC 4528,1,SUCCEEDED,54954,1784684288.401644,1784688550.2752519,4261.873607873917,0,/Users/zuha/Desktop/FKI/4 курс 2025-2026/course_work-SBF/runs/sbf3_go3055_go7763/batch/NGC_4528__F150W__F115W__166c0b57f2ab_result.log,,"[""/Users/zuha/Desktop/FKI/4 курс 2025-2026/course_work-SBF/astro_env/bin/python3"",""/Users/zuha/Desktop/FKI/4 курс 2025-2026/course_work-SBF/code/run_sbf_batch.py"",""--worker"",""--job-id"",""job-166c0b57f2ab6f45b17055f44e8f86d510546337a0ff0a804c075f8635159b46"",""--galaxy"",""NGC 4528"",""--signal"",""/Users/zuha/Desktop/FKI/4 курс 2025-2026/course_work-SBF/data/NGC 4528/jw07763-o028_t028_nircam_clear-f150w_i2d.fits"",""--color"",""/Users/zuha/Desktop/FKI/4 курс 2025-2026/course_work-SBF/data/NGC 4528/jw07763-o028_t028_nircam_clear-f115w_i2d.fits"",""--signal-filter"",""F150W"",""--color-filter"",""F115W"",""--template"",""/Users/zuha/Desktop/FKI/4 курс 2025-2026/course_work-SBF/code/sbf-3.ipynb"",""--batch-root"",""/Users/zuha/Desktop/FKI/4 курс 2025-2026/course_work-SBF/runs/sbf3_go3055_go7763/batch"",""--products-root"",""/Users/zuha/Desktop/FKI/4 курс 2025-2026/course_work-SBF/runs/sbf3_go3055_go7763/products""]","{""supervision"":{""completed"":true,""detail"":null,""duration_seconds"":4261.300980375032,""ended_monotonic"":543339.780283208,""last_sample"":{""available_ram_bytes"":11999035392,""collector"":""psutil"",""disk"":{""free_bytes"":152410841088,""free_gib"":141.94365692138672,""path"":""/Users/zuha/Desktop/FKI/4 курс 2025-2026/course_work-SBF/data"",""total_bytes"":994662584320,""total_gib"":926.3517189025879,""used_bytes"":842251743232,""used_gib"":784.4080619812012},""disk_free_bytes"":152410841088,""monotonic"":543309.770185,""pid"":54954,""swap"":{""free_bytes"":1811349504,""free_gib"":1.68695068359375,""percent"":90.1,""total_bytes"":18253611008,""total_gib"":17.0,""used_bytes"":16442261504,""used_gib"":15.31304931640625},""swap_used_bytes"":16442261504,""system_ram"":{""available_bytes"":11999035392,""available_gib"":11.174972534179688,""percent"":65.1,""total_bytes"":34359738368,""total_gib"":32.0,""used_bytes"":9206677504,""used_gib"":8.574386596679688},""timestamp_utc"":""2026-07-22T02:48:39.795+00:00"",""worker"":{""child_count"":1,""children_rss_bytes"":5423104,""children_rss_gib"":0.0050506591796875,""pid"":54954,""rss_bytes"":3292545024,""rss_gib"":3.0664215087890625,""status"":""sleeping"",""total_rss_bytes"":3297968128,""total_rss_gib"":3.07147216796875},""worker_children_rss_bytes"":5423104,""worker_rss_bytes"":3292545024,""worker_total_rss_bytes"":3297968128},""ok"":true,""reason"":""completed"",""returncode"":0,""sample_count"":142,""signal_name"":null,""started_monotonic"":539078.479302833,""termination"":null}}"
162,run-20260720T164920Z-5f8824d560b3-6a51d38a,job-279beec6c80486afadadc749b5b409fa6e4d460eaabd0c2422fd7b5a300b90c5,7763,o018_t018,NGC 4531,1,SUCCEEDED,72478,1784688550.473661,1784692632.271681,4081.7980201244354,0,/Users/zuha/Desktop/FKI/4 курс 2025-2026/course_work-SBF/runs/sbf3_go3055_go7763/batch/NGC_4531__F150W__F115W__279beec6c804_result.log,,"[""/Users/zuha/Desktop/FKI/4 курс 2025-2026/course_work-SBF/astro_env/bin/python3"",""/Users/zuha/Desktop/FKI/4 курс 2025-2026/course_work-SBF/code/run_sbf_batch.py"",""--worker"",""--job-id"",""job-279beec6c80486afadadc749b5b409fa6e4d460eaabd0c2422fd7b5a300b90c5"",""--galaxy"",""NGC 4531"",""--signal"",""/Users/zuha/Desktop/FKI/4 курс 2025-2026/course_work-SBF/data/NGC 4531/jw07763-o018_t018_nircam_clear-f150w_i2d.fits"",""--color"",""/Users/zuha/Desktop/FKI/4 курс 2025-2026/course_work-SBF/data/NGC 4531/jw07763-o018_t018_nircam_clear-f115w_i2d.fits"",""--signal-filter"",""F150W"",""--color-filter"",""F115W"",""--template"",""/Users/zuha/Desktop/FKI/4 курс 2025-2026/course_work-SBF/code/sbf-3.ipynb"",""--batch-root"",""/Users/zuha/Desktop/FKI/4 курс 2025-2026/course_work-SBF/runs/sbf3_go3055_go7763/batch"",""--products-root"",""/Users/zuha/Desktop/FKI/4 курс 2025-2026/course_work-SBF/runs/sbf3_go3055_go7763/products""]","{""supervision"":{""completed"":true,""detail"":null,""duration_seconds"":4081.298629875062,""ended_monotonic"":547421.748788791,""last_sample"":{""available_ram_bytes"":11599527936,""collector"":""psutil"",""disk"":{""free_bytes"":149068795904,""free_gib"":138.83113479614258,""path"":""/Users/zuha/Desktop/FKI/4 курс 2025-2026/course_work-SBF/data"",""total_bytes"":994662584320,""total_gib"":926.3517189025879,""used_bytes"":845593788416,""used_gib"":787.5205841064453},""disk_free_bytes"":149068795904,""monotonic"":547391.737780833,""pid"":72478,""swap"":{""free_bytes"":977338368,""free_gib"":0.91021728515625,""percent"":94.3,""total_bytes"":17179869184,""total_gib"":16.0,""used_bytes"":16202530816,""used_gib"":15.08978271484375},""swap_used_bytes"":16202530816,""system_ram"":{""available_bytes"":11599527936,""available_gib"":10.802902221679688,""percent"":66.2,""total_bytes"":34359738368,""total_gib"":32.0,""used_bytes"":9436807168,""used_gib"":8.788711547851562},""timestamp_utc"":""2026-07-22T03:56:41.795+00:00"",""worker"":{""child_count"":1,""children_rss_bytes"":5439488,""children_rss_gib"":0.00506591796875,""pid"":72478,""rss_bytes"":3644784640,""rss_gib"":3.39447021484375,""status"":""sleeping"",""total_rss_bytes"":3650224128,""total_rss_gib"":3.3995361328125},""worker_children_rss_bytes"":5439488,""worker_rss_bytes"":3644784640,""worker_total_rss_bytes"":3650224128},""ok"":true,""reason"":""completed"",""returncode"":0,""sample_count"":136,""signal_name"":null,""started_monotonic"":543340.450158916,""termination"":null}}"
163,run-20260720T164920Z-5f8824d560b3-6a51d38a,job-cea29b2dba217dcd19cdd54daa9dbd7ae6393149561c4b1ffe569509d15541f8,7763,o003_t003,NGC 4548,1,FAILED,89161,1784692632.4688158,1784692812.536387,180.0675711631775,1,/Users/zuha/Desktop/FKI/4 курс 2025-2026/course_work-SBF/runs/sbf3_go3055_go7763/batch/NGC_4548__F150W__F115W__cea29b2dba21_result.log,worker exited 1; required artifacts are absent or invalid,"[""/Users/zuha/Desktop/FKI/4 курс 2025-2026/course_work-SBF/astro_env/bin/python3"",""/Users/zuha/Desktop/FKI/4 курс 2025-2026/course_work-SBF/code/run_sbf_batch.py"",""--worker"",""--job-id"",""job-cea29b2dba217dcd19cdd54daa9dbd7ae6393149561c4b1ffe569509d15541f8"",""--galaxy"",""NGC 4548"",""--signal"",""/Users/zuha/Desktop/FKI/4 курс 2025-2026/course_work-SBF/data/NGC 4548/jw07763-o003_t003_nircam_clear-f150w_i2d.fits"",""--color"",""/Users/zuha/Desktop/FKI/4 курс 2025-2026/course_work-SBF/data/NGC 4548/jw07763-o003_t003_nircam_clear-f115w_i2d.fits"",""--signal-filter"",""F150W"",""--color-filter"",""F115W"",""--template"",""/Users/zuha/Desktop/FKI/4 курс 2025-2026/course_work-SBF/code/sbf-3.ipynb"",""--batch-root"",""/Users/zuha/Desktop/FKI/4 курс 2025-2026/course_work-SBF/runs/sbf3_go3055_go7763/batch"",""--products-root"",""/Users/zuha/Desktop/FKI/4 курс 2025-2026/course_work-SBF/runs/sbf3_go3055_go7763/products""]","{""supervision"":{""completed"":true,""detail"":null,""duration_seconds"":180.05065812496468,""ended_monotonic"":547602.462698791,""last_sample"":{""available_ram_bytes"":11658297344,""collector"":""psutil"",""disk"":{""free_bytes"":148922609664,""free_gib"":138.69498825073242,""path"":""/Users/zuha/Desktop/FKI/4 курс 2025-2026/course_work-SBF/data"",""total_bytes"":994662584320,""total_gib"":926.3517189025879,""used_bytes"":845739974656,""used_gib"":787.6567306518555},""disk_free_bytes"":148922609664,""monotonic"":547572.452460625,""pid"":89161,""swap"":{""free_bytes"":977338368,""free_gib"":0.91021728515625,""percent"":94.3,""total_bytes"":17179869184,""total_gib"":16.0,""used_bytes"":16202530816,""used_gib"":15.08978271484375},""swap_used_bytes"":16202530816,""system_ram"":{""available_bytes"":11658297344,""available_gib"":10.857635498046875,""percent"":66.1,""total_bytes"":34359738368,""total_gib"":32.0,""used_bytes"":14175535104,""used_gib"":13.201995849609375},""timestamp_utc"":""2026-07-22T03:59:42.512+00:00"",""worker"":{""child_count"":9,""children_rss_bytes"":2166669312,""children_rss_gib"":2.0178680419921875,""pid"":89161,""rss_bytes"":5973049344,""rss_gib"":5.562835693359375,""status"":""sleeping"",""total_rss_bytes"":8139718656,""total_rss_gib"":7.5807037353515625},""worker_children_rss_bytes"":2166669312,""worker_rss_bytes"":5973049344,""worker_total_rss_bytes"":8139718656},""ok"":false,""reason"":""completed"",""returncode"":1,""sample_count"":6,""signal_name"":null,""started_monotonic"":547422.412040666,""termination"":null}}"
164,run-20260720T164920Z-5f8824d560b3-6a51d38a,job-9b4747c6a831180c14acbdceea4ef6d2918fc331958ee26175b3d8e1e9474fb2,7763,o026_t026,NGC 4550,1,SUCCEEDED,89889,1784692812.7121558,1784696864.513484,4051.8013281822205,0,/Users/zuha/Desktop/FKI/4 курс 2025-2026/course_work-SBF/runs/sbf3_go3055_go7763/batch/NGC_4550__F150W__F115W__9b4747c6a831_result.log,,"[""/Users/zuha/Desktop/FKI/4 курс 2025-2026/course_work-SBF/astro_env/bin/python3"",""/Users/zuha/Desktop/FKI/4 курс 2025-2026/course_work-SBF/code/run_sbf_batch.py"",""--worker"",""--job-id"",""job-9b4747c6a831180c14acbdceea4ef6d2918fc331958ee26175b3d8e1e9474fb2"",""--galaxy"",""NGC 4550"",""--signal"",""/Users/zuha/Desktop/FKI/4 курс 2025-2026/course_work-SBF/data/NGC 4550/jw07763-o026_t026_nircam_clear-f150w_i2d.fits"",""--color"",""/Users/zuha/Desktop/FKI/4 курс 2025-2026/course_work-SBF/data/NGC 4550/jw07763-o026_t026_nircam_clear-f115w_i2d.fits"",""--signal-filter"",""F150W"",""--color-filter"",""F115W"",""--template"",""/Users/zuha/Desktop/FKI/4 курс 2025-2026/course_work-SBF/code/sbf-3.ipynb"",""--batch-root"",""/Users/zuha/Desktop/FKI/4 курс 2025-2026/course_work-SBF/runs/sbf3_go3055_go7763/batch"",""--products-root"",""/Users/zuha/Desktop/FKI/4 курс 2025-2026/course_work-SBF/runs/sbf3_go3055_go7763/products""]","{""supervision"":{""completed"":true,""detail"":null,""duration_seconds"":4051.273677457939,""ended_monotonic"":551653.927482666,""last_sample"":{""available_ram_bytes"":9097854976,""collector"":""psutil"",""disk"":{""free_bytes"":145305935872,""free_gib"":135.32669830322266,""path"":""/Users/zuha/Desktop/FKI/4 курс 2025-2026/course_work-SBF/data"",""total_bytes"":994662584320,""total_gib"":926.3517189025879,""used_bytes"":849356648448,""used_gib"":791.0250205993652},""disk_free_bytes"":145305935872,""monotonic"":551623.917356958,""pid"":89889,""swap"":{""free_bytes"":994115584,""free_gib"":0.92584228515625,""percent"":94.2,""total_bytes"":17179869184,""total_gib"":16.0,""used_bytes"":16185753600,""used_gib"":15.07415771484375},""swap_used_bytes"":16185753600,""system_ram"":{""available_bytes"":9097854976,""available_gib"":8.473037719726562,""percent"":73.5,""total_bytes"":34359738368,""total_gib"":32.0,""used_bytes"":10226401280,""used_gib"":9.524078369140625},""timestamp_utc"":""2026-07-22T05:07:14.044+00:00"",""worker"":{""child_count"":1,""children_rss_bytes"":5439488,""children_rss_gib"":0.00506591796875,""pid"":89889,""rss_bytes"":5380096000,""rss_gib"":5.0106048583984375,""status"":""sleeping"",""total_rss_bytes"":5385535488,""total_rss_gib"":5.0156707763671875},""worker_children_rss_bytes"":5439488,""worker_rss_bytes"":5380096000,""worker_total_rss_bytes"":5385535488},""ok"":true,""reason"":""completed"",""returncode"":0,""sample_count"":135,""signal_name"":null,""started_monotonic"":547602.653805208,""termination"":null}}"
165,run-20260720T164920Z-5f8824d560b3-6a51d38a,job-5dc8cc66a00806024dfd73a00d64c9009b021fe69d06c9a79bc86beb165c034c,7763,o029_t029,NGC 4551,1,FAILED,6671,1784696864.710542,1784697254.8372428,390.1267008781433,1,/Users/zuha/Desktop/FKI/4 курс 2025-2026/course_work-SBF/runs/sbf3_go3055_go7763/batch/NGC_4551__F150W__F115W__5dc8cc66a008_result.log,worker exited 1; required artifacts are absent or invalid,"[""/Users/zuha/Desktop/FKI/4 курс 2025-2026/course_work-SBF/astro_env/bin/python3"",""/Users/zuha/Desktop/FKI/4 курс 2025-2026/course_work-SBF/code/run_sbf_batch.py"",""--worker"",""--job-id"",""job-5dc8cc66a00806024dfd73a00d64c9009b021fe69d06c9a79bc86beb165c034c"",""--galaxy"",""NGC 4551"",""--signal"",""/Users/zuha/Desktop/FKI/4 курс 2025-2026/course_work-SBF/data/NGC 4551/jw07763-o029_t029_nircam_clear-f150w_i2d.fits"",""--color"",""/Users/zuha/Desktop/FKI/4 курс 2025-2026/course_work-SBF/data/NGC 4551/jw07763-o029_t029_nircam_clear-f115w_i2d.fits"",""--signal-filter"",""F150W"",""--color-filter"",""F115W"",""--template"",""/Users/zuha/Desktop/FKI/4 курс 2025-2026/course_work-SBF/code/sbf-3.ipynb"",""--batch-root"",""/Users/zuha/Desktop/FKI/4 курс 2025-2026/course_work-SBF/runs/sbf3_go3055_go7763/batch"",""--products-root"",""/Users/zuha/Desktop/FKI/4 курс 2025-2026/course_work-SBF/runs/sbf3_go3055_go7763/products""]","{""supervision"":{""completed"":true,""detail"":null,""duration_seconds"":390.1010836249916,""ended_monotonic"":552044.685165458,""last_sample"":{""available_ram_bytes"":11670339584,""collector"":""psutil"",""disk"":{""free_bytes"":144737525760,""free_gib"":134.79732513427734,""path"":""/Users/zuha/Desktop/FKI/4 курс 2025-2026/course_work-SBF/data"",""total_bytes"":994662584320,""total_gib"":926.3517189025879,""used_bytes"":849925058560,""used_gib"":791.5543937683105},""disk_free_bytes"":144737525760,""monotonic"":552014.674529125,""pid"":6671,""swap"":{""free_bytes"":994115584,""free_gib"":0.92584228515625,""percent"":94.2,""total_bytes"":17179869184,""total_gib"":16.0,""used_bytes"":16185753600,""used_gib"":15.07415771484375},""swap_used_bytes"":16185753600,""system_ram"":{""available_bytes"":11670339584,""available_gib"":10.868850708007812,""percent"":66.0,""total_bytes"":34359738368,""total_gib"":32.0,""used_bytes"":14627438592,""used_gib"":13.62286376953125},""timestamp_utc"":""2026-07-22T05:13:44.815+00:00"",""worker"":{""child_count"":9,""children_rss_bytes"":2106408960,""children_rss_gib"":1.9617462158203125,""pid"":6671,""rss_bytes"":5905203200,""rss_gib"":5.4996490478515625,""status"":""sleeping"",""total_rss_bytes"":8011612160,""total_rss_gib"":7.461395263671875},""worker_children_rss_bytes"":2106408960,""worker_rss_bytes"":5905203200,""worker_total_rss_bytes"":8011612160},""ok"":false,""reason"":""completed"",""returncode"":1,""sample_count"":13,""signal_name"":null,""started_monotonic"":551654.584081833,""termination"":null}}"
166,run-20260720T164920Z-5f8824d560b3-6a51d38a,job-c3936a8f04f79774ec2e484e9fe9da40aa0d05224b1170951c22ad2dc6a1af2b,7763,o016_t016,NGC 4564,1,SUCCEEDED,8243,1784697255.019903,1784701366.669305,4111.649402141571,0,/Users/zuha/Desktop/FKI/4 курс 2025-2026/course_work-SBF/runs/sbf3_go3055_go7763/batch/NGC_4564__F150W__F115W__c3936a8f04f7_result.log,,"[""/Users/zuha/Desktop/FKI/4 курс 2025-2026/course_work-SBF/astro_env/bin/python3"",""/Users/zuha/Desktop/FKI/4 курс 2025-2026/course_work-SBF/code/run_sbf_batch.py"",""--worker"",""--job-id"",""job-c3936a8f04f79774ec2e484e9fe9da40aa0d05224b1170951c22ad2dc6a1af2b"",""--galaxy"",""NGC 4564"",""--signal"",""/Users/zuha/Desktop/FKI/4 курс 2025-2026/course_work-SBF/data/NGC 4564/jw07763-o016_t016_nircam_clear-f150w_i2d.fits"",""--color"",""/Users/zuha/Desktop/FKI/4 курс 2025-2026/course_work-SBF/data/NGC 4564/jw07763-o016_t016_nircam_clear-f115w_i2d.fits"",""--signal-filter"",""F150W"",""--color-filter"",""F115W"",""--template"",""/Users/zuha/Desktop/FKI/4 курс 2025-2026/course_work-SBF/code/sbf-3.ipynb"",""--batch-root"",""/Users/zuha/Desktop/FKI/4 курс 2025-2026/course_work-SBF/runs/sbf3_go3055_go7763/batch"",""--products-root"",""/Users/zuha/Desktop/FKI/4 курс 2025-2026/course_work-SBF/runs/sbf3_go3055_go7763/products""]","{""supervision"":{""completed"":true,""detail"":null,""duration_seconds"":4111.30353854096,""ended_monotonic"":556156.183077041,""last_sample"":{""available_ram_bytes"":9014312960,""collector"":""psutil"",""disk"":{""free_bytes"":140858605568,""free_gib"":131.18479919433594,""path"":""/Users/zuha/Desktop/FKI/4 курс 2025-2026/course_work-SBF/data"",""total_bytes"":994662584320,""total_gib"":926.3517189025879,""used_bytes"":853803978752,""used_gib"":795.166919708252},""disk_free_bytes"":140858605568,""monotonic"":556126.172694166,""pid"":8243,""swap"":{""free_bytes"":1178664960,""free_gib"":1.09771728515625,""percent"":93.1,""total_bytes"":17179869184,""total_gib"":16.0,""used_bytes"":16001204224,""used_gib"":14.90228271484375},""swap_used_bytes"":16001204224,""system_ram"":{""available_bytes"":9014312960,""available_gib"":8.395233154296875,""percent"":73.8,""total_bytes"":34359738368,""total_gib"":32.0,""used_bytes"":9901850624,""used_gib"":9.221817016601562},""timestamp_utc"":""2026-07-22T06:22:16.197+00:00"",""worker"":{""child_count"":1,""children_rss_bytes"":5406720,""children_rss_gib"":0.005035400390625,""pid"":8243,""rss_bytes"":5368594432,""rss_gib"":4.9998931884765625,""status"":""sleeping"",""total_rss_bytes"":5374001152,""total_rss_gib"":5.0049285888671875},""worker_children_rss_bytes"":5406720,""worker_rss_bytes"":5368594432,""worker_total_rss_bytes"":5374001152},""ok"":true,""reason"":""completed"",""returncode"":0,""sample_count"":137,""signal_name"":null,""started_monotonic"":552044.8795385,""termination"":null}}"
167,run-20260720T164920Z-5f8824d560b3-6a51d38a,job-d66d4edaa17a6dc943f9fc491f135727e9504f09c0aae35b16d54955ec540416,7763,o002_t002,NGC 4569,1,FAILED,25024,1784701366.887869,1784701606.9398751,240.05200624465942,1,/Users/zuha/Desktop/FKI/4 курс 2025-2026/course_work-SBF/runs/sbf3_go3055_go7763/batch/NGC_4569__F150W__F115W__d66d4edaa17a_result.log,worker exited 1; required artifacts are absent or invalid,"[""/Users/zuha/Desktop/FKI/4 курс 2025-2026/course_work-SBF/astro_env/bin/python3"",""/Users/zuha/Desktop/FKI/4 курс 2025-2026/course_work-SBF/code/run_sbf_batch.py"",""--worker"",""--job-id"",""job-d66d4edaa17a6dc943f9fc491f135727e9504f09c0aae35b16d54955ec540416"",""--galaxy"",""NGC 4569"",""--signal"",""/Users/zuha/Desktop/FKI/4 курс 2025-2026/course_work-SBF/data/NGC 4569/jw07763-o002_t002_nircam_clear-f150w_i2d.fits"",""--color"",""/Users/zuha/Desktop/FKI/4 курс 2025-2026/course_work-SBF/data/NGC 4569/jw07763-o002_t002_nircam_clear-f115w_i2d.fits"",""--signal-filter"",""F150W"",""--color-filter"",""F115W"",""--template"",""/Users/zuha/Desktop/FKI/4 курс 2025-2026/course_work-SBF/code/sbf-3.ipynb"",""--batch-root"",""/Users/zuha/Desktop/FKI/4 курс 2025-2026/course_work-SBF/runs/sbf3_go3055_go7763/batch"",""--products-root"",""/Users/zuha/Desktop/FKI/4 курс 2025-2026/course_work-SBF/runs/sbf3_go3055_go7763/products""]","{""supervision"":{""completed"":true,""detail"":null,""duration_seconds"":240.07571925001685,""ended_monotonic"":556396.940085875,""last_sample"":{""available_ram_bytes"":11477663744,""collector"":""psutil"",""disk"":{""free_bytes"":140471439360,""free_gib"":130.82422256469727,""path"":""/Users/zuha/Desktop/FKI/4 курс 2025-2026/course_work-SBF/data"",""total_bytes"":994662584320,""total_gib"":926.3517189025879,""used_bytes"":854191144960,""used_gib"":795.5274963378906},""disk_free_bytes"":140471439360,""monotonic"":556366.929906458,""pid"":25024,""swap"":{""free_bytes"":1178664960,""free_gib"":1.09771728515625,""percent"":93.1,""total_bytes"":17179869184,""total_gib"":16.0,""used_bytes"":16001204224,""used_gib"":14.90228271484375},""swap_used_bytes"":16001204224,""system_ram"":{""available_bytes"":11477663744,""available_gib"":10.689407348632812,""percent"":66.6,""total_bytes"":34359738368,""total_gib"":32.0,""used_bytes"":14332755968,""used_gib"":13.348419189453125},""timestamp_utc"":""2026-07-22T06:26:16.948+00:00"",""worker"":{""child_count"":9,""children_rss_bytes"":1962246144,""children_rss_gib"":1.827484130859375,""pid"":25024,""rss_bytes"":5980520448,""rss_gib"":5.569793701171875,""status"":""sleeping"",""total_rss_bytes"":7942766592,""total_rss_gib"":7.39727783203125},""worker_children_rss_bytes"":1962246144,""worker_rss_bytes"":5980520448,""worker_total_rss_bytes"":7942766592},""ok"":false,""reason"":""completed"",""returncode"":1,""sample_count"":8,""signal_name"":null,""started_monotonic"":556156.864366625,""termination"":null}}"
168,run-20260720T164920Z-5f8824d560b3-6a51d38a,job-dab7658513f0680e9a535a58ce3731737ea2d812d360ee80217abbd2f464d3f6,7763,o010_t010,NGC 4571,1,SUCCEEDED,26015,1784701607.118884,1784705568.466243,3961.347358942032,0,/Users/zuha/Desktop/FKI/4 курс 2025-2026/course_work-SBF/runs/sbf3_go3055_go7763/batch/NGC_4571__F150W__F115W__dab7658513f0_result.log,,"[""/Users/zuha/Desktop/FKI/4 курс 2025-2026/course_work-SBF/astro_env/bin/python3"",""/Users/zuha/Desktop/FKI/4 курс 2025-2026/course_work-SBF/code/run_sbf_batch.py"",""--worker"",""--job-id"",""job-dab7658513f0680e9a535a58ce3731737ea2d812d360ee80217abbd2f464d3f6"",""--galaxy"",""NGC 4571"",""--signal"",""/Users/zuha/Desktop/FKI/4 курс 2025-2026/course_work-SBF/data/NGC 4571/jw07763-o010_t010_nircam_clear-f150w_i2d.fits"",""--color"",""/Users/zuha/Desktop/FKI/4 курс 2025-2026/course_work-SBF/data/NGC 4571/jw07763-o010_t010_nircam_clear-f115w_i2d.fits"",""--signal-filter"",""F150W"",""--color-filter"",""F115W"",""--template"",""/Users/zuha/Desktop/FKI/4 курс 2025-2026/course_work-SBF/code/sbf-3.ipynb"",""--batch-root"",""/Users/zuha/Desktop/FKI/4 курс 2025-2026/course_work-SBF/runs/sbf3_go3055_go7763/batch"",""--products-root"",""/Users/zuha/Desktop/FKI/4 курс 2025-2026/course_work-SBF/runs/sbf3_go3055_go7763/products""]","{""supervision"":{""completed"":true,""detail"":null,""duration_seconds"":3960.8722232920118,""ended_monotonic"":560358.006762083,""last_sample"":{""available_ram_bytes"":9224830976,""collector"":""psutil"",""disk"":{""free_bytes"":138503188480,""free_gib"":128.99114608764648,""path"":""/Users/zuha/Desktop/FKI/4 курс 2025-2026/course_work-SBF/data"",""total_bytes"":994662584320,""total_gib"":926.3517189025879,""used_bytes"":856159395840,""used_gib"":797.3605728149414},""disk_free_bytes"":138503188480,""monotonic"":560327.996359958,""pid"":26015,""swap"":{""free_bytes"":1522597888,""free_gib"":1.41802978515625,""percent"":91.1,""total_bytes"":17179869184,""total_gib"":16.0,""used_bytes"":15657271296,""used_gib"":14.58197021484375},""swap_used_bytes"":15657271296,""system_ram"":{""available_bytes"":9224830976,""available_gib"":8.591293334960938,""percent"":73.2,""total_bytes"":34359738368,""total_gib"":32.0,""used_bytes"":10157146112,""used_gib"":9.459579467773438},""timestamp_utc"":""2026-07-22T07:32:17.996+00:00"",""worker"":{""child_count"":1,""children_rss_bytes"":5423104,""children_rss_gib"":0.0050506591796875,""pid"":26015,""rss_bytes"":5421056000,""rss_gib"":5.0487518310546875,""status"":""sleeping"",""total_rss_bytes"":5426479104,""total_rss_gib"":5.053802490234375},""worker_children_rss_bytes"":5423104,""worker_rss_bytes"":5421056000,""worker_total_rss_bytes"":5426479104},""ok"":true,""reason"":""completed"",""returncode"":0,""sample_count"":132,""signal_name"":null,""started_monotonic"":556397.134538791,""termination"":null}}"
169,run-20260720T164920Z-5f8824d560b3-6a51d38a,job-0005d2eb60b26845667da9d18b15ee35a7e427b3c67e068a862a312d75f78367,7763,o001_t001,NGC 4579,1,SUCCEEDED,42535,1784705568.696959,1784709800.614104,4231.917145013809,0,/Users/zuha/Desktop/FKI/4 курс 2025-2026/course_work-SBF/runs/sbf3_go3055_go7763/batch/NGC_4579__F150W__F115W__0005d2eb60b2_result.log,,"[""/Users/zuha/Desktop/FKI/4 курс 2025-2026/course_work-SBF/astro_env/bin/python3"",""/Users/zuha/Desktop/FKI/4 курс 2025-2026/course_work-SBF/code/run_sbf_batch.py"",""--worker"",""--job-id"",""job-0005d2eb60b26845667da9d18b15ee35a7e427b3c67e068a862a312d75f78367"",""--galaxy"",""NGC 4579"",""--signal"",""/Users/zuha/Desktop/FKI/4 курс 2025-2026/course_work-SBF/data/NGC 4579/jw07763-o001_t001_nircam_clear-f150w_i2d.fits"",""--color"",""/Users/zuha/Desktop/FKI/4 курс 2025-2026/course_work-SBF/data/NGC 4579/jw07763-o001_t001_nircam_clear-f115w_i2d.fits"",""--signal-filter"",""F150W"",""--color-filter"",""F115W"",""--template"",""/Users/zuha/Desktop/FKI/4 курс 2025-2026/course_work-SBF/code/sbf-3.ipynb"",""--batch-root"",""/Users/zuha/Desktop/FKI/4 курс 2025-2026/course_work-SBF/runs/sbf3_go3055_go7763/batch"",""--products-root"",""/Users/zuha/Desktop/FKI/4 курс 2025-2026/course_work-SBF/runs/sbf3_go3055_go7763/products""]","{""supervision"":{""completed"":true,""detail"":null,""duration_seconds"":4231.36513762502,""ended_monotonic"":564590.06352875,""last_sample"":{""available_ram_bytes"":9218686976,""collector"":""psutil"",""disk"":{""free_bytes"":136906440704,""free_gib"":127.50405883789062,""path"":""/Users/zuha/Desktop/FKI/4 курс 2025-2026/course_work-SBF/data"",""total_bytes"":994662584320,""total_gib"":926.3517189025879,""used_bytes"":857756143616,""used_gib"":798.8476600646973},""disk_free_bytes"":136906440704,""monotonic"":564560.053245958,""pid"":42535,""swap"":{""free_bytes"":1572929536,""free_gib"":1.46490478515625,""percent"":90.8,""total_bytes"":17179869184,""total_gib"":16.0,""used_bytes"":15606939648,""used_gib"":14.53509521484375},""swap_used_bytes"":15606939648,""system_ram"":{""available_bytes"":9218686976,""available_gib"":8.5855712890625,""percent"":73.2,""total_bytes"":34359738368,""total_gib"":32.0,""used_bytes"":10214588416,""used_gib"":9.513076782226562},""timestamp_utc"":""2026-07-22T08:42:50.133+00:00"",""worker"":{""child_count"":1,""children_rss_bytes"":5439488,""children_rss_gib"":0.00506591796875,""pid"":42535,""rss_bytes"":5399216128,""rss_gib"":5.028411865234375,""status"":""sleeping"",""total_rss_bytes"":5404655616,""total_rss_gib"":5.033477783203125},""worker_children_rss_bytes"":5439488,""worker_rss_bytes"":5399216128,""worker_total_rss_bytes"":5404655616},""ok"":true,""reason"":""completed"",""returncode"":0,""sample_count"":141,""signal_name"":null,""started_monotonic"":560358.698391125,""termination"":null}}"
170,run-20260720T164920Z-5f8824d560b3-6a51d38a,job-f163ad637a720e54111d3abf28e995d84e5c2fd2ffdbd55e274cf03a9ae552fe,7763,o030_t030,NGC 4606,1,SUCCEEDED,59748,1784709800.8322449,1784714212.084834,4411.252589225769,0,/Users/zuha/Desktop/FKI/4 курс 2025-2026/course_work-SBF/runs/sbf3_go3055_go7763/batch/NGC_4606__F150W__F115W__f163ad637a72_result.log,,"[""/Users/zuha/Desktop/FKI/4 курс 2025-2026/course_work-SBF/astro_env/bin/python3"",""/Users/zuha/Desktop/FKI/4 курс 2025-2026/course_work-SBF/code/run_sbf_batch.py"",""--worker"",""--job-id"",""job-f163ad637a720e54111d3abf28e995d84e5c2fd2ffdbd55e274cf03a9ae552fe"",""--galaxy"",""NGC 4606"",""--signal"",""/Users/zuha/Desktop/FKI/4 курс 2025-2026/course_work-SBF/data/NGC 4606/jw07763-o030_t030_nircam_clear-f150w_i2d.fits"",""--color"",""/Users/zuha/Desktop/FKI/4 курс 2025-2026/course_work-SBF/data/NGC 4606/jw07763-o030_t030_nircam_clear-f115w_i2d.fits"",""--signal-filter"",""F150W"",""--color-filter"",""F115W"",""--template"",""/Users/zuha/Desktop/FKI/4 курс 2025-2026/course_work-SBF/code/sbf-3.ipynb"",""--batch-root"",""/Users/zuha/Desktop/FKI/4 курс 2025-2026/course_work-SBF/runs/sbf3_go3055_go7763/batch"",""--products-root"",""/Users/zuha/Desktop/FKI/4 курс 2025-2026/course_work-SBF/runs/sbf3_go3055_go7763/products""]","{""supervision"":{""completed"":true,""detail"":null,""duration_seconds"":4410.831181499991,""ended_monotonic"":569001.584074166,""last_sample"":{""available_ram_bytes"":8660598784,""collector"":""psutil"",""disk"":{""free_bytes"":135608918016,""free_gib"":126.29564666748047,""path"":""/Users/zuha/Desktop/FKI/4 курс 2025-2026/course_work-SBF/data"",""total_bytes"":994662584320,""total_gib"":926.3517189025879,""used_bytes"":859053666304,""used_gib"":800.0560722351074},""disk_free_bytes"":135608918016,""monotonic"":568971.578873541,""pid"":59748,""swap"":{""free_bytes"":1736507392,""free_gib"":1.61724853515625,""percent"":89.9,""total_bytes"":17179869184,""total_gib"":16.0,""used_bytes"":15443361792,""used_gib"":14.38275146484375},""swap_used_bytes"":15443361792,""system_ram"":{""available_bytes"":8660598784,""available_gib"":8.065811157226562,""percent"":74.8,""total_bytes"":34359738368,""total_gib"":32.0,""used_bytes"":9484140544,""used_gib"":8.832794189453125},""timestamp_utc"":""2026-07-22T09:56:21.617+00:00"",""worker"":{""child_count"":1,""children_rss_bytes"":5423104,""children_rss_gib"":0.0050506591796875,""pid"":59748,""rss_bytes"":5300649984,""rss_gib"":4.936614990234375,""status"":""sleeping"",""total_rss_bytes"":5306073088,""total_rss_gib"":4.9416656494140625},""worker_children_rss_bytes"":5423104,""worker_rss_bytes"":5300649984,""worker_total_rss_bytes"":5306073088},""ok"":true,""reason"":""completed"",""returncode"":0,""sample_count"":147,""signal_name"":null,""started_monotonic"":564590.752892666,""termination"":null}}"
171,run-20260720T164920Z-5f8824d560b3-6a51d38a,job-ad9002a8b2e8a20881502e8e0f357b624d326299857f987805e448944e6f9919,7763,o071_t071,PGC 040707,1,SUCCEEDED,77641,1784714212.2974,1784717963.632073,3751.3346729278564,0,/Users/zuha/Desktop/FKI/4 курс 2025-2026/course_work-SBF/runs/sbf3_go3055_go7763/batch/PGC_040707__F150W__F115W__ad9002a8b2e8_result.log,,"[""/Users/zuha/Desktop/FKI/4 курс 2025-2026/course_work-SBF/astro_env/bin/python3"",""/Users/zuha/Desktop/FKI/4 курс 2025-2026/course_work-SBF/code/run_sbf_batch.py"",""--worker"",""--job-id"",""job-ad9002a8b2e8a20881502e8e0f357b624d326299857f987805e448944e6f9919"",""--galaxy"",""PGC 040707"",""--signal"",""/Users/zuha/Desktop/FKI/4 курс 2025-2026/course_work-SBF/data/PGC 040707/jw07763-o071_t071_nircam_clear-f150w_i2d.fits"",""--color"",""/Users/zuha/Desktop/FKI/4 курс 2025-2026/course_work-SBF/data/PGC 040707/jw07763-o071_t071_nircam_clear-f115w_i2d.fits"",""--signal-filter"",""F150W"",""--color-filter"",""F115W"",""--template"",""/Users/zuha/Desktop/FKI/4 курс 2025-2026/course_work-SBF/code/sbf-3.ipynb"",""--batch-root"",""/Users/zuha/Desktop/FKI/4 курс 2025-2026/course_work-SBF/runs/sbf3_go3055_go7763/batch"",""--products-root"",""/Users/zuha/Desktop/FKI/4 курс 2025-2026/course_work-SBF/runs/sbf3_go3055_go7763/products""]","{""supervision"":{""completed"":true,""detail"":null,""duration_seconds"":3750.722469082917,""ended_monotonic"":572752.982987291,""last_sample"":{""available_ram_bytes"":8557772800,""collector"":""psutil"",""disk"":{""free_bytes"":131523215360,""free_gib"":122.49053955078125,""path"":""/Users/zuha/Desktop/FKI/4 курс 2025-2026/course_work-SBF/data"",""total_bytes"":994662584320,""total_gib"":926.3517189025879,""used_bytes"":863139368960,""used_gib"":803.8611793518066},""disk_free_bytes"":131523215360,""monotonic"":572722.972748625,""pid"":77641,""swap"":{""free_bytes"":1419706368,""free_gib"":1.32220458984375,""percent"":93.0,""total_bytes"":20401094656,""total_gib"":19.0,""used_bytes"":18981388288,""used_gib"":17.67779541015625},""swap_used_bytes"":18981388288,""system_ram"":{""available_bytes"":8557772800,""available_gib"":7.9700469970703125,""percent"":75.1,""total_bytes"":34359738368,""total_gib"":32.0,""used_bytes"":11755782144,""used_gib"":10.94842529296875},""timestamp_utc"":""2026-07-22T10:58:53.126+00:00"",""worker"":{""child_count"":1,""children_rss_bytes"":4014080,""children_rss_gib"":0.0037384033203125,""pid"":77641,""rss_bytes"":7342227456,""rss_gib"":6.837982177734375,""status"":""sleeping"",""total_rss_bytes"":7346241536,""total_rss_gib"":6.8417205810546875},""worker_children_rss_bytes"":4014080,""worker_rss_bytes"":7342227456,""worker_total_rss_bytes"":7346241536},""ok"":true,""reason"":""completed"",""returncode"":0,""sample_count"":125,""signal_name"":null,""started_monotonic"":569002.260518208,""termination"":null}}"
172,run-20260720T164920Z-5f8824d560b3-6a51d38a,job-f477a084aa0b6b1b36f0bca447d2343cccd0f1a163302ebf5d75a7b2cd45cffd,7763,o074_t074,PGC 040723,1,SUCCEEDED,93011,1784717963.854984,1784721325.164861,3361.3098769187927,0,/Users/zuha/Desktop/FKI/4 курс 2025-2026/course_work-SBF/runs/sbf3_go3055_go7763/batch/PGC_040723__F150W__F115W__f477a084aa0b_result.log,,"[""/Users/zuha/Desktop/FKI/4 курс 2025-2026/course_work-SBF/astro_env/bin/python3"",""/Users/zuha/Desktop/FKI/4 курс 2025-2026/course_work-SBF/code/run_sbf_batch.py"",""--worker"",""--job-id"",""job-f477a084aa0b6b1b36f0bca447d2343cccd0f1a163302ebf5d75a7b2cd45cffd"",""--galaxy"",""PGC 040723"",""--signal"",""/Users/zuha/Desktop/FKI/4 курс 2025-2026/course_work-SBF/data/PGC 040723/jw07763-o074_t074_nircam_clear-f150w_i2d.fits"",""--color"",""/Users/zuha/Desktop/FKI/4 курс 2025-2026/course_work-SBF/data/PGC 040723/jw07763-o074_t074_nircam_clear-f115w_i2d.fits"",""--signal-filter"",""F150W"",""--color-filter"",""F115W"",""--template"",""/Users/zuha/Desktop/FKI/4 курс 2025-2026/course_work-SBF/code/sbf-3.ipynb"",""--batch-root"",""/Users/zuha/Desktop/FKI/4 курс 2025-2026/course_work-SBF/runs/sbf3_go3055_go7763/batch"",""--products-root"",""/Users/zuha/Desktop/FKI/4 курс 2025-2026/course_work-SBF/runs/sbf3_go3055_go7763/products""]","{""supervision"":{""completed"":true,""detail"":null,""duration_seconds"":3360.6895582500147,""ended_monotonic"":576114.391313625,""last_sample"":{""available_ram_bytes"":10152050688,""collector"":""psutil"",""disk"":{""free_bytes"":169687363584,""free_gib"":158.03367233276367,""path"":""/Users/zuha/Desktop/FKI/4 курс 2025-2026/course_work-SBF/data"",""total_bytes"":994662584320,""total_gib"":926.3517189025879,""used_bytes"":824975220736,""used_gib"":768.3180465698242},""disk_free_bytes"":169687363584,""monotonic"":576084.386063708,""pid"":93011,""swap"":{""free_bytes"":702545920,""free_gib"":0.654296875,""percent"":96.7,""total_bytes"":21474836480,""total_gib"":20.0,""used_bytes"":20772290560,""used_gib"":19.345703125},""swap_used_bytes"":20772290560,""system_ram"":{""available_bytes"":10152050688,""available_gib"":9.454833984375,""percent"":70.5,""total_bytes"":34359738368,""total_gib"":32.0,""used_bytes"":10952146944,""used_gib"":10.199981689453125},""timestamp_utc"":""2026-07-22T11:54:54.477+00:00"",""worker"":{""child_count"":1,""children_rss_bytes"":5406720,""children_rss_gib"":0.005035400390625,""pid"":93011,""rss_bytes"":5530091520,""rss_gib"":5.150299072265625,""status"":""sleeping"",""total_rss_bytes"":5535498240,""total_rss_gib"":5.15533447265625},""worker_children_rss_bytes"":5406720,""worker_rss_bytes"":5530091520,""worker_total_rss_bytes"":5535498240},""ok"":true,""reason"":""completed"",""returncode"":0,""sample_count"":112,""signal_name"":null,""started_monotonic"":572753.701755375,""termination"":null}}"
173,run-20260720T164920Z-5f8824d560b3-6a51d38a,job-1ce02ea43385f4ba69f367510b242ed129174a3f99d8b3dd74402c51d4761a08,7763,o063_t063,PGC 041156,1,SUCCEEDED,18562,1784721325.571434,1784724986.713017,3661.141582965851,0,/Users/zuha/Desktop/FKI/4 курс 2025-2026/course_work-SBF/runs/sbf3_go3055_go7763/batch/PGC_041156__F150W__F115W__1ce02ea43385_result.log,,"[""/Users/zuha/Desktop/FKI/4 курс 2025-2026/course_work-SBF/astro_env/bin/python3"",""/Users/zuha/Desktop/FKI/4 курс 2025-2026/course_work-SBF/code/run_sbf_batch.py"",""--worker"",""--job-id"",""job-1ce02ea43385f4ba69f367510b242ed129174a3f99d8b3dd74402c51d4761a08"",""--galaxy"",""PGC 041156"",""--signal"",""/Users/zuha/Desktop/FKI/4 курс 2025-2026/course_work-SBF/data/PGC 041156/jw07763-o063_t063_nircam_clear-f150w_i2d.fits"",""--color"",""/Users/zuha/Desktop/FKI/4 курс 2025-2026/course_work-SBF/data/PGC 041156/jw07763-o063_t063_nircam_clear-f115w_i2d.fits"",""--signal-filter"",""F150W"",""--color-filter"",""F115W"",""--template"",""/Users/zuha/Desktop/FKI/4 курс 2025-2026/course_work-SBF/code/sbf-3.ipynb"",""--batch-root"",""/Users/zuha/Desktop/FKI/4 курс 2025-2026/course_work-SBF/runs/sbf3_go3055_go7763/batch"",""--products-root"",""/Users/zuha/Desktop/FKI/4 курс 2025-2026/course_work-SBF/runs/sbf3_go3055_go7763/products""]","{""supervision"":{""completed"":true,""detail"":null,""duration_seconds"":3660.6771776670357,""ended_monotonic"":579776.159654125,""last_sample"":{""available_ram_bytes"":13191806976,""collector"":""psutil"",""disk"":{""free_bytes"":144328503296,""free_gib"":134.4163932800293,""path"":""/Users/zuha/Desktop/FKI/4 курс 2025-2026/course_work-SBF/data"",""total_bytes"":994662584320,""total_gib"":926.3517189025879,""used_bytes"":850334081024,""used_gib"":791.9353256225586},""disk_free_bytes"":144328503296,""monotonic"":579746.154359666,""pid"":18562,""swap"":{""free_bytes"":1292173312,""free_gib"":1.20343017578125,""percent"":95.2,""total_bytes"":26843545600,""total_gib"":25.0,""used_bytes"":25551372288,""used_gib"":23.79656982421875},""swap_used_bytes"":25551372288,""system_ram"":{""available_bytes"":13191806976,""available_gib"":12.28582763671875,""percent"":61.6,""total_bytes"":34359738368,""total_gib"":32.0,""used_bytes"":13926105088,""used_gib"":12.969696044921875},""timestamp_utc"":""2026-07-22T12:55:56.220+00:00"",""worker"":{""child_count"":1,""children_rss_bytes"":1245184,""children_rss_gib"":0.00115966796875,""pid"":18562,""rss_bytes"":7031111680,""rss_gib"":6.5482330322265625,""status"":""sleeping"",""total_rss_bytes"":7032356864,""total_rss_gib"":6.5493927001953125},""worker_children_rss_bytes"":1245184,""worker_rss_bytes"":7031111680,""worker_total_rss_bytes"":7032356864},""ok"":true,""reason"":""completed"",""returncode"":0,""sample_count"":122,""signal_name"":null,""started_monotonic"":576115.482476458,""termination"":null}}"
174,run-20260720T164920Z-5f8824d560b3-6a51d38a,job-a06b3a19bc1eb2a8ed9a2dda1cd92805e48136b9ee46021cfa33592c3a5511be,7763,o064_t064,PGC 041723,1,SUCCEEDED,54681,1784724986.951401,1784728828.333459,3841.382057905197,0,/Users/zuha/Desktop/FKI/4 курс 2025-2026/course_work-SBF/runs/sbf3_go3055_go7763/batch/PGC_041723__F150W__F115W__a06b3a19bc1e_result.log,,"[""/Users/zuha/Desktop/FKI/4 курс 2025-2026/course_work-SBF/astro_env/bin/python3"",""/Users/zuha/Desktop/FKI/4 курс 2025-2026/course_work-SBF/code/run_sbf_batch.py"",""--worker"",""--job-id"",""job-a06b3a19bc1eb2a8ed9a2dda1cd92805e48136b9ee46021cfa33592c3a5511be"",""--galaxy"",""PGC 041723"",""--signal"",""/Users/zuha/Desktop/FKI/4 курс 2025-2026/course_work-SBF/data/PGC 041723/jw07763-o064_t064_nircam_clear-f150w_i2d.fits"",""--color"",""/Users/zuha/Desktop/FKI/4 курс 2025-2026/course_work-SBF/data/PGC 041723/jw07763-o064_t064_nircam_clear-f115w_i2d.fits"",""--signal-filter"",""F150W"",""--color-filter"",""F115W"",""--template"",""/Users/zuha/Desktop/FKI/4 курс 2025-2026/course_work-SBF/code/sbf-3.ipynb"",""--batch-root"",""/Users/zuha/Desktop/FKI/4 курс 2025-2026/course_work-SBF/runs/sbf3_go3055_go7763/batch"",""--products-root"",""/Users/zuha/Desktop/FKI/4 курс 2025-2026/course_work-SBF/runs/sbf3_go3055_go7763/products""]","{""supervision"":{""completed"":true,""detail"":null,""duration_seconds"":3840.796695624944,""ended_monotonic"":583617.683701,""last_sample"":{""available_ram_bytes"":8428421120,""collector"":""psutil"",""disk"":{""free_bytes"":195302424576,""free_gib"":181.88955688476562,""path"":""/Users/zuha/Desktop/FKI/4 курс 2025-2026/course_work-SBF/data"",""total_bytes"":994662584320,""total_gib"":926.3517189025879,""used_bytes"":799360159744,""used_gib"":744.4621620178223},""disk_free_bytes"":195302424576,""monotonic"":583587.672878916,""pid"":54681,""swap"":{""free_bytes"":721879040,""free_gib"":0.67230224609375,""percent"":96.6,""total_bytes"":21474836480,""total_gib"":20.0,""used_bytes"":20752957440,""used_gib"":19.32769775390625},""swap_used_bytes"":20752957440,""system_ram"":{""available_bytes"":8428421120,""available_gib"":7.849578857421875,""percent"":75.5,""total_bytes"":34359738368,""total_gib"":32.0,""used_bytes"":9196109824,""used_gib"":8.564544677734375},""timestamp_utc"":""2026-07-22T13:59:57.845+00:00"",""worker"":{""child_count"":1,""children_rss_bytes"":4980736,""children_rss_gib"":0.004638671875,""pid"":54681,""rss_bytes"":5415911424,""rss_gib"":5.0439605712890625,""status"":""sleeping"",""total_rss_bytes"":5420892160,""total_rss_gib"":5.0485992431640625},""worker_children_rss_bytes"":4980736,""worker_rss_bytes"":5415911424,""worker_total_rss_bytes"":5420892160},""ok"":true,""reason"":""completed"",""returncode"":0,""sample_count"":128,""signal_name"":null,""started_monotonic"":579776.887005375,""termination"":null}}"
175,run-20260720T164920Z-5f8824d560b3-6a51d38a,job-eacd519237e0032aafb5b8b3ff5679acc5b13c2adec1be49b6c98762deabe27e,7763,o073_t073,PGC 041782,1,SUCCEEDED,90119,1784728828.566816,1784732160.135537,3331.568720817566,0,/Users/zuha/Desktop/FKI/4 курс 2025-2026/course_work-SBF/runs/sbf3_go3055_go7763/batch/PGC_041782__F150W__F115W__eacd519237e0_result.log,,"[""/Users/zuha/Desktop/FKI/4 курс 2025-2026/course_work-SBF/astro_env/bin/python3"",""/Users/zuha/Desktop/FKI/4 курс 2025-2026/course_work-SBF/code/run_sbf_batch.py"",""--worker"",""--job-id"",""job-eacd519237e0032aafb5b8b3ff5679acc5b13c2adec1be49b6c98762deabe27e"",""--galaxy"",""PGC 041782"",""--signal"",""/Users/zuha/Desktop/FKI/4 курс 2025-2026/course_work-SBF/data/PGC 041782/jw07763-o073_t073_nircam_clear-f150w_i2d.fits"",""--color"",""/Users/zuha/Desktop/FKI/4 курс 2025-2026/course_work-SBF/data/PGC 041782/jw07763-o073_t073_nircam_clear-f115w_i2d.fits"",""--signal-filter"",""F150W"",""--color-filter"",""F115W"",""--template"",""/Users/zuha/Desktop/FKI/4 курс 2025-2026/course_work-SBF/code/sbf-3.ipynb"",""--batch-root"",""/Users/zuha/Desktop/FKI/4 курс 2025-2026/course_work-SBF/runs/sbf3_go3055_go7763/batch"",""--products-root"",""/Users/zuha/Desktop/FKI/4 курс 2025-2026/course_work-SBF/runs/sbf3_go3055_go7763/products""]","{""supervision"":{""completed"":true,""detail"":null,""duration_seconds"":3331.0813071669545,""ended_monotonic"":586949.476279125,""last_sample"":{""available_ram_bytes"":7357726720,""collector"":""psutil"",""disk"":{""free_bytes"":190852567040,""free_gib"":177.74530410766602,""path"":""/Users/zuha/Desktop/FKI/4 курс 2025-2026/course_work-SBF/data"",""total_bytes"":994662584320,""total_gib"":926.3517189025879,""used_bytes"":803810017280,""used_gib"":748.6064147949219},""disk_free_bytes"":190852567040,""monotonic"":586919.465522208,""pid"":90119,""swap"":{""free_bytes"":764805120,""free_gib"":0.7122802734375,""percent"":96.9,""total_bytes"":24696061952,""total_gib"":23.0,""used_bytes"":23931256832,""used_gib"":22.2877197265625},""swap_used_bytes"":23931256832,""system_ram"":{""available_bytes"":7357726720,""available_gib"":6.8524169921875,""percent"":78.6,""total_bytes"":34359738368,""total_gib"":32.0,""used_bytes"":10654629888,""used_gib"":9.922897338867188},""timestamp_utc"":""2026-07-22T14:55:29.662+00:00"",""worker"":{""child_count"":1,""children_rss_bytes"":5406720,""children_rss_gib"":0.005035400390625,""pid"":90119,""rss_bytes"":6836584448,""rss_gib"":6.3670654296875,""status"":""sleeping"",""total_rss_bytes"":6841991168,""total_rss_gib"":6.372100830078125},""worker_children_rss_bytes"":5406720,""worker_rss_bytes"":6836584448,""worker_total_rss_bytes"":6841991168},""ok"":true,""reason"":""completed"",""returncode"":0,""sample_count"":111,""signal_name"":null,""started_monotonic"":583618.394971958,""termination"":null}}"
176,run-20260720T164920Z-5f8824d560b3-6a51d38a,job-347ca51d8e73ae45be4acb4b813f44f3af6dfc7259c4fe135a783975e5cb582b,7763,o066_t066,PGC 041959,1,SUCCEEDED,12144,1784732160.334836,1784735761.973551,3601.638715028763,0,/Users/zuha/Desktop/FKI/4 курс 2025-2026/course_work-SBF/runs/sbf3_go3055_go7763/batch/PGC_041959__F150W__F115W__347ca51d8e73_result.log,,"[""/Users/zuha/Desktop/FKI/4 курс 2025-2026/course_work-SBF/astro_env/bin/python3"",""/Users/zuha/Desktop/FKI/4 курс 2025-2026/course_work-SBF/code/run_sbf_batch.py"",""--worker"",""--job-id"",""job-347ca51d8e73ae45be4acb4b813f44f3af6dfc7259c4fe135a783975e5cb582b"",""--galaxy"",""PGC 041959"",""--signal"",""/Users/zuha/Desktop/FKI/4 курс 2025-2026/course_work-SBF/data/PGC 041959/jw07763-o066_t066_nircam_clear-f150w_i2d.fits"",""--color"",""/Users/zuha/Desktop/FKI/4 курс 2025-2026/course_work-SBF/data/PGC 041959/jw07763-o066_t066_nircam_clear-f115w_i2d.fits"",""--signal-filter"",""F150W"",""--color-filter"",""F115W"",""--template"",""/Users/zuha/Desktop/FKI/4 курс 2025-2026/course_work-SBF/code/sbf-3.ipynb"",""--batch-root"",""/Users/zuha/Desktop/FKI/4 курс 2025-2026/course_work-SBF/runs/sbf3_go3055_go7763/batch"",""--products-root"",""/Users/zuha/Desktop/FKI/4 курс 2025-2026/course_work-SBF/runs/sbf3_go3055_go7763/products""]","{""supervision"":{""completed"":true,""detail"":null,""duration_seconds"":3601.1547753330087,""ended_monotonic"":590551.293174791,""last_sample"":{""available_ram_bytes"":8072773632,""collector"":""psutil"",""disk"":{""free_bytes"":189857828864,""free_gib"":176.8188819885254,""path"":""/Users/zuha/Desktop/FKI/4 курс 2025-2026/course_work-SBF/data"",""total_bytes"":994662584320,""total_gib"":926.3517189025879,""used_bytes"":804804755456,""used_gib"":749.5328369140625},""disk_free_bytes"":189857828864,""monotonic"":590521.283082708,""pid"":12144,""swap"":{""free_bytes"":635633664,""free_gib"":0.59197998046875,""percent"":97.4,""total_bytes"":24696061952,""total_gib"":23.0,""used_bytes"":24060428288,""used_gib"":22.40802001953125},""swap_used_bytes"":24060428288,""system_ram"":{""available_bytes"":8072773632,""available_gib"":7.5183563232421875,""percent"":76.5,""total_bytes"":34359738368,""total_gib"":32.0,""used_bytes"":10461184000,""used_gib"":9.74273681640625},""timestamp_utc"":""2026-07-22T15:55:31.506+00:00"",""worker"":{""child_count"":1,""children_rss_bytes"":5439488,""children_rss_gib"":0.00506591796875,""pid"":12144,""rss_bytes"":6503940096,""rss_gib"":6.0572662353515625,""status"":""sleeping"",""total_rss_bytes"":6509379584,""total_rss_gib"":6.0623321533203125},""worker_children_rss_bytes"":5439488,""worker_rss_bytes"":6503940096,""worker_total_rss_bytes"":6509379584},""ok"":true,""reason"":""completed"",""returncode"":0,""sample_count"":120,""signal_name"":null,""started_monotonic"":586950.138399458,""termination"":null}}"
