event_id,run_id,job_id,target,attempt_id,created_at,level,event_type,message,payload_json
1529,run-20260720T164920Z-5f8824d560b3-6a51d38a,,,,1784566160.261909,INFO,RUN_CREATED,,"{""deadline_at"":1784738960.261909,""soft_stop_at"":1784735360.261909}"
1530,run-20260720T164920Z-5f8824d560b3-6a51d38a,,,,1784566160.323515,INFO,CAMPAIGN_INVOCATION,,"{""programs"":[""7763""],""provenance_path"":""/Users/zuha/Desktop/FKI/4 курс 2025-2026/course_work-SBF/runs/sbf3_go3055_go7763/campaign/run_provenance.json"",""resumed"":false,""target_count"":74}"
1531,run-20260720T164920Z-5f8824d560b3-6a51d38a,,,,1784566160.329995,INFO,QUEUE_UPSERTED,,"{""job_count"":74}"
1532,run-20260720T164920Z-5f8824d560b3-6a51d38a,job-a6f2e2c80416a526c85a2b24ef983ededf82ec96b3be13a5189796d08ba6dacf,IC 0794,,1784566160.82481,INFO,ARTIFACT_RECORDED,,"{""artifact_id"":56,""kind"":""clean_model_fits"",""path"":""/Users/zuha/Desktop/FKI/4 курс 2025-2026/course_work-SBF/runs/sbf3_go3055_go7763/products/IC_0794/F150W__F115W/a54ad3737b23/jw07763-o048_t048_nircam_clear-f150w_i2d_01_модель_чистая.fits"",""verified"":true}"
1533,run-20260720T164920Z-5f8824d560b3-6a51d38a,job-a6f2e2c80416a526c85a2b24ef983ededf82ec96b3be13a5189796d08ba6dacf,IC 0794,,1784566160.826058,INFO,ARTIFACT_RECORDED,,"{""artifact_id"":57,""kind"":""clean_isophotes_fits"",""path"":""/Users/zuha/Desktop/FKI/4 курс 2025-2026/course_work-SBF/runs/sbf3_go3055_go7763/products/IC_0794/F150W__F115W/a54ad3737b23/jw07763-o048_t048_nircam_clear-f150w_i2d_02_изофоты_чистые.fits"",""verified"":true}"
1534,run-20260720T164920Z-5f8824d560b3-6a51d38a,job-a6f2e2c80416a526c85a2b24ef983ededf82ec96b3be13a5189796d08ba6dacf,IC 0794,,1784566160.8270469,INFO,ARTIFACT_RECORDED,,"{""artifact_id"":58,""kind"":""full_residual_fits"",""path"":""/Users/zuha/Desktop/FKI/4 курс 2025-2026/course_work-SBF/runs/sbf3_go3055_go7763/products/IC_0794/F150W__F115W/a54ad3737b23/jw07763-o048_t048_nircam_clear-f150w_i2d_03_остатки_общие.fits"",""verified"":true}"
1535,run-20260720T164920Z-5f8824d560b3-6a51d38a,job-a6f2e2c80416a526c85a2b24ef983ededf82ec96b3be13a5189796d08ba6dacf,IC 0794,,1784566160.828187,INFO,ARTIFACT_RECORDED,,"{""artifact_id"":59,""kind"":""working_residual_fits"",""path"":""/Users/zuha/Desktop/FKI/4 курс 2025-2026/course_work-SBF/runs/sbf3_go3055_go7763/products/IC_0794/F150W__F115W/a54ad3737b23/jw07763-o048_t048_nircam_clear-f150w_i2d_04_остатки_общие_рабочие.fits"",""verified"":true}"
1536,run-20260720T164920Z-5f8824d560b3-6a51d38a,job-a6f2e2c80416a526c85a2b24ef983ededf82ec96b3be13a5189796d08ba6dacf,IC 0794,,1784566160.82921,INFO,ARTIFACT_RECORDED,,"{""artifact_id"":60,""kind"":""working_annuli_residual_fits"",""path"":""/Users/zuha/Desktop/FKI/4 курс 2025-2026/course_work-SBF/runs/sbf3_go3055_go7763/products/IC_0794/F150W__F115W/a54ad3737b23/jw07763-o048_t048_nircam_clear-f150w_i2d_05_остатки_общие_рабочие_два_кольца.fits"",""verified"":true}"
1537,run-20260720T164920Z-5f8824d560b3-6a51d38a,job-a6f2e2c80416a526c85a2b24ef983ededf82ec96b3be13a5189796d08ba6dacf,IC 0794,,1784566160.8308322,INFO,RESULT_REUSED,,"{""artifact_count"":5,""current_template_sha256"":""23fd556bc3a871a72a2a6ce52b2b986d1882e72022c3f91edd5d44c88ea92417"",""producer_job_id"":""job-a54ad3737b23ab3452f80050d5e83ef27b29e707b14c3e0884662d61127304af"",""producer_template_sha256"":""6f66f3df1e9817b434d59d3beab8f5504a9a568216bf2ec9466f0641a3c4cd9b"",""reuse_kind"":""campaign-result"",""reused_from_result_json"":""/Users/zuha/Desktop/FKI/4 курс 2025-2026/course_work-SBF/runs/sbf3_go3055_go7763/batch/IC_0794__F150W__F115W__a6f2e2c80416_result.json"",""target"":""IC 0794"",""target_status_path"":""/Users/zuha/Desktop/FKI/4 курс 2025-2026/course_work-SBF/runs/sbf3_go3055_go7763/campaign/target_status.csv""}"
1538,run-20260720T164920Z-5f8824d560b3-6a51d38a,job-a6f2e2c80416a526c85a2b24ef983ededf82ec96b3be13a5189796d08ba6dacf,IC 0794,,1784566160.835215,INFO,JOB_STATE_CHANGED,,"{""from"":""PENDING"",""reason"":""verified result reused"",""to"":""SUCCEEDED""}"
1539,run-20260720T164920Z-5f8824d560b3-6a51d38a,job-8d338dedea641ead5fc19af3e52969978b7ec29ad6a5b9aab44d56c7ca35dea8,IC 3328,,1784566161.381598,INFO,ARTIFACT_RECORDED,,"{""artifact_id"":61,""kind"":""clean_model_fits"",""path"":""/Users/zuha/Desktop/FKI/4 курс 2025-2026/course_work-SBF/runs/sbf3_go3055_go7763/products/IC_3328/F150W__F115W/aaf0967076f9/jw07763-o051_t051_nircam_clear-f150w_i2d_01_модель_чистая.fits"",""verified"":true}"
1540,run-20260720T164920Z-5f8824d560b3-6a51d38a,job-8d338dedea641ead5fc19af3e52969978b7ec29ad6a5b9aab44d56c7ca35dea8,IC 3328,,1784566161.382787,INFO,ARTIFACT_RECORDED,,"{""artifact_id"":62,""kind"":""clean_isophotes_fits"",""path"":""/Users/zuha/Desktop/FKI/4 курс 2025-2026/course_work-SBF/runs/sbf3_go3055_go7763/products/IC_3328/F150W__F115W/aaf0967076f9/jw07763-o051_t051_nircam_clear-f150w_i2d_02_изофоты_чистые.fits"",""verified"":true}"
1541,run-20260720T164920Z-5f8824d560b3-6a51d38a,job-8d338dedea641ead5fc19af3e52969978b7ec29ad6a5b9aab44d56c7ca35dea8,IC 3328,,1784566161.383738,INFO,ARTIFACT_RECORDED,,"{""artifact_id"":63,""kind"":""full_residual_fits"",""path"":""/Users/zuha/Desktop/FKI/4 курс 2025-2026/course_work-SBF/runs/sbf3_go3055_go7763/products/IC_3328/F150W__F115W/aaf0967076f9/jw07763-o051_t051_nircam_clear-f150w_i2d_03_остатки_общие.fits"",""verified"":true}"
1542,run-20260720T164920Z-5f8824d560b3-6a51d38a,job-8d338dedea641ead5fc19af3e52969978b7ec29ad6a5b9aab44d56c7ca35dea8,IC 3328,,1784566161.3846111,INFO,ARTIFACT_RECORDED,,"{""artifact_id"":64,""kind"":""working_residual_fits"",""path"":""/Users/zuha/Desktop/FKI/4 курс 2025-2026/course_work-SBF/runs/sbf3_go3055_go7763/products/IC_3328/F150W__F115W/aaf0967076f9/jw07763-o051_t051_nircam_clear-f150w_i2d_04_остатки_общие_рабочие.fits"",""verified"":true}"
1543,run-20260720T164920Z-5f8824d560b3-6a51d38a,job-8d338dedea641ead5fc19af3e52969978b7ec29ad6a5b9aab44d56c7ca35dea8,IC 3328,,1784566161.386154,INFO,ARTIFACT_RECORDED,,"{""artifact_id"":65,""kind"":""working_annuli_residual_fits"",""path"":""/Users/zuha/Desktop/FKI/4 курс 2025-2026/course_work-SBF/runs/sbf3_go3055_go7763/products/IC_3328/F150W__F115W/aaf0967076f9/jw07763-o051_t051_nircam_clear-f150w_i2d_05_остатки_общие_рабочие_два_кольца.fits"",""verified"":true}"
1544,run-20260720T164920Z-5f8824d560b3-6a51d38a,job-8d338dedea641ead5fc19af3e52969978b7ec29ad6a5b9aab44d56c7ca35dea8,IC 3328,,1784566161.3876219,INFO,RESULT_REUSED,,"{""artifact_count"":5,""current_template_sha256"":""23fd556bc3a871a72a2a6ce52b2b986d1882e72022c3f91edd5d44c88ea92417"",""producer_job_id"":""job-aaf0967076f982218327e92c4dab2179d2d9280d3883f8693a9895dedc03c6b9"",""producer_template_sha256"":""6f66f3df1e9817b434d59d3beab8f5504a9a568216bf2ec9466f0641a3c4cd9b"",""reuse_kind"":""campaign-result"",""reused_from_result_json"":""/Users/zuha/Desktop/FKI/4 курс 2025-2026/course_work-SBF/runs/sbf3_go3055_go7763/batch/IC_3328__F150W__F115W__8d338dedea64_result.json"",""target"":""IC 3328"",""target_status_path"":""/Users/zuha/Desktop/FKI/4 курс 2025-2026/course_work-SBF/runs/sbf3_go3055_go7763/campaign/target_status.csv""}"
1545,run-20260720T164920Z-5f8824d560b3-6a51d38a,job-8d338dedea641ead5fc19af3e52969978b7ec29ad6a5b9aab44d56c7ca35dea8,IC 3328,,1784566161.3933382,INFO,JOB_STATE_CHANGED,,"{""from"":""PENDING"",""reason"":""verified result reused"",""to"":""SUCCEEDED""}"
1546,run-20260720T164920Z-5f8824d560b3-6a51d38a,job-aa6279a8fd555b349ecda07c2cbefae245e8088f1706f1d18cf0449f32a8bcac,IC 3501,,1784566161.9240909,INFO,ARTIFACT_RECORDED,,"{""artifact_id"":66,""kind"":""clean_model_fits"",""path"":""/Users/zuha/Desktop/FKI/4 курс 2025-2026/course_work-SBF/runs/sbf3_go3055_go7763/products/IC_3501/F150W__F115W/59303aea6d35/jw07763-o053_t053_nircam_clear-f150w_i2d_01_модель_чистая.fits"",""verified"":true}"
1547,run-20260720T164920Z-5f8824d560b3-6a51d38a,job-aa6279a8fd555b349ecda07c2cbefae245e8088f1706f1d18cf0449f32a8bcac,IC 3501,,1784566161.925183,INFO,ARTIFACT_RECORDED,,"{""artifact_id"":67,""kind"":""clean_isophotes_fits"",""path"":""/Users/zuha/Desktop/FKI/4 курс 2025-2026/course_work-SBF/runs/sbf3_go3055_go7763/products/IC_3501/F150W__F115W/59303aea6d35/jw07763-o053_t053_nircam_clear-f150w_i2d_02_изофоты_чистые.fits"",""verified"":true}"
1548,run-20260720T164920Z-5f8824d560b3-6a51d38a,job-aa6279a8fd555b349ecda07c2cbefae245e8088f1706f1d18cf0449f32a8bcac,IC 3501,,1784566161.926118,INFO,ARTIFACT_RECORDED,,"{""artifact_id"":68,""kind"":""full_residual_fits"",""path"":""/Users/zuha/Desktop/FKI/4 курс 2025-2026/course_work-SBF/runs/sbf3_go3055_go7763/products/IC_3501/F150W__F115W/59303aea6d35/jw07763-o053_t053_nircam_clear-f150w_i2d_03_остатки_общие.fits"",""verified"":true}"
1549,run-20260720T164920Z-5f8824d560b3-6a51d38a,job-aa6279a8fd555b349ecda07c2cbefae245e8088f1706f1d18cf0449f32a8bcac,IC 3501,,1784566161.9270039,INFO,ARTIFACT_RECORDED,,"{""artifact_id"":69,""kind"":""working_residual_fits"",""path"":""/Users/zuha/Desktop/FKI/4 курс 2025-2026/course_work-SBF/runs/sbf3_go3055_go7763/products/IC_3501/F150W__F115W/59303aea6d35/jw07763-o053_t053_nircam_clear-f150w_i2d_04_остатки_общие_рабочие.fits"",""verified"":true}"
1550,run-20260720T164920Z-5f8824d560b3-6a51d38a,job-aa6279a8fd555b349ecda07c2cbefae245e8088f1706f1d18cf0449f32a8bcac,IC 3501,,1784566161.9278479,INFO,ARTIFACT_RECORDED,,"{""artifact_id"":70,""kind"":""working_annuli_residual_fits"",""path"":""/Users/zuha/Desktop/FKI/4 курс 2025-2026/course_work-SBF/runs/sbf3_go3055_go7763/products/IC_3501/F150W__F115W/59303aea6d35/jw07763-o053_t053_nircam_clear-f150w_i2d_05_остатки_общие_рабочие_два_кольца.fits"",""verified"":true}"
1551,run-20260720T164920Z-5f8824d560b3-6a51d38a,job-aa6279a8fd555b349ecda07c2cbefae245e8088f1706f1d18cf0449f32a8bcac,IC 3501,,1784566161.929961,INFO,RESULT_REUSED,,"{""artifact_count"":5,""current_template_sha256"":""23fd556bc3a871a72a2a6ce52b2b986d1882e72022c3f91edd5d44c88ea92417"",""producer_job_id"":""job-59303aea6d35b2a5e90eba68946d6c6ddee808c031de2dfceeb24d11a26ff25a"",""producer_template_sha256"":""6f66f3df1e9817b434d59d3beab8f5504a9a568216bf2ec9466f0641a3c4cd9b"",""reuse_kind"":""campaign-result"",""reused_from_result_json"":""/Users/zuha/Desktop/FKI/4 курс 2025-2026/course_work-SBF/runs/sbf3_go3055_go7763/batch/IC_3501__F150W__F115W__aa6279a8fd55_result.json"",""target"":""IC 3501"",""target_status_path"":""/Users/zuha/Desktop/FKI/4 курс 2025-2026/course_work-SBF/runs/sbf3_go3055_go7763/campaign/target_status.csv""}"
1552,run-20260720T164920Z-5f8824d560b3-6a51d38a,job-aa6279a8fd555b349ecda07c2cbefae245e8088f1706f1d18cf0449f32a8bcac,IC 3501,,1784566161.931843,INFO,JOB_STATE_CHANGED,,"{""from"":""PENDING"",""reason"":""verified result reused"",""to"":""SUCCEEDED""}"
1553,run-20260720T164920Z-5f8824d560b3-6a51d38a,job-9c7ea4870be79ecf8824e7deee8f444b18fe972719547e395fad11920c011b1a,IC 3509,,1784566162.413145,INFO,ARTIFACT_RECORDED,,"{""artifact_id"":71,""kind"":""clean_model_fits"",""path"":""/Users/zuha/Desktop/FKI/4 курс 2025-2026/course_work-SBF/runs/sbf3_go3055_go7763/products/IC_3509/F150W__F115W/945e2b3f31ff/jw07763-o067_t067_nircam_clear-f150w_i2d_01_модель_чистая.fits"",""verified"":true}"
1554,run-20260720T164920Z-5f8824d560b3-6a51d38a,job-9c7ea4870be79ecf8824e7deee8f444b18fe972719547e395fad11920c011b1a,IC 3509,,1784566162.414237,INFO,ARTIFACT_RECORDED,,"{""artifact_id"":72,""kind"":""clean_isophotes_fits"",""path"":""/Users/zuha/Desktop/FKI/4 курс 2025-2026/course_work-SBF/runs/sbf3_go3055_go7763/products/IC_3509/F150W__F115W/945e2b3f31ff/jw07763-o067_t067_nircam_clear-f150w_i2d_02_изофоты_чистые.fits"",""verified"":true}"
1555,run-20260720T164920Z-5f8824d560b3-6a51d38a,job-9c7ea4870be79ecf8824e7deee8f444b18fe972719547e395fad11920c011b1a,IC 3509,,1784566162.415173,INFO,ARTIFACT_RECORDED,,"{""artifact_id"":73,""kind"":""full_residual_fits"",""path"":""/Users/zuha/Desktop/FKI/4 курс 2025-2026/course_work-SBF/runs/sbf3_go3055_go7763/products/IC_3509/F150W__F115W/945e2b3f31ff/jw07763-o067_t067_nircam_clear-f150w_i2d_03_остатки_общие.fits"",""verified"":true}"
1556,run-20260720T164920Z-5f8824d560b3-6a51d38a,job-9c7ea4870be79ecf8824e7deee8f444b18fe972719547e395fad11920c011b1a,IC 3509,,1784566162.4161978,INFO,ARTIFACT_RECORDED,,"{""artifact_id"":74,""kind"":""working_residual_fits"",""path"":""/Users/zuha/Desktop/FKI/4 курс 2025-2026/course_work-SBF/runs/sbf3_go3055_go7763/products/IC_3509/F150W__F115W/945e2b3f31ff/jw07763-o067_t067_nircam_clear-f150w_i2d_04_остатки_общие_рабочие.fits"",""verified"":true}"
1557,run-20260720T164920Z-5f8824d560b3-6a51d38a,job-9c7ea4870be79ecf8824e7deee8f444b18fe972719547e395fad11920c011b1a,IC 3509,,1784566162.417202,INFO,ARTIFACT_RECORDED,,"{""artifact_id"":75,""kind"":""working_annuli_residual_fits"",""path"":""/Users/zuha/Desktop/FKI/4 курс 2025-2026/course_work-SBF/runs/sbf3_go3055_go7763/products/IC_3509/F150W__F115W/945e2b3f31ff/jw07763-o067_t067_nircam_clear-f150w_i2d_05_остатки_общие_рабочие_два_кольца.fits"",""verified"":true}"
1558,run-20260720T164920Z-5f8824d560b3-6a51d38a,job-9c7ea4870be79ecf8824e7deee8f444b18fe972719547e395fad11920c011b1a,IC 3509,,1784566162.418416,INFO,RESULT_REUSED,,"{""artifact_count"":5,""current_template_sha256"":""23fd556bc3a871a72a2a6ce52b2b986d1882e72022c3f91edd5d44c88ea92417"",""producer_job_id"":""job-945e2b3f31ffa3069427ca3caa0587892d641d05de6d2ecebf5b0dd26d1488b4"",""producer_template_sha256"":""6f66f3df1e9817b434d59d3beab8f5504a9a568216bf2ec9466f0641a3c4cd9b"",""reuse_kind"":""campaign-result"",""reused_from_result_json"":""/Users/zuha/Desktop/FKI/4 курс 2025-2026/course_work-SBF/runs/sbf3_go3055_go7763/batch/IC_3509__F150W__F115W__9c7ea4870be7_result.json"",""target"":""IC 3509"",""target_status_path"":""/Users/zuha/Desktop/FKI/4 курс 2025-2026/course_work-SBF/runs/sbf3_go3055_go7763/campaign/target_status.csv""}"
1559,run-20260720T164920Z-5f8824d560b3-6a51d38a,job-9c7ea4870be79ecf8824e7deee8f444b18fe972719547e395fad11920c011b1a,IC 3509,,1784566162.42029,INFO,JOB_STATE_CHANGED,,"{""from"":""PENDING"",""reason"":""verified result reused"",""to"":""SUCCEEDED""}"
1560,run-20260720T164920Z-5f8824d560b3-6a51d38a,job-846fd66231e8dbf50ba46888bffcba2295d525db07788d6f8c33d6f3df2626e3,IC 3586,,1784566162.89331,INFO,ARTIFACT_RECORDED,,"{""artifact_id"":76,""kind"":""clean_model_fits"",""path"":""/Users/zuha/Desktop/FKI/4 курс 2025-2026/course_work-SBF/runs/sbf3_go3055_go7763/products/IC_3586/F150W__F115W/ad3bf13beb3b/jw07763-o052_t052_nircam_clear-f150w_i2d_01_модель_чистая.fits"",""verified"":true}"
1561,run-20260720T164920Z-5f8824d560b3-6a51d38a,job-846fd66231e8dbf50ba46888bffcba2295d525db07788d6f8c33d6f3df2626e3,IC 3586,,1784566162.89449,INFO,ARTIFACT_RECORDED,,"{""artifact_id"":77,""kind"":""clean_isophotes_fits"",""path"":""/Users/zuha/Desktop/FKI/4 курс 2025-2026/course_work-SBF/runs/sbf3_go3055_go7763/products/IC_3586/F150W__F115W/ad3bf13beb3b/jw07763-o052_t052_nircam_clear-f150w_i2d_02_изофоты_чистые.fits"",""verified"":true}"
1562,run-20260720T164920Z-5f8824d560b3-6a51d38a,job-846fd66231e8dbf50ba46888bffcba2295d525db07788d6f8c33d6f3df2626e3,IC 3586,,1784566162.895479,INFO,ARTIFACT_RECORDED,,"{""artifact_id"":78,""kind"":""full_residual_fits"",""path"":""/Users/zuha/Desktop/FKI/4 курс 2025-2026/course_work-SBF/runs/sbf3_go3055_go7763/products/IC_3586/F150W__F115W/ad3bf13beb3b/jw07763-o052_t052_nircam_clear-f150w_i2d_03_остатки_общие.fits"",""verified"":true}"
1563,run-20260720T164920Z-5f8824d560b3-6a51d38a,job-846fd66231e8dbf50ba46888bffcba2295d525db07788d6f8c33d6f3df2626e3,IC 3586,,1784566162.8964539,INFO,ARTIFACT_RECORDED,,"{""artifact_id"":79,""kind"":""working_residual_fits"",""path"":""/Users/zuha/Desktop/FKI/4 курс 2025-2026/course_work-SBF/runs/sbf3_go3055_go7763/products/IC_3586/F150W__F115W/ad3bf13beb3b/jw07763-o052_t052_nircam_clear-f150w_i2d_04_остатки_общие_рабочие.fits"",""verified"":true}"
1564,run-20260720T164920Z-5f8824d560b3-6a51d38a,job-846fd66231e8dbf50ba46888bffcba2295d525db07788d6f8c33d6f3df2626e3,IC 3586,,1784566162.8974981,INFO,ARTIFACT_RECORDED,,"{""artifact_id"":80,""kind"":""working_annuli_residual_fits"",""path"":""/Users/zuha/Desktop/FKI/4 курс 2025-2026/course_work-SBF/runs/sbf3_go3055_go7763/products/IC_3586/F150W__F115W/ad3bf13beb3b/jw07763-o052_t052_nircam_clear-f150w_i2d_05_остатки_общие_рабочие_два_кольца.fits"",""verified"":true}"
1565,run-20260720T164920Z-5f8824d560b3-6a51d38a,job-846fd66231e8dbf50ba46888bffcba2295d525db07788d6f8c33d6f3df2626e3,IC 3586,,1784566162.898986,INFO,RESULT_REUSED,,"{""artifact_count"":5,""current_template_sha256"":""23fd556bc3a871a72a2a6ce52b2b986d1882e72022c3f91edd5d44c88ea92417"",""producer_job_id"":""job-ad3bf13beb3be8abb3a4786d1b89a302f8fe51db32daeb6bb1f03bd3ac41dff6"",""producer_template_sha256"":""6f66f3df1e9817b434d59d3beab8f5504a9a568216bf2ec9466f0641a3c4cd9b"",""reuse_kind"":""campaign-result"",""reused_from_result_json"":""/Users/zuha/Desktop/FKI/4 курс 2025-2026/course_work-SBF/runs/sbf3_go3055_go7763/batch/IC_3586__F150W__F115W__846fd66231e8_result.json"",""target"":""IC 3586"",""target_status_path"":""/Users/zuha/Desktop/FKI/4 курс 2025-2026/course_work-SBF/runs/sbf3_go3055_go7763/campaign/target_status.csv""}"
1566,run-20260720T164920Z-5f8824d560b3-6a51d38a,job-846fd66231e8dbf50ba46888bffcba2295d525db07788d6f8c33d6f3df2626e3,IC 3586,,1784566162.901713,INFO,JOB_STATE_CHANGED,,"{""from"":""PENDING"",""reason"":""verified result reused"",""to"":""SUCCEEDED""}"
1567,run-20260720T164920Z-5f8824d560b3-6a51d38a,job-57f11bc9dcdbf20a8f65605ab283f6540c885a42a7745f1480dfd054660ab176,IC 3631,,1784566163.3844109,INFO,ARTIFACT_RECORDED,,"{""artifact_id"":81,""kind"":""clean_model_fits"",""path"":""/Users/zuha/Desktop/FKI/4 курс 2025-2026/course_work-SBF/runs/sbf3_go3055_go7763/products/IC_3631/F150W__F115W/adf374ea1b38/jw07763-o050_t050_nircam_clear-f150w_i2d_01_модель_чистая.fits"",""verified"":true}"
1568,run-20260720T164920Z-5f8824d560b3-6a51d38a,job-57f11bc9dcdbf20a8f65605ab283f6540c885a42a7745f1480dfd054660ab176,IC 3631,,1784566163.385708,INFO,ARTIFACT_RECORDED,,"{""artifact_id"":82,""kind"":""clean_isophotes_fits"",""path"":""/Users/zuha/Desktop/FKI/4 курс 2025-2026/course_work-SBF/runs/sbf3_go3055_go7763/products/IC_3631/F150W__F115W/adf374ea1b38/jw07763-o050_t050_nircam_clear-f150w_i2d_02_изофоты_чистые.fits"",""verified"":true}"
1569,run-20260720T164920Z-5f8824d560b3-6a51d38a,job-57f11bc9dcdbf20a8f65605ab283f6540c885a42a7745f1480dfd054660ab176,IC 3631,,1784566163.386652,INFO,ARTIFACT_RECORDED,,"{""artifact_id"":83,""kind"":""full_residual_fits"",""path"":""/Users/zuha/Desktop/FKI/4 курс 2025-2026/course_work-SBF/runs/sbf3_go3055_go7763/products/IC_3631/F150W__F115W/adf374ea1b38/jw07763-o050_t050_nircam_clear-f150w_i2d_03_остатки_общие.fits"",""verified"":true}"
1570,run-20260720T164920Z-5f8824d560b3-6a51d38a,job-57f11bc9dcdbf20a8f65605ab283f6540c885a42a7745f1480dfd054660ab176,IC 3631,,1784566163.387651,INFO,ARTIFACT_RECORDED,,"{""artifact_id"":84,""kind"":""working_residual_fits"",""path"":""/Users/zuha/Desktop/FKI/4 курс 2025-2026/course_work-SBF/runs/sbf3_go3055_go7763/products/IC_3631/F150W__F115W/adf374ea1b38/jw07763-o050_t050_nircam_clear-f150w_i2d_04_остатки_общие_рабочие.fits"",""verified"":true}"
1571,run-20260720T164920Z-5f8824d560b3-6a51d38a,job-57f11bc9dcdbf20a8f65605ab283f6540c885a42a7745f1480dfd054660ab176,IC 3631,,1784566163.3886552,INFO,ARTIFACT_RECORDED,,"{""artifact_id"":85,""kind"":""working_annuli_residual_fits"",""path"":""/Users/zuha/Desktop/FKI/4 курс 2025-2026/course_work-SBF/runs/sbf3_go3055_go7763/products/IC_3631/F150W__F115W/adf374ea1b38/jw07763-o050_t050_nircam_clear-f150w_i2d_05_остатки_общие_рабочие_два_кольца.fits"",""verified"":true}"
1572,run-20260720T164920Z-5f8824d560b3-6a51d38a,job-57f11bc9dcdbf20a8f65605ab283f6540c885a42a7745f1480dfd054660ab176,IC 3631,,1784566163.389926,INFO,RESULT_REUSED,,"{""artifact_count"":5,""current_template_sha256"":""23fd556bc3a871a72a2a6ce52b2b986d1882e72022c3f91edd5d44c88ea92417"",""producer_job_id"":""job-adf374ea1b3889ec9ba8b42f6d436421b0001f8ad6091cbc4277cc8d213d130d"",""producer_template_sha256"":""6f66f3df1e9817b434d59d3beab8f5504a9a568216bf2ec9466f0641a3c4cd9b"",""reuse_kind"":""campaign-result"",""reused_from_result_json"":""/Users/zuha/Desktop/FKI/4 курс 2025-2026/course_work-SBF/runs/sbf3_go3055_go7763/batch/IC_3631__F150W__F115W__57f11bc9dcdb_result.json"",""target"":""IC 3631"",""target_status_path"":""/Users/zuha/Desktop/FKI/4 курс 2025-2026/course_work-SBF/runs/sbf3_go3055_go7763/campaign/target_status.csv""}"
1573,run-20260720T164920Z-5f8824d560b3-6a51d38a,job-57f11bc9dcdbf20a8f65605ab283f6540c885a42a7745f1480dfd054660ab176,IC 3631,,1784566163.394473,INFO,JOB_STATE_CHANGED,,"{""from"":""PENDING"",""reason"":""verified result reused"",""to"":""SUCCEEDED""}"
1574,run-20260720T164920Z-5f8824d560b3-6a51d38a,job-97d9506a70786a1eb87e4b8918df6713f25c544e106a3f6d45070203682ce275,NGC 4352,,1784566163.901063,INFO,ARTIFACT_RECORDED,,"{""artifact_id"":86,""kind"":""clean_model_fits"",""path"":""/Users/zuha/Desktop/FKI/4 курс 2025-2026/course_work-SBF/runs/sbf3_go3055_go7763/products/NGC_4352/F150W__F115W/fa577574ac1f/jw07763-o036_t036_nircam_clear-f150w_i2d_01_модель_чистая.fits"",""verified"":true}"
1575,run-20260720T164920Z-5f8824d560b3-6a51d38a,job-97d9506a70786a1eb87e4b8918df6713f25c544e106a3f6d45070203682ce275,NGC 4352,,1784566163.9022698,INFO,ARTIFACT_RECORDED,,"{""artifact_id"":87,""kind"":""clean_isophotes_fits"",""path"":""/Users/zuha/Desktop/FKI/4 курс 2025-2026/course_work-SBF/runs/sbf3_go3055_go7763/products/NGC_4352/F150W__F115W/fa577574ac1f/jw07763-o036_t036_nircam_clear-f150w_i2d_02_изофоты_чистые.fits"",""verified"":true}"
1576,run-20260720T164920Z-5f8824d560b3-6a51d38a,job-97d9506a70786a1eb87e4b8918df6713f25c544e106a3f6d45070203682ce275,NGC 4352,,1784566163.90345,INFO,ARTIFACT_RECORDED,,"{""artifact_id"":88,""kind"":""full_residual_fits"",""path"":""/Users/zuha/Desktop/FKI/4 курс 2025-2026/course_work-SBF/runs/sbf3_go3055_go7763/products/NGC_4352/F150W__F115W/fa577574ac1f/jw07763-o036_t036_nircam_clear-f150w_i2d_03_остатки_общие.fits"",""verified"":true}"
1577,run-20260720T164920Z-5f8824d560b3-6a51d38a,job-97d9506a70786a1eb87e4b8918df6713f25c544e106a3f6d45070203682ce275,NGC 4352,,1784566163.90448,INFO,ARTIFACT_RECORDED,,"{""artifact_id"":89,""kind"":""working_residual_fits"",""path"":""/Users/zuha/Desktop/FKI/4 курс 2025-2026/course_work-SBF/runs/sbf3_go3055_go7763/products/NGC_4352/F150W__F115W/fa577574ac1f/jw07763-o036_t036_nircam_clear-f150w_i2d_04_остатки_общие_рабочие.fits"",""verified"":true}"
1578,run-20260720T164920Z-5f8824d560b3-6a51d38a,job-97d9506a70786a1eb87e4b8918df6713f25c544e106a3f6d45070203682ce275,NGC 4352,,1784566163.906518,INFO,ARTIFACT_RECORDED,,"{""artifact_id"":90,""kind"":""working_annuli_residual_fits"",""path"":""/Users/zuha/Desktop/FKI/4 курс 2025-2026/course_work-SBF/runs/sbf3_go3055_go7763/products/NGC_4352/F150W__F115W/fa577574ac1f/jw07763-o036_t036_nircam_clear-f150w_i2d_05_остатки_общие_рабочие_два_кольца.fits"",""verified"":true}"
1579,run-20260720T164920Z-5f8824d560b3-6a51d38a,job-97d9506a70786a1eb87e4b8918df6713f25c544e106a3f6d45070203682ce275,NGC 4352,,1784566163.9076438,INFO,RESULT_REUSED,,"{""artifact_count"":5,""current_template_sha256"":""23fd556bc3a871a72a2a6ce52b2b986d1882e72022c3f91edd5d44c88ea92417"",""producer_job_id"":""job-fa577574ac1f0e0601537054638b404575046e355ebc5744f3f25bc496256f93"",""producer_template_sha256"":""6f66f3df1e9817b434d59d3beab8f5504a9a568216bf2ec9466f0641a3c4cd9b"",""reuse_kind"":""campaign-result"",""reused_from_result_json"":""/Users/zuha/Desktop/FKI/4 курс 2025-2026/course_work-SBF/runs/sbf3_go3055_go7763/batch/NGC_4352__F150W__F115W__97d9506a7078_result.json"",""target"":""NGC 4352"",""target_status_path"":""/Users/zuha/Desktop/FKI/4 курс 2025-2026/course_work-SBF/runs/sbf3_go3055_go7763/campaign/target_status.csv""}"
1580,run-20260720T164920Z-5f8824d560b3-6a51d38a,job-97d9506a70786a1eb87e4b8918df6713f25c544e106a3f6d45070203682ce275,NGC 4352,,1784566163.90939,INFO,JOB_STATE_CHANGED,,"{""from"":""PENDING"",""reason"":""verified result reused"",""to"":""SUCCEEDED""}"
1581,run-20260720T164920Z-5f8824d560b3-6a51d38a,job-6bb78b3d5d2fe73666312999f1e0b76039162b36e7809b840ae4951807ef71a7,NGC 4429,,1784566164.4097621,INFO,ARTIFACT_RECORDED,,"{""artifact_id"":91,""kind"":""clean_model_fits"",""path"":""/Users/zuha/Desktop/FKI/4 курс 2025-2026/course_work-SBF/runs/sbf3_go3055_go7763/products/NGC_4429/F150W__F115W/5ef717431022/jw07763-o005_t005_nircam_clear-f150w_i2d_01_модель_чистая.fits"",""verified"":true}"
1582,run-20260720T164920Z-5f8824d560b3-6a51d38a,job-6bb78b3d5d2fe73666312999f1e0b76039162b36e7809b840ae4951807ef71a7,NGC 4429,,1784566164.4112031,INFO,ARTIFACT_RECORDED,,"{""artifact_id"":92,""kind"":""clean_isophotes_fits"",""path"":""/Users/zuha/Desktop/FKI/4 курс 2025-2026/course_work-SBF/runs/sbf3_go3055_go7763/products/NGC_4429/F150W__F115W/5ef717431022/jw07763-o005_t005_nircam_clear-f150w_i2d_02_изофоты_чистые.fits"",""verified"":true}"
1583,run-20260720T164920Z-5f8824d560b3-6a51d38a,job-6bb78b3d5d2fe73666312999f1e0b76039162b36e7809b840ae4951807ef71a7,NGC 4429,,1784566164.412351,INFO,ARTIFACT_RECORDED,,"{""artifact_id"":93,""kind"":""full_residual_fits"",""path"":""/Users/zuha/Desktop/FKI/4 курс 2025-2026/course_work-SBF/runs/sbf3_go3055_go7763/products/NGC_4429/F150W__F115W/5ef717431022/jw07763-o005_t005_nircam_clear-f150w_i2d_03_остатки_общие.fits"",""verified"":true}"
1584,run-20260720T164920Z-5f8824d560b3-6a51d38a,job-6bb78b3d5d2fe73666312999f1e0b76039162b36e7809b840ae4951807ef71a7,NGC 4429,,1784566164.413228,INFO,ARTIFACT_RECORDED,,"{""artifact_id"":94,""kind"":""working_residual_fits"",""path"":""/Users/zuha/Desktop/FKI/4 курс 2025-2026/course_work-SBF/runs/sbf3_go3055_go7763/products/NGC_4429/F150W__F115W/5ef717431022/jw07763-o005_t005_nircam_clear-f150w_i2d_04_остатки_общие_рабочие.fits"",""verified"":true}"
1585,run-20260720T164920Z-5f8824d560b3-6a51d38a,job-6bb78b3d5d2fe73666312999f1e0b76039162b36e7809b840ae4951807ef71a7,NGC 4429,,1784566164.414162,INFO,ARTIFACT_RECORDED,,"{""artifact_id"":95,""kind"":""working_annuli_residual_fits"",""path"":""/Users/zuha/Desktop/FKI/4 курс 2025-2026/course_work-SBF/runs/sbf3_go3055_go7763/products/NGC_4429/F150W__F115W/5ef717431022/jw07763-o005_t005_nircam_clear-f150w_i2d_05_остатки_общие_рабочие_два_кольца.fits"",""verified"":true}"
1586,run-20260720T164920Z-5f8824d560b3-6a51d38a,job-6bb78b3d5d2fe73666312999f1e0b76039162b36e7809b840ae4951807ef71a7,NGC 4429,,1784566164.415669,INFO,RESULT_REUSED,,"{""artifact_count"":5,""current_template_sha256"":""23fd556bc3a871a72a2a6ce52b2b986d1882e72022c3f91edd5d44c88ea92417"",""producer_job_id"":""job-5ef717431022127e039d7d744978e5fa95fa41851859f2fe787e04260801424b"",""producer_template_sha256"":""6f66f3df1e9817b434d59d3beab8f5504a9a568216bf2ec9466f0641a3c4cd9b"",""reuse_kind"":""campaign-result"",""reused_from_result_json"":""/Users/zuha/Desktop/FKI/4 курс 2025-2026/course_work-SBF/runs/sbf3_go3055_go7763/batch/NGC_4429__F150W__F115W__6bb78b3d5d2f_result.json"",""target"":""NGC 4429"",""target_status_path"":""/Users/zuha/Desktop/FKI/4 курс 2025-2026/course_work-SBF/runs/sbf3_go3055_go7763/campaign/target_status.csv""}"
1587,run-20260720T164920Z-5f8824d560b3-6a51d38a,job-6bb78b3d5d2fe73666312999f1e0b76039162b36e7809b840ae4951807ef71a7,NGC 4429,,1784566164.4173398,INFO,JOB_STATE_CHANGED,,"{""from"":""PENDING"",""reason"":""verified result reused"",""to"":""SUCCEEDED""}"
1588,run-20260720T164920Z-5f8824d560b3-6a51d38a,job-33b7f707f21c76d1939c66e01e0067d64fcc68138d8e6cc0460349740993c975,NGC 4431,,1784566164.903643,INFO,ARTIFACT_RECORDED,,"{""artifact_id"":96,""kind"":""clean_model_fits"",""path"":""/Users/zuha/Desktop/FKI/4 курс 2025-2026/course_work-SBF/runs/sbf3_go3055_go7763/products/NGC_4431/F150W__F115W/66a7871f9f8d/jw07763-o042_t042_nircam_clear-f150w_i2d_01_модель_чистая.fits"",""verified"":true}"
1589,run-20260720T164920Z-5f8824d560b3-6a51d38a,job-33b7f707f21c76d1939c66e01e0067d64fcc68138d8e6cc0460349740993c975,NGC 4431,,1784566164.904908,INFO,ARTIFACT_RECORDED,,"{""artifact_id"":97,""kind"":""clean_isophotes_fits"",""path"":""/Users/zuha/Desktop/FKI/4 курс 2025-2026/course_work-SBF/runs/sbf3_go3055_go7763/products/NGC_4431/F150W__F115W/66a7871f9f8d/jw07763-o042_t042_nircam_clear-f150w_i2d_02_изофоты_чистые.fits"",""verified"":true}"
1590,run-20260720T164920Z-5f8824d560b3-6a51d38a,job-33b7f707f21c76d1939c66e01e0067d64fcc68138d8e6cc0460349740993c975,NGC 4431,,1784566164.905919,INFO,ARTIFACT_RECORDED,,"{""artifact_id"":98,""kind"":""full_residual_fits"",""path"":""/Users/zuha/Desktop/FKI/4 курс 2025-2026/course_work-SBF/runs/sbf3_go3055_go7763/products/NGC_4431/F150W__F115W/66a7871f9f8d/jw07763-o042_t042_nircam_clear-f150w_i2d_03_остатки_общие.fits"",""verified"":true}"
1591,run-20260720T164920Z-5f8824d560b3-6a51d38a,job-33b7f707f21c76d1939c66e01e0067d64fcc68138d8e6cc0460349740993c975,NGC 4431,,1784566164.906802,INFO,ARTIFACT_RECORDED,,"{""artifact_id"":99,""kind"":""working_residual_fits"",""path"":""/Users/zuha/Desktop/FKI/4 курс 2025-2026/course_work-SBF/runs/sbf3_go3055_go7763/products/NGC_4431/F150W__F115W/66a7871f9f8d/jw07763-o042_t042_nircam_clear-f150w_i2d_04_остатки_общие_рабочие.fits"",""verified"":true}"
1592,run-20260720T164920Z-5f8824d560b3-6a51d38a,job-33b7f707f21c76d1939c66e01e0067d64fcc68138d8e6cc0460349740993c975,NGC 4431,,1784566164.907718,INFO,ARTIFACT_RECORDED,,"{""artifact_id"":100,""kind"":""working_annuli_residual_fits"",""path"":""/Users/zuha/Desktop/FKI/4 курс 2025-2026/course_work-SBF/runs/sbf3_go3055_go7763/products/NGC_4431/F150W__F115W/66a7871f9f8d/jw07763-o042_t042_nircam_clear-f150w_i2d_05_остатки_общие_рабочие_два_кольца.fits"",""verified"":true}"
1593,run-20260720T164920Z-5f8824d560b3-6a51d38a,job-33b7f707f21c76d1939c66e01e0067d64fcc68138d8e6cc0460349740993c975,NGC 4431,,1784566164.9094799,INFO,RESULT_REUSED,,"{""artifact_count"":5,""current_template_sha256"":""23fd556bc3a871a72a2a6ce52b2b986d1882e72022c3f91edd5d44c88ea92417"",""producer_job_id"":""job-66a7871f9f8d5a0a792933c2317185b62918d4e2c91c0a6abe9ef9001a5b3529"",""producer_template_sha256"":""6f66f3df1e9817b434d59d3beab8f5504a9a568216bf2ec9466f0641a3c4cd9b"",""reuse_kind"":""campaign-result"",""reused_from_result_json"":""/Users/zuha/Desktop/FKI/4 курс 2025-2026/course_work-SBF/runs/sbf3_go3055_go7763/batch/NGC_4431__F150W__F115W__33b7f707f21c_result.json"",""target"":""NGC 4431"",""target_status_path"":""/Users/zuha/Desktop/FKI/4 курс 2025-2026/course_work-SBF/runs/sbf3_go3055_go7763/campaign/target_status.csv""}"
1594,run-20260720T164920Z-5f8824d560b3-6a51d38a,job-33b7f707f21c76d1939c66e01e0067d64fcc68138d8e6cc0460349740993c975,NGC 4431,,1784566164.911506,INFO,JOB_STATE_CHANGED,,"{""from"":""PENDING"",""reason"":""verified result reused"",""to"":""SUCCEEDED""}"
1595,run-20260720T164920Z-5f8824d560b3-6a51d38a,job-cc2e116c39243db11fc20d8367e31350a6335de0c12ea0fcae8c8fb47b2c988d,IC 3349,,1784566164.972245,INFO,JOB_STATE_CHANGED,,"{""from"":""PENDING"",""to"":""READY""}"
1596,run-20260720T164920Z-5f8824d560b3-6a51d38a,job-cc2e116c39243db11fc20d8367e31350a6335de0c12ea0fcae8c8fb47b2c988d,IC 3349,,1784566164.97594,INFO,INPUT_READY_INITIAL,,"{""inputs"":{""color"":{""expected_size_bytes"":1216137600,""filter"":""F115W"",""final_exists"":true,""final_fits_error"":null,""final_path"":""/Users/zuha/Desktop/FKI/4 курс 2025-2026/course_work-SBF/data/IC 3349/jw07763-o056_t056_nircam_clear-f115w_i2d.fits"",""final_ready"":true,""final_size_bytes"":1216137600,""part_exists"":false,""part_metadata"":null,""part_metadata_error"":null,""part_path"":""/Users/zuha/Desktop/FKI/4 курс 2025-2026/course_work-SBF/data/IC 3349/jw07763-o056_t056_nircam_clear-f115w_i2d.fits.part"",""part_size_bytes"":0,""restart_part_exists"":false,""restart_part_path"":""/Users/zuha/Desktop/FKI/4 курс 2025-2026/course_work-SBF/data/IC 3349/jw07763-o056_t056_nircam_clear-f115w_i2d.fits.restart.part"",""restart_part_size_bytes"":0,""transfer_percent"":null},""signal"":{""expected_size_bytes"":1216258560,""filter"":""F150W"",""final_exists"":true,""final_fits_error"":null,""final_path"":""/Users/zuha/Desktop/FKI/4 курс 2025-2026/course_work-SBF/data/IC 3349/jw07763-o056_t056_nircam_clear-f150w_i2d.fits"",""final_ready"":true,""final_size_bytes"":1216258560,""part_exists"":false,""part_metadata"":null,""part_metadata_error"":null,""part_path"":""/Users/zuha/Desktop/FKI/4 курс 2025-2026/course_work-SBF/data/IC 3349/jw07763-o056_t056_nircam_clear-f150w_i2d.fits.part"",""part_size_bytes"":0,""restart_part_exists"":false,""restart_part_path"":""/Users/zuha/Desktop/FKI/4 курс 2025-2026/course_work-SBF/data/IC 3349/jw07763-o056_t056_nircam_clear-f150w_i2d.fits.restart.part"",""restart_part_size_bytes"":0,""transfer_percent"":null}},""program"":""7763"",""target"":""IC 3349""}"
1597,run-20260720T164920Z-5f8824d560b3-6a51d38a,job-cc2e116c39243db11fc20d8367e31350a6335de0c12ea0fcae8c8fb47b2c988d,IC 3349,,1784566165.0825238,INFO,WORKER_START_REQUESTED,,"{""color_path"":""/Users/zuha/Desktop/FKI/4 курс 2025-2026/course_work-SBF/data/IC 3349/jw07763-o056_t056_nircam_clear-f115w_i2d.fits"",""command"":[""/Users/zuha/Desktop/FKI/4 курс 2025-2026/course_work-SBF/astro_env/bin/python3"",""/Users/zuha/Desktop/FKI/4 курс 2025-2026/course_work-SBF/code/run_sbf_batch.py"",""--worker"",""--job-id"",""job-cc2e116c39243db11fc20d8367e31350a6335de0c12ea0fcae8c8fb47b2c988d"",""--galaxy"",""IC 3349"",""--signal"",""/Users/zuha/Desktop/FKI/4 курс 2025-2026/course_work-SBF/data/IC 3349/jw07763-o056_t056_nircam_clear-f150w_i2d.fits"",""--color"",""/Users/zuha/Desktop/FKI/4 курс 2025-2026/course_work-SBF/data/IC 3349/jw07763-o056_t056_nircam_clear-f115w_i2d.fits"",""--signal-filter"",""F150W"",""--color-filter"",""F115W"",""--template"",""/Users/zuha/Desktop/FKI/4 курс 2025-2026/course_work-SBF/code/sbf-3.ipynb"",""--batch-root"",""/Users/zuha/Desktop/FKI/4 курс 2025-2026/course_work-SBF/runs/sbf3_go3055_go7763/batch"",""--products-root"",""/Users/zuha/Desktop/FKI/4 курс 2025-2026/course_work-SBF/runs/sbf3_go3055_go7763/products""],""filters"":{""color"":""F115W"",""signal"":""F150W""},""program"":""7763"",""signal_path"":""/Users/zuha/Desktop/FKI/4 курс 2025-2026/course_work-SBF/data/IC 3349/jw07763-o056_t056_nircam_clear-f150w_i2d.fits"",""target"":""IC 3349""}"
1598,run-20260720T164920Z-5f8824d560b3-6a51d38a,job-cc2e116c39243db11fc20d8367e31350a6335de0c12ea0fcae8c8fb47b2c988d,IC 3349,,1784566165.083224,INFO,JOB_STATE_CHANGED,,"{""from"":""READY"",""to"":""RUNNING""}"
1599,run-20260720T164920Z-5f8824d560b3-6a51d38a,job-cc2e116c39243db11fc20d8367e31350a6335de0c12ea0fcae8c8fb47b2c988d,IC 3349,112,1784566165.087529,INFO,ATTEMPT_STARTED,,"{""attempt_no"":1,""pid"":77037}"
1600,run-20260720T164920Z-5f8824d560b3-6a51d38a,job-cc2e116c39243db11fc20d8367e31350a6335de0c12ea0fcae8c8fb47b2c988d,IC 3349,112,1784566465.136194,INFO,WORKER_SUPERVISION_ENDED,,"{""completed"":true,""detail"":null,""duration_seconds"":300.0427640840062,""ended_monotonic"":421255.778922875,""last_sample"":{""available_ram_bytes"":11759992832,""collector"":""psutil"",""disk"":{""free_bytes"":157249548288,""free_gib"":146.45005416870117,""path"":""/Users/zuha/Desktop/FKI/4 курс 2025-2026/course_work-SBF/data"",""total_bytes"":994662584320,""total_gib"":926.3517189025879,""used_bytes"":837413036032,""used_gib"":779.9016647338867},""disk_free_bytes"":157249548288,""monotonic"":421225.773635875,""pid"":77037,""swap"":{""free_bytes"":1346895872,""free_gib"":1.25439453125,""percent"":87.5,""total_bytes"":10737418240,""total_gib"":10.0,""used_bytes"":9390522368,""used_gib"":8.74560546875},""swap_used_bytes"":9390522368,""system_ram"":{""available_bytes"":11759992832,""available_gib"":10.952346801757812,""percent"":65.8,""total_bytes"":34359738368,""total_gib"":32.0,""used_bytes"":14372356096,""used_gib"":13.385299682617188},""timestamp_utc"":""2026-07-20T16:53:55.124+00:00"",""worker"":{""child_count"":9,""children_rss_bytes"":1742372864,""children_rss_gib"":1.622711181640625,""pid"":77037,""rss_bytes"":5910708224,""rss_gib"":5.5047760009765625,""status"":""sleeping"",""total_rss_bytes"":7653081088,""total_rss_gib"":7.1274871826171875},""worker_children_rss_bytes"":1742372864,""worker_rss_bytes"":5910708224,""worker_total_rss_bytes"":7653081088},""ok"":false,""reason"":""completed"",""returncode"":1,""sample_count"":10,""signal_name"":null,""started_monotonic"":420955.736158791,""termination"":null}"
1601,run-20260720T164920Z-5f8824d560b3-6a51d38a,job-cc2e116c39243db11fc20d8367e31350a6335de0c12ea0fcae8c8fb47b2c988d,IC 3349,112,1784566465.1405492,ERROR,ATTEMPT_ENDED,worker exited 1; required artifacts are absent or invalid,"{""exit_code"":1,""state"":""FAILED""}"
1602,run-20260720T164920Z-5f8824d560b3-6a51d38a,job-cc2e116c39243db11fc20d8367e31350a6335de0c12ea0fcae8c8fb47b2c988d,IC 3349,,1784566465.144587,INFO,JOB_STATE_CHANGED,worker exited 1; required artifacts are absent or invalid,"{""from"":""RUNNING"",""to"":""RETRY_WAIT""}"
1603,run-20260720T164920Z-5f8824d560b3-6a51d38a,job-c0982bac4c684eabde52a8306a054103fa02b69f81dd9a0245db7ee76953d3e1,IC 3358,,1784566465.187134,INFO,JOB_STATE_CHANGED,,"{""from"":""PENDING"",""to"":""READY""}"
1604,run-20260720T164920Z-5f8824d560b3-6a51d38a,job-c0982bac4c684eabde52a8306a054103fa02b69f81dd9a0245db7ee76953d3e1,IC 3358,,1784566465.191208,INFO,INPUT_READY_INITIAL,,"{""inputs"":{""color"":{""expected_size_bytes"":1216258560,""filter"":""F115W"",""final_exists"":true,""final_fits_error"":null,""final_path"":""/Users/zuha/Desktop/FKI/4 курс 2025-2026/course_work-SBF/data/IC 3358/jw07763-o049_t049_nircam_clear-f115w_i2d.fits"",""final_ready"":true,""final_size_bytes"":1216258560,""part_exists"":false,""part_metadata"":null,""part_metadata_error"":null,""part_path"":""/Users/zuha/Desktop/FKI/4 курс 2025-2026/course_work-SBF/data/IC 3358/jw07763-o049_t049_nircam_clear-f115w_i2d.fits.part"",""part_size_bytes"":0,""restart_part_exists"":false,""restart_part_path"":""/Users/zuha/Desktop/FKI/4 курс 2025-2026/course_work-SBF/data/IC 3358/jw07763-o049_t049_nircam_clear-f115w_i2d.fits.restart.part"",""restart_part_size_bytes"":0,""transfer_percent"":null},""signal"":{""expected_size_bytes"":1216258560,""filter"":""F150W"",""final_exists"":true,""final_fits_error"":null,""final_path"":""/Users/zuha/Desktop/FKI/4 курс 2025-2026/course_work-SBF/data/IC 3358/jw07763-o049_t049_nircam_clear-f150w_i2d.fits"",""final_ready"":true,""final_size_bytes"":1216258560,""part_exists"":false,""part_metadata"":null,""part_metadata_error"":null,""part_path"":""/Users/zuha/Desktop/FKI/4 курс 2025-2026/course_work-SBF/data/IC 3358/jw07763-o049_t049_nircam_clear-f150w_i2d.fits.part"",""part_size_bytes"":0,""restart_part_exists"":false,""restart_part_path"":""/Users/zuha/Desktop/FKI/4 курс 2025-2026/course_work-SBF/data/IC 3358/jw07763-o049_t049_nircam_clear-f150w_i2d.fits.restart.part"",""restart_part_size_bytes"":0,""transfer_percent"":null}},""program"":""7763"",""target"":""IC 3358""}"
1605,run-20260720T164920Z-5f8824d560b3-6a51d38a,job-c0982bac4c684eabde52a8306a054103fa02b69f81dd9a0245db7ee76953d3e1,IC 3358,,1784566465.278243,INFO,WORKER_START_REQUESTED,,"{""color_path"":""/Users/zuha/Desktop/FKI/4 курс 2025-2026/course_work-SBF/data/IC 3358/jw07763-o049_t049_nircam_clear-f115w_i2d.fits"",""command"":[""/Users/zuha/Desktop/FKI/4 курс 2025-2026/course_work-SBF/astro_env/bin/python3"",""/Users/zuha/Desktop/FKI/4 курс 2025-2026/course_work-SBF/code/run_sbf_batch.py"",""--worker"",""--job-id"",""job-c0982bac4c684eabde52a8306a054103fa02b69f81dd9a0245db7ee76953d3e1"",""--galaxy"",""IC 3358"",""--signal"",""/Users/zuha/Desktop/FKI/4 курс 2025-2026/course_work-SBF/data/IC 3358/jw07763-o049_t049_nircam_clear-f150w_i2d.fits"",""--color"",""/Users/zuha/Desktop/FKI/4 курс 2025-2026/course_work-SBF/data/IC 3358/jw07763-o049_t049_nircam_clear-f115w_i2d.fits"",""--signal-filter"",""F150W"",""--color-filter"",""F115W"",""--template"",""/Users/zuha/Desktop/FKI/4 курс 2025-2026/course_work-SBF/code/sbf-3.ipynb"",""--batch-root"",""/Users/zuha/Desktop/FKI/4 курс 2025-2026/course_work-SBF/runs/sbf3_go3055_go7763/batch"",""--products-root"",""/Users/zuha/Desktop/FKI/4 курс 2025-2026/course_work-SBF/runs/sbf3_go3055_go7763/products""],""filters"":{""color"":""F115W"",""signal"":""F150W""},""program"":""7763"",""signal_path"":""/Users/zuha/Desktop/FKI/4 курс 2025-2026/course_work-SBF/data/IC 3358/jw07763-o049_t049_nircam_clear-f150w_i2d.fits"",""target"":""IC 3358""}"
1606,run-20260720T164920Z-5f8824d560b3-6a51d38a,job-c0982bac4c684eabde52a8306a054103fa02b69f81dd9a0245db7ee76953d3e1,IC 3358,,1784566465.2787142,INFO,JOB_STATE_CHANGED,,"{""from"":""READY"",""to"":""RUNNING""}"
1607,run-20260720T164920Z-5f8824d560b3-6a51d38a,job-c0982bac4c684eabde52a8306a054103fa02b69f81dd9a0245db7ee76953d3e1,IC 3358,113,1784566465.282783,INFO,ATTEMPT_STARTED,,"{""attempt_no"":1,""pid"":79934}"
1608,run-20260720T164920Z-5f8824d560b3-6a51d38a,job-c0982bac4c684eabde52a8306a054103fa02b69f81dd9a0245db7ee76953d3e1,IC 3358,113,1784569856.365609,INFO,WORKER_SUPERVISION_ENDED,,"{""completed"":true,""detail"":null,""duration_seconds"":3391.0889291249914,""ended_monotonic"":424647.021970291,""last_sample"":{""available_ram_bytes"":7483621376,""collector"":""psutil"",""disk"":{""free_bytes"":155875405824,""free_gib"":145.17028427124023,""path"":""/Users/zuha/Desktop/FKI/4 курс 2025-2026/course_work-SBF/data"",""total_bytes"":994662584320,""total_gib"":926.3517189025879,""used_bytes"":838787178496,""used_gib"":781.1814346313477},""disk_free_bytes"":155875405824,""monotonic"":424617.011588125,""pid"":79934,""swap"":{""free_bytes"":1380450304,""free_gib"":1.28564453125,""percent"":87.1,""total_bytes"":10737418240,""total_gib"":10.0,""used_bytes"":9356967936,""used_gib"":8.71435546875},""swap_used_bytes"":9356967936,""system_ram"":{""available_bytes"":7483621376,""available_gib"":6.96966552734375,""percent"":78.2,""total_bytes"":34359738368,""total_gib"":32.0,""used_bytes"":10833051648,""used_gib"":10.089065551757812},""timestamp_utc"":""2026-07-20T17:50:26.347+00:00"",""worker"":{""child_count"":1,""children_rss_bytes"":5439488,""children_rss_gib"":0.00506591796875,""pid"":79934,""rss_bytes"":7412498432,""rss_gib"":6.9034271240234375,""status"":""sleeping"",""total_rss_bytes"":7417937920,""total_rss_gib"":6.9084930419921875},""worker_children_rss_bytes"":5439488,""worker_rss_bytes"":7412498432,""worker_total_rss_bytes"":7417937920},""ok"":true,""reason"":""completed"",""returncode"":0,""sample_count"":113,""signal_name"":null,""started_monotonic"":421255.933041166,""termination"":null}"
1609,run-20260720T164920Z-5f8824d560b3-6a51d38a,job-c0982bac4c684eabde52a8306a054103fa02b69f81dd9a0245db7ee76953d3e1,IC 3358,,1784569856.8156319,INFO,JOB_STATE_CHANGED,,"{""from"":""RUNNING"",""to"":""VERIFYING""}"
1610,run-20260720T164920Z-5f8824d560b3-6a51d38a,job-c0982bac4c684eabde52a8306a054103fa02b69f81dd9a0245db7ee76953d3e1,IC 3358,113,1784569856.817358,INFO,ARTIFACT_RECORDED,,"{""artifact_id"":101,""kind"":""clean_model_fits"",""path"":""/Users/zuha/Desktop/FKI/4 курс 2025-2026/course_work-SBF/runs/sbf3_go3055_go7763/products/IC_3358/F150W__F115W/c0982bac4c68/jw07763-o049_t049_nircam_clear-f150w_i2d_01_модель_чистая.fits"",""verified"":true}"
1611,run-20260720T164920Z-5f8824d560b3-6a51d38a,job-c0982bac4c684eabde52a8306a054103fa02b69f81dd9a0245db7ee76953d3e1,IC 3358,113,1784569856.8186991,INFO,ARTIFACT_RECORDED,,"{""artifact_id"":102,""kind"":""clean_isophotes_fits"",""path"":""/Users/zuha/Desktop/FKI/4 курс 2025-2026/course_work-SBF/runs/sbf3_go3055_go7763/products/IC_3358/F150W__F115W/c0982bac4c68/jw07763-o049_t049_nircam_clear-f150w_i2d_02_изофоты_чистые.fits"",""verified"":true}"
1612,run-20260720T164920Z-5f8824d560b3-6a51d38a,job-c0982bac4c684eabde52a8306a054103fa02b69f81dd9a0245db7ee76953d3e1,IC 3358,113,1784569856.819881,INFO,ARTIFACT_RECORDED,,"{""artifact_id"":103,""kind"":""full_residual_fits"",""path"":""/Users/zuha/Desktop/FKI/4 курс 2025-2026/course_work-SBF/runs/sbf3_go3055_go7763/products/IC_3358/F150W__F115W/c0982bac4c68/jw07763-o049_t049_nircam_clear-f150w_i2d_03_остатки_общие.fits"",""verified"":true}"
1613,run-20260720T164920Z-5f8824d560b3-6a51d38a,job-c0982bac4c684eabde52a8306a054103fa02b69f81dd9a0245db7ee76953d3e1,IC 3358,113,1784569856.8207989,INFO,ARTIFACT_RECORDED,,"{""artifact_id"":104,""kind"":""working_residual_fits"",""path"":""/Users/zuha/Desktop/FKI/4 курс 2025-2026/course_work-SBF/runs/sbf3_go3055_go7763/products/IC_3358/F150W__F115W/c0982bac4c68/jw07763-o049_t049_nircam_clear-f150w_i2d_04_остатки_общие_рабочие.fits"",""verified"":true}"
1614,run-20260720T164920Z-5f8824d560b3-6a51d38a,job-c0982bac4c684eabde52a8306a054103fa02b69f81dd9a0245db7ee76953d3e1,IC 3358,113,1784569856.821711,INFO,ARTIFACT_RECORDED,,"{""artifact_id"":105,""kind"":""working_annuli_residual_fits"",""path"":""/Users/zuha/Desktop/FKI/4 курс 2025-2026/course_work-SBF/runs/sbf3_go3055_go7763/products/IC_3358/F150W__F115W/c0982bac4c68/jw07763-o049_t049_nircam_clear-f150w_i2d_05_остатки_общие_рабочие_два_кольца.fits"",""verified"":true}"
1615,run-20260720T164920Z-5f8824d560b3-6a51d38a,job-c0982bac4c684eabde52a8306a054103fa02b69f81dd9a0245db7ee76953d3e1,IC 3358,113,1784569856.8228421,INFO,ATTEMPT_ENDED,,"{""exit_code"":0,""state"":""SUCCEEDED""}"
1616,run-20260720T164920Z-5f8824d560b3-6a51d38a,job-c0982bac4c684eabde52a8306a054103fa02b69f81dd9a0245db7ee76953d3e1,IC 3358,,1784569856.823807,INFO,JOB_STATE_CHANGED,,"{""from"":""VERIFYING"",""to"":""SUCCEEDED""}"
1617,run-20260720T164920Z-5f8824d560b3-6a51d38a,job-c0982bac4c684eabde52a8306a054103fa02b69f81dd9a0245db7ee76953d3e1,IC 3358,113,1784569856.826483,INFO,ARTIFACTS_VERIFIED,,"{""artifact_count"":5,""artifact_manifest_path"":""/Users/zuha/Desktop/FKI/4 курс 2025-2026/course_work-SBF/runs/sbf3_go3055_go7763/batch/artifact_manifests/IC_3358__F150W__F115W__c0982bac4c68_result_artifacts.json"",""artifacts"":[{""exists"":true,""fits_valid"":true,""mtime_ns"":1784566841260994183,""mtime_utc"":""2026-07-20T17:00:41.260+00:00"",""name"":""clean_model_fits"",""ok"":true,""path"":""/Users/zuha/Desktop/FKI/4 курс 2025-2026/course_work-SBF/runs/sbf3_go3055_go7763/products/IC_3358/F150W__F115W/c0982bac4c68/jw07763-o049_t049_nircam_clear-f150w_i2d_01_модель_чистая.fits"",""relative_path"":""jw07763-o049_t049_nircam_clear-f150w_i2d_01_модель_чистая.fits"",""sha256"":""63d2d6609049a0508b0b8fac627d2eb0bf428287c7524b7b9fd3f27c3a29de29"",""size_bytes"":173718720},{""exists"":true,""fits_valid"":true,""mtime_ns"":1784566841472266155,""mtime_utc"":""2026-07-20T17:00:41.472+00:00"",""name"":""clean_isophotes_fits"",""ok"":true,""path"":""/Users/zuha/Desktop/FKI/4 курс 2025-2026/course_work-SBF/runs/sbf3_go3055_go7763/products/IC_3358/F150W__F115W/c0982bac4c68/jw07763-o049_t049_nircam_clear-f150w_i2d_02_изофоты_чистые.fits"",""relative_path"":""jw07763-o049_t049_nircam_clear-f150w_i2d_02_изофоты_чистые.fits"",""sha256"":""83da7812ae1b1c425e808a6e0e1a4af0dc43bbf3d5e7ec4a0fd45e764f25eeae"",""size_bytes"":173718720},{""exists"":true,""fits_valid"":true,""mtime_ns"":1784566841680149976,""mtime_utc"":""2026-07-20T17:00:41.680+00:00"",""name"":""full_residual_fits"",""ok"":true,""path"":""/Users/zuha/Desktop/FKI/4 курс 2025-2026/course_work-SBF/runs/sbf3_go3055_go7763/products/IC_3358/F150W__F115W/c0982bac4c68/jw07763-o049_t049_nircam_clear-f150w_i2d_03_остатки_общие.fits"",""relative_path"":""jw07763-o049_t049_nircam_clear-f150w_i2d_03_остатки_общие.fits"",""sha256"":""690f232fc22c0420398ff9de662f99fcf3566fb69c7e65906fb045ffa59b29a8"",""size_bytes"":173718720},{""exists"":true,""fits_valid"":true,""mtime_ns"":1784566841867522684,""mtime_utc"":""2026-07-20T17:00:41.867+00:00"",""name"":""working_residual_fits"",""ok"":true,""path"":""/Users/zuha/Desktop/FKI/4 курс 2025-2026/course_work-SBF/runs/sbf3_go3055_go7763/products/IC_3358/F150W__F115W/c0982bac4c68/jw07763-o049_t049_nircam_clear-f150w_i2d_04_остатки_общие_рабочие.fits"",""relative_path"":""jw07763-o049_t049_nircam_clear-f150w_i2d_04_остатки_общие_рабочие.fits"",""sha256"":""546d7980cffa03b20922726231046bd5727a0411e49371960a065dc8948e0cf9"",""size_bytes"":173718720},{""exists"":true,""fits_valid"":true,""mtime_ns"":1784569840452796319,""mtime_utc"":""2026-07-20T17:50:40.452+00:00"",""name"":""working_annuli_residual_fits"",""ok"":true,""path"":""/Users/zuha/Desktop/FKI/4 курс 2025-2026/course_work-SBF/runs/sbf3_go3055_go7763/products/IC_3358/F150W__F115W/c0982bac4c68/jw07763-o049_t049_nircam_clear-f150w_i2d_05_остатки_общие_рабочие_два_кольца.fits"",""relative_path"":""jw07763-o049_t049_nircam_clear-f150w_i2d_05_остатки_общие_рабочие_два_кольца.fits"",""sha256"":""a755260db27543a1184805683fb9d2e7e374f38cc51ba73ac70047c43a8cabad"",""size_bytes"":173718720}],""target"":""IC 3358""}"
1618,run-20260720T164920Z-5f8824d560b3-6a51d38a,job-d0cfab08b5ae857c63df7e0bef07e3bfb8362e446d54abd8b165eda1af50ed18,IC 3363,,1784569856.858339,INFO,JOB_STATE_CHANGED,,"{""from"":""PENDING"",""to"":""READY""}"
1619,run-20260720T164920Z-5f8824d560b3-6a51d38a,job-d0cfab08b5ae857c63df7e0bef07e3bfb8362e446d54abd8b165eda1af50ed18,IC 3363,,1784569856.861939,INFO,INPUT_READY_INITIAL,,"{""inputs"":{""color"":{""expected_size_bytes"":1216137600,""filter"":""F115W"",""final_exists"":true,""final_fits_error"":null,""final_path"":""/Users/zuha/Desktop/FKI/4 курс 2025-2026/course_work-SBF/data/IC 3363/jw07763-o061_t061_nircam_clear-f115w_i2d.fits"",""final_ready"":true,""final_size_bytes"":1216137600,""part_exists"":false,""part_metadata"":null,""part_metadata_error"":null,""part_path"":""/Users/zuha/Desktop/FKI/4 курс 2025-2026/course_work-SBF/data/IC 3363/jw07763-o061_t061_nircam_clear-f115w_i2d.fits.part"",""part_size_bytes"":0,""restart_part_exists"":false,""restart_part_path"":""/Users/zuha/Desktop/FKI/4 курс 2025-2026/course_work-SBF/data/IC 3363/jw07763-o061_t061_nircam_clear-f115w_i2d.fits.restart.part"",""restart_part_size_bytes"":0,""transfer_percent"":null},""signal"":{""expected_size_bytes"":1216258560,""filter"":""F150W"",""final_exists"":true,""final_fits_error"":null,""final_path"":""/Users/zuha/Desktop/FKI/4 курс 2025-2026/course_work-SBF/data/IC 3363/jw07763-o061_t061_nircam_clear-f150w_i2d.fits"",""final_ready"":true,""final_size_bytes"":1216258560,""part_exists"":false,""part_metadata"":null,""part_metadata_error"":null,""part_path"":""/Users/zuha/Desktop/FKI/4 курс 2025-2026/course_work-SBF/data/IC 3363/jw07763-o061_t061_nircam_clear-f150w_i2d.fits.part"",""part_size_bytes"":0,""restart_part_exists"":false,""restart_part_path"":""/Users/zuha/Desktop/FKI/4 курс 2025-2026/course_work-SBF/data/IC 3363/jw07763-o061_t061_nircam_clear-f150w_i2d.fits.restart.part"",""restart_part_size_bytes"":0,""transfer_percent"":null}},""program"":""7763"",""target"":""IC 3363""}"
1620,run-20260720T164920Z-5f8824d560b3-6a51d38a,job-d0cfab08b5ae857c63df7e0bef07e3bfb8362e446d54abd8b165eda1af50ed18,IC 3363,,1784569856.9569259,INFO,WORKER_START_REQUESTED,,"{""color_path"":""/Users/zuha/Desktop/FKI/4 курс 2025-2026/course_work-SBF/data/IC 3363/jw07763-o061_t061_nircam_clear-f115w_i2d.fits"",""command"":[""/Users/zuha/Desktop/FKI/4 курс 2025-2026/course_work-SBF/astro_env/bin/python3"",""/Users/zuha/Desktop/FKI/4 курс 2025-2026/course_work-SBF/code/run_sbf_batch.py"",""--worker"",""--job-id"",""job-d0cfab08b5ae857c63df7e0bef07e3bfb8362e446d54abd8b165eda1af50ed18"",""--galaxy"",""IC 3363"",""--signal"",""/Users/zuha/Desktop/FKI/4 курс 2025-2026/course_work-SBF/data/IC 3363/jw07763-o061_t061_nircam_clear-f150w_i2d.fits"",""--color"",""/Users/zuha/Desktop/FKI/4 курс 2025-2026/course_work-SBF/data/IC 3363/jw07763-o061_t061_nircam_clear-f115w_i2d.fits"",""--signal-filter"",""F150W"",""--color-filter"",""F115W"",""--template"",""/Users/zuha/Desktop/FKI/4 курс 2025-2026/course_work-SBF/code/sbf-3.ipynb"",""--batch-root"",""/Users/zuha/Desktop/FKI/4 курс 2025-2026/course_work-SBF/runs/sbf3_go3055_go7763/batch"",""--products-root"",""/Users/zuha/Desktop/FKI/4 курс 2025-2026/course_work-SBF/runs/sbf3_go3055_go7763/products""],""filters"":{""color"":""F115W"",""signal"":""F150W""},""program"":""7763"",""signal_path"":""/Users/zuha/Desktop/FKI/4 курс 2025-2026/course_work-SBF/data/IC 3363/jw07763-o061_t061_nircam_clear-f150w_i2d.fits"",""target"":""IC 3363""}"
1621,run-20260720T164920Z-5f8824d560b3-6a51d38a,job-d0cfab08b5ae857c63df7e0bef07e3bfb8362e446d54abd8b165eda1af50ed18,IC 3363,,1784569856.9574,INFO,JOB_STATE_CHANGED,,"{""from"":""READY"",""to"":""RUNNING""}"
1622,run-20260720T164920Z-5f8824d560b3-6a51d38a,job-d0cfab08b5ae857c63df7e0bef07e3bfb8362e446d54abd8b165eda1af50ed18,IC 3363,114,1784569856.963417,INFO,ATTEMPT_STARTED,,"{""attempt_no"":1,""pid"":2374}"
1623,run-20260720T164920Z-5f8824d560b3-6a51d38a,job-d0cfab08b5ae857c63df7e0bef07e3bfb8362e446d54abd8b165eda1af50ed18,IC 3363,114,1784569977.007262,INFO,WORKER_SUPERVISION_ENDED,,"{""completed"":true,""detail"":null,""duration_seconds"":120.0403217090061,""ended_monotonic"":424767.669762625,""last_sample"":{""available_ram_bytes"":11628462080,""collector"":""psutil"",""disk"":{""free_bytes"":155660824576,""free_gib"":144.97043991088867,""path"":""/Users/zuha/Desktop/FKI/4 курс 2025-2026/course_work-SBF/data"",""total_bytes"":994662584320,""total_gib"":926.3517189025879,""used_bytes"":839001759744,""used_gib"":781.3812789916992},""disk_free_bytes"":155660824576,""monotonic"":424737.659667625,""pid"":2374,""swap"":{""free_bytes"":1380450304,""free_gib"":1.28564453125,""percent"":87.1,""total_bytes"":10737418240,""total_gib"":10.0,""used_bytes"":9356967936,""used_gib"":8.71435546875},""swap_used_bytes"":9356967936,""system_ram"":{""available_bytes"":11628462080,""available_gib"":10.829849243164062,""percent"":66.2,""total_bytes"":34359738368,""total_gib"":32.0,""used_bytes"":13352304640,""used_gib"":12.435302734375},""timestamp_utc"":""2026-07-20T17:52:26.994+00:00"",""worker"":{""child_count"":9,""children_rss_bytes"":1446199296,""children_rss_gib"":1.3468780517578125,""pid"":2374,""rss_bytes"":5993250816,""rss_gib"":5.5816497802734375,""status"":""sleeping"",""total_rss_bytes"":7439450112,""total_rss_gib"":6.92852783203125},""worker_children_rss_bytes"":1446199296,""worker_rss_bytes"":5993250816,""worker_total_rss_bytes"":7439450112},""ok"":false,""reason"":""completed"",""returncode"":1,""sample_count"":4,""signal_name"":null,""started_monotonic"":424647.629440916,""termination"":null}"
1624,run-20260720T164920Z-5f8824d560b3-6a51d38a,job-d0cfab08b5ae857c63df7e0bef07e3bfb8362e446d54abd8b165eda1af50ed18,IC 3363,114,1784569977.0101178,ERROR,ATTEMPT_ENDED,worker exited 1; required artifacts are absent or invalid,"{""exit_code"":1,""state"":""FAILED""}"
1625,run-20260720T164920Z-5f8824d560b3-6a51d38a,job-d0cfab08b5ae857c63df7e0bef07e3bfb8362e446d54abd8b165eda1af50ed18,IC 3363,,1784569977.011671,INFO,JOB_STATE_CHANGED,worker exited 1; required artifacts are absent or invalid,"{""from"":""RUNNING"",""to"":""RETRY_WAIT""}"
1626,run-20260720T164920Z-5f8824d560b3-6a51d38a,job-5b6d675db0108f129880561dda30daeda17211d22d7add64b5aae9ab33282c42,IC 3381,,1784569977.039197,INFO,JOB_STATE_CHANGED,,"{""from"":""PENDING"",""to"":""READY""}"
1627,run-20260720T164920Z-5f8824d560b3-6a51d38a,job-5b6d675db0108f129880561dda30daeda17211d22d7add64b5aae9ab33282c42,IC 3381,,1784569977.042699,INFO,INPUT_READY_INITIAL,,"{""inputs"":{""color"":{""expected_size_bytes"":1216137600,""filter"":""F115W"",""final_exists"":true,""final_fits_error"":null,""final_path"":""/Users/zuha/Desktop/FKI/4 курс 2025-2026/course_work-SBF/data/IC 3381/jw07763-o043_t043_nircam_clear-f115w_i2d.fits"",""final_ready"":true,""final_size_bytes"":1216137600,""part_exists"":false,""part_metadata"":null,""part_metadata_error"":null,""part_path"":""/Users/zuha/Desktop/FKI/4 курс 2025-2026/course_work-SBF/data/IC 3381/jw07763-o043_t043_nircam_clear-f115w_i2d.fits.part"",""part_size_bytes"":0,""restart_part_exists"":false,""restart_part_path"":""/Users/zuha/Desktop/FKI/4 курс 2025-2026/course_work-SBF/data/IC 3381/jw07763-o043_t043_nircam_clear-f115w_i2d.fits.restart.part"",""restart_part_size_bytes"":0,""transfer_percent"":null},""signal"":{""expected_size_bytes"":1216137600,""filter"":""F150W"",""final_exists"":true,""final_fits_error"":null,""final_path"":""/Users/zuha/Desktop/FKI/4 курс 2025-2026/course_work-SBF/data/IC 3381/jw07763-o043_t043_nircam_clear-f150w_i2d.fits"",""final_ready"":true,""final_size_bytes"":1216137600,""part_exists"":false,""part_metadata"":null,""part_metadata_error"":null,""part_path"":""/Users/zuha/Desktop/FKI/4 курс 2025-2026/course_work-SBF/data/IC 3381/jw07763-o043_t043_nircam_clear-f150w_i2d.fits.part"",""part_size_bytes"":0,""restart_part_exists"":false,""restart_part_path"":""/Users/zuha/Desktop/FKI/4 курс 2025-2026/course_work-SBF/data/IC 3381/jw07763-o043_t043_nircam_clear-f150w_i2d.fits.restart.part"",""restart_part_size_bytes"":0,""transfer_percent"":null}},""program"":""7763"",""target"":""IC 3381""}"
1628,run-20260720T164920Z-5f8824d560b3-6a51d38a,job-5b6d675db0108f129880561dda30daeda17211d22d7add64b5aae9ab33282c42,IC 3381,,1784569977.118273,INFO,WORKER_START_REQUESTED,,"{""color_path"":""/Users/zuha/Desktop/FKI/4 курс 2025-2026/course_work-SBF/data/IC 3381/jw07763-o043_t043_nircam_clear-f115w_i2d.fits"",""command"":[""/Users/zuha/Desktop/FKI/4 курс 2025-2026/course_work-SBF/astro_env/bin/python3"",""/Users/zuha/Desktop/FKI/4 курс 2025-2026/course_work-SBF/code/run_sbf_batch.py"",""--worker"",""--job-id"",""job-5b6d675db0108f129880561dda30daeda17211d22d7add64b5aae9ab33282c42"",""--galaxy"",""IC 3381"",""--signal"",""/Users/zuha/Desktop/FKI/4 курс 2025-2026/course_work-SBF/data/IC 3381/jw07763-o043_t043_nircam_clear-f150w_i2d.fits"",""--color"",""/Users/zuha/Desktop/FKI/4 курс 2025-2026/course_work-SBF/data/IC 3381/jw07763-o043_t043_nircam_clear-f115w_i2d.fits"",""--signal-filter"",""F150W"",""--color-filter"",""F115W"",""--template"",""/Users/zuha/Desktop/FKI/4 курс 2025-2026/course_work-SBF/code/sbf-3.ipynb"",""--batch-root"",""/Users/zuha/Desktop/FKI/4 курс 2025-2026/course_work-SBF/runs/sbf3_go3055_go7763/batch"",""--products-root"",""/Users/zuha/Desktop/FKI/4 курс 2025-2026/course_work-SBF/runs/sbf3_go3055_go7763/products""],""filters"":{""color"":""F115W"",""signal"":""F150W""},""program"":""7763"",""signal_path"":""/Users/zuha/Desktop/FKI/4 курс 2025-2026/course_work-SBF/data/IC 3381/jw07763-o043_t043_nircam_clear-f150w_i2d.fits"",""target"":""IC 3381""}"
1629,run-20260720T164920Z-5f8824d560b3-6a51d38a,job-5b6d675db0108f129880561dda30daeda17211d22d7add64b5aae9ab33282c42,IC 3381,,1784569977.1188118,INFO,JOB_STATE_CHANGED,,"{""from"":""READY"",""to"":""RUNNING""}"
1630,run-20260720T164920Z-5f8824d560b3-6a51d38a,job-5b6d675db0108f129880561dda30daeda17211d22d7add64b5aae9ab33282c42,IC 3381,115,1784569977.122752,INFO,ATTEMPT_STARTED,,"{""attempt_no"":1,""pid"":3208}"
1631,run-20260720T164920Z-5f8824d560b3-6a51d38a,job-5b6d675db0108f129880561dda30daeda17211d22d7add64b5aae9ab33282c42,IC 3381,115,1784573938.3943732,INFO,WORKER_SUPERVISION_ENDED,,"{""completed"":true,""detail"":null,""duration_seconds"":3961.2835113749607,""ended_monotonic"":428729.072725083,""last_sample"":{""available_ram_bytes"":8883716096,""collector"":""psutil"",""disk"":{""free_bytes"":154691661824,""free_gib"":144.0678367614746,""path"":""/Users/zuha/Desktop/FKI/4 курс 2025-2026/course_work-SBF/data"",""total_bytes"":994662584320,""total_gib"":926.3517189025879,""used_bytes"":839970922496,""used_gib"":782.2838821411133},""disk_free_bytes"":154691661824,""monotonic"":428699.062259375,""pid"":3208,""swap"":{""free_bytes"":1388838912,""free_gib"":1.29345703125,""percent"":87.1,""total_bytes"":10737418240,""total_gib"":10.0,""used_bytes"":9348579328,""used_gib"":8.70654296875},""swap_used_bytes"":9348579328,""system_ram"":{""available_bytes"":8883716096,""available_gib"":8.273605346679688,""percent"":74.1,""total_bytes"":34359738368,""total_gib"":32.0,""used_bytes"":9581510656,""used_gib"":8.923477172851562},""timestamp_utc"":""2026-07-20T18:58:28.378+00:00"",""worker"":{""child_count"":1,""children_rss_bytes"":5439488,""children_rss_gib"":0.00506591796875,""pid"":3208,""rss_bytes"":5360943104,""rss_gib"":4.992767333984375,""status"":""sleeping"",""total_rss_bytes"":5366382592,""total_rss_gib"":4.997833251953125},""worker_children_rss_bytes"":5439488,""worker_rss_bytes"":5360943104,""worker_total_rss_bytes"":5366382592},""ok"":true,""reason"":""completed"",""returncode"":0,""sample_count"":132,""signal_name"":null,""started_monotonic"":424767.789213708,""termination"":null}"
1632,run-20260720T164920Z-5f8824d560b3-6a51d38a,job-5b6d675db0108f129880561dda30daeda17211d22d7add64b5aae9ab33282c42,IC 3381,,1784573938.8457751,INFO,JOB_STATE_CHANGED,,"{""from"":""RUNNING"",""to"":""VERIFYING""}"
1633,run-20260720T164920Z-5f8824d560b3-6a51d38a,job-5b6d675db0108f129880561dda30daeda17211d22d7add64b5aae9ab33282c42,IC 3381,115,1784573938.848329,INFO,ARTIFACT_RECORDED,,"{""artifact_id"":106,""kind"":""clean_model_fits"",""path"":""/Users/zuha/Desktop/FKI/4 курс 2025-2026/course_work-SBF/runs/sbf3_go3055_go7763/products/IC_3381/F150W__F115W/5b6d675db010/jw07763-o043_t043_nircam_clear-f150w_i2d_01_модель_чистая.fits"",""verified"":true}"
1634,run-20260720T164920Z-5f8824d560b3-6a51d38a,job-5b6d675db0108f129880561dda30daeda17211d22d7add64b5aae9ab33282c42,IC 3381,115,1784573938.849727,INFO,ARTIFACT_RECORDED,,"{""artifact_id"":107,""kind"":""clean_isophotes_fits"",""path"":""/Users/zuha/Desktop/FKI/4 курс 2025-2026/course_work-SBF/runs/sbf3_go3055_go7763/products/IC_3381/F150W__F115W/5b6d675db010/jw07763-o043_t043_nircam_clear-f150w_i2d_02_изофоты_чистые.fits"",""verified"":true}"
1635,run-20260720T164920Z-5f8824d560b3-6a51d38a,job-5b6d675db0108f129880561dda30daeda17211d22d7add64b5aae9ab33282c42,IC 3381,115,1784573938.85066,INFO,ARTIFACT_RECORDED,,"{""artifact_id"":108,""kind"":""full_residual_fits"",""path"":""/Users/zuha/Desktop/FKI/4 курс 2025-2026/course_work-SBF/runs/sbf3_go3055_go7763/products/IC_3381/F150W__F115W/5b6d675db010/jw07763-o043_t043_nircam_clear-f150w_i2d_03_остатки_общие.fits"",""verified"":true}"
1636,run-20260720T164920Z-5f8824d560b3-6a51d38a,job-5b6d675db0108f129880561dda30daeda17211d22d7add64b5aae9ab33282c42,IC 3381,115,1784573938.851467,INFO,ARTIFACT_RECORDED,,"{""artifact_id"":109,""kind"":""working_residual_fits"",""path"":""/Users/zuha/Desktop/FKI/4 курс 2025-2026/course_work-SBF/runs/sbf3_go3055_go7763/products/IC_3381/F150W__F115W/5b6d675db010/jw07763-o043_t043_nircam_clear-f150w_i2d_04_остатки_общие_рабочие.fits"",""verified"":true}"
1637,run-20260720T164920Z-5f8824d560b3-6a51d38a,job-5b6d675db0108f129880561dda30daeda17211d22d7add64b5aae9ab33282c42,IC 3381,115,1784573938.85267,INFO,ARTIFACT_RECORDED,,"{""artifact_id"":110,""kind"":""working_annuli_residual_fits"",""path"":""/Users/zuha/Desktop/FKI/4 курс 2025-2026/course_work-SBF/runs/sbf3_go3055_go7763/products/IC_3381/F150W__F115W/5b6d675db010/jw07763-o043_t043_nircam_clear-f150w_i2d_05_остатки_общие_рабочие_два_кольца.fits"",""verified"":true}"
1638,run-20260720T164920Z-5f8824d560b3-6a51d38a,job-5b6d675db0108f129880561dda30daeda17211d22d7add64b5aae9ab33282c42,IC 3381,115,1784573938.853863,INFO,ATTEMPT_ENDED,,"{""exit_code"":0,""state"":""SUCCEEDED""}"
1639,run-20260720T164920Z-5f8824d560b3-6a51d38a,job-5b6d675db0108f129880561dda30daeda17211d22d7add64b5aae9ab33282c42,IC 3381,,1784573938.8547342,INFO,JOB_STATE_CHANGED,,"{""from"":""VERIFYING"",""to"":""SUCCEEDED""}"
1640,run-20260720T164920Z-5f8824d560b3-6a51d38a,job-5b6d675db0108f129880561dda30daeda17211d22d7add64b5aae9ab33282c42,IC 3381,115,1784573938.857565,INFO,ARTIFACTS_VERIFIED,,"{""artifact_count"":5,""artifact_manifest_path"":""/Users/zuha/Desktop/FKI/4 курс 2025-2026/course_work-SBF/runs/sbf3_go3055_go7763/batch/artifact_manifests/IC_3381__F150W__F115W__5b6d675db010_result_artifacts.json"",""artifacts"":[{""exists"":true,""fits_valid"":true,""mtime_ns"":1784570789943279099,""mtime_utc"":""2026-07-20T18:06:29.943+00:00"",""name"":""clean_model_fits"",""ok"":true,""path"":""/Users/zuha/Desktop/FKI/4 курс 2025-2026/course_work-SBF/runs/sbf3_go3055_go7763/products/IC_3381/F150W__F115W/5b6d675db010/jw07763-o043_t043_nircam_clear-f150w_i2d_01_модель_чистая.fits"",""relative_path"":""jw07763-o043_t043_nircam_clear-f150w_i2d_01_модель_чистая.fits"",""sha256"":""05771755245188d7fdd81acae5b9b89b036566cbf0ddf4468e5d0b53777a33cb"",""size_bytes"":173701440},{""exists"":true,""fits_valid"":true,""mtime_ns"":1784570790165782185,""mtime_utc"":""2026-07-20T18:06:30.165+00:00"",""name"":""clean_isophotes_fits"",""ok"":true,""path"":""/Users/zuha/Desktop/FKI/4 курс 2025-2026/course_work-SBF/runs/sbf3_go3055_go7763/products/IC_3381/F150W__F115W/5b6d675db010/jw07763-o043_t043_nircam_clear-f150w_i2d_02_изофоты_чистые.fits"",""relative_path"":""jw07763-o043_t043_nircam_clear-f150w_i2d_02_изофоты_чистые.fits"",""sha256"":""9600b58bf8c1ba5592f39eccdfe38d21b83fe551782e442a621c281cd3c944c2"",""size_bytes"":173701440},{""exists"":true,""fits_valid"":true,""mtime_ns"":1784570790361363981,""mtime_utc"":""2026-07-20T18:06:30.361+00:00"",""name"":""full_residual_fits"",""ok"":true,""path"":""/Users/zuha/Desktop/FKI/4 курс 2025-2026/course_work-SBF/runs/sbf3_go3055_go7763/products/IC_3381/F150W__F115W/5b6d675db010/jw07763-o043_t043_nircam_clear-f150w_i2d_03_остатки_общие.fits"",""relative_path"":""jw07763-o043_t043_nircam_clear-f150w_i2d_03_остатки_общие.fits"",""sha256"":""be1d2875db648dddad2d153620927920ee7a855a67c117e7a8e61e32d2a297bd"",""size_bytes"":173701440},{""exists"":true,""fits_valid"":true,""mtime_ns"":1784570790561986669,""mtime_utc"":""2026-07-20T18:06:30.561+00:00"",""name"":""working_residual_fits"",""ok"":true,""path"":""/Users/zuha/Desktop/FKI/4 курс 2025-2026/course_work-SBF/runs/sbf3_go3055_go7763/products/IC_3381/F150W__F115W/5b6d675db010/jw07763-o043_t043_nircam_clear-f150w_i2d_04_остатки_общие_рабочие.fits"",""relative_path"":""jw07763-o043_t043_nircam_clear-f150w_i2d_04_остатки_общие_рабочие.fits"",""sha256"":""0cec6151941dceaf496cbffd6489eede1dd4f0f3093d9ab50aaf3097ba05944a"",""size_bytes"":173701440},{""exists"":true,""fits_valid"":true,""mtime_ns"":1784573917870196100,""mtime_utc"":""2026-07-20T18:58:37.870+00:00"",""name"":""working_annuli_residual_fits"",""ok"":true,""path"":""/Users/zuha/Desktop/FKI/4 курс 2025-2026/course_work-SBF/runs/sbf3_go3055_go7763/products/IC_3381/F150W__F115W/5b6d675db010/jw07763-o043_t043_nircam_clear-f150w_i2d_05_остатки_общие_рабочие_два_кольца.fits"",""relative_path"":""jw07763-o043_t043_nircam_clear-f150w_i2d_05_остатки_общие_рабочие_два_кольца.fits"",""sha256"":""b37ec56f42dffc127c16de0ca424aabf0b594635c919272c51d20ad25db36b39"",""size_bytes"":173701440}],""target"":""IC 3381""}"
1641,run-20260720T164920Z-5f8824d560b3-6a51d38a,job-dfc9619f565c1f98bb05b4033c2b9153a19cf18fca952834515ff683a486838d,IC 3383,,1784573938.89114,INFO,JOB_STATE_CHANGED,,"{""from"":""PENDING"",""to"":""READY""}"
1642,run-20260720T164920Z-5f8824d560b3-6a51d38a,job-dfc9619f565c1f98bb05b4033c2b9153a19cf18fca952834515ff683a486838d,IC 3383,,1784573938.8944352,INFO,INPUT_READY_INITIAL,,"{""inputs"":{""color"":{""expected_size_bytes"":1216137600,""filter"":""F115W"",""final_exists"":true,""final_fits_error"":null,""final_path"":""/Users/zuha/Desktop/FKI/4 курс 2025-2026/course_work-SBF/data/IC 3383/jw07763-o072_t072_nircam_clear-f115w_i2d.fits"",""final_ready"":true,""final_size_bytes"":1216137600,""part_exists"":false,""part_metadata"":null,""part_metadata_error"":null,""part_path"":""/Users/zuha/Desktop/FKI/4 курс 2025-2026/course_work-SBF/data/IC 3383/jw07763-o072_t072_nircam_clear-f115w_i2d.fits.part"",""part_size_bytes"":0,""restart_part_exists"":false,""restart_part_path"":""/Users/zuha/Desktop/FKI/4 курс 2025-2026/course_work-SBF/data/IC 3383/jw07763-o072_t072_nircam_clear-f115w_i2d.fits.restart.part"",""restart_part_size_bytes"":0,""transfer_percent"":null},""signal"":{""expected_size_bytes"":1216258560,""filter"":""F150W"",""final_exists"":true,""final_fits_error"":null,""final_path"":""/Users/zuha/Desktop/FKI/4 курс 2025-2026/course_work-SBF/data/IC 3383/jw07763-o072_t072_nircam_clear-f150w_i2d.fits"",""final_ready"":true,""final_size_bytes"":1216258560,""part_exists"":false,""part_metadata"":null,""part_metadata_error"":null,""part_path"":""/Users/zuha/Desktop/FKI/4 курс 2025-2026/course_work-SBF/data/IC 3383/jw07763-o072_t072_nircam_clear-f150w_i2d.fits.part"",""part_size_bytes"":0,""restart_part_exists"":false,""restart_part_path"":""/Users/zuha/Desktop/FKI/4 курс 2025-2026/course_work-SBF/data/IC 3383/jw07763-o072_t072_nircam_clear-f150w_i2d.fits.restart.part"",""restart_part_size_bytes"":0,""transfer_percent"":null}},""program"":""7763"",""target"":""IC 3383""}"
1643,run-20260720T164920Z-5f8824d560b3-6a51d38a,job-dfc9619f565c1f98bb05b4033c2b9153a19cf18fca952834515ff683a486838d,IC 3383,,1784573938.9981692,INFO,WORKER_START_REQUESTED,,"{""color_path"":""/Users/zuha/Desktop/FKI/4 курс 2025-2026/course_work-SBF/data/IC 3383/jw07763-o072_t072_nircam_clear-f115w_i2d.fits"",""command"":[""/Users/zuha/Desktop/FKI/4 курс 2025-2026/course_work-SBF/astro_env/bin/python3"",""/Users/zuha/Desktop/FKI/4 курс 2025-2026/course_work-SBF/code/run_sbf_batch.py"",""--worker"",""--job-id"",""job-dfc9619f565c1f98bb05b4033c2b9153a19cf18fca952834515ff683a486838d"",""--galaxy"",""IC 3383"",""--signal"",""/Users/zuha/Desktop/FKI/4 курс 2025-2026/course_work-SBF/data/IC 3383/jw07763-o072_t072_nircam_clear-f150w_i2d.fits"",""--color"",""/Users/zuha/Desktop/FKI/4 курс 2025-2026/course_work-SBF/data/IC 3383/jw07763-o072_t072_nircam_clear-f115w_i2d.fits"",""--signal-filter"",""F150W"",""--color-filter"",""F115W"",""--template"",""/Users/zuha/Desktop/FKI/4 курс 2025-2026/course_work-SBF/code/sbf-3.ipynb"",""--batch-root"",""/Users/zuha/Desktop/FKI/4 курс 2025-2026/course_work-SBF/runs/sbf3_go3055_go7763/batch"",""--products-root"",""/Users/zuha/Desktop/FKI/4 курс 2025-2026/course_work-SBF/runs/sbf3_go3055_go7763/products""],""filters"":{""color"":""F115W"",""signal"":""F150W""},""program"":""7763"",""signal_path"":""/Users/zuha/Desktop/FKI/4 курс 2025-2026/course_work-SBF/data/IC 3383/jw07763-o072_t072_nircam_clear-f150w_i2d.fits"",""target"":""IC 3383""}"
1644,run-20260720T164920Z-5f8824d560b3-6a51d38a,job-dfc9619f565c1f98bb05b4033c2b9153a19cf18fca952834515ff683a486838d,IC 3383,,1784573938.998736,INFO,JOB_STATE_CHANGED,,"{""from"":""READY"",""to"":""RUNNING""}"
1645,run-20260720T164920Z-5f8824d560b3-6a51d38a,job-dfc9619f565c1f98bb05b4033c2b9153a19cf18fca952834515ff683a486838d,IC 3383,116,1784573939.003266,INFO,ATTEMPT_STARTED,,"{""attempt_no"":1,""pid"":29049}"
1646,run-20260720T164920Z-5f8824d560b3-6a51d38a,job-dfc9619f565c1f98bb05b4033c2b9153a19cf18fca952834515ff683a486838d,IC 3383,116,1784574089.050955,INFO,WORKER_SUPERVISION_ENDED,,"{""completed"":true,""detail"":null,""duration_seconds"":150.04171591700288,""ended_monotonic"":428879.73032375,""last_sample"":{""available_ram_bytes"":11872026624,""collector"":""psutil"",""disk"":{""free_bytes"":154544066560,""free_gib"":143.93037796020508,""path"":""/Users/zuha/Desktop/FKI/4 курс 2025-2026/course_work-SBF/data"",""total_bytes"":994662584320,""total_gib"":926.3517189025879,""used_bytes"":840118517760,""used_gib"":782.4213409423828},""disk_free_bytes"":154544066560,""monotonic"":428849.720076625,""pid"":29049,""swap"":{""free_bytes"":1388838912,""free_gib"":1.29345703125,""percent"":87.1,""total_bytes"":10737418240,""total_gib"":10.0,""used_bytes"":9348579328,""used_gib"":8.70654296875},""swap_used_bytes"":9348579328,""system_ram"":{""available_bytes"":11872026624,""available_gib"":11.056686401367188,""percent"":65.4,""total_bytes"":34359738368,""total_gib"":32.0,""used_bytes"":13041123328,""used_gib"":12.145492553710938},""timestamp_utc"":""2026-07-20T19:00:59.035+00:00"",""worker"":{""child_count"":1,""children_rss_bytes"":14843904,""children_rss_gib"":0.013824462890625,""pid"":29049,""rss_bytes"":7256195072,""rss_gib"":6.7578582763671875,""status"":""sleeping"",""total_rss_bytes"":7271038976,""total_rss_gib"":6.7716827392578125},""worker_children_rss_bytes"":14843904,""worker_rss_bytes"":7256195072,""worker_total_rss_bytes"":7271038976},""ok"":false,""reason"":""completed"",""returncode"":1,""sample_count"":5,""signal_name"":null,""started_monotonic"":428729.688607833,""termination"":null}"
1647,run-20260720T164920Z-5f8824d560b3-6a51d38a,job-dfc9619f565c1f98bb05b4033c2b9153a19cf18fca952834515ff683a486838d,IC 3383,116,1784574089.0556889,ERROR,ATTEMPT_ENDED,worker exited 1; required artifacts are absent or invalid,"{""exit_code"":1,""state"":""FAILED""}"
1648,run-20260720T164920Z-5f8824d560b3-6a51d38a,job-dfc9619f565c1f98bb05b4033c2b9153a19cf18fca952834515ff683a486838d,IC 3383,,1784574089.0597372,INFO,JOB_STATE_CHANGED,worker exited 1; required artifacts are absent or invalid,"{""from"":""RUNNING"",""to"":""RETRY_WAIT""}"
1649,run-20260720T164920Z-5f8824d560b3-6a51d38a,job-b1e48d7d87779d4d15d263f3e6391b739b7f47c9d80d2b2ff8a443e22005a0b8,IC 3388,,1784574089.102617,INFO,JOB_STATE_CHANGED,,"{""from"":""PENDING"",""to"":""READY""}"
1650,run-20260720T164920Z-5f8824d560b3-6a51d38a,job-b1e48d7d87779d4d15d263f3e6391b739b7f47c9d80d2b2ff8a443e22005a0b8,IC 3388,,1784574089.106633,INFO,INPUT_READY_INITIAL,,"{""inputs"":{""color"":{""expected_size_bytes"":1216137600,""filter"":""F115W"",""final_exists"":true,""final_fits_error"":null,""final_path"":""/Users/zuha/Desktop/FKI/4 курс 2025-2026/course_work-SBF/data/IC 3388/jw07763-o070_t070_nircam_clear-f115w_i2d.fits"",""final_ready"":true,""final_size_bytes"":1216137600,""part_exists"":false,""part_metadata"":null,""part_metadata_error"":null,""part_path"":""/Users/zuha/Desktop/FKI/4 курс 2025-2026/course_work-SBF/data/IC 3388/jw07763-o070_t070_nircam_clear-f115w_i2d.fits.part"",""part_size_bytes"":0,""restart_part_exists"":false,""restart_part_path"":""/Users/zuha/Desktop/FKI/4 курс 2025-2026/course_work-SBF/data/IC 3388/jw07763-o070_t070_nircam_clear-f115w_i2d.fits.restart.part"",""restart_part_size_bytes"":0,""transfer_percent"":null},""signal"":{""expected_size_bytes"":1216137600,""filter"":""F150W"",""final_exists"":true,""final_fits_error"":null,""final_path"":""/Users/zuha/Desktop/FKI/4 курс 2025-2026/course_work-SBF/data/IC 3388/jw07763-o070_t070_nircam_clear-f150w_i2d.fits"",""final_ready"":true,""final_size_bytes"":1216137600,""part_exists"":false,""part_metadata"":null,""part_metadata_error"":null,""part_path"":""/Users/zuha/Desktop/FKI/4 курс 2025-2026/course_work-SBF/data/IC 3388/jw07763-o070_t070_nircam_clear-f150w_i2d.fits.part"",""part_size_bytes"":0,""restart_part_exists"":false,""restart_part_path"":""/Users/zuha/Desktop/FKI/4 курс 2025-2026/course_work-SBF/data/IC 3388/jw07763-o070_t070_nircam_clear-f150w_i2d.fits.restart.part"",""restart_part_size_bytes"":0,""transfer_percent"":null}},""program"":""7763"",""target"":""IC 3388""}"
1651,run-20260720T164920Z-5f8824d560b3-6a51d38a,job-b1e48d7d87779d4d15d263f3e6391b739b7f47c9d80d2b2ff8a443e22005a0b8,IC 3388,,1784574089.178321,INFO,WORKER_START_REQUESTED,,"{""color_path"":""/Users/zuha/Desktop/FKI/4 курс 2025-2026/course_work-SBF/data/IC 3388/jw07763-o070_t070_nircam_clear-f115w_i2d.fits"",""command"":[""/Users/zuha/Desktop/FKI/4 курс 2025-2026/course_work-SBF/astro_env/bin/python3"",""/Users/zuha/Desktop/FKI/4 курс 2025-2026/course_work-SBF/code/run_sbf_batch.py"",""--worker"",""--job-id"",""job-b1e48d7d87779d4d15d263f3e6391b739b7f47c9d80d2b2ff8a443e22005a0b8"",""--galaxy"",""IC 3388"",""--signal"",""/Users/zuha/Desktop/FKI/4 курс 2025-2026/course_work-SBF/data/IC 3388/jw07763-o070_t070_nircam_clear-f150w_i2d.fits"",""--color"",""/Users/zuha/Desktop/FKI/4 курс 2025-2026/course_work-SBF/data/IC 3388/jw07763-o070_t070_nircam_clear-f115w_i2d.fits"",""--signal-filter"",""F150W"",""--color-filter"",""F115W"",""--template"",""/Users/zuha/Desktop/FKI/4 курс 2025-2026/course_work-SBF/code/sbf-3.ipynb"",""--batch-root"",""/Users/zuha/Desktop/FKI/4 курс 2025-2026/course_work-SBF/runs/sbf3_go3055_go7763/batch"",""--products-root"",""/Users/zuha/Desktop/FKI/4 курс 2025-2026/course_work-SBF/runs/sbf3_go3055_go7763/products""],""filters"":{""color"":""F115W"",""signal"":""F150W""},""program"":""7763"",""signal_path"":""/Users/zuha/Desktop/FKI/4 курс 2025-2026/course_work-SBF/data/IC 3388/jw07763-o070_t070_nircam_clear-f150w_i2d.fits"",""target"":""IC 3388""}"
1652,run-20260720T164920Z-5f8824d560b3-6a51d38a,job-b1e48d7d87779d4d15d263f3e6391b739b7f47c9d80d2b2ff8a443e22005a0b8,IC 3388,,1784574089.178862,INFO,JOB_STATE_CHANGED,,"{""from"":""READY"",""to"":""RUNNING""}"
1653,run-20260720T164920Z-5f8824d560b3-6a51d38a,job-b1e48d7d87779d4d15d263f3e6391b739b7f47c9d80d2b2ff8a443e22005a0b8,IC 3388,117,1784574089.182515,INFO,ATTEMPT_STARTED,,"{""attempt_no"":1,""pid"":30041}"
1654,run-20260720T164920Z-5f8824d560b3-6a51d38a,job-b1e48d7d87779d4d15d263f3e6391b739b7f47c9d80d2b2ff8a443e22005a0b8,IC 3388,117,1784574209.2217321,INFO,WORKER_SUPERVISION_ENDED,,"{""completed"":true,""detail"":null,""duration_seconds"":120.03267437499017,""ended_monotonic"":428999.900857083,""last_sample"":{""available_ram_bytes"":11341971456,""collector"":""psutil"",""disk"":{""free_bytes"":155150864384,""free_gib"":144.49550247192383,""path"":""/Users/zuha/Desktop/FKI/4 курс 2025-2026/course_work-SBF/data"",""total_bytes"":994662584320,""total_gib"":926.3517189025879,""used_bytes"":839511719936,""used_gib"":781.8562164306641},""disk_free_bytes"":155150864384,""monotonic"":428969.890620458,""pid"":30041,""swap"":{""free_bytes"":1388838912,""free_gib"":1.29345703125,""percent"":87.1,""total_bytes"":10737418240,""total_gib"":10.0,""used_bytes"":9348579328,""used_gib"":8.70654296875},""swap_used_bytes"":9348579328,""system_ram"":{""available_bytes"":11341971456,""available_gib"":10.563034057617188,""percent"":67.0,""total_bytes"":34359738368,""total_gib"":32.0,""used_bytes"":13900169216,""used_gib"":12.945541381835938},""timestamp_utc"":""2026-07-20T19:02:59.205+00:00"",""worker"":{""child_count"":9,""children_rss_bytes"":1386774528,""children_rss_gib"":1.291534423828125,""pid"":30041,""rss_bytes"":5973835776,""rss_gib"":5.563568115234375,""status"":""sleeping"",""total_rss_bytes"":7360610304,""total_rss_gib"":6.8551025390625},""worker_children_rss_bytes"":1386774528,""worker_rss_bytes"":5973835776,""worker_total_rss_bytes"":7360610304},""ok"":false,""reason"":""completed"",""returncode"":1,""sample_count"":4,""signal_name"":null,""started_monotonic"":428879.868182708,""termination"":null}"
1655,run-20260720T164920Z-5f8824d560b3-6a51d38a,job-b1e48d7d87779d4d15d263f3e6391b739b7f47c9d80d2b2ff8a443e22005a0b8,IC 3388,117,1784574209.2268171,ERROR,ATTEMPT_ENDED,worker exited 1; required artifacts are absent or invalid,"{""exit_code"":1,""state"":""FAILED""}"
1656,run-20260720T164920Z-5f8824d560b3-6a51d38a,job-b1e48d7d87779d4d15d263f3e6391b739b7f47c9d80d2b2ff8a443e22005a0b8,IC 3388,,1784574209.2311249,INFO,JOB_STATE_CHANGED,worker exited 1; required artifacts are absent or invalid,"{""from"":""RUNNING"",""to"":""RETRY_WAIT""}"
1657,run-20260720T164920Z-5f8824d560b3-6a51d38a,job-6391437cae2b14b2dde7c0f79e44313407e273f34e9d972b6345e0c6396fdf62,IC 3393,,1784574209.274716,INFO,JOB_STATE_CHANGED,,"{""from"":""PENDING"",""to"":""READY""}"
1658,run-20260720T164920Z-5f8824d560b3-6a51d38a,job-6391437cae2b14b2dde7c0f79e44313407e273f34e9d972b6345e0c6396fdf62,IC 3393,,1784574209.278612,INFO,INPUT_READY_INITIAL,,"{""inputs"":{""color"":{""expected_size_bytes"":1216258560,""filter"":""F115W"",""final_exists"":true,""final_fits_error"":null,""final_path"":""/Users/zuha/Desktop/FKI/4 курс 2025-2026/course_work-SBF/data/IC 3393/jw07763-o058_t058_nircam_clear-f115w_i2d.fits"",""final_ready"":true,""final_size_bytes"":1216258560,""part_exists"":false,""part_metadata"":null,""part_metadata_error"":null,""part_path"":""/Users/zuha/Desktop/FKI/4 курс 2025-2026/course_work-SBF/data/IC 3393/jw07763-o058_t058_nircam_clear-f115w_i2d.fits.part"",""part_size_bytes"":0,""restart_part_exists"":false,""restart_part_path"":""/Users/zuha/Desktop/FKI/4 курс 2025-2026/course_work-SBF/data/IC 3393/jw07763-o058_t058_nircam_clear-f115w_i2d.fits.restart.part"",""restart_part_size_bytes"":0,""transfer_percent"":null},""signal"":{""expected_size_bytes"":1216137600,""filter"":""F150W"",""final_exists"":true,""final_fits_error"":null,""final_path"":""/Users/zuha/Desktop/FKI/4 курс 2025-2026/course_work-SBF/data/IC 3393/jw07763-o058_t058_nircam_clear-f150w_i2d.fits"",""final_ready"":true,""final_size_bytes"":1216137600,""part_exists"":false,""part_metadata"":null,""part_metadata_error"":null,""part_path"":""/Users/zuha/Desktop/FKI/4 курс 2025-2026/course_work-SBF/data/IC 3393/jw07763-o058_t058_nircam_clear-f150w_i2d.fits.part"",""part_size_bytes"":0,""restart_part_exists"":false,""restart_part_path"":""/Users/zuha/Desktop/FKI/4 курс 2025-2026/course_work-SBF/data/IC 3393/jw07763-o058_t058_nircam_clear-f150w_i2d.fits.restart.part"",""restart_part_size_bytes"":0,""transfer_percent"":null}},""program"":""7763"",""target"":""IC 3393""}"
1659,run-20260720T164920Z-5f8824d560b3-6a51d38a,job-6391437cae2b14b2dde7c0f79e44313407e273f34e9d972b6345e0c6396fdf62,IC 3393,,1784574209.387556,INFO,WORKER_START_REQUESTED,,"{""color_path"":""/Users/zuha/Desktop/FKI/4 курс 2025-2026/course_work-SBF/data/IC 3393/jw07763-o058_t058_nircam_clear-f115w_i2d.fits"",""command"":[""/Users/zuha/Desktop/FKI/4 курс 2025-2026/course_work-SBF/astro_env/bin/python3"",""/Users/zuha/Desktop/FKI/4 курс 2025-2026/course_work-SBF/code/run_sbf_batch.py"",""--worker"",""--job-id"",""job-6391437cae2b14b2dde7c0f79e44313407e273f34e9d972b6345e0c6396fdf62"",""--galaxy"",""IC 3393"",""--signal"",""/Users/zuha/Desktop/FKI/4 курс 2025-2026/course_work-SBF/data/IC 3393/jw07763-o058_t058_nircam_clear-f150w_i2d.fits"",""--color"",""/Users/zuha/Desktop/FKI/4 курс 2025-2026/course_work-SBF/data/IC 3393/jw07763-o058_t058_nircam_clear-f115w_i2d.fits"",""--signal-filter"",""F150W"",""--color-filter"",""F115W"",""--template"",""/Users/zuha/Desktop/FKI/4 курс 2025-2026/course_work-SBF/code/sbf-3.ipynb"",""--batch-root"",""/Users/zuha/Desktop/FKI/4 курс 2025-2026/course_work-SBF/runs/sbf3_go3055_go7763/batch"",""--products-root"",""/Users/zuha/Desktop/FKI/4 курс 2025-2026/course_work-SBF/runs/sbf3_go3055_go7763/products""],""filters"":{""color"":""F115W"",""signal"":""F150W""},""program"":""7763"",""signal_path"":""/Users/zuha/Desktop/FKI/4 курс 2025-2026/course_work-SBF/data/IC 3393/jw07763-o058_t058_nircam_clear-f150w_i2d.fits"",""target"":""IC 3393""}"
1660,run-20260720T164920Z-5f8824d560b3-6a51d38a,job-6391437cae2b14b2dde7c0f79e44313407e273f34e9d972b6345e0c6396fdf62,IC 3393,,1784574209.3880692,INFO,JOB_STATE_CHANGED,,"{""from"":""READY"",""to"":""RUNNING""}"
1661,run-20260720T164920Z-5f8824d560b3-6a51d38a,job-6391437cae2b14b2dde7c0f79e44313407e273f34e9d972b6345e0c6396fdf62,IC 3393,118,1784574209.392031,INFO,ATTEMPT_STARTED,,"{""attempt_no"":1,""pid"":30841}"
1662,run-20260720T164920Z-5f8824d560b3-6a51d38a,job-6391437cae2b14b2dde7c0f79e44313407e273f34e9d972b6345e0c6396fdf62,IC 3393,118,1784577870.272937,INFO,WORKER_SUPERVISION_ENDED,,"{""completed"":true,""detail"":null,""duration_seconds"":3661.0020862919628,""ended_monotonic"":432661.080369583,""last_sample"":{""available_ram_bytes"":9249488896,""collector"":""psutil"",""disk"":{""free_bytes"":153045524480,""free_gib"":142.53475189208984,""path"":""/Users/zuha/Desktop/FKI/4 курс 2025-2026/course_work-SBF/data"",""total_bytes"":994662584320,""total_gib"":926.3517189025879,""used_bytes"":841617059840,""used_gib"":783.816967010498},""disk_free_bytes"":153045524480,""monotonic"":432631.070139125,""pid"":30841,""swap"":{""free_bytes"":1158676480,""free_gib"":1.0791015625,""percent"":89.2,""total_bytes"":10737418240,""total_gib"":10.0,""used_bytes"":9578741760,""used_gib"":8.9208984375},""swap_used_bytes"":9578741760,""system_ram"":{""available_bytes"":9249488896,""available_gib"":8.6142578125,""percent"":73.1,""total_bytes"":34359738368,""total_gib"":32.0,""used_bytes"":9824518144,""used_gib"":9.149795532226562},""timestamp_utc"":""2026-07-20T20:04:00.255+00:00"",""worker"":{""child_count"":1,""children_rss_bytes"":5439488,""children_rss_gib"":0.00506591796875,""pid"":30841,""rss_bytes"":5316755456,""rss_gib"":4.9516143798828125,""status"":""sleeping"",""total_rss_bytes"":5322194944,""total_rss_gib"":4.9566802978515625},""worker_children_rss_bytes"":5439488,""worker_rss_bytes"":5316755456,""worker_total_rss_bytes"":5322194944},""ok"":true,""reason"":""completed"",""returncode"":0,""sample_count"":122,""signal_name"":null,""started_monotonic"":429000.078283291,""termination"":null}"
1663,run-20260720T164920Z-5f8824d560b3-6a51d38a,job-6391437cae2b14b2dde7c0f79e44313407e273f34e9d972b6345e0c6396fdf62,IC 3393,,1784577870.732845,INFO,JOB_STATE_CHANGED,,"{""from"":""RUNNING"",""to"":""VERIFYING""}"
1664,run-20260720T164920Z-5f8824d560b3-6a51d38a,job-6391437cae2b14b2dde7c0f79e44313407e273f34e9d972b6345e0c6396fdf62,IC 3393,118,1784577870.735522,INFO,ARTIFACT_RECORDED,,"{""artifact_id"":111,""kind"":""clean_model_fits"",""path"":""/Users/zuha/Desktop/FKI/4 курс 2025-2026/course_work-SBF/runs/sbf3_go3055_go7763/products/IC_3393/F150W__F115W/6391437cae2b/jw07763-o058_t058_nircam_clear-f150w_i2d_01_модель_чистая.fits"",""verified"":true}"
1665,run-20260720T164920Z-5f8824d560b3-6a51d38a,job-6391437cae2b14b2dde7c0f79e44313407e273f34e9d972b6345e0c6396fdf62,IC 3393,118,1784577870.7374332,INFO,ARTIFACT_RECORDED,,"{""artifact_id"":112,""kind"":""clean_isophotes_fits"",""path"":""/Users/zuha/Desktop/FKI/4 курс 2025-2026/course_work-SBF/runs/sbf3_go3055_go7763/products/IC_3393/F150W__F115W/6391437cae2b/jw07763-o058_t058_nircam_clear-f150w_i2d_02_изофоты_чистые.fits"",""verified"":true}"
1666,run-20260720T164920Z-5f8824d560b3-6a51d38a,job-6391437cae2b14b2dde7c0f79e44313407e273f34e9d972b6345e0c6396fdf62,IC 3393,118,1784577870.738674,INFO,ARTIFACT_RECORDED,,"{""artifact_id"":113,""kind"":""full_residual_fits"",""path"":""/Users/zuha/Desktop/FKI/4 курс 2025-2026/course_work-SBF/runs/sbf3_go3055_go7763/products/IC_3393/F150W__F115W/6391437cae2b/jw07763-o058_t058_nircam_clear-f150w_i2d_03_остатки_общие.fits"",""verified"":true}"
1667,run-20260720T164920Z-5f8824d560b3-6a51d38a,job-6391437cae2b14b2dde7c0f79e44313407e273f34e9d972b6345e0c6396fdf62,IC 3393,118,1784577870.7396932,INFO,ARTIFACT_RECORDED,,"{""artifact_id"":114,""kind"":""working_residual_fits"",""path"":""/Users/zuha/Desktop/FKI/4 курс 2025-2026/course_work-SBF/runs/sbf3_go3055_go7763/products/IC_3393/F150W__F115W/6391437cae2b/jw07763-o058_t058_nircam_clear-f150w_i2d_04_остатки_общие_рабочие.fits"",""verified"":true}"
1668,run-20260720T164920Z-5f8824d560b3-6a51d38a,job-6391437cae2b14b2dde7c0f79e44313407e273f34e9d972b6345e0c6396fdf62,IC 3393,118,1784577870.740639,INFO,ARTIFACT_RECORDED,,"{""artifact_id"":115,""kind"":""working_annuli_residual_fits"",""path"":""/Users/zuha/Desktop/FKI/4 курс 2025-2026/course_work-SBF/runs/sbf3_go3055_go7763/products/IC_3393/F150W__F115W/6391437cae2b/jw07763-o058_t058_nircam_clear-f150w_i2d_05_остатки_общие_рабочие_два_кольца.fits"",""verified"":true}"
1669,run-20260720T164920Z-5f8824d560b3-6a51d38a,job-6391437cae2b14b2dde7c0f79e44313407e273f34e9d972b6345e0c6396fdf62,IC 3393,118,1784577870.741894,INFO,ATTEMPT_ENDED,,"{""exit_code"":0,""state"":""SUCCEEDED""}"
1670,run-20260720T164920Z-5f8824d560b3-6a51d38a,job-6391437cae2b14b2dde7c0f79e44313407e273f34e9d972b6345e0c6396fdf62,IC 3393,,1784577870.742656,INFO,JOB_STATE_CHANGED,,"{""from"":""VERIFYING"",""to"":""SUCCEEDED""}"
1671,run-20260720T164920Z-5f8824d560b3-6a51d38a,job-6391437cae2b14b2dde7c0f79e44313407e273f34e9d972b6345e0c6396fdf62,IC 3393,118,1784577870.74509,INFO,ARTIFACTS_VERIFIED,,"{""artifact_count"":5,""artifact_manifest_path"":""/Users/zuha/Desktop/FKI/4 курс 2025-2026/course_work-SBF/runs/sbf3_go3055_go7763/batch/artifact_manifests/IC_3393__F150W__F115W__6391437cae2b_result_artifacts.json"",""artifacts"":[{""exists"":true,""fits_valid"":true,""mtime_ns"":1784574709600285875,""mtime_utc"":""2026-07-20T19:11:49.600+00:00"",""name"":""clean_model_fits"",""ok"":true,""path"":""/Users/zuha/Desktop/FKI/4 курс 2025-2026/course_work-SBF/runs/sbf3_go3055_go7763/products/IC_3393/F150W__F115W/6391437cae2b/jw07763-o058_t058_nircam_clear-f150w_i2d_01_модель_чистая.fits"",""relative_path"":""jw07763-o058_t058_nircam_clear-f150w_i2d_01_модель_чистая.fits"",""sha256"":""624848b8776a41edaa147773853b7cb5ec20f8acd53fb7658d93e212badf9dba"",""size_bytes"":173701440},{""exists"":true,""fits_valid"":true,""mtime_ns"":1784574709721996848,""mtime_utc"":""2026-07-20T19:11:49.721+00:00"",""name"":""clean_isophotes_fits"",""ok"":true,""path"":""/Users/zuha/Desktop/FKI/4 курс 2025-2026/course_work-SBF/runs/sbf3_go3055_go7763/products/IC_3393/F150W__F115W/6391437cae2b/jw07763-o058_t058_nircam_clear-f150w_i2d_02_изофоты_чистые.fits"",""relative_path"":""jw07763-o058_t058_nircam_clear-f150w_i2d_02_изофоты_чистые.fits"",""sha256"":""ab497c4c5c2fb1fc4c8847b292a9e4795e524dd18fc4f4b21e557d08c88a17c9"",""size_bytes"":173701440},{""exists"":true,""fits_valid"":true,""mtime_ns"":1784574709838906385,""mtime_utc"":""2026-07-20T19:11:49.838+00:00"",""name"":""full_residual_fits"",""ok"":true,""path"":""/Users/zuha/Desktop/FKI/4 курс 2025-2026/course_work-SBF/runs/sbf3_go3055_go7763/products/IC_3393/F150W__F115W/6391437cae2b/jw07763-o058_t058_nircam_clear-f150w_i2d_03_остатки_общие.fits"",""relative_path"":""jw07763-o058_t058_nircam_clear-f150w_i2d_03_остатки_общие.fits"",""sha256"":""73641da864d6c6eea4d540b56955bb36edc75c97f61973df60dcd4b3d11b5e23"",""size_bytes"":173701440},{""exists"":true,""fits_valid"":true,""mtime_ns"":1784574710055719207,""mtime_utc"":""2026-07-20T19:11:50.055+00:00"",""name"":""working_residual_fits"",""ok"":true,""path"":""/Users/zuha/Desktop/FKI/4 курс 2025-2026/course_work-SBF/runs/sbf3_go3055_go7763/products/IC_3393/F150W__F115W/6391437cae2b/jw07763-o058_t058_nircam_clear-f150w_i2d_04_остатки_общие_рабочие.fits"",""relative_path"":""jw07763-o058_t058_nircam_clear-f150w_i2d_04_остатки_общие_рабочие.fits"",""sha256"":""3f8ad946f5b6af14f215c946f4315a8be7cb25e4c70f7297f050bb958b237397"",""size_bytes"":173701440},{""exists"":true,""fits_valid"":true,""mtime_ns"":1784577841595234449,""mtime_utc"":""2026-07-20T20:04:01.595+00:00"",""name"":""working_annuli_residual_fits"",""ok"":true,""path"":""/Users/zuha/Desktop/FKI/4 курс 2025-2026/course_work-SBF/runs/sbf3_go3055_go7763/products/IC_3393/F150W__F115W/6391437cae2b/jw07763-o058_t058_nircam_clear-f150w_i2d_05_остатки_общие_рабочие_два_кольца.fits"",""relative_path"":""jw07763-o058_t058_nircam_clear-f150w_i2d_05_остатки_общие_рабочие_два_кольца.fits"",""sha256"":""b5b12ccb163fd6ecc49367dfd3afc9f1021f9f081a04a82a2bb9909b41e3b4b2"",""size_bytes"":173701440}],""target"":""IC 3393""}"
1672,run-20260720T164920Z-5f8824d560b3-6a51d38a,job-2e91649b320028a6597d5347ace16b3461bd0055fdf7d3adab968fcf50af5bea,IC 3437,,1784577870.7803981,INFO,JOB_STATE_CHANGED,,"{""from"":""PENDING"",""to"":""READY""}"
1673,run-20260720T164920Z-5f8824d560b3-6a51d38a,job-2e91649b320028a6597d5347ace16b3461bd0055fdf7d3adab968fcf50af5bea,IC 3437,,1784577870.783932,INFO,INPUT_READY_INITIAL,,"{""inputs"":{""color"":{""expected_size_bytes"":1215976320,""filter"":""F115W"",""final_exists"":true,""final_fits_error"":null,""final_path"":""/Users/zuha/Desktop/FKI/4 курс 2025-2026/course_work-SBF/data/IC 3437/jw07763-o075_t075_nircam_clear-f115w_i2d.fits"",""final_ready"":true,""final_size_bytes"":1215976320,""part_exists"":false,""part_metadata"":null,""part_metadata_error"":null,""part_path"":""/Users/zuha/Desktop/FKI/4 курс 2025-2026/course_work-SBF/data/IC 3437/jw07763-o075_t075_nircam_clear-f115w_i2d.fits.part"",""part_size_bytes"":0,""restart_part_exists"":false,""restart_part_path"":""/Users/zuha/Desktop/FKI/4 курс 2025-2026/course_work-SBF/data/IC 3437/jw07763-o075_t075_nircam_clear-f115w_i2d.fits.restart.part"",""restart_part_size_bytes"":0,""transfer_percent"":null},""signal"":{""expected_size_bytes"":1216137600,""filter"":""F150W"",""final_exists"":true,""final_fits_error"":null,""final_path"":""/Users/zuha/Desktop/FKI/4 курс 2025-2026/course_work-SBF/data/IC 3437/jw07763-o075_t075_nircam_clear-f150w_i2d.fits"",""final_ready"":true,""final_size_bytes"":1216137600,""part_exists"":false,""part_metadata"":null,""part_metadata_error"":null,""part_path"":""/Users/zuha/Desktop/FKI/4 курс 2025-2026/course_work-SBF/data/IC 3437/jw07763-o075_t075_nircam_clear-f150w_i2d.fits.part"",""part_size_bytes"":0,""restart_part_exists"":false,""restart_part_path"":""/Users/zuha/Desktop/FKI/4 курс 2025-2026/course_work-SBF/data/IC 3437/jw07763-o075_t075_nircam_clear-f150w_i2d.fits.restart.part"",""restart_part_size_bytes"":0,""transfer_percent"":null}},""program"":""7763"",""target"":""IC 3437""}"
1674,run-20260720T164920Z-5f8824d560b3-6a51d38a,job-2e91649b320028a6597d5347ace16b3461bd0055fdf7d3adab968fcf50af5bea,IC 3437,,1784577870.895057,INFO,WORKER_START_REQUESTED,,"{""color_path"":""/Users/zuha/Desktop/FKI/4 курс 2025-2026/course_work-SBF/data/IC 3437/jw07763-o075_t075_nircam_clear-f115w_i2d.fits"",""command"":[""/Users/zuha/Desktop/FKI/4 курс 2025-2026/course_work-SBF/astro_env/bin/python3"",""/Users/zuha/Desktop/FKI/4 курс 2025-2026/course_work-SBF/code/run_sbf_batch.py"",""--worker"",""--job-id"",""job-2e91649b320028a6597d5347ace16b3461bd0055fdf7d3adab968fcf50af5bea"",""--galaxy"",""IC 3437"",""--signal"",""/Users/zuha/Desktop/FKI/4 курс 2025-2026/course_work-SBF/data/IC 3437/jw07763-o075_t075_nircam_clear-f150w_i2d.fits"",""--color"",""/Users/zuha/Desktop/FKI/4 курс 2025-2026/course_work-SBF/data/IC 3437/jw07763-o075_t075_nircam_clear-f115w_i2d.fits"",""--signal-filter"",""F150W"",""--color-filter"",""F115W"",""--template"",""/Users/zuha/Desktop/FKI/4 курс 2025-2026/course_work-SBF/code/sbf-3.ipynb"",""--batch-root"",""/Users/zuha/Desktop/FKI/4 курс 2025-2026/course_work-SBF/runs/sbf3_go3055_go7763/batch"",""--products-root"",""/Users/zuha/Desktop/FKI/4 курс 2025-2026/course_work-SBF/runs/sbf3_go3055_go7763/products""],""filters"":{""color"":""F115W"",""signal"":""F150W""},""program"":""7763"",""signal_path"":""/Users/zuha/Desktop/FKI/4 курс 2025-2026/course_work-SBF/data/IC 3437/jw07763-o075_t075_nircam_clear-f150w_i2d.fits"",""target"":""IC 3437""}"
1675,run-20260720T164920Z-5f8824d560b3-6a51d38a,job-2e91649b320028a6597d5347ace16b3461bd0055fdf7d3adab968fcf50af5bea,IC 3437,,1784577870.895519,INFO,JOB_STATE_CHANGED,,"{""from"":""READY"",""to"":""RUNNING""}"
1676,run-20260720T164920Z-5f8824d560b3-6a51d38a,job-2e91649b320028a6597d5347ace16b3461bd0055fdf7d3adab968fcf50af5bea,IC 3437,119,1784577870.899308,INFO,ATTEMPT_STARTED,,"{""attempt_no"":1,""pid"":59945}"
1677,run-20260720T164920Z-5f8824d560b3-6a51d38a,job-2e91649b320028a6597d5347ace16b3461bd0055fdf7d3adab968fcf50af5bea,IC 3437,119,1784581231.835892,INFO,WORKER_SUPERVISION_ENDED,,"{""completed"":true,""detail"":null,""duration_seconds"":3360.9723062499543,""ended_monotonic"":436022.687841083,""last_sample"":{""available_ram_bytes"":8943910912,""collector"":""psutil"",""disk"":{""free_bytes"":150391955456,""free_gib"":140.06342315673828,""path"":""/Users/zuha/Desktop/FKI/4 курс 2025-2026/course_work-SBF/data"",""total_bytes"":994662584320,""total_gib"":926.3517189025879,""used_bytes"":844270628864,""used_gib"":786.2882957458496},""disk_free_bytes"":150391955456,""monotonic"":435992.677718291,""pid"":59945,""swap"":{""free_bytes"":1192230912,""free_gib"":1.1103515625,""percent"":88.9,""total_bytes"":10737418240,""total_gib"":10.0,""used_bytes"":9545187328,""used_gib"":8.8896484375},""swap_used_bytes"":9545187328,""system_ram"":{""available_bytes"":8943910912,""available_gib"":8.329666137695312,""percent"":74.0,""total_bytes"":34359738368,""total_gib"":32.0,""used_bytes"":10135617536,""used_gib"":9.439529418945312},""timestamp_utc"":""2026-07-20T21:00:01.817+00:00"",""worker"":{""child_count"":1,""children_rss_bytes"":5439488,""children_rss_gib"":0.00506591796875,""pid"":59945,""rss_bytes"":5364449280,""rss_gib"":4.99603271484375,""status"":""sleeping"",""total_rss_bytes"":5369888768,""total_rss_gib"":5.0010986328125},""worker_children_rss_bytes"":5439488,""worker_rss_bytes"":5364449280,""worker_total_rss_bytes"":5369888768},""ok"":true,""reason"":""completed"",""returncode"":0,""sample_count"":112,""signal_name"":null,""started_monotonic"":432661.715534833,""termination"":null}"
1678,run-20260720T164920Z-5f8824d560b3-6a51d38a,job-2e91649b320028a6597d5347ace16b3461bd0055fdf7d3adab968fcf50af5bea,IC 3437,,1784581232.286291,INFO,JOB_STATE_CHANGED,,"{""from"":""RUNNING"",""to"":""VERIFYING""}"
1679,run-20260720T164920Z-5f8824d560b3-6a51d38a,job-2e91649b320028a6597d5347ace16b3461bd0055fdf7d3adab968fcf50af5bea,IC 3437,119,1784581232.288953,INFO,ARTIFACT_RECORDED,,"{""artifact_id"":116,""kind"":""clean_model_fits"",""path"":""/Users/zuha/Desktop/FKI/4 курс 2025-2026/course_work-SBF/runs/sbf3_go3055_go7763/products/IC_3437/F150W__F115W/2e91649b3200/jw07763-o075_t075_nircam_clear-f150w_i2d_01_модель_чистая.fits"",""verified"":true}"
1680,run-20260720T164920Z-5f8824d560b3-6a51d38a,job-2e91649b320028a6597d5347ace16b3461bd0055fdf7d3adab968fcf50af5bea,IC 3437,119,1784581232.290524,INFO,ARTIFACT_RECORDED,,"{""artifact_id"":117,""kind"":""clean_isophotes_fits"",""path"":""/Users/zuha/Desktop/FKI/4 курс 2025-2026/course_work-SBF/runs/sbf3_go3055_go7763/products/IC_3437/F150W__F115W/2e91649b3200/jw07763-o075_t075_nircam_clear-f150w_i2d_02_изофоты_чистые.fits"",""verified"":true}"
1681,run-20260720T164920Z-5f8824d560b3-6a51d38a,job-2e91649b320028a6597d5347ace16b3461bd0055fdf7d3adab968fcf50af5bea,IC 3437,119,1784581232.291915,INFO,ARTIFACT_RECORDED,,"{""artifact_id"":118,""kind"":""full_residual_fits"",""path"":""/Users/zuha/Desktop/FKI/4 курс 2025-2026/course_work-SBF/runs/sbf3_go3055_go7763/products/IC_3437/F150W__F115W/2e91649b3200/jw07763-o075_t075_nircam_clear-f150w_i2d_03_остатки_общие.fits"",""verified"":true}"
1682,run-20260720T164920Z-5f8824d560b3-6a51d38a,job-2e91649b320028a6597d5347ace16b3461bd0055fdf7d3adab968fcf50af5bea,IC 3437,119,1784581232.293271,INFO,ARTIFACT_RECORDED,,"{""artifact_id"":119,""kind"":""working_residual_fits"",""path"":""/Users/zuha/Desktop/FKI/4 курс 2025-2026/course_work-SBF/runs/sbf3_go3055_go7763/products/IC_3437/F150W__F115W/2e91649b3200/jw07763-o075_t075_nircam_clear-f150w_i2d_04_остатки_общие_рабочие.fits"",""verified"":true}"
1683,run-20260720T164920Z-5f8824d560b3-6a51d38a,job-2e91649b320028a6597d5347ace16b3461bd0055fdf7d3adab968fcf50af5bea,IC 3437,119,1784581232.296082,INFO,ARTIFACT_RECORDED,,"{""artifact_id"":120,""kind"":""working_annuli_residual_fits"",""path"":""/Users/zuha/Desktop/FKI/4 курс 2025-2026/course_work-SBF/runs/sbf3_go3055_go7763/products/IC_3437/F150W__F115W/2e91649b3200/jw07763-o075_t075_nircam_clear-f150w_i2d_05_остатки_общие_рабочие_два_кольца.fits"",""verified"":true}"
1684,run-20260720T164920Z-5f8824d560b3-6a51d38a,job-2e91649b320028a6597d5347ace16b3461bd0055fdf7d3adab968fcf50af5bea,IC 3437,119,1784581232.2972422,INFO,ATTEMPT_ENDED,,"{""exit_code"":0,""state"":""SUCCEEDED""}"
1685,run-20260720T164920Z-5f8824d560b3-6a51d38a,job-2e91649b320028a6597d5347ace16b3461bd0055fdf7d3adab968fcf50af5bea,IC 3437,,1784581232.298503,INFO,JOB_STATE_CHANGED,,"{""from"":""VERIFYING"",""to"":""SUCCEEDED""}"
1686,run-20260720T164920Z-5f8824d560b3-6a51d38a,job-2e91649b320028a6597d5347ace16b3461bd0055fdf7d3adab968fcf50af5bea,IC 3437,119,1784581232.301419,INFO,ARTIFACTS_VERIFIED,,"{""artifact_count"":5,""artifact_manifest_path"":""/Users/zuha/Desktop/FKI/4 курс 2025-2026/course_work-SBF/runs/sbf3_go3055_go7763/batch/artifact_manifests/IC_3437__F150W__F115W__2e91649b3200_result_artifacts.json"",""artifacts"":[{""exists"":true,""fits_valid"":true,""mtime_ns"":1784578105039388287,""mtime_utc"":""2026-07-20T20:08:25.039+00:00"",""name"":""clean_model_fits"",""ok"":true,""path"":""/Users/zuha/Desktop/FKI/4 курс 2025-2026/course_work-SBF/runs/sbf3_go3055_go7763/products/IC_3437/F150W__F115W/2e91649b3200/jw07763-o075_t075_nircam_clear-f150w_i2d_01_модель_чистая.fits"",""relative_path"":""jw07763-o075_t075_nircam_clear-f150w_i2d_01_модель_чистая.fits"",""sha256"":""a131ce1c09fd71c6f9bd3f6074595e279477a146ccc04d314e44eb1153435682"",""size_bytes"":173701440},{""exists"":true,""fits_valid"":true,""mtime_ns"":1784578105272186858,""mtime_utc"":""2026-07-20T20:08:25.272+00:00"",""name"":""clean_isophotes_fits"",""ok"":true,""path"":""/Users/zuha/Desktop/FKI/4 курс 2025-2026/course_work-SBF/runs/sbf3_go3055_go7763/products/IC_3437/F150W__F115W/2e91649b3200/jw07763-o075_t075_nircam_clear-f150w_i2d_02_изофоты_чистые.fits"",""relative_path"":""jw07763-o075_t075_nircam_clear-f150w_i2d_02_изофоты_чистые.fits"",""sha256"":""8bb4f9a5e4b19a674b2c18b4b53945c6bbe4f3765d12d5e723df478c4517760b"",""size_bytes"":173701440},{""exists"":true,""fits_valid"":true,""mtime_ns"":1784578105476695443,""mtime_utc"":""2026-07-20T20:08:25.476+00:00"",""name"":""full_residual_fits"",""ok"":true,""path"":""/Users/zuha/Desktop/FKI/4 курс 2025-2026/course_work-SBF/runs/sbf3_go3055_go7763/products/IC_3437/F150W__F115W/2e91649b3200/jw07763-o075_t075_nircam_clear-f150w_i2d_03_остатки_общие.fits"",""relative_path"":""jw07763-o075_t075_nircam_clear-f150w_i2d_03_остатки_общие.fits"",""sha256"":""5f6a6dcede45cbeeb95052f8e0ed2315bccc6f60a1bfd33225ff81fcb02ddb51"",""size_bytes"":173701440},{""exists"":true,""fits_valid"":true,""mtime_ns"":1784578105670937639,""mtime_utc"":""2026-07-20T20:08:25.670+00:00"",""name"":""working_residual_fits"",""ok"":true,""path"":""/Users/zuha/Desktop/FKI/4 курс 2025-2026/course_work-SBF/runs/sbf3_go3055_go7763/products/IC_3437/F150W__F115W/2e91649b3200/jw07763-o075_t075_nircam_clear-f150w_i2d_04_остатки_общие_рабочие.fits"",""relative_path"":""jw07763-o075_t075_nircam_clear-f150w_i2d_04_остатки_общие_рабочие.fits"",""sha256"":""9f46213b806e02798008fdb1f0530a78118285d7e60011e185bd34a234533242"",""size_bytes"":173701440},{""exists"":true,""fits_valid"":true,""mtime_ns"":1784581226761496243,""mtime_utc"":""2026-07-20T21:00:26.761+00:00"",""name"":""working_annuli_residual_fits"",""ok"":true,""path"":""/Users/zuha/Desktop/FKI/4 курс 2025-2026/course_work-SBF/runs/sbf3_go3055_go7763/products/IC_3437/F150W__F115W/2e91649b3200/jw07763-o075_t075_nircam_clear-f150w_i2d_05_остатки_общие_рабочие_два_кольца.fits"",""relative_path"":""jw07763-o075_t075_nircam_clear-f150w_i2d_05_остатки_общие_рабочие_два_кольца.fits"",""sha256"":""3e9d441b1d21d2c669209a3884697d4879e0d48b5a381e48c5413b5610f3980a"",""size_bytes"":173701440}],""target"":""IC 3437""}"
1687,run-20260720T164920Z-5f8824d560b3-6a51d38a,job-240047d6ad5dc73cfd4c360731d23b8d3128bfcd42c64e9ce5a7614a8dbe85d9,IC 3442,,1784581232.33499,INFO,JOB_STATE_CHANGED,,"{""from"":""PENDING"",""to"":""READY""}"
1688,run-20260720T164920Z-5f8824d560b3-6a51d38a,job-240047d6ad5dc73cfd4c360731d23b8d3128bfcd42c64e9ce5a7614a8dbe85d9,IC 3442,,1784581232.338465,INFO,INPUT_READY_INITIAL,,"{""inputs"":{""color"":{""expected_size_bytes"":1216137600,""filter"":""F115W"",""final_exists"":true,""final_fits_error"":null,""final_path"":""/Users/zuha/Desktop/FKI/4 курс 2025-2026/course_work-SBF/data/IC 3442/jw07763-o055_t055_nircam_clear-f115w_i2d.fits"",""final_ready"":true,""final_size_bytes"":1216137600,""part_exists"":false,""part_metadata"":null,""part_metadata_error"":null,""part_path"":""/Users/zuha/Desktop/FKI/4 курс 2025-2026/course_work-SBF/data/IC 3442/jw07763-o055_t055_nircam_clear-f115w_i2d.fits.part"",""part_size_bytes"":0,""restart_part_exists"":false,""restart_part_path"":""/Users/zuha/Desktop/FKI/4 курс 2025-2026/course_work-SBF/data/IC 3442/jw07763-o055_t055_nircam_clear-f115w_i2d.fits.restart.part"",""restart_part_size_bytes"":0,""transfer_percent"":null},""signal"":{""expected_size_bytes"":1216258560,""filter"":""F150W"",""final_exists"":true,""final_fits_error"":null,""final_path"":""/Users/zuha/Desktop/FKI/4 курс 2025-2026/course_work-SBF/data/IC 3442/jw07763-o055_t055_nircam_clear-f150w_i2d.fits"",""final_ready"":true,""final_size_bytes"":1216258560,""part_exists"":false,""part_metadata"":null,""part_metadata_error"":null,""part_path"":""/Users/zuha/Desktop/FKI/4 курс 2025-2026/course_work-SBF/data/IC 3442/jw07763-o055_t055_nircam_clear-f150w_i2d.fits.part"",""part_size_bytes"":0,""restart_part_exists"":false,""restart_part_path"":""/Users/zuha/Desktop/FKI/4 курс 2025-2026/course_work-SBF/data/IC 3442/jw07763-o055_t055_nircam_clear-f150w_i2d.fits.restart.part"",""restart_part_size_bytes"":0,""transfer_percent"":null}},""program"":""7763"",""target"":""IC 3442""}"
1689,run-20260720T164920Z-5f8824d560b3-6a51d38a,job-240047d6ad5dc73cfd4c360731d23b8d3128bfcd42c64e9ce5a7614a8dbe85d9,IC 3442,,1784581232.4514492,INFO,WORKER_START_REQUESTED,,"{""color_path"":""/Users/zuha/Desktop/FKI/4 курс 2025-2026/course_work-SBF/data/IC 3442/jw07763-o055_t055_nircam_clear-f115w_i2d.fits"",""command"":[""/Users/zuha/Desktop/FKI/4 курс 2025-2026/course_work-SBF/astro_env/bin/python3"",""/Users/zuha/Desktop/FKI/4 курс 2025-2026/course_work-SBF/code/run_sbf_batch.py"",""--worker"",""--job-id"",""job-240047d6ad5dc73cfd4c360731d23b8d3128bfcd42c64e9ce5a7614a8dbe85d9"",""--galaxy"",""IC 3442"",""--signal"",""/Users/zuha/Desktop/FKI/4 курс 2025-2026/course_work-SBF/data/IC 3442/jw07763-o055_t055_nircam_clear-f150w_i2d.fits"",""--color"",""/Users/zuha/Desktop/FKI/4 курс 2025-2026/course_work-SBF/data/IC 3442/jw07763-o055_t055_nircam_clear-f115w_i2d.fits"",""--signal-filter"",""F150W"",""--color-filter"",""F115W"",""--template"",""/Users/zuha/Desktop/FKI/4 курс 2025-2026/course_work-SBF/code/sbf-3.ipynb"",""--batch-root"",""/Users/zuha/Desktop/FKI/4 курс 2025-2026/course_work-SBF/runs/sbf3_go3055_go7763/batch"",""--products-root"",""/Users/zuha/Desktop/FKI/4 курс 2025-2026/course_work-SBF/runs/sbf3_go3055_go7763/products""],""filters"":{""color"":""F115W"",""signal"":""F150W""},""program"":""7763"",""signal_path"":""/Users/zuha/Desktop/FKI/4 курс 2025-2026/course_work-SBF/data/IC 3442/jw07763-o055_t055_nircam_clear-f150w_i2d.fits"",""target"":""IC 3442""}"
1690,run-20260720T164920Z-5f8824d560b3-6a51d38a,job-240047d6ad5dc73cfd4c360731d23b8d3128bfcd42c64e9ce5a7614a8dbe85d9,IC 3442,,1784581232.452194,INFO,JOB_STATE_CHANGED,,"{""from"":""READY"",""to"":""RUNNING""}"
1691,run-20260720T164920Z-5f8824d560b3-6a51d38a,job-240047d6ad5dc73cfd4c360731d23b8d3128bfcd42c64e9ce5a7614a8dbe85d9,IC 3442,120,1784581232.456406,INFO,ATTEMPT_STARTED,,"{""attempt_no"":1,""pid"":84780}"
1692,run-20260720T164920Z-5f8824d560b3-6a51d38a,job-240047d6ad5dc73cfd4c360731d23b8d3128bfcd42c64e9ce5a7614a8dbe85d9,IC 3442,120,1784581622.585369,INFO,WORKER_SUPERVISION_ENDED,,"{""completed"":true,""detail"":null,""duration_seconds"":390.1257860829937,""ended_monotonic"":436413.444096166,""last_sample"":{""available_ram_bytes"":11982077952,""collector"":""psutil"",""disk"":{""free_bytes"":151370461184,""free_gib"":140.97472763061523,""path"":""/Users/zuha/Desktop/FKI/4 курс 2025-2026/course_work-SBF/data"",""total_bytes"":994662584320,""total_gib"":926.3517189025879,""used_bytes"":843292123136,""used_gib"":785.3769912719727},""disk_free_bytes"":151370461184,""monotonic"":436383.43386875,""pid"":84780,""swap"":{""free_bytes"":1217396736,""free_gib"":1.1337890625,""percent"":88.7,""total_bytes"":10737418240,""total_gib"":10.0,""used_bytes"":9520021504,""used_gib"":8.8662109375},""swap_used_bytes"":9520021504,""system_ram"":{""available_bytes"":11982077952,""available_gib"":11.1591796875,""percent"":65.1,""total_bytes"":34359738368,""total_gib"":32.0,""used_bytes"":13838712832,""used_gib"":12.8883056640625},""timestamp_utc"":""2026-07-20T21:06:32.569+00:00"",""worker"":{""child_count"":9,""children_rss_bytes"":1541783552,""children_rss_gib"":1.4358978271484375,""pid"":84780,""rss_bytes"":5925175296,""rss_gib"":5.51824951171875,""status"":""sleeping"",""total_rss_bytes"":7466958848,""total_rss_gib"":6.9541473388671875},""worker_children_rss_bytes"":1541783552,""worker_rss_bytes"":5925175296,""worker_total_rss_bytes"":7466958848},""ok"":false,""reason"":""completed"",""returncode"":1,""sample_count"":13,""signal_name"":null,""started_monotonic"":436023.318310083,""termination"":null}"
1693,run-20260720T164920Z-5f8824d560b3-6a51d38a,job-240047d6ad5dc73cfd4c360731d23b8d3128bfcd42c64e9ce5a7614a8dbe85d9,IC 3442,120,1784581622.590451,ERROR,ATTEMPT_ENDED,worker exited 1; required artifacts are absent or invalid,"{""exit_code"":1,""state"":""FAILED""}"
1694,run-20260720T164920Z-5f8824d560b3-6a51d38a,job-240047d6ad5dc73cfd4c360731d23b8d3128bfcd42c64e9ce5a7614a8dbe85d9,IC 3442,,1784581622.5939991,INFO,JOB_STATE_CHANGED,worker exited 1; required artifacts are absent or invalid,"{""from"":""RUNNING"",""to"":""RETRY_WAIT""}"
1695,run-20260720T164920Z-5f8824d560b3-6a51d38a,job-4999086c503725a77c7e89f77721b20a22967dae0d72118872b2b9c11e618c7b,IC 3443,,1784581622.6377,INFO,JOB_STATE_CHANGED,,"{""from"":""PENDING"",""to"":""READY""}"
1696,run-20260720T164920Z-5f8824d560b3-6a51d38a,job-4999086c503725a77c7e89f77721b20a22967dae0d72118872b2b9c11e618c7b,IC 3443,,1784581622.641577,INFO,INPUT_READY_INITIAL,,"{""inputs"":{""color"":{""expected_size_bytes"":1216140480,""filter"":""F115W"",""final_exists"":true,""final_fits_error"":null,""final_path"":""/Users/zuha/Desktop/FKI/4 курс 2025-2026/course_work-SBF/data/IC 3443/jw07763-o076_t076_nircam_clear-f115w_i2d.fits"",""final_ready"":true,""final_size_bytes"":1216140480,""part_exists"":false,""part_metadata"":null,""part_metadata_error"":null,""part_path"":""/Users/zuha/Desktop/FKI/4 курс 2025-2026/course_work-SBF/data/IC 3443/jw07763-o076_t076_nircam_clear-f115w_i2d.fits.part"",""part_size_bytes"":0,""restart_part_exists"":false,""restart_part_path"":""/Users/zuha/Desktop/FKI/4 курс 2025-2026/course_work-SBF/data/IC 3443/jw07763-o076_t076_nircam_clear-f115w_i2d.fits.restart.part"",""restart_part_size_bytes"":0,""transfer_percent"":null},""signal"":{""expected_size_bytes"":1216258560,""filter"":""F150W"",""final_exists"":true,""final_fits_error"":null,""final_path"":""/Users/zuha/Desktop/FKI/4 курс 2025-2026/course_work-SBF/data/IC 3443/jw07763-o076_t076_nircam_clear-f150w_i2d.fits"",""final_ready"":true,""final_size_bytes"":1216258560,""part_exists"":false,""part_metadata"":null,""part_metadata_error"":null,""part_path"":""/Users/zuha/Desktop/FKI/4 курс 2025-2026/course_work-SBF/data/IC 3443/jw07763-o076_t076_nircam_clear-f150w_i2d.fits.part"",""part_size_bytes"":0,""restart_part_exists"":false,""restart_part_path"":""/Users/zuha/Desktop/FKI/4 курс 2025-2026/course_work-SBF/data/IC 3443/jw07763-o076_t076_nircam_clear-f150w_i2d.fits.restart.part"",""restart_part_size_bytes"":0,""transfer_percent"":null}},""program"":""7763"",""target"":""IC 3443""}"
1697,run-20260720T164920Z-5f8824d560b3-6a51d38a,job-4999086c503725a77c7e89f77721b20a22967dae0d72118872b2b9c11e618c7b,IC 3443,,1784581622.7195961,INFO,WORKER_START_REQUESTED,,"{""color_path"":""/Users/zuha/Desktop/FKI/4 курс 2025-2026/course_work-SBF/data/IC 3443/jw07763-o076_t076_nircam_clear-f115w_i2d.fits"",""command"":[""/Users/zuha/Desktop/FKI/4 курс 2025-2026/course_work-SBF/astro_env/bin/python3"",""/Users/zuha/Desktop/FKI/4 курс 2025-2026/course_work-SBF/code/run_sbf_batch.py"",""--worker"",""--job-id"",""job-4999086c503725a77c7e89f77721b20a22967dae0d72118872b2b9c11e618c7b"",""--galaxy"",""IC 3443"",""--signal"",""/Users/zuha/Desktop/FKI/4 курс 2025-2026/course_work-SBF/data/IC 3443/jw07763-o076_t076_nircam_clear-f150w_i2d.fits"",""--color"",""/Users/zuha/Desktop/FKI/4 курс 2025-2026/course_work-SBF/data/IC 3443/jw07763-o076_t076_nircam_clear-f115w_i2d.fits"",""--signal-filter"",""F150W"",""--color-filter"",""F115W"",""--template"",""/Users/zuha/Desktop/FKI/4 курс 2025-2026/course_work-SBF/code/sbf-3.ipynb"",""--batch-root"",""/Users/zuha/Desktop/FKI/4 курс 2025-2026/course_work-SBF/runs/sbf3_go3055_go7763/batch"",""--products-root"",""/Users/zuha/Desktop/FKI/4 курс 2025-2026/course_work-SBF/runs/sbf3_go3055_go7763/products""],""filters"":{""color"":""F115W"",""signal"":""F150W""},""program"":""7763"",""signal_path"":""/Users/zuha/Desktop/FKI/4 курс 2025-2026/course_work-SBF/data/IC 3443/jw07763-o076_t076_nircam_clear-f150w_i2d.fits"",""target"":""IC 3443""}"
1698,run-20260720T164920Z-5f8824d560b3-6a51d38a,job-4999086c503725a77c7e89f77721b20a22967dae0d72118872b2b9c11e618c7b,IC 3443,,1784581622.720108,INFO,JOB_STATE_CHANGED,,"{""from"":""READY"",""to"":""RUNNING""}"
1699,run-20260720T164920Z-5f8824d560b3-6a51d38a,job-4999086c503725a77c7e89f77721b20a22967dae0d72118872b2b9c11e618c7b,IC 3443,121,1784581622.723762,INFO,ATTEMPT_STARTED,,"{""attempt_no"":1,""pid"":87346}"
1700,run-20260720T164920Z-5f8824d560b3-6a51d38a,job-4999086c503725a77c7e89f77721b20a22967dae0d72118872b2b9c11e618c7b,IC 3443,121,1784585193.806245,INFO,WORKER_SUPERVISION_ENDED,,"{""completed"":true,""detail"":null,""duration_seconds"":3571.115196208004,""ended_monotonic"":439984.705377333,""last_sample"":{""available_ram_bytes"":8877637632,""collector"":""psutil"",""disk"":{""free_bytes"":150691979264,""free_gib"":140.34284210205078,""path"":""/Users/zuha/Desktop/FKI/4 курс 2025-2026/course_work-SBF/data"",""total_bytes"":994662584320,""total_gib"":926.3517189025879,""used_bytes"":843970605056,""used_gib"":786.0088768005371},""disk_free_bytes"":150691979264,""monotonic"":439954.695098791,""pid"":87346,""swap"":{""free_bytes"":1217396736,""free_gib"":1.1337890625,""percent"":88.7,""total_bytes"":10737418240,""total_gib"":10.0,""used_bytes"":9520021504,""used_gib"":8.8662109375},""swap_used_bytes"":9520021504,""system_ram"":{""available_bytes"":8877637632,""available_gib"":8.2679443359375,""percent"":74.2,""total_bytes"":34359738368,""total_gib"":32.0,""used_bytes"":9709256704,""used_gib"":9.042449951171875},""timestamp_utc"":""2026-07-20T22:06:03.790+00:00"",""worker"":{""child_count"":1,""children_rss_bytes"":5439488,""children_rss_gib"":0.00506591796875,""pid"":87346,""rss_bytes"":5417484288,""rss_gib"":5.0454254150390625,""status"":""sleeping"",""total_rss_bytes"":5422923776,""total_rss_gib"":5.0504913330078125},""worker_children_rss_bytes"":5439488,""worker_rss_bytes"":5417484288,""worker_total_rss_bytes"":5422923776},""ok"":true,""reason"":""completed"",""returncode"":0,""sample_count"":119,""signal_name"":null,""started_monotonic"":436413.590181125,""termination"":null}"
1701,run-20260720T164920Z-5f8824d560b3-6a51d38a,job-4999086c503725a77c7e89f77721b20a22967dae0d72118872b2b9c11e618c7b,IC 3443,,1784585194.258663,INFO,JOB_STATE_CHANGED,,"{""from"":""RUNNING"",""to"":""VERIFYING""}"
1702,run-20260720T164920Z-5f8824d560b3-6a51d38a,job-4999086c503725a77c7e89f77721b20a22967dae0d72118872b2b9c11e618c7b,IC 3443,121,1784585194.260462,INFO,ARTIFACT_RECORDED,,"{""artifact_id"":121,""kind"":""clean_model_fits"",""path"":""/Users/zuha/Desktop/FKI/4 курс 2025-2026/course_work-SBF/runs/sbf3_go3055_go7763/products/IC_3443/F150W__F115W/4999086c5037/jw07763-o076_t076_nircam_clear-f150w_i2d_01_модель_чистая.fits"",""verified"":true}"
1703,run-20260720T164920Z-5f8824d560b3-6a51d38a,job-4999086c503725a77c7e89f77721b20a22967dae0d72118872b2b9c11e618c7b,IC 3443,121,1784585194.2624419,INFO,ARTIFACT_RECORDED,,"{""artifact_id"":122,""kind"":""clean_isophotes_fits"",""path"":""/Users/zuha/Desktop/FKI/4 курс 2025-2026/course_work-SBF/runs/sbf3_go3055_go7763/products/IC_3443/F150W__F115W/4999086c5037/jw07763-o076_t076_nircam_clear-f150w_i2d_02_изофоты_чистые.fits"",""verified"":true}"
1704,run-20260720T164920Z-5f8824d560b3-6a51d38a,job-4999086c503725a77c7e89f77721b20a22967dae0d72118872b2b9c11e618c7b,IC 3443,121,1784585194.263744,INFO,ARTIFACT_RECORDED,,"{""artifact_id"":123,""kind"":""full_residual_fits"",""path"":""/Users/zuha/Desktop/FKI/4 курс 2025-2026/course_work-SBF/runs/sbf3_go3055_go7763/products/IC_3443/F150W__F115W/4999086c5037/jw07763-o076_t076_nircam_clear-f150w_i2d_03_остатки_общие.fits"",""verified"":true}"
1705,run-20260720T164920Z-5f8824d560b3-6a51d38a,job-4999086c503725a77c7e89f77721b20a22967dae0d72118872b2b9c11e618c7b,IC 3443,121,1784585194.265179,INFO,ARTIFACT_RECORDED,,"{""artifact_id"":124,""kind"":""working_residual_fits"",""path"":""/Users/zuha/Desktop/FKI/4 курс 2025-2026/course_work-SBF/runs/sbf3_go3055_go7763/products/IC_3443/F150W__F115W/4999086c5037/jw07763-o076_t076_nircam_clear-f150w_i2d_04_остатки_общие_рабочие.fits"",""verified"":true}"
1706,run-20260720T164920Z-5f8824d560b3-6a51d38a,job-4999086c503725a77c7e89f77721b20a22967dae0d72118872b2b9c11e618c7b,IC 3443,121,1784585194.266554,INFO,ARTIFACT_RECORDED,,"{""artifact_id"":125,""kind"":""working_annuli_residual_fits"",""path"":""/Users/zuha/Desktop/FKI/4 курс 2025-2026/course_work-SBF/runs/sbf3_go3055_go7763/products/IC_3443/F150W__F115W/4999086c5037/jw07763-o076_t076_nircam_clear-f150w_i2d_05_остатки_общие_рабочие_два_кольца.fits"",""verified"":true}"
1707,run-20260720T164920Z-5f8824d560b3-6a51d38a,job-4999086c503725a77c7e89f77721b20a22967dae0d72118872b2b9c11e618c7b,IC 3443,121,1784585194.2675478,INFO,ATTEMPT_ENDED,,"{""exit_code"":0,""state"":""SUCCEEDED""}"
1708,run-20260720T164920Z-5f8824d560b3-6a51d38a,job-4999086c503725a77c7e89f77721b20a22967dae0d72118872b2b9c11e618c7b,IC 3443,,1784585194.2685099,INFO,JOB_STATE_CHANGED,,"{""from"":""VERIFYING"",""to"":""SUCCEEDED""}"
1709,run-20260720T164920Z-5f8824d560b3-6a51d38a,job-4999086c503725a77c7e89f77721b20a22967dae0d72118872b2b9c11e618c7b,IC 3443,121,1784585194.271442,INFO,ARTIFACTS_VERIFIED,,"{""artifact_count"":5,""artifact_manifest_path"":""/Users/zuha/Desktop/FKI/4 курс 2025-2026/course_work-SBF/runs/sbf3_go3055_go7763/batch/artifact_manifests/IC_3443__F150W__F115W__4999086c5037_result_artifacts.json"",""artifacts"":[{""exists"":true,""fits_valid"":true,""mtime_ns"":1784582131459204034,""mtime_utc"":""2026-07-20T21:15:31.459+00:00"",""name"":""clean_model_fits"",""ok"":true,""path"":""/Users/zuha/Desktop/FKI/4 курс 2025-2026/course_work-SBF/runs/sbf3_go3055_go7763/products/IC_3443/F150W__F115W/4999086c5037/jw07763-o076_t076_nircam_clear-f150w_i2d_01_модель_чистая.fits"",""relative_path"":""jw07763-o076_t076_nircam_clear-f150w_i2d_01_модель_чистая.fits"",""sha256"":""08ee82593c77ba696601abde178fec878cd8ce9ec358ee277d39323b511163aa"",""size_bytes"":173718720},{""exists"":true,""fits_valid"":true,""mtime_ns"":1784582131687565698,""mtime_utc"":""2026-07-20T21:15:31.687+00:00"",""name"":""clean_isophotes_fits"",""ok"":true,""path"":""/Users/zuha/Desktop/FKI/4 курс 2025-2026/course_work-SBF/runs/sbf3_go3055_go7763/products/IC_3443/F150W__F115W/4999086c5037/jw07763-o076_t076_nircam_clear-f150w_i2d_02_изофоты_чистые.fits"",""relative_path"":""jw07763-o076_t076_nircam_clear-f150w_i2d_02_изофоты_чистые.fits"",""sha256"":""358eb2752e55b4ae154c969db7536fa556767e91607bc647fcbf0461f953580b"",""size_bytes"":173718720},{""exists"":true,""fits_valid"":true,""mtime_ns"":1784582131919244617,""mtime_utc"":""2026-07-20T21:15:31.919+00:00"",""name"":""full_residual_fits"",""ok"":true,""path"":""/Users/zuha/Desktop/FKI/4 курс 2025-2026/course_work-SBF/runs/sbf3_go3055_go7763/products/IC_3443/F150W__F115W/4999086c5037/jw07763-o076_t076_nircam_clear-f150w_i2d_03_остатки_общие.fits"",""relative_path"":""jw07763-o076_t076_nircam_clear-f150w_i2d_03_остатки_общие.fits"",""sha256"":""cffde71efbb8da1baeac0c1fe7cf3b2d7b636937353450e18ebc1efef6178f5f"",""size_bytes"":173718720},{""exists"":true,""fits_valid"":true,""mtime_ns"":1784582132121454411,""mtime_utc"":""2026-07-20T21:15:32.121+00:00"",""name"":""working_residual_fits"",""ok"":true,""path"":""/Users/zuha/Desktop/FKI/4 курс 2025-2026/course_work-SBF/runs/sbf3_go3055_go7763/products/IC_3443/F150W__F115W/4999086c5037/jw07763-o076_t076_nircam_clear-f150w_i2d_04_остатки_общие_рабочие.fits"",""relative_path"":""jw07763-o076_t076_nircam_clear-f150w_i2d_04_остатки_общие_рабочие.fits"",""sha256"":""22f2604b33dfad4b6b4b13593b2e631494c5bdd0326034952bc177bf2117019a"",""size_bytes"":173718720},{""exists"":true,""fits_valid"":true,""mtime_ns"":1784585174214677419,""mtime_utc"":""2026-07-20T22:06:14.214+00:00"",""name"":""working_annuli_residual_fits"",""ok"":true,""path"":""/Users/zuha/Desktop/FKI/4 курс 2025-2026/course_work-SBF/runs/sbf3_go3055_go7763/products/IC_3443/F150W__F115W/4999086c5037/jw07763-o076_t076_nircam_clear-f150w_i2d_05_остатки_общие_рабочие_два_кольца.fits"",""relative_path"":""jw07763-o076_t076_nircam_clear-f150w_i2d_05_остатки_общие_рабочие_два_кольца.fits"",""sha256"":""4b3cece66fa061bfef7d80a5d18d06e735b5acc6d42ff34b996ce47f6c173e67"",""size_bytes"":173718720}],""target"":""IC 3443""}"
1710,run-20260720T164920Z-5f8824d560b3-6a51d38a,job-7305039fc431005aeb8f0848752d98f03c17d08f345683f407cea2171c762eee,IC 3457,,1784585194.309293,INFO,JOB_STATE_CHANGED,,"{""from"":""PENDING"",""to"":""READY""}"
1711,run-20260720T164920Z-5f8824d560b3-6a51d38a,job-7305039fc431005aeb8f0848752d98f03c17d08f345683f407cea2171c762eee,IC 3457,,1784585194.312669,INFO,INPUT_READY_INITIAL,,"{""inputs"":{""color"":{""expected_size_bytes"":1216140480,""filter"":""F115W"",""final_exists"":true,""final_fits_error"":null,""final_path"":""/Users/zuha/Desktop/FKI/4 курс 2025-2026/course_work-SBF/data/IC 3457/jw07763-o057_t057_nircam_clear-f115w_i2d.fits"",""final_ready"":true,""final_size_bytes"":1216140480,""part_exists"":false,""part_metadata"":null,""part_metadata_error"":null,""part_path"":""/Users/zuha/Desktop/FKI/4 курс 2025-2026/course_work-SBF/data/IC 3457/jw07763-o057_t057_nircam_clear-f115w_i2d.fits.part"",""part_size_bytes"":0,""restart_part_exists"":false,""restart_part_path"":""/Users/zuha/Desktop/FKI/4 курс 2025-2026/course_work-SBF/data/IC 3457/jw07763-o057_t057_nircam_clear-f115w_i2d.fits.restart.part"",""restart_part_size_bytes"":0,""transfer_percent"":null},""signal"":{""expected_size_bytes"":1216137600,""filter"":""F150W"",""final_exists"":true,""final_fits_error"":null,""final_path"":""/Users/zuha/Desktop/FKI/4 курс 2025-2026/course_work-SBF/data/IC 3457/jw07763-o057_t057_nircam_clear-f150w_i2d.fits"",""final_ready"":true,""final_size_bytes"":1216137600,""part_exists"":false,""part_metadata"":null,""part_metadata_error"":null,""part_path"":""/Users/zuha/Desktop/FKI/4 курс 2025-2026/course_work-SBF/data/IC 3457/jw07763-o057_t057_nircam_clear-f150w_i2d.fits.part"",""part_size_bytes"":0,""restart_part_exists"":false,""restart_part_path"":""/Users/zuha/Desktop/FKI/4 курс 2025-2026/course_work-SBF/data/IC 3457/jw07763-o057_t057_nircam_clear-f150w_i2d.fits.restart.part"",""restart_part_size_bytes"":0,""transfer_percent"":null}},""program"":""7763"",""target"":""IC 3457""}"
1712,run-20260720T164920Z-5f8824d560b3-6a51d38a,job-7305039fc431005aeb8f0848752d98f03c17d08f345683f407cea2171c762eee,IC 3457,,1784585194.414907,INFO,WORKER_START_REQUESTED,,"{""color_path"":""/Users/zuha/Desktop/FKI/4 курс 2025-2026/course_work-SBF/data/IC 3457/jw07763-o057_t057_nircam_clear-f115w_i2d.fits"",""command"":[""/Users/zuha/Desktop/FKI/4 курс 2025-2026/course_work-SBF/astro_env/bin/python3"",""/Users/zuha/Desktop/FKI/4 курс 2025-2026/course_work-SBF/code/run_sbf_batch.py"",""--worker"",""--job-id"",""job-7305039fc431005aeb8f0848752d98f03c17d08f345683f407cea2171c762eee"",""--galaxy"",""IC 3457"",""--signal"",""/Users/zuha/Desktop/FKI/4 курс 2025-2026/course_work-SBF/data/IC 3457/jw07763-o057_t057_nircam_clear-f150w_i2d.fits"",""--color"",""/Users/zuha/Desktop/FKI/4 курс 2025-2026/course_work-SBF/data/IC 3457/jw07763-o057_t057_nircam_clear-f115w_i2d.fits"",""--signal-filter"",""F150W"",""--color-filter"",""F115W"",""--template"",""/Users/zuha/Desktop/FKI/4 курс 2025-2026/course_work-SBF/code/sbf-3.ipynb"",""--batch-root"",""/Users/zuha/Desktop/FKI/4 курс 2025-2026/course_work-SBF/runs/sbf3_go3055_go7763/batch"",""--products-root"",""/Users/zuha/Desktop/FKI/4 курс 2025-2026/course_work-SBF/runs/sbf3_go3055_go7763/products""],""filters"":{""color"":""F115W"",""signal"":""F150W""},""program"":""7763"",""signal_path"":""/Users/zuha/Desktop/FKI/4 курс 2025-2026/course_work-SBF/data/IC 3457/jw07763-o057_t057_nircam_clear-f150w_i2d.fits"",""target"":""IC 3457""}"
1713,run-20260720T164920Z-5f8824d560b3-6a51d38a,job-7305039fc431005aeb8f0848752d98f03c17d08f345683f407cea2171c762eee,IC 3457,,1784585194.4154298,INFO,JOB_STATE_CHANGED,,"{""from"":""READY"",""to"":""RUNNING""}"
1714,run-20260720T164920Z-5f8824d560b3-6a51d38a,job-7305039fc431005aeb8f0848752d98f03c17d08f345683f407cea2171c762eee,IC 3457,122,1784585194.4199731,INFO,ATTEMPT_STARTED,,"{""attempt_no"":1,""pid"":11069}"
1715,run-20260720T164920Z-5f8824d560b3-6a51d38a,job-7305039fc431005aeb8f0848752d98f03c17d08f345683f407cea2171c762eee,IC 3457,122,1784588675.5228732,INFO,WORKER_SUPERVISION_ENDED,,"{""completed"":true,""detail"":null,""duration_seconds"":3481.1341627920046,""ended_monotonic"":443466.460919875,""last_sample"":{""available_ram_bytes"":9054715904,""collector"":""psutil"",""disk"":{""free_bytes"":149888245760,""free_gib"":139.59430694580078,""path"":""/Users/zuha/Desktop/FKI/4 курс 2025-2026/course_work-SBF/data"",""total_bytes"":994662584320,""total_gib"":926.3517189025879,""used_bytes"":844774338560,""used_gib"":786.7574119567871},""disk_free_bytes"":149888245760,""monotonic"":443436.450644708,""pid"":11069,""swap"":{""free_bytes"":1234173952,""free_gib"":1.1494140625,""percent"":88.5,""total_bytes"":10737418240,""total_gib"":10.0,""used_bytes"":9503244288,""used_gib"":8.8505859375},""swap_used_bytes"":9503244288,""system_ram"":{""available_bytes"":9054715904,""available_gib"":8.432861328125,""percent"":73.6,""total_bytes"":34359738368,""total_gib"":32.0,""used_bytes"":9908535296,""used_gib"":9.228042602539062},""timestamp_utc"":""2026-07-20T23:04:05.506+00:00"",""worker"":{""child_count"":1,""children_rss_bytes"":5439488,""children_rss_gib"":0.00506591796875,""pid"":11069,""rss_bytes"":5410848768,""rss_gib"":5.03924560546875,""status"":""sleeping"",""total_rss_bytes"":5416288256,""total_rss_gib"":5.0443115234375},""worker_children_rss_bytes"":5439488,""worker_rss_bytes"":5410848768,""worker_total_rss_bytes"":5416288256},""ok"":true,""reason"":""completed"",""returncode"":0,""sample_count"":116,""signal_name"":null,""started_monotonic"":439985.326757083,""termination"":null}"
1716,run-20260720T164920Z-5f8824d560b3-6a51d38a,job-7305039fc431005aeb8f0848752d98f03c17d08f345683f407cea2171c762eee,IC 3457,,1784588675.9745762,INFO,JOB_STATE_CHANGED,,"{""from"":""RUNNING"",""to"":""VERIFYING""}"
1717,run-20260720T164920Z-5f8824d560b3-6a51d38a,job-7305039fc431005aeb8f0848752d98f03c17d08f345683f407cea2171c762eee,IC 3457,122,1784588675.97611,INFO,ARTIFACT_RECORDED,,"{""artifact_id"":126,""kind"":""clean_model_fits"",""path"":""/Users/zuha/Desktop/FKI/4 курс 2025-2026/course_work-SBF/runs/sbf3_go3055_go7763/products/IC_3457/F150W__F115W/7305039fc431/jw07763-o057_t057_nircam_clear-f150w_i2d_01_модель_чистая.fits"",""verified"":true}"
1718,run-20260720T164920Z-5f8824d560b3-6a51d38a,job-7305039fc431005aeb8f0848752d98f03c17d08f345683f407cea2171c762eee,IC 3457,122,1784588675.977372,INFO,ARTIFACT_RECORDED,,"{""artifact_id"":127,""kind"":""clean_isophotes_fits"",""path"":""/Users/zuha/Desktop/FKI/4 курс 2025-2026/course_work-SBF/runs/sbf3_go3055_go7763/products/IC_3457/F150W__F115W/7305039fc431/jw07763-o057_t057_nircam_clear-f150w_i2d_02_изофоты_чистые.fits"",""verified"":true}"
1719,run-20260720T164920Z-5f8824d560b3-6a51d38a,job-7305039fc431005aeb8f0848752d98f03c17d08f345683f407cea2171c762eee,IC 3457,122,1784588675.978249,INFO,ARTIFACT_RECORDED,,"{""artifact_id"":128,""kind"":""full_residual_fits"",""path"":""/Users/zuha/Desktop/FKI/4 курс 2025-2026/course_work-SBF/runs/sbf3_go3055_go7763/products/IC_3457/F150W__F115W/7305039fc431/jw07763-o057_t057_nircam_clear-f150w_i2d_03_остатки_общие.fits"",""verified"":true}"
1720,run-20260720T164920Z-5f8824d560b3-6a51d38a,job-7305039fc431005aeb8f0848752d98f03c17d08f345683f407cea2171c762eee,IC 3457,122,1784588675.980042,INFO,ARTIFACT_RECORDED,,"{""artifact_id"":129,""kind"":""working_residual_fits"",""path"":""/Users/zuha/Desktop/FKI/4 курс 2025-2026/course_work-SBF/runs/sbf3_go3055_go7763/products/IC_3457/F150W__F115W/7305039fc431/jw07763-o057_t057_nircam_clear-f150w_i2d_04_остатки_общие_рабочие.fits"",""verified"":true}"
1721,run-20260720T164920Z-5f8824d560b3-6a51d38a,job-7305039fc431005aeb8f0848752d98f03c17d08f345683f407cea2171c762eee,IC 3457,122,1784588675.980992,INFO,ARTIFACT_RECORDED,,"{""artifact_id"":130,""kind"":""working_annuli_residual_fits"",""path"":""/Users/zuha/Desktop/FKI/4 курс 2025-2026/course_work-SBF/runs/sbf3_go3055_go7763/products/IC_3457/F150W__F115W/7305039fc431/jw07763-o057_t057_nircam_clear-f150w_i2d_05_остатки_общие_рабочие_два_кольца.fits"",""verified"":true}"
1722,run-20260720T164920Z-5f8824d560b3-6a51d38a,job-7305039fc431005aeb8f0848752d98f03c17d08f345683f407cea2171c762eee,IC 3457,122,1784588675.9819179,INFO,ATTEMPT_ENDED,,"{""exit_code"":0,""state"":""SUCCEEDED""}"
1723,run-20260720T164920Z-5f8824d560b3-6a51d38a,job-7305039fc431005aeb8f0848752d98f03c17d08f345683f407cea2171c762eee,IC 3457,,1784588675.98272,INFO,JOB_STATE_CHANGED,,"{""from"":""VERIFYING"",""to"":""SUCCEEDED""}"
1724,run-20260720T164920Z-5f8824d560b3-6a51d38a,job-7305039fc431005aeb8f0848752d98f03c17d08f345683f407cea2171c762eee,IC 3457,122,1784588675.985486,INFO,ARTIFACTS_VERIFIED,,"{""artifact_count"":5,""artifact_manifest_path"":""/Users/zuha/Desktop/FKI/4 курс 2025-2026/course_work-SBF/runs/sbf3_go3055_go7763/batch/artifact_manifests/IC_3457__F150W__F115W__7305039fc431_result_artifacts.json"",""artifacts"":[{""exists"":true,""fits_valid"":true,""mtime_ns"":1784585558298255119,""mtime_utc"":""2026-07-20T22:12:38.298+00:00"",""name"":""clean_model_fits"",""ok"":true,""path"":""/Users/zuha/Desktop/FKI/4 курс 2025-2026/course_work-SBF/runs/sbf3_go3055_go7763/products/IC_3457/F150W__F115W/7305039fc431/jw07763-o057_t057_nircam_clear-f150w_i2d_01_модель_чистая.fits"",""relative_path"":""jw07763-o057_t057_nircam_clear-f150w_i2d_01_модель_чистая.fits"",""sha256"":""dcffea86a7534e3770ceb0996094624e425c677e2781487830d5801a2a0d6678"",""size_bytes"":173701440},{""exists"":true,""fits_valid"":true,""mtime_ns"":1784585558525334381,""mtime_utc"":""2026-07-20T22:12:38.525+00:00"",""name"":""clean_isophotes_fits"",""ok"":true,""path"":""/Users/zuha/Desktop/FKI/4 курс 2025-2026/course_work-SBF/runs/sbf3_go3055_go7763/products/IC_3457/F150W__F115W/7305039fc431/jw07763-o057_t057_nircam_clear-f150w_i2d_02_изофоты_чистые.fits"",""relative_path"":""jw07763-o057_t057_nircam_clear-f150w_i2d_02_изофоты_чистые.fits"",""sha256"":""f6b45b5997a203ecaf11a90b73be33de2cc44c88a4de20af87a028af889b66d5"",""size_bytes"":173701440},{""exists"":true,""fits_valid"":true,""mtime_ns"":1784585558721119498,""mtime_utc"":""2026-07-20T22:12:38.721+00:00"",""name"":""full_residual_fits"",""ok"":true,""path"":""/Users/zuha/Desktop/FKI/4 курс 2025-2026/course_work-SBF/runs/sbf3_go3055_go7763/products/IC_3457/F150W__F115W/7305039fc431/jw07763-o057_t057_nircam_clear-f150w_i2d_03_остатки_общие.fits"",""relative_path"":""jw07763-o057_t057_nircam_clear-f150w_i2d_03_остатки_общие.fits"",""sha256"":""129c1043850202fbd13604fc99ab0315d6ff1f761902320902f78ff0554f817d"",""size_bytes"":173701440},{""exists"":true,""fits_valid"":true,""mtime_ns"":1784585558910165566,""mtime_utc"":""2026-07-20T22:12:38.910+00:00"",""name"":""working_residual_fits"",""ok"":true,""path"":""/Users/zuha/Desktop/FKI/4 курс 2025-2026/course_work-SBF/runs/sbf3_go3055_go7763/products/IC_3457/F150W__F115W/7305039fc431/jw07763-o057_t057_nircam_clear-f150w_i2d_04_остатки_общие_рабочие.fits"",""relative_path"":""jw07763-o057_t057_nircam_clear-f150w_i2d_04_остатки_общие_рабочие.fits"",""sha256"":""d941eb9daffbfb0f9f7d0a1b0de87e273c4542861e86b87b3879a391f9ef41dd"",""size_bytes"":173701440},{""exists"":true,""fits_valid"":true,""mtime_ns"":1784588672689602764,""mtime_utc"":""2026-07-20T23:04:32.689+00:00"",""name"":""working_annuli_residual_fits"",""ok"":true,""path"":""/Users/zuha/Desktop/FKI/4 курс 2025-2026/course_work-SBF/runs/sbf3_go3055_go7763/products/IC_3457/F150W__F115W/7305039fc431/jw07763-o057_t057_nircam_clear-f150w_i2d_05_остатки_общие_рабочие_два_кольца.fits"",""relative_path"":""jw07763-o057_t057_nircam_clear-f150w_i2d_05_остатки_общие_рабочие_два_кольца.fits"",""sha256"":""31902a85d86d5798a93621a6f51518cc76cb154e2ba4d2f8a55d074b29f8c80d"",""size_bytes"":173701440}],""target"":""IC 3457""}"
1725,run-20260720T164920Z-5f8824d560b3-6a51d38a,job-3007825ec9c987b05eeb7ba3755e08a8895ed6624e893536ad2c283a1ce55684,IC 3461,,1784588676.021632,INFO,JOB_STATE_CHANGED,,"{""from"":""PENDING"",""to"":""READY""}"
1726,run-20260720T164920Z-5f8824d560b3-6a51d38a,job-3007825ec9c987b05eeb7ba3755e08a8895ed6624e893536ad2c283a1ce55684,IC 3461,,1784588676.025175,INFO,INPUT_READY_INITIAL,,"{""inputs"":{""color"":{""expected_size_bytes"":1216137600,""filter"":""F115W"",""final_exists"":true,""final_fits_error"":null,""final_path"":""/Users/zuha/Desktop/FKI/4 курс 2025-2026/course_work-SBF/data/IC 3461/jw07763-o059_t059_nircam_clear-f115w_i2d.fits"",""final_ready"":true,""final_size_bytes"":1216137600,""part_exists"":false,""part_metadata"":null,""part_metadata_error"":null,""part_path"":""/Users/zuha/Desktop/FKI/4 курс 2025-2026/course_work-SBF/data/IC 3461/jw07763-o059_t059_nircam_clear-f115w_i2d.fits.part"",""part_size_bytes"":0,""restart_part_exists"":false,""restart_part_path"":""/Users/zuha/Desktop/FKI/4 курс 2025-2026/course_work-SBF/data/IC 3461/jw07763-o059_t059_nircam_clear-f115w_i2d.fits.restart.part"",""restart_part_size_bytes"":0,""transfer_percent"":null},""signal"":{""expected_size_bytes"":1216258560,""filter"":""F150W"",""final_exists"":true,""final_fits_error"":null,""final_path"":""/Users/zuha/Desktop/FKI/4 курс 2025-2026/course_work-SBF/data/IC 3461/jw07763-o059_t059_nircam_clear-f150w_i2d.fits"",""final_ready"":true,""final_size_bytes"":1216258560,""part_exists"":false,""part_metadata"":null,""part_metadata_error"":null,""part_path"":""/Users/zuha/Desktop/FKI/4 курс 2025-2026/course_work-SBF/data/IC 3461/jw07763-o059_t059_nircam_clear-f150w_i2d.fits.part"",""part_size_bytes"":0,""restart_part_exists"":false,""restart_part_path"":""/Users/zuha/Desktop/FKI/4 курс 2025-2026/course_work-SBF/data/IC 3461/jw07763-o059_t059_nircam_clear-f150w_i2d.fits.restart.part"",""restart_part_size_bytes"":0,""transfer_percent"":null}},""program"":""7763"",""target"":""IC 3461""}"
1727,run-20260720T164920Z-5f8824d560b3-6a51d38a,job-3007825ec9c987b05eeb7ba3755e08a8895ed6624e893536ad2c283a1ce55684,IC 3461,,1784588676.126202,INFO,WORKER_START_REQUESTED,,"{""color_path"":""/Users/zuha/Desktop/FKI/4 курс 2025-2026/course_work-SBF/data/IC 3461/jw07763-o059_t059_nircam_clear-f115w_i2d.fits"",""command"":[""/Users/zuha/Desktop/FKI/4 курс 2025-2026/course_work-SBF/astro_env/bin/python3"",""/Users/zuha/Desktop/FKI/4 курс 2025-2026/course_work-SBF/code/run_sbf_batch.py"",""--worker"",""--job-id"",""job-3007825ec9c987b05eeb7ba3755e08a8895ed6624e893536ad2c283a1ce55684"",""--galaxy"",""IC 3461"",""--signal"",""/Users/zuha/Desktop/FKI/4 курс 2025-2026/course_work-SBF/data/IC 3461/jw07763-o059_t059_nircam_clear-f150w_i2d.fits"",""--color"",""/Users/zuha/Desktop/FKI/4 курс 2025-2026/course_work-SBF/data/IC 3461/jw07763-o059_t059_nircam_clear-f115w_i2d.fits"",""--signal-filter"",""F150W"",""--color-filter"",""F115W"",""--template"",""/Users/zuha/Desktop/FKI/4 курс 2025-2026/course_work-SBF/code/sbf-3.ipynb"",""--batch-root"",""/Users/zuha/Desktop/FKI/4 курс 2025-2026/course_work-SBF/runs/sbf3_go3055_go7763/batch"",""--products-root"",""/Users/zuha/Desktop/FKI/4 курс 2025-2026/course_work-SBF/runs/sbf3_go3055_go7763/products""],""filters"":{""color"":""F115W"",""signal"":""F150W""},""program"":""7763"",""signal_path"":""/Users/zuha/Desktop/FKI/4 курс 2025-2026/course_work-SBF/data/IC 3461/jw07763-o059_t059_nircam_clear-f150w_i2d.fits"",""target"":""IC 3461""}"
1728,run-20260720T164920Z-5f8824d560b3-6a51d38a,job-3007825ec9c987b05eeb7ba3755e08a8895ed6624e893536ad2c283a1ce55684,IC 3461,,1784588676.126747,INFO,JOB_STATE_CHANGED,,"{""from"":""READY"",""to"":""RUNNING""}"
1729,run-20260720T164920Z-5f8824d560b3-6a51d38a,job-3007825ec9c987b05eeb7ba3755e08a8895ed6624e893536ad2c283a1ce55684,IC 3461,123,1784588676.130954,INFO,ATTEMPT_STARTED,,"{""attempt_no"":1,""pid"":33905}"
1730,run-20260720T164920Z-5f8824d560b3-6a51d38a,job-3007825ec9c987b05eeb7ba3755e08a8895ed6624e893536ad2c283a1ce55684,IC 3461,123,1784592427.320558,INFO,WORKER_SUPERVISION_ENDED,,"{""completed"":true,""detail"":null,""duration_seconds"":3751.223866290995,""ended_monotonic"":447218.301008791,""last_sample"":{""available_ram_bytes"":8741830656,""collector"":""psutil"",""disk"":{""free_bytes"":148942114816,""free_gib"":138.71315383911133,""path"":""/Users/zuha/Desktop/FKI/4 курс 2025-2026/course_work-SBF/data"",""total_bytes"":994662584320,""total_gib"":926.3517189025879,""used_bytes"":845720469504,""used_gib"":787.6385650634766},""disk_free_bytes"":148942114816,""monotonic"":447188.290650208,""pid"":33905,""swap"":{""free_bytes"":1166213120,""free_gib"":1.08612060546875,""percent"":89.1,""total_bytes"":10737418240,""total_gib"":10.0,""used_bytes"":9571205120,""used_gib"":8.91387939453125},""swap_used_bytes"":9571205120,""system_ram"":{""available_bytes"":8741830656,""available_gib"":8.141464233398438,""percent"":74.6,""total_bytes"":34359738368,""total_gib"":32.0,""used_bytes"":9948004352,""used_gib"":9.264801025390625},""timestamp_utc"":""2026-07-21T00:06:37.303+00:00"",""worker"":{""child_count"":1,""children_rss_bytes"":5439488,""children_rss_gib"":0.00506591796875,""pid"":33905,""rss_bytes"":5441863680,""rss_gib"":5.0681304931640625,""status"":""sleeping"",""total_rss_bytes"":5447303168,""total_rss_gib"":5.0731964111328125},""worker_children_rss_bytes"":5439488,""worker_rss_bytes"":5441863680,""worker_total_rss_bytes"":5447303168},""ok"":true,""reason"":""completed"",""returncode"":0,""sample_count"":125,""signal_name"":null,""started_monotonic"":443467.0771425,""termination"":null}"
1731,run-20260720T164920Z-5f8824d560b3-6a51d38a,job-3007825ec9c987b05eeb7ba3755e08a8895ed6624e893536ad2c283a1ce55684,IC 3461,,1784592427.784478,INFO,JOB_STATE_CHANGED,,"{""from"":""RUNNING"",""to"":""VERIFYING""}"
1732,run-20260720T164920Z-5f8824d560b3-6a51d38a,job-3007825ec9c987b05eeb7ba3755e08a8895ed6624e893536ad2c283a1ce55684,IC 3461,123,1784592427.786926,INFO,ARTIFACT_RECORDED,,"{""artifact_id"":131,""kind"":""clean_model_fits"",""path"":""/Users/zuha/Desktop/FKI/4 курс 2025-2026/course_work-SBF/runs/sbf3_go3055_go7763/products/IC_3461/F150W__F115W/3007825ec9c9/jw07763-o059_t059_nircam_clear-f150w_i2d_01_модель_чистая.fits"",""verified"":true}"
1733,run-20260720T164920Z-5f8824d560b3-6a51d38a,job-3007825ec9c987b05eeb7ba3755e08a8895ed6624e893536ad2c283a1ce55684,IC 3461,123,1784592427.7886012,INFO,ARTIFACT_RECORDED,,"{""artifact_id"":132,""kind"":""clean_isophotes_fits"",""path"":""/Users/zuha/Desktop/FKI/4 курс 2025-2026/course_work-SBF/runs/sbf3_go3055_go7763/products/IC_3461/F150W__F115W/3007825ec9c9/jw07763-o059_t059_nircam_clear-f150w_i2d_02_изофоты_чистые.fits"",""verified"":true}"
1734,run-20260720T164920Z-5f8824d560b3-6a51d38a,job-3007825ec9c987b05eeb7ba3755e08a8895ed6624e893536ad2c283a1ce55684,IC 3461,123,1784592427.78977,INFO,ARTIFACT_RECORDED,,"{""artifact_id"":133,""kind"":""full_residual_fits"",""path"":""/Users/zuha/Desktop/FKI/4 курс 2025-2026/course_work-SBF/runs/sbf3_go3055_go7763/products/IC_3461/F150W__F115W/3007825ec9c9/jw07763-o059_t059_nircam_clear-f150w_i2d_03_остатки_общие.fits"",""verified"":true}"
1735,run-20260720T164920Z-5f8824d560b3-6a51d38a,job-3007825ec9c987b05eeb7ba3755e08a8895ed6624e893536ad2c283a1ce55684,IC 3461,123,1784592427.790747,INFO,ARTIFACT_RECORDED,,"{""artifact_id"":134,""kind"":""working_residual_fits"",""path"":""/Users/zuha/Desktop/FKI/4 курс 2025-2026/course_work-SBF/runs/sbf3_go3055_go7763/products/IC_3461/F150W__F115W/3007825ec9c9/jw07763-o059_t059_nircam_clear-f150w_i2d_04_остатки_общие_рабочие.fits"",""verified"":true}"
1736,run-20260720T164920Z-5f8824d560b3-6a51d38a,job-3007825ec9c987b05eeb7ba3755e08a8895ed6624e893536ad2c283a1ce55684,IC 3461,123,1784592427.7920089,INFO,ARTIFACT_RECORDED,,"{""artifact_id"":135,""kind"":""working_annuli_residual_fits"",""path"":""/Users/zuha/Desktop/FKI/4 курс 2025-2026/course_work-SBF/runs/sbf3_go3055_go7763/products/IC_3461/F150W__F115W/3007825ec9c9/jw07763-o059_t059_nircam_clear-f150w_i2d_05_остатки_общие_рабочие_два_кольца.fits"",""verified"":true}"
1737,run-20260720T164920Z-5f8824d560b3-6a51d38a,job-3007825ec9c987b05eeb7ba3755e08a8895ed6624e893536ad2c283a1ce55684,IC 3461,123,1784592427.793365,INFO,ATTEMPT_ENDED,,"{""exit_code"":0,""state"":""SUCCEEDED""}"
1738,run-20260720T164920Z-5f8824d560b3-6a51d38a,job-3007825ec9c987b05eeb7ba3755e08a8895ed6624e893536ad2c283a1ce55684,IC 3461,,1784592427.7943082,INFO,JOB_STATE_CHANGED,,"{""from"":""VERIFYING"",""to"":""SUCCEEDED""}"
1739,run-20260720T164920Z-5f8824d560b3-6a51d38a,job-3007825ec9c987b05eeb7ba3755e08a8895ed6624e893536ad2c283a1ce55684,IC 3461,123,1784592427.797127,INFO,ARTIFACTS_VERIFIED,,"{""artifact_count"":5,""artifact_manifest_path"":""/Users/zuha/Desktop/FKI/4 курс 2025-2026/course_work-SBF/runs/sbf3_go3055_go7763/batch/artifact_manifests/IC_3461__F150W__F115W__3007825ec9c9_result_artifacts.json"",""artifacts"":[{""exists"":true,""fits_valid"":true,""mtime_ns"":1784589376675879452,""mtime_utc"":""2026-07-20T23:16:16.675+00:00"",""name"":""clean_model_fits"",""ok"":true,""path"":""/Users/zuha/Desktop/FKI/4 курс 2025-2026/course_work-SBF/runs/sbf3_go3055_go7763/products/IC_3461/F150W__F115W/3007825ec9c9/jw07763-o059_t059_nircam_clear-f150w_i2d_01_модель_чистая.fits"",""relative_path"":""jw07763-o059_t059_nircam_clear-f150w_i2d_01_модель_чистая.fits"",""sha256"":""53d32220bb3ddcf2656db49f62e4517a2ed39a8da07ec8458979f11ad8f24d5a"",""size_bytes"":173718720},{""exists"":true,""fits_valid"":true,""mtime_ns"":1784589376881626123,""mtime_utc"":""2026-07-20T23:16:16.881+00:00"",""name"":""clean_isophotes_fits"",""ok"":true,""path"":""/Users/zuha/Desktop/FKI/4 курс 2025-2026/course_work-SBF/runs/sbf3_go3055_go7763/products/IC_3461/F150W__F115W/3007825ec9c9/jw07763-o059_t059_nircam_clear-f150w_i2d_02_изофоты_чистые.fits"",""relative_path"":""jw07763-o059_t059_nircam_clear-f150w_i2d_02_изофоты_чистые.fits"",""sha256"":""e828133b686b1bb1deb43f1fb6429abceb85fd4019decc05602bae57286fc383"",""size_bytes"":173718720},{""exists"":true,""fits_valid"":true,""mtime_ns"":1784589377079061012,""mtime_utc"":""2026-07-20T23:16:17.079+00:00"",""name"":""full_residual_fits"",""ok"":true,""path"":""/Users/zuha/Desktop/FKI/4 курс 2025-2026/course_work-SBF/runs/sbf3_go3055_go7763/products/IC_3461/F150W__F115W/3007825ec9c9/jw07763-o059_t059_nircam_clear-f150w_i2d_03_остатки_общие.fits"",""relative_path"":""jw07763-o059_t059_nircam_clear-f150w_i2d_03_остатки_общие.fits"",""sha256"":""0863e9f8828ca0cb08d5b1f71d54690ebbcd8ef71efa9066b0f0ee555646c1cf"",""size_bytes"":173718720},{""exists"":true,""fits_valid"":true,""mtime_ns"":1784589377256285255,""mtime_utc"":""2026-07-20T23:16:17.256+00:00"",""name"":""working_residual_fits"",""ok"":true,""path"":""/Users/zuha/Desktop/FKI/4 курс 2025-2026/course_work-SBF/runs/sbf3_go3055_go7763/products/IC_3461/F150W__F115W/3007825ec9c9/jw07763-o059_t059_nircam_clear-f150w_i2d_04_остатки_общие_рабочие.fits"",""relative_path"":""jw07763-o059_t059_nircam_clear-f150w_i2d_04_остатки_общие_рабочие.fits"",""sha256"":""ead76401eb3bbdb79301861faa19903c7ecfb7cf45872ed1b289f7bb3e69f4eb"",""size_bytes"":173718720},{""exists"":true,""fits_valid"":true,""mtime_ns"":1784592414622585160,""mtime_utc"":""2026-07-21T00:06:54.622+00:00"",""name"":""working_annuli_residual_fits"",""ok"":true,""path"":""/Users/zuha/Desktop/FKI/4 курс 2025-2026/course_work-SBF/runs/sbf3_go3055_go7763/products/IC_3461/F150W__F115W/3007825ec9c9/jw07763-o059_t059_nircam_clear-f150w_i2d_05_остатки_общие_рабочие_два_кольца.fits"",""relative_path"":""jw07763-o059_t059_nircam_clear-f150w_i2d_05_остатки_общие_рабочие_два_кольца.fits"",""sha256"":""9031958b98c493aac51eb357a75f5f8b6e18b35148510c4e904e252f08059190"",""size_bytes"":173718720}],""target"":""IC 3461""}"
1740,run-20260720T164920Z-5f8824d560b3-6a51d38a,job-65f51acd1d83e9d768edb6e9c0cede8638b703c4391675dce9e30f0f362ca3a4,IC 3466,,1784592427.833719,INFO,JOB_STATE_CHANGED,,"{""from"":""PENDING"",""to"":""READY""}"
1741,run-20260720T164920Z-5f8824d560b3-6a51d38a,job-65f51acd1d83e9d768edb6e9c0cede8638b703c4391675dce9e30f0f362ca3a4,IC 3466,,1784592427.837652,INFO,INPUT_READY_INITIAL,,"{""inputs"":{""color"":{""expected_size_bytes"":1216258560,""filter"":""F115W"",""final_exists"":true,""final_fits_error"":null,""final_path"":""/Users/zuha/Desktop/FKI/4 курс 2025-2026/course_work-SBF/data/IC 3466/jw07763-o068_t068_nircam_clear-f115w_i2d.fits"",""final_ready"":true,""final_size_bytes"":1216258560,""part_exists"":false,""part_metadata"":null,""part_metadata_error"":null,""part_path"":""/Users/zuha/Desktop/FKI/4 курс 2025-2026/course_work-SBF/data/IC 3466/jw07763-o068_t068_nircam_clear-f115w_i2d.fits.part"",""part_size_bytes"":0,""restart_part_exists"":false,""restart_part_path"":""/Users/zuha/Desktop/FKI/4 курс 2025-2026/course_work-SBF/data/IC 3466/jw07763-o068_t068_nircam_clear-f115w_i2d.fits.restart.part"",""restart_part_size_bytes"":0,""transfer_percent"":null},""signal"":{""expected_size_bytes"":1216258560,""filter"":""F150W"",""final_exists"":true,""final_fits_error"":null,""final_path"":""/Users/zuha/Desktop/FKI/4 курс 2025-2026/course_work-SBF/data/IC 3466/jw07763-o068_t068_nircam_clear-f150w_i2d.fits"",""final_ready"":true,""final_size_bytes"":1216258560,""part_exists"":false,""part_metadata"":null,""part_metadata_error"":null,""part_path"":""/Users/zuha/Desktop/FKI/4 курс 2025-2026/course_work-SBF/data/IC 3466/jw07763-o068_t068_nircam_clear-f150w_i2d.fits.part"",""part_size_bytes"":0,""restart_part_exists"":false,""restart_part_path"":""/Users/zuha/Desktop/FKI/4 курс 2025-2026/course_work-SBF/data/IC 3466/jw07763-o068_t068_nircam_clear-f150w_i2d.fits.restart.part"",""restart_part_size_bytes"":0,""transfer_percent"":null}},""program"":""7763"",""target"":""IC 3466""}"
1742,run-20260720T164920Z-5f8824d560b3-6a51d38a,job-65f51acd1d83e9d768edb6e9c0cede8638b703c4391675dce9e30f0f362ca3a4,IC 3466,,1784592427.9437702,INFO,WORKER_START_REQUESTED,,"{""color_path"":""/Users/zuha/Desktop/FKI/4 курс 2025-2026/course_work-SBF/data/IC 3466/jw07763-o068_t068_nircam_clear-f115w_i2d.fits"",""command"":[""/Users/zuha/Desktop/FKI/4 курс 2025-2026/course_work-SBF/astro_env/bin/python3"",""/Users/zuha/Desktop/FKI/4 курс 2025-2026/course_work-SBF/code/run_sbf_batch.py"",""--worker"",""--job-id"",""job-65f51acd1d83e9d768edb6e9c0cede8638b703c4391675dce9e30f0f362ca3a4"",""--galaxy"",""IC 3466"",""--signal"",""/Users/zuha/Desktop/FKI/4 курс 2025-2026/course_work-SBF/data/IC 3466/jw07763-o068_t068_nircam_clear-f150w_i2d.fits"",""--color"",""/Users/zuha/Desktop/FKI/4 курс 2025-2026/course_work-SBF/data/IC 3466/jw07763-o068_t068_nircam_clear-f115w_i2d.fits"",""--signal-filter"",""F150W"",""--color-filter"",""F115W"",""--template"",""/Users/zuha/Desktop/FKI/4 курс 2025-2026/course_work-SBF/code/sbf-3.ipynb"",""--batch-root"",""/Users/zuha/Desktop/FKI/4 курс 2025-2026/course_work-SBF/runs/sbf3_go3055_go7763/batch"",""--products-root"",""/Users/zuha/Desktop/FKI/4 курс 2025-2026/course_work-SBF/runs/sbf3_go3055_go7763/products""],""filters"":{""color"":""F115W"",""signal"":""F150W""},""program"":""7763"",""signal_path"":""/Users/zuha/Desktop/FKI/4 курс 2025-2026/course_work-SBF/data/IC 3466/jw07763-o068_t068_nircam_clear-f150w_i2d.fits"",""target"":""IC 3466""}"
1743,run-20260720T164920Z-5f8824d560b3-6a51d38a,job-65f51acd1d83e9d768edb6e9c0cede8638b703c4391675dce9e30f0f362ca3a4,IC 3466,,1784592427.9443781,INFO,JOB_STATE_CHANGED,,"{""from"":""READY"",""to"":""RUNNING""}"
1744,run-20260720T164920Z-5f8824d560b3-6a51d38a,job-65f51acd1d83e9d768edb6e9c0cede8638b703c4391675dce9e30f0f362ca3a4,IC 3466,124,1784592427.9490108,INFO,ATTEMPT_STARTED,,"{""attempt_no"":1,""pid"":58475}"
1745,run-20260720T164920Z-5f8824d560b3-6a51d38a,job-65f51acd1d83e9d768edb6e9c0cede8638b703c4391675dce9e30f0f362ca3a4,IC 3466,124,1784592517.983434,INFO,WORKER_SUPERVISION_ENDED,,"{""completed"":true,""detail"":null,""duration_seconds"":90.03027066698996,""ended_monotonic"":447308.968089625,""last_sample"":{""available_ram_bytes"":12313575424,""collector"":""psutil"",""disk"":{""free_bytes"":148746076160,""free_gib"":138.53057861328125,""path"":""/Users/zuha/Desktop/FKI/4 курс 2025-2026/course_work-SBF/data"",""total_bytes"":994662584320,""total_gib"":926.3517189025879,""used_bytes"":845916508160,""used_gib"":787.8211402893066},""disk_free_bytes"":148746076160,""monotonic"":447278.95797725,""pid"":58475,""swap"":{""free_bytes"":1166213120,""free_gib"":1.08612060546875,""percent"":89.1,""total_bytes"":10737418240,""total_gib"":10.0,""used_bytes"":9571205120,""used_gib"":8.91387939453125},""swap_used_bytes"":9571205120,""system_ram"":{""available_bytes"":12313575424,""available_gib"":11.467910766601562,""percent"":64.2,""total_bytes"":34359738368,""total_gib"":32.0,""used_bytes"":12700483584,""used_gib"":11.8282470703125},""timestamp_utc"":""2026-07-21T00:08:07.970+00:00"",""worker"":{""child_count"":9,""children_rss_bytes"":1831223296,""children_rss_gib"":1.7054595947265625,""pid"":58475,""rss_bytes"":5964480512,""rss_gib"":5.5548553466796875,""status"":""sleeping"",""total_rss_bytes"":7795703808,""total_rss_gib"":7.26031494140625},""worker_children_rss_bytes"":1831223296,""worker_rss_bytes"":5964480512,""worker_total_rss_bytes"":7795703808},""ok"":false,""reason"":""completed"",""returncode"":1,""sample_count"":3,""signal_name"":null,""started_monotonic"":447218.937818958,""termination"":null}"
1746,run-20260720T164920Z-5f8824d560b3-6a51d38a,job-65f51acd1d83e9d768edb6e9c0cede8638b703c4391675dce9e30f0f362ca3a4,IC 3466,124,1784592517.987587,ERROR,ATTEMPT_ENDED,worker exited 1; required artifacts are absent or invalid,"{""exit_code"":1,""state"":""FAILED""}"
1747,run-20260720T164920Z-5f8824d560b3-6a51d38a,job-65f51acd1d83e9d768edb6e9c0cede8638b703c4391675dce9e30f0f362ca3a4,IC 3466,,1784592517.9910111,INFO,JOB_STATE_CHANGED,worker exited 1; required artifacts are absent or invalid,"{""from"":""RUNNING"",""to"":""RETRY_WAIT""}"
1748,run-20260720T164920Z-5f8824d560b3-6a51d38a,job-6599880840b927b535336f66c4c1eb322174a301bfdbc7bd2d54ff21ccae17ed,IC 3468,,1784592518.037899,INFO,JOB_STATE_CHANGED,,"{""from"":""PENDING"",""to"":""READY""}"
1749,run-20260720T164920Z-5f8824d560b3-6a51d38a,job-6599880840b927b535336f66c4c1eb322174a301bfdbc7bd2d54ff21ccae17ed,IC 3468,,1784592518.0419059,INFO,INPUT_READY_INITIAL,,"{""inputs"":{""color"":{""expected_size_bytes"":1216140480,""filter"":""F115W"",""final_exists"":true,""final_fits_error"":null,""final_path"":""/Users/zuha/Desktop/FKI/4 курс 2025-2026/course_work-SBF/data/IC 3468/jw07763-o046_t046_nircam_clear-f115w_i2d.fits"",""final_ready"":true,""final_size_bytes"":1216140480,""part_exists"":false,""part_metadata"":null,""part_metadata_error"":null,""part_path"":""/Users/zuha/Desktop/FKI/4 курс 2025-2026/course_work-SBF/data/IC 3468/jw07763-o046_t046_nircam_clear-f115w_i2d.fits.part"",""part_size_bytes"":0,""restart_part_exists"":false,""restart_part_path"":""/Users/zuha/Desktop/FKI/4 курс 2025-2026/course_work-SBF/data/IC 3468/jw07763-o046_t046_nircam_clear-f115w_i2d.fits.restart.part"",""restart_part_size_bytes"":0,""transfer_percent"":null},""signal"":{""expected_size_bytes"":1216258560,""filter"":""F150W"",""final_exists"":true,""final_fits_error"":null,""final_path"":""/Users/zuha/Desktop/FKI/4 курс 2025-2026/course_work-SBF/data/IC 3468/jw07763-o046_t046_nircam_clear-f150w_i2d.fits"",""final_ready"":true,""final_size_bytes"":1216258560,""part_exists"":false,""part_metadata"":null,""part_metadata_error"":null,""part_path"":""/Users/zuha/Desktop/FKI/4 курс 2025-2026/course_work-SBF/data/IC 3468/jw07763-o046_t046_nircam_clear-f150w_i2d.fits.part"",""part_size_bytes"":0,""restart_part_exists"":false,""restart_part_path"":""/Users/zuha/Desktop/FKI/4 курс 2025-2026/course_work-SBF/data/IC 3468/jw07763-o046_t046_nircam_clear-f150w_i2d.fits.restart.part"",""restart_part_size_bytes"":0,""transfer_percent"":null}},""program"":""7763"",""target"":""IC 3468""}"
1750,run-20260720T164920Z-5f8824d560b3-6a51d38a,job-6599880840b927b535336f66c4c1eb322174a301bfdbc7bd2d54ff21ccae17ed,IC 3468,,1784592518.113585,INFO,WORKER_START_REQUESTED,,"{""color_path"":""/Users/zuha/Desktop/FKI/4 курс 2025-2026/course_work-SBF/data/IC 3468/jw07763-o046_t046_nircam_clear-f115w_i2d.fits"",""command"":[""/Users/zuha/Desktop/FKI/4 курс 2025-2026/course_work-SBF/astro_env/bin/python3"",""/Users/zuha/Desktop/FKI/4 курс 2025-2026/course_work-SBF/code/run_sbf_batch.py"",""--worker"",""--job-id"",""job-6599880840b927b535336f66c4c1eb322174a301bfdbc7bd2d54ff21ccae17ed"",""--galaxy"",""IC 3468"",""--signal"",""/Users/zuha/Desktop/FKI/4 курс 2025-2026/course_work-SBF/data/IC 3468/jw07763-o046_t046_nircam_clear-f150w_i2d.fits"",""--color"",""/Users/zuha/Desktop/FKI/4 курс 2025-2026/course_work-SBF/data/IC 3468/jw07763-o046_t046_nircam_clear-f115w_i2d.fits"",""--signal-filter"",""F150W"",""--color-filter"",""F115W"",""--template"",""/Users/zuha/Desktop/FKI/4 курс 2025-2026/course_work-SBF/code/sbf-3.ipynb"",""--batch-root"",""/Users/zuha/Desktop/FKI/4 курс 2025-2026/course_work-SBF/runs/sbf3_go3055_go7763/batch"",""--products-root"",""/Users/zuha/Desktop/FKI/4 курс 2025-2026/course_work-SBF/runs/sbf3_go3055_go7763/products""],""filters"":{""color"":""F115W"",""signal"":""F150W""},""program"":""7763"",""signal_path"":""/Users/zuha/Desktop/FKI/4 курс 2025-2026/course_work-SBF/data/IC 3468/jw07763-o046_t046_nircam_clear-f150w_i2d.fits"",""target"":""IC 3468""}"
1751,run-20260720T164920Z-5f8824d560b3-6a51d38a,job-6599880840b927b535336f66c4c1eb322174a301bfdbc7bd2d54ff21ccae17ed,IC 3468,,1784592518.114026,INFO,JOB_STATE_CHANGED,,"{""from"":""READY"",""to"":""RUNNING""}"
1752,run-20260720T164920Z-5f8824d560b3-6a51d38a,job-6599880840b927b535336f66c4c1eb322174a301bfdbc7bd2d54ff21ccae17ed,IC 3468,125,1784592518.117876,INFO,ATTEMPT_STARTED,,"{""attempt_no"":1,""pid"":59064}"
1753,run-20260720T164920Z-5f8824d560b3-6a51d38a,job-6599880840b927b535336f66c4c1eb322174a301bfdbc7bd2d54ff21ccae17ed,IC 3468,125,1784596479.349188,INFO,WORKER_SUPERVISION_ENDED,,"{""completed"":true,""detail"":null,""duration_seconds"":3960.982065249991,""ended_monotonic"":451270.089461958,""last_sample"":{""available_ram_bytes"":7096418304,""collector"":""psutil"",""disk"":{""free_bytes"":145288769536,""free_gib"":135.31071090698242,""path"":""/Users/zuha/Desktop/FKI/4 курс 2025-2026/course_work-SBF/data"",""total_bytes"":994662584320,""total_gib"":926.3517189025879,""used_bytes"":849373814784,""used_gib"":791.0410079956055},""disk_free_bytes"":145288769536,""monotonic"":451240.0890705,""pid"":59064,""swap"":{""free_bytes"":865599488,""free_gib"":0.80615234375,""percent"":92.7,""total_bytes"":11811160064,""total_gib"":11.0,""used_bytes"":10945560576,""used_gib"":10.19384765625},""swap_used_bytes"":10945560576,""system_ram"":{""available_bytes"":7096418304,""available_gib"":6.6090545654296875,""percent"":79.3,""total_bytes"":34359738368,""total_gib"":32.0,""used_bytes"":8617377792,""used_gib"":8.025558471679688},""timestamp_utc"":""2026-07-21T01:14:09.344+00:00"",""worker"":{""child_count"":1,""children_rss_bytes"":5111808,""children_rss_gib"":0.0047607421875,""pid"":59064,""rss_bytes"":5053169664,""rss_gib"":4.7061309814453125,""status"":""sleeping"",""total_rss_bytes"":5058281472,""total_rss_gib"":4.7108917236328125},""worker_children_rss_bytes"":5111808,""worker_rss_bytes"":5053169664,""worker_total_rss_bytes"":5058281472},""ok"":true,""reason"":""completed"",""returncode"":0,""sample_count"":132,""signal_name"":null,""started_monotonic"":447309.107396708,""termination"":null}"
1754,run-20260720T164920Z-5f8824d560b3-6a51d38a,job-6599880840b927b535336f66c4c1eb322174a301bfdbc7bd2d54ff21ccae17ed,IC 3468,,1784596479.8235252,INFO,JOB_STATE_CHANGED,,"{""from"":""RUNNING"",""to"":""VERIFYING""}"
1755,run-20260720T164920Z-5f8824d560b3-6a51d38a,job-6599880840b927b535336f66c4c1eb322174a301bfdbc7bd2d54ff21ccae17ed,IC 3468,125,1784596479.825532,INFO,ARTIFACT_RECORDED,,"{""artifact_id"":136,""kind"":""clean_model_fits"",""path"":""/Users/zuha/Desktop/FKI/4 курс 2025-2026/course_work-SBF/runs/sbf3_go3055_go7763/products/IC_3468/F150W__F115W/6599880840b9/jw07763-o046_t046_nircam_clear-f150w_i2d_01_модель_чистая.fits"",""verified"":true}"
1756,run-20260720T164920Z-5f8824d560b3-6a51d38a,job-6599880840b927b535336f66c4c1eb322174a301bfdbc7bd2d54ff21ccae17ed,IC 3468,125,1784596479.826944,INFO,ARTIFACT_RECORDED,,"{""artifact_id"":137,""kind"":""clean_isophotes_fits"",""path"":""/Users/zuha/Desktop/FKI/4 курс 2025-2026/course_work-SBF/runs/sbf3_go3055_go7763/products/IC_3468/F150W__F115W/6599880840b9/jw07763-o046_t046_nircam_clear-f150w_i2d_02_изофоты_чистые.fits"",""verified"":true}"
1757,run-20260720T164920Z-5f8824d560b3-6a51d38a,job-6599880840b927b535336f66c4c1eb322174a301bfdbc7bd2d54ff21ccae17ed,IC 3468,125,1784596479.827793,INFO,ARTIFACT_RECORDED,,"{""artifact_id"":138,""kind"":""full_residual_fits"",""path"":""/Users/zuha/Desktop/FKI/4 курс 2025-2026/course_work-SBF/runs/sbf3_go3055_go7763/products/IC_3468/F150W__F115W/6599880840b9/jw07763-o046_t046_nircam_clear-f150w_i2d_03_остатки_общие.fits"",""verified"":true}"
1758,run-20260720T164920Z-5f8824d560b3-6a51d38a,job-6599880840b927b535336f66c4c1eb322174a301bfdbc7bd2d54ff21ccae17ed,IC 3468,125,1784596479.8288372,INFO,ARTIFACT_RECORDED,,"{""artifact_id"":139,""kind"":""working_residual_fits"",""path"":""/Users/zuha/Desktop/FKI/4 курс 2025-2026/course_work-SBF/runs/sbf3_go3055_go7763/products/IC_3468/F150W__F115W/6599880840b9/jw07763-o046_t046_nircam_clear-f150w_i2d_04_остатки_общие_рабочие.fits"",""verified"":true}"
1759,run-20260720T164920Z-5f8824d560b3-6a51d38a,job-6599880840b927b535336f66c4c1eb322174a301bfdbc7bd2d54ff21ccae17ed,IC 3468,125,1784596479.829643,INFO,ARTIFACT_RECORDED,,"{""artifact_id"":140,""kind"":""working_annuli_residual_fits"",""path"":""/Users/zuha/Desktop/FKI/4 курс 2025-2026/course_work-SBF/runs/sbf3_go3055_go7763/products/IC_3468/F150W__F115W/6599880840b9/jw07763-o046_t046_nircam_clear-f150w_i2d_05_остатки_общие_рабочие_два_кольца.fits"",""verified"":true}"
1760,run-20260720T164920Z-5f8824d560b3-6a51d38a,job-6599880840b927b535336f66c4c1eb322174a301bfdbc7bd2d54ff21ccae17ed,IC 3468,125,1784596479.830614,INFO,ATTEMPT_ENDED,,"{""exit_code"":0,""state"":""SUCCEEDED""}"
1761,run-20260720T164920Z-5f8824d560b3-6a51d38a,job-6599880840b927b535336f66c4c1eb322174a301bfdbc7bd2d54ff21ccae17ed,IC 3468,,1784596479.8330612,INFO,JOB_STATE_CHANGED,,"{""from"":""VERIFYING"",""to"":""SUCCEEDED""}"
1762,run-20260720T164920Z-5f8824d560b3-6a51d38a,job-6599880840b927b535336f66c4c1eb322174a301bfdbc7bd2d54ff21ccae17ed,IC 3468,125,1784596479.837444,INFO,ARTIFACTS_VERIFIED,,"{""artifact_count"":5,""artifact_manifest_path"":""/Users/zuha/Desktop/FKI/4 курс 2025-2026/course_work-SBF/runs/sbf3_go3055_go7763/batch/artifact_manifests/IC_3468__F150W__F115W__6599880840b9_result_artifacts.json"",""artifacts"":[{""exists"":true,""fits_valid"":true,""mtime_ns"":1784593322620492875,""mtime_utc"":""2026-07-21T00:22:02.620+00:00"",""name"":""clean_model_fits"",""ok"":true,""path"":""/Users/zuha/Desktop/FKI/4 курс 2025-2026/course_work-SBF/runs/sbf3_go3055_go7763/products/IC_3468/F150W__F115W/6599880840b9/jw07763-o046_t046_nircam_clear-f150w_i2d_01_модель_чистая.fits"",""relative_path"":""jw07763-o046_t046_nircam_clear-f150w_i2d_01_модель_чистая.fits"",""sha256"":""fea2eb75d18cfde3e6f1edb1a3c3c6fa12b1cff4178646198e5ee03f07b76571"",""size_bytes"":173718720},{""exists"":true,""fits_valid"":true,""mtime_ns"":1784593322827789987,""mtime_utc"":""2026-07-21T00:22:02.827+00:00"",""name"":""clean_isophotes_fits"",""ok"":true,""path"":""/Users/zuha/Desktop/FKI/4 курс 2025-2026/course_work-SBF/runs/sbf3_go3055_go7763/products/IC_3468/F150W__F115W/6599880840b9/jw07763-o046_t046_nircam_clear-f150w_i2d_02_изофоты_чистые.fits"",""relative_path"":""jw07763-o046_t046_nircam_clear-f150w_i2d_02_изофоты_чистые.fits"",""sha256"":""ed5d3e2253a23b9562d8e61b339f14cdb7180291bbf1b4a1ad8ba89e1b996fcd"",""size_bytes"":173718720},{""exists"":true,""fits_valid"":true,""mtime_ns"":1784593323196585561,""mtime_utc"":""2026-07-21T00:22:03.196+00:00"",""name"":""full_residual_fits"",""ok"":true,""path"":""/Users/zuha/Desktop/FKI/4 курс 2025-2026/course_work-SBF/runs/sbf3_go3055_go7763/products/IC_3468/F150W__F115W/6599880840b9/jw07763-o046_t046_nircam_clear-f150w_i2d_03_остатки_общие.fits"",""relative_path"":""jw07763-o046_t046_nircam_clear-f150w_i2d_03_остатки_общие.fits"",""sha256"":""8e4f6b0d48eeb7794fb01b4647e92396405b1da09c6b1d3f347d82c7dc5a9a35"",""size_bytes"":173718720},{""exists"":true,""fits_valid"":true,""mtime_ns"":1784593323400139797,""mtime_utc"":""2026-07-21T00:22:03.400+00:00"",""name"":""working_residual_fits"",""ok"":true,""path"":""/Users/zuha/Desktop/FKI/4 курс 2025-2026/course_work-SBF/runs/sbf3_go3055_go7763/products/IC_3468/F150W__F115W/6599880840b9/jw07763-o046_t046_nircam_clear-f150w_i2d_04_остатки_общие_рабочие.fits"",""relative_path"":""jw07763-o046_t046_nircam_clear-f150w_i2d_04_остатки_общие_рабочие.fits"",""sha256"":""61eb192668dec58bb07247b0c48dd24e80ce1521140032ddcbe63c94d71257b4"",""size_bytes"":173718720},{""exists"":true,""fits_valid"":true,""mtime_ns"":1784596450087809958,""mtime_utc"":""2026-07-21T01:14:10.087+00:00"",""name"":""working_annuli_residual_fits"",""ok"":true,""path"":""/Users/zuha/Desktop/FKI/4 курс 2025-2026/course_work-SBF/runs/sbf3_go3055_go7763/products/IC_3468/F150W__F115W/6599880840b9/jw07763-o046_t046_nircam_clear-f150w_i2d_05_остатки_общие_рабочие_два_кольца.fits"",""relative_path"":""jw07763-o046_t046_nircam_clear-f150w_i2d_05_остатки_общие_рабочие_два_кольца.fits"",""sha256"":""f0a579051ce715162d313bf25e69cddad41a332414934db52778c02b70c909a4"",""size_bytes"":173718720}],""target"":""IC 3468""}"
1763,run-20260720T164920Z-5f8824d560b3-6a51d38a,job-64a7dbddcd03f1447aaaf3adfdf39ae33d5449850a1fca6b3f3696b34891fa84,IC 3470,,1784596479.897762,INFO,JOB_STATE_CHANGED,,"{""from"":""PENDING"",""to"":""READY""}"
1764,run-20260720T164920Z-5f8824d560b3-6a51d38a,job-64a7dbddcd03f1447aaaf3adfdf39ae33d5449850a1fca6b3f3696b34891fa84,IC 3470,,1784596479.9017532,INFO,INPUT_READY_INITIAL,,"{""inputs"":{""color"":{""expected_size_bytes"":1216258560,""filter"":""F115W"",""final_exists"":true,""final_fits_error"":null,""final_path"":""/Users/zuha/Desktop/FKI/4 курс 2025-2026/course_work-SBF/data/IC 3470/jw07763-o054_t054_nircam_clear-f115w_i2d.fits"",""final_ready"":true,""final_size_bytes"":1216258560,""part_exists"":false,""part_metadata"":null,""part_metadata_error"":null,""part_path"":""/Users/zuha/Desktop/FKI/4 курс 2025-2026/course_work-SBF/data/IC 3470/jw07763-o054_t054_nircam_clear-f115w_i2d.fits.part"",""part_size_bytes"":0,""restart_part_exists"":false,""restart_part_path"":""/Users/zuha/Desktop/FKI/4 курс 2025-2026/course_work-SBF/data/IC 3470/jw07763-o054_t054_nircam_clear-f115w_i2d.fits.restart.part"",""restart_part_size_bytes"":0,""transfer_percent"":null},""signal"":{""expected_size_bytes"":1216137600,""filter"":""F150W"",""final_exists"":true,""final_fits_error"":null,""final_path"":""/Users/zuha/Desktop/FKI/4 курс 2025-2026/course_work-SBF/data/IC 3470/jw07763-o054_t054_nircam_clear-f150w_i2d.fits"",""final_ready"":true,""final_size_bytes"":1216137600,""part_exists"":false,""part_metadata"":null,""part_metadata_error"":null,""part_path"":""/Users/zuha/Desktop/FKI/4 курс 2025-2026/course_work-SBF/data/IC 3470/jw07763-o054_t054_nircam_clear-f150w_i2d.fits.part"",""part_size_bytes"":0,""restart_part_exists"":false,""restart_part_path"":""/Users/zuha/Desktop/FKI/4 курс 2025-2026/course_work-SBF/data/IC 3470/jw07763-o054_t054_nircam_clear-f150w_i2d.fits.restart.part"",""restart_part_size_bytes"":0,""transfer_percent"":null}},""program"":""7763"",""target"":""IC 3470""}"
1765,run-20260720T164920Z-5f8824d560b3-6a51d38a,job-64a7dbddcd03f1447aaaf3adfdf39ae33d5449850a1fca6b3f3696b34891fa84,IC 3470,,1784596479.999176,INFO,WORKER_START_REQUESTED,,"{""color_path"":""/Users/zuha/Desktop/FKI/4 курс 2025-2026/course_work-SBF/data/IC 3470/jw07763-o054_t054_nircam_clear-f115w_i2d.fits"",""command"":[""/Users/zuha/Desktop/FKI/4 курс 2025-2026/course_work-SBF/astro_env/bin/python3"",""/Users/zuha/Desktop/FKI/4 курс 2025-2026/course_work-SBF/code/run_sbf_batch.py"",""--worker"",""--job-id"",""job-64a7dbddcd03f1447aaaf3adfdf39ae33d5449850a1fca6b3f3696b34891fa84"",""--galaxy"",""IC 3470"",""--signal"",""/Users/zuha/Desktop/FKI/4 курс 2025-2026/course_work-SBF/data/IC 3470/jw07763-o054_t054_nircam_clear-f150w_i2d.fits"",""--color"",""/Users/zuha/Desktop/FKI/4 курс 2025-2026/course_work-SBF/data/IC 3470/jw07763-o054_t054_nircam_clear-f115w_i2d.fits"",""--signal-filter"",""F150W"",""--color-filter"",""F115W"",""--template"",""/Users/zuha/Desktop/FKI/4 курс 2025-2026/course_work-SBF/code/sbf-3.ipynb"",""--batch-root"",""/Users/zuha/Desktop/FKI/4 курс 2025-2026/course_work-SBF/runs/sbf3_go3055_go7763/batch"",""--products-root"",""/Users/zuha/Desktop/FKI/4 курс 2025-2026/course_work-SBF/runs/sbf3_go3055_go7763/products""],""filters"":{""color"":""F115W"",""signal"":""F150W""},""program"":""7763"",""signal_path"":""/Users/zuha/Desktop/FKI/4 курс 2025-2026/course_work-SBF/data/IC 3470/jw07763-o054_t054_nircam_clear-f150w_i2d.fits"",""target"":""IC 3470""}"
1766,run-20260720T164920Z-5f8824d560b3-6a51d38a,job-64a7dbddcd03f1447aaaf3adfdf39ae33d5449850a1fca6b3f3696b34891fa84,IC 3470,,1784596479.9999502,INFO,JOB_STATE_CHANGED,,"{""from"":""READY"",""to"":""RUNNING""}"
1767,run-20260720T164920Z-5f8824d560b3-6a51d38a,job-64a7dbddcd03f1447aaaf3adfdf39ae33d5449850a1fca6b3f3696b34891fa84,IC 3470,126,1784596480.007375,INFO,ATTEMPT_STARTED,,"{""attempt_no"":1,""pid"":90903}"
1768,run-20260720T164920Z-5f8824d560b3-6a51d38a,job-64a7dbddcd03f1447aaaf3adfdf39ae33d5449850a1fca6b3f3696b34891fa84,IC 3470,126,1784600800.676717,INFO,WORKER_SUPERVISION_ENDED,,"{""completed"":true,""detail"":null,""duration_seconds"":4320.590274667018,""ended_monotonic"":455591.344571708,""last_sample"":{""available_ram_bytes"":9526018048,""collector"":""psutil"",""disk"":{""free_bytes"":198200107008,""free_gib"":184.5882339477539,""path"":""/Users/zuha/Desktop/FKI/4 курс 2025-2026/course_work-SBF/data"",""total_bytes"":994662584320,""total_gib"":926.3517189025879,""used_bytes"":796462477312,""used_gib"":741.763484954834},""disk_free_bytes"":198200107008,""monotonic"":455561.338367708,""pid"":90903,""swap"":{""free_bytes"":899284992,""free_gib"":0.8375244140625,""percent"":95.1,""total_bytes"":18253611008,""total_gib"":17.0,""used_bytes"":17354326016,""used_gib"":16.1624755859375},""swap_used_bytes"":17354326016,""system_ram"":{""available_bytes"":9526018048,""available_gib"":8.871795654296875,""percent"":72.3,""total_bytes"":34359738368,""total_gib"":32.0,""used_bytes"":12497977344,""used_gib"":11.6396484375},""timestamp_utc"":""2026-07-21T02:26:10.661+00:00"",""worker"":{""child_count"":1,""children_rss_bytes"":2228224,""children_rss_gib"":0.0020751953125,""pid"":90903,""rss_bytes"":6665224192,""rss_gib"":6.2074737548828125,""status"":""sleeping"",""total_rss_bytes"":6667452416,""total_rss_gib"":6.2095489501953125},""worker_children_rss_bytes"":2228224,""worker_rss_bytes"":6665224192,""worker_total_rss_bytes"":6667452416},""ok"":true,""reason"":""completed"",""returncode"":0,""sample_count"":144,""signal_name"":null,""started_monotonic"":451270.754297041,""termination"":null}"
1769,run-20260720T164920Z-5f8824d560b3-6a51d38a,job-64a7dbddcd03f1447aaaf3adfdf39ae33d5449850a1fca6b3f3696b34891fa84,IC 3470,,1784600801.129854,INFO,JOB_STATE_CHANGED,,"{""from"":""RUNNING"",""to"":""VERIFYING""}"
1770,run-20260720T164920Z-5f8824d560b3-6a51d38a,job-64a7dbddcd03f1447aaaf3adfdf39ae33d5449850a1fca6b3f3696b34891fa84,IC 3470,126,1784600801.132761,INFO,ARTIFACT_RECORDED,,"{""artifact_id"":141,""kind"":""clean_model_fits"",""path"":""/Users/zuha/Desktop/FKI/4 курс 2025-2026/course_work-SBF/runs/sbf3_go3055_go7763/products/IC_3470/F150W__F115W/64a7dbddcd03/jw07763-o054_t054_nircam_clear-f150w_i2d_01_модель_чистая.fits"",""verified"":true}"
1771,run-20260720T164920Z-5f8824d560b3-6a51d38a,job-64a7dbddcd03f1447aaaf3adfdf39ae33d5449850a1fca6b3f3696b34891fa84,IC 3470,126,1784600801.134426,INFO,ARTIFACT_RECORDED,,"{""artifact_id"":142,""kind"":""clean_isophotes_fits"",""path"":""/Users/zuha/Desktop/FKI/4 курс 2025-2026/course_work-SBF/runs/sbf3_go3055_go7763/products/IC_3470/F150W__F115W/64a7dbddcd03/jw07763-o054_t054_nircam_clear-f150w_i2d_02_изофоты_чистые.fits"",""verified"":true}"
1772,run-20260720T164920Z-5f8824d560b3-6a51d38a,job-64a7dbddcd03f1447aaaf3adfdf39ae33d5449850a1fca6b3f3696b34891fa84,IC 3470,126,1784600801.135635,INFO,ARTIFACT_RECORDED,,"{""artifact_id"":143,""kind"":""full_residual_fits"",""path"":""/Users/zuha/Desktop/FKI/4 курс 2025-2026/course_work-SBF/runs/sbf3_go3055_go7763/products/IC_3470/F150W__F115W/64a7dbddcd03/jw07763-o054_t054_nircam_clear-f150w_i2d_03_остатки_общие.fits"",""verified"":true}"
1773,run-20260720T164920Z-5f8824d560b3-6a51d38a,job-64a7dbddcd03f1447aaaf3adfdf39ae33d5449850a1fca6b3f3696b34891fa84,IC 3470,126,1784600801.136991,INFO,ARTIFACT_RECORDED,,"{""artifact_id"":144,""kind"":""working_residual_fits"",""path"":""/Users/zuha/Desktop/FKI/4 курс 2025-2026/course_work-SBF/runs/sbf3_go3055_go7763/products/IC_3470/F150W__F115W/64a7dbddcd03/jw07763-o054_t054_nircam_clear-f150w_i2d_04_остатки_общие_рабочие.fits"",""verified"":true}"
1774,run-20260720T164920Z-5f8824d560b3-6a51d38a,job-64a7dbddcd03f1447aaaf3adfdf39ae33d5449850a1fca6b3f3696b34891fa84,IC 3470,126,1784600801.137909,INFO,ARTIFACT_RECORDED,,"{""artifact_id"":145,""kind"":""working_annuli_residual_fits"",""path"":""/Users/zuha/Desktop/FKI/4 курс 2025-2026/course_work-SBF/runs/sbf3_go3055_go7763/products/IC_3470/F150W__F115W/64a7dbddcd03/jw07763-o054_t054_nircam_clear-f150w_i2d_05_остатки_общие_рабочие_два_кольца.fits"",""verified"":true}"
1775,run-20260720T164920Z-5f8824d560b3-6a51d38a,job-64a7dbddcd03f1447aaaf3adfdf39ae33d5449850a1fca6b3f3696b34891fa84,IC 3470,126,1784600801.138883,INFO,ATTEMPT_ENDED,,"{""exit_code"":0,""state"":""SUCCEEDED""}"
1776,run-20260720T164920Z-5f8824d560b3-6a51d38a,job-64a7dbddcd03f1447aaaf3adfdf39ae33d5449850a1fca6b3f3696b34891fa84,IC 3470,,1784600801.139689,INFO,JOB_STATE_CHANGED,,"{""from"":""VERIFYING"",""to"":""SUCCEEDED""}"
1777,run-20260720T164920Z-5f8824d560b3-6a51d38a,job-64a7dbddcd03f1447aaaf3adfdf39ae33d5449850a1fca6b3f3696b34891fa84,IC 3470,126,1784600801.144046,INFO,ARTIFACTS_VERIFIED,,"{""artifact_count"":5,""artifact_manifest_path"":""/Users/zuha/Desktop/FKI/4 курс 2025-2026/course_work-SBF/runs/sbf3_go3055_go7763/batch/artifact_manifests/IC_3470__F150W__F115W__64a7dbddcd03_result_artifacts.json"",""artifacts"":[{""exists"":true,""fits_valid"":true,""mtime_ns"":1784597420987043419,""mtime_utc"":""2026-07-21T01:30:20.987+00:00"",""name"":""clean_model_fits"",""ok"":true,""path"":""/Users/zuha/Desktop/FKI/4 курс 2025-2026/course_work-SBF/runs/sbf3_go3055_go7763/products/IC_3470/F150W__F115W/64a7dbddcd03/jw07763-o054_t054_nircam_clear-f150w_i2d_01_модель_чистая.fits"",""relative_path"":""jw07763-o054_t054_nircam_clear-f150w_i2d_01_модель_чистая.fits"",""sha256"":""f44f56a9b1aa0d6c50b48c453b59b57f4f24ac349c2570a43cb90857af98b270"",""size_bytes"":173701440},{""exists"":true,""fits_valid"":true,""mtime_ns"":1784597421107719253,""mtime_utc"":""2026-07-21T01:30:21.107+00:00"",""name"":""clean_isophotes_fits"",""ok"":true,""path"":""/Users/zuha/Desktop/FKI/4 курс 2025-2026/course_work-SBF/runs/sbf3_go3055_go7763/products/IC_3470/F150W__F115W/64a7dbddcd03/jw07763-o054_t054_nircam_clear-f150w_i2d_02_изофоты_чистые.fits"",""relative_path"":""jw07763-o054_t054_nircam_clear-f150w_i2d_02_изофоты_чистые.fits"",""sha256"":""b1dcb734f75c94f53bdd36761b1dcc0627194d8d77c85da26fdcf660656fd906"",""size_bytes"":173701440},{""exists"":true,""fits_valid"":true,""mtime_ns"":1784597421357017434,""mtime_utc"":""2026-07-21T01:30:21.357+00:00"",""name"":""full_residual_fits"",""ok"":true,""path"":""/Users/zuha/Desktop/FKI/4 курс 2025-2026/course_work-SBF/runs/sbf3_go3055_go7763/products/IC_3470/F150W__F115W/64a7dbddcd03/jw07763-o054_t054_nircam_clear-f150w_i2d_03_остатки_общие.fits"",""relative_path"":""jw07763-o054_t054_nircam_clear-f150w_i2d_03_остатки_общие.fits"",""sha256"":""dcc10d9f563e47d971b8727215c6377d126da9c67a864f6018f7c546e850bfbc"",""size_bytes"":173701440},{""exists"":true,""fits_valid"":true,""mtime_ns"":1784597421449010570,""mtime_utc"":""2026-07-21T01:30:21.449+00:00"",""name"":""working_residual_fits"",""ok"":true,""path"":""/Users/zuha/Desktop/FKI/4 курс 2025-2026/course_work-SBF/runs/sbf3_go3055_go7763/products/IC_3470/F150W__F115W/64a7dbddcd03/jw07763-o054_t054_nircam_clear-f150w_i2d_04_остатки_общие_рабочие.fits"",""relative_path"":""jw07763-o054_t054_nircam_clear-f150w_i2d_04_остатки_общие_рабочие.fits"",""sha256"":""70e99f1b20d5830f984b9e8a042bc3648146d381e018edc47d5027de6422d8ac"",""size_bytes"":173701440},{""exists"":true,""fits_valid"":true,""mtime_ns"":1784600777931932081,""mtime_utc"":""2026-07-21T02:26:17.931+00:00"",""name"":""working_annuli_residual_fits"",""ok"":true,""path"":""/Users/zuha/Desktop/FKI/4 курс 2025-2026/course_work-SBF/runs/sbf3_go3055_go7763/products/IC_3470/F150W__F115W/64a7dbddcd03/jw07763-o054_t054_nircam_clear-f150w_i2d_05_остатки_общие_рабочие_два_кольца.fits"",""relative_path"":""jw07763-o054_t054_nircam_clear-f150w_i2d_05_остатки_общие_рабочие_два_кольца.fits"",""sha256"":""bdccaa92aa381ba4eebd8a0ad397f995615fe3fa424c50b66f858e248c22566c"",""size_bytes"":173701440}],""target"":""IC 3470""}"
1778,run-20260720T164920Z-5f8824d560b3-6a51d38a,job-61fe7f542274d5a8ef9211ec20fb46b0328089f3d1fc31cdc1fa0057deb0ab44,IC 3475,,1784600801.204027,INFO,JOB_STATE_CHANGED,,"{""from"":""PENDING"",""to"":""READY""}"
1779,run-20260720T164920Z-5f8824d560b3-6a51d38a,job-61fe7f542274d5a8ef9211ec20fb46b0328089f3d1fc31cdc1fa0057deb0ab44,IC 3475,,1784600801.2074938,INFO,INPUT_READY_INITIAL,,"{""inputs"":{""color"":{""expected_size_bytes"":1216137600,""filter"":""F115W"",""final_exists"":true,""final_fits_error"":null,""final_path"":""/Users/zuha/Desktop/FKI/4 курс 2025-2026/course_work-SBF/data/IC 3475/jw07763-o047_t047_nircam_clear-f115w_i2d.fits"",""final_ready"":true,""final_size_bytes"":1216137600,""part_exists"":false,""part_metadata"":null,""part_metadata_error"":null,""part_path"":""/Users/zuha/Desktop/FKI/4 курс 2025-2026/course_work-SBF/data/IC 3475/jw07763-o047_t047_nircam_clear-f115w_i2d.fits.part"",""part_size_bytes"":0,""restart_part_exists"":false,""restart_part_path"":""/Users/zuha/Desktop/FKI/4 курс 2025-2026/course_work-SBF/data/IC 3475/jw07763-o047_t047_nircam_clear-f115w_i2d.fits.restart.part"",""restart_part_size_bytes"":0,""transfer_percent"":null},""signal"":{""expected_size_bytes"":1216258560,""filter"":""F150W"",""final_exists"":true,""final_fits_error"":null,""final_path"":""/Users/zuha/Desktop/FKI/4 курс 2025-2026/course_work-SBF/data/IC 3475/jw07763-o047_t047_nircam_clear-f150w_i2d.fits"",""final_ready"":true,""final_size_bytes"":1216258560,""part_exists"":false,""part_metadata"":null,""part_metadata_error"":null,""part_path"":""/Users/zuha/Desktop/FKI/4 курс 2025-2026/course_work-SBF/data/IC 3475/jw07763-o047_t047_nircam_clear-f150w_i2d.fits.part"",""part_size_bytes"":0,""restart_part_exists"":false,""restart_part_path"":""/Users/zuha/Desktop/FKI/4 курс 2025-2026/course_work-SBF/data/IC 3475/jw07763-o047_t047_nircam_clear-f150w_i2d.fits.restart.part"",""restart_part_size_bytes"":0,""transfer_percent"":null}},""program"":""7763"",""target"":""IC 3475""}"
1780,run-20260720T164920Z-5f8824d560b3-6a51d38a,job-61fe7f542274d5a8ef9211ec20fb46b0328089f3d1fc31cdc1fa0057deb0ab44,IC 3475,,1784600801.3034,INFO,WORKER_START_REQUESTED,,"{""color_path"":""/Users/zuha/Desktop/FKI/4 курс 2025-2026/course_work-SBF/data/IC 3475/jw07763-o047_t047_nircam_clear-f115w_i2d.fits"",""command"":[""/Users/zuha/Desktop/FKI/4 курс 2025-2026/course_work-SBF/astro_env/bin/python3"",""/Users/zuha/Desktop/FKI/4 курс 2025-2026/course_work-SBF/code/run_sbf_batch.py"",""--worker"",""--job-id"",""job-61fe7f542274d5a8ef9211ec20fb46b0328089f3d1fc31cdc1fa0057deb0ab44"",""--galaxy"",""IC 3475"",""--signal"",""/Users/zuha/Desktop/FKI/4 курс 2025-2026/course_work-SBF/data/IC 3475/jw07763-o047_t047_nircam_clear-f150w_i2d.fits"",""--color"",""/Users/zuha/Desktop/FKI/4 курс 2025-2026/course_work-SBF/data/IC 3475/jw07763-o047_t047_nircam_clear-f115w_i2d.fits"",""--signal-filter"",""F150W"",""--color-filter"",""F115W"",""--template"",""/Users/zuha/Desktop/FKI/4 курс 2025-2026/course_work-SBF/code/sbf-3.ipynb"",""--batch-root"",""/Users/zuha/Desktop/FKI/4 курс 2025-2026/course_work-SBF/runs/sbf3_go3055_go7763/batch"",""--products-root"",""/Users/zuha/Desktop/FKI/4 курс 2025-2026/course_work-SBF/runs/sbf3_go3055_go7763/products""],""filters"":{""color"":""F115W"",""signal"":""F150W""},""program"":""7763"",""signal_path"":""/Users/zuha/Desktop/FKI/4 курс 2025-2026/course_work-SBF/data/IC 3475/jw07763-o047_t047_nircam_clear-f150w_i2d.fits"",""target"":""IC 3475""}"
1781,run-20260720T164920Z-5f8824d560b3-6a51d38a,job-61fe7f542274d5a8ef9211ec20fb46b0328089f3d1fc31cdc1fa0057deb0ab44,IC 3475,,1784600801.303958,INFO,JOB_STATE_CHANGED,,"{""from"":""READY"",""to"":""RUNNING""}"
1782,run-20260720T164920Z-5f8824d560b3-6a51d38a,job-61fe7f542274d5a8ef9211ec20fb46b0328089f3d1fc31cdc1fa0057deb0ab44,IC 3475,127,1784600801.309618,INFO,ATTEMPT_STARTED,,"{""attempt_no"":1,""pid"":33829}"
1783,run-20260720T164920Z-5f8824d560b3-6a51d38a,job-61fe7f542274d5a8ef9211ec20fb46b0328089f3d1fc31cdc1fa0057deb0ab44,IC 3475,127,1784601311.371833,INFO,WORKER_SUPERVISION_ENDED,,"{""completed"":true,""detail"":null,""duration_seconds"":510.0550788330147,""ended_monotonic"":456102.042834208,""last_sample"":{""available_ram_bytes"":12713279488,""collector"":""psutil"",""disk"":{""free_bytes"":209299873792,""free_gib"":194.92569732666016,""path"":""/Users/zuha/Desktop/FKI/4 курс 2025-2026/course_work-SBF/data"",""total_bytes"":994662584320,""total_gib"":926.3517189025879,""used_bytes"":785362710528,""used_gib"":731.4260215759277},""disk_free_bytes"":209299873792,""monotonic"":456072.042388833,""pid"":33829,""swap"":{""free_bytes"":1125777408,""free_gib"":1.0484619140625,""percent"":93.8,""total_bytes"":18253611008,""total_gib"":17.0,""used_bytes"":17127833600,""used_gib"":15.9515380859375},""swap_used_bytes"":17127833600,""system_ram"":{""available_bytes"":12713279488,""available_gib"":11.840164184570312,""percent"":63.0,""total_bytes"":34359738368,""total_gib"":32.0,""used_bytes"":12564234240,""used_gib"":11.70135498046875},""timestamp_utc"":""2026-07-21T02:34:41.366+00:00"",""worker"":{""child_count"":9,""children_rss_bytes"":433160192,""children_rss_gib"":0.403411865234375,""pid"":33829,""rss_bytes"":41369600,""rss_gib"":0.0385284423828125,""status"":""sleeping"",""total_rss_bytes"":474529792,""total_rss_gib"":0.4419403076171875},""worker_children_rss_bytes"":433160192,""worker_rss_bytes"":41369600,""worker_total_rss_bytes"":474529792},""ok"":false,""reason"":""completed"",""returncode"":1,""sample_count"":17,""signal_name"":null,""started_monotonic"":455591.987755375,""termination"":null}"
1784,run-20260720T164920Z-5f8824d560b3-6a51d38a,job-61fe7f542274d5a8ef9211ec20fb46b0328089f3d1fc31cdc1fa0057deb0ab44,IC 3475,127,1784601311.379034,ERROR,ATTEMPT_ENDED,worker exited 1; required artifacts are absent or invalid,"{""exit_code"":1,""state"":""FAILED""}"
1785,run-20260720T164920Z-5f8824d560b3-6a51d38a,job-61fe7f542274d5a8ef9211ec20fb46b0328089f3d1fc31cdc1fa0057deb0ab44,IC 3475,,1784601311.3857422,INFO,JOB_STATE_CHANGED,worker exited 1; required artifacts are absent or invalid,"{""from"":""RUNNING"",""to"":""RETRY_WAIT""}"
1786,run-20260720T164920Z-5f8824d560b3-6a51d38a,job-4211913ef367c80d671491e406541f9c8267da6522c945521133c8825da3d494,IC 3486,,1784601311.443306,INFO,JOB_STATE_CHANGED,,"{""from"":""PENDING"",""to"":""READY""}"
1787,run-20260720T164920Z-5f8824d560b3-6a51d38a,job-4211913ef367c80d671491e406541f9c8267da6522c945521133c8825da3d494,IC 3486,,1784601311.44821,INFO,INPUT_READY_INITIAL,,"{""inputs"":{""color"":{""expected_size_bytes"":1216137600,""filter"":""F115W"",""final_exists"":true,""final_fits_error"":null,""final_path"":""/Users/zuha/Desktop/FKI/4 курс 2025-2026/course_work-SBF/data/IC 3486/jw07763-o060_t060_nircam_clear-f115w_i2d.fits"",""final_ready"":true,""final_size_bytes"":1216137600,""part_exists"":false,""part_metadata"":null,""part_metadata_error"":null,""part_path"":""/Users/zuha/Desktop/FKI/4 курс 2025-2026/course_work-SBF/data/IC 3486/jw07763-o060_t060_nircam_clear-f115w_i2d.fits.part"",""part_size_bytes"":0,""restart_part_exists"":false,""restart_part_path"":""/Users/zuha/Desktop/FKI/4 курс 2025-2026/course_work-SBF/data/IC 3486/jw07763-o060_t060_nircam_clear-f115w_i2d.fits.restart.part"",""restart_part_size_bytes"":0,""transfer_percent"":null},""signal"":{""expected_size_bytes"":1216137600,""filter"":""F150W"",""final_exists"":true,""final_fits_error"":null,""final_path"":""/Users/zuha/Desktop/FKI/4 курс 2025-2026/course_work-SBF/data/IC 3486/jw07763-o060_t060_nircam_clear-f150w_i2d.fits"",""final_ready"":true,""final_size_bytes"":1216137600,""part_exists"":false,""part_metadata"":null,""part_metadata_error"":null,""part_path"":""/Users/zuha/Desktop/FKI/4 курс 2025-2026/course_work-SBF/data/IC 3486/jw07763-o060_t060_nircam_clear-f150w_i2d.fits.part"",""part_size_bytes"":0,""restart_part_exists"":false,""restart_part_path"":""/Users/zuha/Desktop/FKI/4 курс 2025-2026/course_work-SBF/data/IC 3486/jw07763-o060_t060_nircam_clear-f150w_i2d.fits.restart.part"",""restart_part_size_bytes"":0,""transfer_percent"":null}},""program"":""7763"",""target"":""IC 3486""}"
1788,run-20260720T164920Z-5f8824d560b3-6a51d38a,job-4211913ef367c80d671491e406541f9c8267da6522c945521133c8825da3d494,IC 3486,,1784601311.58046,INFO,WORKER_START_REQUESTED,,"{""color_path"":""/Users/zuha/Desktop/FKI/4 курс 2025-2026/course_work-SBF/data/IC 3486/jw07763-o060_t060_nircam_clear-f115w_i2d.fits"",""command"":[""/Users/zuha/Desktop/FKI/4 курс 2025-2026/course_work-SBF/astro_env/bin/python3"",""/Users/zuha/Desktop/FKI/4 курс 2025-2026/course_work-SBF/code/run_sbf_batch.py"",""--worker"",""--job-id"",""job-4211913ef367c80d671491e406541f9c8267da6522c945521133c8825da3d494"",""--galaxy"",""IC 3486"",""--signal"",""/Users/zuha/Desktop/FKI/4 курс 2025-2026/course_work-SBF/data/IC 3486/jw07763-o060_t060_nircam_clear-f150w_i2d.fits"",""--color"",""/Users/zuha/Desktop/FKI/4 курс 2025-2026/course_work-SBF/data/IC 3486/jw07763-o060_t060_nircam_clear-f115w_i2d.fits"",""--signal-filter"",""F150W"",""--color-filter"",""F115W"",""--template"",""/Users/zuha/Desktop/FKI/4 курс 2025-2026/course_work-SBF/code/sbf-3.ipynb"",""--batch-root"",""/Users/zuha/Desktop/FKI/4 курс 2025-2026/course_work-SBF/runs/sbf3_go3055_go7763/batch"",""--products-root"",""/Users/zuha/Desktop/FKI/4 курс 2025-2026/course_work-SBF/runs/sbf3_go3055_go7763/products""],""filters"":{""color"":""F115W"",""signal"":""F150W""},""program"":""7763"",""signal_path"":""/Users/zuha/Desktop/FKI/4 курс 2025-2026/course_work-SBF/data/IC 3486/jw07763-o060_t060_nircam_clear-f150w_i2d.fits"",""target"":""IC 3486""}"
1789,run-20260720T164920Z-5f8824d560b3-6a51d38a,job-4211913ef367c80d671491e406541f9c8267da6522c945521133c8825da3d494,IC 3486,,1784601311.581318,INFO,JOB_STATE_CHANGED,,"{""from"":""READY"",""to"":""RUNNING""}"
1790,run-20260720T164920Z-5f8824d560b3-6a51d38a,job-4211913ef367c80d671491e406541f9c8267da6522c945521133c8825da3d494,IC 3486,128,1784601311.586324,INFO,ATTEMPT_STARTED,,"{""attempt_no"":1,""pid"":38668}"
1791,run-20260720T164920Z-5f8824d560b3-6a51d38a,job-4211913ef367c80d671491e406541f9c8267da6522c945521133c8825da3d494,IC 3486,128,1784605242.561394,INFO,WORKER_SUPERVISION_ENDED,,"{""completed"":true,""detail"":null,""duration_seconds"":3930.84363770904,""ended_monotonic"":460033.107305,""last_sample"":{""available_ram_bytes"":15458353152,""collector"":""psutil"",""disk"":{""free_bytes"":212941369344,""free_gib"":198.3171043395996,""path"":""/Users/zuha/Desktop/FKI/4 курс 2025-2026/course_work-SBF/data"",""total_bytes"":994662584320,""total_gib"":926.3517189025879,""used_bytes"":781721214976,""used_gib"":728.0346145629883},""disk_free_bytes"":212941369344,""monotonic"":460003.097060583,""pid"":38668,""swap"":{""free_bytes"":1245118464,""free_gib"":1.15960693359375,""percent"":94.5,""total_bytes"":22548578304,""total_gib"":21.0,""used_bytes"":21303459840,""used_gib"":19.84039306640625},""swap_used_bytes"":21303459840,""system_ram"":{""available_bytes"":15458353152,""available_gib"":14.396713256835938,""percent"":55.0,""total_bytes"":34359738368,""total_gib"":32.0,""used_bytes"":16313155584,""used_gib"":15.19281005859375},""timestamp_utc"":""2026-07-21T03:40:12.541+00:00"",""worker"":{""child_count"":1,""children_rss_bytes"":2326528,""children_rss_gib"":0.002166748046875,""pid"":38668,""rss_bytes"":9500360704,""rss_gib"":8.847900390625,""status"":""sleeping"",""total_rss_bytes"":9502687232,""total_rss_gib"":8.850067138671875},""worker_children_rss_bytes"":2326528,""worker_rss_bytes"":9500360704,""worker_total_rss_bytes"":9502687232},""ok"":true,""reason"":""completed"",""returncode"":0,""sample_count"":131,""signal_name"":null,""started_monotonic"":456102.263667291,""termination"":null}"
1792,run-20260720T164920Z-5f8824d560b3-6a51d38a,job-4211913ef367c80d671491e406541f9c8267da6522c945521133c8825da3d494,IC 3486,,1784605243.0320818,INFO,JOB_STATE_CHANGED,,"{""from"":""RUNNING"",""to"":""VERIFYING""}"
1793,run-20260720T164920Z-5f8824d560b3-6a51d38a,job-4211913ef367c80d671491e406541f9c8267da6522c945521133c8825da3d494,IC 3486,128,1784605243.0347378,INFO,ARTIFACT_RECORDED,,"{""artifact_id"":146,""kind"":""clean_model_fits"",""path"":""/Users/zuha/Desktop/FKI/4 курс 2025-2026/course_work-SBF/runs/sbf3_go3055_go7763/products/IC_3486/F150W__F115W/4211913ef367/jw07763-o060_t060_nircam_clear-f150w_i2d_01_модель_чистая.fits"",""verified"":true}"
1794,run-20260720T164920Z-5f8824d560b3-6a51d38a,job-4211913ef367c80d671491e406541f9c8267da6522c945521133c8825da3d494,IC 3486,128,1784605243.036594,INFO,ARTIFACT_RECORDED,,"{""artifact_id"":147,""kind"":""clean_isophotes_fits"",""path"":""/Users/zuha/Desktop/FKI/4 курс 2025-2026/course_work-SBF/runs/sbf3_go3055_go7763/products/IC_3486/F150W__F115W/4211913ef367/jw07763-o060_t060_nircam_clear-f150w_i2d_02_изофоты_чистые.fits"",""verified"":true}"
1795,run-20260720T164920Z-5f8824d560b3-6a51d38a,job-4211913ef367c80d671491e406541f9c8267da6522c945521133c8825da3d494,IC 3486,128,1784605243.038,INFO,ARTIFACT_RECORDED,,"{""artifact_id"":148,""kind"":""full_residual_fits"",""path"":""/Users/zuha/Desktop/FKI/4 курс 2025-2026/course_work-SBF/runs/sbf3_go3055_go7763/products/IC_3486/F150W__F115W/4211913ef367/jw07763-o060_t060_nircam_clear-f150w_i2d_03_остатки_общие.fits"",""verified"":true}"
1796,run-20260720T164920Z-5f8824d560b3-6a51d38a,job-4211913ef367c80d671491e406541f9c8267da6522c945521133c8825da3d494,IC 3486,128,1784605243.039487,INFO,ARTIFACT_RECORDED,,"{""artifact_id"":149,""kind"":""working_residual_fits"",""path"":""/Users/zuha/Desktop/FKI/4 курс 2025-2026/course_work-SBF/runs/sbf3_go3055_go7763/products/IC_3486/F150W__F115W/4211913ef367/jw07763-o060_t060_nircam_clear-f150w_i2d_04_остатки_общие_рабочие.fits"",""verified"":true}"
1797,run-20260720T164920Z-5f8824d560b3-6a51d38a,job-4211913ef367c80d671491e406541f9c8267da6522c945521133c8825da3d494,IC 3486,128,1784605243.04031,INFO,ARTIFACT_RECORDED,,"{""artifact_id"":150,""kind"":""working_annuli_residual_fits"",""path"":""/Users/zuha/Desktop/FKI/4 курс 2025-2026/course_work-SBF/runs/sbf3_go3055_go7763/products/IC_3486/F150W__F115W/4211913ef367/jw07763-o060_t060_nircam_clear-f150w_i2d_05_остатки_общие_рабочие_два_кольца.fits"",""verified"":true}"
1798,run-20260720T164920Z-5f8824d560b3-6a51d38a,job-4211913ef367c80d671491e406541f9c8267da6522c945521133c8825da3d494,IC 3486,128,1784605243.041376,INFO,ATTEMPT_ENDED,,"{""exit_code"":0,""state"":""SUCCEEDED""}"
1799,run-20260720T164920Z-5f8824d560b3-6a51d38a,job-4211913ef367c80d671491e406541f9c8267da6522c945521133c8825da3d494,IC 3486,,1784605243.042206,INFO,JOB_STATE_CHANGED,,"{""from"":""VERIFYING"",""to"":""SUCCEEDED""}"
1800,run-20260720T164920Z-5f8824d560b3-6a51d38a,job-4211913ef367c80d671491e406541f9c8267da6522c945521133c8825da3d494,IC 3486,128,1784605243.0471208,INFO,ARTIFACTS_VERIFIED,,"{""artifact_count"":5,""artifact_manifest_path"":""/Users/zuha/Desktop/FKI/4 курс 2025-2026/course_work-SBF/runs/sbf3_go3055_go7763/batch/artifact_manifests/IC_3486__F150W__F115W__4211913ef367_result_artifacts.json"",""artifacts"":[{""exists"":true,""fits_valid"":true,""mtime_ns"":1784601975381091741,""mtime_utc"":""2026-07-21T02:46:15.381+00:00"",""name"":""clean_model_fits"",""ok"":true,""path"":""/Users/zuha/Desktop/FKI/4 курс 2025-2026/course_work-SBF/runs/sbf3_go3055_go7763/products/IC_3486/F150W__F115W/4211913ef367/jw07763-o060_t060_nircam_clear-f150w_i2d_01_модель_чистая.fits"",""relative_path"":""jw07763-o060_t060_nircam_clear-f150w_i2d_01_модель_чистая.fits"",""sha256"":""d5dc323b16719da1ebfd3cc3682d01a09878501651af0fd031b1a0a6fb3ce58f"",""size_bytes"":173701440},{""exists"":true,""fits_valid"":true,""mtime_ns"":1784601975573399503,""mtime_utc"":""2026-07-21T02:46:15.573+00:00"",""name"":""clean_isophotes_fits"",""ok"":true,""path"":""/Users/zuha/Desktop/FKI/4 курс 2025-2026/course_work-SBF/runs/sbf3_go3055_go7763/products/IC_3486/F150W__F115W/4211913ef367/jw07763-o060_t060_nircam_clear-f150w_i2d_02_изофоты_чистые.fits"",""relative_path"":""jw07763-o060_t060_nircam_clear-f150w_i2d_02_изофоты_чистые.fits"",""sha256"":""1dea4b90976979324cd59319ad83acb479e9d8780cf9ff067799b01e030db5ca"",""size_bytes"":173701440},{""exists"":true,""fits_valid"":true,""mtime_ns"":1784601975720675988,""mtime_utc"":""2026-07-21T02:46:15.720+00:00"",""name"":""full_residual_fits"",""ok"":true,""path"":""/Users/zuha/Desktop/FKI/4 курс 2025-2026/course_work-SBF/runs/sbf3_go3055_go7763/products/IC_3486/F150W__F115W/4211913ef367/jw07763-o060_t060_nircam_clear-f150w_i2d_03_остатки_общие.fits"",""relative_path"":""jw07763-o060_t060_nircam_clear-f150w_i2d_03_остатки_общие.fits"",""sha256"":""152724864d241c8078162330854af9ab3c3796136a562e8e59b777e2cb6b6299"",""size_bytes"":173701440},{""exists"":true,""fits_valid"":true,""mtime_ns"":1784601975907195920,""mtime_utc"":""2026-07-21T02:46:15.907+00:00"",""name"":""working_residual_fits"",""ok"":true,""path"":""/Users/zuha/Desktop/FKI/4 курс 2025-2026/course_work-SBF/runs/sbf3_go3055_go7763/products/IC_3486/F150W__F115W/4211913ef367/jw07763-o060_t060_nircam_clear-f150w_i2d_04_остатки_общие_рабочие.fits"",""relative_path"":""jw07763-o060_t060_nircam_clear-f150w_i2d_04_остатки_общие_рабочие.fits"",""sha256"":""efe67de318c3055e6662035f7a666c7ce799831db402432e2cdb2a7e8bf2c94d"",""size_bytes"":173701440},{""exists"":true,""fits_valid"":true,""mtime_ns"":1784605230890045067,""mtime_utc"":""2026-07-21T03:40:30.890+00:00"",""name"":""working_annuli_residual_fits"",""ok"":true,""path"":""/Users/zuha/Desktop/FKI/4 курс 2025-2026/course_work-SBF/runs/sbf3_go3055_go7763/products/IC_3486/F150W__F115W/4211913ef367/jw07763-o060_t060_nircam_clear-f150w_i2d_05_остатки_общие_рабочие_два_кольца.fits"",""relative_path"":""jw07763-o060_t060_nircam_clear-f150w_i2d_05_остатки_общие_рабочие_два_кольца.fits"",""sha256"":""505a98b58db5a3f7420779787b7963b9ff87ca9f4dafd21a3f98ef3714d5e1ab"",""size_bytes"":173701440}],""target"":""IC 3486""}"
1801,run-20260720T164920Z-5f8824d560b3-6a51d38a,job-3b1dadec3ba5f24c3945e660325ab0375b543971513c0ad7c3d2344a88f5fb47,IC 3492,,1784605243.095295,INFO,JOB_STATE_CHANGED,,"{""from"":""PENDING"",""to"":""READY""}"
1802,run-20260720T164920Z-5f8824d560b3-6a51d38a,job-3b1dadec3ba5f24c3945e660325ab0375b543971513c0ad7c3d2344a88f5fb47,IC 3492,,1784605243.09861,INFO,INPUT_READY_INITIAL,,"{""inputs"":{""color"":{""expected_size_bytes"":1216137600,""filter"":""F115W"",""final_exists"":true,""final_fits_error"":null,""final_path"":""/Users/zuha/Desktop/FKI/4 курс 2025-2026/course_work-SBF/data/IC 3492/jw07763-o065_t065_nircam_clear-f115w_i2d.fits"",""final_ready"":true,""final_size_bytes"":1216137600,""part_exists"":false,""part_metadata"":null,""part_metadata_error"":null,""part_path"":""/Users/zuha/Desktop/FKI/4 курс 2025-2026/course_work-SBF/data/IC 3492/jw07763-o065_t065_nircam_clear-f115w_i2d.fits.part"",""part_size_bytes"":0,""restart_part_exists"":false,""restart_part_path"":""/Users/zuha/Desktop/FKI/4 курс 2025-2026/course_work-SBF/data/IC 3492/jw07763-o065_t065_nircam_clear-f115w_i2d.fits.restart.part"",""restart_part_size_bytes"":0,""transfer_percent"":null},""signal"":{""expected_size_bytes"":1216137600,""filter"":""F150W"",""final_exists"":true,""final_fits_error"":null,""final_path"":""/Users/zuha/Desktop/FKI/4 курс 2025-2026/course_work-SBF/data/IC 3492/jw07763-o065_t065_nircam_clear-f150w_i2d.fits"",""final_ready"":true,""final_size_bytes"":1216137600,""part_exists"":false,""part_metadata"":null,""part_metadata_error"":null,""part_path"":""/Users/zuha/Desktop/FKI/4 курс 2025-2026/course_work-SBF/data/IC 3492/jw07763-o065_t065_nircam_clear-f150w_i2d.fits.part"",""part_size_bytes"":0,""restart_part_exists"":false,""restart_part_path"":""/Users/zuha/Desktop/FKI/4 курс 2025-2026/course_work-SBF/data/IC 3492/jw07763-o065_t065_nircam_clear-f150w_i2d.fits.restart.part"",""restart_part_size_bytes"":0,""transfer_percent"":null}},""program"":""7763"",""target"":""IC 3492""}"
1803,run-20260720T164920Z-5f8824d560b3-6a51d38a,job-3b1dadec3ba5f24c3945e660325ab0375b543971513c0ad7c3d2344a88f5fb47,IC 3492,,1784605243.202951,INFO,WORKER_START_REQUESTED,,"{""color_path"":""/Users/zuha/Desktop/FKI/4 курс 2025-2026/course_work-SBF/data/IC 3492/jw07763-o065_t065_nircam_clear-f115w_i2d.fits"",""command"":[""/Users/zuha/Desktop/FKI/4 курс 2025-2026/course_work-SBF/astro_env/bin/python3"",""/Users/zuha/Desktop/FKI/4 курс 2025-2026/course_work-SBF/code/run_sbf_batch.py"",""--worker"",""--job-id"",""job-3b1dadec3ba5f24c3945e660325ab0375b543971513c0ad7c3d2344a88f5fb47"",""--galaxy"",""IC 3492"",""--signal"",""/Users/zuha/Desktop/FKI/4 курс 2025-2026/course_work-SBF/data/IC 3492/jw07763-o065_t065_nircam_clear-f150w_i2d.fits"",""--color"",""/Users/zuha/Desktop/FKI/4 курс 2025-2026/course_work-SBF/data/IC 3492/jw07763-o065_t065_nircam_clear-f115w_i2d.fits"",""--signal-filter"",""F150W"",""--color-filter"",""F115W"",""--template"",""/Users/zuha/Desktop/FKI/4 курс 2025-2026/course_work-SBF/code/sbf-3.ipynb"",""--batch-root"",""/Users/zuha/Desktop/FKI/4 курс 2025-2026/course_work-SBF/runs/sbf3_go3055_go7763/batch"",""--products-root"",""/Users/zuha/Desktop/FKI/4 курс 2025-2026/course_work-SBF/runs/sbf3_go3055_go7763/products""],""filters"":{""color"":""F115W"",""signal"":""F150W""},""program"":""7763"",""signal_path"":""/Users/zuha/Desktop/FKI/4 курс 2025-2026/course_work-SBF/data/IC 3492/jw07763-o065_t065_nircam_clear-f150w_i2d.fits"",""target"":""IC 3492""}"
1804,run-20260720T164920Z-5f8824d560b3-6a51d38a,job-3b1dadec3ba5f24c3945e660325ab0375b543971513c0ad7c3d2344a88f5fb47,IC 3492,,1784605243.203469,INFO,JOB_STATE_CHANGED,,"{""from"":""READY"",""to"":""RUNNING""}"
1805,run-20260720T164920Z-5f8824d560b3-6a51d38a,job-3b1dadec3ba5f24c3945e660325ab0375b543971513c0ad7c3d2344a88f5fb47,IC 3492,129,1784605243.2079518,INFO,ATTEMPT_STARTED,,"{""attempt_no"":1,""pid"":62584}"
1806,run-20260720T164920Z-5f8824d560b3-6a51d38a,job-3b1dadec3ba5f24c3945e660325ab0375b543971513c0ad7c3d2344a88f5fb47,IC 3492,129,1784605333.247113,INFO,WORKER_SUPERVISION_ENDED,,"{""completed"":true,""detail"":null,""duration_seconds"":90.030373333022,""ended_monotonic"":460123.795895583,""last_sample"":{""available_ram_bytes"":14670970880,""collector"":""psutil"",""disk"":{""free_bytes"":212625760256,""free_gib"":198.0231704711914,""path"":""/Users/zuha/Desktop/FKI/4 курс 2025-2026/course_work-SBF/data"",""total_bytes"":994662584320,""total_gib"":926.3517189025879,""used_bytes"":782036824064,""used_gib"":728.3285484313965},""disk_free_bytes"":212625760256,""monotonic"":460093.785676791,""pid"":62584,""swap"":{""free_bytes"":1597505536,""free_gib"":1.48779296875,""percent"":92.9,""total_bytes"":22548578304,""total_gib"":21.0,""used_bytes"":20951072768,""used_gib"":19.51220703125},""swap_used_bytes"":20951072768,""system_ram"":{""available_bytes"":14670970880,""available_gib"":13.663406372070312,""percent"":57.3,""total_bytes"":34359738368,""total_gib"":32.0,""used_bytes"":17199546368,""used_gib"":16.018325805664062},""timestamp_utc"":""2026-07-21T03:41:43.230+00:00"",""worker"":{""child_count"":9,""children_rss_bytes"":1540800512,""children_rss_gib"":1.4349822998046875,""pid"":62584,""rss_bytes"":5929451520,""rss_gib"":5.5222320556640625,""status"":""sleeping"",""total_rss_bytes"":7470252032,""total_rss_gib"":6.95721435546875},""worker_children_rss_bytes"":1540800512,""worker_rss_bytes"":5929451520,""worker_total_rss_bytes"":7470252032},""ok"":false,""reason"":""completed"",""returncode"":1,""sample_count"":3,""signal_name"":null,""started_monotonic"":460033.76552225,""termination"":null}"
1807,run-20260720T164920Z-5f8824d560b3-6a51d38a,job-3b1dadec3ba5f24c3945e660325ab0375b543971513c0ad7c3d2344a88f5fb47,IC 3492,129,1784605333.2519522,ERROR,ATTEMPT_ENDED,worker exited 1; required artifacts are absent or invalid,"{""exit_code"":1,""state"":""FAILED""}"
1808,run-20260720T164920Z-5f8824d560b3-6a51d38a,job-3b1dadec3ba5f24c3945e660325ab0375b543971513c0ad7c3d2344a88f5fb47,IC 3492,,1784605333.25569,INFO,JOB_STATE_CHANGED,worker exited 1; required artifacts are absent or invalid,"{""from"":""RUNNING"",""to"":""RETRY_WAIT""}"
1809,run-20260720T164920Z-5f8824d560b3-6a51d38a,job-ef76bdd3999e8959cad3388723d8b43c642fed4f4e86118982f15a640193a650,IC 3635,,1784605333.305944,INFO,JOB_STATE_CHANGED,,"{""from"":""PENDING"",""to"":""READY""}"
1810,run-20260720T164920Z-5f8824d560b3-6a51d38a,job-ef76bdd3999e8959cad3388723d8b43c642fed4f4e86118982f15a640193a650,IC 3635,,1784605333.309731,INFO,INPUT_READY_INITIAL,,"{""inputs"":{""color"":{""expected_size_bytes"":1216137600,""filter"":""F115W"",""final_exists"":true,""final_fits_error"":null,""final_path"":""/Users/zuha/Desktop/FKI/4 курс 2025-2026/course_work-SBF/data/IC 3635/jw07763-o069_t069_nircam_clear-f115w_i2d.fits"",""final_ready"":true,""final_size_bytes"":1216137600,""part_exists"":false,""part_metadata"":null,""part_metadata_error"":null,""part_path"":""/Users/zuha/Desktop/FKI/4 курс 2025-2026/course_work-SBF/data/IC 3635/jw07763-o069_t069_nircam_clear-f115w_i2d.fits.part"",""part_size_bytes"":0,""restart_part_exists"":false,""restart_part_path"":""/Users/zuha/Desktop/FKI/4 курс 2025-2026/course_work-SBF/data/IC 3635/jw07763-o069_t069_nircam_clear-f115w_i2d.fits.restart.part"",""restart_part_size_bytes"":0,""transfer_percent"":null},""signal"":{""expected_size_bytes"":1215855360,""filter"":""F150W"",""final_exists"":true,""final_fits_error"":null,""final_path"":""/Users/zuha/Desktop/FKI/4 курс 2025-2026/course_work-SBF/data/IC 3635/jw07763-o069_t069_nircam_clear-f150w_i2d.fits"",""final_ready"":true,""final_size_bytes"":1215855360,""part_exists"":false,""part_metadata"":null,""part_metadata_error"":null,""part_path"":""/Users/zuha/Desktop/FKI/4 курс 2025-2026/course_work-SBF/data/IC 3635/jw07763-o069_t069_nircam_clear-f150w_i2d.fits.part"",""part_size_bytes"":0,""restart_part_exists"":false,""restart_part_path"":""/Users/zuha/Desktop/FKI/4 курс 2025-2026/course_work-SBF/data/IC 3635/jw07763-o069_t069_nircam_clear-f150w_i2d.fits.restart.part"",""restart_part_size_bytes"":0,""transfer_percent"":null}},""program"":""7763"",""target"":""IC 3635""}"
1811,run-20260720T164920Z-5f8824d560b3-6a51d38a,job-ef76bdd3999e8959cad3388723d8b43c642fed4f4e86118982f15a640193a650,IC 3635,,1784605333.402954,INFO,WORKER_START_REQUESTED,,"{""color_path"":""/Users/zuha/Desktop/FKI/4 курс 2025-2026/course_work-SBF/data/IC 3635/jw07763-o069_t069_nircam_clear-f115w_i2d.fits"",""command"":[""/Users/zuha/Desktop/FKI/4 курс 2025-2026/course_work-SBF/astro_env/bin/python3"",""/Users/zuha/Desktop/FKI/4 курс 2025-2026/course_work-SBF/code/run_sbf_batch.py"",""--worker"",""--job-id"",""job-ef76bdd3999e8959cad3388723d8b43c642fed4f4e86118982f15a640193a650"",""--galaxy"",""IC 3635"",""--signal"",""/Users/zuha/Desktop/FKI/4 курс 2025-2026/course_work-SBF/data/IC 3635/jw07763-o069_t069_nircam_clear-f150w_i2d.fits"",""--color"",""/Users/zuha/Desktop/FKI/4 курс 2025-2026/course_work-SBF/data/IC 3635/jw07763-o069_t069_nircam_clear-f115w_i2d.fits"",""--signal-filter"",""F150W"",""--color-filter"",""F115W"",""--template"",""/Users/zuha/Desktop/FKI/4 курс 2025-2026/course_work-SBF/code/sbf-3.ipynb"",""--batch-root"",""/Users/zuha/Desktop/FKI/4 курс 2025-2026/course_work-SBF/runs/sbf3_go3055_go7763/batch"",""--products-root"",""/Users/zuha/Desktop/FKI/4 курс 2025-2026/course_work-SBF/runs/sbf3_go3055_go7763/products""],""filters"":{""color"":""F115W"",""signal"":""F150W""},""program"":""7763"",""signal_path"":""/Users/zuha/Desktop/FKI/4 курс 2025-2026/course_work-SBF/data/IC 3635/jw07763-o069_t069_nircam_clear-f150w_i2d.fits"",""target"":""IC 3635""}"
1812,run-20260720T164920Z-5f8824d560b3-6a51d38a,job-ef76bdd3999e8959cad3388723d8b43c642fed4f4e86118982f15a640193a650,IC 3635,,1784605333.4035661,INFO,JOB_STATE_CHANGED,,"{""from"":""READY"",""to"":""RUNNING""}"
1813,run-20260720T164920Z-5f8824d560b3-6a51d38a,job-ef76bdd3999e8959cad3388723d8b43c642fed4f4e86118982f15a640193a650,IC 3635,130,1784605333.407796,INFO,ATTEMPT_STARTED,,"{""attempt_no"":1,""pid"":62962}"
1814,run-20260720T164920Z-5f8824d560b3-6a51d38a,job-ef76bdd3999e8959cad3388723d8b43c642fed4f4e86118982f15a640193a650,IC 3635,130,1784605513.46801,INFO,WORKER_SUPERVISION_ENDED,,"{""completed"":true,""detail"":null,""duration_seconds"":180.05123624997213,""ended_monotonic"":460304.014804166,""last_sample"":{""available_ram_bytes"":14508785664,""collector"":""psutil"",""disk"":{""free_bytes"":212392644608,""free_gib"":197.8060646057129,""path"":""/Users/zuha/Desktop/FKI/4 курс 2025-2026/course_work-SBF/data"",""total_bytes"":994662584320,""total_gib"":926.3517189025879,""used_bytes"":782269939712,""used_gib"":728.545654296875},""disk_free_bytes"":212392644608,""monotonic"":460274.004307333,""pid"":62962,""swap"":{""free_bytes"":1614282752,""free_gib"":1.50341796875,""percent"":92.8,""total_bytes"":22548578304,""total_gib"":21.0,""used_bytes"":20934295552,""used_gib"":19.49658203125},""swap_used_bytes"":20934295552,""system_ram"":{""available_bytes"":14508785664,""available_gib"":13.512359619140625,""percent"":57.8,""total_bytes"":34359738368,""total_gib"":32.0,""used_bytes"":17357979648,""used_gib"":16.165878295898438},""timestamp_utc"":""2026-07-21T03:44:43.451+00:00"",""worker"":{""child_count"":9,""children_rss_bytes"":1597800448,""children_rss_gib"":1.488067626953125,""pid"":62962,""rss_bytes"":7969275904,""rss_gib"":7.421966552734375,""status"":""sleeping"",""total_rss_bytes"":9567076352,""total_rss_gib"":8.9100341796875},""worker_children_rss_bytes"":1597800448,""worker_rss_bytes"":7969275904,""worker_total_rss_bytes"":9567076352},""ok"":false,""reason"":""completed"",""returncode"":1,""sample_count"":6,""signal_name"":null,""started_monotonic"":460123.963567916,""termination"":null}"
1815,run-20260720T164920Z-5f8824d560b3-6a51d38a,job-ef76bdd3999e8959cad3388723d8b43c642fed4f4e86118982f15a640193a650,IC 3635,130,1784605513.471183,ERROR,ATTEMPT_ENDED,worker exited 1; required artifacts are absent or invalid,"{""exit_code"":1,""state"":""FAILED""}"
1816,run-20260720T164920Z-5f8824d560b3-6a51d38a,job-ef76bdd3999e8959cad3388723d8b43c642fed4f4e86118982f15a640193a650,IC 3635,,1784605513.473158,INFO,JOB_STATE_CHANGED,worker exited 1; required artifacts are absent or invalid,"{""from"":""RUNNING"",""to"":""RETRY_WAIT""}"
1817,run-20260720T164920Z-5f8824d560b3-6a51d38a,job-7aa06d4a180bf85419ce68e2f8e2c44b712b0faa3dcf7017ae25292be7cff3fc,NGC 4294,,1784605513.514865,INFO,JOB_STATE_CHANGED,,"{""from"":""PENDING"",""to"":""READY""}"
1818,run-20260720T164920Z-5f8824d560b3-6a51d38a,job-7aa06d4a180bf85419ce68e2f8e2c44b712b0faa3dcf7017ae25292be7cff3fc,NGC 4294,,1784605513.5192142,INFO,INPUT_READY_INITIAL,,"{""inputs"":{""color"":{""expected_size_bytes"":1215855360,""filter"":""F115W"",""final_exists"":true,""final_fits_error"":null,""final_path"":""/Users/zuha/Desktop/FKI/4 курс 2025-2026/course_work-SBF/data/NGC 4294/jw07763-o025_t025_nircam_clear-f115w_i2d.fits"",""final_ready"":true,""final_size_bytes"":1215855360,""part_exists"":false,""part_metadata"":null,""part_metadata_error"":null,""part_path"":""/Users/zuha/Desktop/FKI/4 курс 2025-2026/course_work-SBF/data/NGC 4294/jw07763-o025_t025_nircam_clear-f115w_i2d.fits.part"",""part_size_bytes"":0,""restart_part_exists"":false,""restart_part_path"":""/Users/zuha/Desktop/FKI/4 курс 2025-2026/course_work-SBF/data/NGC 4294/jw07763-o025_t025_nircam_clear-f115w_i2d.fits.restart.part"",""restart_part_size_bytes"":0,""transfer_percent"":null},""signal"":{""expected_size_bytes"":1216137600,""filter"":""F150W"",""final_exists"":true,""final_fits_error"":null,""final_path"":""/Users/zuha/Desktop/FKI/4 курс 2025-2026/course_work-SBF/data/NGC 4294/jw07763-o025_t025_nircam_clear-f150w_i2d.fits"",""final_ready"":true,""final_size_bytes"":1216137600,""part_exists"":false,""part_metadata"":null,""part_metadata_error"":null,""part_path"":""/Users/zuha/Desktop/FKI/4 курс 2025-2026/course_work-SBF/data/NGC 4294/jw07763-o025_t025_nircam_clear-f150w_i2d.fits.part"",""part_size_bytes"":0,""restart_part_exists"":false,""restart_part_path"":""/Users/zuha/Desktop/FKI/4 курс 2025-2026/course_work-SBF/data/NGC 4294/jw07763-o025_t025_nircam_clear-f150w_i2d.fits.restart.part"",""restart_part_size_bytes"":0,""transfer_percent"":null}},""program"":""7763"",""target"":""NGC 4294""}"
1819,run-20260720T164920Z-5f8824d560b3-6a51d38a,job-7aa06d4a180bf85419ce68e2f8e2c44b712b0faa3dcf7017ae25292be7cff3fc,NGC 4294,,1784605513.620673,INFO,WORKER_START_REQUESTED,,"{""color_path"":""/Users/zuha/Desktop/FKI/4 курс 2025-2026/course_work-SBF/data/NGC 4294/jw07763-o025_t025_nircam_clear-f115w_i2d.fits"",""command"":[""/Users/zuha/Desktop/FKI/4 курс 2025-2026/course_work-SBF/astro_env/bin/python3"",""/Users/zuha/Desktop/FKI/4 курс 2025-2026/course_work-SBF/code/run_sbf_batch.py"",""--worker"",""--job-id"",""job-7aa06d4a180bf85419ce68e2f8e2c44b712b0faa3dcf7017ae25292be7cff3fc"",""--galaxy"",""NGC 4294"",""--signal"",""/Users/zuha/Desktop/FKI/4 курс 2025-2026/course_work-SBF/data/NGC 4294/jw07763-o025_t025_nircam_clear-f150w_i2d.fits"",""--color"",""/Users/zuha/Desktop/FKI/4 курс 2025-2026/course_work-SBF/data/NGC 4294/jw07763-o025_t025_nircam_clear-f115w_i2d.fits"",""--signal-filter"",""F150W"",""--color-filter"",""F115W"",""--template"",""/Users/zuha/Desktop/FKI/4 курс 2025-2026/course_work-SBF/code/sbf-3.ipynb"",""--batch-root"",""/Users/zuha/Desktop/FKI/4 курс 2025-2026/course_work-SBF/runs/sbf3_go3055_go7763/batch"",""--products-root"",""/Users/zuha/Desktop/FKI/4 курс 2025-2026/course_work-SBF/runs/sbf3_go3055_go7763/products""],""filters"":{""color"":""F115W"",""signal"":""F150W""},""program"":""7763"",""signal_path"":""/Users/zuha/Desktop/FKI/4 курс 2025-2026/course_work-SBF/data/NGC 4294/jw07763-o025_t025_nircam_clear-f150w_i2d.fits"",""target"":""NGC 4294""}"
1820,run-20260720T164920Z-5f8824d560b3-6a51d38a,job-7aa06d4a180bf85419ce68e2f8e2c44b712b0faa3dcf7017ae25292be7cff3fc,NGC 4294,,1784605513.621155,INFO,JOB_STATE_CHANGED,,"{""from"":""READY"",""to"":""RUNNING""}"
1821,run-20260720T164920Z-5f8824d560b3-6a51d38a,job-7aa06d4a180bf85419ce68e2f8e2c44b712b0faa3dcf7017ae25292be7cff3fc,NGC 4294,131,1784605513.6250691,INFO,ATTEMPT_STARTED,,"{""attempt_no"":1,""pid"":63711}"
1822,run-20260720T164920Z-5f8824d560b3-6a51d38a,job-7aa06d4a180bf85419ce68e2f8e2c44b712b0faa3dcf7017ae25292be7cff3fc,NGC 4294,131,1784605693.689641,INFO,WORKER_SUPERVISION_ENDED,,"{""completed"":true,""detail"":null,""duration_seconds"":180.054783708998,""ended_monotonic"":460484.23380425,""last_sample"":{""available_ram_bytes"":14474543104,""collector"":""psutil"",""disk"":{""free_bytes"":212194504704,""free_gib"":197.62153244018555,""path"":""/Users/zuha/Desktop/FKI/4 курс 2025-2026/course_work-SBF/data"",""total_bytes"":994662584320,""total_gib"":926.3517189025879,""used_bytes"":782468079616,""used_gib"":728.7301864624023},""disk_free_bytes"":212194504704,""monotonic"":460454.223607833,""pid"":63711,""swap"":{""free_bytes"":1614282752,""free_gib"":1.50341796875,""percent"":92.8,""total_bytes"":22548578304,""total_gib"":21.0,""used_bytes"":20934295552,""used_gib"":19.49658203125},""swap_used_bytes"":20934295552,""system_ram"":{""available_bytes"":14474543104,""available_gib"":13.48046875,""percent"":57.9,""total_bytes"":34359738368,""total_gib"":32.0,""used_bytes"":17399087104,""used_gib"":16.20416259765625},""timestamp_utc"":""2026-07-21T03:47:43.673+00:00"",""worker"":{""child_count"":9,""children_rss_bytes"":1891385344,""children_rss_gib"":1.7614898681640625,""pid"":63711,""rss_bytes"":5917638656,""rss_gib"":5.51123046875,""status"":""sleeping"",""total_rss_bytes"":7809024000,""total_rss_gib"":7.2727203369140625},""worker_children_rss_bytes"":1891385344,""worker_rss_bytes"":5917638656,""worker_total_rss_bytes"":7809024000},""ok"":false,""reason"":""completed"",""returncode"":1,""sample_count"":6,""signal_name"":null,""started_monotonic"":460304.179020541,""termination"":null}"
1823,run-20260720T164920Z-5f8824d560b3-6a51d38a,job-7aa06d4a180bf85419ce68e2f8e2c44b712b0faa3dcf7017ae25292be7cff3fc,NGC 4294,131,1784605693.69456,ERROR,ATTEMPT_ENDED,worker exited 1; required artifacts are absent or invalid,"{""exit_code"":1,""state"":""FAILED""}"
1824,run-20260720T164920Z-5f8824d560b3-6a51d38a,job-7aa06d4a180bf85419ce68e2f8e2c44b712b0faa3dcf7017ae25292be7cff3fc,NGC 4294,,1784605693.698156,INFO,JOB_STATE_CHANGED,worker exited 1; required artifacts are absent or invalid,"{""from"":""RUNNING"",""to"":""RETRY_WAIT""}"
1825,run-20260720T164920Z-5f8824d560b3-6a51d38a,job-c2d5edf2eac881979abd5c66d5288cfe2fa4bb3ee7f0ce3a964963b318d1e1cd,NGC 4299,,1784605693.748661,INFO,JOB_STATE_CHANGED,,"{""from"":""PENDING"",""to"":""READY""}"
1826,run-20260720T164920Z-5f8824d560b3-6a51d38a,job-c2d5edf2eac881979abd5c66d5288cfe2fa4bb3ee7f0ce3a964963b318d1e1cd,NGC 4299,,1784605693.752745,INFO,INPUT_READY_INITIAL,,"{""inputs"":{""color"":{""expected_size_bytes"":1216258560,""filter"":""F115W"",""final_exists"":true,""final_fits_error"":null,""final_path"":""/Users/zuha/Desktop/FKI/4 курс 2025-2026/course_work-SBF/data/NGC 4299/jw07763-o032_t032_nircam_clear-f115w_i2d.fits"",""final_ready"":true,""final_size_bytes"":1216258560,""part_exists"":false,""part_metadata"":null,""part_metadata_error"":null,""part_path"":""/Users/zuha/Desktop/FKI/4 курс 2025-2026/course_work-SBF/data/NGC 4299/jw07763-o032_t032_nircam_clear-f115w_i2d.fits.part"",""part_size_bytes"":0,""restart_part_exists"":false,""restart_part_path"":""/Users/zuha/Desktop/FKI/4 курс 2025-2026/course_work-SBF/data/NGC 4299/jw07763-o032_t032_nircam_clear-f115w_i2d.fits.restart.part"",""restart_part_size_bytes"":0,""transfer_percent"":null},""signal"":{""expected_size_bytes"":1215855360,""filter"":""F150W"",""final_exists"":true,""final_fits_error"":null,""final_path"":""/Users/zuha/Desktop/FKI/4 курс 2025-2026/course_work-SBF/data/NGC 4299/jw07763-o032_t032_nircam_clear-f150w_i2d.fits"",""final_ready"":true,""final_size_bytes"":1215855360,""part_exists"":false,""part_metadata"":null,""part_metadata_error"":null,""part_path"":""/Users/zuha/Desktop/FKI/4 курс 2025-2026/course_work-SBF/data/NGC 4299/jw07763-o032_t032_nircam_clear-f150w_i2d.fits.part"",""part_size_bytes"":0,""restart_part_exists"":false,""restart_part_path"":""/Users/zuha/Desktop/FKI/4 курс 2025-2026/course_work-SBF/data/NGC 4299/jw07763-o032_t032_nircam_clear-f150w_i2d.fits.restart.part"",""restart_part_size_bytes"":0,""transfer_percent"":null}},""program"":""7763"",""target"":""NGC 4299""}"
1827,run-20260720T164920Z-5f8824d560b3-6a51d38a,job-c2d5edf2eac881979abd5c66d5288cfe2fa4bb3ee7f0ce3a964963b318d1e1cd,NGC 4299,,1784605693.854435,INFO,WORKER_START_REQUESTED,,"{""color_path"":""/Users/zuha/Desktop/FKI/4 курс 2025-2026/course_work-SBF/data/NGC 4299/jw07763-o032_t032_nircam_clear-f115w_i2d.fits"",""command"":[""/Users/zuha/Desktop/FKI/4 курс 2025-2026/course_work-SBF/astro_env/bin/python3"",""/Users/zuha/Desktop/FKI/4 курс 2025-2026/course_work-SBF/code/run_sbf_batch.py"",""--worker"",""--job-id"",""job-c2d5edf2eac881979abd5c66d5288cfe2fa4bb3ee7f0ce3a964963b318d1e1cd"",""--galaxy"",""NGC 4299"",""--signal"",""/Users/zuha/Desktop/FKI/4 курс 2025-2026/course_work-SBF/data/NGC 4299/jw07763-o032_t032_nircam_clear-f150w_i2d.fits"",""--color"",""/Users/zuha/Desktop/FKI/4 курс 2025-2026/course_work-SBF/data/NGC 4299/jw07763-o032_t032_nircam_clear-f115w_i2d.fits"",""--signal-filter"",""F150W"",""--color-filter"",""F115W"",""--template"",""/Users/zuha/Desktop/FKI/4 курс 2025-2026/course_work-SBF/code/sbf-3.ipynb"",""--batch-root"",""/Users/zuha/Desktop/FKI/4 курс 2025-2026/course_work-SBF/runs/sbf3_go3055_go7763/batch"",""--products-root"",""/Users/zuha/Desktop/FKI/4 курс 2025-2026/course_work-SBF/runs/sbf3_go3055_go7763/products""],""filters"":{""color"":""F115W"",""signal"":""F150W""},""program"":""7763"",""signal_path"":""/Users/zuha/Desktop/FKI/4 курс 2025-2026/course_work-SBF/data/NGC 4299/jw07763-o032_t032_nircam_clear-f150w_i2d.fits"",""target"":""NGC 4299""}"
1828,run-20260720T164920Z-5f8824d560b3-6a51d38a,job-c2d5edf2eac881979abd5c66d5288cfe2fa4bb3ee7f0ce3a964963b318d1e1cd,NGC 4299,,1784605693.8551722,INFO,JOB_STATE_CHANGED,,"{""from"":""READY"",""to"":""RUNNING""}"
1829,run-20260720T164920Z-5f8824d560b3-6a51d38a,job-c2d5edf2eac881979abd5c66d5288cfe2fa4bb3ee7f0ce3a964963b318d1e1cd,NGC 4299,132,1784605693.8592372,INFO,ATTEMPT_STARTED,,"{""attempt_no"":1,""pid"":64385}"
1830,run-20260720T164920Z-5f8824d560b3-6a51d38a,job-c2d5edf2eac881979abd5c66d5288cfe2fa4bb3ee7f0ce3a964963b318d1e1cd,NGC 4299,132,1784605993.956486,INFO,WORKER_SUPERVISION_ENDED,,"{""completed"":true,""detail"":null,""duration_seconds"":300.08681258396246,""ended_monotonic"":460784.4971615,""last_sample"":{""available_ram_bytes"":14501363712,""collector"":""psutil"",""disk"":{""free_bytes"":211759063040,""free_gib"":197.21599578857422,""path"":""/Users/zuha/Desktop/FKI/4 курс 2025-2026/course_work-SBF/data"",""total_bytes"":994662584320,""total_gib"":926.3517189025879,""used_bytes"":782903521280,""used_gib"":729.1357231140137},""disk_free_bytes"":211759063040,""monotonic"":460754.486973333,""pid"":64385,""swap"":{""free_bytes"":1698365440,""free_gib"":1.58172607421875,""percent"":92.5,""total_bytes"":22548578304,""total_gib"":21.0,""used_bytes"":20850212864,""used_gib"":19.41827392578125},""swap_used_bytes"":20850212864,""system_ram"":{""available_bytes"":14501363712,""available_gib"":13.505447387695312,""percent"":57.8,""total_bytes"":34359738368,""total_gib"":32.0,""used_bytes"":17444028416,""used_gib"":16.246017456054688},""timestamp_utc"":""2026-07-21T03:52:43.940+00:00"",""worker"":{""child_count"":9,""children_rss_bytes"":1883881472,""children_rss_gib"":1.7545013427734375,""pid"":64385,""rss_bytes"":7992983552,""rss_gib"":7.4440460205078125,""status"":""sleeping"",""total_rss_bytes"":9876865024,""total_rss_gib"":9.19854736328125},""worker_children_rss_bytes"":1883881472,""worker_rss_bytes"":7992983552,""worker_total_rss_bytes"":9876865024},""ok"":false,""reason"":""completed"",""returncode"":1,""sample_count"":10,""signal_name"":null,""started_monotonic"":460484.410348916,""termination"":null}"
1831,run-20260720T164920Z-5f8824d560b3-6a51d38a,job-c2d5edf2eac881979abd5c66d5288cfe2fa4bb3ee7f0ce3a964963b318d1e1cd,NGC 4299,132,1784605993.9613152,ERROR,ATTEMPT_ENDED,worker exited 1; required artifacts are absent or invalid,"{""exit_code"":1,""state"":""FAILED""}"
1832,run-20260720T164920Z-5f8824d560b3-6a51d38a,job-c2d5edf2eac881979abd5c66d5288cfe2fa4bb3ee7f0ce3a964963b318d1e1cd,NGC 4299,,1784605993.965718,INFO,JOB_STATE_CHANGED,worker exited 1; required artifacts are absent or invalid,"{""from"":""RUNNING"",""to"":""RETRY_WAIT""}"
1833,run-20260720T164920Z-5f8824d560b3-6a51d38a,job-cb9553577f70ecbaaf49fb85f910ef7003ffd6d45a90c1acc36fd026d1607960,NGC 4306,,1784605994.019567,INFO,JOB_STATE_CHANGED,,"{""from"":""PENDING"",""to"":""READY""}"
1834,run-20260720T164920Z-5f8824d560b3-6a51d38a,job-cb9553577f70ecbaaf49fb85f910ef7003ffd6d45a90c1acc36fd026d1607960,NGC 4306,,1784605994.0237901,INFO,INPUT_READY_INITIAL,,"{""inputs"":{""color"":{""expected_size_bytes"":1216137600,""filter"":""F115W"",""final_exists"":true,""final_fits_error"":null,""final_path"":""/Users/zuha/Desktop/FKI/4 курс 2025-2026/course_work-SBF/data/NGC 4306/jw07763-o038_t038_nircam_clear-f115w_i2d.fits"",""final_ready"":true,""final_size_bytes"":1216137600,""part_exists"":false,""part_metadata"":null,""part_metadata_error"":null,""part_path"":""/Users/zuha/Desktop/FKI/4 курс 2025-2026/course_work-SBF/data/NGC 4306/jw07763-o038_t038_nircam_clear-f115w_i2d.fits.part"",""part_size_bytes"":0,""restart_part_exists"":false,""restart_part_path"":""/Users/zuha/Desktop/FKI/4 курс 2025-2026/course_work-SBF/data/NGC 4306/jw07763-o038_t038_nircam_clear-f115w_i2d.fits.restart.part"",""restart_part_size_bytes"":0,""transfer_percent"":null},""signal"":{""expected_size_bytes"":1216258560,""filter"":""F150W"",""final_exists"":true,""final_fits_error"":null,""final_path"":""/Users/zuha/Desktop/FKI/4 курс 2025-2026/course_work-SBF/data/NGC 4306/jw07763-o038_t038_nircam_clear-f150w_i2d.fits"",""final_ready"":true,""final_size_bytes"":1216258560,""part_exists"":false,""part_metadata"":null,""part_metadata_error"":null,""part_path"":""/Users/zuha/Desktop/FKI/4 курс 2025-2026/course_work-SBF/data/NGC 4306/jw07763-o038_t038_nircam_clear-f150w_i2d.fits.part"",""part_size_bytes"":0,""restart_part_exists"":false,""restart_part_path"":""/Users/zuha/Desktop/FKI/4 курс 2025-2026/course_work-SBF/data/NGC 4306/jw07763-o038_t038_nircam_clear-f150w_i2d.fits.restart.part"",""restart_part_size_bytes"":0,""transfer_percent"":null}},""program"":""7763"",""target"":""NGC 4306""}"
1835,run-20260720T164920Z-5f8824d560b3-6a51d38a,job-cb9553577f70ecbaaf49fb85f910ef7003ffd6d45a90c1acc36fd026d1607960,NGC 4306,,1784605994.139495,INFO,WORKER_START_REQUESTED,,"{""color_path"":""/Users/zuha/Desktop/FKI/4 курс 2025-2026/course_work-SBF/data/NGC 4306/jw07763-o038_t038_nircam_clear-f115w_i2d.fits"",""command"":[""/Users/zuha/Desktop/FKI/4 курс 2025-2026/course_work-SBF/astro_env/bin/python3"",""/Users/zuha/Desktop/FKI/4 курс 2025-2026/course_work-SBF/code/run_sbf_batch.py"",""--worker"",""--job-id"",""job-cb9553577f70ecbaaf49fb85f910ef7003ffd6d45a90c1acc36fd026d1607960"",""--galaxy"",""NGC 4306"",""--signal"",""/Users/zuha/Desktop/FKI/4 курс 2025-2026/course_work-SBF/data/NGC 4306/jw07763-o038_t038_nircam_clear-f150w_i2d.fits"",""--color"",""/Users/zuha/Desktop/FKI/4 курс 2025-2026/course_work-SBF/data/NGC 4306/jw07763-o038_t038_nircam_clear-f115w_i2d.fits"",""--signal-filter"",""F150W"",""--color-filter"",""F115W"",""--template"",""/Users/zuha/Desktop/FKI/4 курс 2025-2026/course_work-SBF/code/sbf-3.ipynb"",""--batch-root"",""/Users/zuha/Desktop/FKI/4 курс 2025-2026/course_work-SBF/runs/sbf3_go3055_go7763/batch"",""--products-root"",""/Users/zuha/Desktop/FKI/4 курс 2025-2026/course_work-SBF/runs/sbf3_go3055_go7763/products""],""filters"":{""color"":""F115W"",""signal"":""F150W""},""program"":""7763"",""signal_path"":""/Users/zuha/Desktop/FKI/4 курс 2025-2026/course_work-SBF/data/NGC 4306/jw07763-o038_t038_nircam_clear-f150w_i2d.fits"",""target"":""NGC 4306""}"
1836,run-20260720T164920Z-5f8824d560b3-6a51d38a,job-cb9553577f70ecbaaf49fb85f910ef7003ffd6d45a90c1acc36fd026d1607960,NGC 4306,,1784605994.140144,INFO,JOB_STATE_CHANGED,,"{""from"":""READY"",""to"":""RUNNING""}"
1837,run-20260720T164920Z-5f8824d560b3-6a51d38a,job-cb9553577f70ecbaaf49fb85f910ef7003ffd6d45a90c1acc36fd026d1607960,NGC 4306,133,1784605994.144274,INFO,ATTEMPT_STARTED,,"{""attempt_no"":1,""pid"":65671}"
1838,run-20260720T164920Z-5f8824d560b3-6a51d38a,job-cb9553577f70ecbaaf49fb85f910ef7003ffd6d45a90c1acc36fd026d1607960,NGC 4306,133,1784610285.576154,INFO,WORKER_SUPERVISION_ENDED,,"{""completed"":true,""detail"":null,""duration_seconds"":4291.310758790991,""ended_monotonic"":465076.004087291,""last_sample"":{""available_ram_bytes"":13469630464,""collector"":""psutil"",""disk"":{""free_bytes"":209680338944,""free_gib"":195.28003311157227,""path"":""/Users/zuha/Desktop/FKI/4 курс 2025-2026/course_work-SBF/data"",""total_bytes"":994662584320,""total_gib"":926.3517189025879,""used_bytes"":784982245376,""used_gib"":731.0716857910156},""disk_free_bytes"":209680338944,""monotonic"":465045.993843625,""pid"":65671,""swap"":{""free_bytes"":1629421568,""free_gib"":1.51751708984375,""percent"":91.1,""total_bytes"":18253611008,""total_gib"":17.0,""used_bytes"":16624189440,""used_gib"":15.48248291015625},""swap_used_bytes"":16624189440,""system_ram"":{""available_bytes"":13469630464,""available_gib"":12.544570922851562,""percent"":60.8,""total_bytes"":34359738368,""total_gib"":32.0,""used_bytes"":11347247104,""used_gib"":10.567947387695312},""timestamp_utc"":""2026-07-21T05:04:15.559+00:00"",""worker"":{""child_count"":1,""children_rss_bytes"":5439488,""children_rss_gib"":0.00506591796875,""pid"":65671,""rss_bytes"":6459244544,""rss_gib"":6.0156402587890625,""status"":""sleeping"",""total_rss_bytes"":6464684032,""total_rss_gib"":6.0207061767578125},""worker_children_rss_bytes"":5439488,""worker_rss_bytes"":6459244544,""worker_total_rss_bytes"":6464684032},""ok"":true,""reason"":""completed"",""returncode"":0,""sample_count"":143,""signal_name"":null,""started_monotonic"":460784.6933285,""termination"":null}"
1839,run-20260720T164920Z-5f8824d560b3-6a51d38a,job-cb9553577f70ecbaaf49fb85f910ef7003ffd6d45a90c1acc36fd026d1607960,NGC 4306,,1784610286.0234199,INFO,JOB_STATE_CHANGED,,"{""from"":""RUNNING"",""to"":""VERIFYING""}"
1840,run-20260720T164920Z-5f8824d560b3-6a51d38a,job-cb9553577f70ecbaaf49fb85f910ef7003ffd6d45a90c1acc36fd026d1607960,NGC 4306,133,1784610286.0253701,INFO,ARTIFACT_RECORDED,,"{""artifact_id"":151,""kind"":""clean_model_fits"",""path"":""/Users/zuha/Desktop/FKI/4 курс 2025-2026/course_work-SBF/runs/sbf3_go3055_go7763/products/NGC_4306/F150W__F115W/cb9553577f70/jw07763-o038_t038_nircam_clear-f150w_i2d_01_модель_чистая.fits"",""verified"":true}"
1841,run-20260720T164920Z-5f8824d560b3-6a51d38a,job-cb9553577f70ecbaaf49fb85f910ef7003ffd6d45a90c1acc36fd026d1607960,NGC 4306,133,1784610286.027236,INFO,ARTIFACT_RECORDED,,"{""artifact_id"":152,""kind"":""clean_isophotes_fits"",""path"":""/Users/zuha/Desktop/FKI/4 курс 2025-2026/course_work-SBF/runs/sbf3_go3055_go7763/products/NGC_4306/F150W__F115W/cb9553577f70/jw07763-o038_t038_nircam_clear-f150w_i2d_02_изофоты_чистые.fits"",""verified"":true}"
1842,run-20260720T164920Z-5f8824d560b3-6a51d38a,job-cb9553577f70ecbaaf49fb85f910ef7003ffd6d45a90c1acc36fd026d1607960,NGC 4306,133,1784610286.028668,INFO,ARTIFACT_RECORDED,,"{""artifact_id"":153,""kind"":""full_residual_fits"",""path"":""/Users/zuha/Desktop/FKI/4 курс 2025-2026/course_work-SBF/runs/sbf3_go3055_go7763/products/NGC_4306/F150W__F115W/cb9553577f70/jw07763-o038_t038_nircam_clear-f150w_i2d_03_остатки_общие.fits"",""verified"":true}"
1843,run-20260720T164920Z-5f8824d560b3-6a51d38a,job-cb9553577f70ecbaaf49fb85f910ef7003ffd6d45a90c1acc36fd026d1607960,NGC 4306,133,1784610286.0298848,INFO,ARTIFACT_RECORDED,,"{""artifact_id"":154,""kind"":""working_residual_fits"",""path"":""/Users/zuha/Desktop/FKI/4 курс 2025-2026/course_work-SBF/runs/sbf3_go3055_go7763/products/NGC_4306/F150W__F115W/cb9553577f70/jw07763-o038_t038_nircam_clear-f150w_i2d_04_остатки_общие_рабочие.fits"",""verified"":true}"
1844,run-20260720T164920Z-5f8824d560b3-6a51d38a,job-cb9553577f70ecbaaf49fb85f910ef7003ffd6d45a90c1acc36fd026d1607960,NGC 4306,133,1784610286.03086,INFO,ARTIFACT_RECORDED,,"{""artifact_id"":155,""kind"":""working_annuli_residual_fits"",""path"":""/Users/zuha/Desktop/FKI/4 курс 2025-2026/course_work-SBF/runs/sbf3_go3055_go7763/products/NGC_4306/F150W__F115W/cb9553577f70/jw07763-o038_t038_nircam_clear-f150w_i2d_05_остатки_общие_рабочие_два_кольца.fits"",""verified"":true}"
1845,run-20260720T164920Z-5f8824d560b3-6a51d38a,job-cb9553577f70ecbaaf49fb85f910ef7003ffd6d45a90c1acc36fd026d1607960,NGC 4306,133,1784610286.031774,INFO,ATTEMPT_ENDED,,"{""exit_code"":0,""state"":""SUCCEEDED""}"
1846,run-20260720T164920Z-5f8824d560b3-6a51d38a,job-cb9553577f70ecbaaf49fb85f910ef7003ffd6d45a90c1acc36fd026d1607960,NGC 4306,,1784610286.032685,INFO,JOB_STATE_CHANGED,,"{""from"":""VERIFYING"",""to"":""SUCCEEDED""}"
1847,run-20260720T164920Z-5f8824d560b3-6a51d38a,job-cb9553577f70ecbaaf49fb85f910ef7003ffd6d45a90c1acc36fd026d1607960,NGC 4306,133,1784610286.035656,INFO,ARTIFACTS_VERIFIED,,"{""artifact_count"":5,""artifact_manifest_path"":""/Users/zuha/Desktop/FKI/4 курс 2025-2026/course_work-SBF/runs/sbf3_go3055_go7763/batch/artifact_manifests/NGC_4306__F150W__F115W__cb9553577f70_result_artifacts.json"",""artifacts"":[{""exists"":true,""fits_valid"":true,""mtime_ns"":1784607223417200278,""mtime_utc"":""2026-07-21T04:13:43.417+00:00"",""name"":""clean_model_fits"",""ok"":true,""path"":""/Users/zuha/Desktop/FKI/4 курс 2025-2026/course_work-SBF/runs/sbf3_go3055_go7763/products/NGC_4306/F150W__F115W/cb9553577f70/jw07763-o038_t038_nircam_clear-f150w_i2d_01_модель_чистая.fits"",""relative_path"":""jw07763-o038_t038_nircam_clear-f150w_i2d_01_модель_чистая.fits"",""sha256"":""486677708e017621ee9e80c1c1f06ef896a7878585fb17c290226909579ddb59"",""size_bytes"":173718720},{""exists"":true,""fits_valid"":true,""mtime_ns"":1784607223548066202,""mtime_utc"":""2026-07-21T04:13:43.548+00:00"",""name"":""clean_isophotes_fits"",""ok"":true,""path"":""/Users/zuha/Desktop/FKI/4 курс 2025-2026/course_work-SBF/runs/sbf3_go3055_go7763/products/NGC_4306/F150W__F115W/cb9553577f70/jw07763-o038_t038_nircam_clear-f150w_i2d_02_изофоты_чистые.fits"",""relative_path"":""jw07763-o038_t038_nircam_clear-f150w_i2d_02_изофоты_чистые.fits"",""sha256"":""0c178a95e795b453b072cb21b2f7564a2bca7de931f2e4ef95ff5c45641b3c98"",""size_bytes"":173718720},{""exists"":true,""fits_valid"":true,""mtime_ns"":1784607223668715454,""mtime_utc"":""2026-07-21T04:13:43.668+00:00"",""name"":""full_residual_fits"",""ok"":true,""path"":""/Users/zuha/Desktop/FKI/4 курс 2025-2026/course_work-SBF/runs/sbf3_go3055_go7763/products/NGC_4306/F150W__F115W/cb9553577f70/jw07763-o038_t038_nircam_clear-f150w_i2d_03_остатки_общие.fits"",""relative_path"":""jw07763-o038_t038_nircam_clear-f150w_i2d_03_остатки_общие.fits"",""sha256"":""0faec55fbfcfbac91218fe3fb4c38975f8b72dafa1bf0624d6a160910ae2a57a"",""size_bytes"":173718720},{""exists"":true,""fits_valid"":true,""mtime_ns"":1784607223786078428,""mtime_utc"":""2026-07-21T04:13:43.786+00:00"",""name"":""working_residual_fits"",""ok"":true,""path"":""/Users/zuha/Desktop/FKI/4 курс 2025-2026/course_work-SBF/runs/sbf3_go3055_go7763/products/NGC_4306/F150W__F115W/cb9553577f70/jw07763-o038_t038_nircam_clear-f150w_i2d_04_остатки_общие_рабочие.fits"",""relative_path"":""jw07763-o038_t038_nircam_clear-f150w_i2d_04_остатки_общие_рабочие.fits"",""sha256"":""6407c816af9ebe054b1cc2c3ecef8c29a89189c1b132755a278c880b91fd47e1"",""size_bytes"":173718720},{""exists"":true,""fits_valid"":true,""mtime_ns"":1784610255809761946,""mtime_utc"":""2026-07-21T05:04:15.809+00:00"",""name"":""working_annuli_residual_fits"",""ok"":true,""path"":""/Users/zuha/Desktop/FKI/4 курс 2025-2026/course_work-SBF/runs/sbf3_go3055_go7763/products/NGC_4306/F150W__F115W/cb9553577f70/jw07763-o038_t038_nircam_clear-f150w_i2d_05_остатки_общие_рабочие_два_кольца.fits"",""relative_path"":""jw07763-o038_t038_nircam_clear-f150w_i2d_05_остатки_общие_рабочие_два_кольца.fits"",""sha256"":""5f3d26f382385ee63f455e79f6c6f7f647a8097c07be00208b8d46dfb2fb432c"",""size_bytes"":173718720}],""target"":""NGC 4306""}"
1848,run-20260720T164920Z-5f8824d560b3-6a51d38a,job-692d7651b4be58691bd0e202811999e81fc6a1e8466d4c3a7727e7ac56fec782,NGC 4313,,1784610286.074244,INFO,JOB_STATE_CHANGED,,"{""from"":""PENDING"",""to"":""READY""}"
1849,run-20260720T164920Z-5f8824d560b3-6a51d38a,job-692d7651b4be58691bd0e202811999e81fc6a1e8466d4c3a7727e7ac56fec782,NGC 4313,,1784610286.077749,INFO,INPUT_READY_INITIAL,,"{""inputs"":{""color"":{""expected_size_bytes"":1216137600,""filter"":""F115W"",""final_exists"":true,""final_fits_error"":null,""final_path"":""/Users/zuha/Desktop/FKI/4 курс 2025-2026/course_work-SBF/data/NGC 4313/jw07763-o019_t019_nircam_clear-f115w_i2d.fits"",""final_ready"":true,""final_size_bytes"":1216137600,""part_exists"":false,""part_metadata"":null,""part_metadata_error"":null,""part_path"":""/Users/zuha/Desktop/FKI/4 курс 2025-2026/course_work-SBF/data/NGC 4313/jw07763-o019_t019_nircam_clear-f115w_i2d.fits.part"",""part_size_bytes"":0,""restart_part_exists"":false,""restart_part_path"":""/Users/zuha/Desktop/FKI/4 курс 2025-2026/course_work-SBF/data/NGC 4313/jw07763-o019_t019_nircam_clear-f115w_i2d.fits.restart.part"",""restart_part_size_bytes"":0,""transfer_percent"":null},""signal"":{""expected_size_bytes"":1216137600,""filter"":""F150W"",""final_exists"":true,""final_fits_error"":null,""final_path"":""/Users/zuha/Desktop/FKI/4 курс 2025-2026/course_work-SBF/data/NGC 4313/jw07763-o019_t019_nircam_clear-f150w_i2d.fits"",""final_ready"":true,""final_size_bytes"":1216137600,""part_exists"":false,""part_metadata"":null,""part_metadata_error"":null,""part_path"":""/Users/zuha/Desktop/FKI/4 курс 2025-2026/course_work-SBF/data/NGC 4313/jw07763-o019_t019_nircam_clear-f150w_i2d.fits.part"",""part_size_bytes"":0,""restart_part_exists"":false,""restart_part_path"":""/Users/zuha/Desktop/FKI/4 курс 2025-2026/course_work-SBF/data/NGC 4313/jw07763-o019_t019_nircam_clear-f150w_i2d.fits.restart.part"",""restart_part_size_bytes"":0,""transfer_percent"":null}},""program"":""7763"",""target"":""NGC 4313""}"
1850,run-20260720T164920Z-5f8824d560b3-6a51d38a,job-692d7651b4be58691bd0e202811999e81fc6a1e8466d4c3a7727e7ac56fec782,NGC 4313,,1784610286.199005,INFO,WORKER_START_REQUESTED,,"{""color_path"":""/Users/zuha/Desktop/FKI/4 курс 2025-2026/course_work-SBF/data/NGC 4313/jw07763-o019_t019_nircam_clear-f115w_i2d.fits"",""command"":[""/Users/zuha/Desktop/FKI/4 курс 2025-2026/course_work-SBF/astro_env/bin/python3"",""/Users/zuha/Desktop/FKI/4 курс 2025-2026/course_work-SBF/code/run_sbf_batch.py"",""--worker"",""--job-id"",""job-692d7651b4be58691bd0e202811999e81fc6a1e8466d4c3a7727e7ac56fec782"",""--galaxy"",""NGC 4313"",""--signal"",""/Users/zuha/Desktop/FKI/4 курс 2025-2026/course_work-SBF/data/NGC 4313/jw07763-o019_t019_nircam_clear-f150w_i2d.fits"",""--color"",""/Users/zuha/Desktop/FKI/4 курс 2025-2026/course_work-SBF/data/NGC 4313/jw07763-o019_t019_nircam_clear-f115w_i2d.fits"",""--signal-filter"",""F150W"",""--color-filter"",""F115W"",""--template"",""/Users/zuha/Desktop/FKI/4 курс 2025-2026/course_work-SBF/code/sbf-3.ipynb"",""--batch-root"",""/Users/zuha/Desktop/FKI/4 курс 2025-2026/course_work-SBF/runs/sbf3_go3055_go7763/batch"",""--products-root"",""/Users/zuha/Desktop/FKI/4 курс 2025-2026/course_work-SBF/runs/sbf3_go3055_go7763/products""],""filters"":{""color"":""F115W"",""signal"":""F150W""},""program"":""7763"",""signal_path"":""/Users/zuha/Desktop/FKI/4 курс 2025-2026/course_work-SBF/data/NGC 4313/jw07763-o019_t019_nircam_clear-f150w_i2d.fits"",""target"":""NGC 4313""}"
1851,run-20260720T164920Z-5f8824d560b3-6a51d38a,job-692d7651b4be58691bd0e202811999e81fc6a1e8466d4c3a7727e7ac56fec782,NGC 4313,,1784610286.19963,INFO,JOB_STATE_CHANGED,,"{""from"":""READY"",""to"":""RUNNING""}"
1852,run-20260720T164920Z-5f8824d560b3-6a51d38a,job-692d7651b4be58691bd0e202811999e81fc6a1e8466d4c3a7727e7ac56fec782,NGC 4313,134,1784610286.204448,INFO,ATTEMPT_STARTED,,"{""attempt_no"":1,""pid"":5854}"
1853,run-20260720T164920Z-5f8824d560b3-6a51d38a,job-692d7651b4be58691bd0e202811999e81fc6a1e8466d4c3a7727e7ac56fec782,NGC 4313,134,1784611006.431375,INFO,WORKER_SUPERVISION_ENDED,,"{""completed"":true,""detail"":null,""duration_seconds"":720.2304977079621,""ended_monotonic"":465796.871292791,""last_sample"":{""available_ram_bytes"":13528236032,""collector"":""psutil"",""disk"":{""free_bytes"":208220696576,""free_gib"":193.92063522338867,""path"":""/Users/zuha/Desktop/FKI/4 курс 2025-2026/course_work-SBF/data"",""total_bytes"":994662584320,""total_gib"":926.3517189025879,""used_bytes"":786441887744,""used_gib"":732.4310836791992},""disk_free_bytes"":208220696576,""monotonic"":465766.860816958,""pid"":5854,""swap"":{""free_bytes"":1646198784,""free_gib"":1.53314208984375,""percent"":91.0,""total_bytes"":18253611008,""total_gib"":17.0,""used_bytes"":16607412224,""used_gib"":15.46685791015625},""swap_used_bytes"":16607412224,""system_ram"":{""available_bytes"":13528236032,""available_gib"":12.599151611328125,""percent"":60.6,""total_bytes"":34359738368,""total_gib"":32.0,""used_bytes"":16101621760,""used_gib"":14.995803833007812},""timestamp_utc"":""2026-07-21T05:16:16.416+00:00"",""worker"":{""child_count"":9,""children_rss_bytes"":2418606080,""children_rss_gib"":2.25250244140625,""pid"":5854,""rss_bytes"":5891080192,""rss_gib"":5.4864959716796875,""status"":""sleeping"",""total_rss_bytes"":8309686272,""total_rss_gib"":7.7389984130859375},""worker_children_rss_bytes"":2418606080,""worker_rss_bytes"":5891080192,""worker_total_rss_bytes"":8309686272},""ok"":false,""reason"":""completed"",""returncode"":1,""sample_count"":24,""signal_name"":null,""started_monotonic"":465076.640795083,""termination"":null}"
1854,run-20260720T164920Z-5f8824d560b3-6a51d38a,job-692d7651b4be58691bd0e202811999e81fc6a1e8466d4c3a7727e7ac56fec782,NGC 4313,134,1784611006.434108,ERROR,ATTEMPT_ENDED,worker exited 1; required artifacts are absent or invalid,"{""exit_code"":1,""state"":""FAILED""}"
1855,run-20260720T164920Z-5f8824d560b3-6a51d38a,job-692d7651b4be58691bd0e202811999e81fc6a1e8466d4c3a7727e7ac56fec782,NGC 4313,,1784611006.435761,INFO,JOB_STATE_CHANGED,worker exited 1; required artifacts are absent or invalid,"{""from"":""RUNNING"",""to"":""RETRY_WAIT""}"
1856,run-20260720T164920Z-5f8824d560b3-6a51d38a,job-7fa94d968a0ee80e0b41c8d2d54bd4c65df55e6b29caf855edabb2fd875d599e,NGC 4351,,1784611006.474708,INFO,JOB_STATE_CHANGED,,"{""from"":""PENDING"",""to"":""READY""}"
1857,run-20260720T164920Z-5f8824d560b3-6a51d38a,job-7fa94d968a0ee80e0b41c8d2d54bd4c65df55e6b29caf855edabb2fd875d599e,NGC 4351,,1784611006.4783812,INFO,INPUT_READY_INITIAL,,"{""inputs"":{""color"":{""expected_size_bytes"":1216137600,""filter"":""F115W"",""final_exists"":true,""final_fits_error"":null,""final_path"":""/Users/zuha/Desktop/FKI/4 курс 2025-2026/course_work-SBF/data/NGC 4351/jw07763-o039_t039_nircam_clear-f115w_i2d.fits"",""final_ready"":true,""final_size_bytes"":1216137600,""part_exists"":false,""part_metadata"":null,""part_metadata_error"":null,""part_path"":""/Users/zuha/Desktop/FKI/4 курс 2025-2026/course_work-SBF/data/NGC 4351/jw07763-o039_t039_nircam_clear-f115w_i2d.fits.part"",""part_size_bytes"":0,""restart_part_exists"":false,""restart_part_path"":""/Users/zuha/Desktop/FKI/4 курс 2025-2026/course_work-SBF/data/NGC 4351/jw07763-o039_t039_nircam_clear-f115w_i2d.fits.restart.part"",""restart_part_size_bytes"":0,""transfer_percent"":null},""signal"":{""expected_size_bytes"":1216258560,""filter"":""F150W"",""final_exists"":true,""final_fits_error"":null,""final_path"":""/Users/zuha/Desktop/FKI/4 курс 2025-2026/course_work-SBF/data/NGC 4351/jw07763-o039_t039_nircam_clear-f150w_i2d.fits"",""final_ready"":true,""final_size_bytes"":1216258560,""part_exists"":false,""part_metadata"":null,""part_metadata_error"":null,""part_path"":""/Users/zuha/Desktop/FKI/4 курс 2025-2026/course_work-SBF/data/NGC 4351/jw07763-o039_t039_nircam_clear-f150w_i2d.fits.part"",""part_size_bytes"":0,""restart_part_exists"":false,""restart_part_path"":""/Users/zuha/Desktop/FKI/4 курс 2025-2026/course_work-SBF/data/NGC 4351/jw07763-o039_t039_nircam_clear-f150w_i2d.fits.restart.part"",""restart_part_size_bytes"":0,""transfer_percent"":null}},""program"":""7763"",""target"":""NGC 4351""}"
1858,run-20260720T164920Z-5f8824d560b3-6a51d38a,job-7fa94d968a0ee80e0b41c8d2d54bd4c65df55e6b29caf855edabb2fd875d599e,NGC 4351,,1784611006.580852,INFO,WORKER_START_REQUESTED,,"{""color_path"":""/Users/zuha/Desktop/FKI/4 курс 2025-2026/course_work-SBF/data/NGC 4351/jw07763-o039_t039_nircam_clear-f115w_i2d.fits"",""command"":[""/Users/zuha/Desktop/FKI/4 курс 2025-2026/course_work-SBF/astro_env/bin/python3"",""/Users/zuha/Desktop/FKI/4 курс 2025-2026/course_work-SBF/code/run_sbf_batch.py"",""--worker"",""--job-id"",""job-7fa94d968a0ee80e0b41c8d2d54bd4c65df55e6b29caf855edabb2fd875d599e"",""--galaxy"",""NGC 4351"",""--signal"",""/Users/zuha/Desktop/FKI/4 курс 2025-2026/course_work-SBF/data/NGC 4351/jw07763-o039_t039_nircam_clear-f150w_i2d.fits"",""--color"",""/Users/zuha/Desktop/FKI/4 курс 2025-2026/course_work-SBF/data/NGC 4351/jw07763-o039_t039_nircam_clear-f115w_i2d.fits"",""--signal-filter"",""F150W"",""--color-filter"",""F115W"",""--template"",""/Users/zuha/Desktop/FKI/4 курс 2025-2026/course_work-SBF/code/sbf-3.ipynb"",""--batch-root"",""/Users/zuha/Desktop/FKI/4 курс 2025-2026/course_work-SBF/runs/sbf3_go3055_go7763/batch"",""--products-root"",""/Users/zuha/Desktop/FKI/4 курс 2025-2026/course_work-SBF/runs/sbf3_go3055_go7763/products""],""filters"":{""color"":""F115W"",""signal"":""F150W""},""program"":""7763"",""signal_path"":""/Users/zuha/Desktop/FKI/4 курс 2025-2026/course_work-SBF/data/NGC 4351/jw07763-o039_t039_nircam_clear-f150w_i2d.fits"",""target"":""NGC 4351""}"
1859,run-20260720T164920Z-5f8824d560b3-6a51d38a,job-7fa94d968a0ee80e0b41c8d2d54bd4c65df55e6b29caf855edabb2fd875d599e,NGC 4351,,1784611006.581571,INFO,JOB_STATE_CHANGED,,"{""from"":""READY"",""to"":""RUNNING""}"
1860,run-20260720T164920Z-5f8824d560b3-6a51d38a,job-7fa94d968a0ee80e0b41c8d2d54bd4c65df55e6b29caf855edabb2fd875d599e,NGC 4351,135,1784611006.585879,INFO,ATTEMPT_STARTED,,"{""attempt_no"":1,""pid"":12616}"
1861,run-20260720T164920Z-5f8824d560b3-6a51d38a,job-7fa94d968a0ee80e0b41c8d2d54bd4c65df55e6b29caf855edabb2fd875d599e,NGC 4351,135,1784611756.988173,INFO,WORKER_SUPERVISION_ENDED,,"{""completed"":true,""detail"":null,""duration_seconds"":750.2360331669915,""ended_monotonic"":466547.267163708,""last_sample"":{""available_ram_bytes"":13481656320,""collector"":""psutil"",""disk"":{""free_bytes"":206966501376,""free_gib"":192.7525749206543,""path"":""/Users/zuha/Desktop/FKI/4 курс 2025-2026/course_work-SBF/data"",""total_bytes"":994662584320,""total_gib"":926.3517189025879,""used_bytes"":787696082944,""used_gib"":733.5991439819336},""disk_free_bytes"":206966501376,""monotonic"":466517.2569865,""pid"":12616,""swap"":{""free_bytes"":1646198784,""free_gib"":1.53314208984375,""percent"":91.0,""total_bytes"":18253611008,""total_gib"":17.0,""used_bytes"":16607412224,""used_gib"":15.46685791015625},""swap_used_bytes"":16607412224,""system_ram"":{""available_bytes"":13481656320,""available_gib"":12.555770874023438,""percent"":60.8,""total_bytes"":34359738368,""total_gib"":32.0,""used_bytes"":16279896064,""used_gib"":15.161834716796875},""timestamp_utc"":""2026-07-21T05:28:46.971+00:00"",""worker"":{""child_count"":9,""children_rss_bytes"":2308259840,""children_rss_gib"":2.1497344970703125,""pid"":12616,""rss_bytes"":5920489472,""rss_gib"":5.513885498046875,""status"":""sleeping"",""total_rss_bytes"":8228749312,""total_rss_gib"":7.6636199951171875},""worker_children_rss_bytes"":2308259840,""worker_rss_bytes"":5920489472,""worker_total_rss_bytes"":8228749312},""ok"":false,""reason"":""completed"",""returncode"":1,""sample_count"":25,""signal_name"":null,""started_monotonic"":465797.031130541,""termination"":null}"
1862,run-20260720T164920Z-5f8824d560b3-6a51d38a,job-7fa94d968a0ee80e0b41c8d2d54bd4c65df55e6b29caf855edabb2fd875d599e,NGC 4351,135,1784611756.9936068,ERROR,ATTEMPT_ENDED,worker exited 1; required artifacts are absent or invalid,"{""exit_code"":1,""state"":""FAILED""}"
1863,run-20260720T164920Z-5f8824d560b3-6a51d38a,job-7fa94d968a0ee80e0b41c8d2d54bd4c65df55e6b29caf855edabb2fd875d599e,NGC 4351,,1784611756.99764,INFO,JOB_STATE_CHANGED,worker exited 1; required artifacts are absent or invalid,"{""from"":""RUNNING"",""to"":""RETRY_WAIT""}"
1864,run-20260720T164920Z-5f8824d560b3-6a51d38a,job-70f76d998feb2ed7b10b6a83703de5506b719ad766fd8afb59ebe85735a0919e,NGC 4371,,1784611757.0522969,INFO,JOB_STATE_CHANGED,,"{""from"":""PENDING"",""to"":""READY""}"
1865,run-20260720T164920Z-5f8824d560b3-6a51d38a,job-70f76d998feb2ed7b10b6a83703de5506b719ad766fd8afb59ebe85735a0919e,NGC 4371,,1784611757.056202,INFO,INPUT_READY_INITIAL,,"{""inputs"":{""color"":{""expected_size_bytes"":1216137600,""filter"":""F115W"",""final_exists"":true,""final_fits_error"":null,""final_path"":""/Users/zuha/Desktop/FKI/4 курс 2025-2026/course_work-SBF/data/NGC 4371/jw07763-o011_t011_nircam_clear-f115w_i2d.fits"",""final_ready"":true,""final_size_bytes"":1216137600,""part_exists"":false,""part_metadata"":null,""part_metadata_error"":null,""part_path"":""/Users/zuha/Desktop/FKI/4 курс 2025-2026/course_work-SBF/data/NGC 4371/jw07763-o011_t011_nircam_clear-f115w_i2d.fits.part"",""part_size_bytes"":0,""restart_part_exists"":false,""restart_part_path"":""/Users/zuha/Desktop/FKI/4 курс 2025-2026/course_work-SBF/data/NGC 4371/jw07763-o011_t011_nircam_clear-f115w_i2d.fits.restart.part"",""restart_part_size_bytes"":0,""transfer_percent"":null},""signal"":{""expected_size_bytes"":1216137600,""filter"":""F150W"",""final_exists"":true,""final_fits_error"":null,""final_path"":""/Users/zuha/Desktop/FKI/4 курс 2025-2026/course_work-SBF/data/NGC 4371/jw07763-o011_t011_nircam_clear-f150w_i2d.fits"",""final_ready"":true,""final_size_bytes"":1216137600,""part_exists"":false,""part_metadata"":null,""part_metadata_error"":null,""part_path"":""/Users/zuha/Desktop/FKI/4 курс 2025-2026/course_work-SBF/data/NGC 4371/jw07763-o011_t011_nircam_clear-f150w_i2d.fits.part"",""part_size_bytes"":0,""restart_part_exists"":false,""restart_part_path"":""/Users/zuha/Desktop/FKI/4 курс 2025-2026/course_work-SBF/data/NGC 4371/jw07763-o011_t011_nircam_clear-f150w_i2d.fits.restart.part"",""restart_part_size_bytes"":0,""transfer_percent"":null}},""program"":""7763"",""target"":""NGC 4371""}"
1866,run-20260720T164920Z-5f8824d560b3-6a51d38a,job-70f76d998feb2ed7b10b6a83703de5506b719ad766fd8afb59ebe85735a0919e,NGC 4371,,1784611757.176687,INFO,WORKER_START_REQUESTED,,"{""color_path"":""/Users/zuha/Desktop/FKI/4 курс 2025-2026/course_work-SBF/data/NGC 4371/jw07763-o011_t011_nircam_clear-f115w_i2d.fits"",""command"":[""/Users/zuha/Desktop/FKI/4 курс 2025-2026/course_work-SBF/astro_env/bin/python3"",""/Users/zuha/Desktop/FKI/4 курс 2025-2026/course_work-SBF/code/run_sbf_batch.py"",""--worker"",""--job-id"",""job-70f76d998feb2ed7b10b6a83703de5506b719ad766fd8afb59ebe85735a0919e"",""--galaxy"",""NGC 4371"",""--signal"",""/Users/zuha/Desktop/FKI/4 курс 2025-2026/course_work-SBF/data/NGC 4371/jw07763-o011_t011_nircam_clear-f150w_i2d.fits"",""--color"",""/Users/zuha/Desktop/FKI/4 курс 2025-2026/course_work-SBF/data/NGC 4371/jw07763-o011_t011_nircam_clear-f115w_i2d.fits"",""--signal-filter"",""F150W"",""--color-filter"",""F115W"",""--template"",""/Users/zuha/Desktop/FKI/4 курс 2025-2026/course_work-SBF/code/sbf-3.ipynb"",""--batch-root"",""/Users/zuha/Desktop/FKI/4 курс 2025-2026/course_work-SBF/runs/sbf3_go3055_go7763/batch"",""--products-root"",""/Users/zuha/Desktop/FKI/4 курс 2025-2026/course_work-SBF/runs/sbf3_go3055_go7763/products""],""filters"":{""color"":""F115W"",""signal"":""F150W""},""program"":""7763"",""signal_path"":""/Users/zuha/Desktop/FKI/4 курс 2025-2026/course_work-SBF/data/NGC 4371/jw07763-o011_t011_nircam_clear-f150w_i2d.fits"",""target"":""NGC 4371""}"
1867,run-20260720T164920Z-5f8824d560b3-6a51d38a,job-70f76d998feb2ed7b10b6a83703de5506b719ad766fd8afb59ebe85735a0919e,NGC 4371,,1784611757.177195,INFO,JOB_STATE_CHANGED,,"{""from"":""READY"",""to"":""RUNNING""}"
1868,run-20260720T164920Z-5f8824d560b3-6a51d38a,job-70f76d998feb2ed7b10b6a83703de5506b719ad766fd8afb59ebe85735a0919e,NGC 4371,136,1784611757.181592,INFO,ATTEMPT_STARTED,,"{""attempt_no"":1,""pid"":19669}"
1869,run-20260720T164920Z-5f8824d560b3-6a51d38a,job-70f76d998feb2ed7b10b6a83703de5506b719ad766fd8afb59ebe85735a0919e,NGC 4371,136,1784615808.496414,INFO,WORKER_SUPERVISION_ENDED,,"{""completed"":true,""detail"":null,""duration_seconds"":4051.2715007079532,""ended_monotonic"":470598.739286583,""last_sample"":{""available_ram_bytes"":11239981056,""collector"":""psutil"",""disk"":{""free_bytes"":203982663680,""free_gib"":189.97365951538086,""path"":""/Users/zuha/Desktop/FKI/4 курс 2025-2026/course_work-SBF/data"",""total_bytes"":994662584320,""total_gib"":926.3517189025879,""used_bytes"":790679920640,""used_gib"":736.378059387207},""disk_free_bytes"":203982663680,""monotonic"":470568.729015875,""pid"":19669,""swap"":{""free_bytes"":1738473472,""free_gib"":1.61907958984375,""percent"":90.5,""total_bytes"":18253611008,""total_gib"":17.0,""used_bytes"":16515137536,""used_gib"":15.38092041015625},""swap_used_bytes"":16515137536,""system_ram"":{""available_bytes"":11239981056,""available_gib"":10.468048095703125,""percent"":67.3,""total_bytes"":34359738368,""total_gib"":32.0,""used_bytes"":11900174336,""used_gib"":11.082901000976562},""timestamp_utc"":""2026-07-21T06:36:18.478+00:00"",""worker"":{""child_count"":1,""children_rss_bytes"":5439488,""children_rss_gib"":0.00506591796875,""pid"":19669,""rss_bytes"":8511340544,""rss_gib"":7.9268035888671875,""status"":""sleeping"",""total_rss_bytes"":8516780032,""total_rss_gib"":7.9318695068359375},""worker_children_rss_bytes"":5439488,""worker_rss_bytes"":8511340544,""worker_total_rss_bytes"":8516780032},""ok"":true,""reason"":""completed"",""returncode"":0,""sample_count"":135,""signal_name"":null,""started_monotonic"":466547.467785875,""termination"":null}"
1870,run-20260720T164920Z-5f8824d560b3-6a51d38a,job-70f76d998feb2ed7b10b6a83703de5506b719ad766fd8afb59ebe85735a0919e,NGC 4371,,1784615808.950662,INFO,JOB_STATE_CHANGED,,"{""from"":""RUNNING"",""to"":""VERIFYING""}"
1871,run-20260720T164920Z-5f8824d560b3-6a51d38a,job-70f76d998feb2ed7b10b6a83703de5506b719ad766fd8afb59ebe85735a0919e,NGC 4371,136,1784615808.953266,INFO,ARTIFACT_RECORDED,,"{""artifact_id"":156,""kind"":""clean_model_fits"",""path"":""/Users/zuha/Desktop/FKI/4 курс 2025-2026/course_work-SBF/runs/sbf3_go3055_go7763/products/NGC_4371/F150W__F115W/70f76d998feb/jw07763-o011_t011_nircam_clear-f150w_i2d_01_модель_чистая.fits"",""verified"":true}"
1872,run-20260720T164920Z-5f8824d560b3-6a51d38a,job-70f76d998feb2ed7b10b6a83703de5506b719ad766fd8afb59ebe85735a0919e,NGC 4371,136,1784615808.9550312,INFO,ARTIFACT_RECORDED,,"{""artifact_id"":157,""kind"":""clean_isophotes_fits"",""path"":""/Users/zuha/Desktop/FKI/4 курс 2025-2026/course_work-SBF/runs/sbf3_go3055_go7763/products/NGC_4371/F150W__F115W/70f76d998feb/jw07763-o011_t011_nircam_clear-f150w_i2d_02_изофоты_чистые.fits"",""verified"":true}"
1873,run-20260720T164920Z-5f8824d560b3-6a51d38a,job-70f76d998feb2ed7b10b6a83703de5506b719ad766fd8afb59ebe85735a0919e,NGC 4371,136,1784615808.9567108,INFO,ARTIFACT_RECORDED,,"{""artifact_id"":158,""kind"":""full_residual_fits"",""path"":""/Users/zuha/Desktop/FKI/4 курс 2025-2026/course_work-SBF/runs/sbf3_go3055_go7763/products/NGC_4371/F150W__F115W/70f76d998feb/jw07763-o011_t011_nircam_clear-f150w_i2d_03_остатки_общие.fits"",""verified"":true}"
1874,run-20260720T164920Z-5f8824d560b3-6a51d38a,job-70f76d998feb2ed7b10b6a83703de5506b719ad766fd8afb59ebe85735a0919e,NGC 4371,136,1784615808.95806,INFO,ARTIFACT_RECORDED,,"{""artifact_id"":159,""kind"":""working_residual_fits"",""path"":""/Users/zuha/Desktop/FKI/4 курс 2025-2026/course_work-SBF/runs/sbf3_go3055_go7763/products/NGC_4371/F150W__F115W/70f76d998feb/jw07763-o011_t011_nircam_clear-f150w_i2d_04_остатки_общие_рабочие.fits"",""verified"":true}"
1875,run-20260720T164920Z-5f8824d560b3-6a51d38a,job-70f76d998feb2ed7b10b6a83703de5506b719ad766fd8afb59ebe85735a0919e,NGC 4371,136,1784615808.959533,INFO,ARTIFACT_RECORDED,,"{""artifact_id"":160,""kind"":""working_annuli_residual_fits"",""path"":""/Users/zuha/Desktop/FKI/4 курс 2025-2026/course_work-SBF/runs/sbf3_go3055_go7763/products/NGC_4371/F150W__F115W/70f76d998feb/jw07763-o011_t011_nircam_clear-f150w_i2d_05_остатки_общие_рабочие_два_кольца.fits"",""verified"":true}"
1876,run-20260720T164920Z-5f8824d560b3-6a51d38a,job-70f76d998feb2ed7b10b6a83703de5506b719ad766fd8afb59ebe85735a0919e,NGC 4371,136,1784615808.960604,INFO,ATTEMPT_ENDED,,"{""exit_code"":0,""state"":""SUCCEEDED""}"
1877,run-20260720T164920Z-5f8824d560b3-6a51d38a,job-70f76d998feb2ed7b10b6a83703de5506b719ad766fd8afb59ebe85735a0919e,NGC 4371,,1784615808.963072,INFO,JOB_STATE_CHANGED,,"{""from"":""VERIFYING"",""to"":""SUCCEEDED""}"
1878,run-20260720T164920Z-5f8824d560b3-6a51d38a,job-70f76d998feb2ed7b10b6a83703de5506b719ad766fd8afb59ebe85735a0919e,NGC 4371,136,1784615808.9661682,INFO,ARTIFACTS_VERIFIED,,"{""artifact_count"":5,""artifact_manifest_path"":""/Users/zuha/Desktop/FKI/4 курс 2025-2026/course_work-SBF/runs/sbf3_go3055_go7763/batch/artifact_manifests/NGC_4371__F150W__F115W__70f76d998feb_result_artifacts.json"",""artifacts"":[{""exists"":true,""fits_valid"":true,""mtime_ns"":1784612703469666304,""mtime_utc"":""2026-07-21T05:45:03.469+00:00"",""name"":""clean_model_fits"",""ok"":true,""path"":""/Users/zuha/Desktop/FKI/4 курс 2025-2026/course_work-SBF/runs/sbf3_go3055_go7763/products/NGC_4371/F150W__F115W/70f76d998feb/jw07763-o011_t011_nircam_clear-f150w_i2d_01_модель_чистая.fits"",""relative_path"":""jw07763-o011_t011_nircam_clear-f150w_i2d_01_модель_чистая.fits"",""sha256"":""fb156810abd4841dfd2a7b880b823824d6abe663a0e88bcf049f6556445e6ff1"",""size_bytes"":173701440},{""exists"":true,""fits_valid"":true,""mtime_ns"":1784612703626885548,""mtime_utc"":""2026-07-21T05:45:03.626+00:00"",""name"":""clean_isophotes_fits"",""ok"":true,""path"":""/Users/zuha/Desktop/FKI/4 курс 2025-2026/course_work-SBF/runs/sbf3_go3055_go7763/products/NGC_4371/F150W__F115W/70f76d998feb/jw07763-o011_t011_nircam_clear-f150w_i2d_02_изофоты_чистые.fits"",""relative_path"":""jw07763-o011_t011_nircam_clear-f150w_i2d_02_изофоты_чистые.fits"",""sha256"":""3b097201c44055e7b0e0ebe059f79537be9e4ddc3b0dfbfb4bd410d9862210e2"",""size_bytes"":173701440},{""exists"":true,""fits_valid"":true,""mtime_ns"":1784612703770663798,""mtime_utc"":""2026-07-21T05:45:03.770+00:00"",""name"":""full_residual_fits"",""ok"":true,""path"":""/Users/zuha/Desktop/FKI/4 курс 2025-2026/course_work-SBF/runs/sbf3_go3055_go7763/products/NGC_4371/F150W__F115W/70f76d998feb/jw07763-o011_t011_nircam_clear-f150w_i2d_03_остатки_общие.fits"",""relative_path"":""jw07763-o011_t011_nircam_clear-f150w_i2d_03_остатки_общие.fits"",""sha256"":""3b169b3c758f5a0739df00351f7347a73096a03510ec72bee3768719c86c05f9"",""size_bytes"":173701440},{""exists"":true,""fits_valid"":true,""mtime_ns"":1784612703917713410,""mtime_utc"":""2026-07-21T05:45:03.917+00:00"",""name"":""working_residual_fits"",""ok"":true,""path"":""/Users/zuha/Desktop/FKI/4 курс 2025-2026/course_work-SBF/runs/sbf3_go3055_go7763/products/NGC_4371/F150W__F115W/70f76d998feb/jw07763-o011_t011_nircam_clear-f150w_i2d_04_остатки_общие_рабочие.fits"",""relative_path"":""jw07763-o011_t011_nircam_clear-f150w_i2d_04_остатки_общие_рабочие.fits"",""sha256"":""065aae910766e31e8127ec6d231a2352b7aaa7936f17edb8144c21727cd01007"",""size_bytes"":173701440},{""exists"":true,""fits_valid"":true,""mtime_ns"":1784615803073391459,""mtime_utc"":""2026-07-21T06:36:43.073+00:00"",""name"":""working_annuli_residual_fits"",""ok"":true,""path"":""/Users/zuha/Desktop/FKI/4 курс 2025-2026/course_work-SBF/runs/sbf3_go3055_go7763/products/NGC_4371/F150W__F115W/70f76d998feb/jw07763-o011_t011_nircam_clear-f150w_i2d_05_остатки_общие_рабочие_два_кольца.fits"",""relative_path"":""jw07763-o011_t011_nircam_clear-f150w_i2d_05_остатки_общие_рабочие_два_кольца.fits"",""sha256"":""6ee0ce709eaa210497a74907674f6cc43afdd3e1a92e2ffc8b89dfa348c4a90e"",""size_bytes"":173701440}],""target"":""NGC 4371""}"
1879,run-20260720T164920Z-5f8824d560b3-6a51d38a,job-5fc473f0d09584eca5d3499a8323450a81fbe2592ca94d69ea7e4ee5a80e7343,NGC 4387,,1784615809.010143,INFO,JOB_STATE_CHANGED,,"{""from"":""PENDING"",""to"":""READY""}"
1880,run-20260720T164920Z-5f8824d560b3-6a51d38a,job-5fc473f0d09584eca5d3499a8323450a81fbe2592ca94d69ea7e4ee5a80e7343,NGC 4387,,1784615809.014478,INFO,INPUT_READY_INITIAL,,"{""inputs"":{""color"":{""expected_size_bytes"":1216137600,""filter"":""F115W"",""final_exists"":true,""final_fits_error"":null,""final_path"":""/Users/zuha/Desktop/FKI/4 курс 2025-2026/course_work-SBF/data/NGC 4387/jw07763-o023_t023_nircam_clear-f115w_i2d.fits"",""final_ready"":true,""final_size_bytes"":1216137600,""part_exists"":false,""part_metadata"":null,""part_metadata_error"":null,""part_path"":""/Users/zuha/Desktop/FKI/4 курс 2025-2026/course_work-SBF/data/NGC 4387/jw07763-o023_t023_nircam_clear-f115w_i2d.fits.part"",""part_size_bytes"":0,""restart_part_exists"":false,""restart_part_path"":""/Users/zuha/Desktop/FKI/4 курс 2025-2026/course_work-SBF/data/NGC 4387/jw07763-o023_t023_nircam_clear-f115w_i2d.fits.restart.part"",""restart_part_size_bytes"":0,""transfer_percent"":null},""signal"":{""expected_size_bytes"":1216137600,""filter"":""F150W"",""final_exists"":true,""final_fits_error"":null,""final_path"":""/Users/zuha/Desktop/FKI/4 курс 2025-2026/course_work-SBF/data/NGC 4387/jw07763-o023_t023_nircam_clear-f150w_i2d.fits"",""final_ready"":true,""final_size_bytes"":1216137600,""part_exists"":false,""part_metadata"":null,""part_metadata_error"":null,""part_path"":""/Users/zuha/Desktop/FKI/4 курс 2025-2026/course_work-SBF/data/NGC 4387/jw07763-o023_t023_nircam_clear-f150w_i2d.fits.part"",""part_size_bytes"":0,""restart_part_exists"":false,""restart_part_path"":""/Users/zuha/Desktop/FKI/4 курс 2025-2026/course_work-SBF/data/NGC 4387/jw07763-o023_t023_nircam_clear-f150w_i2d.fits.restart.part"",""restart_part_size_bytes"":0,""transfer_percent"":null}},""program"":""7763"",""target"":""NGC 4387""}"
1881,run-20260720T164920Z-5f8824d560b3-6a51d38a,job-5fc473f0d09584eca5d3499a8323450a81fbe2592ca94d69ea7e4ee5a80e7343,NGC 4387,,1784615809.1474,INFO,WORKER_START_REQUESTED,,"{""color_path"":""/Users/zuha/Desktop/FKI/4 курс 2025-2026/course_work-SBF/data/NGC 4387/jw07763-o023_t023_nircam_clear-f115w_i2d.fits"",""command"":[""/Users/zuha/Desktop/FKI/4 курс 2025-2026/course_work-SBF/astro_env/bin/python3"",""/Users/zuha/Desktop/FKI/4 курс 2025-2026/course_work-SBF/code/run_sbf_batch.py"",""--worker"",""--job-id"",""job-5fc473f0d09584eca5d3499a8323450a81fbe2592ca94d69ea7e4ee5a80e7343"",""--galaxy"",""NGC 4387"",""--signal"",""/Users/zuha/Desktop/FKI/4 курс 2025-2026/course_work-SBF/data/NGC 4387/jw07763-o023_t023_nircam_clear-f150w_i2d.fits"",""--color"",""/Users/zuha/Desktop/FKI/4 курс 2025-2026/course_work-SBF/data/NGC 4387/jw07763-o023_t023_nircam_clear-f115w_i2d.fits"",""--signal-filter"",""F150W"",""--color-filter"",""F115W"",""--template"",""/Users/zuha/Desktop/FKI/4 курс 2025-2026/course_work-SBF/code/sbf-3.ipynb"",""--batch-root"",""/Users/zuha/Desktop/FKI/4 курс 2025-2026/course_work-SBF/runs/sbf3_go3055_go7763/batch"",""--products-root"",""/Users/zuha/Desktop/FKI/4 курс 2025-2026/course_work-SBF/runs/sbf3_go3055_go7763/products""],""filters"":{""color"":""F115W"",""signal"":""F150W""},""program"":""7763"",""signal_path"":""/Users/zuha/Desktop/FKI/4 курс 2025-2026/course_work-SBF/data/NGC 4387/jw07763-o023_t023_nircam_clear-f150w_i2d.fits"",""target"":""NGC 4387""}"
1882,run-20260720T164920Z-5f8824d560b3-6a51d38a,job-5fc473f0d09584eca5d3499a8323450a81fbe2592ca94d69ea7e4ee5a80e7343,NGC 4387,,1784615809.1478841,INFO,JOB_STATE_CHANGED,,"{""from"":""READY"",""to"":""RUNNING""}"
1883,run-20260720T164920Z-5f8824d560b3-6a51d38a,job-5fc473f0d09584eca5d3499a8323450a81fbe2592ca94d69ea7e4ee5a80e7343,NGC 4387,137,1784615809.152645,INFO,ATTEMPT_STARTED,,"{""attempt_no"":1,""pid"":49558}"
1884,run-20260720T164920Z-5f8824d560b3-6a51d38a,job-5fc473f0d09584eca5d3499a8323450a81fbe2592ca94d69ea7e4ee5a80e7343,NGC 4387,137,1784616079.248138,INFO,WORKER_SUPERVISION_ENDED,,"{""completed"":true,""detail"":null,""duration_seconds"":270.08174908399815,""ended_monotonic"":470869.48604125,""last_sample"":{""available_ram_bytes"":14647345152,""collector"":""psutil"",""disk"":{""free_bytes"":203749990400,""free_gib"":189.75696563720703,""path"":""/Users/zuha/Desktop/FKI/4 курс 2025-2026/course_work-SBF/data"",""total_bytes"":994662584320,""total_gib"":926.3517189025879,""used_bytes"":790912593920,""used_gib"":736.5947532653809},""disk_free_bytes"":203749990400,""monotonic"":470839.475760708,""pid"":49558,""swap"":{""free_bytes"":1738473472,""free_gib"":1.61907958984375,""percent"":90.5,""total_bytes"":18253611008,""total_gib"":17.0,""used_bytes"":16515137536,""used_gib"":15.38092041015625},""swap_used_bytes"":16515137536,""system_ram"":{""available_bytes"":14647345152,""available_gib"":13.641403198242188,""percent"":57.4,""total_bytes"":34359738368,""total_gib"":32.0,""used_bytes"":13394771968,""used_gib"":12.474853515625},""timestamp_utc"":""2026-07-21T06:40:49.230+00:00"",""worker"":{""child_count"":9,""children_rss_bytes"":1887354880,""children_rss_gib"":1.7577362060546875,""pid"":49558,""rss_bytes"":5961072640,""rss_gib"":5.5516815185546875,""status"":""sleeping"",""total_rss_bytes"":7848427520,""total_rss_gib"":7.309417724609375},""worker_children_rss_bytes"":1887354880,""worker_rss_bytes"":5961072640,""worker_total_rss_bytes"":7848427520},""ok"":false,""reason"":""completed"",""returncode"":1,""sample_count"":9,""signal_name"":null,""started_monotonic"":470599.404292166,""termination"":null}"
1885,run-20260720T164920Z-5f8824d560b3-6a51d38a,job-5fc473f0d09584eca5d3499a8323450a81fbe2592ca94d69ea7e4ee5a80e7343,NGC 4387,137,1784616079.250644,ERROR,ATTEMPT_ENDED,worker exited 1; required artifacts are absent or invalid,"{""exit_code"":1,""state"":""FAILED""}"
1886,run-20260720T164920Z-5f8824d560b3-6a51d38a,job-5fc473f0d09584eca5d3499a8323450a81fbe2592ca94d69ea7e4ee5a80e7343,NGC 4387,,1784616079.253153,INFO,JOB_STATE_CHANGED,worker exited 1; required artifacts are absent or invalid,"{""from"":""RUNNING"",""to"":""RETRY_WAIT""}"
1887,run-20260720T164920Z-5f8824d560b3-6a51d38a,job-1d0d0ee50401df87b2bfc36ae11e7011097cbe9c71aad383cc743023d82b66f2,NGC 4388,,1784616079.305899,INFO,JOB_STATE_CHANGED,,"{""from"":""PENDING"",""to"":""READY""}"
1888,run-20260720T164920Z-5f8824d560b3-6a51d38a,job-1d0d0ee50401df87b2bfc36ae11e7011097cbe9c71aad383cc743023d82b66f2,NGC 4388,,1784616079.310226,INFO,INPUT_READY_INITIAL,,"{""inputs"":{""color"":{""expected_size_bytes"":1216140480,""filter"":""F115W"",""final_exists"":true,""final_fits_error"":null,""final_path"":""/Users/zuha/Desktop/FKI/4 курс 2025-2026/course_work-SBF/data/NGC 4388/jw07763-o013_t013_nircam_clear-f115w_i2d.fits"",""final_ready"":true,""final_size_bytes"":1216140480,""part_exists"":false,""part_metadata"":null,""part_metadata_error"":null,""part_path"":""/Users/zuha/Desktop/FKI/4 курс 2025-2026/course_work-SBF/data/NGC 4388/jw07763-o013_t013_nircam_clear-f115w_i2d.fits.part"",""part_size_bytes"":0,""restart_part_exists"":false,""restart_part_path"":""/Users/zuha/Desktop/FKI/4 курс 2025-2026/course_work-SBF/data/NGC 4388/jw07763-o013_t013_nircam_clear-f115w_i2d.fits.restart.part"",""restart_part_size_bytes"":0,""transfer_percent"":null},""signal"":{""expected_size_bytes"":1216137600,""filter"":""F150W"",""final_exists"":true,""final_fits_error"":null,""final_path"":""/Users/zuha/Desktop/FKI/4 курс 2025-2026/course_work-SBF/data/NGC 4388/jw07763-o013_t013_nircam_clear-f150w_i2d.fits"",""final_ready"":true,""final_size_bytes"":1216137600,""part_exists"":false,""part_metadata"":null,""part_metadata_error"":null,""part_path"":""/Users/zuha/Desktop/FKI/4 курс 2025-2026/course_work-SBF/data/NGC 4388/jw07763-o013_t013_nircam_clear-f150w_i2d.fits.part"",""part_size_bytes"":0,""restart_part_exists"":false,""restart_part_path"":""/Users/zuha/Desktop/FKI/4 курс 2025-2026/course_work-SBF/data/NGC 4388/jw07763-o013_t013_nircam_clear-f150w_i2d.fits.restart.part"",""restart_part_size_bytes"":0,""transfer_percent"":null}},""program"":""7763"",""target"":""NGC 4388""}"
1889,run-20260720T164920Z-5f8824d560b3-6a51d38a,job-1d0d0ee50401df87b2bfc36ae11e7011097cbe9c71aad383cc743023d82b66f2,NGC 4388,,1784616079.405844,INFO,WORKER_START_REQUESTED,,"{""color_path"":""/Users/zuha/Desktop/FKI/4 курс 2025-2026/course_work-SBF/data/NGC 4388/jw07763-o013_t013_nircam_clear-f115w_i2d.fits"",""command"":[""/Users/zuha/Desktop/FKI/4 курс 2025-2026/course_work-SBF/astro_env/bin/python3"",""/Users/zuha/Desktop/FKI/4 курс 2025-2026/course_work-SBF/code/run_sbf_batch.py"",""--worker"",""--job-id"",""job-1d0d0ee50401df87b2bfc36ae11e7011097cbe9c71aad383cc743023d82b66f2"",""--galaxy"",""NGC 4388"",""--signal"",""/Users/zuha/Desktop/FKI/4 курс 2025-2026/course_work-SBF/data/NGC 4388/jw07763-o013_t013_nircam_clear-f150w_i2d.fits"",""--color"",""/Users/zuha/Desktop/FKI/4 курс 2025-2026/course_work-SBF/data/NGC 4388/jw07763-o013_t013_nircam_clear-f115w_i2d.fits"",""--signal-filter"",""F150W"",""--color-filter"",""F115W"",""--template"",""/Users/zuha/Desktop/FKI/4 курс 2025-2026/course_work-SBF/code/sbf-3.ipynb"",""--batch-root"",""/Users/zuha/Desktop/FKI/4 курс 2025-2026/course_work-SBF/runs/sbf3_go3055_go7763/batch"",""--products-root"",""/Users/zuha/Desktop/FKI/4 курс 2025-2026/course_work-SBF/runs/sbf3_go3055_go7763/products""],""filters"":{""color"":""F115W"",""signal"":""F150W""},""program"":""7763"",""signal_path"":""/Users/zuha/Desktop/FKI/4 курс 2025-2026/course_work-SBF/data/NGC 4388/jw07763-o013_t013_nircam_clear-f150w_i2d.fits"",""target"":""NGC 4388""}"
1890,run-20260720T164920Z-5f8824d560b3-6a51d38a,job-1d0d0ee50401df87b2bfc36ae11e7011097cbe9c71aad383cc743023d82b66f2,NGC 4388,,1784616079.406733,INFO,JOB_STATE_CHANGED,,"{""from"":""READY"",""to"":""RUNNING""}"
1891,run-20260720T164920Z-5f8824d560b3-6a51d38a,job-1d0d0ee50401df87b2bfc36ae11e7011097cbe9c71aad383cc743023d82b66f2,NGC 4388,138,1784616079.411541,INFO,ATTEMPT_STARTED,,"{""attempt_no"":1,""pid"":51308}"
1892,run-20260720T164920Z-5f8824d560b3-6a51d38a,job-1d0d0ee50401df87b2bfc36ae11e7011097cbe9c71aad383cc743023d82b66f2,NGC 4388,138,1784616289.491343,INFO,WORKER_SUPERVISION_ENDED,,"{""completed"":true,""detail"":null,""duration_seconds"":210.06444962503156,""ended_monotonic"":471079.721812541,""last_sample"":{""available_ram_bytes"":14386626560,""collector"":""psutil"",""disk"":{""free_bytes"":203654766592,""free_gib"":189.66828155517578,""path"":""/Users/zuha/Desktop/FKI/4 курс 2025-2026/course_work-SBF/data"",""total_bytes"":994662584320,""total_gib"":926.3517189025879,""used_bytes"":791007817728,""used_gib"":736.6834373474121},""disk_free_bytes"":203654766592,""monotonic"":471049.711632166,""pid"":51308,""swap"":{""free_bytes"":1738473472,""free_gib"":1.61907958984375,""percent"":90.5,""total_bytes"":18253611008,""total_gib"":17.0,""used_bytes"":16515137536,""used_gib"":15.38092041015625},""swap_used_bytes"":16515137536,""system_ram"":{""available_bytes"":14386626560,""available_gib"":13.398590087890625,""percent"":58.1,""total_bytes"":34359738368,""total_gib"":32.0,""used_bytes"":13676412928,""used_gib"":12.737152099609375},""timestamp_utc"":""2026-07-21T06:44:19.470+00:00"",""worker"":{""child_count"":1,""children_rss_bytes"":14876672,""children_rss_gib"":0.01385498046875,""pid"":51308,""rss_bytes"":6243876864,""rss_gib"":5.8150634765625,""status"":""sleeping"",""total_rss_bytes"":6258753536,""total_rss_gib"":5.82891845703125},""worker_children_rss_bytes"":14876672,""worker_rss_bytes"":6243876864,""worker_total_rss_bytes"":6258753536},""ok"":false,""reason"":""completed"",""returncode"":1,""sample_count"":7,""signal_name"":null,""started_monotonic"":470869.657362916,""termination"":null}"
1893,run-20260720T164920Z-5f8824d560b3-6a51d38a,job-1d0d0ee50401df87b2bfc36ae11e7011097cbe9c71aad383cc743023d82b66f2,NGC 4388,138,1784616289.496395,ERROR,ATTEMPT_ENDED,worker exited 1; required artifacts are absent or invalid,"{""exit_code"":1,""state"":""FAILED""}"
1894,run-20260720T164920Z-5f8824d560b3-6a51d38a,job-1d0d0ee50401df87b2bfc36ae11e7011097cbe9c71aad383cc743023d82b66f2,NGC 4388,,1784616289.5004978,INFO,JOB_STATE_CHANGED,worker exited 1; required artifacts are absent or invalid,"{""from"":""RUNNING"",""to"":""RETRY_WAIT""}"
1895,run-20260720T164920Z-5f8824d560b3-6a51d38a,job-9b8a035b409d29e6ea235ad78adae843294bd2c2ae89b47b88e64d4d6eaac81b,NGC 4402,,1784616289.5401301,INFO,JOB_STATE_CHANGED,,"{""from"":""PENDING"",""to"":""READY""}"
1896,run-20260720T164920Z-5f8824d560b3-6a51d38a,job-9b8a035b409d29e6ea235ad78adae843294bd2c2ae89b47b88e64d4d6eaac81b,NGC 4402,,1784616289.54469,INFO,INPUT_READY_INITIAL,,"{""inputs"":{""color"":{""expected_size_bytes"":1216137600,""filter"":""F115W"",""final_exists"":true,""final_fits_error"":null,""final_path"":""/Users/zuha/Desktop/FKI/4 курс 2025-2026/course_work-SBF/data/NGC 4402/jw07763-o022_t022_nircam_clear-f115w_i2d.fits"",""final_ready"":true,""final_size_bytes"":1216137600,""part_exists"":false,""part_metadata"":null,""part_metadata_error"":null,""part_path"":""/Users/zuha/Desktop/FKI/4 курс 2025-2026/course_work-SBF/data/NGC 4402/jw07763-o022_t022_nircam_clear-f115w_i2d.fits.part"",""part_size_bytes"":0,""restart_part_exists"":false,""restart_part_path"":""/Users/zuha/Desktop/FKI/4 курс 2025-2026/course_work-SBF/data/NGC 4402/jw07763-o022_t022_nircam_clear-f115w_i2d.fits.restart.part"",""restart_part_size_bytes"":0,""transfer_percent"":null},""signal"":{""expected_size_bytes"":1216137600,""filter"":""F150W"",""final_exists"":true,""final_fits_error"":null,""final_path"":""/Users/zuha/Desktop/FKI/4 курс 2025-2026/course_work-SBF/data/NGC 4402/jw07763-o022_t022_nircam_clear-f150w_i2d.fits"",""final_ready"":true,""final_size_bytes"":1216137600,""part_exists"":false,""part_metadata"":null,""part_metadata_error"":null,""part_path"":""/Users/zuha/Desktop/FKI/4 курс 2025-2026/course_work-SBF/data/NGC 4402/jw07763-o022_t022_nircam_clear-f150w_i2d.fits.part"",""part_size_bytes"":0,""restart_part_exists"":false,""restart_part_path"":""/Users/zuha/Desktop/FKI/4 курс 2025-2026/course_work-SBF/data/NGC 4402/jw07763-o022_t022_nircam_clear-f150w_i2d.fits.restart.part"",""restart_part_size_bytes"":0,""transfer_percent"":null}},""program"":""7763"",""target"":""NGC 4402""}"
1897,run-20260720T164920Z-5f8824d560b3-6a51d38a,job-9b8a035b409d29e6ea235ad78adae843294bd2c2ae89b47b88e64d4d6eaac81b,NGC 4402,,1784616289.6421912,INFO,WORKER_START_REQUESTED,,"{""color_path"":""/Users/zuha/Desktop/FKI/4 курс 2025-2026/course_work-SBF/data/NGC 4402/jw07763-o022_t022_nircam_clear-f115w_i2d.fits"",""command"":[""/Users/zuha/Desktop/FKI/4 курс 2025-2026/course_work-SBF/astro_env/bin/python3"",""/Users/zuha/Desktop/FKI/4 курс 2025-2026/course_work-SBF/code/run_sbf_batch.py"",""--worker"",""--job-id"",""job-9b8a035b409d29e6ea235ad78adae843294bd2c2ae89b47b88e64d4d6eaac81b"",""--galaxy"",""NGC 4402"",""--signal"",""/Users/zuha/Desktop/FKI/4 курс 2025-2026/course_work-SBF/data/NGC 4402/jw07763-o022_t022_nircam_clear-f150w_i2d.fits"",""--color"",""/Users/zuha/Desktop/FKI/4 курс 2025-2026/course_work-SBF/data/NGC 4402/jw07763-o022_t022_nircam_clear-f115w_i2d.fits"",""--signal-filter"",""F150W"",""--color-filter"",""F115W"",""--template"",""/Users/zuha/Desktop/FKI/4 курс 2025-2026/course_work-SBF/code/sbf-3.ipynb"",""--batch-root"",""/Users/zuha/Desktop/FKI/4 курс 2025-2026/course_work-SBF/runs/sbf3_go3055_go7763/batch"",""--products-root"",""/Users/zuha/Desktop/FKI/4 курс 2025-2026/course_work-SBF/runs/sbf3_go3055_go7763/products""],""filters"":{""color"":""F115W"",""signal"":""F150W""},""program"":""7763"",""signal_path"":""/Users/zuha/Desktop/FKI/4 курс 2025-2026/course_work-SBF/data/NGC 4402/jw07763-o022_t022_nircam_clear-f150w_i2d.fits"",""target"":""NGC 4402""}"
1898,run-20260720T164920Z-5f8824d560b3-6a51d38a,job-9b8a035b409d29e6ea235ad78adae843294bd2c2ae89b47b88e64d4d6eaac81b,NGC 4402,,1784616289.642856,INFO,JOB_STATE_CHANGED,,"{""from"":""READY"",""to"":""RUNNING""}"
1899,run-20260720T164920Z-5f8824d560b3-6a51d38a,job-9b8a035b409d29e6ea235ad78adae843294bd2c2ae89b47b88e64d4d6eaac81b,NGC 4402,139,1784616289.647517,INFO,ATTEMPT_STARTED,,"{""attempt_no"":1,""pid"":52692}"
1900,run-20260720T164920Z-5f8824d560b3-6a51d38a,job-9b8a035b409d29e6ea235ad78adae843294bd2c2ae89b47b88e64d4d6eaac81b,NGC 4402,139,1784616859.850581,INFO,WORKER_SUPERVISION_ENDED,,"{""completed"":true,""detail"":null,""duration_seconds"":570.1840102080023,""ended_monotonic"":471650.072714666,""last_sample"":{""available_ram_bytes"":13038190592,""collector"":""psutil"",""disk"":{""free_bytes"":203547758592,""free_gib"":189.56862258911133,""path"":""/Users/zuha/Desktop/FKI/4 курс 2025-2026/course_work-SBF/data"",""total_bytes"":994662584320,""total_gib"":926.3517189025879,""used_bytes"":791114825728,""used_gib"":736.7830963134766},""disk_free_bytes"":203547758592,""monotonic"":471620.062459041,""pid"":52692,""swap"":{""free_bytes"":1746862080,""free_gib"":1.62689208984375,""percent"":90.4,""total_bytes"":18253611008,""total_gib"":17.0,""used_bytes"":16506748928,""used_gib"":15.37310791015625},""swap_used_bytes"":16506748928,""system_ram"":{""available_bytes"":13038190592,""available_gib"":12.14276123046875,""percent"":62.1,""total_bytes"":34359738368,""total_gib"":32.0,""used_bytes"":15514648576,""used_gib"":14.449142456054688},""timestamp_utc"":""2026-07-21T06:53:49.833+00:00"",""worker"":{""child_count"":9,""children_rss_bytes"":2167422976,""children_rss_gib"":2.0185699462890625,""pid"":52692,""rss_bytes"":5894078464,""rss_gib"":5.489288330078125,""status"":""sleeping"",""total_rss_bytes"":8061501440,""total_rss_gib"":7.5078582763671875},""worker_children_rss_bytes"":2167422976,""worker_rss_bytes"":5894078464,""worker_total_rss_bytes"":8061501440},""ok"":false,""reason"":""completed"",""returncode"":1,""sample_count"":19,""signal_name"":null,""started_monotonic"":471079.888704458,""termination"":null}"
1901,run-20260720T164920Z-5f8824d560b3-6a51d38a,job-9b8a035b409d29e6ea235ad78adae843294bd2c2ae89b47b88e64d4d6eaac81b,NGC 4402,139,1784616859.8557272,ERROR,ATTEMPT_ENDED,worker exited 1; required artifacts are absent or invalid,"{""exit_code"":1,""state"":""FAILED""}"
1902,run-20260720T164920Z-5f8824d560b3-6a51d38a,job-9b8a035b409d29e6ea235ad78adae843294bd2c2ae89b47b88e64d4d6eaac81b,NGC 4402,,1784616859.858206,INFO,JOB_STATE_CHANGED,worker exited 1; required artifacts are absent or invalid,"{""from"":""RUNNING"",""to"":""RETRY_WAIT""}"
1903,run-20260720T164920Z-5f8824d560b3-6a51d38a,job-fc1e75a022ae2153706d5f37bb43912b9067eaba6981d4757e483d0ce3fbe911,NGC 4413,,1784616859.9039948,INFO,JOB_STATE_CHANGED,,"{""from"":""PENDING"",""to"":""READY""}"
1904,run-20260720T164920Z-5f8824d560b3-6a51d38a,job-fc1e75a022ae2153706d5f37bb43912b9067eaba6981d4757e483d0ce3fbe911,NGC 4413,,1784616859.908028,INFO,INPUT_READY_INITIAL,,"{""inputs"":{""color"":{""expected_size_bytes"":1216140480,""filter"":""F115W"",""final_exists"":true,""final_fits_error"":null,""final_path"":""/Users/zuha/Desktop/FKI/4 курс 2025-2026/course_work-SBF/data/NGC 4413/jw07763-o031_t031_nircam_clear-f115w_i2d.fits"",""final_ready"":true,""final_size_bytes"":1216140480,""part_exists"":false,""part_metadata"":null,""part_metadata_error"":null,""part_path"":""/Users/zuha/Desktop/FKI/4 курс 2025-2026/course_work-SBF/data/NGC 4413/jw07763-o031_t031_nircam_clear-f115w_i2d.fits.part"",""part_size_bytes"":0,""restart_part_exists"":false,""restart_part_path"":""/Users/zuha/Desktop/FKI/4 курс 2025-2026/course_work-SBF/data/NGC 4413/jw07763-o031_t031_nircam_clear-f115w_i2d.fits.restart.part"",""restart_part_size_bytes"":0,""transfer_percent"":null},""signal"":{""expected_size_bytes"":1216137600,""filter"":""F150W"",""final_exists"":true,""final_fits_error"":null,""final_path"":""/Users/zuha/Desktop/FKI/4 курс 2025-2026/course_work-SBF/data/NGC 4413/jw07763-o031_t031_nircam_clear-f150w_i2d.fits"",""final_ready"":true,""final_size_bytes"":1216137600,""part_exists"":false,""part_metadata"":null,""part_metadata_error"":null,""part_path"":""/Users/zuha/Desktop/FKI/4 курс 2025-2026/course_work-SBF/data/NGC 4413/jw07763-o031_t031_nircam_clear-f150w_i2d.fits.part"",""part_size_bytes"":0,""restart_part_exists"":false,""restart_part_path"":""/Users/zuha/Desktop/FKI/4 курс 2025-2026/course_work-SBF/data/NGC 4413/jw07763-o031_t031_nircam_clear-f150w_i2d.fits.restart.part"",""restart_part_size_bytes"":0,""transfer_percent"":null}},""program"":""7763"",""target"":""NGC 4413""}"
1905,run-20260720T164920Z-5f8824d560b3-6a51d38a,job-fc1e75a022ae2153706d5f37bb43912b9067eaba6981d4757e483d0ce3fbe911,NGC 4413,,1784616860.0457149,INFO,WORKER_START_REQUESTED,,"{""color_path"":""/Users/zuha/Desktop/FKI/4 курс 2025-2026/course_work-SBF/data/NGC 4413/jw07763-o031_t031_nircam_clear-f115w_i2d.fits"",""command"":[""/Users/zuha/Desktop/FKI/4 курс 2025-2026/course_work-SBF/astro_env/bin/python3"",""/Users/zuha/Desktop/FKI/4 курс 2025-2026/course_work-SBF/code/run_sbf_batch.py"",""--worker"",""--job-id"",""job-fc1e75a022ae2153706d5f37bb43912b9067eaba6981d4757e483d0ce3fbe911"",""--galaxy"",""NGC 4413"",""--signal"",""/Users/zuha/Desktop/FKI/4 курс 2025-2026/course_work-SBF/data/NGC 4413/jw07763-o031_t031_nircam_clear-f150w_i2d.fits"",""--color"",""/Users/zuha/Desktop/FKI/4 курс 2025-2026/course_work-SBF/data/NGC 4413/jw07763-o031_t031_nircam_clear-f115w_i2d.fits"",""--signal-filter"",""F150W"",""--color-filter"",""F115W"",""--template"",""/Users/zuha/Desktop/FKI/4 курс 2025-2026/course_work-SBF/code/sbf-3.ipynb"",""--batch-root"",""/Users/zuha/Desktop/FKI/4 курс 2025-2026/course_work-SBF/runs/sbf3_go3055_go7763/batch"",""--products-root"",""/Users/zuha/Desktop/FKI/4 курс 2025-2026/course_work-SBF/runs/sbf3_go3055_go7763/products""],""filters"":{""color"":""F115W"",""signal"":""F150W""},""program"":""7763"",""signal_path"":""/Users/zuha/Desktop/FKI/4 курс 2025-2026/course_work-SBF/data/NGC 4413/jw07763-o031_t031_nircam_clear-f150w_i2d.fits"",""target"":""NGC 4413""}"
1906,run-20260720T164920Z-5f8824d560b3-6a51d38a,job-fc1e75a022ae2153706d5f37bb43912b9067eaba6981d4757e483d0ce3fbe911,NGC 4413,,1784616860.046465,INFO,JOB_STATE_CHANGED,,"{""from"":""READY"",""to"":""RUNNING""}"
1907,run-20260720T164920Z-5f8824d560b3-6a51d38a,job-fc1e75a022ae2153706d5f37bb43912b9067eaba6981d4757e483d0ce3fbe911,NGC 4413,140,1784616860.050669,INFO,ATTEMPT_STARTED,,"{""attempt_no"":1,""pid"":56500}"
1908,run-20260720T164920Z-5f8824d560b3-6a51d38a,job-fc1e75a022ae2153706d5f37bb43912b9067eaba6981d4757e483d0ce3fbe911,NGC 4413,140,1784620491.317054,INFO,WORKER_SUPERVISION_ENDED,,"{""completed"":true,""detail"":null,""duration_seconds"":3631.1797117919778,""ended_monotonic"":475281.46135,""last_sample"":{""available_ram_bytes"":13420740608,""collector"":""psutil"",""disk"":{""free_bytes"":203327221760,""free_gib"":189.36323165893555,""path"":""/Users/zuha/Desktop/FKI/4 курс 2025-2026/course_work-SBF/data"",""total_bytes"":994662584320,""total_gib"":926.3517189025879,""used_bytes"":791335362560,""used_gib"":736.9884872436523},""disk_free_bytes"":203327221760,""monotonic"":475251.449691041,""pid"":56500,""swap"":{""free_bytes"":1797390336,""free_gib"":1.6739501953125,""percent"":90.2,""total_bytes"":18253611008,""total_gib"":17.0,""used_bytes"":16456220672,""used_gib"":15.3260498046875},""swap_used_bytes"":16456220672,""system_ram"":{""available_bytes"":13420740608,""available_gib"":12.499038696289062,""percent"":60.9,""total_bytes"":34359738368,""total_gib"":32.0,""used_bytes"":10598285312,""used_gib"":9.87042236328125},""timestamp_utc"":""2026-07-21T07:54:21.297+00:00"",""worker"":{""child_count"":1,""children_rss_bytes"":5439488,""children_rss_gib"":0.00506591796875,""pid"":56500,""rss_bytes"":5320245248,""rss_gib"":4.954864501953125,""status"":""sleeping"",""total_rss_bytes"":5325684736,""total_rss_gib"":4.959930419921875},""worker_children_rss_bytes"":5439488,""worker_rss_bytes"":5320245248,""worker_total_rss_bytes"":5325684736},""ok"":true,""reason"":""completed"",""returncode"":0,""sample_count"":121,""signal_name"":null,""started_monotonic"":471650.281638208,""termination"":null}"
1909,run-20260720T164920Z-5f8824d560b3-6a51d38a,job-fc1e75a022ae2153706d5f37bb43912b9067eaba6981d4757e483d0ce3fbe911,NGC 4413,,1784620491.7656991,INFO,JOB_STATE_CHANGED,,"{""from"":""RUNNING"",""to"":""VERIFYING""}"
1910,run-20260720T164920Z-5f8824d560b3-6a51d38a,job-fc1e75a022ae2153706d5f37bb43912b9067eaba6981d4757e483d0ce3fbe911,NGC 4413,140,1784620491.7682571,INFO,ARTIFACT_RECORDED,,"{""artifact_id"":161,""kind"":""clean_model_fits"",""path"":""/Users/zuha/Desktop/FKI/4 курс 2025-2026/course_work-SBF/runs/sbf3_go3055_go7763/products/NGC_4413/F150W__F115W/fc1e75a022ae/jw07763-o031_t031_nircam_clear-f150w_i2d_01_модель_чистая.fits"",""verified"":true}"
1911,run-20260720T164920Z-5f8824d560b3-6a51d38a,job-fc1e75a022ae2153706d5f37bb43912b9067eaba6981d4757e483d0ce3fbe911,NGC 4413,140,1784620491.76992,INFO,ARTIFACT_RECORDED,,"{""artifact_id"":162,""kind"":""clean_isophotes_fits"",""path"":""/Users/zuha/Desktop/FKI/4 курс 2025-2026/course_work-SBF/runs/sbf3_go3055_go7763/products/NGC_4413/F150W__F115W/fc1e75a022ae/jw07763-o031_t031_nircam_clear-f150w_i2d_02_изофоты_чистые.fits"",""verified"":true}"
1912,run-20260720T164920Z-5f8824d560b3-6a51d38a,job-fc1e75a022ae2153706d5f37bb43912b9067eaba6981d4757e483d0ce3fbe911,NGC 4413,140,1784620491.771261,INFO,ARTIFACT_RECORDED,,"{""artifact_id"":163,""kind"":""full_residual_fits"",""path"":""/Users/zuha/Desktop/FKI/4 курс 2025-2026/course_work-SBF/runs/sbf3_go3055_go7763/products/NGC_4413/F150W__F115W/fc1e75a022ae/jw07763-o031_t031_nircam_clear-f150w_i2d_03_остатки_общие.fits"",""verified"":true}"
1913,run-20260720T164920Z-5f8824d560b3-6a51d38a,job-fc1e75a022ae2153706d5f37bb43912b9067eaba6981d4757e483d0ce3fbe911,NGC 4413,140,1784620491.7725692,INFO,ARTIFACT_RECORDED,,"{""artifact_id"":164,""kind"":""working_residual_fits"",""path"":""/Users/zuha/Desktop/FKI/4 курс 2025-2026/course_work-SBF/runs/sbf3_go3055_go7763/products/NGC_4413/F150W__F115W/fc1e75a022ae/jw07763-o031_t031_nircam_clear-f150w_i2d_04_остатки_общие_рабочие.fits"",""verified"":true}"
1914,run-20260720T164920Z-5f8824d560b3-6a51d38a,job-fc1e75a022ae2153706d5f37bb43912b9067eaba6981d4757e483d0ce3fbe911,NGC 4413,140,1784620491.773437,INFO,ARTIFACT_RECORDED,,"{""artifact_id"":165,""kind"":""working_annuli_residual_fits"",""path"":""/Users/zuha/Desktop/FKI/4 курс 2025-2026/course_work-SBF/runs/sbf3_go3055_go7763/products/NGC_4413/F150W__F115W/fc1e75a022ae/jw07763-o031_t031_nircam_clear-f150w_i2d_05_остатки_общие_рабочие_два_кольца.fits"",""verified"":true}"
1915,run-20260720T164920Z-5f8824d560b3-6a51d38a,job-fc1e75a022ae2153706d5f37bb43912b9067eaba6981d4757e483d0ce3fbe911,NGC 4413,140,1784620491.776298,INFO,ATTEMPT_ENDED,,"{""exit_code"":0,""state"":""SUCCEEDED""}"
1916,run-20260720T164920Z-5f8824d560b3-6a51d38a,job-fc1e75a022ae2153706d5f37bb43912b9067eaba6981d4757e483d0ce3fbe911,NGC 4413,,1784620491.777746,INFO,JOB_STATE_CHANGED,,"{""from"":""VERIFYING"",""to"":""SUCCEEDED""}"
1917,run-20260720T164920Z-5f8824d560b3-6a51d38a,job-fc1e75a022ae2153706d5f37bb43912b9067eaba6981d4757e483d0ce3fbe911,NGC 4413,140,1784620491.7809641,INFO,ARTIFACTS_VERIFIED,,"{""artifact_count"":5,""artifact_manifest_path"":""/Users/zuha/Desktop/FKI/4 курс 2025-2026/course_work-SBF/runs/sbf3_go3055_go7763/batch/artifact_manifests/NGC_4413__F150W__F115W__fc1e75a022ae_result_artifacts.json"",""artifacts"":[{""exists"":true,""fits_valid"":true,""mtime_ns"":1784617317900882008,""mtime_utc"":""2026-07-21T07:01:57.900+00:00"",""name"":""clean_model_fits"",""ok"":true,""path"":""/Users/zuha/Desktop/FKI/4 курс 2025-2026/course_work-SBF/runs/sbf3_go3055_go7763/products/NGC_4413/F150W__F115W/fc1e75a022ae/jw07763-o031_t031_nircam_clear-f150w_i2d_01_модель_чистая.fits"",""relative_path"":""jw07763-o031_t031_nircam_clear-f150w_i2d_01_модель_чистая.fits"",""sha256"":""577cc09d5428b9631e5223a5ef0372e8a2bcff94048365be5edb859a39764d5a"",""size_bytes"":173701440},{""exists"":true,""fits_valid"":true,""mtime_ns"":1784617318090760110,""mtime_utc"":""2026-07-21T07:01:58.090+00:00"",""name"":""clean_isophotes_fits"",""ok"":true,""path"":""/Users/zuha/Desktop/FKI/4 курс 2025-2026/course_work-SBF/runs/sbf3_go3055_go7763/products/NGC_4413/F150W__F115W/fc1e75a022ae/jw07763-o031_t031_nircam_clear-f150w_i2d_02_изофоты_чистые.fits"",""relative_path"":""jw07763-o031_t031_nircam_clear-f150w_i2d_02_изофоты_чистые.fits"",""sha256"":""e98dbcaa74bcb7352ca2f5e671f2464a24aad19ee7fc52c82595819f09a86081"",""size_bytes"":173701440},{""exists"":true,""fits_valid"":true,""mtime_ns"":1784617318273175179,""mtime_utc"":""2026-07-21T07:01:58.273+00:00"",""name"":""full_residual_fits"",""ok"":true,""path"":""/Users/zuha/Desktop/FKI/4 курс 2025-2026/course_work-SBF/runs/sbf3_go3055_go7763/products/NGC_4413/F150W__F115W/fc1e75a022ae/jw07763-o031_t031_nircam_clear-f150w_i2d_03_остатки_общие.fits"",""relative_path"":""jw07763-o031_t031_nircam_clear-f150w_i2d_03_остатки_общие.fits"",""sha256"":""e2bb6a37993ad0869f74d2f251a9371c4fb834410354033a2fca6e51bada313e"",""size_bytes"":173701440},{""exists"":true,""fits_valid"":true,""mtime_ns"":1784617318438578512,""mtime_utc"":""2026-07-21T07:01:58.438+00:00"",""name"":""working_residual_fits"",""ok"":true,""path"":""/Users/zuha/Desktop/FKI/4 курс 2025-2026/course_work-SBF/runs/sbf3_go3055_go7763/products/NGC_4413/F150W__F115W/fc1e75a022ae/jw07763-o031_t031_nircam_clear-f150w_i2d_04_остатки_общие_рабочие.fits"",""relative_path"":""jw07763-o031_t031_nircam_clear-f150w_i2d_04_остатки_общие_рабочие.fits"",""sha256"":""a82e473d8b57fd672bd764a3c9b3e11c6037387aa8519ed73f833bbbdb4c03f3"",""size_bytes"":173701440},{""exists"":true,""fits_valid"":true,""mtime_ns"":1784620461451460475,""mtime_utc"":""2026-07-21T07:54:21.451+00:00"",""name"":""working_annuli_residual_fits"",""ok"":true,""path"":""/Users/zuha/Desktop/FKI/4 курс 2025-2026/course_work-SBF/runs/sbf3_go3055_go7763/products/NGC_4413/F150W__F115W/fc1e75a022ae/jw07763-o031_t031_nircam_clear-f150w_i2d_05_остатки_общие_рабочие_два_кольца.fits"",""relative_path"":""jw07763-o031_t031_nircam_clear-f150w_i2d_05_остатки_общие_рабочие_два_кольца.fits"",""sha256"":""c56f1c2ad730b75c5682a8e23286fc510718b0ebea8196f13e64582b0ac978f5"",""size_bytes"":173701440}],""target"":""NGC 4413""}"
1918,run-20260720T164920Z-5f8824d560b3-6a51d38a,job-9643ca2935bde8391ab5583cdc2bca07044b60d7381afc9d62143784cec7af60,NGC 4435,,1784620491.820725,INFO,JOB_STATE_CHANGED,,"{""from"":""PENDING"",""to"":""READY""}"
1919,run-20260720T164920Z-5f8824d560b3-6a51d38a,job-9643ca2935bde8391ab5583cdc2bca07044b60d7381afc9d62143784cec7af60,NGC 4435,,1784620491.824652,INFO,INPUT_READY_INITIAL,,"{""inputs"":{""color"":{""expected_size_bytes"":1216140480,""filter"":""F115W"",""final_exists"":true,""final_fits_error"":null,""final_path"":""/Users/zuha/Desktop/FKI/4 курс 2025-2026/course_work-SBF/data/NGC 4435/jw07763-o008_t008_nircam_clear-f115w_i2d.fits"",""final_ready"":true,""final_size_bytes"":1216140480,""part_exists"":false,""part_metadata"":null,""part_metadata_error"":null,""part_path"":""/Users/zuha/Desktop/FKI/4 курс 2025-2026/course_work-SBF/data/NGC 4435/jw07763-o008_t008_nircam_clear-f115w_i2d.fits.part"",""part_size_bytes"":0,""restart_part_exists"":false,""restart_part_path"":""/Users/zuha/Desktop/FKI/4 курс 2025-2026/course_work-SBF/data/NGC 4435/jw07763-o008_t008_nircam_clear-f115w_i2d.fits.restart.part"",""restart_part_size_bytes"":0,""transfer_percent"":null},""signal"":{""expected_size_bytes"":1216137600,""filter"":""F150W"",""final_exists"":true,""final_fits_error"":null,""final_path"":""/Users/zuha/Desktop/FKI/4 курс 2025-2026/course_work-SBF/data/NGC 4435/jw07763-o008_t008_nircam_clear-f150w_i2d.fits"",""final_ready"":true,""final_size_bytes"":1216137600,""part_exists"":false,""part_metadata"":null,""part_metadata_error"":null,""part_path"":""/Users/zuha/Desktop/FKI/4 курс 2025-2026/course_work-SBF/data/NGC 4435/jw07763-o008_t008_nircam_clear-f150w_i2d.fits.part"",""part_size_bytes"":0,""restart_part_exists"":false,""restart_part_path"":""/Users/zuha/Desktop/FKI/4 курс 2025-2026/course_work-SBF/data/NGC 4435/jw07763-o008_t008_nircam_clear-f150w_i2d.fits.restart.part"",""restart_part_size_bytes"":0,""transfer_percent"":null}},""program"":""7763"",""target"":""NGC 4435""}"
1920,run-20260720T164920Z-5f8824d560b3-6a51d38a,job-9643ca2935bde8391ab5583cdc2bca07044b60d7381afc9d62143784cec7af60,NGC 4435,,1784620491.9555788,INFO,WORKER_START_REQUESTED,,"{""color_path"":""/Users/zuha/Desktop/FKI/4 курс 2025-2026/course_work-SBF/data/NGC 4435/jw07763-o008_t008_nircam_clear-f115w_i2d.fits"",""command"":[""/Users/zuha/Desktop/FKI/4 курс 2025-2026/course_work-SBF/astro_env/bin/python3"",""/Users/zuha/Desktop/FKI/4 курс 2025-2026/course_work-SBF/code/run_sbf_batch.py"",""--worker"",""--job-id"",""job-9643ca2935bde8391ab5583cdc2bca07044b60d7381afc9d62143784cec7af60"",""--galaxy"",""NGC 4435"",""--signal"",""/Users/zuha/Desktop/FKI/4 курс 2025-2026/course_work-SBF/data/NGC 4435/jw07763-o008_t008_nircam_clear-f150w_i2d.fits"",""--color"",""/Users/zuha/Desktop/FKI/4 курс 2025-2026/course_work-SBF/data/NGC 4435/jw07763-o008_t008_nircam_clear-f115w_i2d.fits"",""--signal-filter"",""F150W"",""--color-filter"",""F115W"",""--template"",""/Users/zuha/Desktop/FKI/4 курс 2025-2026/course_work-SBF/code/sbf-3.ipynb"",""--batch-root"",""/Users/zuha/Desktop/FKI/4 курс 2025-2026/course_work-SBF/runs/sbf3_go3055_go7763/batch"",""--products-root"",""/Users/zuha/Desktop/FKI/4 курс 2025-2026/course_work-SBF/runs/sbf3_go3055_go7763/products""],""filters"":{""color"":""F115W"",""signal"":""F150W""},""program"":""7763"",""signal_path"":""/Users/zuha/Desktop/FKI/4 курс 2025-2026/course_work-SBF/data/NGC 4435/jw07763-o008_t008_nircam_clear-f150w_i2d.fits"",""target"":""NGC 4435""}"
1921,run-20260720T164920Z-5f8824d560b3-6a51d38a,job-9643ca2935bde8391ab5583cdc2bca07044b60d7381afc9d62143784cec7af60,NGC 4435,,1784620491.9561348,INFO,JOB_STATE_CHANGED,,"{""from"":""READY"",""to"":""RUNNING""}"
1922,run-20260720T164920Z-5f8824d560b3-6a51d38a,job-9643ca2935bde8391ab5583cdc2bca07044b60d7381afc9d62143784cec7af60,NGC 4435,141,1784620491.960829,INFO,ATTEMPT_STARTED,,"{""attempt_no"":1,""pid"":80032}"
1923,run-20260720T164920Z-5f8824d560b3-6a51d38a,job-9643ca2935bde8391ab5583cdc2bca07044b60d7381afc9d62143784cec7af60,NGC 4435,141,1784620972.126932,INFO,WORKER_SUPERVISION_ENDED,,"{""completed"":true,""detail"":null,""duration_seconds"":480.1484251249931,""ended_monotonic"":475762.261804791,""last_sample"":{""available_ram_bytes"":14011891712,""collector"":""psutil"",""disk"":{""free_bytes"":203805765632,""free_gib"":189.80891036987305,""path"":""/Users/zuha/Desktop/FKI/4 курс 2025-2026/course_work-SBF/data"",""total_bytes"":994662584320,""total_gib"":926.3517189025879,""used_bytes"":790856818688,""used_gib"":736.5428085327148},""disk_free_bytes"":203805765632,""monotonic"":475732.251542708,""pid"":80032,""swap"":{""free_bytes"":1814167552,""free_gib"":1.6895751953125,""percent"":90.1,""total_bytes"":18253611008,""total_gib"":17.0,""used_bytes"":16439443456,""used_gib"":15.3104248046875},""swap_used_bytes"":16439443456,""system_ram"":{""available_bytes"":14011891712,""available_gib"":13.049591064453125,""percent"":59.2,""total_bytes"":34359738368,""total_gib"":32.0,""used_bytes"":14573256704,""used_gib"":13.572402954101562},""timestamp_utc"":""2026-07-21T08:02:22.110+00:00"",""worker"":{""child_count"":9,""children_rss_bytes"":2304425984,""children_rss_gib"":2.1461639404296875,""pid"":80032,""rss_bytes"":5906202624,""rss_gib"":5.500579833984375,""status"":""sleeping"",""total_rss_bytes"":8210628608,""total_rss_gib"":7.6467437744140625},""worker_children_rss_bytes"":2304425984,""worker_rss_bytes"":5906202624,""worker_total_rss_bytes"":8210628608},""ok"":false,""reason"":""completed"",""returncode"":1,""sample_count"":16,""signal_name"":null,""started_monotonic"":475282.113379666,""termination"":null}"
1924,run-20260720T164920Z-5f8824d560b3-6a51d38a,job-9643ca2935bde8391ab5583cdc2bca07044b60d7381afc9d62143784cec7af60,NGC 4435,141,1784620972.131315,ERROR,ATTEMPT_ENDED,worker exited 1; required artifacts are absent or invalid,"{""exit_code"":1,""state"":""FAILED""}"
1925,run-20260720T164920Z-5f8824d560b3-6a51d38a,job-9643ca2935bde8391ab5583cdc2bca07044b60d7381afc9d62143784cec7af60,NGC 4435,,1784620972.135146,INFO,JOB_STATE_CHANGED,worker exited 1; required artifacts are absent or invalid,"{""from"":""RUNNING"",""to"":""RETRY_WAIT""}"
1926,run-20260720T164920Z-5f8824d560b3-6a51d38a,job-bacbaa20eea2650dea6c5bdbf1f22324de149948b30813b8a72b14b07f97fb7c,NGC 4436,,1784620972.187409,INFO,JOB_STATE_CHANGED,,"{""from"":""PENDING"",""to"":""READY""}"
1927,run-20260720T164920Z-5f8824d560b3-6a51d38a,job-bacbaa20eea2650dea6c5bdbf1f22324de149948b30813b8a72b14b07f97fb7c,NGC 4436,,1784620972.191543,INFO,INPUT_READY_INITIAL,,"{""inputs"":{""color"":{""expected_size_bytes"":1216140480,""filter"":""F115W"",""final_exists"":true,""final_fits_error"":null,""final_path"":""/Users/zuha/Desktop/FKI/4 курс 2025-2026/course_work-SBF/data/NGC 4436/jw07763-o045_t045_nircam_clear-f115w_i2d.fits"",""final_ready"":true,""final_size_bytes"":1216140480,""part_exists"":false,""part_metadata"":null,""part_metadata_error"":null,""part_path"":""/Users/zuha/Desktop/FKI/4 курс 2025-2026/course_work-SBF/data/NGC 4436/jw07763-o045_t045_nircam_clear-f115w_i2d.fits.part"",""part_size_bytes"":0,""restart_part_exists"":false,""restart_part_path"":""/Users/zuha/Desktop/FKI/4 курс 2025-2026/course_work-SBF/data/NGC 4436/jw07763-o045_t045_nircam_clear-f115w_i2d.fits.restart.part"",""restart_part_size_bytes"":0,""transfer_percent"":null},""signal"":{""expected_size_bytes"":1216137600,""filter"":""F150W"",""final_exists"":true,""final_fits_error"":null,""final_path"":""/Users/zuha/Desktop/FKI/4 курс 2025-2026/course_work-SBF/data/NGC 4436/jw07763-o045_t045_nircam_clear-f150w_i2d.fits"",""final_ready"":true,""final_size_bytes"":1216137600,""part_exists"":false,""part_metadata"":null,""part_metadata_error"":null,""part_path"":""/Users/zuha/Desktop/FKI/4 курс 2025-2026/course_work-SBF/data/NGC 4436/jw07763-o045_t045_nircam_clear-f150w_i2d.fits.part"",""part_size_bytes"":0,""restart_part_exists"":false,""restart_part_path"":""/Users/zuha/Desktop/FKI/4 курс 2025-2026/course_work-SBF/data/NGC 4436/jw07763-o045_t045_nircam_clear-f150w_i2d.fits.restart.part"",""restart_part_size_bytes"":0,""transfer_percent"":null}},""program"":""7763"",""target"":""NGC 4436""}"
1928,run-20260720T164920Z-5f8824d560b3-6a51d38a,job-bacbaa20eea2650dea6c5bdbf1f22324de149948b30813b8a72b14b07f97fb7c,NGC 4436,,1784620972.28944,INFO,WORKER_START_REQUESTED,,"{""color_path"":""/Users/zuha/Desktop/FKI/4 курс 2025-2026/course_work-SBF/data/NGC 4436/jw07763-o045_t045_nircam_clear-f115w_i2d.fits"",""command"":[""/Users/zuha/Desktop/FKI/4 курс 2025-2026/course_work-SBF/astro_env/bin/python3"",""/Users/zuha/Desktop/FKI/4 курс 2025-2026/course_work-SBF/code/run_sbf_batch.py"",""--worker"",""--job-id"",""job-bacbaa20eea2650dea6c5bdbf1f22324de149948b30813b8a72b14b07f97fb7c"",""--galaxy"",""NGC 4436"",""--signal"",""/Users/zuha/Desktop/FKI/4 курс 2025-2026/course_work-SBF/data/NGC 4436/jw07763-o045_t045_nircam_clear-f150w_i2d.fits"",""--color"",""/Users/zuha/Desktop/FKI/4 курс 2025-2026/course_work-SBF/data/NGC 4436/jw07763-o045_t045_nircam_clear-f115w_i2d.fits"",""--signal-filter"",""F150W"",""--color-filter"",""F115W"",""--template"",""/Users/zuha/Desktop/FKI/4 курс 2025-2026/course_work-SBF/code/sbf-3.ipynb"",""--batch-root"",""/Users/zuha/Desktop/FKI/4 курс 2025-2026/course_work-SBF/runs/sbf3_go3055_go7763/batch"",""--products-root"",""/Users/zuha/Desktop/FKI/4 курс 2025-2026/course_work-SBF/runs/sbf3_go3055_go7763/products""],""filters"":{""color"":""F115W"",""signal"":""F150W""},""program"":""7763"",""signal_path"":""/Users/zuha/Desktop/FKI/4 курс 2025-2026/course_work-SBF/data/NGC 4436/jw07763-o045_t045_nircam_clear-f150w_i2d.fits"",""target"":""NGC 4436""}"
1929,run-20260720T164920Z-5f8824d560b3-6a51d38a,job-bacbaa20eea2650dea6c5bdbf1f22324de149948b30813b8a72b14b07f97fb7c,NGC 4436,,1784620972.290088,INFO,JOB_STATE_CHANGED,,"{""from"":""READY"",""to"":""RUNNING""}"
1930,run-20260720T164920Z-5f8824d560b3-6a51d38a,job-bacbaa20eea2650dea6c5bdbf1f22324de149948b30813b8a72b14b07f97fb7c,NGC 4436,142,1784620972.294358,INFO,ATTEMPT_STARTED,,"{""attempt_no"":1,""pid"":83145}"
1931,run-20260720T164920Z-5f8824d560b3-6a51d38a,job-bacbaa20eea2650dea6c5bdbf1f22324de149948b30813b8a72b14b07f97fb7c,NGC 4436,142,1784625323.3344178,INFO,WORKER_SUPERVISION_ENDED,,"{""completed"":true,""detail"":null,""duration_seconds"":4351.352173792024,""ended_monotonic"":480113.788617125,""last_sample"":{""available_ram_bytes"":11004444672,""collector"":""psutil"",""disk"":{""free_bytes"":203808149504,""free_gib"":189.81113052368164,""path"":""/Users/zuha/Desktop/FKI/4 курс 2025-2026/course_work-SBF/data"",""total_bytes"":994662584320,""total_gib"":926.3517189025879,""used_bytes"":790854434816,""used_gib"":736.5405883789062},""disk_free_bytes"":203808149504,""monotonic"":480083.778345291,""pid"":83145,""swap"":{""free_bytes"":898629632,""free_gib"":0.8369140625,""percent"":94.8,""total_bytes"":17179869184,""total_gib"":16.0,""used_bytes"":16281239552,""used_gib"":15.1630859375},""swap_used_bytes"":16281239552,""system_ram"":{""available_bytes"":11004444672,""available_gib"":10.248687744140625,""percent"":68.0,""total_bytes"":34359738368,""total_gib"":32.0,""used_bytes"":11670224896,""used_gib"":10.868743896484375},""timestamp_utc"":""2026-07-21T09:14:53.317+00:00"",""worker"":{""child_count"":1,""children_rss_bytes"":5439488,""children_rss_gib"":0.00506591796875,""pid"":83145,""rss_bytes"":7368097792,""rss_gib"":6.8620758056640625,""status"":""sleeping"",""total_rss_bytes"":7373537280,""total_rss_gib"":6.8671417236328125},""worker_children_rss_bytes"":5439488,""worker_rss_bytes"":7368097792,""worker_total_rss_bytes"":7373537280},""ok"":true,""reason"":""completed"",""returncode"":0,""sample_count"":145,""signal_name"":null,""started_monotonic"":475762.436443333,""termination"":null}"
1932,run-20260720T164920Z-5f8824d560b3-6a51d38a,job-bacbaa20eea2650dea6c5bdbf1f22324de149948b30813b8a72b14b07f97fb7c,NGC 4436,,1784625323.7945359,INFO,JOB_STATE_CHANGED,,"{""from"":""RUNNING"",""to"":""VERIFYING""}"
1933,run-20260720T164920Z-5f8824d560b3-6a51d38a,job-bacbaa20eea2650dea6c5bdbf1f22324de149948b30813b8a72b14b07f97fb7c,NGC 4436,142,1784625323.7974038,INFO,ARTIFACT_RECORDED,,"{""artifact_id"":166,""kind"":""clean_model_fits"",""path"":""/Users/zuha/Desktop/FKI/4 курс 2025-2026/course_work-SBF/runs/sbf3_go3055_go7763/products/NGC_4436/F150W__F115W/bacbaa20eea2/jw07763-o045_t045_nircam_clear-f150w_i2d_01_модель_чистая.fits"",""verified"":true}"
1934,run-20260720T164920Z-5f8824d560b3-6a51d38a,job-bacbaa20eea2650dea6c5bdbf1f22324de149948b30813b8a72b14b07f97fb7c,NGC 4436,142,1784625323.798992,INFO,ARTIFACT_RECORDED,,"{""artifact_id"":167,""kind"":""clean_isophotes_fits"",""path"":""/Users/zuha/Desktop/FKI/4 курс 2025-2026/course_work-SBF/runs/sbf3_go3055_go7763/products/NGC_4436/F150W__F115W/bacbaa20eea2/jw07763-o045_t045_nircam_clear-f150w_i2d_02_изофоты_чистые.fits"",""verified"":true}"
1935,run-20260720T164920Z-5f8824d560b3-6a51d38a,job-bacbaa20eea2650dea6c5bdbf1f22324de149948b30813b8a72b14b07f97fb7c,NGC 4436,142,1784625323.800688,INFO,ARTIFACT_RECORDED,,"{""artifact_id"":168,""kind"":""full_residual_fits"",""path"":""/Users/zuha/Desktop/FKI/4 курс 2025-2026/course_work-SBF/runs/sbf3_go3055_go7763/products/NGC_4436/F150W__F115W/bacbaa20eea2/jw07763-o045_t045_nircam_clear-f150w_i2d_03_остатки_общие.fits"",""verified"":true}"
1936,run-20260720T164920Z-5f8824d560b3-6a51d38a,job-bacbaa20eea2650dea6c5bdbf1f22324de149948b30813b8a72b14b07f97fb7c,NGC 4436,142,1784625323.801758,INFO,ARTIFACT_RECORDED,,"{""artifact_id"":169,""kind"":""working_residual_fits"",""path"":""/Users/zuha/Desktop/FKI/4 курс 2025-2026/course_work-SBF/runs/sbf3_go3055_go7763/products/NGC_4436/F150W__F115W/bacbaa20eea2/jw07763-o045_t045_nircam_clear-f150w_i2d_04_остатки_общие_рабочие.fits"",""verified"":true}"
1937,run-20260720T164920Z-5f8824d560b3-6a51d38a,job-bacbaa20eea2650dea6c5bdbf1f22324de149948b30813b8a72b14b07f97fb7c,NGC 4436,142,1784625323.803023,INFO,ARTIFACT_RECORDED,,"{""artifact_id"":170,""kind"":""working_annuli_residual_fits"",""path"":""/Users/zuha/Desktop/FKI/4 курс 2025-2026/course_work-SBF/runs/sbf3_go3055_go7763/products/NGC_4436/F150W__F115W/bacbaa20eea2/jw07763-o045_t045_nircam_clear-f150w_i2d_05_остатки_общие_рабочие_два_кольца.fits"",""verified"":true}"
1938,run-20260720T164920Z-5f8824d560b3-6a51d38a,job-bacbaa20eea2650dea6c5bdbf1f22324de149948b30813b8a72b14b07f97fb7c,NGC 4436,142,1784625323.804063,INFO,ATTEMPT_ENDED,,"{""exit_code"":0,""state"":""SUCCEEDED""}"
1939,run-20260720T164920Z-5f8824d560b3-6a51d38a,job-bacbaa20eea2650dea6c5bdbf1f22324de149948b30813b8a72b14b07f97fb7c,NGC 4436,,1784625323.80496,INFO,JOB_STATE_CHANGED,,"{""from"":""VERIFYING"",""to"":""SUCCEEDED""}"
1940,run-20260720T164920Z-5f8824d560b3-6a51d38a,job-bacbaa20eea2650dea6c5bdbf1f22324de149948b30813b8a72b14b07f97fb7c,NGC 4436,142,1784625323.808031,INFO,ARTIFACTS_VERIFIED,,"{""artifact_count"":5,""artifact_manifest_path"":""/Users/zuha/Desktop/FKI/4 курс 2025-2026/course_work-SBF/runs/sbf3_go3055_go7763/batch/artifact_manifests/NGC_4436__F150W__F115W__bacbaa20eea2_result_artifacts.json"",""artifacts"":[{""exists"":true,""fits_valid"":true,""mtime_ns"":1784622207356430307,""mtime_utc"":""2026-07-21T08:23:27.356+00:00"",""name"":""clean_model_fits"",""ok"":true,""path"":""/Users/zuha/Desktop/FKI/4 курс 2025-2026/course_work-SBF/runs/sbf3_go3055_go7763/products/NGC_4436/F150W__F115W/bacbaa20eea2/jw07763-o045_t045_nircam_clear-f150w_i2d_01_модель_чистая.fits"",""relative_path"":""jw07763-o045_t045_nircam_clear-f150w_i2d_01_модель_чистая.fits"",""sha256"":""4561c017716c40958f5ef421a9c80afe4108366b506d1cc75ca4a589df2f6261"",""size_bytes"":173701440},{""exists"":true,""fits_valid"":true,""mtime_ns"":1784622207477709248,""mtime_utc"":""2026-07-21T08:23:27.477+00:00"",""name"":""clean_isophotes_fits"",""ok"":true,""path"":""/Users/zuha/Desktop/FKI/4 курс 2025-2026/course_work-SBF/runs/sbf3_go3055_go7763/products/NGC_4436/F150W__F115W/bacbaa20eea2/jw07763-o045_t045_nircam_clear-f150w_i2d_02_изофоты_чистые.fits"",""relative_path"":""jw07763-o045_t045_nircam_clear-f150w_i2d_02_изофоты_чистые.fits"",""sha256"":""d203b97e0c1355e60572c9a80823ae17636df76a13495a459f1fcf6b02445913"",""size_bytes"":173701440},{""exists"":true,""fits_valid"":true,""mtime_ns"":1784622207647674012,""mtime_utc"":""2026-07-21T08:23:27.647+00:00"",""name"":""full_residual_fits"",""ok"":true,""path"":""/Users/zuha/Desktop/FKI/4 курс 2025-2026/course_work-SBF/runs/sbf3_go3055_go7763/products/NGC_4436/F150W__F115W/bacbaa20eea2/jw07763-o045_t045_nircam_clear-f150w_i2d_03_остатки_общие.fits"",""relative_path"":""jw07763-o045_t045_nircam_clear-f150w_i2d_03_остатки_общие.fits"",""sha256"":""053ccfa0e6b9857f351afda538a0f79e6b307d628d6c5bb23f94a79eb68d063b"",""size_bytes"":173701440},{""exists"":true,""fits_valid"":true,""mtime_ns"":1784622207817447438,""mtime_utc"":""2026-07-21T08:23:27.817+00:00"",""name"":""working_residual_fits"",""ok"":true,""path"":""/Users/zuha/Desktop/FKI/4 курс 2025-2026/course_work-SBF/runs/sbf3_go3055_go7763/products/NGC_4436/F150W__F115W/bacbaa20eea2/jw07763-o045_t045_nircam_clear-f150w_i2d_04_остатки_общие_рабочие.fits"",""relative_path"":""jw07763-o045_t045_nircam_clear-f150w_i2d_04_остатки_общие_рабочие.fits"",""sha256"":""ff09bdce736071622a7611e84f062b42fa71ca710dc91233b30e0ddfb57033c2"",""size_bytes"":173701440},{""exists"":true,""fits_valid"":true,""mtime_ns"":1784625294556174638,""mtime_utc"":""2026-07-21T09:14:54.556+00:00"",""name"":""working_annuli_residual_fits"",""ok"":true,""path"":""/Users/zuha/Desktop/FKI/4 курс 2025-2026/course_work-SBF/runs/sbf3_go3055_go7763/products/NGC_4436/F150W__F115W/bacbaa20eea2/jw07763-o045_t045_nircam_clear-f150w_i2d_05_остатки_общие_рабочие_два_кольца.fits"",""relative_path"":""jw07763-o045_t045_nircam_clear-f150w_i2d_05_остатки_общие_рабочие_два_кольца.fits"",""sha256"":""6a3dbf3bd655a809f5815691e7a16d3eb29b125104b984883e9f292b75d0755b"",""size_bytes"":173701440}],""target"":""NGC 4436""}"
1941,run-20260720T164920Z-5f8824d560b3-6a51d38a,job-0dfeb66040f0d460b5c84fbf046b5a57cd38cc044ccce21eae9e068c11bd1e0d,NGC 4438,,1784625323.8519092,INFO,JOB_STATE_CHANGED,,"{""from"":""PENDING"",""to"":""READY""}"
1942,run-20260720T164920Z-5f8824d560b3-6a51d38a,job-0dfeb66040f0d460b5c84fbf046b5a57cd38cc044ccce21eae9e068c11bd1e0d,NGC 4438,,1784625323.855697,INFO,INPUT_READY_INITIAL,,"{""inputs"":{""color"":{""expected_size_bytes"":1216137600,""filter"":""F115W"",""final_exists"":true,""final_fits_error"":null,""final_path"":""/Users/zuha/Desktop/FKI/4 курс 2025-2026/course_work-SBF/data/NGC 4438/jw07763-o006_t006_nircam_clear-f115w_i2d.fits"",""final_ready"":true,""final_size_bytes"":1216137600,""part_exists"":false,""part_metadata"":null,""part_metadata_error"":null,""part_path"":""/Users/zuha/Desktop/FKI/4 курс 2025-2026/course_work-SBF/data/NGC 4438/jw07763-o006_t006_nircam_clear-f115w_i2d.fits.part"",""part_size_bytes"":0,""restart_part_exists"":false,""restart_part_path"":""/Users/zuha/Desktop/FKI/4 курс 2025-2026/course_work-SBF/data/NGC 4438/jw07763-o006_t006_nircam_clear-f115w_i2d.fits.restart.part"",""restart_part_size_bytes"":0,""transfer_percent"":null},""signal"":{""expected_size_bytes"":1216258560,""filter"":""F150W"",""final_exists"":true,""final_fits_error"":null,""final_path"":""/Users/zuha/Desktop/FKI/4 курс 2025-2026/course_work-SBF/data/NGC 4438/jw07763-o006_t006_nircam_clear-f150w_i2d.fits"",""final_ready"":true,""final_size_bytes"":1216258560,""part_exists"":false,""part_metadata"":null,""part_metadata_error"":null,""part_path"":""/Users/zuha/Desktop/FKI/4 курс 2025-2026/course_work-SBF/data/NGC 4438/jw07763-o006_t006_nircam_clear-f150w_i2d.fits.part"",""part_size_bytes"":0,""restart_part_exists"":false,""restart_part_path"":""/Users/zuha/Desktop/FKI/4 курс 2025-2026/course_work-SBF/data/NGC 4438/jw07763-o006_t006_nircam_clear-f150w_i2d.fits.restart.part"",""restart_part_size_bytes"":0,""transfer_percent"":null}},""program"":""7763"",""target"":""NGC 4438""}"
1943,run-20260720T164920Z-5f8824d560b3-6a51d38a,job-0dfeb66040f0d460b5c84fbf046b5a57cd38cc044ccce21eae9e068c11bd1e0d,NGC 4438,,1784625323.980129,INFO,WORKER_START_REQUESTED,,"{""color_path"":""/Users/zuha/Desktop/FKI/4 курс 2025-2026/course_work-SBF/data/NGC 4438/jw07763-o006_t006_nircam_clear-f115w_i2d.fits"",""command"":[""/Users/zuha/Desktop/FKI/4 курс 2025-2026/course_work-SBF/astro_env/bin/python3"",""/Users/zuha/Desktop/FKI/4 курс 2025-2026/course_work-SBF/code/run_sbf_batch.py"",""--worker"",""--job-id"",""job-0dfeb66040f0d460b5c84fbf046b5a57cd38cc044ccce21eae9e068c11bd1e0d"",""--galaxy"",""NGC 4438"",""--signal"",""/Users/zuha/Desktop/FKI/4 курс 2025-2026/course_work-SBF/data/NGC 4438/jw07763-o006_t006_nircam_clear-f150w_i2d.fits"",""--color"",""/Users/zuha/Desktop/FKI/4 курс 2025-2026/course_work-SBF/data/NGC 4438/jw07763-o006_t006_nircam_clear-f115w_i2d.fits"",""--signal-filter"",""F150W"",""--color-filter"",""F115W"",""--template"",""/Users/zuha/Desktop/FKI/4 курс 2025-2026/course_work-SBF/code/sbf-3.ipynb"",""--batch-root"",""/Users/zuha/Desktop/FKI/4 курс 2025-2026/course_work-SBF/runs/sbf3_go3055_go7763/batch"",""--products-root"",""/Users/zuha/Desktop/FKI/4 курс 2025-2026/course_work-SBF/runs/sbf3_go3055_go7763/products""],""filters"":{""color"":""F115W"",""signal"":""F150W""},""program"":""7763"",""signal_path"":""/Users/zuha/Desktop/FKI/4 курс 2025-2026/course_work-SBF/data/NGC 4438/jw07763-o006_t006_nircam_clear-f150w_i2d.fits"",""target"":""NGC 4438""}"
1944,run-20260720T164920Z-5f8824d560b3-6a51d38a,job-0dfeb66040f0d460b5c84fbf046b5a57cd38cc044ccce21eae9e068c11bd1e0d,NGC 4438,,1784625323.9807072,INFO,JOB_STATE_CHANGED,,"{""from"":""READY"",""to"":""RUNNING""}"
1945,run-20260720T164920Z-5f8824d560b3-6a51d38a,job-0dfeb66040f0d460b5c84fbf046b5a57cd38cc044ccce21eae9e068c11bd1e0d,NGC 4438,143,1784625323.985536,INFO,ATTEMPT_STARTED,,"{""attempt_no"":1,""pid"":12787}"
1946,run-20260720T164920Z-5f8824d560b3-6a51d38a,job-0dfeb66040f0d460b5c84fbf046b5a57cd38cc044ccce21eae9e068c11bd1e0d,NGC 4438,143,1784629795.384788,INFO,WORKER_SUPERVISION_ENDED,,"{""completed"":true,""detail"":null,""duration_seconds"":4471.426105958992,""ended_monotonic"":484585.873937875,""last_sample"":{""available_ram_bytes"":10874109952,""collector"":""psutil"",""disk"":{""free_bytes"":202720759808,""free_gib"":188.79841995239258,""path"":""/Users/zuha/Desktop/FKI/4 курс 2025-2026/course_work-SBF/data"",""total_bytes"":994662584320,""total_gib"":926.3517189025879,""used_bytes"":791941824512,""used_gib"":737.5532989501953},""disk_free_bytes"":202720759808,""monotonic"":484555.861415875,""pid"":12787,""swap"":{""free_bytes"":923795456,""free_gib"":0.8603515625,""percent"":94.6,""total_bytes"":17179869184,""total_gib"":16.0,""used_bytes"":16256073728,""used_gib"":15.1396484375},""swap_used_bytes"":16256073728,""system_ram"":{""available_bytes"":10874109952,""available_gib"":10.127304077148438,""percent"":68.4,""total_bytes"":34359738368,""total_gib"":32.0,""used_bytes"":11248910336,""used_gib"":10.476364135742188},""timestamp_utc"":""2026-07-21T10:29:25.366+00:00"",""worker"":{""child_count"":1,""children_rss_bytes"":5439488,""children_rss_gib"":0.00506591796875,""pid"":12787,""rss_bytes"":7978745856,""rss_gib"":7.4307861328125,""status"":""sleeping"",""total_rss_bytes"":7984185344,""total_rss_gib"":7.43585205078125},""worker_children_rss_bytes"":5439488,""worker_rss_bytes"":7978745856,""worker_total_rss_bytes"":7984185344},""ok"":true,""reason"":""completed"",""returncode"":0,""sample_count"":149,""signal_name"":null,""started_monotonic"":480114.447831916,""termination"":null}"
1947,run-20260720T164920Z-5f8824d560b3-6a51d38a,job-0dfeb66040f0d460b5c84fbf046b5a57cd38cc044ccce21eae9e068c11bd1e0d,NGC 4438,,1784629795.83276,INFO,JOB_STATE_CHANGED,,"{""from"":""RUNNING"",""to"":""VERIFYING""}"
1948,run-20260720T164920Z-5f8824d560b3-6a51d38a,job-0dfeb66040f0d460b5c84fbf046b5a57cd38cc044ccce21eae9e068c11bd1e0d,NGC 4438,143,1784629795.8354292,INFO,ARTIFACT_RECORDED,,"{""artifact_id"":171,""kind"":""clean_model_fits"",""path"":""/Users/zuha/Desktop/FKI/4 курс 2025-2026/course_work-SBF/runs/sbf3_go3055_go7763/products/NGC_4438/F150W__F115W/0dfeb66040f0/jw07763-o006_t006_nircam_clear-f150w_i2d_01_модель_чистая.fits"",""verified"":true}"
1949,run-20260720T164920Z-5f8824d560b3-6a51d38a,job-0dfeb66040f0d460b5c84fbf046b5a57cd38cc044ccce21eae9e068c11bd1e0d,NGC 4438,143,1784629795.8378491,INFO,ARTIFACT_RECORDED,,"{""artifact_id"":172,""kind"":""clean_isophotes_fits"",""path"":""/Users/zuha/Desktop/FKI/4 курс 2025-2026/course_work-SBF/runs/sbf3_go3055_go7763/products/NGC_4438/F150W__F115W/0dfeb66040f0/jw07763-o006_t006_nircam_clear-f150w_i2d_02_изофоты_чистые.fits"",""verified"":true}"
1950,run-20260720T164920Z-5f8824d560b3-6a51d38a,job-0dfeb66040f0d460b5c84fbf046b5a57cd38cc044ccce21eae9e068c11bd1e0d,NGC 4438,143,1784629795.838858,INFO,ARTIFACT_RECORDED,,"{""artifact_id"":173,""kind"":""full_residual_fits"",""path"":""/Users/zuha/Desktop/FKI/4 курс 2025-2026/course_work-SBF/runs/sbf3_go3055_go7763/products/NGC_4438/F150W__F115W/0dfeb66040f0/jw07763-o006_t006_nircam_clear-f150w_i2d_03_остатки_общие.fits"",""verified"":true}"
1951,run-20260720T164920Z-5f8824d560b3-6a51d38a,job-0dfeb66040f0d460b5c84fbf046b5a57cd38cc044ccce21eae9e068c11bd1e0d,NGC 4438,143,1784629795.839998,INFO,ARTIFACT_RECORDED,,"{""artifact_id"":174,""kind"":""working_residual_fits"",""path"":""/Users/zuha/Desktop/FKI/4 курс 2025-2026/course_work-SBF/runs/sbf3_go3055_go7763/products/NGC_4438/F150W__F115W/0dfeb66040f0/jw07763-o006_t006_nircam_clear-f150w_i2d_04_остатки_общие_рабочие.fits"",""verified"":true}"
1952,run-20260720T164920Z-5f8824d560b3-6a51d38a,job-0dfeb66040f0d460b5c84fbf046b5a57cd38cc044ccce21eae9e068c11bd1e0d,NGC 4438,143,1784629795.840866,INFO,ARTIFACT_RECORDED,,"{""artifact_id"":175,""kind"":""working_annuli_residual_fits"",""path"":""/Users/zuha/Desktop/FKI/4 курс 2025-2026/course_work-SBF/runs/sbf3_go3055_go7763/products/NGC_4438/F150W__F115W/0dfeb66040f0/jw07763-o006_t006_nircam_clear-f150w_i2d_05_остатки_общие_рабочие_два_кольца.fits"",""verified"":true}"
1953,run-20260720T164920Z-5f8824d560b3-6a51d38a,job-0dfeb66040f0d460b5c84fbf046b5a57cd38cc044ccce21eae9e068c11bd1e0d,NGC 4438,143,1784629795.8418581,INFO,ATTEMPT_ENDED,,"{""exit_code"":0,""state"":""SUCCEEDED""}"
1954,run-20260720T164920Z-5f8824d560b3-6a51d38a,job-0dfeb66040f0d460b5c84fbf046b5a57cd38cc044ccce21eae9e068c11bd1e0d,NGC 4438,,1784629795.842732,INFO,JOB_STATE_CHANGED,,"{""from"":""VERIFYING"",""to"":""SUCCEEDED""}"
1955,run-20260720T164920Z-5f8824d560b3-6a51d38a,job-0dfeb66040f0d460b5c84fbf046b5a57cd38cc044ccce21eae9e068c11bd1e0d,NGC 4438,143,1784629795.845588,INFO,ARTIFACTS_VERIFIED,,"{""artifact_count"":5,""artifact_manifest_path"":""/Users/zuha/Desktop/FKI/4 курс 2025-2026/course_work-SBF/runs/sbf3_go3055_go7763/batch/artifact_manifests/NGC_4438__F150W__F115W__0dfeb66040f0_result_artifacts.json"",""artifacts"":[{""exists"":true,""fits_valid"":true,""mtime_ns"":1784626739614776150,""mtime_utc"":""2026-07-21T09:38:59.614+00:00"",""name"":""clean_model_fits"",""ok"":true,""path"":""/Users/zuha/Desktop/FKI/4 курс 2025-2026/course_work-SBF/runs/sbf3_go3055_go7763/products/NGC_4438/F150W__F115W/0dfeb66040f0/jw07763-o006_t006_nircam_clear-f150w_i2d_01_модель_чистая.fits"",""relative_path"":""jw07763-o006_t006_nircam_clear-f150w_i2d_01_модель_чистая.fits"",""sha256"":""9302f1add259a5caf2795b025b8405d05947067051649cbad060125d5ba8e23a"",""size_bytes"":173718720},{""exists"":true,""fits_valid"":true,""mtime_ns"":1784626739794183238,""mtime_utc"":""2026-07-21T09:38:59.794+00:00"",""name"":""clean_isophotes_fits"",""ok"":true,""path"":""/Users/zuha/Desktop/FKI/4 курс 2025-2026/course_work-SBF/runs/sbf3_go3055_go7763/products/NGC_4438/F150W__F115W/0dfeb66040f0/jw07763-o006_t006_nircam_clear-f150w_i2d_02_изофоты_чистые.fits"",""relative_path"":""jw07763-o006_t006_nircam_clear-f150w_i2d_02_изофоты_чистые.fits"",""sha256"":""e4e81b01b86afb3a9115eec3320f0eafe435e196788c144625bd2ceab9b9a5bb"",""size_bytes"":173718720},{""exists"":true,""fits_valid"":true,""mtime_ns"":1784626739971185970,""mtime_utc"":""2026-07-21T09:38:59.971+00:00"",""name"":""full_residual_fits"",""ok"":true,""path"":""/Users/zuha/Desktop/FKI/4 курс 2025-2026/course_work-SBF/runs/sbf3_go3055_go7763/products/NGC_4438/F150W__F115W/0dfeb66040f0/jw07763-o006_t006_nircam_clear-f150w_i2d_03_остатки_общие.fits"",""relative_path"":""jw07763-o006_t006_nircam_clear-f150w_i2d_03_остатки_общие.fits"",""sha256"":""0ebce233fa6d34f14a5e46d62d1bba3b9519d72f160c9e0f13cc8e23e5d60544"",""size_bytes"":173718720},{""exists"":true,""fits_valid"":true,""mtime_ns"":1784626740141539169,""mtime_utc"":""2026-07-21T09:39:00.141+00:00"",""name"":""working_residual_fits"",""ok"":true,""path"":""/Users/zuha/Desktop/FKI/4 курс 2025-2026/course_work-SBF/runs/sbf3_go3055_go7763/products/NGC_4438/F150W__F115W/0dfeb66040f0/jw07763-o006_t006_nircam_clear-f150w_i2d_04_остатки_общие_рабочие.fits"",""relative_path"":""jw07763-o006_t006_nircam_clear-f150w_i2d_04_остатки_общие_рабочие.fits"",""sha256"":""f422a94ec21f786e3d60e5e2721cb9d6afaccfbe57920720f01676a5063b0f04"",""size_bytes"":173718720},{""exists"":true,""fits_valid"":true,""mtime_ns"":1784629784258943164,""mtime_utc"":""2026-07-21T10:29:44.258+00:00"",""name"":""working_annuli_residual_fits"",""ok"":true,""path"":""/Users/zuha/Desktop/FKI/4 курс 2025-2026/course_work-SBF/runs/sbf3_go3055_go7763/products/NGC_4438/F150W__F115W/0dfeb66040f0/jw07763-o006_t006_nircam_clear-f150w_i2d_05_остатки_общие_рабочие_два_кольца.fits"",""relative_path"":""jw07763-o006_t006_nircam_clear-f150w_i2d_05_остатки_общие_рабочие_два_кольца.fits"",""sha256"":""cced78b12f3c999bf762879efba9389fa32f36b9e88ccb70322f0750f3bc5868"",""size_bytes"":173718720}],""target"":""NGC 4438""}"
1956,run-20260720T164920Z-5f8824d560b3-6a51d38a,job-588bb373439fc4f23239c70b39233861fe2c128701254f907d190e3acc370831,NGC 4442,,1784629795.893646,INFO,JOB_STATE_CHANGED,,"{""from"":""PENDING"",""to"":""READY""}"
1957,run-20260720T164920Z-5f8824d560b3-6a51d38a,job-588bb373439fc4f23239c70b39233861fe2c128701254f907d190e3acc370831,NGC 4442,,1784629795.8975391,INFO,INPUT_READY_INITIAL,,"{""inputs"":{""color"":{""expected_size_bytes"":1216137600,""filter"":""F115W"",""final_exists"":true,""final_fits_error"":null,""final_path"":""/Users/zuha/Desktop/FKI/4 курс 2025-2026/course_work-SBF/data/NGC 4442/jw07763-o012_t012_nircam_clear-f115w_i2d.fits"",""final_ready"":true,""final_size_bytes"":1216137600,""part_exists"":false,""part_metadata"":null,""part_metadata_error"":null,""part_path"":""/Users/zuha/Desktop/FKI/4 курс 2025-2026/course_work-SBF/data/NGC 4442/jw07763-o012_t012_nircam_clear-f115w_i2d.fits.part"",""part_size_bytes"":0,""restart_part_exists"":false,""restart_part_path"":""/Users/zuha/Desktop/FKI/4 курс 2025-2026/course_work-SBF/data/NGC 4442/jw07763-o012_t012_nircam_clear-f115w_i2d.fits.restart.part"",""restart_part_size_bytes"":0,""transfer_percent"":null},""signal"":{""expected_size_bytes"":1216137600,""filter"":""F150W"",""final_exists"":true,""final_fits_error"":null,""final_path"":""/Users/zuha/Desktop/FKI/4 курс 2025-2026/course_work-SBF/data/NGC 4442/jw07763-o012_t012_nircam_clear-f150w_i2d.fits"",""final_ready"":true,""final_size_bytes"":1216137600,""part_exists"":false,""part_metadata"":null,""part_metadata_error"":null,""part_path"":""/Users/zuha/Desktop/FKI/4 курс 2025-2026/course_work-SBF/data/NGC 4442/jw07763-o012_t012_nircam_clear-f150w_i2d.fits.part"",""part_size_bytes"":0,""restart_part_exists"":false,""restart_part_path"":""/Users/zuha/Desktop/FKI/4 курс 2025-2026/course_work-SBF/data/NGC 4442/jw07763-o012_t012_nircam_clear-f150w_i2d.fits.restart.part"",""restart_part_size_bytes"":0,""transfer_percent"":null}},""program"":""7763"",""target"":""NGC 4442""}"
1958,run-20260720T164920Z-5f8824d560b3-6a51d38a,job-588bb373439fc4f23239c70b39233861fe2c128701254f907d190e3acc370831,NGC 4442,,1784629796.0279412,INFO,WORKER_START_REQUESTED,,"{""color_path"":""/Users/zuha/Desktop/FKI/4 курс 2025-2026/course_work-SBF/data/NGC 4442/jw07763-o012_t012_nircam_clear-f115w_i2d.fits"",""command"":[""/Users/zuha/Desktop/FKI/4 курс 2025-2026/course_work-SBF/astro_env/bin/python3"",""/Users/zuha/Desktop/FKI/4 курс 2025-2026/course_work-SBF/code/run_sbf_batch.py"",""--worker"",""--job-id"",""job-588bb373439fc4f23239c70b39233861fe2c128701254f907d190e3acc370831"",""--galaxy"",""NGC 4442"",""--signal"",""/Users/zuha/Desktop/FKI/4 курс 2025-2026/course_work-SBF/data/NGC 4442/jw07763-o012_t012_nircam_clear-f150w_i2d.fits"",""--color"",""/Users/zuha/Desktop/FKI/4 курс 2025-2026/course_work-SBF/data/NGC 4442/jw07763-o012_t012_nircam_clear-f115w_i2d.fits"",""--signal-filter"",""F150W"",""--color-filter"",""F115W"",""--template"",""/Users/zuha/Desktop/FKI/4 курс 2025-2026/course_work-SBF/code/sbf-3.ipynb"",""--batch-root"",""/Users/zuha/Desktop/FKI/4 курс 2025-2026/course_work-SBF/runs/sbf3_go3055_go7763/batch"",""--products-root"",""/Users/zuha/Desktop/FKI/4 курс 2025-2026/course_work-SBF/runs/sbf3_go3055_go7763/products""],""filters"":{""color"":""F115W"",""signal"":""F150W""},""program"":""7763"",""signal_path"":""/Users/zuha/Desktop/FKI/4 курс 2025-2026/course_work-SBF/data/NGC 4442/jw07763-o012_t012_nircam_clear-f150w_i2d.fits"",""target"":""NGC 4442""}"
1959,run-20260720T164920Z-5f8824d560b3-6a51d38a,job-588bb373439fc4f23239c70b39233861fe2c128701254f907d190e3acc370831,NGC 4442,,1784629796.028755,INFO,JOB_STATE_CHANGED,,"{""from"":""READY"",""to"":""RUNNING""}"
1960,run-20260720T164920Z-5f8824d560b3-6a51d38a,job-588bb373439fc4f23239c70b39233861fe2c128701254f907d190e3acc370831,NGC 4442,144,1784629796.033597,INFO,ATTEMPT_STARTED,,"{""attempt_no"":1,""pid"":41765}"
1961,run-20260720T164920Z-5f8824d560b3-6a51d38a,job-588bb373439fc4f23239c70b39233861fe2c128701254f907d190e3acc370831,NGC 4442,144,1784634177.6171079,INFO,WORKER_SUPERVISION_ENDED,,"{""completed"":true,""detail"":null,""duration_seconds"":4381.253494500008,""ended_monotonic"":488967.783439958,""last_sample"":{""available_ram_bytes"":10829758464,""collector"":""psutil"",""disk"":{""free_bytes"":199092404224,""free_gib"":185.41925048828125,""path"":""/Users/zuha/Desktop/FKI/4 курс 2025-2026/course_work-SBF/data"",""total_bytes"":994662584320,""total_gib"":926.3517189025879,""used_bytes"":795570180096,""used_gib"":740.9324684143066},""disk_free_bytes"":199092404224,""monotonic"":488937.773187416,""pid"":41765,""swap"":{""free_bytes"":965738496,""free_gib"":0.8994140625,""percent"":94.4,""total_bytes"":17179869184,""total_gib"":16.0,""used_bytes"":16214130688,""used_gib"":15.1005859375},""swap_used_bytes"":16214130688,""system_ram"":{""available_bytes"":10829758464,""available_gib"":10.08599853515625,""percent"":68.5,""total_bytes"":34359738368,""total_gib"":32.0,""used_bytes"":11499847680,""used_gib"":10.710067749023438},""timestamp_utc"":""2026-07-21T11:42:27.599+00:00"",""worker"":{""child_count"":1,""children_rss_bytes"":5439488,""children_rss_gib"":0.00506591796875,""pid"":41765,""rss_bytes"":6885244928,""rss_gib"":6.412384033203125,""status"":""sleeping"",""total_rss_bytes"":6890684416,""total_rss_gib"":6.417449951171875},""worker_children_rss_bytes"":5439488,""worker_rss_bytes"":6885244928,""worker_total_rss_bytes"":6890684416},""ok"":true,""reason"":""completed"",""returncode"":0,""sample_count"":146,""signal_name"":null,""started_monotonic"":484586.529945458,""termination"":null}"
1962,run-20260720T164920Z-5f8824d560b3-6a51d38a,job-588bb373439fc4f23239c70b39233861fe2c128701254f907d190e3acc370831,NGC 4442,,1784634178.069998,INFO,JOB_STATE_CHANGED,,"{""from"":""RUNNING"",""to"":""VERIFYING""}"
1963,run-20260720T164920Z-5f8824d560b3-6a51d38a,job-588bb373439fc4f23239c70b39233861fe2c128701254f907d190e3acc370831,NGC 4442,144,1784634178.071873,INFO,ARTIFACT_RECORDED,,"{""artifact_id"":176,""kind"":""clean_model_fits"",""path"":""/Users/zuha/Desktop/FKI/4 курс 2025-2026/course_work-SBF/runs/sbf3_go3055_go7763/products/NGC_4442/F150W__F115W/588bb373439f/jw07763-o012_t012_nircam_clear-f150w_i2d_01_модель_чистая.fits"",""verified"":true}"
1964,run-20260720T164920Z-5f8824d560b3-6a51d38a,job-588bb373439fc4f23239c70b39233861fe2c128701254f907d190e3acc370831,NGC 4442,144,1784634178.073494,INFO,ARTIFACT_RECORDED,,"{""artifact_id"":177,""kind"":""clean_isophotes_fits"",""path"":""/Users/zuha/Desktop/FKI/4 курс 2025-2026/course_work-SBF/runs/sbf3_go3055_go7763/products/NGC_4442/F150W__F115W/588bb373439f/jw07763-o012_t012_nircam_clear-f150w_i2d_02_изофоты_чистые.fits"",""verified"":true}"
1965,run-20260720T164920Z-5f8824d560b3-6a51d38a,job-588bb373439fc4f23239c70b39233861fe2c128701254f907d190e3acc370831,NGC 4442,144,1784634178.0746791,INFO,ARTIFACT_RECORDED,,"{""artifact_id"":178,""kind"":""full_residual_fits"",""path"":""/Users/zuha/Desktop/FKI/4 курс 2025-2026/course_work-SBF/runs/sbf3_go3055_go7763/products/NGC_4442/F150W__F115W/588bb373439f/jw07763-o012_t012_nircam_clear-f150w_i2d_03_остатки_общие.fits"",""verified"":true}"
1966,run-20260720T164920Z-5f8824d560b3-6a51d38a,job-588bb373439fc4f23239c70b39233861fe2c128701254f907d190e3acc370831,NGC 4442,144,1784634178.075826,INFO,ARTIFACT_RECORDED,,"{""artifact_id"":179,""kind"":""working_residual_fits"",""path"":""/Users/zuha/Desktop/FKI/4 курс 2025-2026/course_work-SBF/runs/sbf3_go3055_go7763/products/NGC_4442/F150W__F115W/588bb373439f/jw07763-o012_t012_nircam_clear-f150w_i2d_04_остатки_общие_рабочие.fits"",""verified"":true}"
1967,run-20260720T164920Z-5f8824d560b3-6a51d38a,job-588bb373439fc4f23239c70b39233861fe2c128701254f907d190e3acc370831,NGC 4442,144,1784634178.078675,INFO,ARTIFACT_RECORDED,,"{""artifact_id"":180,""kind"":""working_annuli_residual_fits"",""path"":""/Users/zuha/Desktop/FKI/4 курс 2025-2026/course_work-SBF/runs/sbf3_go3055_go7763/products/NGC_4442/F150W__F115W/588bb373439f/jw07763-o012_t012_nircam_clear-f150w_i2d_05_остатки_общие_рабочие_два_кольца.fits"",""verified"":true}"
1968,run-20260720T164920Z-5f8824d560b3-6a51d38a,job-588bb373439fc4f23239c70b39233861fe2c128701254f907d190e3acc370831,NGC 4442,144,1784634178.0801349,INFO,ATTEMPT_ENDED,,"{""exit_code"":0,""state"":""SUCCEEDED""}"
1969,run-20260720T164920Z-5f8824d560b3-6a51d38a,job-588bb373439fc4f23239c70b39233861fe2c128701254f907d190e3acc370831,NGC 4442,,1784634178.080995,INFO,JOB_STATE_CHANGED,,"{""from"":""VERIFYING"",""to"":""SUCCEEDED""}"
1970,run-20260720T164920Z-5f8824d560b3-6a51d38a,job-588bb373439fc4f23239c70b39233861fe2c128701254f907d190e3acc370831,NGC 4442,144,1784634178.0840151,INFO,ARTIFACTS_VERIFIED,,"{""artifact_count"":5,""artifact_manifest_path"":""/Users/zuha/Desktop/FKI/4 курс 2025-2026/course_work-SBF/runs/sbf3_go3055_go7763/batch/artifact_manifests/NGC_4442__F150W__F115W__588bb373439f_result_artifacts.json"",""artifacts"":[{""exists"":true,""fits_valid"":true,""mtime_ns"":1784631028513238897,""mtime_utc"":""2026-07-21T10:50:28.513+00:00"",""name"":""clean_model_fits"",""ok"":true,""path"":""/Users/zuha/Desktop/FKI/4 курс 2025-2026/course_work-SBF/runs/sbf3_go3055_go7763/products/NGC_4442/F150W__F115W/588bb373439f/jw07763-o012_t012_nircam_clear-f150w_i2d_01_модель_чистая.fits"",""relative_path"":""jw07763-o012_t012_nircam_clear-f150w_i2d_01_модель_чистая.fits"",""sha256"":""292dc6df0e7f194460e94028ab6c63b2fbd9c3b66c48a620e211387923ecb225"",""size_bytes"":173698560},{""exists"":true,""fits_valid"":true,""mtime_ns"":1784631028696974245,""mtime_utc"":""2026-07-21T10:50:28.696+00:00"",""name"":""clean_isophotes_fits"",""ok"":true,""path"":""/Users/zuha/Desktop/FKI/4 курс 2025-2026/course_work-SBF/runs/sbf3_go3055_go7763/products/NGC_4442/F150W__F115W/588bb373439f/jw07763-o012_t012_nircam_clear-f150w_i2d_02_изофоты_чистые.fits"",""relative_path"":""jw07763-o012_t012_nircam_clear-f150w_i2d_02_изофоты_чистые.fits"",""sha256"":""64518be706b1ff90a4f018eff3af8ba8f180a390c15815d111d0189c2b29c8fb"",""size_bytes"":173698560},{""exists"":true,""fits_valid"":true,""mtime_ns"":1784631028864930631,""mtime_utc"":""2026-07-21T10:50:28.864+00:00"",""name"":""full_residual_fits"",""ok"":true,""path"":""/Users/zuha/Desktop/FKI/4 курс 2025-2026/course_work-SBF/runs/sbf3_go3055_go7763/products/NGC_4442/F150W__F115W/588bb373439f/jw07763-o012_t012_nircam_clear-f150w_i2d_03_остатки_общие.fits"",""relative_path"":""jw07763-o012_t012_nircam_clear-f150w_i2d_03_остатки_общие.fits"",""sha256"":""873d016ce9ccb84f76e5949ecaf57074fc8571af22a60a41b01f0f243ce4ad1f"",""size_bytes"":173698560},{""exists"":true,""fits_valid"":true,""mtime_ns"":1784631029032320854,""mtime_utc"":""2026-07-21T10:50:29.032+00:00"",""name"":""working_residual_fits"",""ok"":true,""path"":""/Users/zuha/Desktop/FKI/4 курс 2025-2026/course_work-SBF/runs/sbf3_go3055_go7763/products/NGC_4442/F150W__F115W/588bb373439f/jw07763-o012_t012_nircam_clear-f150w_i2d_04_остатки_общие_рабочие.fits"",""relative_path"":""jw07763-o012_t012_nircam_clear-f150w_i2d_04_остатки_общие_рабочие.fits"",""sha256"":""0f07cbf1c8ceb090c62ab048ddf454a510c151e337d81edb66613b77a199471a"",""size_bytes"":173698560},{""exists"":true,""fits_valid"":true,""mtime_ns"":1784634151227923542,""mtime_utc"":""2026-07-21T11:42:31.227+00:00"",""name"":""working_annuli_residual_fits"",""ok"":true,""path"":""/Users/zuha/Desktop/FKI/4 курс 2025-2026/course_work-SBF/runs/sbf3_go3055_go7763/products/NGC_4442/F150W__F115W/588bb373439f/jw07763-o012_t012_nircam_clear-f150w_i2d_05_остатки_общие_рабочие_два_кольца.fits"",""relative_path"":""jw07763-o012_t012_nircam_clear-f150w_i2d_05_остатки_общие_рабочие_два_кольца.fits"",""sha256"":""4f941057b2290ba7ce1ab9c333455e318365c1bed8be2ee533bdaf447ca67363"",""size_bytes"":173701440}],""target"":""NGC 4442""}"
1971,run-20260720T164920Z-5f8824d560b3-6a51d38a,job-c5670970b0bc34c6653cf94dabd24e519580586dd7fb33fb899440ba763358f6,NGC 4452,,1784634178.127927,INFO,JOB_STATE_CHANGED,,"{""from"":""PENDING"",""to"":""READY""}"
1972,run-20260720T164920Z-5f8824d560b3-6a51d38a,job-c5670970b0bc34c6653cf94dabd24e519580586dd7fb33fb899440ba763358f6,NGC 4452,,1784634178.131498,INFO,INPUT_READY_INITIAL,,"{""inputs"":{""color"":{""expected_size_bytes"":1216140480,""filter"":""F115W"",""final_exists"":true,""final_fits_error"":null,""final_path"":""/Users/zuha/Desktop/FKI/4 курс 2025-2026/course_work-SBF/data/NGC 4452/jw07763-o033_t033_nircam_clear-f115w_i2d.fits"",""final_ready"":true,""final_size_bytes"":1216140480,""part_exists"":false,""part_metadata"":null,""part_metadata_error"":null,""part_path"":""/Users/zuha/Desktop/FKI/4 курс 2025-2026/course_work-SBF/data/NGC 4452/jw07763-o033_t033_nircam_clear-f115w_i2d.fits.part"",""part_size_bytes"":0,""restart_part_exists"":false,""restart_part_path"":""/Users/zuha/Desktop/FKI/4 курс 2025-2026/course_work-SBF/data/NGC 4452/jw07763-o033_t033_nircam_clear-f115w_i2d.fits.restart.part"",""restart_part_size_bytes"":0,""transfer_percent"":null},""signal"":{""expected_size_bytes"":1215855360,""filter"":""F150W"",""final_exists"":true,""final_fits_error"":null,""final_path"":""/Users/zuha/Desktop/FKI/4 курс 2025-2026/course_work-SBF/data/NGC 4452/jw07763-o033_t033_nircam_clear-f150w_i2d.fits"",""final_ready"":true,""final_size_bytes"":1215855360,""part_exists"":false,""part_metadata"":null,""part_metadata_error"":null,""part_path"":""/Users/zuha/Desktop/FKI/4 курс 2025-2026/course_work-SBF/data/NGC 4452/jw07763-o033_t033_nircam_clear-f150w_i2d.fits.part"",""part_size_bytes"":0,""restart_part_exists"":false,""restart_part_path"":""/Users/zuha/Desktop/FKI/4 курс 2025-2026/course_work-SBF/data/NGC 4452/jw07763-o033_t033_nircam_clear-f150w_i2d.fits.restart.part"",""restart_part_size_bytes"":0,""transfer_percent"":null}},""program"":""7763"",""target"":""NGC 4452""}"
1973,run-20260720T164920Z-5f8824d560b3-6a51d38a,job-c5670970b0bc34c6653cf94dabd24e519580586dd7fb33fb899440ba763358f6,NGC 4452,,1784634178.265632,INFO,WORKER_START_REQUESTED,,"{""color_path"":""/Users/zuha/Desktop/FKI/4 курс 2025-2026/course_work-SBF/data/NGC 4452/jw07763-o033_t033_nircam_clear-f115w_i2d.fits"",""command"":[""/Users/zuha/Desktop/FKI/4 курс 2025-2026/course_work-SBF/astro_env/bin/python3"",""/Users/zuha/Desktop/FKI/4 курс 2025-2026/course_work-SBF/code/run_sbf_batch.py"",""--worker"",""--job-id"",""job-c5670970b0bc34c6653cf94dabd24e519580586dd7fb33fb899440ba763358f6"",""--galaxy"",""NGC 4452"",""--signal"",""/Users/zuha/Desktop/FKI/4 курс 2025-2026/course_work-SBF/data/NGC 4452/jw07763-o033_t033_nircam_clear-f150w_i2d.fits"",""--color"",""/Users/zuha/Desktop/FKI/4 курс 2025-2026/course_work-SBF/data/NGC 4452/jw07763-o033_t033_nircam_clear-f115w_i2d.fits"",""--signal-filter"",""F150W"",""--color-filter"",""F115W"",""--template"",""/Users/zuha/Desktop/FKI/4 курс 2025-2026/course_work-SBF/code/sbf-3.ipynb"",""--batch-root"",""/Users/zuha/Desktop/FKI/4 курс 2025-2026/course_work-SBF/runs/sbf3_go3055_go7763/batch"",""--products-root"",""/Users/zuha/Desktop/FKI/4 курс 2025-2026/course_work-SBF/runs/sbf3_go3055_go7763/products""],""filters"":{""color"":""F115W"",""signal"":""F150W""},""program"":""7763"",""signal_path"":""/Users/zuha/Desktop/FKI/4 курс 2025-2026/course_work-SBF/data/NGC 4452/jw07763-o033_t033_nircam_clear-f150w_i2d.fits"",""target"":""NGC 4452""}"
1974,run-20260720T164920Z-5f8824d560b3-6a51d38a,job-c5670970b0bc34c6653cf94dabd24e519580586dd7fb33fb899440ba763358f6,NGC 4452,,1784634178.2662258,INFO,JOB_STATE_CHANGED,,"{""from"":""READY"",""to"":""RUNNING""}"
1975,run-20260720T164920Z-5f8824d560b3-6a51d38a,job-c5670970b0bc34c6653cf94dabd24e519580586dd7fb33fb899440ba763358f6,NGC 4452,145,1784634178.2711449,INFO,ATTEMPT_STARTED,,"{""attempt_no"":1,""pid"":81835}"
1976,run-20260720T164920Z-5f8824d560b3-6a51d38a,job-c5670970b0bc34c6653cf94dabd24e519580586dd7fb33fb899440ba763358f6,NGC 4452,145,1784634538.364276,INFO,WORKER_SUPERVISION_ENDED,,"{""completed"":true,""detail"":null,""duration_seconds"":360.08354362501996,""ended_monotonic"":489328.530250916,""last_sample"":{""available_ram_bytes"":12827344896,""collector"":""psutil"",""disk"":{""free_bytes"":198609580032,""free_gib"":184.96958541870117,""path"":""/Users/zuha/Desktop/FKI/4 курс 2025-2026/course_work-SBF/data"",""total_bytes"":994662584320,""total_gib"":926.3517189025879,""used_bytes"":796053004288,""used_gib"":741.3821334838867},""disk_free_bytes"":198609580032,""monotonic"":489298.52760575,""pid"":81835,""swap"":{""free_bytes"":965738496,""free_gib"":0.8994140625,""percent"":94.4,""total_bytes"":17179869184,""total_gib"":16.0,""used_bytes"":16214130688,""used_gib"":15.1005859375},""swap_used_bytes"":16214130688,""system_ram"":{""available_bytes"":12827344896,""available_gib"":11.946395874023438,""percent"":62.7,""total_bytes"":34359738368,""total_gib"":32.0,""used_bytes"":15249326080,""used_gib"":14.202041625976562},""timestamp_utc"":""2026-07-21T11:48:28.357+00:00"",""worker"":{""child_count"":9,""children_rss_bytes"":2101231616,""children_rss_gib"":1.9569244384765625,""pid"":81835,""rss_bytes"":8059305984,""rss_gib"":7.5058135986328125,""status"":""sleeping"",""total_rss_bytes"":10160537600,""total_rss_gib"":9.462738037109375},""worker_children_rss_bytes"":2101231616,""worker_rss_bytes"":8059305984,""worker_total_rss_bytes"":10160537600},""ok"":false,""reason"":""completed"",""returncode"":1,""sample_count"":12,""signal_name"":null,""started_monotonic"":488968.446707291,""termination"":null}"
1977,run-20260720T164920Z-5f8824d560b3-6a51d38a,job-c5670970b0bc34c6653cf94dabd24e519580586dd7fb33fb899440ba763358f6,NGC 4452,145,1784634538.366466,ERROR,ATTEMPT_ENDED,worker exited 1; required artifacts are absent or invalid,"{""exit_code"":1,""state"":""FAILED""}"
1978,run-20260720T164920Z-5f8824d560b3-6a51d38a,job-c5670970b0bc34c6653cf94dabd24e519580586dd7fb33fb899440ba763358f6,NGC 4452,,1784634538.36813,INFO,JOB_STATE_CHANGED,worker exited 1; required artifacts are absent or invalid,"{""from"":""RUNNING"",""to"":""RETRY_WAIT""}"
1979,run-20260720T164920Z-5f8824d560b3-6a51d38a,job-c70019e8109897e40b8b8cbdefa5bfde4d5441138ad31453d77982d213b1bbb9,NGC 4458,,1784634538.41091,INFO,JOB_STATE_CHANGED,,"{""from"":""PENDING"",""to"":""READY""}"
1980,run-20260720T164920Z-5f8824d560b3-6a51d38a,job-c70019e8109897e40b8b8cbdefa5bfde4d5441138ad31453d77982d213b1bbb9,NGC 4458,,1784634538.4146402,INFO,INPUT_READY_INITIAL,,"{""inputs"":{""color"":{""expected_size_bytes"":1216137600,""filter"":""F115W"",""final_exists"":true,""final_fits_error"":null,""final_path"":""/Users/zuha/Desktop/FKI/4 курс 2025-2026/course_work-SBF/data/NGC 4458/jw07763-o021_t021_nircam_clear-f115w_i2d.fits"",""final_ready"":true,""final_size_bytes"":1216137600,""part_exists"":false,""part_metadata"":null,""part_metadata_error"":null,""part_path"":""/Users/zuha/Desktop/FKI/4 курс 2025-2026/course_work-SBF/data/NGC 4458/jw07763-o021_t021_nircam_clear-f115w_i2d.fits.part"",""part_size_bytes"":0,""restart_part_exists"":false,""restart_part_path"":""/Users/zuha/Desktop/FKI/4 курс 2025-2026/course_work-SBF/data/NGC 4458/jw07763-o021_t021_nircam_clear-f115w_i2d.fits.restart.part"",""restart_part_size_bytes"":0,""transfer_percent"":null},""signal"":{""expected_size_bytes"":1216137600,""filter"":""F150W"",""final_exists"":true,""final_fits_error"":null,""final_path"":""/Users/zuha/Desktop/FKI/4 курс 2025-2026/course_work-SBF/data/NGC 4458/jw07763-o021_t021_nircam_clear-f150w_i2d.fits"",""final_ready"":true,""final_size_bytes"":1216137600,""part_exists"":false,""part_metadata"":null,""part_metadata_error"":null,""part_path"":""/Users/zuha/Desktop/FKI/4 курс 2025-2026/course_work-SBF/data/NGC 4458/jw07763-o021_t021_nircam_clear-f150w_i2d.fits.part"",""part_size_bytes"":0,""restart_part_exists"":false,""restart_part_path"":""/Users/zuha/Desktop/FKI/4 курс 2025-2026/course_work-SBF/data/NGC 4458/jw07763-o021_t021_nircam_clear-f150w_i2d.fits.restart.part"",""restart_part_size_bytes"":0,""transfer_percent"":null}},""program"":""7763"",""target"":""NGC 4458""}"
1981,run-20260720T164920Z-5f8824d560b3-6a51d38a,job-c70019e8109897e40b8b8cbdefa5bfde4d5441138ad31453d77982d213b1bbb9,NGC 4458,,1784634538.524155,INFO,WORKER_START_REQUESTED,,"{""color_path"":""/Users/zuha/Desktop/FKI/4 курс 2025-2026/course_work-SBF/data/NGC 4458/jw07763-o021_t021_nircam_clear-f115w_i2d.fits"",""command"":[""/Users/zuha/Desktop/FKI/4 курс 2025-2026/course_work-SBF/astro_env/bin/python3"",""/Users/zuha/Desktop/FKI/4 курс 2025-2026/course_work-SBF/code/run_sbf_batch.py"",""--worker"",""--job-id"",""job-c70019e8109897e40b8b8cbdefa5bfde4d5441138ad31453d77982d213b1bbb9"",""--galaxy"",""NGC 4458"",""--signal"",""/Users/zuha/Desktop/FKI/4 курс 2025-2026/course_work-SBF/data/NGC 4458/jw07763-o021_t021_nircam_clear-f150w_i2d.fits"",""--color"",""/Users/zuha/Desktop/FKI/4 курс 2025-2026/course_work-SBF/data/NGC 4458/jw07763-o021_t021_nircam_clear-f115w_i2d.fits"",""--signal-filter"",""F150W"",""--color-filter"",""F115W"",""--template"",""/Users/zuha/Desktop/FKI/4 курс 2025-2026/course_work-SBF/code/sbf-3.ipynb"",""--batch-root"",""/Users/zuha/Desktop/FKI/4 курс 2025-2026/course_work-SBF/runs/sbf3_go3055_go7763/batch"",""--products-root"",""/Users/zuha/Desktop/FKI/4 курс 2025-2026/course_work-SBF/runs/sbf3_go3055_go7763/products""],""filters"":{""color"":""F115W"",""signal"":""F150W""},""program"":""7763"",""signal_path"":""/Users/zuha/Desktop/FKI/4 курс 2025-2026/course_work-SBF/data/NGC 4458/jw07763-o021_t021_nircam_clear-f150w_i2d.fits"",""target"":""NGC 4458""}"
1982,run-20260720T164920Z-5f8824d560b3-6a51d38a,job-c70019e8109897e40b8b8cbdefa5bfde4d5441138ad31453d77982d213b1bbb9,NGC 4458,,1784634538.525027,INFO,JOB_STATE_CHANGED,,"{""from"":""READY"",""to"":""RUNNING""}"
1983,run-20260720T164920Z-5f8824d560b3-6a51d38a,job-c70019e8109897e40b8b8cbdefa5bfde4d5441138ad31453d77982d213b1bbb9,NGC 4458,146,1784634538.529433,INFO,ATTEMPT_STARTED,,"{""attempt_no"":1,""pid"":85295}"
1984,run-20260720T164920Z-5f8824d560b3-6a51d38a,job-c70019e8109897e40b8b8cbdefa5bfde4d5441138ad31453d77982d213b1bbb9,NGC 4458,146,1784638829.4989052,INFO,WORKER_SUPERVISION_ENDED,,"{""completed"":true,""detail"":null,""duration_seconds"":4290.894048959017,""ended_monotonic"":493619.594865875,""last_sample"":{""available_ram_bytes"":12347768832,""collector"":""psutil"",""disk"":{""free_bytes"":142558326784,""free_gib"":132.7677879333496,""path"":""/Users/zuha/Desktop/FKI/4 курс 2025-2026/course_work-SBF/data"",""total_bytes"":994662584320,""total_gib"":926.3517189025879,""used_bytes"":852104257536,""used_gib"":793.5839309692383},""disk_free_bytes"":142558326784,""monotonic"":493589.588567041,""pid"":85295,""swap"":{""free_bytes"":1793196032,""free_gib"":1.6700439453125,""percent"":92.7,""total_bytes"":24696061952,""total_gib"":23.0,""used_bytes"":22902865920,""used_gib"":21.3299560546875},""swap_used_bytes"":22902865920,""system_ram"":{""available_bytes"":12347768832,""available_gib"":11.499755859375,""percent"":64.1,""total_bytes"":34359738368,""total_gib"":32.0,""used_bytes"":15636594688,""used_gib"":14.562713623046875},""timestamp_utc"":""2026-07-21T12:59:59.472+00:00"",""worker"":{""child_count"":1,""children_rss_bytes"":950272,""children_rss_gib"":0.000885009765625,""pid"":85295,""rss_bytes"":7353843712,""rss_gib"":6.8488006591796875,""status"":""sleeping"",""total_rss_bytes"":7354793984,""total_rss_gib"":6.8496856689453125},""worker_children_rss_bytes"":950272,""worker_rss_bytes"":7353843712,""worker_total_rss_bytes"":7354793984},""ok"":true,""reason"":""completed"",""returncode"":0,""sample_count"":143,""signal_name"":null,""started_monotonic"":489328.700816916,""termination"":null}"
1985,run-20260720T164920Z-5f8824d560b3-6a51d38a,job-c70019e8109897e40b8b8cbdefa5bfde4d5441138ad31453d77982d213b1bbb9,NGC 4458,,1784638829.992186,INFO,JOB_STATE_CHANGED,,"{""from"":""RUNNING"",""to"":""VERIFYING""}"
1986,run-20260720T164920Z-5f8824d560b3-6a51d38a,job-c70019e8109897e40b8b8cbdefa5bfde4d5441138ad31453d77982d213b1bbb9,NGC 4458,146,1784638829.99409,INFO,ARTIFACT_RECORDED,,"{""artifact_id"":181,""kind"":""clean_model_fits"",""path"":""/Users/zuha/Desktop/FKI/4 курс 2025-2026/course_work-SBF/runs/sbf3_go3055_go7763/products/NGC_4458/F150W__F115W/c70019e81098/jw07763-o021_t021_nircam_clear-f150w_i2d_01_модель_чистая.fits"",""verified"":true}"
1987,run-20260720T164920Z-5f8824d560b3-6a51d38a,job-c70019e8109897e40b8b8cbdefa5bfde4d5441138ad31453d77982d213b1bbb9,NGC 4458,146,1784638829.995666,INFO,ARTIFACT_RECORDED,,"{""artifact_id"":182,""kind"":""clean_isophotes_fits"",""path"":""/Users/zuha/Desktop/FKI/4 курс 2025-2026/course_work-SBF/runs/sbf3_go3055_go7763/products/NGC_4458/F150W__F115W/c70019e81098/jw07763-o021_t021_nircam_clear-f150w_i2d_02_изофоты_чистые.fits"",""verified"":true}"
1988,run-20260720T164920Z-5f8824d560b3-6a51d38a,job-c70019e8109897e40b8b8cbdefa5bfde4d5441138ad31453d77982d213b1bbb9,NGC 4458,146,1784638829.99696,INFO,ARTIFACT_RECORDED,,"{""artifact_id"":183,""kind"":""full_residual_fits"",""path"":""/Users/zuha/Desktop/FKI/4 курс 2025-2026/course_work-SBF/runs/sbf3_go3055_go7763/products/NGC_4458/F150W__F115W/c70019e81098/jw07763-o021_t021_nircam_clear-f150w_i2d_03_остатки_общие.fits"",""verified"":true}"
1989,run-20260720T164920Z-5f8824d560b3-6a51d38a,job-c70019e8109897e40b8b8cbdefa5bfde4d5441138ad31453d77982d213b1bbb9,NGC 4458,146,1784638829.997907,INFO,ARTIFACT_RECORDED,,"{""artifact_id"":184,""kind"":""working_residual_fits"",""path"":""/Users/zuha/Desktop/FKI/4 курс 2025-2026/course_work-SBF/runs/sbf3_go3055_go7763/products/NGC_4458/F150W__F115W/c70019e81098/jw07763-o021_t021_nircam_clear-f150w_i2d_04_остатки_общие_рабочие.fits"",""verified"":true}"
1990,run-20260720T164920Z-5f8824d560b3-6a51d38a,job-c70019e8109897e40b8b8cbdefa5bfde4d5441138ad31453d77982d213b1bbb9,NGC 4458,146,1784638829.9987981,INFO,ARTIFACT_RECORDED,,"{""artifact_id"":185,""kind"":""working_annuli_residual_fits"",""path"":""/Users/zuha/Desktop/FKI/4 курс 2025-2026/course_work-SBF/runs/sbf3_go3055_go7763/products/NGC_4458/F150W__F115W/c70019e81098/jw07763-o021_t021_nircam_clear-f150w_i2d_05_остатки_общие_рабочие_два_кольца.fits"",""verified"":true}"
1991,run-20260720T164920Z-5f8824d560b3-6a51d38a,job-c70019e8109897e40b8b8cbdefa5bfde4d5441138ad31453d77982d213b1bbb9,NGC 4458,146,1784638830.000066,INFO,ATTEMPT_ENDED,,"{""exit_code"":0,""state"":""SUCCEEDED""}"
1992,run-20260720T164920Z-5f8824d560b3-6a51d38a,job-c70019e8109897e40b8b8cbdefa5bfde4d5441138ad31453d77982d213b1bbb9,NGC 4458,,1784638830.001167,INFO,JOB_STATE_CHANGED,,"{""from"":""VERIFYING"",""to"":""SUCCEEDED""}"
1993,run-20260720T164920Z-5f8824d560b3-6a51d38a,job-c70019e8109897e40b8b8cbdefa5bfde4d5441138ad31453d77982d213b1bbb9,NGC 4458,146,1784638830.007065,INFO,ARTIFACTS_VERIFIED,,"{""artifact_count"":5,""artifact_manifest_path"":""/Users/zuha/Desktop/FKI/4 курс 2025-2026/course_work-SBF/runs/sbf3_go3055_go7763/batch/artifact_manifests/NGC_4458__F150W__F115W__c70019e81098_result_artifacts.json"",""artifacts"":[{""exists"":true,""fits_valid"":true,""mtime_ns"":1784635440507119657,""mtime_utc"":""2026-07-21T12:04:00.507+00:00"",""name"":""clean_model_fits"",""ok"":true,""path"":""/Users/zuha/Desktop/FKI/4 курс 2025-2026/course_work-SBF/runs/sbf3_go3055_go7763/products/NGC_4458/F150W__F115W/c70019e81098/jw07763-o021_t021_nircam_clear-f150w_i2d_01_модель_чистая.fits"",""relative_path"":""jw07763-o021_t021_nircam_clear-f150w_i2d_01_модель_чистая.fits"",""sha256"":""d18efd34d28e8f35906d3368e0416c9c6bcb8daab0985041c242139c97944235"",""size_bytes"":173701440},{""exists"":true,""fits_valid"":true,""mtime_ns"":1784635440625400608,""mtime_utc"":""2026-07-21T12:04:00.625+00:00"",""name"":""clean_isophotes_fits"",""ok"":true,""path"":""/Users/zuha/Desktop/FKI/4 курс 2025-2026/course_work-SBF/runs/sbf3_go3055_go7763/products/NGC_4458/F150W__F115W/c70019e81098/jw07763-o021_t021_nircam_clear-f150w_i2d_02_изофоты_чистые.fits"",""relative_path"":""jw07763-o021_t021_nircam_clear-f150w_i2d_02_изофоты_чистые.fits"",""sha256"":""6388abac4faed806f59a6c07d006fb6fffa14bc1e4cb0fb166580c5942af35a7"",""size_bytes"":173701440},{""exists"":true,""fits_valid"":true,""mtime_ns"":1784635440796391719,""mtime_utc"":""2026-07-21T12:04:00.796+00:00"",""name"":""full_residual_fits"",""ok"":true,""path"":""/Users/zuha/Desktop/FKI/4 курс 2025-2026/course_work-SBF/runs/sbf3_go3055_go7763/products/NGC_4458/F150W__F115W/c70019e81098/jw07763-o021_t021_nircam_clear-f150w_i2d_03_остатки_общие.fits"",""relative_path"":""jw07763-o021_t021_nircam_clear-f150w_i2d_03_остатки_общие.fits"",""sha256"":""94238b34212d74d5d67eabf98909c632109ee6d3d29a65bce0b03b7b9257c4bd"",""size_bytes"":173701440},{""exists"":true,""fits_valid"":true,""mtime_ns"":1784635440965771313,""mtime_utc"":""2026-07-21T12:04:00.965+00:00"",""name"":""working_residual_fits"",""ok"":true,""path"":""/Users/zuha/Desktop/FKI/4 курс 2025-2026/course_work-SBF/runs/sbf3_go3055_go7763/products/NGC_4458/F150W__F115W/c70019e81098/jw07763-o021_t021_nircam_clear-f150w_i2d_04_остатки_общие_рабочие.fits"",""relative_path"":""jw07763-o021_t021_nircam_clear-f150w_i2d_04_остатки_общие_рабочие.fits"",""sha256"":""21308b64058d8f9d05528baa314f4fcf7d1b5272b03e87c46cd119d905a6f4e8"",""size_bytes"":173701440},{""exists"":true,""fits_valid"":true,""mtime_ns"":1784638814544461103,""mtime_utc"":""2026-07-21T13:00:14.544+00:00"",""name"":""working_annuli_residual_fits"",""ok"":true,""path"":""/Users/zuha/Desktop/FKI/4 курс 2025-2026/course_work-SBF/runs/sbf3_go3055_go7763/products/NGC_4458/F150W__F115W/c70019e81098/jw07763-o021_t021_nircam_clear-f150w_i2d_05_остатки_общие_рабочие_два_кольца.fits"",""relative_path"":""jw07763-o021_t021_nircam_clear-f150w_i2d_05_остатки_общие_рабочие_два_кольца.fits"",""sha256"":""688d0a3c91ca0a99bf6859a389bbdd9c1a00ecb1747641588a878f6b164b1f84"",""size_bytes"":173701440}],""target"":""NGC 4458""}"
1994,run-20260720T164920Z-5f8824d560b3-6a51d38a,job-9cf66bc6a052bb17545d1fdd1af66c101b15d2232cc8d85c3ebc880d01c242b0,NGC 4459,,1784638830.0779788,INFO,JOB_STATE_CHANGED,,"{""from"":""PENDING"",""to"":""READY""}"
1995,run-20260720T164920Z-5f8824d560b3-6a51d38a,job-9cf66bc6a052bb17545d1fdd1af66c101b15d2232cc8d85c3ebc880d01c242b0,NGC 4459,,1784638830.082305,INFO,INPUT_READY_INITIAL,,"{""inputs"":{""color"":{""expected_size_bytes"":1216258560,""filter"":""F115W"",""final_exists"":true,""final_fits_error"":null,""final_path"":""/Users/zuha/Desktop/FKI/4 курс 2025-2026/course_work-SBF/data/NGC 4459/jw07763-o009_t009_nircam_clear-f115w_i2d.fits"",""final_ready"":true,""final_size_bytes"":1216258560,""part_exists"":false,""part_metadata"":null,""part_metadata_error"":null,""part_path"":""/Users/zuha/Desktop/FKI/4 курс 2025-2026/course_work-SBF/data/NGC 4459/jw07763-o009_t009_nircam_clear-f115w_i2d.fits.part"",""part_size_bytes"":0,""restart_part_exists"":false,""restart_part_path"":""/Users/zuha/Desktop/FKI/4 курс 2025-2026/course_work-SBF/data/NGC 4459/jw07763-o009_t009_nircam_clear-f115w_i2d.fits.restart.part"",""restart_part_size_bytes"":0,""transfer_percent"":null},""signal"":{""expected_size_bytes"":1216137600,""filter"":""F150W"",""final_exists"":true,""final_fits_error"":null,""final_path"":""/Users/zuha/Desktop/FKI/4 курс 2025-2026/course_work-SBF/data/NGC 4459/jw07763-o009_t009_nircam_clear-f150w_i2d.fits"",""final_ready"":true,""final_size_bytes"":1216137600,""part_exists"":false,""part_metadata"":null,""part_metadata_error"":null,""part_path"":""/Users/zuha/Desktop/FKI/4 курс 2025-2026/course_work-SBF/data/NGC 4459/jw07763-o009_t009_nircam_clear-f150w_i2d.fits.part"",""part_size_bytes"":0,""restart_part_exists"":false,""restart_part_path"":""/Users/zuha/Desktop/FKI/4 курс 2025-2026/course_work-SBF/data/NGC 4459/jw07763-o009_t009_nircam_clear-f150w_i2d.fits.restart.part"",""restart_part_size_bytes"":0,""transfer_percent"":null}},""program"":""7763"",""target"":""NGC 4459""}"
1996,run-20260720T164920Z-5f8824d560b3-6a51d38a,job-9cf66bc6a052bb17545d1fdd1af66c101b15d2232cc8d85c3ebc880d01c242b0,NGC 4459,,1784638830.212965,INFO,WORKER_START_REQUESTED,,"{""color_path"":""/Users/zuha/Desktop/FKI/4 курс 2025-2026/course_work-SBF/data/NGC 4459/jw07763-o009_t009_nircam_clear-f115w_i2d.fits"",""command"":[""/Users/zuha/Desktop/FKI/4 курс 2025-2026/course_work-SBF/astro_env/bin/python3"",""/Users/zuha/Desktop/FKI/4 курс 2025-2026/course_work-SBF/code/run_sbf_batch.py"",""--worker"",""--job-id"",""job-9cf66bc6a052bb17545d1fdd1af66c101b15d2232cc8d85c3ebc880d01c242b0"",""--galaxy"",""NGC 4459"",""--signal"",""/Users/zuha/Desktop/FKI/4 курс 2025-2026/course_work-SBF/data/NGC 4459/jw07763-o009_t009_nircam_clear-f150w_i2d.fits"",""--color"",""/Users/zuha/Desktop/FKI/4 курс 2025-2026/course_work-SBF/data/NGC 4459/jw07763-o009_t009_nircam_clear-f115w_i2d.fits"",""--signal-filter"",""F150W"",""--color-filter"",""F115W"",""--template"",""/Users/zuha/Desktop/FKI/4 курс 2025-2026/course_work-SBF/code/sbf-3.ipynb"",""--batch-root"",""/Users/zuha/Desktop/FKI/4 курс 2025-2026/course_work-SBF/runs/sbf3_go3055_go7763/batch"",""--products-root"",""/Users/zuha/Desktop/FKI/4 курс 2025-2026/course_work-SBF/runs/sbf3_go3055_go7763/products""],""filters"":{""color"":""F115W"",""signal"":""F150W""},""program"":""7763"",""signal_path"":""/Users/zuha/Desktop/FKI/4 курс 2025-2026/course_work-SBF/data/NGC 4459/jw07763-o009_t009_nircam_clear-f150w_i2d.fits"",""target"":""NGC 4459""}"
1997,run-20260720T164920Z-5f8824d560b3-6a51d38a,job-9cf66bc6a052bb17545d1fdd1af66c101b15d2232cc8d85c3ebc880d01c242b0,NGC 4459,,1784638830.213912,INFO,JOB_STATE_CHANGED,,"{""from"":""READY"",""to"":""RUNNING""}"
1998,run-20260720T164920Z-5f8824d560b3-6a51d38a,job-9cf66bc6a052bb17545d1fdd1af66c101b15d2232cc8d85c3ebc880d01c242b0,NGC 4459,147,1784638830.2204852,INFO,ATTEMPT_STARTED,,"{""attempt_no"":1,""pid"":26770}"
1999,run-20260720T164920Z-5f8824d560b3-6a51d38a,job-9cf66bc6a052bb17545d1fdd1af66c101b15d2232cc8d85c3ebc880d01c242b0,NGC 4459,147,1784643600.964886,INFO,WORKER_SUPERVISION_ENDED,,"{""completed"":true,""detail"":null,""duration_seconds"":4770.966494667053,""ended_monotonic"":498391.303910583,""last_sample"":{""available_ram_bytes"":17164468224,""collector"":""psutil"",""disk"":{""free_bytes"":45693394944,""free_gib"":42.55529022216797,""path"":""/Users/zuha/Desktop/FKI/4 курс 2025-2026/course_work-SBF/data"",""total_bytes"":994662584320,""total_gib"":926.3517189025879,""used_bytes"":948969189376,""used_gib"":883.7964286804199},""disk_free_bytes"":45693394944,""monotonic"":498361.297628875,""pid"":26770,""swap"":{""free_bytes"":1321140224,""free_gib"":1.23040771484375,""percent"":95.3,""total_bytes"":27917287424,""total_gib"":26.0,""used_bytes"":26596147200,""used_gib"":24.76959228515625},""swap_used_bytes"":26596147200,""system_ram"":{""available_bytes"":17164468224,""available_gib"":15.98565673828125,""percent"":50.0,""total_bytes"":34359738368,""total_gib"":32.0,""used_bytes"":13683294208,""used_gib"":12.743560791015625},""timestamp_utc"":""2026-07-21T14:19:30.944+00:00"",""worker"":{""child_count"":1,""children_rss_bytes"":933888,""children_rss_gib"":0.0008697509765625,""pid"":26770,""rss_bytes"":5592743936,""rss_gib"":5.208648681640625,""status"":""sleeping"",""total_rss_bytes"":5593677824,""total_rss_gib"":5.2095184326171875},""worker_children_rss_bytes"":933888,""worker_rss_bytes"":5592743936,""worker_total_rss_bytes"":5593677824},""ok"":true,""reason"":""completed"",""returncode"":0,""sample_count"":159,""signal_name"":null,""started_monotonic"":493620.337415916,""termination"":null}"
2000,run-20260720T164920Z-5f8824d560b3-6a51d38a,job-9cf66bc6a052bb17545d1fdd1af66c101b15d2232cc8d85c3ebc880d01c242b0,NGC 4459,,1784643601.440906,INFO,JOB_STATE_CHANGED,,"{""from"":""RUNNING"",""to"":""VERIFYING""}"
2001,run-20260720T164920Z-5f8824d560b3-6a51d38a,job-9cf66bc6a052bb17545d1fdd1af66c101b15d2232cc8d85c3ebc880d01c242b0,NGC 4459,147,1784643601.443233,INFO,ARTIFACT_RECORDED,,"{""artifact_id"":186,""kind"":""clean_model_fits"",""path"":""/Users/zuha/Desktop/FKI/4 курс 2025-2026/course_work-SBF/runs/sbf3_go3055_go7763/products/NGC_4459/F150W__F115W/9cf66bc6a052/jw07763-o009_t009_nircam_clear-f150w_i2d_01_модель_чистая.fits"",""verified"":true}"
2002,run-20260720T164920Z-5f8824d560b3-6a51d38a,job-9cf66bc6a052bb17545d1fdd1af66c101b15d2232cc8d85c3ebc880d01c242b0,NGC 4459,147,1784643601.445243,INFO,ARTIFACT_RECORDED,,"{""artifact_id"":187,""kind"":""clean_isophotes_fits"",""path"":""/Users/zuha/Desktop/FKI/4 курс 2025-2026/course_work-SBF/runs/sbf3_go3055_go7763/products/NGC_4459/F150W__F115W/9cf66bc6a052/jw07763-o009_t009_nircam_clear-f150w_i2d_02_изофоты_чистые.fits"",""verified"":true}"
2003,run-20260720T164920Z-5f8824d560b3-6a51d38a,job-9cf66bc6a052bb17545d1fdd1af66c101b15d2232cc8d85c3ebc880d01c242b0,NGC 4459,147,1784643601.446673,INFO,ARTIFACT_RECORDED,,"{""artifact_id"":188,""kind"":""full_residual_fits"",""path"":""/Users/zuha/Desktop/FKI/4 курс 2025-2026/course_work-SBF/runs/sbf3_go3055_go7763/products/NGC_4459/F150W__F115W/9cf66bc6a052/jw07763-o009_t009_nircam_clear-f150w_i2d_03_остатки_общие.fits"",""verified"":true}"
2004,run-20260720T164920Z-5f8824d560b3-6a51d38a,job-9cf66bc6a052bb17545d1fdd1af66c101b15d2232cc8d85c3ebc880d01c242b0,NGC 4459,147,1784643601.448375,INFO,ARTIFACT_RECORDED,,"{""artifact_id"":189,""kind"":""working_residual_fits"",""path"":""/Users/zuha/Desktop/FKI/4 курс 2025-2026/course_work-SBF/runs/sbf3_go3055_go7763/products/NGC_4459/F150W__F115W/9cf66bc6a052/jw07763-o009_t009_nircam_clear-f150w_i2d_04_остатки_общие_рабочие.fits"",""verified"":true}"
2005,run-20260720T164920Z-5f8824d560b3-6a51d38a,job-9cf66bc6a052bb17545d1fdd1af66c101b15d2232cc8d85c3ebc880d01c242b0,NGC 4459,147,1784643601.4496021,INFO,ARTIFACT_RECORDED,,"{""artifact_id"":190,""kind"":""working_annuli_residual_fits"",""path"":""/Users/zuha/Desktop/FKI/4 курс 2025-2026/course_work-SBF/runs/sbf3_go3055_go7763/products/NGC_4459/F150W__F115W/9cf66bc6a052/jw07763-o009_t009_nircam_clear-f150w_i2d_05_остатки_общие_рабочие_два_кольца.fits"",""verified"":true}"
2006,run-20260720T164920Z-5f8824d560b3-6a51d38a,job-9cf66bc6a052bb17545d1fdd1af66c101b15d2232cc8d85c3ebc880d01c242b0,NGC 4459,147,1784643601.4518132,INFO,ATTEMPT_ENDED,,"{""exit_code"":0,""state"":""SUCCEEDED""}"
2007,run-20260720T164920Z-5f8824d560b3-6a51d38a,job-9cf66bc6a052bb17545d1fdd1af66c101b15d2232cc8d85c3ebc880d01c242b0,NGC 4459,,1784643601.452801,INFO,JOB_STATE_CHANGED,,"{""from"":""VERIFYING"",""to"":""SUCCEEDED""}"
2008,run-20260720T164920Z-5f8824d560b3-6a51d38a,job-9cf66bc6a052bb17545d1fdd1af66c101b15d2232cc8d85c3ebc880d01c242b0,NGC 4459,147,1784643601.4580789,INFO,ARTIFACTS_VERIFIED,,"{""artifact_count"":5,""artifact_manifest_path"":""/Users/zuha/Desktop/FKI/4 курс 2025-2026/course_work-SBF/runs/sbf3_go3055_go7763/batch/artifact_manifests/NGC_4459__F150W__F115W__9cf66bc6a052_result_artifacts.json"",""artifacts"":[{""exists"":true,""fits_valid"":true,""mtime_ns"":1784639962969877689,""mtime_utc"":""2026-07-21T13:19:22.969+00:00"",""name"":""clean_model_fits"",""ok"":true,""path"":""/Users/zuha/Desktop/FKI/4 курс 2025-2026/course_work-SBF/runs/sbf3_go3055_go7763/products/NGC_4459/F150W__F115W/9cf66bc6a052/jw07763-o009_t009_nircam_clear-f150w_i2d_01_модель_чистая.fits"",""relative_path"":""jw07763-o009_t009_nircam_clear-f150w_i2d_01_модель_чистая.fits"",""sha256"":""cb00d4c3fbf5e5a0c9b01741fc808ccfc390cd69df2631f22fc7eca8d65f0a0b"",""size_bytes"":173701440},{""exists"":true,""fits_valid"":true,""mtime_ns"":1784639963842216793,""mtime_utc"":""2026-07-21T13:19:23.842+00:00"",""name"":""clean_isophotes_fits"",""ok"":true,""path"":""/Users/zuha/Desktop/FKI/4 курс 2025-2026/course_work-SBF/runs/sbf3_go3055_go7763/products/NGC_4459/F150W__F115W/9cf66bc6a052/jw07763-o009_t009_nircam_clear-f150w_i2d_02_изофоты_чистые.fits"",""relative_path"":""jw07763-o009_t009_nircam_clear-f150w_i2d_02_изофоты_чистые.fits"",""sha256"":""ec96a51a3ee5ea08cff1b33d60e52c1fc9e146c6ab263d3ae03cba5eb9df54d5"",""size_bytes"":173701440},{""exists"":true,""fits_valid"":true,""mtime_ns"":1784639964184553603,""mtime_utc"":""2026-07-21T13:19:24.184+00:00"",""name"":""full_residual_fits"",""ok"":true,""path"":""/Users/zuha/Desktop/FKI/4 курс 2025-2026/course_work-SBF/runs/sbf3_go3055_go7763/products/NGC_4459/F150W__F115W/9cf66bc6a052/jw07763-o009_t009_nircam_clear-f150w_i2d_03_остатки_общие.fits"",""relative_path"":""jw07763-o009_t009_nircam_clear-f150w_i2d_03_остатки_общие.fits"",""sha256"":""7ac50f978d291c01bc2524b36dfbc98f0044ae368688c2f9e85f2192fa8549ce"",""size_bytes"":173701440},{""exists"":true,""fits_valid"":true,""mtime_ns"":1784639964549205326,""mtime_utc"":""2026-07-21T13:19:24.549+00:00"",""name"":""working_residual_fits"",""ok"":true,""path"":""/Users/zuha/Desktop/FKI/4 курс 2025-2026/course_work-SBF/runs/sbf3_go3055_go7763/products/NGC_4459/F150W__F115W/9cf66bc6a052/jw07763-o009_t009_nircam_clear-f150w_i2d_04_остатки_общие_рабочие.fits"",""relative_path"":""jw07763-o009_t009_nircam_clear-f150w_i2d_04_остатки_общие_рабочие.fits"",""sha256"":""9b671d3c92ec10b42845df1cf1b0c14e7377495778a2e9d1c67e40565f309603"",""size_bytes"":173701440},{""exists"":true,""fits_valid"":true,""mtime_ns"":1784643582350085301,""mtime_utc"":""2026-07-21T14:19:42.350+00:00"",""name"":""working_annuli_residual_fits"",""ok"":true,""path"":""/Users/zuha/Desktop/FKI/4 курс 2025-2026/course_work-SBF/runs/sbf3_go3055_go7763/products/NGC_4459/F150W__F115W/9cf66bc6a052/jw07763-o009_t009_nircam_clear-f150w_i2d_05_остатки_общие_рабочие_два_кольца.fits"",""relative_path"":""jw07763-o009_t009_nircam_clear-f150w_i2d_05_остатки_общие_рабочие_два_кольца.fits"",""sha256"":""789ff2441cb20dc00cdec0a8128aa5db2125064cebe2cbc26c3892473cfdd4c1"",""size_bytes"":173701440}],""target"":""NGC 4459""}"
2009,run-20260720T164920Z-5f8824d560b3-6a51d38a,job-2da10bbe0bc611fc820bc269f2e66e1eeda3eca4dc434c4248fa1a1e1a145131,NGC 4461,,1784643601.530586,INFO,JOB_STATE_CHANGED,,"{""from"":""PENDING"",""to"":""READY""}"
2010,run-20260720T164920Z-5f8824d560b3-6a51d38a,job-2da10bbe0bc611fc820bc269f2e66e1eeda3eca4dc434c4248fa1a1e1a145131,NGC 4461,,1784643601.534173,INFO,INPUT_READY_INITIAL,,"{""inputs"":{""color"":{""expected_size_bytes"":1216258560,""filter"":""F115W"",""final_exists"":true,""final_fits_error"":null,""final_path"":""/Users/zuha/Desktop/FKI/4 курс 2025-2026/course_work-SBF/data/NGC 4461/jw07763-o014_t014_nircam_clear-f115w_i2d.fits"",""final_ready"":true,""final_size_bytes"":1216258560,""part_exists"":false,""part_metadata"":null,""part_metadata_error"":null,""part_path"":""/Users/zuha/Desktop/FKI/4 курс 2025-2026/course_work-SBF/data/NGC 4461/jw07763-o014_t014_nircam_clear-f115w_i2d.fits.part"",""part_size_bytes"":0,""restart_part_exists"":false,""restart_part_path"":""/Users/zuha/Desktop/FKI/4 курс 2025-2026/course_work-SBF/data/NGC 4461/jw07763-o014_t014_nircam_clear-f115w_i2d.fits.restart.part"",""restart_part_size_bytes"":0,""transfer_percent"":null},""signal"":{""expected_size_bytes"":1216137600,""filter"":""F150W"",""final_exists"":true,""final_fits_error"":null,""final_path"":""/Users/zuha/Desktop/FKI/4 курс 2025-2026/course_work-SBF/data/NGC 4461/jw07763-o014_t014_nircam_clear-f150w_i2d.fits"",""final_ready"":true,""final_size_bytes"":1216137600,""part_exists"":false,""part_metadata"":null,""part_metadata_error"":null,""part_path"":""/Users/zuha/Desktop/FKI/4 курс 2025-2026/course_work-SBF/data/NGC 4461/jw07763-o014_t014_nircam_clear-f150w_i2d.fits.part"",""part_size_bytes"":0,""restart_part_exists"":false,""restart_part_path"":""/Users/zuha/Desktop/FKI/4 курс 2025-2026/course_work-SBF/data/NGC 4461/jw07763-o014_t014_nircam_clear-f150w_i2d.fits.restart.part"",""restart_part_size_bytes"":0,""transfer_percent"":null}},""program"":""7763"",""target"":""NGC 4461""}"
2011,run-20260720T164920Z-5f8824d560b3-6a51d38a,job-2da10bbe0bc611fc820bc269f2e66e1eeda3eca4dc434c4248fa1a1e1a145131,NGC 4461,,1784643920.9697201,INFO,WORKER_START_REQUESTED,,"{""color_path"":""/Users/zuha/Desktop/FKI/4 курс 2025-2026/course_work-SBF/data/NGC 4461/jw07763-o014_t014_nircam_clear-f115w_i2d.fits"",""command"":[""/Users/zuha/Desktop/FKI/4 курс 2025-2026/course_work-SBF/astro_env/bin/python3"",""/Users/zuha/Desktop/FKI/4 курс 2025-2026/course_work-SBF/code/run_sbf_batch.py"",""--worker"",""--job-id"",""job-2da10bbe0bc611fc820bc269f2e66e1eeda3eca4dc434c4248fa1a1e1a145131"",""--galaxy"",""NGC 4461"",""--signal"",""/Users/zuha/Desktop/FKI/4 курс 2025-2026/course_work-SBF/data/NGC 4461/jw07763-o014_t014_nircam_clear-f150w_i2d.fits"",""--color"",""/Users/zuha/Desktop/FKI/4 курс 2025-2026/course_work-SBF/data/NGC 4461/jw07763-o014_t014_nircam_clear-f115w_i2d.fits"",""--signal-filter"",""F150W"",""--color-filter"",""F115W"",""--template"",""/Users/zuha/Desktop/FKI/4 курс 2025-2026/course_work-SBF/code/sbf-3.ipynb"",""--batch-root"",""/Users/zuha/Desktop/FKI/4 курс 2025-2026/course_work-SBF/runs/sbf3_go3055_go7763/batch"",""--products-root"",""/Users/zuha/Desktop/FKI/4 курс 2025-2026/course_work-SBF/runs/sbf3_go3055_go7763/products""],""filters"":{""color"":""F115W"",""signal"":""F150W""},""program"":""7763"",""signal_path"":""/Users/zuha/Desktop/FKI/4 курс 2025-2026/course_work-SBF/data/NGC 4461/jw07763-o014_t014_nircam_clear-f150w_i2d.fits"",""target"":""NGC 4461""}"
2012,run-20260720T164920Z-5f8824d560b3-6a51d38a,job-2da10bbe0bc611fc820bc269f2e66e1eeda3eca4dc434c4248fa1a1e1a145131,NGC 4461,,1784643920.970366,INFO,JOB_STATE_CHANGED,,"{""from"":""READY"",""to"":""RUNNING""}"
2013,run-20260720T164920Z-5f8824d560b3-6a51d38a,job-2da10bbe0bc611fc820bc269f2e66e1eeda3eca4dc434c4248fa1a1e1a145131,NGC 4461,148,1784643920.9791832,INFO,ATTEMPT_STARTED,,"{""attempt_no"":1,""pid"":76678}"
2014,run-20260720T164920Z-5f8824d560b3-6a51d38a,job-2da10bbe0bc611fc820bc269f2e66e1eeda3eca4dc434c4248fa1a1e1a145131,NGC 4461,148,1784649141.676971,INFO,WORKER_SUPERVISION_ENDED,,"{""completed"":true,""detail"":null,""duration_seconds"":5220.798974708014,""ended_monotonic"":503932.138154041,""last_sample"":{""available_ram_bytes"":9945530368,""collector"":""psutil"",""disk"":{""free_bytes"":175028695040,""free_gib"":163.00817489624023,""path"":""/Users/zuha/Desktop/FKI/4 курс 2025-2026/course_work-SBF/data"",""total_bytes"":994662584320,""total_gib"":926.3517189025879,""used_bytes"":819633889280,""used_gib"":763.3435440063477},""disk_free_bytes"":175028695040,""monotonic"":503902.127744125,""pid"":76678,""swap"":{""free_bytes"":1788936192,""free_gib"":1.66607666015625,""percent"":92.1,""total_bytes"":22548578304,""total_gib"":21.0,""used_bytes"":20759642112,""used_gib"":19.33392333984375},""swap_used_bytes"":20759642112,""system_ram"":{""available_bytes"":9945530368,""available_gib"":9.262496948242188,""percent"":71.1,""total_bytes"":34359738368,""total_gib"":32.0,""used_bytes"":12904775680,""used_gib"":12.018508911132812},""timestamp_utc"":""2026-07-21T15:51:51.657+00:00"",""worker"":{""child_count"":1,""children_rss_bytes"":1376256,""children_rss_gib"":0.00128173828125,""pid"":76678,""rss_bytes"":7147732992,""rss_gib"":6.6568450927734375,""status"":""sleeping"",""total_rss_bytes"":7149109248,""total_rss_gib"":6.6581268310546875},""worker_children_rss_bytes"":1376256,""worker_rss_bytes"":7147732992,""worker_total_rss_bytes"":7149109248},""ok"":true,""reason"":""completed"",""returncode"":0,""sample_count"":174,""signal_name"":null,""started_monotonic"":498711.339179333,""termination"":null}"
2015,run-20260720T164920Z-5f8824d560b3-6a51d38a,job-2da10bbe0bc611fc820bc269f2e66e1eeda3eca4dc434c4248fa1a1e1a145131,NGC 4461,,1784649142.152255,INFO,JOB_STATE_CHANGED,,"{""from"":""RUNNING"",""to"":""VERIFYING""}"
2016,run-20260720T164920Z-5f8824d560b3-6a51d38a,job-2da10bbe0bc611fc820bc269f2e66e1eeda3eca4dc434c4248fa1a1e1a145131,NGC 4461,148,1784649142.153894,INFO,ARTIFACT_RECORDED,,"{""artifact_id"":191,""kind"":""clean_model_fits"",""path"":""/Users/zuha/Desktop/FKI/4 курс 2025-2026/course_work-SBF/runs/sbf3_go3055_go7763/products/NGC_4461/F150W__F115W/2da10bbe0bc6/jw07763-o014_t014_nircam_clear-f150w_i2d_01_модель_чистая.fits"",""verified"":true}"
2017,run-20260720T164920Z-5f8824d560b3-6a51d38a,job-2da10bbe0bc611fc820bc269f2e66e1eeda3eca4dc434c4248fa1a1e1a145131,NGC 4461,148,1784649142.155812,INFO,ARTIFACT_RECORDED,,"{""artifact_id"":192,""kind"":""clean_isophotes_fits"",""path"":""/Users/zuha/Desktop/FKI/4 курс 2025-2026/course_work-SBF/runs/sbf3_go3055_go7763/products/NGC_4461/F150W__F115W/2da10bbe0bc6/jw07763-o014_t014_nircam_clear-f150w_i2d_02_изофоты_чистые.fits"",""verified"":true}"
2018,run-20260720T164920Z-5f8824d560b3-6a51d38a,job-2da10bbe0bc611fc820bc269f2e66e1eeda3eca4dc434c4248fa1a1e1a145131,NGC 4461,148,1784649142.156896,INFO,ARTIFACT_RECORDED,,"{""artifact_id"":193,""kind"":""full_residual_fits"",""path"":""/Users/zuha/Desktop/FKI/4 курс 2025-2026/course_work-SBF/runs/sbf3_go3055_go7763/products/NGC_4461/F150W__F115W/2da10bbe0bc6/jw07763-o014_t014_nircam_clear-f150w_i2d_03_остатки_общие.fits"",""verified"":true}"
2019,run-20260720T164920Z-5f8824d560b3-6a51d38a,job-2da10bbe0bc611fc820bc269f2e66e1eeda3eca4dc434c4248fa1a1e1a145131,NGC 4461,148,1784649142.158131,INFO,ARTIFACT_RECORDED,,"{""artifact_id"":194,""kind"":""working_residual_fits"",""path"":""/Users/zuha/Desktop/FKI/4 курс 2025-2026/course_work-SBF/runs/sbf3_go3055_go7763/products/NGC_4461/F150W__F115W/2da10bbe0bc6/jw07763-o014_t014_nircam_clear-f150w_i2d_04_остатки_общие_рабочие.fits"",""verified"":true}"
2020,run-20260720T164920Z-5f8824d560b3-6a51d38a,job-2da10bbe0bc611fc820bc269f2e66e1eeda3eca4dc434c4248fa1a1e1a145131,NGC 4461,148,1784649142.159752,INFO,ARTIFACT_RECORDED,,"{""artifact_id"":195,""kind"":""working_annuli_residual_fits"",""path"":""/Users/zuha/Desktop/FKI/4 курс 2025-2026/course_work-SBF/runs/sbf3_go3055_go7763/products/NGC_4461/F150W__F115W/2da10bbe0bc6/jw07763-o014_t014_nircam_clear-f150w_i2d_05_остатки_общие_рабочие_два_кольца.fits"",""verified"":true}"
2021,run-20260720T164920Z-5f8824d560b3-6a51d38a,job-2da10bbe0bc611fc820bc269f2e66e1eeda3eca4dc434c4248fa1a1e1a145131,NGC 4461,148,1784649142.160993,INFO,ATTEMPT_ENDED,,"{""exit_code"":0,""state"":""SUCCEEDED""}"
2022,run-20260720T164920Z-5f8824d560b3-6a51d38a,job-2da10bbe0bc611fc820bc269f2e66e1eeda3eca4dc434c4248fa1a1e1a145131,NGC 4461,,1784649142.1620312,INFO,JOB_STATE_CHANGED,,"{""from"":""VERIFYING"",""to"":""SUCCEEDED""}"
2023,run-20260720T164920Z-5f8824d560b3-6a51d38a,job-2da10bbe0bc611fc820bc269f2e66e1eeda3eca4dc434c4248fa1a1e1a145131,NGC 4461,148,1784649142.1673658,INFO,ARTIFACTS_VERIFIED,,"{""artifact_count"":5,""artifact_manifest_path"":""/Users/zuha/Desktop/FKI/4 курс 2025-2026/course_work-SBF/runs/sbf3_go3055_go7763/batch/artifact_manifests/NGC_4461__F150W__F115W__2da10bbe0bc6_result_artifacts.json"",""artifacts"":[{""exists"":true,""fits_valid"":true,""mtime_ns"":1784645383951907010,""mtime_utc"":""2026-07-21T14:49:43.951+00:00"",""name"":""clean_model_fits"",""ok"":true,""path"":""/Users/zuha/Desktop/FKI/4 курс 2025-2026/course_work-SBF/runs/sbf3_go3055_go7763/products/NGC_4461/F150W__F115W/2da10bbe0bc6/jw07763-o014_t014_nircam_clear-f150w_i2d_01_модель_чистая.fits"",""relative_path"":""jw07763-o014_t014_nircam_clear-f150w_i2d_01_модель_чистая.fits"",""sha256"":""6d122a007b3ca0ebf83c653587188bca0459bc896036cd0564bb93e7448be6db"",""size_bytes"":173701440},{""exists"":true,""fits_valid"":true,""mtime_ns"":1784645384093057914,""mtime_utc"":""2026-07-21T14:49:44.093+00:00"",""name"":""clean_isophotes_fits"",""ok"":true,""path"":""/Users/zuha/Desktop/FKI/4 курс 2025-2026/course_work-SBF/runs/sbf3_go3055_go7763/products/NGC_4461/F150W__F115W/2da10bbe0bc6/jw07763-o014_t014_nircam_clear-f150w_i2d_02_изофоты_чистые.fits"",""relative_path"":""jw07763-o014_t014_nircam_clear-f150w_i2d_02_изофоты_чистые.fits"",""sha256"":""92a66b8ba12eb00abf91b57bf2c879d18bf20b5ae865edd7de27b21caa787d5c"",""size_bytes"":173701440},{""exists"":true,""fits_valid"":true,""mtime_ns"":1784645384225871666,""mtime_utc"":""2026-07-21T14:49:44.225+00:00"",""name"":""full_residual_fits"",""ok"":true,""path"":""/Users/zuha/Desktop/FKI/4 курс 2025-2026/course_work-SBF/runs/sbf3_go3055_go7763/products/NGC_4461/F150W__F115W/2da10bbe0bc6/jw07763-o014_t014_nircam_clear-f150w_i2d_03_остатки_общие.fits"",""relative_path"":""jw07763-o014_t014_nircam_clear-f150w_i2d_03_остатки_общие.fits"",""sha256"":""296749bf27f85b31f903222df335d578c264e8a03cab239f51283153aac1544d"",""size_bytes"":173701440},{""exists"":true,""fits_valid"":true,""mtime_ns"":1784645384354679608,""mtime_utc"":""2026-07-21T14:49:44.354+00:00"",""name"":""working_residual_fits"",""ok"":true,""path"":""/Users/zuha/Desktop/FKI/4 курс 2025-2026/course_work-SBF/runs/sbf3_go3055_go7763/products/NGC_4461/F150W__F115W/2da10bbe0bc6/jw07763-o014_t014_nircam_clear-f150w_i2d_04_остатки_общие_рабочие.fits"",""relative_path"":""jw07763-o014_t014_nircam_clear-f150w_i2d_04_остатки_общие_рабочие.fits"",""sha256"":""65f731078b749f709a43e041314e1ef2ae307c49cb43679821395d9292dd8cb6"",""size_bytes"":173701440},{""exists"":true,""fits_valid"":true,""mtime_ns"":1784649126885816232,""mtime_utc"":""2026-07-21T15:52:06.885+00:00"",""name"":""working_annuli_residual_fits"",""ok"":true,""path"":""/Users/zuha/Desktop/FKI/4 курс 2025-2026/course_work-SBF/runs/sbf3_go3055_go7763/products/NGC_4461/F150W__F115W/2da10bbe0bc6/jw07763-o014_t014_nircam_clear-f150w_i2d_05_остатки_общие_рабочие_два_кольца.fits"",""relative_path"":""jw07763-o014_t014_nircam_clear-f150w_i2d_05_остатки_общие_рабочие_два_кольца.fits"",""sha256"":""3b5245400ae059e2b9b56a695e9bafa054971c06a7c3e3fec94baafdadf0119c"",""size_bytes"":173701440}],""target"":""NGC 4461""}"
2024,run-20260720T164920Z-5f8824d560b3-6a51d38a,job-a7cece59c6f8e83b6e5619b2b9db3447418404754e3f789e61bce3efb09205ee,NGC 4473,,1784649142.238226,INFO,JOB_STATE_CHANGED,,"{""from"":""PENDING"",""to"":""READY""}"
2025,run-20260720T164920Z-5f8824d560b3-6a51d38a,job-a7cece59c6f8e83b6e5619b2b9db3447418404754e3f789e61bce3efb09205ee,NGC 4473,,1784649142.242177,INFO,INPUT_READY_INITIAL,,"{""inputs"":{""color"":{""expected_size_bytes"":1216140480,""filter"":""F115W"",""final_exists"":true,""final_fits_error"":null,""final_path"":""/Users/zuha/Desktop/FKI/4 курс 2025-2026/course_work-SBF/data/NGC 4473/jw07763-o004_t004_nircam_clear-f115w_i2d.fits"",""final_ready"":true,""final_size_bytes"":1216140480,""part_exists"":false,""part_metadata"":null,""part_metadata_error"":null,""part_path"":""/Users/zuha/Desktop/FKI/4 курс 2025-2026/course_work-SBF/data/NGC 4473/jw07763-o004_t004_nircam_clear-f115w_i2d.fits.part"",""part_size_bytes"":0,""restart_part_exists"":false,""restart_part_path"":""/Users/zuha/Desktop/FKI/4 курс 2025-2026/course_work-SBF/data/NGC 4473/jw07763-o004_t004_nircam_clear-f115w_i2d.fits.restart.part"",""restart_part_size_bytes"":0,""transfer_percent"":null},""signal"":{""expected_size_bytes"":1216137600,""filter"":""F150W"",""final_exists"":true,""final_fits_error"":null,""final_path"":""/Users/zuha/Desktop/FKI/4 курс 2025-2026/course_work-SBF/data/NGC 4473/jw07763-o004_t004_nircam_clear-f150w_i2d.fits"",""final_ready"":true,""final_size_bytes"":1216137600,""part_exists"":false,""part_metadata"":null,""part_metadata_error"":null,""part_path"":""/Users/zuha/Desktop/FKI/4 курс 2025-2026/course_work-SBF/data/NGC 4473/jw07763-o004_t004_nircam_clear-f150w_i2d.fits.part"",""part_size_bytes"":0,""restart_part_exists"":false,""restart_part_path"":""/Users/zuha/Desktop/FKI/4 курс 2025-2026/course_work-SBF/data/NGC 4473/jw07763-o004_t004_nircam_clear-f150w_i2d.fits.restart.part"",""restart_part_size_bytes"":0,""transfer_percent"":null}},""program"":""7763"",""target"":""NGC 4473""}"
2026,run-20260720T164920Z-5f8824d560b3-6a51d38a,job-a7cece59c6f8e83b6e5619b2b9db3447418404754e3f789e61bce3efb09205ee,NGC 4473,,1784649142.380343,INFO,WORKER_START_REQUESTED,,"{""color_path"":""/Users/zuha/Desktop/FKI/4 курс 2025-2026/course_work-SBF/data/NGC 4473/jw07763-o004_t004_nircam_clear-f115w_i2d.fits"",""command"":[""/Users/zuha/Desktop/FKI/4 курс 2025-2026/course_work-SBF/astro_env/bin/python3"",""/Users/zuha/Desktop/FKI/4 курс 2025-2026/course_work-SBF/code/run_sbf_batch.py"",""--worker"",""--job-id"",""job-a7cece59c6f8e83b6e5619b2b9db3447418404754e3f789e61bce3efb09205ee"",""--galaxy"",""NGC 4473"",""--signal"",""/Users/zuha/Desktop/FKI/4 курс 2025-2026/course_work-SBF/data/NGC 4473/jw07763-o004_t004_nircam_clear-f150w_i2d.fits"",""--color"",""/Users/zuha/Desktop/FKI/4 курс 2025-2026/course_work-SBF/data/NGC 4473/jw07763-o004_t004_nircam_clear-f115w_i2d.fits"",""--signal-filter"",""F150W"",""--color-filter"",""F115W"",""--template"",""/Users/zuha/Desktop/FKI/4 курс 2025-2026/course_work-SBF/code/sbf-3.ipynb"",""--batch-root"",""/Users/zuha/Desktop/FKI/4 курс 2025-2026/course_work-SBF/runs/sbf3_go3055_go7763/batch"",""--products-root"",""/Users/zuha/Desktop/FKI/4 курс 2025-2026/course_work-SBF/runs/sbf3_go3055_go7763/products""],""filters"":{""color"":""F115W"",""signal"":""F150W""},""program"":""7763"",""signal_path"":""/Users/zuha/Desktop/FKI/4 курс 2025-2026/course_work-SBF/data/NGC 4473/jw07763-o004_t004_nircam_clear-f150w_i2d.fits"",""target"":""NGC 4473""}"
2027,run-20260720T164920Z-5f8824d560b3-6a51d38a,job-a7cece59c6f8e83b6e5619b2b9db3447418404754e3f789e61bce3efb09205ee,NGC 4473,,1784649142.3809438,INFO,JOB_STATE_CHANGED,,"{""from"":""READY"",""to"":""RUNNING""}"
2028,run-20260720T164920Z-5f8824d560b3-6a51d38a,job-a7cece59c6f8e83b6e5619b2b9db3447418404754e3f789e61bce3efb09205ee,NGC 4473,149,1784649142.3874948,INFO,ATTEMPT_STARTED,,"{""attempt_no"":1,""pid"":17335}"
2029,run-20260720T164920Z-5f8824d560b3-6a51d38a,job-a7cece59c6f8e83b6e5619b2b9db3447418404754e3f789e61bce3efb09205ee,NGC 4473,149,1784653463.7457018,INFO,WORKER_SUPERVISION_ENDED,,"{""completed"":true,""detail"":null,""duration_seconds"":4321.428722665994,""ended_monotonic"":508254.288254541,""last_sample"":{""available_ram_bytes"":10149068800,""collector"":""psutil"",""disk"":{""free_bytes"":175362207744,""free_gib"":163.31878280639648,""path"":""/Users/zuha/Desktop/FKI/4 курс 2025-2026/course_work-SBF/data"",""total_bytes"":994662584320,""total_gib"":926.3517189025879,""used_bytes"":819300376576,""used_gib"":763.0329360961914},""disk_free_bytes"":175362207744,""monotonic"":508224.277928416,""pid"":17335,""swap"":{""free_bytes"":1317994496,""free_gib"":1.22747802734375,""percent"":93.9,""total_bytes"":21474836480,""total_gib"":20.0,""used_bytes"":20156841984,""used_gib"":18.77252197265625},""swap_used_bytes"":20156841984,""system_ram"":{""available_bytes"":10149068800,""available_gib"":9.452056884765625,""percent"":70.5,""total_bytes"":34359738368,""total_gib"":32.0,""used_bytes"":10797006848,""used_gib"":10.055496215820312},""timestamp_utc"":""2026-07-21T17:03:53.726+00:00"",""worker"":{""child_count"":1,""children_rss_bytes"":5439488,""children_rss_gib"":0.00506591796875,""pid"":17335,""rss_bytes"":7905345536,""rss_gib"":7.3624267578125,""status"":""sleeping"",""total_rss_bytes"":7910785024,""total_rss_gib"":7.36749267578125},""worker_children_rss_bytes"":5439488,""worker_rss_bytes"":7905345536,""worker_total_rss_bytes"":7910785024},""ok"":true,""reason"":""completed"",""returncode"":0,""sample_count"":144,""signal_name"":null,""started_monotonic"":503932.859531875,""termination"":null}"
2030,run-20260720T164920Z-5f8824d560b3-6a51d38a,job-a7cece59c6f8e83b6e5619b2b9db3447418404754e3f789e61bce3efb09205ee,NGC 4473,,1784653464.20466,INFO,JOB_STATE_CHANGED,,"{""from"":""RUNNING"",""to"":""VERIFYING""}"
2031,run-20260720T164920Z-5f8824d560b3-6a51d38a,job-a7cece59c6f8e83b6e5619b2b9db3447418404754e3f789e61bce3efb09205ee,NGC 4473,149,1784653464.207176,INFO,ARTIFACT_RECORDED,,"{""artifact_id"":196,""kind"":""clean_model_fits"",""path"":""/Users/zuha/Desktop/FKI/4 курс 2025-2026/course_work-SBF/runs/sbf3_go3055_go7763/products/NGC_4473/F150W__F115W/a7cece59c6f8/jw07763-o004_t004_nircam_clear-f150w_i2d_01_модель_чистая.fits"",""verified"":true}"
2032,run-20260720T164920Z-5f8824d560b3-6a51d38a,job-a7cece59c6f8e83b6e5619b2b9db3447418404754e3f789e61bce3efb09205ee,NGC 4473,149,1784653464.2096388,INFO,ARTIFACT_RECORDED,,"{""artifact_id"":197,""kind"":""clean_isophotes_fits"",""path"":""/Users/zuha/Desktop/FKI/4 курс 2025-2026/course_work-SBF/runs/sbf3_go3055_go7763/products/NGC_4473/F150W__F115W/a7cece59c6f8/jw07763-o004_t004_nircam_clear-f150w_i2d_02_изофоты_чистые.fits"",""verified"":true}"
2033,run-20260720T164920Z-5f8824d560b3-6a51d38a,job-a7cece59c6f8e83b6e5619b2b9db3447418404754e3f789e61bce3efb09205ee,NGC 4473,149,1784653464.211234,INFO,ARTIFACT_RECORDED,,"{""artifact_id"":198,""kind"":""full_residual_fits"",""path"":""/Users/zuha/Desktop/FKI/4 курс 2025-2026/course_work-SBF/runs/sbf3_go3055_go7763/products/NGC_4473/F150W__F115W/a7cece59c6f8/jw07763-o004_t004_nircam_clear-f150w_i2d_03_остатки_общие.fits"",""verified"":true}"
2034,run-20260720T164920Z-5f8824d560b3-6a51d38a,job-a7cece59c6f8e83b6e5619b2b9db3447418404754e3f789e61bce3efb09205ee,NGC 4473,149,1784653464.2124622,INFO,ARTIFACT_RECORDED,,"{""artifact_id"":199,""kind"":""working_residual_fits"",""path"":""/Users/zuha/Desktop/FKI/4 курс 2025-2026/course_work-SBF/runs/sbf3_go3055_go7763/products/NGC_4473/F150W__F115W/a7cece59c6f8/jw07763-o004_t004_nircam_clear-f150w_i2d_04_остатки_общие_рабочие.fits"",""verified"":true}"
2035,run-20260720T164920Z-5f8824d560b3-6a51d38a,job-a7cece59c6f8e83b6e5619b2b9db3447418404754e3f789e61bce3efb09205ee,NGC 4473,149,1784653464.213483,INFO,ARTIFACT_RECORDED,,"{""artifact_id"":200,""kind"":""working_annuli_residual_fits"",""path"":""/Users/zuha/Desktop/FKI/4 курс 2025-2026/course_work-SBF/runs/sbf3_go3055_go7763/products/NGC_4473/F150W__F115W/a7cece59c6f8/jw07763-o004_t004_nircam_clear-f150w_i2d_05_остатки_общие_рабочие_два_кольца.fits"",""verified"":true}"
2036,run-20260720T164920Z-5f8824d560b3-6a51d38a,job-a7cece59c6f8e83b6e5619b2b9db3447418404754e3f789e61bce3efb09205ee,NGC 4473,149,1784653464.2147682,INFO,ATTEMPT_ENDED,,"{""exit_code"":0,""state"":""SUCCEEDED""}"
2037,run-20260720T164920Z-5f8824d560b3-6a51d38a,job-a7cece59c6f8e83b6e5619b2b9db3447418404754e3f789e61bce3efb09205ee,NGC 4473,,1784653464.21588,INFO,JOB_STATE_CHANGED,,"{""from"":""VERIFYING"",""to"":""SUCCEEDED""}"
2038,run-20260720T164920Z-5f8824d560b3-6a51d38a,job-a7cece59c6f8e83b6e5619b2b9db3447418404754e3f789e61bce3efb09205ee,NGC 4473,149,1784653464.219275,INFO,ARTIFACTS_VERIFIED,,"{""artifact_count"":5,""artifact_manifest_path"":""/Users/zuha/Desktop/FKI/4 курс 2025-2026/course_work-SBF/runs/sbf3_go3055_go7763/batch/artifact_manifests/NGC_4473__F150W__F115W__a7cece59c6f8_result_artifacts.json"",""artifacts"":[{""exists"":true,""fits_valid"":true,""mtime_ns"":1784650354458990649,""mtime_utc"":""2026-07-21T16:12:34.458+00:00"",""name"":""clean_model_fits"",""ok"":true,""path"":""/Users/zuha/Desktop/FKI/4 курс 2025-2026/course_work-SBF/runs/sbf3_go3055_go7763/products/NGC_4473/F150W__F115W/a7cece59c6f8/jw07763-o004_t004_nircam_clear-f150w_i2d_01_модель_чистая.fits"",""relative_path"":""jw07763-o004_t004_nircam_clear-f150w_i2d_01_модель_чистая.fits"",""sha256"":""5e91681d016b7ce7b857f095b20dc0038622910de0159c878246bc6f260052bf"",""size_bytes"":173701440},{""exists"":true,""fits_valid"":true,""mtime_ns"":1784650354585558886,""mtime_utc"":""2026-07-21T16:12:34.585+00:00"",""name"":""clean_isophotes_fits"",""ok"":true,""path"":""/Users/zuha/Desktop/FKI/4 курс 2025-2026/course_work-SBF/runs/sbf3_go3055_go7763/products/NGC_4473/F150W__F115W/a7cece59c6f8/jw07763-o004_t004_nircam_clear-f150w_i2d_02_изофоты_чистые.fits"",""relative_path"":""jw07763-o004_t004_nircam_clear-f150w_i2d_02_изофоты_чистые.fits"",""sha256"":""510c892ccccf0d34f5a3fb421ecf787785ad42b4583366a2cf89fd0546db112b"",""size_bytes"":173701440},{""exists"":true,""fits_valid"":true,""mtime_ns"":1784650354688680649,""mtime_utc"":""2026-07-21T16:12:34.688+00:00"",""name"":""full_residual_fits"",""ok"":true,""path"":""/Users/zuha/Desktop/FKI/4 курс 2025-2026/course_work-SBF/runs/sbf3_go3055_go7763/products/NGC_4473/F150W__F115W/a7cece59c6f8/jw07763-o004_t004_nircam_clear-f150w_i2d_03_остатки_общие.fits"",""relative_path"":""jw07763-o004_t004_nircam_clear-f150w_i2d_03_остатки_общие.fits"",""sha256"":""984fb1e9a782e929333e4511d4dcee85c30e6c7c1729c03da26c13ee25618a8d"",""size_bytes"":173701440},{""exists"":true,""fits_valid"":true,""mtime_ns"":1784650354795087182,""mtime_utc"":""2026-07-21T16:12:34.795+00:00"",""name"":""working_residual_fits"",""ok"":true,""path"":""/Users/zuha/Desktop/FKI/4 курс 2025-2026/course_work-SBF/runs/sbf3_go3055_go7763/products/NGC_4473/F150W__F115W/a7cece59c6f8/jw07763-o004_t004_nircam_clear-f150w_i2d_04_остатки_общие_рабочие.fits"",""relative_path"":""jw07763-o004_t004_nircam_clear-f150w_i2d_04_остатки_общие_рабочие.fits"",""sha256"":""d4a3232a3b61ea7aafaec042a7fa4f028082e09bff569d456dcd2c9962ca2e83"",""size_bytes"":173701440},{""exists"":true,""fits_valid"":true,""mtime_ns"":1784653452765736283,""mtime_utc"":""2026-07-21T17:04:12.765+00:00"",""name"":""working_annuli_residual_fits"",""ok"":true,""path"":""/Users/zuha/Desktop/FKI/4 курс 2025-2026/course_work-SBF/runs/sbf3_go3055_go7763/products/NGC_4473/F150W__F115W/a7cece59c6f8/jw07763-o004_t004_nircam_clear-f150w_i2d_05_остатки_общие_рабочие_два_кольца.fits"",""relative_path"":""jw07763-o004_t004_nircam_clear-f150w_i2d_05_остатки_общие_рабочие_два_кольца.fits"",""sha256"":""ddf5f78e62885023699d6e30a72e73f0581fc8dd67d3efed8a6b8e42b34dd994"",""size_bytes"":173701440}],""target"":""NGC 4473""}"
2039,run-20260720T164920Z-5f8824d560b3-6a51d38a,job-cfc6d4203c1c9b97ee6a450e71b39fed1db204d7ff87d7fd337b4734b074ec81,NGC 4474,,1784653464.264086,INFO,JOB_STATE_CHANGED,,"{""from"":""PENDING"",""to"":""READY""}"
2040,run-20260720T164920Z-5f8824d560b3-6a51d38a,job-cfc6d4203c1c9b97ee6a450e71b39fed1db204d7ff87d7fd337b4734b074ec81,NGC 4474,,1784653464.267893,INFO,INPUT_READY_INITIAL,,"{""inputs"":{""color"":{""expected_size_bytes"":1216137600,""filter"":""F115W"",""final_exists"":true,""final_fits_error"":null,""final_path"":""/Users/zuha/Desktop/FKI/4 курс 2025-2026/course_work-SBF/data/NGC 4474/jw07763-o020_t020_nircam_clear-f115w_i2d.fits"",""final_ready"":true,""final_size_bytes"":1216137600,""part_exists"":false,""part_metadata"":null,""part_metadata_error"":null,""part_path"":""/Users/zuha/Desktop/FKI/4 курс 2025-2026/course_work-SBF/data/NGC 4474/jw07763-o020_t020_nircam_clear-f115w_i2d.fits.part"",""part_size_bytes"":0,""restart_part_exists"":false,""restart_part_path"":""/Users/zuha/Desktop/FKI/4 курс 2025-2026/course_work-SBF/data/NGC 4474/jw07763-o020_t020_nircam_clear-f115w_i2d.fits.restart.part"",""restart_part_size_bytes"":0,""transfer_percent"":null},""signal"":{""expected_size_bytes"":1216137600,""filter"":""F150W"",""final_exists"":true,""final_fits_error"":null,""final_path"":""/Users/zuha/Desktop/FKI/4 курс 2025-2026/course_work-SBF/data/NGC 4474/jw07763-o020_t020_nircam_clear-f150w_i2d.fits"",""final_ready"":true,""final_size_bytes"":1216137600,""part_exists"":false,""part_metadata"":null,""part_metadata_error"":null,""part_path"":""/Users/zuha/Desktop/FKI/4 курс 2025-2026/course_work-SBF/data/NGC 4474/jw07763-o020_t020_nircam_clear-f150w_i2d.fits.part"",""part_size_bytes"":0,""restart_part_exists"":false,""restart_part_path"":""/Users/zuha/Desktop/FKI/4 курс 2025-2026/course_work-SBF/data/NGC 4474/jw07763-o020_t020_nircam_clear-f150w_i2d.fits.restart.part"",""restart_part_size_bytes"":0,""transfer_percent"":null}},""program"":""7763"",""target"":""NGC 4474""}"
2041,run-20260720T164920Z-5f8824d560b3-6a51d38a,job-cfc6d4203c1c9b97ee6a450e71b39fed1db204d7ff87d7fd337b4734b074ec81,NGC 4474,,1784653464.3966029,INFO,WORKER_START_REQUESTED,,"{""color_path"":""/Users/zuha/Desktop/FKI/4 курс 2025-2026/course_work-SBF/data/NGC 4474/jw07763-o020_t020_nircam_clear-f115w_i2d.fits"",""command"":[""/Users/zuha/Desktop/FKI/4 курс 2025-2026/course_work-SBF/astro_env/bin/python3"",""/Users/zuha/Desktop/FKI/4 курс 2025-2026/course_work-SBF/code/run_sbf_batch.py"",""--worker"",""--job-id"",""job-cfc6d4203c1c9b97ee6a450e71b39fed1db204d7ff87d7fd337b4734b074ec81"",""--galaxy"",""NGC 4474"",""--signal"",""/Users/zuha/Desktop/FKI/4 курс 2025-2026/course_work-SBF/data/NGC 4474/jw07763-o020_t020_nircam_clear-f150w_i2d.fits"",""--color"",""/Users/zuha/Desktop/FKI/4 курс 2025-2026/course_work-SBF/data/NGC 4474/jw07763-o020_t020_nircam_clear-f115w_i2d.fits"",""--signal-filter"",""F150W"",""--color-filter"",""F115W"",""--template"",""/Users/zuha/Desktop/FKI/4 курс 2025-2026/course_work-SBF/code/sbf-3.ipynb"",""--batch-root"",""/Users/zuha/Desktop/FKI/4 курс 2025-2026/course_work-SBF/runs/sbf3_go3055_go7763/batch"",""--products-root"",""/Users/zuha/Desktop/FKI/4 курс 2025-2026/course_work-SBF/runs/sbf3_go3055_go7763/products""],""filters"":{""color"":""F115W"",""signal"":""F150W""},""program"":""7763"",""signal_path"":""/Users/zuha/Desktop/FKI/4 курс 2025-2026/course_work-SBF/data/NGC 4474/jw07763-o020_t020_nircam_clear-f150w_i2d.fits"",""target"":""NGC 4474""}"
2042,run-20260720T164920Z-5f8824d560b3-6a51d38a,job-cfc6d4203c1c9b97ee6a450e71b39fed1db204d7ff87d7fd337b4734b074ec81,NGC 4474,,1784653464.397351,INFO,JOB_STATE_CHANGED,,"{""from"":""READY"",""to"":""RUNNING""}"
2043,run-20260720T164920Z-5f8824d560b3-6a51d38a,job-cfc6d4203c1c9b97ee6a450e71b39fed1db204d7ff87d7fd337b4734b074ec81,NGC 4474,150,1784653464.402433,INFO,ATTEMPT_STARTED,,"{""attempt_no"":1,""pid"":33082}"
2044,run-20260720T164920Z-5f8824d560b3-6a51d38a,job-cfc6d4203c1c9b97ee6a450e71b39fed1db204d7ff87d7fd337b4734b074ec81,NGC 4474,150,1784657664.352434,INFO,WORKER_SUPERVISION_ENDED,,"{""completed"":true,""detail"":null,""duration_seconds"":4201.374823249993,""ended_monotonic"":512456.330912666,""last_sample"":{""available_ram_bytes"":12246581248,""collector"":""psutil"",""disk"":{""free_bytes"":166882775040,""free_gib"":155.42169570922852,""path"":""/Users/zuha/Desktop/FKI/4 курс 2025-2026/course_work-SBF/data"",""total_bytes"":994662584320,""total_gib"":926.3517189025879,""used_bytes"":827779809280,""used_gib"":770.9300231933594},""disk_free_bytes"":166882775040,""monotonic"":512426.322392166,""pid"":33082,""swap"":{""free_bytes"":1362362368,""free_gib"":1.268798828125,""percent"":94.2,""total_bytes"":23622320128,""total_gib"":22.0,""used_bytes"":22259957760,""used_gib"":20.731201171875},""swap_used_bytes"":22259957760,""system_ram"":{""available_bytes"":12246581248,""available_gib"":11.405517578125,""percent"":64.4,""total_bytes"":34359738368,""total_gib"":32.0,""used_bytes"":13209419776,""used_gib"":12.302230834960938},""timestamp_utc"":""2026-07-21T18:13:54.340+00:00"",""worker"":{""child_count"":1,""children_rss_bytes"":1212416,""children_rss_gib"":0.001129150390625,""pid"":33082,""rss_bytes"":7516422144,""rss_gib"":7.000213623046875,""status"":""sleeping"",""total_rss_bytes"":7517634560,""total_rss_gib"":7.0013427734375},""worker_children_rss_bytes"":1212416,""worker_rss_bytes"":7516422144,""worker_total_rss_bytes"":7517634560},""ok"":true,""reason"":""completed"",""returncode"":0,""sample_count"":140,""signal_name"":null,""started_monotonic"":508254.956089416,""termination"":null}"
2045,run-20260720T164920Z-5f8824d560b3-6a51d38a,job-cfc6d4203c1c9b97ee6a450e71b39fed1db204d7ff87d7fd337b4734b074ec81,NGC 4474,,1784657664.816745,INFO,JOB_STATE_CHANGED,,"{""from"":""RUNNING"",""to"":""VERIFYING""}"
2046,run-20260720T164920Z-5f8824d560b3-6a51d38a,job-cfc6d4203c1c9b97ee6a450e71b39fed1db204d7ff87d7fd337b4734b074ec81,NGC 4474,150,1784657664.819319,INFO,ARTIFACT_RECORDED,,"{""artifact_id"":201,""kind"":""clean_model_fits"",""path"":""/Users/zuha/Desktop/FKI/4 курс 2025-2026/course_work-SBF/runs/sbf3_go3055_go7763/products/NGC_4474/F150W__F115W/cfc6d4203c1c/jw07763-o020_t020_nircam_clear-f150w_i2d_01_модель_чистая.fits"",""verified"":true}"
2047,run-20260720T164920Z-5f8824d560b3-6a51d38a,job-cfc6d4203c1c9b97ee6a450e71b39fed1db204d7ff87d7fd337b4734b074ec81,NGC 4474,150,1784657664.821588,INFO,ARTIFACT_RECORDED,,"{""artifact_id"":202,""kind"":""clean_isophotes_fits"",""path"":""/Users/zuha/Desktop/FKI/4 курс 2025-2026/course_work-SBF/runs/sbf3_go3055_go7763/products/NGC_4474/F150W__F115W/cfc6d4203c1c/jw07763-o020_t020_nircam_clear-f150w_i2d_02_изофоты_чистые.fits"",""verified"":true}"
2048,run-20260720T164920Z-5f8824d560b3-6a51d38a,job-cfc6d4203c1c9b97ee6a450e71b39fed1db204d7ff87d7fd337b4734b074ec81,NGC 4474,150,1784657664.8229911,INFO,ARTIFACT_RECORDED,,"{""artifact_id"":203,""kind"":""full_residual_fits"",""path"":""/Users/zuha/Desktop/FKI/4 курс 2025-2026/course_work-SBF/runs/sbf3_go3055_go7763/products/NGC_4474/F150W__F115W/cfc6d4203c1c/jw07763-o020_t020_nircam_clear-f150w_i2d_03_остатки_общие.fits"",""verified"":true}"
2049,run-20260720T164920Z-5f8824d560b3-6a51d38a,job-cfc6d4203c1c9b97ee6a450e71b39fed1db204d7ff87d7fd337b4734b074ec81,NGC 4474,150,1784657664.824343,INFO,ARTIFACT_RECORDED,,"{""artifact_id"":204,""kind"":""working_residual_fits"",""path"":""/Users/zuha/Desktop/FKI/4 курс 2025-2026/course_work-SBF/runs/sbf3_go3055_go7763/products/NGC_4474/F150W__F115W/cfc6d4203c1c/jw07763-o020_t020_nircam_clear-f150w_i2d_04_остатки_общие_рабочие.fits"",""verified"":true}"
2050,run-20260720T164920Z-5f8824d560b3-6a51d38a,job-cfc6d4203c1c9b97ee6a450e71b39fed1db204d7ff87d7fd337b4734b074ec81,NGC 4474,150,1784657664.825462,INFO,ARTIFACT_RECORDED,,"{""artifact_id"":205,""kind"":""working_annuli_residual_fits"",""path"":""/Users/zuha/Desktop/FKI/4 курс 2025-2026/course_work-SBF/runs/sbf3_go3055_go7763/products/NGC_4474/F150W__F115W/cfc6d4203c1c/jw07763-o020_t020_nircam_clear-f150w_i2d_05_остатки_общие_рабочие_два_кольца.fits"",""verified"":true}"
2051,run-20260720T164920Z-5f8824d560b3-6a51d38a,job-cfc6d4203c1c9b97ee6a450e71b39fed1db204d7ff87d7fd337b4734b074ec81,NGC 4474,150,1784657664.826847,INFO,ATTEMPT_ENDED,,"{""exit_code"":0,""state"":""SUCCEEDED""}"
2052,run-20260720T164920Z-5f8824d560b3-6a51d38a,job-cfc6d4203c1c9b97ee6a450e71b39fed1db204d7ff87d7fd337b4734b074ec81,NGC 4474,,1784657664.828095,INFO,JOB_STATE_CHANGED,,"{""from"":""VERIFYING"",""to"":""SUCCEEDED""}"
2053,run-20260720T164920Z-5f8824d560b3-6a51d38a,job-cfc6d4203c1c9b97ee6a450e71b39fed1db204d7ff87d7fd337b4734b074ec81,NGC 4474,150,1784657664.831319,INFO,ARTIFACTS_VERIFIED,,"{""artifact_count"":5,""artifact_manifest_path"":""/Users/zuha/Desktop/FKI/4 курс 2025-2026/course_work-SBF/runs/sbf3_go3055_go7763/batch/artifact_manifests/NGC_4474__F150W__F115W__cfc6d4203c1c_result_artifacts.json"",""artifacts"":[{""exists"":true,""fits_valid"":true,""mtime_ns"":1784654504900350521,""mtime_utc"":""2026-07-21T17:21:44.900+00:00"",""name"":""clean_model_fits"",""ok"":true,""path"":""/Users/zuha/Desktop/FKI/4 курс 2025-2026/course_work-SBF/runs/sbf3_go3055_go7763/products/NGC_4474/F150W__F115W/cfc6d4203c1c/jw07763-o020_t020_nircam_clear-f150w_i2d_01_модель_чистая.fits"",""relative_path"":""jw07763-o020_t020_nircam_clear-f150w_i2d_01_модель_чистая.fits"",""sha256"":""158a3c9bf611bf13cd2b356fa07b32a739f254caa20546e73589c645195cba88"",""size_bytes"":173701440},{""exists"":true,""fits_valid"":true,""mtime_ns"":1784654505105425027,""mtime_utc"":""2026-07-21T17:21:45.105+00:00"",""name"":""clean_isophotes_fits"",""ok"":true,""path"":""/Users/zuha/Desktop/FKI/4 курс 2025-2026/course_work-SBF/runs/sbf3_go3055_go7763/products/NGC_4474/F150W__F115W/cfc6d4203c1c/jw07763-o020_t020_nircam_clear-f150w_i2d_02_изофоты_чистые.fits"",""relative_path"":""jw07763-o020_t020_nircam_clear-f150w_i2d_02_изофоты_чистые.fits"",""sha256"":""f063b7d5a06d3a7247bf6402c0e92503f2d7b17c704c459b5bfa64aa8e9eb2ac"",""size_bytes"":173701440},{""exists"":true,""fits_valid"":true,""mtime_ns"":1784654505306982015,""mtime_utc"":""2026-07-21T17:21:45.306+00:00"",""name"":""full_residual_fits"",""ok"":true,""path"":""/Users/zuha/Desktop/FKI/4 курс 2025-2026/course_work-SBF/runs/sbf3_go3055_go7763/products/NGC_4474/F150W__F115W/cfc6d4203c1c/jw07763-o020_t020_nircam_clear-f150w_i2d_03_остатки_общие.fits"",""relative_path"":""jw07763-o020_t020_nircam_clear-f150w_i2d_03_остатки_общие.fits"",""sha256"":""5de7eaa482d8a90617781b3a392bd220f59cc3b96fca81756fbdef23a4ca12a9"",""size_bytes"":173701440},{""exists"":true,""fits_valid"":true,""mtime_ns"":1784654505492781884,""mtime_utc"":""2026-07-21T17:21:45.492+00:00"",""name"":""working_residual_fits"",""ok"":true,""path"":""/Users/zuha/Desktop/FKI/4 курс 2025-2026/course_work-SBF/runs/sbf3_go3055_go7763/products/NGC_4474/F150W__F115W/cfc6d4203c1c/jw07763-o020_t020_nircam_clear-f150w_i2d_04_остатки_общие_рабочие.fits"",""relative_path"":""jw07763-o020_t020_nircam_clear-f150w_i2d_04_остатки_общие_рабочие.fits"",""sha256"":""77cb5a27378a8edce511fa1c6c1ca4316bec6de7ea9b1760359c99a6d794b956"",""size_bytes"":173701440},{""exists"":true,""fits_valid"":true,""mtime_ns"":1784657647571317355,""mtime_utc"":""2026-07-21T18:14:07.571+00:00"",""name"":""working_annuli_residual_fits"",""ok"":true,""path"":""/Users/zuha/Desktop/FKI/4 курс 2025-2026/course_work-SBF/runs/sbf3_go3055_go7763/products/NGC_4474/F150W__F115W/cfc6d4203c1c/jw07763-o020_t020_nircam_clear-f150w_i2d_05_остатки_общие_рабочие_два_кольца.fits"",""relative_path"":""jw07763-o020_t020_nircam_clear-f150w_i2d_05_остатки_общие_рабочие_два_кольца.fits"",""sha256"":""f9fc6d5ffc1b01fc7694bcc0fdeeced1968d8360d6817841c507155eacb8121b"",""size_bytes"":173701440}],""target"":""NGC 4474""}"
2054,run-20260720T164920Z-5f8824d560b3-6a51d38a,job-34a3c32eb7981a962cbea5611fc8d93434308ccbc8b771854f3995ec5b8f2db1,NGC 4476,,1784657664.882823,INFO,JOB_STATE_CHANGED,,"{""from"":""PENDING"",""to"":""READY""}"
2055,run-20260720T164920Z-5f8824d560b3-6a51d38a,job-34a3c32eb7981a962cbea5611fc8d93434308ccbc8b771854f3995ec5b8f2db1,NGC 4476,,1784657664.887213,INFO,INPUT_READY_INITIAL,,"{""inputs"":{""color"":{""expected_size_bytes"":1216137600,""filter"":""F115W"",""final_exists"":true,""final_fits_error"":null,""final_path"":""/Users/zuha/Desktop/FKI/4 курс 2025-2026/course_work-SBF/data/NGC 4476/jw07763-o024_t024_nircam_clear-f115w_i2d.fits"",""final_ready"":true,""final_size_bytes"":1216137600,""part_exists"":false,""part_metadata"":null,""part_metadata_error"":null,""part_path"":""/Users/zuha/Desktop/FKI/4 курс 2025-2026/course_work-SBF/data/NGC 4476/jw07763-o024_t024_nircam_clear-f115w_i2d.fits.part"",""part_size_bytes"":0,""restart_part_exists"":false,""restart_part_path"":""/Users/zuha/Desktop/FKI/4 курс 2025-2026/course_work-SBF/data/NGC 4476/jw07763-o024_t024_nircam_clear-f115w_i2d.fits.restart.part"",""restart_part_size_bytes"":0,""transfer_percent"":null},""signal"":{""expected_size_bytes"":1216258560,""filter"":""F150W"",""final_exists"":true,""final_fits_error"":null,""final_path"":""/Users/zuha/Desktop/FKI/4 курс 2025-2026/course_work-SBF/data/NGC 4476/jw07763-o024_t024_nircam_clear-f150w_i2d.fits"",""final_ready"":true,""final_size_bytes"":1216258560,""part_exists"":false,""part_metadata"":null,""part_metadata_error"":null,""part_path"":""/Users/zuha/Desktop/FKI/4 курс 2025-2026/course_work-SBF/data/NGC 4476/jw07763-o024_t024_nircam_clear-f150w_i2d.fits.part"",""part_size_bytes"":0,""restart_part_exists"":false,""restart_part_path"":""/Users/zuha/Desktop/FKI/4 курс 2025-2026/course_work-SBF/data/NGC 4476/jw07763-o024_t024_nircam_clear-f150w_i2d.fits.restart.part"",""restart_part_size_bytes"":0,""transfer_percent"":null}},""program"":""7763"",""target"":""NGC 4476""}"
2056,run-20260720T164920Z-5f8824d560b3-6a51d38a,job-34a3c32eb7981a962cbea5611fc8d93434308ccbc8b771854f3995ec5b8f2db1,NGC 4476,,1784657665.016308,INFO,WORKER_START_REQUESTED,,"{""color_path"":""/Users/zuha/Desktop/FKI/4 курс 2025-2026/course_work-SBF/data/NGC 4476/jw07763-o024_t024_nircam_clear-f115w_i2d.fits"",""command"":[""/Users/zuha/Desktop/FKI/4 курс 2025-2026/course_work-SBF/astro_env/bin/python3"",""/Users/zuha/Desktop/FKI/4 курс 2025-2026/course_work-SBF/code/run_sbf_batch.py"",""--worker"",""--job-id"",""job-34a3c32eb7981a962cbea5611fc8d93434308ccbc8b771854f3995ec5b8f2db1"",""--galaxy"",""NGC 4476"",""--signal"",""/Users/zuha/Desktop/FKI/4 курс 2025-2026/course_work-SBF/data/NGC 4476/jw07763-o024_t024_nircam_clear-f150w_i2d.fits"",""--color"",""/Users/zuha/Desktop/FKI/4 курс 2025-2026/course_work-SBF/data/NGC 4476/jw07763-o024_t024_nircam_clear-f115w_i2d.fits"",""--signal-filter"",""F150W"",""--color-filter"",""F115W"",""--template"",""/Users/zuha/Desktop/FKI/4 курс 2025-2026/course_work-SBF/code/sbf-3.ipynb"",""--batch-root"",""/Users/zuha/Desktop/FKI/4 курс 2025-2026/course_work-SBF/runs/sbf3_go3055_go7763/batch"",""--products-root"",""/Users/zuha/Desktop/FKI/4 курс 2025-2026/course_work-SBF/runs/sbf3_go3055_go7763/products""],""filters"":{""color"":""F115W"",""signal"":""F150W""},""program"":""7763"",""signal_path"":""/Users/zuha/Desktop/FKI/4 курс 2025-2026/course_work-SBF/data/NGC 4476/jw07763-o024_t024_nircam_clear-f150w_i2d.fits"",""target"":""NGC 4476""}"
2057,run-20260720T164920Z-5f8824d560b3-6a51d38a,job-34a3c32eb7981a962cbea5611fc8d93434308ccbc8b771854f3995ec5b8f2db1,NGC 4476,,1784657665.016932,INFO,JOB_STATE_CHANGED,,"{""from"":""READY"",""to"":""RUNNING""}"
2058,run-20260720T164920Z-5f8824d560b3-6a51d38a,job-34a3c32eb7981a962cbea5611fc8d93434308ccbc8b771854f3995ec5b8f2db1,NGC 4476,151,1784657665.022551,INFO,ATTEMPT_STARTED,,"{""attempt_no"":1,""pid"":49027}"
2059,run-20260720T164920Z-5f8824d560b3-6a51d38a,job-34a3c32eb7981a962cbea5611fc8d93434308ccbc8b771854f3995ec5b8f2db1,NGC 4476,151,1784661687.643098,INFO,WORKER_SUPERVISION_ENDED,,"{""completed"":true,""detail"":null,""duration_seconds"":4020.6598825419787,""ended_monotonic"":516477.668058333,""last_sample"":{""available_ram_bytes"":10640359424,""collector"":""psutil"",""disk"":{""free_bytes"":166913585152,""free_gib"":155.45038986206055,""path"":""/Users/zuha/Desktop/FKI/4 курс 2025-2026/course_work-SBF/data"",""total_bytes"":994662584320,""total_gib"":926.3517189025879,""used_bytes"":827748999168,""used_gib"":770.9013290405273},""disk_free_bytes"":166913585152,""monotonic"":516447.662895875,""pid"":49027,""swap"":{""free_bytes"":930676736,""free_gib"":0.86676025390625,""percent"":95.2,""total_bytes"":19327352832,""total_gib"":18.0,""used_bytes"":18396676096,""used_gib"":17.13323974609375},""swap_used_bytes"":18396676096,""system_ram"":{""available_bytes"":10640359424,""available_gib"":9.90960693359375,""percent"":69.0,""total_bytes"":34359738368,""total_gib"":32.0,""used_bytes"":11608080384,""used_gib"":10.810867309570312},""timestamp_utc"":""2026-07-21T19:20:57.635+00:00"",""worker"":{""child_count"":1,""children_rss_bytes"":5439488,""children_rss_gib"":0.00506591796875,""pid"":49027,""rss_bytes"":5788844032,""rss_gib"":5.3912811279296875,""status"":""sleeping"",""total_rss_bytes"":5794283520,""total_rss_gib"":5.3963470458984375},""worker_children_rss_bytes"":5439488,""worker_rss_bytes"":5788844032,""worker_total_rss_bytes"":5794283520},""ok"":true,""reason"":""completed"",""returncode"":0,""sample_count"":134,""signal_name"":null,""started_monotonic"":512457.008175791,""termination"":null}"
2060,run-20260720T164920Z-5f8824d560b3-6a51d38a,job-34a3c32eb7981a962cbea5611fc8d93434308ccbc8b771854f3995ec5b8f2db1,NGC 4476,,1784661688.079075,INFO,JOB_STATE_CHANGED,,"{""from"":""RUNNING"",""to"":""VERIFYING""}"
2061,run-20260720T164920Z-5f8824d560b3-6a51d38a,job-34a3c32eb7981a962cbea5611fc8d93434308ccbc8b771854f3995ec5b8f2db1,NGC 4476,151,1784661688.081399,INFO,ARTIFACT_RECORDED,,"{""artifact_id"":206,""kind"":""clean_model_fits"",""path"":""/Users/zuha/Desktop/FKI/4 курс 2025-2026/course_work-SBF/runs/sbf3_go3055_go7763/products/NGC_4476/F150W__F115W/34a3c32eb798/jw07763-o024_t024_nircam_clear-f150w_i2d_01_модель_чистая.fits"",""verified"":true}"
2062,run-20260720T164920Z-5f8824d560b3-6a51d38a,job-34a3c32eb7981a962cbea5611fc8d93434308ccbc8b771854f3995ec5b8f2db1,NGC 4476,151,1784661688.083238,INFO,ARTIFACT_RECORDED,,"{""artifact_id"":207,""kind"":""clean_isophotes_fits"",""path"":""/Users/zuha/Desktop/FKI/4 курс 2025-2026/course_work-SBF/runs/sbf3_go3055_go7763/products/NGC_4476/F150W__F115W/34a3c32eb798/jw07763-o024_t024_nircam_clear-f150w_i2d_02_изофоты_чистые.fits"",""verified"":true}"
2063,run-20260720T164920Z-5f8824d560b3-6a51d38a,job-34a3c32eb7981a962cbea5611fc8d93434308ccbc8b771854f3995ec5b8f2db1,NGC 4476,151,1784661688.0843039,INFO,ARTIFACT_RECORDED,,"{""artifact_id"":208,""kind"":""full_residual_fits"",""path"":""/Users/zuha/Desktop/FKI/4 курс 2025-2026/course_work-SBF/runs/sbf3_go3055_go7763/products/NGC_4476/F150W__F115W/34a3c32eb798/jw07763-o024_t024_nircam_clear-f150w_i2d_03_остатки_общие.fits"",""verified"":true}"
2064,run-20260720T164920Z-5f8824d560b3-6a51d38a,job-34a3c32eb7981a962cbea5611fc8d93434308ccbc8b771854f3995ec5b8f2db1,NGC 4476,151,1784661688.087301,INFO,ARTIFACT_RECORDED,,"{""artifact_id"":209,""kind"":""working_residual_fits"",""path"":""/Users/zuha/Desktop/FKI/4 курс 2025-2026/course_work-SBF/runs/sbf3_go3055_go7763/products/NGC_4476/F150W__F115W/34a3c32eb798/jw07763-o024_t024_nircam_clear-f150w_i2d_04_остатки_общие_рабочие.fits"",""verified"":true}"
2065,run-20260720T164920Z-5f8824d560b3-6a51d38a,job-34a3c32eb7981a962cbea5611fc8d93434308ccbc8b771854f3995ec5b8f2db1,NGC 4476,151,1784661688.088481,INFO,ARTIFACT_RECORDED,,"{""artifact_id"":210,""kind"":""working_annuli_residual_fits"",""path"":""/Users/zuha/Desktop/FKI/4 курс 2025-2026/course_work-SBF/runs/sbf3_go3055_go7763/products/NGC_4476/F150W__F115W/34a3c32eb798/jw07763-o024_t024_nircam_clear-f150w_i2d_05_остатки_общие_рабочие_два_кольца.fits"",""verified"":true}"
2066,run-20260720T164920Z-5f8824d560b3-6a51d38a,job-34a3c32eb7981a962cbea5611fc8d93434308ccbc8b771854f3995ec5b8f2db1,NGC 4476,151,1784661688.0901492,INFO,ATTEMPT_ENDED,,"{""exit_code"":0,""state"":""SUCCEEDED""}"
2067,run-20260720T164920Z-5f8824d560b3-6a51d38a,job-34a3c32eb7981a962cbea5611fc8d93434308ccbc8b771854f3995ec5b8f2db1,NGC 4476,,1784661688.091084,INFO,JOB_STATE_CHANGED,,"{""from"":""VERIFYING"",""to"":""SUCCEEDED""}"
2068,run-20260720T164920Z-5f8824d560b3-6a51d38a,job-34a3c32eb7981a962cbea5611fc8d93434308ccbc8b771854f3995ec5b8f2db1,NGC 4476,151,1784661688.0944588,INFO,ARTIFACTS_VERIFIED,,"{""artifact_count"":5,""artifact_manifest_path"":""/Users/zuha/Desktop/FKI/4 курс 2025-2026/course_work-SBF/runs/sbf3_go3055_go7763/batch/artifact_manifests/NGC_4476__F150W__F115W__34a3c32eb798_result_artifacts.json"",""artifacts"":[{""exists"":true,""fits_valid"":true,""mtime_ns"":1784658597241498205,""mtime_utc"":""2026-07-21T18:29:57.241+00:00"",""name"":""clean_model_fits"",""ok"":true,""path"":""/Users/zuha/Desktop/FKI/4 курс 2025-2026/course_work-SBF/runs/sbf3_go3055_go7763/products/NGC_4476/F150W__F115W/34a3c32eb798/jw07763-o024_t024_nircam_clear-f150w_i2d_01_модель_чистая.fits"",""relative_path"":""jw07763-o024_t024_nircam_clear-f150w_i2d_01_модель_чистая.fits"",""sha256"":""171b693e41e980f8833968d15122022d2b0ba2462e5e470a91a9e89ac709369c"",""size_bytes"":173718720},{""exists"":true,""fits_valid"":true,""mtime_ns"":1784658597424007462,""mtime_utc"":""2026-07-21T18:29:57.424+00:00"",""name"":""clean_isophotes_fits"",""ok"":true,""path"":""/Users/zuha/Desktop/FKI/4 курс 2025-2026/course_work-SBF/runs/sbf3_go3055_go7763/products/NGC_4476/F150W__F115W/34a3c32eb798/jw07763-o024_t024_nircam_clear-f150w_i2d_02_изофоты_чистые.fits"",""relative_path"":""jw07763-o024_t024_nircam_clear-f150w_i2d_02_изофоты_чистые.fits"",""sha256"":""9c911c3386016c000806ae8aac5025ef9e6d5d2f7a8af059ad727982e634ab06"",""size_bytes"":173718720},{""exists"":true,""fits_valid"":true,""mtime_ns"":1784658597592741338,""mtime_utc"":""2026-07-21T18:29:57.592+00:00"",""name"":""full_residual_fits"",""ok"":true,""path"":""/Users/zuha/Desktop/FKI/4 курс 2025-2026/course_work-SBF/runs/sbf3_go3055_go7763/products/NGC_4476/F150W__F115W/34a3c32eb798/jw07763-o024_t024_nircam_clear-f150w_i2d_03_остатки_общие.fits"",""relative_path"":""jw07763-o024_t024_nircam_clear-f150w_i2d_03_остатки_общие.fits"",""sha256"":""5e945f168c0254ec0b828ba3600d857026d00e43f0c45ff0d4346f177a370590"",""size_bytes"":173718720},{""exists"":true,""fits_valid"":true,""mtime_ns"":1784658597757424998,""mtime_utc"":""2026-07-21T18:29:57.757+00:00"",""name"":""working_residual_fits"",""ok"":true,""path"":""/Users/zuha/Desktop/FKI/4 курс 2025-2026/course_work-SBF/runs/sbf3_go3055_go7763/products/NGC_4476/F150W__F115W/34a3c32eb798/jw07763-o024_t024_nircam_clear-f150w_i2d_04_остатки_общие_рабочие.fits"",""relative_path"":""jw07763-o024_t024_nircam_clear-f150w_i2d_04_остатки_общие_рабочие.fits"",""sha256"":""102490da3fd883d5261575e27590dc203d4695e028289a3d90a66e63f79d1604"",""size_bytes"":173718720},{""exists"":true,""fits_valid"":true,""mtime_ns"":1784661666264103971,""mtime_utc"":""2026-07-21T19:21:06.264+00:00"",""name"":""working_annuli_residual_fits"",""ok"":true,""path"":""/Users/zuha/Desktop/FKI/4 курс 2025-2026/course_work-SBF/runs/sbf3_go3055_go7763/products/NGC_4476/F150W__F115W/34a3c32eb798/jw07763-o024_t024_nircam_clear-f150w_i2d_05_остатки_общие_рабочие_два_кольца.fits"",""relative_path"":""jw07763-o024_t024_nircam_clear-f150w_i2d_05_остатки_общие_рабочие_два_кольца.fits"",""sha256"":""0122b11b2895c296b87af26ffca9218efe784c92427bbfe89b044cede5a24fd6"",""size_bytes"":173718720}],""target"":""NGC 4476""}"
2069,run-20260720T164920Z-5f8824d560b3-6a51d38a,job-c62fcb3cefe0b5f1e86cdc967352db9f554a0c483999977116a7a75e6b5b9937,NGC 4477,,1784661688.143056,INFO,JOB_STATE_CHANGED,,"{""from"":""PENDING"",""to"":""READY""}"
2070,run-20260720T164920Z-5f8824d560b3-6a51d38a,job-c62fcb3cefe0b5f1e86cdc967352db9f554a0c483999977116a7a75e6b5b9937,NGC 4477,,1784661688.147147,INFO,INPUT_READY_INITIAL,,"{""inputs"":{""color"":{""expected_size_bytes"":1216137600,""filter"":""F115W"",""final_exists"":true,""final_fits_error"":null,""final_path"":""/Users/zuha/Desktop/FKI/4 курс 2025-2026/course_work-SBF/data/NGC 4477/jw07763-o007_t007_nircam_clear-f115w_i2d.fits"",""final_ready"":true,""final_size_bytes"":1216137600,""part_exists"":false,""part_metadata"":null,""part_metadata_error"":null,""part_path"":""/Users/zuha/Desktop/FKI/4 курс 2025-2026/course_work-SBF/data/NGC 4477/jw07763-o007_t007_nircam_clear-f115w_i2d.fits.part"",""part_size_bytes"":0,""restart_part_exists"":false,""restart_part_path"":""/Users/zuha/Desktop/FKI/4 курс 2025-2026/course_work-SBF/data/NGC 4477/jw07763-o007_t007_nircam_clear-f115w_i2d.fits.restart.part"",""restart_part_size_bytes"":0,""transfer_percent"":null},""signal"":{""expected_size_bytes"":1216137600,""filter"":""F150W"",""final_exists"":true,""final_fits_error"":null,""final_path"":""/Users/zuha/Desktop/FKI/4 курс 2025-2026/course_work-SBF/data/NGC 4477/jw07763-o007_t007_nircam_clear-f150w_i2d.fits"",""final_ready"":true,""final_size_bytes"":1216137600,""part_exists"":false,""part_metadata"":null,""part_metadata_error"":null,""part_path"":""/Users/zuha/Desktop/FKI/4 курс 2025-2026/course_work-SBF/data/NGC 4477/jw07763-o007_t007_nircam_clear-f150w_i2d.fits.part"",""part_size_bytes"":0,""restart_part_exists"":false,""restart_part_path"":""/Users/zuha/Desktop/FKI/4 курс 2025-2026/course_work-SBF/data/NGC 4477/jw07763-o007_t007_nircam_clear-f150w_i2d.fits.restart.part"",""restart_part_size_bytes"":0,""transfer_percent"":null}},""program"":""7763"",""target"":""NGC 4477""}"
2071,run-20260720T164920Z-5f8824d560b3-6a51d38a,job-c62fcb3cefe0b5f1e86cdc967352db9f554a0c483999977116a7a75e6b5b9937,NGC 4477,,1784661688.2738419,INFO,WORKER_START_REQUESTED,,"{""color_path"":""/Users/zuha/Desktop/FKI/4 курс 2025-2026/course_work-SBF/data/NGC 4477/jw07763-o007_t007_nircam_clear-f115w_i2d.fits"",""command"":[""/Users/zuha/Desktop/FKI/4 курс 2025-2026/course_work-SBF/astro_env/bin/python3"",""/Users/zuha/Desktop/FKI/4 курс 2025-2026/course_work-SBF/code/run_sbf_batch.py"",""--worker"",""--job-id"",""job-c62fcb3cefe0b5f1e86cdc967352db9f554a0c483999977116a7a75e6b5b9937"",""--galaxy"",""NGC 4477"",""--signal"",""/Users/zuha/Desktop/FKI/4 курс 2025-2026/course_work-SBF/data/NGC 4477/jw07763-o007_t007_nircam_clear-f150w_i2d.fits"",""--color"",""/Users/zuha/Desktop/FKI/4 курс 2025-2026/course_work-SBF/data/NGC 4477/jw07763-o007_t007_nircam_clear-f115w_i2d.fits"",""--signal-filter"",""F150W"",""--color-filter"",""F115W"",""--template"",""/Users/zuha/Desktop/FKI/4 курс 2025-2026/course_work-SBF/code/sbf-3.ipynb"",""--batch-root"",""/Users/zuha/Desktop/FKI/4 курс 2025-2026/course_work-SBF/runs/sbf3_go3055_go7763/batch"",""--products-root"",""/Users/zuha/Desktop/FKI/4 курс 2025-2026/course_work-SBF/runs/sbf3_go3055_go7763/products""],""filters"":{""color"":""F115W"",""signal"":""F150W""},""program"":""7763"",""signal_path"":""/Users/zuha/Desktop/FKI/4 курс 2025-2026/course_work-SBF/data/NGC 4477/jw07763-o007_t007_nircam_clear-f150w_i2d.fits"",""target"":""NGC 4477""}"
2072,run-20260720T164920Z-5f8824d560b3-6a51d38a,job-c62fcb3cefe0b5f1e86cdc967352db9f554a0c483999977116a7a75e6b5b9937,NGC 4477,,1784661688.2744079,INFO,JOB_STATE_CHANGED,,"{""from"":""READY"",""to"":""RUNNING""}"
2073,run-20260720T164920Z-5f8824d560b3-6a51d38a,job-c62fcb3cefe0b5f1e86cdc967352db9f554a0c483999977116a7a75e6b5b9937,NGC 4477,152,1784661688.279634,INFO,ATTEMPT_STARTED,,"{""attempt_no"":1,""pid"":65248}"
2074,run-20260720T164920Z-5f8824d560b3-6a51d38a,job-c62fcb3cefe0b5f1e86cdc967352db9f554a0c483999977116a7a75e6b5b9937,NGC 4477,152,1784665619.216371,INFO,WORKER_SUPERVISION_ENDED,,"{""completed"":true,""detail"":null,""duration_seconds"":3931.0926275830134,""ended_monotonic"":520409.403419208,""last_sample"":{""available_ram_bytes"":9891266560,""collector"":""psutil"",""disk"":{""free_bytes"":165740609536,""free_gib"":154.35797119140625,""path"":""/Users/zuha/Desktop/FKI/4 курс 2025-2026/course_work-SBF/data"",""total_bytes"":994662584320,""total_gib"":926.3517189025879,""used_bytes"":828921974784,""used_gib"":771.9937477111816},""disk_free_bytes"":165740609536,""monotonic"":520379.393129,""pid"":65248,""swap"":{""free_bytes"":885456896,""free_gib"":0.82464599609375,""percent"":95.1,""total_bytes"":18253611008,""total_gib"":17.0,""used_bytes"":17368154112,""used_gib"":16.17535400390625},""swap_used_bytes"":17368154112,""system_ram"":{""available_bytes"":9891266560,""available_gib"":9.211959838867188,""percent"":71.2,""total_bytes"":34359738368,""total_gib"":32.0,""used_bytes"":11175018496,""used_gib"":10.407546997070312},""timestamp_utc"":""2026-07-21T20:26:29.198+00:00"",""worker"":{""child_count"":1,""children_rss_bytes"":5439488,""children_rss_gib"":0.00506591796875,""pid"":65248,""rss_bytes"":7165771776,""rss_gib"":6.67364501953125,""status"":""sleeping"",""total_rss_bytes"":7171211264,""total_rss_gib"":6.6787109375},""worker_children_rss_bytes"":5439488,""worker_rss_bytes"":7165771776,""worker_total_rss_bytes"":7171211264},""ok"":true,""reason"":""completed"",""returncode"":0,""sample_count"":131,""signal_name"":null,""started_monotonic"":516478.310791625,""termination"":null}"
2075,run-20260720T164920Z-5f8824d560b3-6a51d38a,job-c62fcb3cefe0b5f1e86cdc967352db9f554a0c483999977116a7a75e6b5b9937,NGC 4477,,1784665619.69608,INFO,JOB_STATE_CHANGED,,"{""from"":""RUNNING"",""to"":""VERIFYING""}"
2076,run-20260720T164920Z-5f8824d560b3-6a51d38a,job-c62fcb3cefe0b5f1e86cdc967352db9f554a0c483999977116a7a75e6b5b9937,NGC 4477,152,1784665619.6982348,INFO,ARTIFACT_RECORDED,,"{""artifact_id"":211,""kind"":""clean_model_fits"",""path"":""/Users/zuha/Desktop/FKI/4 курс 2025-2026/course_work-SBF/runs/sbf3_go3055_go7763/products/NGC_4477/F150W__F115W/c62fcb3cefe0/jw07763-o007_t007_nircam_clear-f150w_i2d_01_модель_чистая.fits"",""verified"":true}"
2077,run-20260720T164920Z-5f8824d560b3-6a51d38a,job-c62fcb3cefe0b5f1e86cdc967352db9f554a0c483999977116a7a75e6b5b9937,NGC 4477,152,1784665619.699944,INFO,ARTIFACT_RECORDED,,"{""artifact_id"":212,""kind"":""clean_isophotes_fits"",""path"":""/Users/zuha/Desktop/FKI/4 курс 2025-2026/course_work-SBF/runs/sbf3_go3055_go7763/products/NGC_4477/F150W__F115W/c62fcb3cefe0/jw07763-o007_t007_nircam_clear-f150w_i2d_02_изофоты_чистые.fits"",""verified"":true}"
2078,run-20260720T164920Z-5f8824d560b3-6a51d38a,job-c62fcb3cefe0b5f1e86cdc967352db9f554a0c483999977116a7a75e6b5b9937,NGC 4477,152,1784665619.701161,INFO,ARTIFACT_RECORDED,,"{""artifact_id"":213,""kind"":""full_residual_fits"",""path"":""/Users/zuha/Desktop/FKI/4 курс 2025-2026/course_work-SBF/runs/sbf3_go3055_go7763/products/NGC_4477/F150W__F115W/c62fcb3cefe0/jw07763-o007_t007_nircam_clear-f150w_i2d_03_остатки_общие.fits"",""verified"":true}"
2079,run-20260720T164920Z-5f8824d560b3-6a51d38a,job-c62fcb3cefe0b5f1e86cdc967352db9f554a0c483999977116a7a75e6b5b9937,NGC 4477,152,1784665619.702133,INFO,ARTIFACT_RECORDED,,"{""artifact_id"":214,""kind"":""working_residual_fits"",""path"":""/Users/zuha/Desktop/FKI/4 курс 2025-2026/course_work-SBF/runs/sbf3_go3055_go7763/products/NGC_4477/F150W__F115W/c62fcb3cefe0/jw07763-o007_t007_nircam_clear-f150w_i2d_04_остатки_общие_рабочие.fits"",""verified"":true}"
2080,run-20260720T164920Z-5f8824d560b3-6a51d38a,job-c62fcb3cefe0b5f1e86cdc967352db9f554a0c483999977116a7a75e6b5b9937,NGC 4477,152,1784665619.703253,INFO,ARTIFACT_RECORDED,,"{""artifact_id"":215,""kind"":""working_annuli_residual_fits"",""path"":""/Users/zuha/Desktop/FKI/4 курс 2025-2026/course_work-SBF/runs/sbf3_go3055_go7763/products/NGC_4477/F150W__F115W/c62fcb3cefe0/jw07763-o007_t007_nircam_clear-f150w_i2d_05_остатки_общие_рабочие_два_кольца.fits"",""verified"":true}"
2081,run-20260720T164920Z-5f8824d560b3-6a51d38a,job-c62fcb3cefe0b5f1e86cdc967352db9f554a0c483999977116a7a75e6b5b9937,NGC 4477,152,1784665619.7042391,INFO,ATTEMPT_ENDED,,"{""exit_code"":0,""state"":""SUCCEEDED""}"
2082,run-20260720T164920Z-5f8824d560b3-6a51d38a,job-c62fcb3cefe0b5f1e86cdc967352db9f554a0c483999977116a7a75e6b5b9937,NGC 4477,,1784665619.705206,INFO,JOB_STATE_CHANGED,,"{""from"":""VERIFYING"",""to"":""SUCCEEDED""}"
2083,run-20260720T164920Z-5f8824d560b3-6a51d38a,job-c62fcb3cefe0b5f1e86cdc967352db9f554a0c483999977116a7a75e6b5b9937,NGC 4477,152,1784665619.710793,INFO,ARTIFACTS_VERIFIED,,"{""artifact_count"":5,""artifact_manifest_path"":""/Users/zuha/Desktop/FKI/4 курс 2025-2026/course_work-SBF/runs/sbf3_go3055_go7763/batch/artifact_manifests/NGC_4477__F150W__F115W__c62fcb3cefe0_result_artifacts.json"",""artifacts"":[{""exists"":true,""fits_valid"":true,""mtime_ns"":1784662483665065361,""mtime_utc"":""2026-07-21T19:34:43.665+00:00"",""name"":""clean_model_fits"",""ok"":true,""path"":""/Users/zuha/Desktop/FKI/4 курс 2025-2026/course_work-SBF/runs/sbf3_go3055_go7763/products/NGC_4477/F150W__F115W/c62fcb3cefe0/jw07763-o007_t007_nircam_clear-f150w_i2d_01_модель_чистая.fits"",""relative_path"":""jw07763-o007_t007_nircam_clear-f150w_i2d_01_модель_чистая.fits"",""sha256"":""dba05c02ffde173e00f6385069c3d09f4f0dbabde5e5d887d04ffdedb237b801"",""size_bytes"":173701440},{""exists"":true,""fits_valid"":true,""mtime_ns"":1784662483886974448,""mtime_utc"":""2026-07-21T19:34:43.886+00:00"",""name"":""clean_isophotes_fits"",""ok"":true,""path"":""/Users/zuha/Desktop/FKI/4 курс 2025-2026/course_work-SBF/runs/sbf3_go3055_go7763/products/NGC_4477/F150W__F115W/c62fcb3cefe0/jw07763-o007_t007_nircam_clear-f150w_i2d_02_изофоты_чистые.fits"",""relative_path"":""jw07763-o007_t007_nircam_clear-f150w_i2d_02_изофоты_чистые.fits"",""sha256"":""cdde1c68912587d186ca3ccf9f05aa5aca6d99291cc466c87a2ff264b28585e8"",""size_bytes"":173701440},{""exists"":true,""fits_valid"":true,""mtime_ns"":1784662484104307514,""mtime_utc"":""2026-07-21T19:34:44.104+00:00"",""name"":""full_residual_fits"",""ok"":true,""path"":""/Users/zuha/Desktop/FKI/4 курс 2025-2026/course_work-SBF/runs/sbf3_go3055_go7763/products/NGC_4477/F150W__F115W/c62fcb3cefe0/jw07763-o007_t007_nircam_clear-f150w_i2d_03_остатки_общие.fits"",""relative_path"":""jw07763-o007_t007_nircam_clear-f150w_i2d_03_остатки_общие.fits"",""sha256"":""5ba38edd4985c5ece6c8063ec8866d4856791a987d1ad3eeb2ab75934d123ba2"",""size_bytes"":173701440},{""exists"":true,""fits_valid"":true,""mtime_ns"":1784662484313127044,""mtime_utc"":""2026-07-21T19:34:44.313+00:00"",""name"":""working_residual_fits"",""ok"":true,""path"":""/Users/zuha/Desktop/FKI/4 курс 2025-2026/course_work-SBF/runs/sbf3_go3055_go7763/products/NGC_4477/F150W__F115W/c62fcb3cefe0/jw07763-o007_t007_nircam_clear-f150w_i2d_04_остатки_общие_рабочие.fits"",""relative_path"":""jw07763-o007_t007_nircam_clear-f150w_i2d_04_остатки_общие_рабочие.fits"",""sha256"":""d01d06a9bd16e707ad19ca3b020b2ceaab8776a3a7e429695523dc501b3d351e"",""size_bytes"":173701440},{""exists"":true,""fits_valid"":true,""mtime_ns"":1784665610833982870,""mtime_utc"":""2026-07-21T20:26:50.833+00:00"",""name"":""working_annuli_residual_fits"",""ok"":true,""path"":""/Users/zuha/Desktop/FKI/4 курс 2025-2026/course_work-SBF/runs/sbf3_go3055_go7763/products/NGC_4477/F150W__F115W/c62fcb3cefe0/jw07763-o007_t007_nircam_clear-f150w_i2d_05_остатки_общие_рабочие_два_кольца.fits"",""relative_path"":""jw07763-o007_t007_nircam_clear-f150w_i2d_05_остатки_общие_рабочие_два_кольца.fits"",""sha256"":""be238cba1758304b79b389cc9416a01ac3bfc2cb07243c0ba0c644bf65d7a7b9"",""size_bytes"":173701440}],""target"":""NGC 4477""}"
2084,run-20260720T164920Z-5f8824d560b3-6a51d38a,job-c3bc4f46350545868f5c8eda68e560cda76db56b00f27925a2d00dcb8546f00d,NGC 4478,,1784665619.758089,INFO,JOB_STATE_CHANGED,,"{""from"":""PENDING"",""to"":""READY""}"
2085,run-20260720T164920Z-5f8824d560b3-6a51d38a,job-c3bc4f46350545868f5c8eda68e560cda76db56b00f27925a2d00dcb8546f00d,NGC 4478,,1784665619.762225,INFO,INPUT_READY_INITIAL,,"{""inputs"":{""color"":{""expected_size_bytes"":1216261440,""filter"":""F115W"",""final_exists"":true,""final_fits_error"":null,""final_path"":""/Users/zuha/Desktop/FKI/4 курс 2025-2026/course_work-SBF/data/NGC 4478/jw07763-o017_t017_nircam_clear-f115w_i2d.fits"",""final_ready"":true,""final_size_bytes"":1216261440,""part_exists"":false,""part_metadata"":null,""part_metadata_error"":null,""part_path"":""/Users/zuha/Desktop/FKI/4 курс 2025-2026/course_work-SBF/data/NGC 4478/jw07763-o017_t017_nircam_clear-f115w_i2d.fits.part"",""part_size_bytes"":0,""restart_part_exists"":false,""restart_part_path"":""/Users/zuha/Desktop/FKI/4 курс 2025-2026/course_work-SBF/data/NGC 4478/jw07763-o017_t017_nircam_clear-f115w_i2d.fits.restart.part"",""restart_part_size_bytes"":0,""transfer_percent"":null},""signal"":{""expected_size_bytes"":1216137600,""filter"":""F150W"",""final_exists"":true,""final_fits_error"":null,""final_path"":""/Users/zuha/Desktop/FKI/4 курс 2025-2026/course_work-SBF/data/NGC 4478/jw07763-o017_t017_nircam_clear-f150w_i2d.fits"",""final_ready"":true,""final_size_bytes"":1216137600,""part_exists"":false,""part_metadata"":null,""part_metadata_error"":null,""part_path"":""/Users/zuha/Desktop/FKI/4 курс 2025-2026/course_work-SBF/data/NGC 4478/jw07763-o017_t017_nircam_clear-f150w_i2d.fits.part"",""part_size_bytes"":0,""restart_part_exists"":false,""restart_part_path"":""/Users/zuha/Desktop/FKI/4 курс 2025-2026/course_work-SBF/data/NGC 4478/jw07763-o017_t017_nircam_clear-f150w_i2d.fits.restart.part"",""restart_part_size_bytes"":0,""transfer_percent"":null}},""program"":""7763"",""target"":""NGC 4478""}"
2086,run-20260720T164920Z-5f8824d560b3-6a51d38a,job-c3bc4f46350545868f5c8eda68e560cda76db56b00f27925a2d00dcb8546f00d,NGC 4478,,1784665619.8898392,INFO,WORKER_START_REQUESTED,,"{""color_path"":""/Users/zuha/Desktop/FKI/4 курс 2025-2026/course_work-SBF/data/NGC 4478/jw07763-o017_t017_nircam_clear-f115w_i2d.fits"",""command"":[""/Users/zuha/Desktop/FKI/4 курс 2025-2026/course_work-SBF/astro_env/bin/python3"",""/Users/zuha/Desktop/FKI/4 курс 2025-2026/course_work-SBF/code/run_sbf_batch.py"",""--worker"",""--job-id"",""job-c3bc4f46350545868f5c8eda68e560cda76db56b00f27925a2d00dcb8546f00d"",""--galaxy"",""NGC 4478"",""--signal"",""/Users/zuha/Desktop/FKI/4 курс 2025-2026/course_work-SBF/data/NGC 4478/jw07763-o017_t017_nircam_clear-f150w_i2d.fits"",""--color"",""/Users/zuha/Desktop/FKI/4 курс 2025-2026/course_work-SBF/data/NGC 4478/jw07763-o017_t017_nircam_clear-f115w_i2d.fits"",""--signal-filter"",""F150W"",""--color-filter"",""F115W"",""--template"",""/Users/zuha/Desktop/FKI/4 курс 2025-2026/course_work-SBF/code/sbf-3.ipynb"",""--batch-root"",""/Users/zuha/Desktop/FKI/4 курс 2025-2026/course_work-SBF/runs/sbf3_go3055_go7763/batch"",""--products-root"",""/Users/zuha/Desktop/FKI/4 курс 2025-2026/course_work-SBF/runs/sbf3_go3055_go7763/products""],""filters"":{""color"":""F115W"",""signal"":""F150W""},""program"":""7763"",""signal_path"":""/Users/zuha/Desktop/FKI/4 курс 2025-2026/course_work-SBF/data/NGC 4478/jw07763-o017_t017_nircam_clear-f150w_i2d.fits"",""target"":""NGC 4478""}"
2087,run-20260720T164920Z-5f8824d560b3-6a51d38a,job-c3bc4f46350545868f5c8eda68e560cda76db56b00f27925a2d00dcb8546f00d,NGC 4478,,1784665619.890342,INFO,JOB_STATE_CHANGED,,"{""from"":""READY"",""to"":""RUNNING""}"
2088,run-20260720T164920Z-5f8824d560b3-6a51d38a,job-c3bc4f46350545868f5c8eda68e560cda76db56b00f27925a2d00dcb8546f00d,NGC 4478,153,1784665619.8952808,INFO,ATTEMPT_STARTED,,"{""attempt_no"":1,""pid"":80276}"
2089,run-20260720T164920Z-5f8824d560b3-6a51d38a,job-c3bc4f46350545868f5c8eda68e560cda76db56b00f27925a2d00dcb8546f00d,NGC 4478,153,1784669760.991349,INFO,WORKER_SUPERVISION_ENDED,,"{""completed"":true,""detail"":null,""duration_seconds"":4141.32234379201,""ended_monotonic"":524551.415192,""last_sample"":{""available_ram_bytes"":9804808192,""collector"":""psutil"",""disk"":{""free_bytes"":164875563008,""free_gib"":153.5523338317871,""path"":""/Users/zuha/Desktop/FKI/4 курс 2025-2026/course_work-SBF/data"",""total_bytes"":994662584320,""total_gib"":926.3517189025879,""used_bytes"":829787021312,""used_gib"":772.7993850708008},""disk_free_bytes"":164875563008,""monotonic"":524521.4048865,""pid"":80276,""swap"":{""free_bytes"":944242688,""free_gib"":0.87939453125,""percent"":94.8,""total_bytes"":18253611008,""total_gib"":17.0,""used_bytes"":17309368320,""used_gib"":16.12060546875},""swap_used_bytes"":17309368320,""system_ram"":{""available_bytes"":9804808192,""available_gib"":9.131439208984375,""percent"":71.5,""total_bytes"":34359738368,""total_gib"":32.0,""used_bytes"":10610720768,""used_gib"":9.882003784179688},""timestamp_utc"":""2026-07-21T21:35:30.974+00:00"",""worker"":{""child_count"":1,""children_rss_bytes"":5439488,""children_rss_gib"":0.00506591796875,""pid"":80276,""rss_bytes"":6328565760,""rss_gib"":5.8939361572265625,""status"":""sleeping"",""total_rss_bytes"":6334005248,""total_rss_gib"":5.8990020751953125},""worker_children_rss_bytes"":5439488,""worker_rss_bytes"":6328565760,""worker_total_rss_bytes"":6334005248},""ok"":true,""reason"":""completed"",""returncode"":0,""sample_count"":138,""signal_name"":null,""started_monotonic"":520410.092848208,""termination"":null}"
2090,run-20260720T164920Z-5f8824d560b3-6a51d38a,job-c3bc4f46350545868f5c8eda68e560cda76db56b00f27925a2d00dcb8546f00d,NGC 4478,,1784669761.460686,INFO,JOB_STATE_CHANGED,,"{""from"":""RUNNING"",""to"":""VERIFYING""}"
2091,run-20260720T164920Z-5f8824d560b3-6a51d38a,job-c3bc4f46350545868f5c8eda68e560cda76db56b00f27925a2d00dcb8546f00d,NGC 4478,153,1784669761.462828,INFO,ARTIFACT_RECORDED,,"{""artifact_id"":216,""kind"":""clean_model_fits"",""path"":""/Users/zuha/Desktop/FKI/4 курс 2025-2026/course_work-SBF/runs/sbf3_go3055_go7763/products/NGC_4478/F150W__F115W/c3bc4f463505/jw07763-o017_t017_nircam_clear-f150w_i2d_01_модель_чистая.fits"",""verified"":true}"
2092,run-20260720T164920Z-5f8824d560b3-6a51d38a,job-c3bc4f46350545868f5c8eda68e560cda76db56b00f27925a2d00dcb8546f00d,NGC 4478,153,1784669761.464577,INFO,ARTIFACT_RECORDED,,"{""artifact_id"":217,""kind"":""clean_isophotes_fits"",""path"":""/Users/zuha/Desktop/FKI/4 курс 2025-2026/course_work-SBF/runs/sbf3_go3055_go7763/products/NGC_4478/F150W__F115W/c3bc4f463505/jw07763-o017_t017_nircam_clear-f150w_i2d_02_изофоты_чистые.fits"",""verified"":true}"
2093,run-20260720T164920Z-5f8824d560b3-6a51d38a,job-c3bc4f46350545868f5c8eda68e560cda76db56b00f27925a2d00dcb8546f00d,NGC 4478,153,1784669761.465514,INFO,ARTIFACT_RECORDED,,"{""artifact_id"":218,""kind"":""full_residual_fits"",""path"":""/Users/zuha/Desktop/FKI/4 курс 2025-2026/course_work-SBF/runs/sbf3_go3055_go7763/products/NGC_4478/F150W__F115W/c3bc4f463505/jw07763-o017_t017_nircam_clear-f150w_i2d_03_остатки_общие.fits"",""verified"":true}"
2094,run-20260720T164920Z-5f8824d560b3-6a51d38a,job-c3bc4f46350545868f5c8eda68e560cda76db56b00f27925a2d00dcb8546f00d,NGC 4478,153,1784669761.466847,INFO,ARTIFACT_RECORDED,,"{""artifact_id"":219,""kind"":""working_residual_fits"",""path"":""/Users/zuha/Desktop/FKI/4 курс 2025-2026/course_work-SBF/runs/sbf3_go3055_go7763/products/NGC_4478/F150W__F115W/c3bc4f463505/jw07763-o017_t017_nircam_clear-f150w_i2d_04_остатки_общие_рабочие.fits"",""verified"":true}"
2095,run-20260720T164920Z-5f8824d560b3-6a51d38a,job-c3bc4f46350545868f5c8eda68e560cda76db56b00f27925a2d00dcb8546f00d,NGC 4478,153,1784669761.467882,INFO,ARTIFACT_RECORDED,,"{""artifact_id"":220,""kind"":""working_annuli_residual_fits"",""path"":""/Users/zuha/Desktop/FKI/4 курс 2025-2026/course_work-SBF/runs/sbf3_go3055_go7763/products/NGC_4478/F150W__F115W/c3bc4f463505/jw07763-o017_t017_nircam_clear-f150w_i2d_05_остатки_общие_рабочие_два_кольца.fits"",""verified"":true}"
2096,run-20260720T164920Z-5f8824d560b3-6a51d38a,job-c3bc4f46350545868f5c8eda68e560cda76db56b00f27925a2d00dcb8546f00d,NGC 4478,153,1784669761.4703171,INFO,ATTEMPT_ENDED,,"{""exit_code"":0,""state"":""SUCCEEDED""}"
2097,run-20260720T164920Z-5f8824d560b3-6a51d38a,job-c3bc4f46350545868f5c8eda68e560cda76db56b00f27925a2d00dcb8546f00d,NGC 4478,,1784669761.471178,INFO,JOB_STATE_CHANGED,,"{""from"":""VERIFYING"",""to"":""SUCCEEDED""}"
2098,run-20260720T164920Z-5f8824d560b3-6a51d38a,job-c3bc4f46350545868f5c8eda68e560cda76db56b00f27925a2d00dcb8546f00d,NGC 4478,153,1784669761.473917,INFO,ARTIFACTS_VERIFIED,,"{""artifact_count"":5,""artifact_manifest_path"":""/Users/zuha/Desktop/FKI/4 курс 2025-2026/course_work-SBF/runs/sbf3_go3055_go7763/batch/artifact_manifests/NGC_4478__F150W__F115W__c3bc4f463505_result_artifacts.json"",""artifacts"":[{""exists"":true,""fits_valid"":true,""mtime_ns"":1784666653791091936,""mtime_utc"":""2026-07-21T20:44:13.791+00:00"",""name"":""clean_model_fits"",""ok"":true,""path"":""/Users/zuha/Desktop/FKI/4 курс 2025-2026/course_work-SBF/runs/sbf3_go3055_go7763/products/NGC_4478/F150W__F115W/c3bc4f463505/jw07763-o017_t017_nircam_clear-f150w_i2d_01_модель_чистая.fits"",""relative_path"":""jw07763-o017_t017_nircam_clear-f150w_i2d_01_модель_чистая.fits"",""sha256"":""e33742f248dbe004fb87fbe30883177bf255726da7904255c46f7fea35bee1aa"",""size_bytes"":173701440},{""exists"":true,""fits_valid"":true,""mtime_ns"":1784666653990979905,""mtime_utc"":""2026-07-21T20:44:13.990+00:00"",""name"":""clean_isophotes_fits"",""ok"":true,""path"":""/Users/zuha/Desktop/FKI/4 курс 2025-2026/course_work-SBF/runs/sbf3_go3055_go7763/products/NGC_4478/F150W__F115W/c3bc4f463505/jw07763-o017_t017_nircam_clear-f150w_i2d_02_изофоты_чистые.fits"",""relative_path"":""jw07763-o017_t017_nircam_clear-f150w_i2d_02_изофоты_чистые.fits"",""sha256"":""1ea2d1108c43f7fa917b673ca2b9441cb0d81dd6536c7f13b0a9420a6d58e391"",""size_bytes"":173701440},{""exists"":true,""fits_valid"":true,""mtime_ns"":1784666654177719667,""mtime_utc"":""2026-07-21T20:44:14.177+00:00"",""name"":""full_residual_fits"",""ok"":true,""path"":""/Users/zuha/Desktop/FKI/4 курс 2025-2026/course_work-SBF/runs/sbf3_go3055_go7763/products/NGC_4478/F150W__F115W/c3bc4f463505/jw07763-o017_t017_nircam_clear-f150w_i2d_03_остатки_общие.fits"",""relative_path"":""jw07763-o017_t017_nircam_clear-f150w_i2d_03_остатки_общие.fits"",""sha256"":""8263620944e33bdd4fe945f3fe572e4af79cd609ae6a1ae111a072a7ff933c1b"",""size_bytes"":173701440},{""exists"":true,""fits_valid"":true,""mtime_ns"":1784666654358604928,""mtime_utc"":""2026-07-21T20:44:14.358+00:00"",""name"":""working_residual_fits"",""ok"":true,""path"":""/Users/zuha/Desktop/FKI/4 курс 2025-2026/course_work-SBF/runs/sbf3_go3055_go7763/products/NGC_4478/F150W__F115W/c3bc4f463505/jw07763-o017_t017_nircam_clear-f150w_i2d_04_остатки_общие_рабочие.fits"",""relative_path"":""jw07763-o017_t017_nircam_clear-f150w_i2d_04_остатки_общие_рабочие.fits"",""sha256"":""4689fd17a33a7b8dfef22f16e6ecf8d7d132110eb5ec9329f85c37c5c67e4242"",""size_bytes"":173701440},{""exists"":true,""fits_valid"":true,""mtime_ns"":1784669756645369070,""mtime_utc"":""2026-07-21T21:35:56.645+00:00"",""name"":""working_annuli_residual_fits"",""ok"":true,""path"":""/Users/zuha/Desktop/FKI/4 курс 2025-2026/course_work-SBF/runs/sbf3_go3055_go7763/products/NGC_4478/F150W__F115W/c3bc4f463505/jw07763-o017_t017_nircam_clear-f150w_i2d_05_остатки_общие_рабочие_два_кольца.fits"",""relative_path"":""jw07763-o017_t017_nircam_clear-f150w_i2d_05_остатки_общие_рабочие_два_кольца.fits"",""sha256"":""2b86b18d9f9575ff91d396e8fa2c09ec4da8f5f150a54e328d9399e03c51232e"",""size_bytes"":173701440}],""target"":""NGC 4478""}"
2099,run-20260720T164920Z-5f8824d560b3-6a51d38a,job-0f71e30869646f89b188dd2b9812a22c24a5352994e2f90c82acba8e3da79a43,NGC 4479,,1784669761.5191119,INFO,JOB_STATE_CHANGED,,"{""from"":""PENDING"",""to"":""READY""}"
2100,run-20260720T164920Z-5f8824d560b3-6a51d38a,job-0f71e30869646f89b188dd2b9812a22c24a5352994e2f90c82acba8e3da79a43,NGC 4479,,1784669761.522634,INFO,INPUT_READY_INITIAL,,"{""inputs"":{""color"":{""expected_size_bytes"":1216258560,""filter"":""F115W"",""final_exists"":true,""final_fits_error"":null,""final_path"":""/Users/zuha/Desktop/FKI/4 курс 2025-2026/course_work-SBF/data/NGC 4479/jw07763-o037_t037_nircam_clear-f115w_i2d.fits"",""final_ready"":true,""final_size_bytes"":1216258560,""part_exists"":false,""part_metadata"":null,""part_metadata_error"":null,""part_path"":""/Users/zuha/Desktop/FKI/4 курс 2025-2026/course_work-SBF/data/NGC 4479/jw07763-o037_t037_nircam_clear-f115w_i2d.fits.part"",""part_size_bytes"":0,""restart_part_exists"":false,""restart_part_path"":""/Users/zuha/Desktop/FKI/4 курс 2025-2026/course_work-SBF/data/NGC 4479/jw07763-o037_t037_nircam_clear-f115w_i2d.fits.restart.part"",""restart_part_size_bytes"":0,""transfer_percent"":null},""signal"":{""expected_size_bytes"":1216258560,""filter"":""F150W"",""final_exists"":true,""final_fits_error"":null,""final_path"":""/Users/zuha/Desktop/FKI/4 курс 2025-2026/course_work-SBF/data/NGC 4479/jw07763-o037_t037_nircam_clear-f150w_i2d.fits"",""final_ready"":true,""final_size_bytes"":1216258560,""part_exists"":false,""part_metadata"":null,""part_metadata_error"":null,""part_path"":""/Users/zuha/Desktop/FKI/4 курс 2025-2026/course_work-SBF/data/NGC 4479/jw07763-o037_t037_nircam_clear-f150w_i2d.fits.part"",""part_size_bytes"":0,""restart_part_exists"":false,""restart_part_path"":""/Users/zuha/Desktop/FKI/4 курс 2025-2026/course_work-SBF/data/NGC 4479/jw07763-o037_t037_nircam_clear-f150w_i2d.fits.restart.part"",""restart_part_size_bytes"":0,""transfer_percent"":null}},""program"":""7763"",""target"":""NGC 4479""}"
2101,run-20260720T164920Z-5f8824d560b3-6a51d38a,job-0f71e30869646f89b188dd2b9812a22c24a5352994e2f90c82acba8e3da79a43,NGC 4479,,1784669761.650063,INFO,WORKER_START_REQUESTED,,"{""color_path"":""/Users/zuha/Desktop/FKI/4 курс 2025-2026/course_work-SBF/data/NGC 4479/jw07763-o037_t037_nircam_clear-f115w_i2d.fits"",""command"":[""/Users/zuha/Desktop/FKI/4 курс 2025-2026/course_work-SBF/astro_env/bin/python3"",""/Users/zuha/Desktop/FKI/4 курс 2025-2026/course_work-SBF/code/run_sbf_batch.py"",""--worker"",""--job-id"",""job-0f71e30869646f89b188dd2b9812a22c24a5352994e2f90c82acba8e3da79a43"",""--galaxy"",""NGC 4479"",""--signal"",""/Users/zuha/Desktop/FKI/4 курс 2025-2026/course_work-SBF/data/NGC 4479/jw07763-o037_t037_nircam_clear-f150w_i2d.fits"",""--color"",""/Users/zuha/Desktop/FKI/4 курс 2025-2026/course_work-SBF/data/NGC 4479/jw07763-o037_t037_nircam_clear-f115w_i2d.fits"",""--signal-filter"",""F150W"",""--color-filter"",""F115W"",""--template"",""/Users/zuha/Desktop/FKI/4 курс 2025-2026/course_work-SBF/code/sbf-3.ipynb"",""--batch-root"",""/Users/zuha/Desktop/FKI/4 курс 2025-2026/course_work-SBF/runs/sbf3_go3055_go7763/batch"",""--products-root"",""/Users/zuha/Desktop/FKI/4 курс 2025-2026/course_work-SBF/runs/sbf3_go3055_go7763/products""],""filters"":{""color"":""F115W"",""signal"":""F150W""},""program"":""7763"",""signal_path"":""/Users/zuha/Desktop/FKI/4 курс 2025-2026/course_work-SBF/data/NGC 4479/jw07763-o037_t037_nircam_clear-f150w_i2d.fits"",""target"":""NGC 4479""}"
2102,run-20260720T164920Z-5f8824d560b3-6a51d38a,job-0f71e30869646f89b188dd2b9812a22c24a5352994e2f90c82acba8e3da79a43,NGC 4479,,1784669761.650553,INFO,JOB_STATE_CHANGED,,"{""from"":""READY"",""to"":""RUNNING""}"
2103,run-20260720T164920Z-5f8824d560b3-6a51d38a,job-0f71e30869646f89b188dd2b9812a22c24a5352994e2f90c82acba8e3da79a43,NGC 4479,154,1784669761.6551511,INFO,ATTEMPT_STARTED,,"{""attempt_no"":1,""pid"":95402}"
2104,run-20260720T164920Z-5f8824d560b3-6a51d38a,job-0f71e30869646f89b188dd2b9812a22c24a5352994e2f90c82acba8e3da79a43,NGC 4479,154,1784670241.783862,INFO,WORKER_SUPERVISION_ENDED,,"{""completed"":true,""detail"":null,""duration_seconds"":480.1452674579341,""ended_monotonic"":525032.234407416,""last_sample"":{""available_ram_bytes"":12956008448,""collector"":""psutil"",""disk"":{""free_bytes"":165568589824,""free_gib"":154.1977653503418,""path"":""/Users/zuha/Desktop/FKI/4 курс 2025-2026/course_work-SBF/data"",""total_bytes"":994662584320,""total_gib"":926.3517189025879,""used_bytes"":829093994496,""used_gib"":772.1539535522461},""disk_free_bytes"":165568589824,""monotonic"":525002.224151166,""pid"":95402,""swap"":{""free_bytes"":944242688,""free_gib"":0.87939453125,""percent"":94.8,""total_bytes"":18253611008,""total_gib"":17.0,""used_bytes"":17309368320,""used_gib"":16.12060546875},""swap_used_bytes"":17309368320,""system_ram"":{""available_bytes"":12956008448,""available_gib"":12.06622314453125,""percent"":62.3,""total_bytes"":34359738368,""total_gib"":32.0,""used_bytes"":13701513216,""used_gib"":12.760528564453125},""timestamp_utc"":""2026-07-21T21:43:31.765+00:00"",""worker"":{""child_count"":1,""children_rss_bytes"":14532608,""children_rss_gib"":0.0135345458984375,""pid"":95402,""rss_bytes"":7298023424,""rss_gib"":6.79681396484375,""status"":""sleeping"",""total_rss_bytes"":7312556032,""total_rss_gib"":6.8103485107421875},""worker_children_rss_bytes"":14532608,""worker_rss_bytes"":7298023424,""worker_total_rss_bytes"":7312556032},""ok"":false,""reason"":""completed"",""returncode"":1,""sample_count"":16,""signal_name"":null,""started_monotonic"":524552.089139958,""termination"":null}"
2105,run-20260720T164920Z-5f8824d560b3-6a51d38a,job-0f71e30869646f89b188dd2b9812a22c24a5352994e2f90c82acba8e3da79a43,NGC 4479,154,1784670241.789804,ERROR,ATTEMPT_ENDED,worker exited 1; required artifacts are absent or invalid,"{""exit_code"":1,""state"":""FAILED""}"
2106,run-20260720T164920Z-5f8824d560b3-6a51d38a,job-0f71e30869646f89b188dd2b9812a22c24a5352994e2f90c82acba8e3da79a43,NGC 4479,,1784670241.798636,INFO,JOB_STATE_CHANGED,worker exited 1; required artifacts are absent or invalid,"{""from"":""RUNNING"",""to"":""RETRY_WAIT""}"
2107,run-20260720T164920Z-5f8824d560b3-6a51d38a,job-88bf47d29c54d349bd532b1fe6f83f185712e0294ca5b319f5dae199bdfa01ce,NGC 4482,,1784670241.8591518,INFO,JOB_STATE_CHANGED,,"{""from"":""PENDING"",""to"":""READY""}"
2108,run-20260720T164920Z-5f8824d560b3-6a51d38a,job-88bf47d29c54d349bd532b1fe6f83f185712e0294ca5b319f5dae199bdfa01ce,NGC 4482,,1784670241.86331,INFO,INPUT_READY_INITIAL,,"{""inputs"":{""color"":{""expected_size_bytes"":1216258560,""filter"":""F115W"",""final_exists"":true,""final_fits_error"":null,""final_path"":""/Users/zuha/Desktop/FKI/4 курс 2025-2026/course_work-SBF/data/NGC 4482/jw07763-o041_t041_nircam_clear-f115w_i2d.fits"",""final_ready"":true,""final_size_bytes"":1216258560,""part_exists"":false,""part_metadata"":null,""part_metadata_error"":null,""part_path"":""/Users/zuha/Desktop/FKI/4 курс 2025-2026/course_work-SBF/data/NGC 4482/jw07763-o041_t041_nircam_clear-f115w_i2d.fits.part"",""part_size_bytes"":0,""restart_part_exists"":false,""restart_part_path"":""/Users/zuha/Desktop/FKI/4 курс 2025-2026/course_work-SBF/data/NGC 4482/jw07763-o041_t041_nircam_clear-f115w_i2d.fits.restart.part"",""restart_part_size_bytes"":0,""transfer_percent"":null},""signal"":{""expected_size_bytes"":1215855360,""filter"":""F150W"",""final_exists"":true,""final_fits_error"":null,""final_path"":""/Users/zuha/Desktop/FKI/4 курс 2025-2026/course_work-SBF/data/NGC 4482/jw07763-o041_t041_nircam_clear-f150w_i2d.fits"",""final_ready"":true,""final_size_bytes"":1215855360,""part_exists"":false,""part_metadata"":null,""part_metadata_error"":null,""part_path"":""/Users/zuha/Desktop/FKI/4 курс 2025-2026/course_work-SBF/data/NGC 4482/jw07763-o041_t041_nircam_clear-f150w_i2d.fits.part"",""part_size_bytes"":0,""restart_part_exists"":false,""restart_part_path"":""/Users/zuha/Desktop/FKI/4 курс 2025-2026/course_work-SBF/data/NGC 4482/jw07763-o041_t041_nircam_clear-f150w_i2d.fits.restart.part"",""restart_part_size_bytes"":0,""transfer_percent"":null}},""program"":""7763"",""target"":""NGC 4482""}"
2109,run-20260720T164920Z-5f8824d560b3-6a51d38a,job-88bf47d29c54d349bd532b1fe6f83f185712e0294ca5b319f5dae199bdfa01ce,NGC 4482,,1784670241.957896,INFO,WORKER_START_REQUESTED,,"{""color_path"":""/Users/zuha/Desktop/FKI/4 курс 2025-2026/course_work-SBF/data/NGC 4482/jw07763-o041_t041_nircam_clear-f115w_i2d.fits"",""command"":[""/Users/zuha/Desktop/FKI/4 курс 2025-2026/course_work-SBF/astro_env/bin/python3"",""/Users/zuha/Desktop/FKI/4 курс 2025-2026/course_work-SBF/code/run_sbf_batch.py"",""--worker"",""--job-id"",""job-88bf47d29c54d349bd532b1fe6f83f185712e0294ca5b319f5dae199bdfa01ce"",""--galaxy"",""NGC 4482"",""--signal"",""/Users/zuha/Desktop/FKI/4 курс 2025-2026/course_work-SBF/data/NGC 4482/jw07763-o041_t041_nircam_clear-f150w_i2d.fits"",""--color"",""/Users/zuha/Desktop/FKI/4 курс 2025-2026/course_work-SBF/data/NGC 4482/jw07763-o041_t041_nircam_clear-f115w_i2d.fits"",""--signal-filter"",""F150W"",""--color-filter"",""F115W"",""--template"",""/Users/zuha/Desktop/FKI/4 курс 2025-2026/course_work-SBF/code/sbf-3.ipynb"",""--batch-root"",""/Users/zuha/Desktop/FKI/4 курс 2025-2026/course_work-SBF/runs/sbf3_go3055_go7763/batch"",""--products-root"",""/Users/zuha/Desktop/FKI/4 курс 2025-2026/course_work-SBF/runs/sbf3_go3055_go7763/products""],""filters"":{""color"":""F115W"",""signal"":""F150W""},""program"":""7763"",""signal_path"":""/Users/zuha/Desktop/FKI/4 курс 2025-2026/course_work-SBF/data/NGC 4482/jw07763-o041_t041_nircam_clear-f150w_i2d.fits"",""target"":""NGC 4482""}"
2110,run-20260720T164920Z-5f8824d560b3-6a51d38a,job-88bf47d29c54d349bd532b1fe6f83f185712e0294ca5b319f5dae199bdfa01ce,NGC 4482,,1784670241.958903,INFO,JOB_STATE_CHANGED,,"{""from"":""READY"",""to"":""RUNNING""}"
2111,run-20260720T164920Z-5f8824d560b3-6a51d38a,job-88bf47d29c54d349bd532b1fe6f83f185712e0294ca5b319f5dae199bdfa01ce,NGC 4482,155,1784670241.962773,INFO,ATTEMPT_STARTED,,"{""attempt_no"":1,""pid"":97128}"
2112,run-20260720T164920Z-5f8824d560b3-6a51d38a,job-88bf47d29c54d349bd532b1fe6f83f185712e0294ca5b319f5dae199bdfa01ce,NGC 4482,155,1784674143.0121741,INFO,WORKER_SUPERVISION_ENDED,,"{""completed"":true,""detail"":null,""duration_seconds"":3901.2631732498994,""ended_monotonic"":528933.687389458,""last_sample"":{""available_ram_bytes"":10481614848,""collector"":""psutil"",""disk"":{""free_bytes"":164722532352,""free_gib"":153.4098129272461,""path"":""/Users/zuha/Desktop/FKI/4 курс 2025-2026/course_work-SBF/data"",""total_bytes"":994662584320,""total_gib"":926.3517189025879,""used_bytes"":829940051968,""used_gib"":772.9419059753418},""disk_free_bytes"":164722532352,""monotonic"":528903.677065416,""pid"":97128,""swap"":{""free_bytes"":969408512,""free_gib"":0.90283203125,""percent"":94.7,""total_bytes"":18253611008,""total_gib"":17.0,""used_bytes"":17284202496,""used_gib"":16.09716796875},""swap_used_bytes"":17284202496,""system_ram"":{""available_bytes"":10481614848,""available_gib"":9.761764526367188,""percent"":69.5,""total_bytes"":34359738368,""total_gib"":32.0,""used_bytes"":10823745536,""used_gib"":10.080398559570312},""timestamp_utc"":""2026-07-21T22:48:32.996+00:00"",""worker"":{""child_count"":1,""children_rss_bytes"":5439488,""children_rss_gib"":0.00506591796875,""pid"":97128,""rss_bytes"":6494584832,""rss_gib"":6.048553466796875,""status"":""sleeping"",""total_rss_bytes"":6500024320,""total_rss_gib"":6.053619384765625},""worker_children_rss_bytes"":5439488,""worker_rss_bytes"":6494584832,""worker_total_rss_bytes"":6500024320},""ok"":true,""reason"":""completed"",""returncode"":0,""sample_count"":130,""signal_name"":null,""started_monotonic"":525032.424216208,""termination"":null}"
2113,run-20260720T164920Z-5f8824d560b3-6a51d38a,job-88bf47d29c54d349bd532b1fe6f83f185712e0294ca5b319f5dae199bdfa01ce,NGC 4482,,1784674143.4853818,INFO,JOB_STATE_CHANGED,,"{""from"":""RUNNING"",""to"":""VERIFYING""}"
2114,run-20260720T164920Z-5f8824d560b3-6a51d38a,job-88bf47d29c54d349bd532b1fe6f83f185712e0294ca5b319f5dae199bdfa01ce,NGC 4482,155,1784674143.48771,INFO,ARTIFACT_RECORDED,,"{""artifact_id"":221,""kind"":""clean_model_fits"",""path"":""/Users/zuha/Desktop/FKI/4 курс 2025-2026/course_work-SBF/runs/sbf3_go3055_go7763/products/NGC_4482/F150W__F115W/88bf47d29c54/jw07763-o041_t041_nircam_clear-f150w_i2d_01_модель_чистая.fits"",""verified"":true}"
2115,run-20260720T164920Z-5f8824d560b3-6a51d38a,job-88bf47d29c54d349bd532b1fe6f83f185712e0294ca5b319f5dae199bdfa01ce,NGC 4482,155,1784674143.490232,INFO,ARTIFACT_RECORDED,,"{""artifact_id"":222,""kind"":""clean_isophotes_fits"",""path"":""/Users/zuha/Desktop/FKI/4 курс 2025-2026/course_work-SBF/runs/sbf3_go3055_go7763/products/NGC_4482/F150W__F115W/88bf47d29c54/jw07763-o041_t041_nircam_clear-f150w_i2d_02_изофоты_чистые.fits"",""verified"":true}"
2116,run-20260720T164920Z-5f8824d560b3-6a51d38a,job-88bf47d29c54d349bd532b1fe6f83f185712e0294ca5b319f5dae199bdfa01ce,NGC 4482,155,1784674143.491586,INFO,ARTIFACT_RECORDED,,"{""artifact_id"":223,""kind"":""full_residual_fits"",""path"":""/Users/zuha/Desktop/FKI/4 курс 2025-2026/course_work-SBF/runs/sbf3_go3055_go7763/products/NGC_4482/F150W__F115W/88bf47d29c54/jw07763-o041_t041_nircam_clear-f150w_i2d_03_остатки_общие.fits"",""verified"":true}"
2117,run-20260720T164920Z-5f8824d560b3-6a51d38a,job-88bf47d29c54d349bd532b1fe6f83f185712e0294ca5b319f5dae199bdfa01ce,NGC 4482,155,1784674143.4927711,INFO,ARTIFACT_RECORDED,,"{""artifact_id"":224,""kind"":""working_residual_fits"",""path"":""/Users/zuha/Desktop/FKI/4 курс 2025-2026/course_work-SBF/runs/sbf3_go3055_go7763/products/NGC_4482/F150W__F115W/88bf47d29c54/jw07763-o041_t041_nircam_clear-f150w_i2d_04_остатки_общие_рабочие.fits"",""verified"":true}"
2118,run-20260720T164920Z-5f8824d560b3-6a51d38a,job-88bf47d29c54d349bd532b1fe6f83f185712e0294ca5b319f5dae199bdfa01ce,NGC 4482,155,1784674143.493824,INFO,ARTIFACT_RECORDED,,"{""artifact_id"":225,""kind"":""working_annuli_residual_fits"",""path"":""/Users/zuha/Desktop/FKI/4 курс 2025-2026/course_work-SBF/runs/sbf3_go3055_go7763/products/NGC_4482/F150W__F115W/88bf47d29c54/jw07763-o041_t041_nircam_clear-f150w_i2d_05_остатки_общие_рабочие_два_кольца.fits"",""verified"":true}"
2119,run-20260720T164920Z-5f8824d560b3-6a51d38a,job-88bf47d29c54d349bd532b1fe6f83f185712e0294ca5b319f5dae199bdfa01ce,NGC 4482,155,1784674143.4948559,INFO,ATTEMPT_ENDED,,"{""exit_code"":0,""state"":""SUCCEEDED""}"
2120,run-20260720T164920Z-5f8824d560b3-6a51d38a,job-88bf47d29c54d349bd532b1fe6f83f185712e0294ca5b319f5dae199bdfa01ce,NGC 4482,,1784674143.495836,INFO,JOB_STATE_CHANGED,,"{""from"":""VERIFYING"",""to"":""SUCCEEDED""}"
2121,run-20260720T164920Z-5f8824d560b3-6a51d38a,job-88bf47d29c54d349bd532b1fe6f83f185712e0294ca5b319f5dae199bdfa01ce,NGC 4482,155,1784674143.498795,INFO,ARTIFACTS_VERIFIED,,"{""artifact_count"":5,""artifact_manifest_path"":""/Users/zuha/Desktop/FKI/4 курс 2025-2026/course_work-SBF/runs/sbf3_go3055_go7763/batch/artifact_manifests/NGC_4482__F150W__F115W__88bf47d29c54_result_artifacts.json"",""artifacts"":[{""exists"":true,""fits_valid"":true,""mtime_ns"":1784671220561089546,""mtime_utc"":""2026-07-21T22:00:20.561+00:00"",""name"":""clean_model_fits"",""ok"":true,""path"":""/Users/zuha/Desktop/FKI/4 курс 2025-2026/course_work-SBF/runs/sbf3_go3055_go7763/products/NGC_4482/F150W__F115W/88bf47d29c54/jw07763-o041_t041_nircam_clear-f150w_i2d_01_модель_чистая.fits"",""relative_path"":""jw07763-o041_t041_nircam_clear-f150w_i2d_01_модель_чистая.fits"",""sha256"":""85148e7c3cfcc67dc30e44c313e52fc6d4594da76fae5aebdb5286da8786e222"",""size_bytes"":173661120},{""exists"":true,""fits_valid"":true,""mtime_ns"":1784671220759917368,""mtime_utc"":""2026-07-21T22:00:20.759+00:00"",""name"":""clean_isophotes_fits"",""ok"":true,""path"":""/Users/zuha/Desktop/FKI/4 курс 2025-2026/course_work-SBF/runs/sbf3_go3055_go7763/products/NGC_4482/F150W__F115W/88bf47d29c54/jw07763-o041_t041_nircam_clear-f150w_i2d_02_изофоты_чистые.fits"",""relative_path"":""jw07763-o041_t041_nircam_clear-f150w_i2d_02_изофоты_чистые.fits"",""sha256"":""0042374d1911a7d59b36f75d546bed355a55343df0eb76b346370737207313b4"",""size_bytes"":173661120},{""exists"":true,""fits_valid"":true,""mtime_ns"":1784671220958563074,""mtime_utc"":""2026-07-21T22:00:20.958+00:00"",""name"":""full_residual_fits"",""ok"":true,""path"":""/Users/zuha/Desktop/FKI/4 курс 2025-2026/course_work-SBF/runs/sbf3_go3055_go7763/products/NGC_4482/F150W__F115W/88bf47d29c54/jw07763-o041_t041_nircam_clear-f150w_i2d_03_остатки_общие.fits"",""relative_path"":""jw07763-o041_t041_nircam_clear-f150w_i2d_03_остатки_общие.fits"",""sha256"":""87a3b5b9778fb8caf997b207791ab9fdebd84ad16262e1df477352e9e28c2bb3"",""size_bytes"":173661120},{""exists"":true,""fits_valid"":true,""mtime_ns"":1784671221147172979,""mtime_utc"":""2026-07-21T22:00:21.147+00:00"",""name"":""working_residual_fits"",""ok"":true,""path"":""/Users/zuha/Desktop/FKI/4 курс 2025-2026/course_work-SBF/runs/sbf3_go3055_go7763/products/NGC_4482/F150W__F115W/88bf47d29c54/jw07763-o041_t041_nircam_clear-f150w_i2d_04_остатки_общие_рабочие.fits"",""relative_path"":""jw07763-o041_t041_nircam_clear-f150w_i2d_04_остатки_общие_рабочие.fits"",""sha256"":""afe21854b86b184c6b14fdb31ea6f5204559fb49950645ee8a14fa70625b07e1"",""size_bytes"":173661120},{""exists"":true,""fits_valid"":true,""mtime_ns"":1784674115304581741,""mtime_utc"":""2026-07-21T22:48:35.304+00:00"",""name"":""working_annuli_residual_fits"",""ok"":true,""path"":""/Users/zuha/Desktop/FKI/4 курс 2025-2026/course_work-SBF/runs/sbf3_go3055_go7763/products/NGC_4482/F150W__F115W/88bf47d29c54/jw07763-o041_t041_nircam_clear-f150w_i2d_05_остатки_общие_рабочие_два_кольца.fits"",""relative_path"":""jw07763-o041_t041_nircam_clear-f150w_i2d_05_остатки_общие_рабочие_два_кольца.fits"",""sha256"":""a1066d42cf1ddc837376a8a504b01756fb4b89a43081e5a1362db385b58df00a"",""size_bytes"":173661120}],""target"":""NGC 4482""}"
2122,run-20260720T164920Z-5f8824d560b3-6a51d38a,job-1ad0a1afd84749d1ac1d6051190856526ea027d4b92736a12f0aa8f8b413037c,NGC4486A,,1784674143.545922,INFO,JOB_STATE_CHANGED,,"{""from"":""PENDING"",""to"":""READY""}"
2123,run-20260720T164920Z-5f8824d560b3-6a51d38a,job-1ad0a1afd84749d1ac1d6051190856526ea027d4b92736a12f0aa8f8b413037c,NGC4486A,,1784674143.550143,INFO,INPUT_READY_INITIAL,,"{""inputs"":{""color"":{""expected_size_bytes"":1216261440,""filter"":""F115W"",""final_exists"":true,""final_fits_error"":null,""final_path"":""/Users/zuha/Desktop/FKI/4 курс 2025-2026/course_work-SBF/data/NGC4486A/jw07763-o034_t034_nircam_clear-f115w_i2d.fits"",""final_ready"":true,""final_size_bytes"":1216261440,""part_exists"":false,""part_metadata"":null,""part_metadata_error"":null,""part_path"":""/Users/zuha/Desktop/FKI/4 курс 2025-2026/course_work-SBF/data/NGC4486A/jw07763-o034_t034_nircam_clear-f115w_i2d.fits.part"",""part_size_bytes"":0,""restart_part_exists"":false,""restart_part_path"":""/Users/zuha/Desktop/FKI/4 курс 2025-2026/course_work-SBF/data/NGC4486A/jw07763-o034_t034_nircam_clear-f115w_i2d.fits.restart.part"",""restart_part_size_bytes"":0,""transfer_percent"":null},""signal"":{""expected_size_bytes"":1216258560,""filter"":""F150W"",""final_exists"":true,""final_fits_error"":null,""final_path"":""/Users/zuha/Desktop/FKI/4 курс 2025-2026/course_work-SBF/data/NGC4486A/jw07763-o034_t034_nircam_clear-f150w_i2d.fits"",""final_ready"":true,""final_size_bytes"":1216258560,""part_exists"":false,""part_metadata"":null,""part_metadata_error"":null,""part_path"":""/Users/zuha/Desktop/FKI/4 курс 2025-2026/course_work-SBF/data/NGC4486A/jw07763-o034_t034_nircam_clear-f150w_i2d.fits.part"",""part_size_bytes"":0,""restart_part_exists"":false,""restart_part_path"":""/Users/zuha/Desktop/FKI/4 курс 2025-2026/course_work-SBF/data/NGC4486A/jw07763-o034_t034_nircam_clear-f150w_i2d.fits.restart.part"",""restart_part_size_bytes"":0,""transfer_percent"":null}},""program"":""7763"",""target"":""NGC4486A""}"
2124,run-20260720T164920Z-5f8824d560b3-6a51d38a,job-1ad0a1afd84749d1ac1d6051190856526ea027d4b92736a12f0aa8f8b413037c,NGC4486A,,1784674143.666983,INFO,WORKER_START_REQUESTED,,"{""color_path"":""/Users/zuha/Desktop/FKI/4 курс 2025-2026/course_work-SBF/data/NGC4486A/jw07763-o034_t034_nircam_clear-f115w_i2d.fits"",""command"":[""/Users/zuha/Desktop/FKI/4 курс 2025-2026/course_work-SBF/astro_env/bin/python3"",""/Users/zuha/Desktop/FKI/4 курс 2025-2026/course_work-SBF/code/run_sbf_batch.py"",""--worker"",""--job-id"",""job-1ad0a1afd84749d1ac1d6051190856526ea027d4b92736a12f0aa8f8b413037c"",""--galaxy"",""NGC4486A"",""--signal"",""/Users/zuha/Desktop/FKI/4 курс 2025-2026/course_work-SBF/data/NGC4486A/jw07763-o034_t034_nircam_clear-f150w_i2d.fits"",""--color"",""/Users/zuha/Desktop/FKI/4 курс 2025-2026/course_work-SBF/data/NGC4486A/jw07763-o034_t034_nircam_clear-f115w_i2d.fits"",""--signal-filter"",""F150W"",""--color-filter"",""F115W"",""--template"",""/Users/zuha/Desktop/FKI/4 курс 2025-2026/course_work-SBF/code/sbf-3.ipynb"",""--batch-root"",""/Users/zuha/Desktop/FKI/4 курс 2025-2026/course_work-SBF/runs/sbf3_go3055_go7763/batch"",""--products-root"",""/Users/zuha/Desktop/FKI/4 курс 2025-2026/course_work-SBF/runs/sbf3_go3055_go7763/products""],""filters"":{""color"":""F115W"",""signal"":""F150W""},""program"":""7763"",""signal_path"":""/Users/zuha/Desktop/FKI/4 курс 2025-2026/course_work-SBF/data/NGC4486A/jw07763-o034_t034_nircam_clear-f150w_i2d.fits"",""target"":""NGC4486A""}"
2125,run-20260720T164920Z-5f8824d560b3-6a51d38a,job-1ad0a1afd84749d1ac1d6051190856526ea027d4b92736a12f0aa8f8b413037c,NGC4486A,,1784674143.667479,INFO,JOB_STATE_CHANGED,,"{""from"":""READY"",""to"":""RUNNING""}"
2126,run-20260720T164920Z-5f8824d560b3-6a51d38a,job-1ad0a1afd84749d1ac1d6051190856526ea027d4b92736a12f0aa8f8b413037c,NGC4486A,156,1784674143.673544,INFO,ATTEMPT_STARTED,,"{""attempt_no"":1,""pid"":11777}"
2127,run-20260720T164920Z-5f8824d560b3-6a51d38a,job-1ad0a1afd84749d1ac1d6051190856526ea027d4b92736a12f0aa8f8b413037c,NGC4486A,156,1784674353.736063,INFO,WORKER_SUPERVISION_ENDED,,"{""completed"":true,""detail"":null,""duration_seconds"":210.07045366696548,""ended_monotonic"":529144.427882875,""last_sample"":{""available_ram_bytes"":13097893888,""collector"":""psutil"",""disk"":{""free_bytes"":164498833408,""free_gib"":153.20147705078125,""path"":""/Users/zuha/Desktop/FKI/4 курс 2025-2026/course_work-SBF/data"",""total_bytes"":994662584320,""total_gib"":926.3517189025879,""used_bytes"":830163750912,""used_gib"":773.1502418518066},""disk_free_bytes"":164498833408,""monotonic"":529114.41781325,""pid"":11777,""swap"":{""free_bytes"":969408512,""free_gib"":0.90283203125,""percent"":94.7,""total_bytes"":18253611008,""total_gib"":17.0,""used_bytes"":17284202496,""used_gib"":16.09716796875},""swap_used_bytes"":17284202496,""system_ram"":{""available_bytes"":13097893888,""available_gib"":12.1983642578125,""percent"":61.9,""total_bytes"":34359738368,""total_gib"":32.0,""used_bytes"":13512065024,""used_gib"":12.584091186523438},""timestamp_utc"":""2026-07-21T22:52:03.724+00:00"",""worker"":{""child_count"":1,""children_rss_bytes"":15155200,""children_rss_gib"":0.0141143798828125,""pid"":11777,""rss_bytes"":7325384704,""rss_gib"":6.822296142578125,""status"":""sleeping"",""total_rss_bytes"":7340539904,""total_rss_gib"":6.8364105224609375},""worker_children_rss_bytes"":15155200,""worker_rss_bytes"":7325384704,""worker_total_rss_bytes"":7340539904},""ok"":false,""reason"":""completed"",""returncode"":1,""sample_count"":7,""signal_name"":null,""started_monotonic"":528934.357429208,""termination"":null}"
2128,run-20260720T164920Z-5f8824d560b3-6a51d38a,job-1ad0a1afd84749d1ac1d6051190856526ea027d4b92736a12f0aa8f8b413037c,NGC4486A,156,1784674353.739135,ERROR,ATTEMPT_ENDED,worker exited 1; required artifacts are absent or invalid,"{""exit_code"":1,""state"":""FAILED""}"
2129,run-20260720T164920Z-5f8824d560b3-6a51d38a,job-1ad0a1afd84749d1ac1d6051190856526ea027d4b92736a12f0aa8f8b413037c,NGC4486A,,1784674353.7444701,INFO,JOB_STATE_CHANGED,worker exited 1; required artifacts are absent or invalid,"{""from"":""RUNNING"",""to"":""RETRY_WAIT""}"
2130,run-20260720T164920Z-5f8824d560b3-6a51d38a,job-f51f97e72b9bb8c3f92bc5db867dddc43bf64ae532e6a2c0264ab53ea20803a4,NGC4486B,,1784674353.8070168,INFO,JOB_STATE_CHANGED,,"{""from"":""PENDING"",""to"":""READY""}"
2131,run-20260720T164920Z-5f8824d560b3-6a51d38a,job-f51f97e72b9bb8c3f92bc5db867dddc43bf64ae532e6a2c0264ab53ea20803a4,NGC4486B,,1784674353.812316,INFO,INPUT_READY_INITIAL,,"{""inputs"":{""color"":{""expected_size_bytes"":1216140480,""filter"":""F115W"",""final_exists"":true,""final_fits_error"":null,""final_path"":""/Users/zuha/Desktop/FKI/4 курс 2025-2026/course_work-SBF/data/NGC4486B/jw07763-o044_t044_nircam_clear-f115w_i2d.fits"",""final_ready"":true,""final_size_bytes"":1216140480,""part_exists"":false,""part_metadata"":null,""part_metadata_error"":null,""part_path"":""/Users/zuha/Desktop/FKI/4 курс 2025-2026/course_work-SBF/data/NGC4486B/jw07763-o044_t044_nircam_clear-f115w_i2d.fits.part"",""part_size_bytes"":0,""restart_part_exists"":false,""restart_part_path"":""/Users/zuha/Desktop/FKI/4 курс 2025-2026/course_work-SBF/data/NGC4486B/jw07763-o044_t044_nircam_clear-f115w_i2d.fits.restart.part"",""restart_part_size_bytes"":0,""transfer_percent"":null},""signal"":{""expected_size_bytes"":1216258560,""filter"":""F150W"",""final_exists"":true,""final_fits_error"":null,""final_path"":""/Users/zuha/Desktop/FKI/4 курс 2025-2026/course_work-SBF/data/NGC4486B/jw07763-o044_t044_nircam_clear-f150w_i2d.fits"",""final_ready"":true,""final_size_bytes"":1216258560,""part_exists"":false,""part_metadata"":null,""part_metadata_error"":null,""part_path"":""/Users/zuha/Desktop/FKI/4 курс 2025-2026/course_work-SBF/data/NGC4486B/jw07763-o044_t044_nircam_clear-f150w_i2d.fits.part"",""part_size_bytes"":0,""restart_part_exists"":false,""restart_part_path"":""/Users/zuha/Desktop/FKI/4 курс 2025-2026/course_work-SBF/data/NGC4486B/jw07763-o044_t044_nircam_clear-f150w_i2d.fits.restart.part"",""restart_part_size_bytes"":0,""transfer_percent"":null}},""program"":""7763"",""target"":""NGC4486B""}"
2132,run-20260720T164920Z-5f8824d560b3-6a51d38a,job-f51f97e72b9bb8c3f92bc5db867dddc43bf64ae532e6a2c0264ab53ea20803a4,NGC4486B,,1784674353.9107609,INFO,WORKER_START_REQUESTED,,"{""color_path"":""/Users/zuha/Desktop/FKI/4 курс 2025-2026/course_work-SBF/data/NGC4486B/jw07763-o044_t044_nircam_clear-f115w_i2d.fits"",""command"":[""/Users/zuha/Desktop/FKI/4 курс 2025-2026/course_work-SBF/astro_env/bin/python3"",""/Users/zuha/Desktop/FKI/4 курс 2025-2026/course_work-SBF/code/run_sbf_batch.py"",""--worker"",""--job-id"",""job-f51f97e72b9bb8c3f92bc5db867dddc43bf64ae532e6a2c0264ab53ea20803a4"",""--galaxy"",""NGC4486B"",""--signal"",""/Users/zuha/Desktop/FKI/4 курс 2025-2026/course_work-SBF/data/NGC4486B/jw07763-o044_t044_nircam_clear-f150w_i2d.fits"",""--color"",""/Users/zuha/Desktop/FKI/4 курс 2025-2026/course_work-SBF/data/NGC4486B/jw07763-o044_t044_nircam_clear-f115w_i2d.fits"",""--signal-filter"",""F150W"",""--color-filter"",""F115W"",""--template"",""/Users/zuha/Desktop/FKI/4 курс 2025-2026/course_work-SBF/code/sbf-3.ipynb"",""--batch-root"",""/Users/zuha/Desktop/FKI/4 курс 2025-2026/course_work-SBF/runs/sbf3_go3055_go7763/batch"",""--products-root"",""/Users/zuha/Desktop/FKI/4 курс 2025-2026/course_work-SBF/runs/sbf3_go3055_go7763/products""],""filters"":{""color"":""F115W"",""signal"":""F150W""},""program"":""7763"",""signal_path"":""/Users/zuha/Desktop/FKI/4 курс 2025-2026/course_work-SBF/data/NGC4486B/jw07763-o044_t044_nircam_clear-f150w_i2d.fits"",""target"":""NGC4486B""}"
2133,run-20260720T164920Z-5f8824d560b3-6a51d38a,job-f51f97e72b9bb8c3f92bc5db867dddc43bf64ae532e6a2c0264ab53ea20803a4,NGC4486B,,1784674353.911339,INFO,JOB_STATE_CHANGED,,"{""from"":""READY"",""to"":""RUNNING""}"
2134,run-20260720T164920Z-5f8824d560b3-6a51d38a,job-f51f97e72b9bb8c3f92bc5db867dddc43bf64ae532e6a2c0264ab53ea20803a4,NGC4486B,157,1784674353.9154549,INFO,ATTEMPT_STARTED,,"{""attempt_no"":1,""pid"":12541}"
2135,run-20260720T164920Z-5f8824d560b3-6a51d38a,job-f51f97e72b9bb8c3f92bc5db867dddc43bf64ae532e6a2c0264ab53ea20803a4,NGC4486B,157,1784677925.387539,INFO,WORKER_SUPERVISION_ENDED,,"{""completed"":true,""detail"":null,""duration_seconds"":3570.999643750023,""ended_monotonic"":532715.611136666,""last_sample"":{""available_ram_bytes"":9347383296,""collector"":""psutil"",""disk"":{""free_bytes"":162131554304,""free_gib"":150.99677658081055,""path"":""/Users/zuha/Desktop/FKI/4 курс 2025-2026/course_work-SBF/data"",""total_bytes"":994662584320,""total_gib"":926.3517189025879,""used_bytes"":832531030016,""used_gib"":775.3549423217773},""disk_free_bytes"":162131554304,""monotonic"":532685.60584,""pid"":12541,""swap"":{""free_bytes"":1304952832,""free_gib"":1.21533203125,""percent"":92.9,""total_bytes"":18253611008,""total_gib"":17.0,""used_bytes"":16948658176,""used_gib"":15.78466796875},""swap_used_bytes"":16948658176,""system_ram"":{""available_bytes"":9347383296,""available_gib"":8.705429077148438,""percent"":72.8,""total_bytes"":34359738368,""total_gib"":32.0,""used_bytes"":10243833856,""used_gib"":9.540313720703125},""timestamp_utc"":""2026-07-21T23:51:35.374+00:00"",""worker"":{""child_count"":1,""children_rss_bytes"":5406720,""children_rss_gib"":0.005035400390625,""pid"":12541,""rss_bytes"":5406277632,""rss_gib"":5.0349884033203125,""status"":""sleeping"",""total_rss_bytes"":5411684352,""total_rss_gib"":5.0400238037109375},""worker_children_rss_bytes"":5406720,""worker_rss_bytes"":5406277632,""worker_total_rss_bytes"":5411684352},""ok"":true,""reason"":""completed"",""returncode"":0,""sample_count"":119,""signal_name"":null,""started_monotonic"":529144.611492916,""termination"":null}"
2136,run-20260720T164920Z-5f8824d560b3-6a51d38a,job-f51f97e72b9bb8c3f92bc5db867dddc43bf64ae532e6a2c0264ab53ea20803a4,NGC4486B,,1784677925.836166,INFO,JOB_STATE_CHANGED,,"{""from"":""RUNNING"",""to"":""VERIFYING""}"
2137,run-20260720T164920Z-5f8824d560b3-6a51d38a,job-f51f97e72b9bb8c3f92bc5db867dddc43bf64ae532e6a2c0264ab53ea20803a4,NGC4486B,157,1784677925.838159,INFO,ARTIFACT_RECORDED,,"{""artifact_id"":226,""kind"":""clean_model_fits"",""path"":""/Users/zuha/Desktop/FKI/4 курс 2025-2026/course_work-SBF/runs/sbf3_go3055_go7763/products/NGC4486B/F150W__F115W/f51f97e72b9b/jw07763-o044_t044_nircam_clear-f150w_i2d_01_модель_чистая.fits"",""verified"":true}"
2138,run-20260720T164920Z-5f8824d560b3-6a51d38a,job-f51f97e72b9bb8c3f92bc5db867dddc43bf64ae532e6a2c0264ab53ea20803a4,NGC4486B,157,1784677925.8399181,INFO,ARTIFACT_RECORDED,,"{""artifact_id"":227,""kind"":""clean_isophotes_fits"",""path"":""/Users/zuha/Desktop/FKI/4 курс 2025-2026/course_work-SBF/runs/sbf3_go3055_go7763/products/NGC4486B/F150W__F115W/f51f97e72b9b/jw07763-o044_t044_nircam_clear-f150w_i2d_02_изофоты_чистые.fits"",""verified"":true}"
2139,run-20260720T164920Z-5f8824d560b3-6a51d38a,job-f51f97e72b9bb8c3f92bc5db867dddc43bf64ae532e6a2c0264ab53ea20803a4,NGC4486B,157,1784677925.841161,INFO,ARTIFACT_RECORDED,,"{""artifact_id"":228,""kind"":""full_residual_fits"",""path"":""/Users/zuha/Desktop/FKI/4 курс 2025-2026/course_work-SBF/runs/sbf3_go3055_go7763/products/NGC4486B/F150W__F115W/f51f97e72b9b/jw07763-o044_t044_nircam_clear-f150w_i2d_03_остатки_общие.fits"",""verified"":true}"
2140,run-20260720T164920Z-5f8824d560b3-6a51d38a,job-f51f97e72b9bb8c3f92bc5db867dddc43bf64ae532e6a2c0264ab53ea20803a4,NGC4486B,157,1784677925.8445902,INFO,ARTIFACT_RECORDED,,"{""artifact_id"":229,""kind"":""working_residual_fits"",""path"":""/Users/zuha/Desktop/FKI/4 курс 2025-2026/course_work-SBF/runs/sbf3_go3055_go7763/products/NGC4486B/F150W__F115W/f51f97e72b9b/jw07763-o044_t044_nircam_clear-f150w_i2d_04_остатки_общие_рабочие.fits"",""verified"":true}"
2141,run-20260720T164920Z-5f8824d560b3-6a51d38a,job-f51f97e72b9bb8c3f92bc5db867dddc43bf64ae532e6a2c0264ab53ea20803a4,NGC4486B,157,1784677925.846262,INFO,ARTIFACT_RECORDED,,"{""artifact_id"":230,""kind"":""working_annuli_residual_fits"",""path"":""/Users/zuha/Desktop/FKI/4 курс 2025-2026/course_work-SBF/runs/sbf3_go3055_go7763/products/NGC4486B/F150W__F115W/f51f97e72b9b/jw07763-o044_t044_nircam_clear-f150w_i2d_05_остатки_общие_рабочие_два_кольца.fits"",""verified"":true}"
2142,run-20260720T164920Z-5f8824d560b3-6a51d38a,job-f51f97e72b9bb8c3f92bc5db867dddc43bf64ae532e6a2c0264ab53ea20803a4,NGC4486B,157,1784677925.848317,INFO,ATTEMPT_ENDED,,"{""exit_code"":0,""state"":""SUCCEEDED""}"
2143,run-20260720T164920Z-5f8824d560b3-6a51d38a,job-f51f97e72b9bb8c3f92bc5db867dddc43bf64ae532e6a2c0264ab53ea20803a4,NGC4486B,,1784677925.849271,INFO,JOB_STATE_CHANGED,,"{""from"":""VERIFYING"",""to"":""SUCCEEDED""}"
2144,run-20260720T164920Z-5f8824d560b3-6a51d38a,job-f51f97e72b9bb8c3f92bc5db867dddc43bf64ae532e6a2c0264ab53ea20803a4,NGC4486B,157,1784677925.852727,INFO,ARTIFACTS_VERIFIED,,"{""artifact_count"":5,""artifact_manifest_path"":""/Users/zuha/Desktop/FKI/4 курс 2025-2026/course_work-SBF/runs/sbf3_go3055_go7763/batch/artifact_manifests/NGC4486B__F150W__F115W__f51f97e72b9b_result_artifacts.json"",""artifacts"":[{""exists"":true,""fits_valid"":true,""mtime_ns"":1784674805089588344,""mtime_utc"":""2026-07-21T23:00:05.089+00:00"",""name"":""clean_model_fits"",""ok"":true,""path"":""/Users/zuha/Desktop/FKI/4 курс 2025-2026/course_work-SBF/runs/sbf3_go3055_go7763/products/NGC4486B/F150W__F115W/f51f97e72b9b/jw07763-o044_t044_nircam_clear-f150w_i2d_01_модель_чистая.fits"",""relative_path"":""jw07763-o044_t044_nircam_clear-f150w_i2d_01_модель_чистая.fits"",""sha256"":""4ec6bb347caed72619e31c263ee6d61bc7a5eab1cb46c764222eaa9764b8c280"",""size_bytes"":173718720},{""exists"":true,""fits_valid"":true,""mtime_ns"":1784674805295882864,""mtime_utc"":""2026-07-21T23:00:05.295+00:00"",""name"":""clean_isophotes_fits"",""ok"":true,""path"":""/Users/zuha/Desktop/FKI/4 курс 2025-2026/course_work-SBF/runs/sbf3_go3055_go7763/products/NGC4486B/F150W__F115W/f51f97e72b9b/jw07763-o044_t044_nircam_clear-f150w_i2d_02_изофоты_чистые.fits"",""relative_path"":""jw07763-o044_t044_nircam_clear-f150w_i2d_02_изофоты_чистые.fits"",""sha256"":""1531c4d7773635d81d22941d74c7af0f4339b9a4cf19c1d2ab1ef1c0874888f5"",""size_bytes"":173718720},{""exists"":true,""fits_valid"":true,""mtime_ns"":1784674805648968967,""mtime_utc"":""2026-07-21T23:00:05.648+00:00"",""name"":""full_residual_fits"",""ok"":true,""path"":""/Users/zuha/Desktop/FKI/4 курс 2025-2026/course_work-SBF/runs/sbf3_go3055_go7763/products/NGC4486B/F150W__F115W/f51f97e72b9b/jw07763-o044_t044_nircam_clear-f150w_i2d_03_остатки_общие.fits"",""relative_path"":""jw07763-o044_t044_nircam_clear-f150w_i2d_03_остатки_общие.fits"",""sha256"":""9b7db8426b0ebd6486891680d908c82268c0dd5ca2446f37eea40164380dbb75"",""size_bytes"":173718720},{""exists"":true,""fits_valid"":true,""mtime_ns"":1784674805843292504,""mtime_utc"":""2026-07-21T23:00:05.843+00:00"",""name"":""working_residual_fits"",""ok"":true,""path"":""/Users/zuha/Desktop/FKI/4 курс 2025-2026/course_work-SBF/runs/sbf3_go3055_go7763/products/NGC4486B/F150W__F115W/f51f97e72b9b/jw07763-o044_t044_nircam_clear-f150w_i2d_04_остатки_общие_рабочие.fits"",""relative_path"":""jw07763-o044_t044_nircam_clear-f150w_i2d_04_остатки_общие_рабочие.fits"",""sha256"":""526cf48d065cb06d5172a2848d491ff9235109f3e122ab24b523a0755c73f613"",""size_bytes"":173718720},{""exists"":true,""fits_valid"":true,""mtime_ns"":1784677900581515312,""mtime_utc"":""2026-07-21T23:51:40.581+00:00"",""name"":""working_annuli_residual_fits"",""ok"":true,""path"":""/Users/zuha/Desktop/FKI/4 курс 2025-2026/course_work-SBF/runs/sbf3_go3055_go7763/products/NGC4486B/F150W__F115W/f51f97e72b9b/jw07763-o044_t044_nircam_clear-f150w_i2d_05_остатки_общие_рабочие_два_кольца.fits"",""relative_path"":""jw07763-o044_t044_nircam_clear-f150w_i2d_05_остатки_общие_рабочие_два_кольца.fits"",""sha256"":""987acb646918bf9cb2d911f3c1c4608c7735f434e387a09c93cf2b79844555ef"",""size_bytes"":173718720}],""target"":""NGC4486B""}"
2145,run-20260720T164920Z-5f8824d560b3-6a51d38a,job-ccafc268a0d778d7195e3a428b82ba636d0002ae74001e11c4eda971bda497ce,NGC 4497,,1784677925.9100292,INFO,JOB_STATE_CHANGED,,"{""from"":""PENDING"",""to"":""READY""}"
2146,run-20260720T164920Z-5f8824d560b3-6a51d38a,job-ccafc268a0d778d7195e3a428b82ba636d0002ae74001e11c4eda971bda497ce,NGC 4497,,1784677925.9134688,INFO,INPUT_READY_INITIAL,,"{""inputs"":{""color"":{""expected_size_bytes"":1216137600,""filter"":""F115W"",""final_exists"":true,""final_fits_error"":null,""final_path"":""/Users/zuha/Desktop/FKI/4 курс 2025-2026/course_work-SBF/data/NGC 4497/jw07763-o035_t035_nircam_clear-f115w_i2d.fits"",""final_ready"":true,""final_size_bytes"":1216137600,""part_exists"":false,""part_metadata"":null,""part_metadata_error"":null,""part_path"":""/Users/zuha/Desktop/FKI/4 курс 2025-2026/course_work-SBF/data/NGC 4497/jw07763-o035_t035_nircam_clear-f115w_i2d.fits.part"",""part_size_bytes"":0,""restart_part_exists"":false,""restart_part_path"":""/Users/zuha/Desktop/FKI/4 курс 2025-2026/course_work-SBF/data/NGC 4497/jw07763-o035_t035_nircam_clear-f115w_i2d.fits.restart.part"",""restart_part_size_bytes"":0,""transfer_percent"":null},""signal"":{""expected_size_bytes"":1216258560,""filter"":""F150W"",""final_exists"":true,""final_fits_error"":null,""final_path"":""/Users/zuha/Desktop/FKI/4 курс 2025-2026/course_work-SBF/data/NGC 4497/jw07763-o035_t035_nircam_clear-f150w_i2d.fits"",""final_ready"":true,""final_size_bytes"":1216258560,""part_exists"":false,""part_metadata"":null,""part_metadata_error"":null,""part_path"":""/Users/zuha/Desktop/FKI/4 курс 2025-2026/course_work-SBF/data/NGC 4497/jw07763-o035_t035_nircam_clear-f150w_i2d.fits.part"",""part_size_bytes"":0,""restart_part_exists"":false,""restart_part_path"":""/Users/zuha/Desktop/FKI/4 курс 2025-2026/course_work-SBF/data/NGC 4497/jw07763-o035_t035_nircam_clear-f150w_i2d.fits.restart.part"",""restart_part_size_bytes"":0,""transfer_percent"":null}},""program"":""7763"",""target"":""NGC 4497""}"
2147,run-20260720T164920Z-5f8824d560b3-6a51d38a,job-ccafc268a0d778d7195e3a428b82ba636d0002ae74001e11c4eda971bda497ce,NGC 4497,,1784677926.0343418,INFO,WORKER_START_REQUESTED,,"{""color_path"":""/Users/zuha/Desktop/FKI/4 курс 2025-2026/course_work-SBF/data/NGC 4497/jw07763-o035_t035_nircam_clear-f115w_i2d.fits"",""command"":[""/Users/zuha/Desktop/FKI/4 курс 2025-2026/course_work-SBF/astro_env/bin/python3"",""/Users/zuha/Desktop/FKI/4 курс 2025-2026/course_work-SBF/code/run_sbf_batch.py"",""--worker"",""--job-id"",""job-ccafc268a0d778d7195e3a428b82ba636d0002ae74001e11c4eda971bda497ce"",""--galaxy"",""NGC 4497"",""--signal"",""/Users/zuha/Desktop/FKI/4 курс 2025-2026/course_work-SBF/data/NGC 4497/jw07763-o035_t035_nircam_clear-f150w_i2d.fits"",""--color"",""/Users/zuha/Desktop/FKI/4 курс 2025-2026/course_work-SBF/data/NGC 4497/jw07763-o035_t035_nircam_clear-f115w_i2d.fits"",""--signal-filter"",""F150W"",""--color-filter"",""F115W"",""--template"",""/Users/zuha/Desktop/FKI/4 курс 2025-2026/course_work-SBF/code/sbf-3.ipynb"",""--batch-root"",""/Users/zuha/Desktop/FKI/4 курс 2025-2026/course_work-SBF/runs/sbf3_go3055_go7763/batch"",""--products-root"",""/Users/zuha/Desktop/FKI/4 курс 2025-2026/course_work-SBF/runs/sbf3_go3055_go7763/products""],""filters"":{""color"":""F115W"",""signal"":""F150W""},""program"":""7763"",""signal_path"":""/Users/zuha/Desktop/FKI/4 курс 2025-2026/course_work-SBF/data/NGC 4497/jw07763-o035_t035_nircam_clear-f150w_i2d.fits"",""target"":""NGC 4497""}"
2148,run-20260720T164920Z-5f8824d560b3-6a51d38a,job-ccafc268a0d778d7195e3a428b82ba636d0002ae74001e11c4eda971bda497ce,NGC 4497,,1784677926.034913,INFO,JOB_STATE_CHANGED,,"{""from"":""READY"",""to"":""RUNNING""}"
2149,run-20260720T164920Z-5f8824d560b3-6a51d38a,job-ccafc268a0d778d7195e3a428b82ba636d0002ae74001e11c4eda971bda497ce,NGC 4497,158,1784677926.0392041,INFO,ATTEMPT_STARTED,,"{""attempt_no"":1,""pid"":26856}"
2150,run-20260720T164920Z-5f8824d560b3-6a51d38a,job-ccafc268a0d778d7195e3a428b82ba636d0002ae74001e11c4eda971bda497ce,NGC 4497,158,1784680596.525294,INFO,WORKER_SUPERVISION_ENDED,,"{""completed"":true,""detail"":null,""duration_seconds"":2670.53717704094,""ended_monotonic"":535386.810051041,""last_sample"":{""available_ram_bytes"":13050232832,""collector"":""psutil"",""disk"":{""free_bytes"":160215646208,""free_gib"":149.2124481201172,""path"":""/Users/zuha/Desktop/FKI/4 курс 2025-2026/course_work-SBF/data"",""total_bytes"":994662584320,""total_gib"":926.3517189025879,""used_bytes"":834446938112,""used_gib"":777.1392707824707},""disk_free_bytes"":160215646208,""monotonic"":535356.804636958,""pid"":26856,""swap"":{""free_bytes"":1447559168,""free_gib"":1.34814453125,""percent"":92.1,""total_bytes"":18253611008,""total_gib"":17.0,""used_bytes"":16806051840,""used_gib"":15.65185546875},""swap_used_bytes"":16806051840,""system_ram"":{""available_bytes"":13050232832,""available_gib"":12.153976440429688,""percent"":62.0,""total_bytes"":34359738368,""total_gib"":32.0,""used_bytes"":15855271936,""used_gib"":14.766372680664062},""timestamp_utc"":""2026-07-22T00:36:06.511+00:00"",""worker"":{""child_count"":9,""children_rss_bytes"":1934852096,""children_rss_gib"":1.801971435546875,""pid"":26856,""rss_bytes"":5556682752,""rss_gib"":5.1750640869140625,""status"":""sleeping"",""total_rss_bytes"":7491534848,""total_rss_gib"":6.9770355224609375},""worker_children_rss_bytes"":1934852096,""worker_rss_bytes"":5556682752,""worker_total_rss_bytes"":7491534848},""ok"":false,""reason"":""completed"",""returncode"":1,""sample_count"":89,""signal_name"":null,""started_monotonic"":532716.272874,""termination"":null}"
2151,run-20260720T164920Z-5f8824d560b3-6a51d38a,job-ccafc268a0d778d7195e3a428b82ba636d0002ae74001e11c4eda971bda497ce,NGC 4497,158,1784680596.533451,ERROR,ATTEMPT_ENDED,worker exited 1; required artifacts are absent or invalid,"{""exit_code"":1,""state"":""FAILED""}"
2152,run-20260720T164920Z-5f8824d560b3-6a51d38a,job-ccafc268a0d778d7195e3a428b82ba636d0002ae74001e11c4eda971bda497ce,NGC 4497,,1784680596.540568,INFO,JOB_STATE_CHANGED,worker exited 1; required artifacts are absent or invalid,"{""from"":""RUNNING"",""to"":""RETRY_WAIT""}"
2153,run-20260720T164920Z-5f8824d560b3-6a51d38a,job-f36bed0b060c7e65950e83ba29744472e1f12fa07f98ecf86dadbf70dc2ee2a0,NGC 4503,,1784680596.6086998,INFO,JOB_STATE_CHANGED,,"{""from"":""PENDING"",""to"":""READY""}"
2154,run-20260720T164920Z-5f8824d560b3-6a51d38a,job-f36bed0b060c7e65950e83ba29744472e1f12fa07f98ecf86dadbf70dc2ee2a0,NGC 4503,,1784680596.6128829,INFO,INPUT_READY_INITIAL,,"{""inputs"":{""color"":{""expected_size_bytes"":1216137600,""filter"":""F115W"",""final_exists"":true,""final_fits_error"":null,""final_path"":""/Users/zuha/Desktop/FKI/4 курс 2025-2026/course_work-SBF/data/NGC 4503/jw07763-o015_t015_nircam_clear-f115w_i2d.fits"",""final_ready"":true,""final_size_bytes"":1216137600,""part_exists"":false,""part_metadata"":null,""part_metadata_error"":null,""part_path"":""/Users/zuha/Desktop/FKI/4 курс 2025-2026/course_work-SBF/data/NGC 4503/jw07763-o015_t015_nircam_clear-f115w_i2d.fits.part"",""part_size_bytes"":0,""restart_part_exists"":false,""restart_part_path"":""/Users/zuha/Desktop/FKI/4 курс 2025-2026/course_work-SBF/data/NGC 4503/jw07763-o015_t015_nircam_clear-f115w_i2d.fits.restart.part"",""restart_part_size_bytes"":0,""transfer_percent"":null},""signal"":{""expected_size_bytes"":1216258560,""filter"":""F150W"",""final_exists"":true,""final_fits_error"":null,""final_path"":""/Users/zuha/Desktop/FKI/4 курс 2025-2026/course_work-SBF/data/NGC 4503/jw07763-o015_t015_nircam_clear-f150w_i2d.fits"",""final_ready"":true,""final_size_bytes"":1216258560,""part_exists"":false,""part_metadata"":null,""part_metadata_error"":null,""part_path"":""/Users/zuha/Desktop/FKI/4 курс 2025-2026/course_work-SBF/data/NGC 4503/jw07763-o015_t015_nircam_clear-f150w_i2d.fits.part"",""part_size_bytes"":0,""restart_part_exists"":false,""restart_part_path"":""/Users/zuha/Desktop/FKI/4 курс 2025-2026/course_work-SBF/data/NGC 4503/jw07763-o015_t015_nircam_clear-f150w_i2d.fits.restart.part"",""restart_part_size_bytes"":0,""transfer_percent"":null}},""program"":""7763"",""target"":""NGC 4503""}"
2155,run-20260720T164920Z-5f8824d560b3-6a51d38a,job-f36bed0b060c7e65950e83ba29744472e1f12fa07f98ecf86dadbf70dc2ee2a0,NGC 4503,,1784680596.735948,INFO,WORKER_START_REQUESTED,,"{""color_path"":""/Users/zuha/Desktop/FKI/4 курс 2025-2026/course_work-SBF/data/NGC 4503/jw07763-o015_t015_nircam_clear-f115w_i2d.fits"",""command"":[""/Users/zuha/Desktop/FKI/4 курс 2025-2026/course_work-SBF/astro_env/bin/python3"",""/Users/zuha/Desktop/FKI/4 курс 2025-2026/course_work-SBF/code/run_sbf_batch.py"",""--worker"",""--job-id"",""job-f36bed0b060c7e65950e83ba29744472e1f12fa07f98ecf86dadbf70dc2ee2a0"",""--galaxy"",""NGC 4503"",""--signal"",""/Users/zuha/Desktop/FKI/4 курс 2025-2026/course_work-SBF/data/NGC 4503/jw07763-o015_t015_nircam_clear-f150w_i2d.fits"",""--color"",""/Users/zuha/Desktop/FKI/4 курс 2025-2026/course_work-SBF/data/NGC 4503/jw07763-o015_t015_nircam_clear-f115w_i2d.fits"",""--signal-filter"",""F150W"",""--color-filter"",""F115W"",""--template"",""/Users/zuha/Desktop/FKI/4 курс 2025-2026/course_work-SBF/code/sbf-3.ipynb"",""--batch-root"",""/Users/zuha/Desktop/FKI/4 курс 2025-2026/course_work-SBF/runs/sbf3_go3055_go7763/batch"",""--products-root"",""/Users/zuha/Desktop/FKI/4 курс 2025-2026/course_work-SBF/runs/sbf3_go3055_go7763/products""],""filters"":{""color"":""F115W"",""signal"":""F150W""},""program"":""7763"",""signal_path"":""/Users/zuha/Desktop/FKI/4 курс 2025-2026/course_work-SBF/data/NGC 4503/jw07763-o015_t015_nircam_clear-f150w_i2d.fits"",""target"":""NGC 4503""}"
2156,run-20260720T164920Z-5f8824d560b3-6a51d38a,job-f36bed0b060c7e65950e83ba29744472e1f12fa07f98ecf86dadbf70dc2ee2a0,NGC 4503,,1784680596.7369442,INFO,JOB_STATE_CHANGED,,"{""from"":""READY"",""to"":""RUNNING""}"
2157,run-20260720T164920Z-5f8824d560b3-6a51d38a,job-f36bed0b060c7e65950e83ba29744472e1f12fa07f98ecf86dadbf70dc2ee2a0,NGC 4503,159,1784680596.742363,INFO,ATTEMPT_STARTED,,"{""attempt_no"":1,""pid"":37883}"
2158,run-20260720T164920Z-5f8824d560b3-6a51d38a,job-f36bed0b060c7e65950e83ba29744472e1f12fa07f98ecf86dadbf70dc2ee2a0,NGC 4503,159,1784680806.7734559,INFO,WORKER_SUPERVISION_ENDED,,"{""completed"":true,""detail"":null,""duration_seconds"":210.027902666945,""ended_monotonic"":535597.066387333,""last_sample"":{""available_ram_bytes"":13113065472,""collector"":""psutil"",""disk"":{""free_bytes"":160071544832,""free_gib"":149.07824325561523,""path"":""/Users/zuha/Desktop/FKI/4 курс 2025-2026/course_work-SBF/data"",""total_bytes"":994662584320,""total_gib"":926.3517189025879,""used_bytes"":834591039488,""used_gib"":777.2734756469727},""disk_free_bytes"":160071544832,""monotonic"":535567.063288916,""pid"":37883,""swap"":{""free_bytes"":1464336384,""free_gib"":1.36376953125,""percent"":92.0,""total_bytes"":18253611008,""total_gib"":17.0,""used_bytes"":16789274624,""used_gib"":15.63623046875},""swap_used_bytes"":16789274624,""system_ram"":{""available_bytes"":13113065472,""available_gib"":12.212493896484375,""percent"":61.8,""total_bytes"":34359738368,""total_gib"":32.0,""used_bytes"":15826075648,""used_gib"":14.739181518554688},""timestamp_utc"":""2026-07-22T00:39:36.766+00:00"",""worker"":{""child_count"":9,""children_rss_bytes"":1928462336,""children_rss_gib"":1.7960205078125,""pid"":37883,""rss_bytes"":5952634880,""rss_gib"":5.5438232421875,""status"":""sleeping"",""total_rss_bytes"":7881097216,""total_rss_gib"":7.33984375},""worker_children_rss_bytes"":1928462336,""worker_rss_bytes"":5952634880,""worker_total_rss_bytes"":7881097216},""ok"":false,""reason"":""completed"",""returncode"":1,""sample_count"":7,""signal_name"":null,""started_monotonic"":535387.038484666,""termination"":null}"
2159,run-20260720T164920Z-5f8824d560b3-6a51d38a,job-f36bed0b060c7e65950e83ba29744472e1f12fa07f98ecf86dadbf70dc2ee2a0,NGC 4503,159,1784680806.7792902,ERROR,ATTEMPT_ENDED,worker exited 1; required artifacts are absent or invalid,"{""exit_code"":1,""state"":""FAILED""}"
2160,run-20260720T164920Z-5f8824d560b3-6a51d38a,job-f36bed0b060c7e65950e83ba29744472e1f12fa07f98ecf86dadbf70dc2ee2a0,NGC 4503,,1784680806.7873678,INFO,JOB_STATE_CHANGED,worker exited 1; required artifacts are absent or invalid,"{""from"":""RUNNING"",""to"":""RETRY_WAIT""}"
2161,run-20260720T164920Z-5f8824d560b3-6a51d38a,job-6557013d24f18a6762387d272470f8ce8f02c5601bbf2b14b02885f1e2bed6ca,NGC 4506,,1784680806.8515148,INFO,JOB_STATE_CHANGED,,"{""from"":""PENDING"",""to"":""READY""}"
2162,run-20260720T164920Z-5f8824d560b3-6a51d38a,job-6557013d24f18a6762387d272470f8ce8f02c5601bbf2b14b02885f1e2bed6ca,NGC 4506,,1784680806.8558981,INFO,INPUT_READY_INITIAL,,"{""inputs"":{""color"":{""expected_size_bytes"":1216137600,""filter"":""F115W"",""final_exists"":true,""final_fits_error"":null,""final_path"":""/Users/zuha/Desktop/FKI/4 курс 2025-2026/course_work-SBF/data/NGC 4506/jw07763-o040_t040_nircam_clear-f115w_i2d.fits"",""final_ready"":true,""final_size_bytes"":1216137600,""part_exists"":false,""part_metadata"":null,""part_metadata_error"":null,""part_path"":""/Users/zuha/Desktop/FKI/4 курс 2025-2026/course_work-SBF/data/NGC 4506/jw07763-o040_t040_nircam_clear-f115w_i2d.fits.part"",""part_size_bytes"":0,""restart_part_exists"":false,""restart_part_path"":""/Users/zuha/Desktop/FKI/4 курс 2025-2026/course_work-SBF/data/NGC 4506/jw07763-o040_t040_nircam_clear-f115w_i2d.fits.restart.part"",""restart_part_size_bytes"":0,""transfer_percent"":null},""signal"":{""expected_size_bytes"":1216258560,""filter"":""F150W"",""final_exists"":true,""final_fits_error"":null,""final_path"":""/Users/zuha/Desktop/FKI/4 курс 2025-2026/course_work-SBF/data/NGC 4506/jw07763-o040_t040_nircam_clear-f150w_i2d.fits"",""final_ready"":true,""final_size_bytes"":1216258560,""part_exists"":false,""part_metadata"":null,""part_metadata_error"":null,""part_path"":""/Users/zuha/Desktop/FKI/4 курс 2025-2026/course_work-SBF/data/NGC 4506/jw07763-o040_t040_nircam_clear-f150w_i2d.fits.part"",""part_size_bytes"":0,""restart_part_exists"":false,""restart_part_path"":""/Users/zuha/Desktop/FKI/4 курс 2025-2026/course_work-SBF/data/NGC 4506/jw07763-o040_t040_nircam_clear-f150w_i2d.fits.restart.part"",""restart_part_size_bytes"":0,""transfer_percent"":null}},""program"":""7763"",""target"":""NGC 4506""}"
2163,run-20260720T164920Z-5f8824d560b3-6a51d38a,job-6557013d24f18a6762387d272470f8ce8f02c5601bbf2b14b02885f1e2bed6ca,NGC 4506,,1784680806.9754932,INFO,WORKER_START_REQUESTED,,"{""color_path"":""/Users/zuha/Desktop/FKI/4 курс 2025-2026/course_work-SBF/data/NGC 4506/jw07763-o040_t040_nircam_clear-f115w_i2d.fits"",""command"":[""/Users/zuha/Desktop/FKI/4 курс 2025-2026/course_work-SBF/astro_env/bin/python3"",""/Users/zuha/Desktop/FKI/4 курс 2025-2026/course_work-SBF/code/run_sbf_batch.py"",""--worker"",""--job-id"",""job-6557013d24f18a6762387d272470f8ce8f02c5601bbf2b14b02885f1e2bed6ca"",""--galaxy"",""NGC 4506"",""--signal"",""/Users/zuha/Desktop/FKI/4 курс 2025-2026/course_work-SBF/data/NGC 4506/jw07763-o040_t040_nircam_clear-f150w_i2d.fits"",""--color"",""/Users/zuha/Desktop/FKI/4 курс 2025-2026/course_work-SBF/data/NGC 4506/jw07763-o040_t040_nircam_clear-f115w_i2d.fits"",""--signal-filter"",""F150W"",""--color-filter"",""F115W"",""--template"",""/Users/zuha/Desktop/FKI/4 курс 2025-2026/course_work-SBF/code/sbf-3.ipynb"",""--batch-root"",""/Users/zuha/Desktop/FKI/4 курс 2025-2026/course_work-SBF/runs/sbf3_go3055_go7763/batch"",""--products-root"",""/Users/zuha/Desktop/FKI/4 курс 2025-2026/course_work-SBF/runs/sbf3_go3055_go7763/products""],""filters"":{""color"":""F115W"",""signal"":""F150W""},""program"":""7763"",""signal_path"":""/Users/zuha/Desktop/FKI/4 курс 2025-2026/course_work-SBF/data/NGC 4506/jw07763-o040_t040_nircam_clear-f150w_i2d.fits"",""target"":""NGC 4506""}"
2164,run-20260720T164920Z-5f8824d560b3-6a51d38a,job-6557013d24f18a6762387d272470f8ce8f02c5601bbf2b14b02885f1e2bed6ca,NGC 4506,,1784680806.97615,INFO,JOB_STATE_CHANGED,,"{""from"":""READY"",""to"":""RUNNING""}"
2165,run-20260720T164920Z-5f8824d560b3-6a51d38a,job-6557013d24f18a6762387d272470f8ce8f02c5601bbf2b14b02885f1e2bed6ca,NGC 4506,160,1784680806.980771,INFO,ATTEMPT_STARTED,,"{""attempt_no"":1,""pid"":38789}"
2166,run-20260720T164920Z-5f8824d560b3-6a51d38a,job-6557013d24f18a6762387d272470f8ce8f02c5601bbf2b14b02885f1e2bed6ca,NGC 4506,160,1784684287.724802,INFO,WORKER_SUPERVISION_ENDED,,"{""completed"":true,""detail"":null,""duration_seconds"":3480.5139927089913,""ended_monotonic"":539077.79554975,""last_sample"":{""available_ram_bytes"":8758771712,""collector"":""psutil"",""disk"":{""free_bytes"":152438718464,""free_gib"":141.96961975097656,""path"":""/Users/zuha/Desktop/FKI/4 курс 2025-2026/course_work-SBF/data"",""total_bytes"":994662584320,""total_gib"":926.3517189025879,""used_bytes"":842223865856,""used_gib"":784.3820991516113},""disk_free_bytes"":152438718464,""monotonic"":539047.790406375,""pid"":38789,""swap"":{""free_bytes"":1732837376,""free_gib"":1.61383056640625,""percent"":90.5,""total_bytes"":18253611008,""total_gib"":17.0,""used_bytes"":16520773632,""used_gib"":15.38616943359375},""swap_used_bytes"":16520773632,""system_ram"":{""available_bytes"":8758771712,""available_gib"":8.157241821289062,""percent"":74.5,""total_bytes"":34359738368,""total_gib"":32.0,""used_bytes"":9633382400,""used_gib"":8.971786499023438},""timestamp_utc"":""2026-07-22T01:37:37.714+00:00"",""worker"":{""child_count"":1,""children_rss_bytes"":5406720,""children_rss_gib"":0.005035400390625,""pid"":38789,""rss_bytes"":5429100544,""rss_gib"":5.056243896484375,""status"":""sleeping"",""total_rss_bytes"":5434507264,""total_rss_gib"":5.061279296875},""worker_children_rss_bytes"":5406720,""worker_rss_bytes"":5429100544,""worker_total_rss_bytes"":5434507264},""ok"":true,""reason"":""completed"",""returncode"":0,""sample_count"":116,""signal_name"":null,""started_monotonic"":535597.281557041,""termination"":null}"
2167,run-20260720T164920Z-5f8824d560b3-6a51d38a,job-6557013d24f18a6762387d272470f8ce8f02c5601bbf2b14b02885f1e2bed6ca,NGC 4506,,1784684288.2048929,INFO,JOB_STATE_CHANGED,,"{""from"":""RUNNING"",""to"":""VERIFYING""}"
2168,run-20260720T164920Z-5f8824d560b3-6a51d38a,job-6557013d24f18a6762387d272470f8ce8f02c5601bbf2b14b02885f1e2bed6ca,NGC 4506,160,1784684288.2076201,INFO,ARTIFACT_RECORDED,,"{""artifact_id"":231,""kind"":""clean_model_fits"",""path"":""/Users/zuha/Desktop/FKI/4 курс 2025-2026/course_work-SBF/runs/sbf3_go3055_go7763/products/NGC_4506/F150W__F115W/6557013d24f1/jw07763-o040_t040_nircam_clear-f150w_i2d_01_модель_чистая.fits"",""verified"":true}"
2169,run-20260720T164920Z-5f8824d560b3-6a51d38a,job-6557013d24f18a6762387d272470f8ce8f02c5601bbf2b14b02885f1e2bed6ca,NGC 4506,160,1784684288.21218,INFO,ARTIFACT_RECORDED,,"{""artifact_id"":232,""kind"":""clean_isophotes_fits"",""path"":""/Users/zuha/Desktop/FKI/4 курс 2025-2026/course_work-SBF/runs/sbf3_go3055_go7763/products/NGC_4506/F150W__F115W/6557013d24f1/jw07763-o040_t040_nircam_clear-f150w_i2d_02_изофоты_чистые.fits"",""verified"":true}"
2170,run-20260720T164920Z-5f8824d560b3-6a51d38a,job-6557013d24f18a6762387d272470f8ce8f02c5601bbf2b14b02885f1e2bed6ca,NGC 4506,160,1784684288.213384,INFO,ARTIFACT_RECORDED,,"{""artifact_id"":233,""kind"":""full_residual_fits"",""path"":""/Users/zuha/Desktop/FKI/4 курс 2025-2026/course_work-SBF/runs/sbf3_go3055_go7763/products/NGC_4506/F150W__F115W/6557013d24f1/jw07763-o040_t040_nircam_clear-f150w_i2d_03_остатки_общие.fits"",""verified"":true}"
2171,run-20260720T164920Z-5f8824d560b3-6a51d38a,job-6557013d24f18a6762387d272470f8ce8f02c5601bbf2b14b02885f1e2bed6ca,NGC 4506,160,1784684288.214269,INFO,ARTIFACT_RECORDED,,"{""artifact_id"":234,""kind"":""working_residual_fits"",""path"":""/Users/zuha/Desktop/FKI/4 курс 2025-2026/course_work-SBF/runs/sbf3_go3055_go7763/products/NGC_4506/F150W__F115W/6557013d24f1/jw07763-o040_t040_nircam_clear-f150w_i2d_04_остатки_общие_рабочие.fits"",""verified"":true}"
2172,run-20260720T164920Z-5f8824d560b3-6a51d38a,job-6557013d24f18a6762387d272470f8ce8f02c5601bbf2b14b02885f1e2bed6ca,NGC 4506,160,1784684288.21539,INFO,ARTIFACT_RECORDED,,"{""artifact_id"":235,""kind"":""working_annuli_residual_fits"",""path"":""/Users/zuha/Desktop/FKI/4 курс 2025-2026/course_work-SBF/runs/sbf3_go3055_go7763/products/NGC_4506/F150W__F115W/6557013d24f1/jw07763-o040_t040_nircam_clear-f150w_i2d_05_остатки_общие_рабочие_два_кольца.fits"",""verified"":true}"
2173,run-20260720T164920Z-5f8824d560b3-6a51d38a,job-6557013d24f18a6762387d272470f8ce8f02c5601bbf2b14b02885f1e2bed6ca,NGC 4506,160,1784684288.216346,INFO,ATTEMPT_ENDED,,"{""exit_code"":0,""state"":""SUCCEEDED""}"
2174,run-20260720T164920Z-5f8824d560b3-6a51d38a,job-6557013d24f18a6762387d272470f8ce8f02c5601bbf2b14b02885f1e2bed6ca,NGC 4506,,1784684288.217222,INFO,JOB_STATE_CHANGED,,"{""from"":""VERIFYING"",""to"":""SUCCEEDED""}"
2175,run-20260720T164920Z-5f8824d560b3-6a51d38a,job-6557013d24f18a6762387d272470f8ce8f02c5601bbf2b14b02885f1e2bed6ca,NGC 4506,160,1784684288.2201679,INFO,ARTIFACTS_VERIFIED,,"{""artifact_count"":5,""artifact_manifest_path"":""/Users/zuha/Desktop/FKI/4 курс 2025-2026/course_work-SBF/runs/sbf3_go3055_go7763/batch/artifact_manifests/NGC_4506__F150W__F115W__6557013d24f1_result_artifacts.json"",""artifacts"":[{""exists"":true,""fits_valid"":true,""mtime_ns"":1784681164079765593,""mtime_utc"":""2026-07-22T00:46:04.079+00:00"",""name"":""clean_model_fits"",""ok"":true,""path"":""/Users/zuha/Desktop/FKI/4 курс 2025-2026/course_work-SBF/runs/sbf3_go3055_go7763/products/NGC_4506/F150W__F115W/6557013d24f1/jw07763-o040_t040_nircam_clear-f150w_i2d_01_модель_чистая.fits"",""relative_path"":""jw07763-o040_t040_nircam_clear-f150w_i2d_01_модель_чистая.fits"",""sha256"":""e1b20ae857c488f4ab6eb54d3ccbe1c99483ad98ec319682083c4f830c7722cc"",""size_bytes"":173718720},{""exists"":true,""fits_valid"":true,""mtime_ns"":1784681164256632576,""mtime_utc"":""2026-07-22T00:46:04.256+00:00"",""name"":""clean_isophotes_fits"",""ok"":true,""path"":""/Users/zuha/Desktop/FKI/4 курс 2025-2026/course_work-SBF/runs/sbf3_go3055_go7763/products/NGC_4506/F150W__F115W/6557013d24f1/jw07763-o040_t040_nircam_clear-f150w_i2d_02_изофоты_чистые.fits"",""relative_path"":""jw07763-o040_t040_nircam_clear-f150w_i2d_02_изофоты_чистые.fits"",""sha256"":""391dba44a65570531ccfd481344c9905605bff900d9c4310b8fbdebaaecdd21a"",""size_bytes"":173718720},{""exists"":true,""fits_valid"":true,""mtime_ns"":1784681164439080587,""mtime_utc"":""2026-07-22T00:46:04.439+00:00"",""name"":""full_residual_fits"",""ok"":true,""path"":""/Users/zuha/Desktop/FKI/4 курс 2025-2026/course_work-SBF/runs/sbf3_go3055_go7763/products/NGC_4506/F150W__F115W/6557013d24f1/jw07763-o040_t040_nircam_clear-f150w_i2d_03_остатки_общие.fits"",""relative_path"":""jw07763-o040_t040_nircam_clear-f150w_i2d_03_остатки_общие.fits"",""sha256"":""95caadb5006531a8f65c595138267817e7f2405bb19004f30ae72602dff211a3"",""size_bytes"":173718720},{""exists"":true,""fits_valid"":true,""mtime_ns"":1784681164611551937,""mtime_utc"":""2026-07-22T00:46:04.611+00:00"",""name"":""working_residual_fits"",""ok"":true,""path"":""/Users/zuha/Desktop/FKI/4 курс 2025-2026/course_work-SBF/runs/sbf3_go3055_go7763/products/NGC_4506/F150W__F115W/6557013d24f1/jw07763-o040_t040_nircam_clear-f150w_i2d_04_остатки_общие_рабочие.fits"",""relative_path"":""jw07763-o040_t040_nircam_clear-f150w_i2d_04_остатки_общие_рабочие.fits"",""sha256"":""c61047fa14f98ecc9eb013284b70311a8a54d58452a1f9fef9d345de14d9fe17"",""size_bytes"":173718720},{""exists"":true,""fits_valid"":true,""mtime_ns"":1784684284239623825,""mtime_utc"":""2026-07-22T01:38:04.239+00:00"",""name"":""working_annuli_residual_fits"",""ok"":true,""path"":""/Users/zuha/Desktop/FKI/4 курс 2025-2026/course_work-SBF/runs/sbf3_go3055_go7763/products/NGC_4506/F150W__F115W/6557013d24f1/jw07763-o040_t040_nircam_clear-f150w_i2d_05_остатки_общие_рабочие_два_кольца.fits"",""relative_path"":""jw07763-o040_t040_nircam_clear-f150w_i2d_05_остатки_общие_рабочие_два_кольца.fits"",""sha256"":""bc3de807734c6360225d85fd1330e12df4a2ba4612495fa18eb222b8babfd76a"",""size_bytes"":173718720}],""target"":""NGC 4506""}"
2176,run-20260720T164920Z-5f8824d560b3-6a51d38a,job-166c0b57f2ab6f45b17055f44e8f86d510546337a0ff0a804c075f8635159b46,NGC 4528,,1784684288.273291,INFO,JOB_STATE_CHANGED,,"{""from"":""PENDING"",""to"":""READY""}"
2177,run-20260720T164920Z-5f8824d560b3-6a51d38a,job-166c0b57f2ab6f45b17055f44e8f86d510546337a0ff0a804c075f8635159b46,NGC 4528,,1784684288.277324,INFO,INPUT_READY_INITIAL,,"{""inputs"":{""color"":{""expected_size_bytes"":1216258560,""filter"":""F115W"",""final_exists"":true,""final_fits_error"":null,""final_path"":""/Users/zuha/Desktop/FKI/4 курс 2025-2026/course_work-SBF/data/NGC 4528/jw07763-o028_t028_nircam_clear-f115w_i2d.fits"",""final_ready"":true,""final_size_bytes"":1216258560,""part_exists"":false,""part_metadata"":null,""part_metadata_error"":null,""part_path"":""/Users/zuha/Desktop/FKI/4 курс 2025-2026/course_work-SBF/data/NGC 4528/jw07763-o028_t028_nircam_clear-f115w_i2d.fits.part"",""part_size_bytes"":0,""restart_part_exists"":false,""restart_part_path"":""/Users/zuha/Desktop/FKI/4 курс 2025-2026/course_work-SBF/data/NGC 4528/jw07763-o028_t028_nircam_clear-f115w_i2d.fits.restart.part"",""restart_part_size_bytes"":0,""transfer_percent"":null},""signal"":{""expected_size_bytes"":1216258560,""filter"":""F150W"",""final_exists"":true,""final_fits_error"":null,""final_path"":""/Users/zuha/Desktop/FKI/4 курс 2025-2026/course_work-SBF/data/NGC 4528/jw07763-o028_t028_nircam_clear-f150w_i2d.fits"",""final_ready"":true,""final_size_bytes"":1216258560,""part_exists"":false,""part_metadata"":null,""part_metadata_error"":null,""part_path"":""/Users/zuha/Desktop/FKI/4 курс 2025-2026/course_work-SBF/data/NGC 4528/jw07763-o028_t028_nircam_clear-f150w_i2d.fits.part"",""part_size_bytes"":0,""restart_part_exists"":false,""restart_part_path"":""/Users/zuha/Desktop/FKI/4 курс 2025-2026/course_work-SBF/data/NGC 4528/jw07763-o028_t028_nircam_clear-f150w_i2d.fits.restart.part"",""restart_part_size_bytes"":0,""transfer_percent"":null}},""program"":""7763"",""target"":""NGC 4528""}"
2178,run-20260720T164920Z-5f8824d560b3-6a51d38a,job-166c0b57f2ab6f45b17055f44e8f86d510546337a0ff0a804c075f8635159b46,NGC 4528,,1784684288.396843,INFO,WORKER_START_REQUESTED,,"{""color_path"":""/Users/zuha/Desktop/FKI/4 курс 2025-2026/course_work-SBF/data/NGC 4528/jw07763-o028_t028_nircam_clear-f115w_i2d.fits"",""command"":[""/Users/zuha/Desktop/FKI/4 курс 2025-2026/course_work-SBF/astro_env/bin/python3"",""/Users/zuha/Desktop/FKI/4 курс 2025-2026/course_work-SBF/code/run_sbf_batch.py"",""--worker"",""--job-id"",""job-166c0b57f2ab6f45b17055f44e8f86d510546337a0ff0a804c075f8635159b46"",""--galaxy"",""NGC 4528"",""--signal"",""/Users/zuha/Desktop/FKI/4 курс 2025-2026/course_work-SBF/data/NGC 4528/jw07763-o028_t028_nircam_clear-f150w_i2d.fits"",""--color"",""/Users/zuha/Desktop/FKI/4 курс 2025-2026/course_work-SBF/data/NGC 4528/jw07763-o028_t028_nircam_clear-f115w_i2d.fits"",""--signal-filter"",""F150W"",""--color-filter"",""F115W"",""--template"",""/Users/zuha/Desktop/FKI/4 курс 2025-2026/course_work-SBF/code/sbf-3.ipynb"",""--batch-root"",""/Users/zuha/Desktop/FKI/4 курс 2025-2026/course_work-SBF/runs/sbf3_go3055_go7763/batch"",""--products-root"",""/Users/zuha/Desktop/FKI/4 курс 2025-2026/course_work-SBF/runs/sbf3_go3055_go7763/products""],""filters"":{""color"":""F115W"",""signal"":""F150W""},""program"":""7763"",""signal_path"":""/Users/zuha/Desktop/FKI/4 курс 2025-2026/course_work-SBF/data/NGC 4528/jw07763-o028_t028_nircam_clear-f150w_i2d.fits"",""target"":""NGC 4528""}"
2179,run-20260720T164920Z-5f8824d560b3-6a51d38a,job-166c0b57f2ab6f45b17055f44e8f86d510546337a0ff0a804c075f8635159b46,NGC 4528,,1784684288.3973482,INFO,JOB_STATE_CHANGED,,"{""from"":""READY"",""to"":""RUNNING""}"
2180,run-20260720T164920Z-5f8824d560b3-6a51d38a,job-166c0b57f2ab6f45b17055f44e8f86d510546337a0ff0a804c075f8635159b46,NGC 4528,161,1784684288.401644,INFO,ATTEMPT_STARTED,,"{""attempt_no"":1,""pid"":54954}"
2181,run-20260720T164920Z-5f8824d560b3-6a51d38a,job-166c0b57f2ab6f45b17055f44e8f86d510546337a0ff0a804c075f8635159b46,NGC 4528,161,1784688549.809685,INFO,WORKER_SUPERVISION_ENDED,,"{""completed"":true,""detail"":null,""duration_seconds"":4261.300980375032,""ended_monotonic"":543339.780283208,""last_sample"":{""available_ram_bytes"":11999035392,""collector"":""psutil"",""disk"":{""free_bytes"":152410841088,""free_gib"":141.94365692138672,""path"":""/Users/zuha/Desktop/FKI/4 курс 2025-2026/course_work-SBF/data"",""total_bytes"":994662584320,""total_gib"":926.3517189025879,""used_bytes"":842251743232,""used_gib"":784.4080619812012},""disk_free_bytes"":152410841088,""monotonic"":543309.770185,""pid"":54954,""swap"":{""free_bytes"":1811349504,""free_gib"":1.68695068359375,""percent"":90.1,""total_bytes"":18253611008,""total_gib"":17.0,""used_bytes"":16442261504,""used_gib"":15.31304931640625},""swap_used_bytes"":16442261504,""system_ram"":{""available_bytes"":11999035392,""available_gib"":11.174972534179688,""percent"":65.1,""total_bytes"":34359738368,""total_gib"":32.0,""used_bytes"":9206677504,""used_gib"":8.574386596679688},""timestamp_utc"":""2026-07-22T02:48:39.795+00:00"",""worker"":{""child_count"":1,""children_rss_bytes"":5423104,""children_rss_gib"":0.0050506591796875,""pid"":54954,""rss_bytes"":3292545024,""rss_gib"":3.0664215087890625,""status"":""sleeping"",""total_rss_bytes"":3297968128,""total_rss_gib"":3.07147216796875},""worker_children_rss_bytes"":5423104,""worker_rss_bytes"":3292545024,""worker_total_rss_bytes"":3297968128},""ok"":true,""reason"":""completed"",""returncode"":0,""sample_count"":142,""signal_name"":null,""started_monotonic"":539078.479302833,""termination"":null}"
2182,run-20260720T164920Z-5f8824d560b3-6a51d38a,job-166c0b57f2ab6f45b17055f44e8f86d510546337a0ff0a804c075f8635159b46,NGC 4528,,1784688550.266208,INFO,JOB_STATE_CHANGED,,"{""from"":""RUNNING"",""to"":""VERIFYING""}"
2183,run-20260720T164920Z-5f8824d560b3-6a51d38a,job-166c0b57f2ab6f45b17055f44e8f86d510546337a0ff0a804c075f8635159b46,NGC 4528,161,1784688550.2679958,INFO,ARTIFACT_RECORDED,,"{""artifact_id"":236,""kind"":""clean_model_fits"",""path"":""/Users/zuha/Desktop/FKI/4 курс 2025-2026/course_work-SBF/runs/sbf3_go3055_go7763/products/NGC_4528/F150W__F115W/166c0b57f2ab/jw07763-o028_t028_nircam_clear-f150w_i2d_01_модель_чистая.fits"",""verified"":true}"
2184,run-20260720T164920Z-5f8824d560b3-6a51d38a,job-166c0b57f2ab6f45b17055f44e8f86d510546337a0ff0a804c075f8635159b46,NGC 4528,161,1784688550.269421,INFO,ARTIFACT_RECORDED,,"{""artifact_id"":237,""kind"":""clean_isophotes_fits"",""path"":""/Users/zuha/Desktop/FKI/4 курс 2025-2026/course_work-SBF/runs/sbf3_go3055_go7763/products/NGC_4528/F150W__F115W/166c0b57f2ab/jw07763-o028_t028_nircam_clear-f150w_i2d_02_изофоты_чистые.fits"",""verified"":true}"
2185,run-20260720T164920Z-5f8824d560b3-6a51d38a,job-166c0b57f2ab6f45b17055f44e8f86d510546337a0ff0a804c075f8635159b46,NGC 4528,161,1784688550.2707891,INFO,ARTIFACT_RECORDED,,"{""artifact_id"":238,""kind"":""full_residual_fits"",""path"":""/Users/zuha/Desktop/FKI/4 курс 2025-2026/course_work-SBF/runs/sbf3_go3055_go7763/products/NGC_4528/F150W__F115W/166c0b57f2ab/jw07763-o028_t028_nircam_clear-f150w_i2d_03_остатки_общие.fits"",""verified"":true}"
2186,run-20260720T164920Z-5f8824d560b3-6a51d38a,job-166c0b57f2ab6f45b17055f44e8f86d510546337a0ff0a804c075f8635159b46,NGC 4528,161,1784688550.271839,INFO,ARTIFACT_RECORDED,,"{""artifact_id"":239,""kind"":""working_residual_fits"",""path"":""/Users/zuha/Desktop/FKI/4 курс 2025-2026/course_work-SBF/runs/sbf3_go3055_go7763/products/NGC_4528/F150W__F115W/166c0b57f2ab/jw07763-o028_t028_nircam_clear-f150w_i2d_04_остатки_общие_рабочие.fits"",""verified"":true}"
2187,run-20260720T164920Z-5f8824d560b3-6a51d38a,job-166c0b57f2ab6f45b17055f44e8f86d510546337a0ff0a804c075f8635159b46,NGC 4528,161,1784688550.2728372,INFO,ARTIFACT_RECORDED,,"{""artifact_id"":240,""kind"":""working_annuli_residual_fits"",""path"":""/Users/zuha/Desktop/FKI/4 курс 2025-2026/course_work-SBF/runs/sbf3_go3055_go7763/products/NGC_4528/F150W__F115W/166c0b57f2ab/jw07763-o028_t028_nircam_clear-f150w_i2d_05_остатки_общие_рабочие_два_кольца.fits"",""verified"":true}"
2188,run-20260720T164920Z-5f8824d560b3-6a51d38a,job-166c0b57f2ab6f45b17055f44e8f86d510546337a0ff0a804c075f8635159b46,NGC 4528,161,1784688550.2752519,INFO,ATTEMPT_ENDED,,"{""exit_code"":0,""state"":""SUCCEEDED""}"
2189,run-20260720T164920Z-5f8824d560b3-6a51d38a,job-166c0b57f2ab6f45b17055f44e8f86d510546337a0ff0a804c075f8635159b46,NGC 4528,,1784688550.2761931,INFO,JOB_STATE_CHANGED,,"{""from"":""VERIFYING"",""to"":""SUCCEEDED""}"
2190,run-20260720T164920Z-5f8824d560b3-6a51d38a,job-166c0b57f2ab6f45b17055f44e8f86d510546337a0ff0a804c075f8635159b46,NGC 4528,161,1784688550.2789829,INFO,ARTIFACTS_VERIFIED,,"{""artifact_count"":5,""artifact_manifest_path"":""/Users/zuha/Desktop/FKI/4 курс 2025-2026/course_work-SBF/runs/sbf3_go3055_go7763/batch/artifact_manifests/NGC_4528__F150W__F115W__166c0b57f2ab_result_artifacts.json"",""artifacts"":[{""exists"":true,""fits_valid"":true,""mtime_ns"":1784685467734981594,""mtime_utc"":""2026-07-22T01:57:47.734+00:00"",""name"":""clean_model_fits"",""ok"":true,""path"":""/Users/zuha/Desktop/FKI/4 курс 2025-2026/course_work-SBF/runs/sbf3_go3055_go7763/products/NGC_4528/F150W__F115W/166c0b57f2ab/jw07763-o028_t028_nircam_clear-f150w_i2d_01_модель_чистая.fits"",""relative_path"":""jw07763-o028_t028_nircam_clear-f150w_i2d_01_модель_чистая.fits"",""sha256"":""823a1b4d87bc3acdfd7357a5dc23925997a8fa7c3c5be53ae965b92e9cd079bd"",""size_bytes"":173718720},{""exists"":true,""fits_valid"":true,""mtime_ns"":1784685467932860056,""mtime_utc"":""2026-07-22T01:57:47.932+00:00"",""name"":""clean_isophotes_fits"",""ok"":true,""path"":""/Users/zuha/Desktop/FKI/4 курс 2025-2026/course_work-SBF/runs/sbf3_go3055_go7763/products/NGC_4528/F150W__F115W/166c0b57f2ab/jw07763-o028_t028_nircam_clear-f150w_i2d_02_изофоты_чистые.fits"",""relative_path"":""jw07763-o028_t028_nircam_clear-f150w_i2d_02_изофоты_чистые.fits"",""sha256"":""3b7ce4d6f34b43907043be26165489b5f7014798ab0add8e978ca7a252109dcc"",""size_bytes"":173718720},{""exists"":true,""fits_valid"":true,""mtime_ns"":1784685468109277083,""mtime_utc"":""2026-07-22T01:57:48.109+00:00"",""name"":""full_residual_fits"",""ok"":true,""path"":""/Users/zuha/Desktop/FKI/4 курс 2025-2026/course_work-SBF/runs/sbf3_go3055_go7763/products/NGC_4528/F150W__F115W/166c0b57f2ab/jw07763-o028_t028_nircam_clear-f150w_i2d_03_остатки_общие.fits"",""relative_path"":""jw07763-o028_t028_nircam_clear-f150w_i2d_03_остатки_общие.fits"",""sha256"":""ca8f528db2fc0a5ec707eeab8d2ef80bdd3385d90a54c32ba80f7f1faf0996f6"",""size_bytes"":173718720},{""exists"":true,""fits_valid"":true,""mtime_ns"":1784685468297622454,""mtime_utc"":""2026-07-22T01:57:48.297+00:00"",""name"":""working_residual_fits"",""ok"":true,""path"":""/Users/zuha/Desktop/FKI/4 курс 2025-2026/course_work-SBF/runs/sbf3_go3055_go7763/products/NGC_4528/F150W__F115W/166c0b57f2ab/jw07763-o028_t028_nircam_clear-f150w_i2d_04_остатки_общие_рабочие.fits"",""relative_path"":""jw07763-o028_t028_nircam_clear-f150w_i2d_04_остатки_общие_рабочие.fits"",""sha256"":""a188d14cf37ad48b0e73f0c9ce24e6b8029d8e8ff950d04f6ac686f827ac1874"",""size_bytes"":173718720},{""exists"":true,""fits_valid"":true,""mtime_ns"":1784688520106651560,""mtime_utc"":""2026-07-22T02:48:40.106+00:00"",""name"":""working_annuli_residual_fits"",""ok"":true,""path"":""/Users/zuha/Desktop/FKI/4 курс 2025-2026/course_work-SBF/runs/sbf3_go3055_go7763/products/NGC_4528/F150W__F115W/166c0b57f2ab/jw07763-o028_t028_nircam_clear-f150w_i2d_05_остатки_общие_рабочие_два_кольца.fits"",""relative_path"":""jw07763-o028_t028_nircam_clear-f150w_i2d_05_остатки_общие_рабочие_два_кольца.fits"",""sha256"":""806f0c1ff7ea0243bfb43d3ac7a02d7dcf09abe704e85e7ee220da816d57083c"",""size_bytes"":173718720}],""target"":""NGC 4528""}"
2191,run-20260720T164920Z-5f8824d560b3-6a51d38a,job-279beec6c80486afadadc749b5b409fa6e4d460eaabd0c2422fd7b5a300b90c5,NGC 4531,,1784688550.340704,INFO,JOB_STATE_CHANGED,,"{""from"":""PENDING"",""to"":""READY""}"
2192,run-20260720T164920Z-5f8824d560b3-6a51d38a,job-279beec6c80486afadadc749b5b409fa6e4d460eaabd0c2422fd7b5a300b90c5,NGC 4531,,1784688550.344408,INFO,INPUT_READY_INITIAL,,"{""inputs"":{""color"":{""expected_size_bytes"":1216258560,""filter"":""F115W"",""final_exists"":true,""final_fits_error"":null,""final_path"":""/Users/zuha/Desktop/FKI/4 курс 2025-2026/course_work-SBF/data/NGC 4531/jw07763-o018_t018_nircam_clear-f115w_i2d.fits"",""final_ready"":true,""final_size_bytes"":1216258560,""part_exists"":false,""part_metadata"":null,""part_metadata_error"":null,""part_path"":""/Users/zuha/Desktop/FKI/4 курс 2025-2026/course_work-SBF/data/NGC 4531/jw07763-o018_t018_nircam_clear-f115w_i2d.fits.part"",""part_size_bytes"":0,""restart_part_exists"":false,""restart_part_path"":""/Users/zuha/Desktop/FKI/4 курс 2025-2026/course_work-SBF/data/NGC 4531/jw07763-o018_t018_nircam_clear-f115w_i2d.fits.restart.part"",""restart_part_size_bytes"":0,""transfer_percent"":null},""signal"":{""expected_size_bytes"":1216258560,""filter"":""F150W"",""final_exists"":true,""final_fits_error"":null,""final_path"":""/Users/zuha/Desktop/FKI/4 курс 2025-2026/course_work-SBF/data/NGC 4531/jw07763-o018_t018_nircam_clear-f150w_i2d.fits"",""final_ready"":true,""final_size_bytes"":1216258560,""part_exists"":false,""part_metadata"":null,""part_metadata_error"":null,""part_path"":""/Users/zuha/Desktop/FKI/4 курс 2025-2026/course_work-SBF/data/NGC 4531/jw07763-o018_t018_nircam_clear-f150w_i2d.fits.part"",""part_size_bytes"":0,""restart_part_exists"":false,""restart_part_path"":""/Users/zuha/Desktop/FKI/4 курс 2025-2026/course_work-SBF/data/NGC 4531/jw07763-o018_t018_nircam_clear-f150w_i2d.fits.restart.part"",""restart_part_size_bytes"":0,""transfer_percent"":null}},""program"":""7763"",""target"":""NGC 4531""}"
2193,run-20260720T164920Z-5f8824d560b3-6a51d38a,job-279beec6c80486afadadc749b5b409fa6e4d460eaabd0c2422fd7b5a300b90c5,NGC 4531,,1784688550.467371,INFO,WORKER_START_REQUESTED,,"{""color_path"":""/Users/zuha/Desktop/FKI/4 курс 2025-2026/course_work-SBF/data/NGC 4531/jw07763-o018_t018_nircam_clear-f115w_i2d.fits"",""command"":[""/Users/zuha/Desktop/FKI/4 курс 2025-2026/course_work-SBF/astro_env/bin/python3"",""/Users/zuha/Desktop/FKI/4 курс 2025-2026/course_work-SBF/code/run_sbf_batch.py"",""--worker"",""--job-id"",""job-279beec6c80486afadadc749b5b409fa6e4d460eaabd0c2422fd7b5a300b90c5"",""--galaxy"",""NGC 4531"",""--signal"",""/Users/zuha/Desktop/FKI/4 курс 2025-2026/course_work-SBF/data/NGC 4531/jw07763-o018_t018_nircam_clear-f150w_i2d.fits"",""--color"",""/Users/zuha/Desktop/FKI/4 курс 2025-2026/course_work-SBF/data/NGC 4531/jw07763-o018_t018_nircam_clear-f115w_i2d.fits"",""--signal-filter"",""F150W"",""--color-filter"",""F115W"",""--template"",""/Users/zuha/Desktop/FKI/4 курс 2025-2026/course_work-SBF/code/sbf-3.ipynb"",""--batch-root"",""/Users/zuha/Desktop/FKI/4 курс 2025-2026/course_work-SBF/runs/sbf3_go3055_go7763/batch"",""--products-root"",""/Users/zuha/Desktop/FKI/4 курс 2025-2026/course_work-SBF/runs/sbf3_go3055_go7763/products""],""filters"":{""color"":""F115W"",""signal"":""F150W""},""program"":""7763"",""signal_path"":""/Users/zuha/Desktop/FKI/4 курс 2025-2026/course_work-SBF/data/NGC 4531/jw07763-o018_t018_nircam_clear-f150w_i2d.fits"",""target"":""NGC 4531""}"
2194,run-20260720T164920Z-5f8824d560b3-6a51d38a,job-279beec6c80486afadadc749b5b409fa6e4d460eaabd0c2422fd7b5a300b90c5,NGC 4531,,1784688550.468256,INFO,JOB_STATE_CHANGED,,"{""from"":""READY"",""to"":""RUNNING""}"
2195,run-20260720T164920Z-5f8824d560b3-6a51d38a,job-279beec6c80486afadadc749b5b409fa6e4d460eaabd0c2422fd7b5a300b90c5,NGC 4531,162,1784688550.473661,INFO,ATTEMPT_STARTED,,"{""attempt_no"":1,""pid"":72478}"
2196,run-20260720T164920Z-5f8824d560b3-6a51d38a,job-279beec6c80486afadadc749b5b409fa6e4d460eaabd0c2422fd7b5a300b90c5,NGC 4531,162,1784692631.81306,INFO,WORKER_SUPERVISION_ENDED,,"{""completed"":true,""detail"":null,""duration_seconds"":4081.298629875062,""ended_monotonic"":547421.748788791,""last_sample"":{""available_ram_bytes"":11599527936,""collector"":""psutil"",""disk"":{""free_bytes"":149068795904,""free_gib"":138.83113479614258,""path"":""/Users/zuha/Desktop/FKI/4 курс 2025-2026/course_work-SBF/data"",""total_bytes"":994662584320,""total_gib"":926.3517189025879,""used_bytes"":845593788416,""used_gib"":787.5205841064453},""disk_free_bytes"":149068795904,""monotonic"":547391.737780833,""pid"":72478,""swap"":{""free_bytes"":977338368,""free_gib"":0.91021728515625,""percent"":94.3,""total_bytes"":17179869184,""total_gib"":16.0,""used_bytes"":16202530816,""used_gib"":15.08978271484375},""swap_used_bytes"":16202530816,""system_ram"":{""available_bytes"":11599527936,""available_gib"":10.802902221679688,""percent"":66.2,""total_bytes"":34359738368,""total_gib"":32.0,""used_bytes"":9436807168,""used_gib"":8.788711547851562},""timestamp_utc"":""2026-07-22T03:56:41.795+00:00"",""worker"":{""child_count"":1,""children_rss_bytes"":5439488,""children_rss_gib"":0.00506591796875,""pid"":72478,""rss_bytes"":3644784640,""rss_gib"":3.39447021484375,""status"":""sleeping"",""total_rss_bytes"":3650224128,""total_rss_gib"":3.3995361328125},""worker_children_rss_bytes"":5439488,""worker_rss_bytes"":3644784640,""worker_total_rss_bytes"":3650224128},""ok"":true,""reason"":""completed"",""returncode"":0,""sample_count"":136,""signal_name"":null,""started_monotonic"":543340.450158916,""termination"":null}"
2197,run-20260720T164920Z-5f8824d560b3-6a51d38a,job-279beec6c80486afadadc749b5b409fa6e4d460eaabd0c2422fd7b5a300b90c5,NGC 4531,,1784692632.262932,INFO,JOB_STATE_CHANGED,,"{""from"":""RUNNING"",""to"":""VERIFYING""}"
2198,run-20260720T164920Z-5f8824d560b3-6a51d38a,job-279beec6c80486afadadc749b5b409fa6e4d460eaabd0c2422fd7b5a300b90c5,NGC 4531,162,1784692632.2656178,INFO,ARTIFACT_RECORDED,,"{""artifact_id"":241,""kind"":""clean_model_fits"",""path"":""/Users/zuha/Desktop/FKI/4 курс 2025-2026/course_work-SBF/runs/sbf3_go3055_go7763/products/NGC_4531/F150W__F115W/279beec6c804/jw07763-o018_t018_nircam_clear-f150w_i2d_01_модель_чистая.fits"",""verified"":true}"
2199,run-20260720T164920Z-5f8824d560b3-6a51d38a,job-279beec6c80486afadadc749b5b409fa6e4d460eaabd0c2422fd7b5a300b90c5,NGC 4531,162,1784692632.2670999,INFO,ARTIFACT_RECORDED,,"{""artifact_id"":242,""kind"":""clean_isophotes_fits"",""path"":""/Users/zuha/Desktop/FKI/4 курс 2025-2026/course_work-SBF/runs/sbf3_go3055_go7763/products/NGC_4531/F150W__F115W/279beec6c804/jw07763-o018_t018_nircam_clear-f150w_i2d_02_изофоты_чистые.fits"",""verified"":true}"
2200,run-20260720T164920Z-5f8824d560b3-6a51d38a,job-279beec6c80486afadadc749b5b409fa6e4d460eaabd0c2422fd7b5a300b90c5,NGC 4531,162,1784692632.268516,INFO,ARTIFACT_RECORDED,,"{""artifact_id"":243,""kind"":""full_residual_fits"",""path"":""/Users/zuha/Desktop/FKI/4 курс 2025-2026/course_work-SBF/runs/sbf3_go3055_go7763/products/NGC_4531/F150W__F115W/279beec6c804/jw07763-o018_t018_nircam_clear-f150w_i2d_03_остатки_общие.fits"",""verified"":true}"
2201,run-20260720T164920Z-5f8824d560b3-6a51d38a,job-279beec6c80486afadadc749b5b409fa6e4d460eaabd0c2422fd7b5a300b90c5,NGC 4531,162,1784692632.269761,INFO,ARTIFACT_RECORDED,,"{""artifact_id"":244,""kind"":""working_residual_fits"",""path"":""/Users/zuha/Desktop/FKI/4 курс 2025-2026/course_work-SBF/runs/sbf3_go3055_go7763/products/NGC_4531/F150W__F115W/279beec6c804/jw07763-o018_t018_nircam_clear-f150w_i2d_04_остатки_общие_рабочие.fits"",""verified"":true}"
2202,run-20260720T164920Z-5f8824d560b3-6a51d38a,job-279beec6c80486afadadc749b5b409fa6e4d460eaabd0c2422fd7b5a300b90c5,NGC 4531,162,1784692632.270775,INFO,ARTIFACT_RECORDED,,"{""artifact_id"":245,""kind"":""working_annuli_residual_fits"",""path"":""/Users/zuha/Desktop/FKI/4 курс 2025-2026/course_work-SBF/runs/sbf3_go3055_go7763/products/NGC_4531/F150W__F115W/279beec6c804/jw07763-o018_t018_nircam_clear-f150w_i2d_05_остатки_общие_рабочие_два_кольца.fits"",""verified"":true}"
2203,run-20260720T164920Z-5f8824d560b3-6a51d38a,job-279beec6c80486afadadc749b5b409fa6e4d460eaabd0c2422fd7b5a300b90c5,NGC 4531,162,1784692632.271681,INFO,ATTEMPT_ENDED,,"{""exit_code"":0,""state"":""SUCCEEDED""}"
2204,run-20260720T164920Z-5f8824d560b3-6a51d38a,job-279beec6c80486afadadc749b5b409fa6e4d460eaabd0c2422fd7b5a300b90c5,NGC 4531,,1784692632.272539,INFO,JOB_STATE_CHANGED,,"{""from"":""VERIFYING"",""to"":""SUCCEEDED""}"
2205,run-20260720T164920Z-5f8824d560b3-6a51d38a,job-279beec6c80486afadadc749b5b409fa6e4d460eaabd0c2422fd7b5a300b90c5,NGC 4531,162,1784692632.275758,INFO,ARTIFACTS_VERIFIED,,"{""artifact_count"":5,""artifact_manifest_path"":""/Users/zuha/Desktop/FKI/4 курс 2025-2026/course_work-SBF/runs/sbf3_go3055_go7763/batch/artifact_manifests/NGC_4531__F150W__F115W__279beec6c804_result_artifacts.json"",""artifacts"":[{""exists"":true,""fits_valid"":true,""mtime_ns"":1784689592703552217,""mtime_utc"":""2026-07-22T03:06:32.703+00:00"",""name"":""clean_model_fits"",""ok"":true,""path"":""/Users/zuha/Desktop/FKI/4 курс 2025-2026/course_work-SBF/runs/sbf3_go3055_go7763/products/NGC_4531/F150W__F115W/279beec6c804/jw07763-o018_t018_nircam_clear-f150w_i2d_01_модель_чистая.fits"",""relative_path"":""jw07763-o018_t018_nircam_clear-f150w_i2d_01_модель_чистая.fits"",""sha256"":""afef486216cc4f98278dbf7a54399a45113623b00c3ec8dba9c60618d4b7c2f6"",""size_bytes"":173718720},{""exists"":true,""fits_valid"":true,""mtime_ns"":1784689592907534529,""mtime_utc"":""2026-07-22T03:06:32.907+00:00"",""name"":""clean_isophotes_fits"",""ok"":true,""path"":""/Users/zuha/Desktop/FKI/4 курс 2025-2026/course_work-SBF/runs/sbf3_go3055_go7763/products/NGC_4531/F150W__F115W/279beec6c804/jw07763-o018_t018_nircam_clear-f150w_i2d_02_изофоты_чистые.fits"",""relative_path"":""jw07763-o018_t018_nircam_clear-f150w_i2d_02_изофоты_чистые.fits"",""sha256"":""5e683fa3699647a383063b7ffec38455ed8a6d6c3f76b7ccd735e3af3c47794f"",""size_bytes"":173718720},{""exists"":true,""fits_valid"":true,""mtime_ns"":1784689593103817397,""mtime_utc"":""2026-07-22T03:06:33.103+00:00"",""name"":""full_residual_fits"",""ok"":true,""path"":""/Users/zuha/Desktop/FKI/4 курс 2025-2026/course_work-SBF/runs/sbf3_go3055_go7763/products/NGC_4531/F150W__F115W/279beec6c804/jw07763-o018_t018_nircam_clear-f150w_i2d_03_остатки_общие.fits"",""relative_path"":""jw07763-o018_t018_nircam_clear-f150w_i2d_03_остатки_общие.fits"",""sha256"":""b58f1671c70d6438cab3ad87da96266d866b71e73017d33357dda98d29f94b9b"",""size_bytes"":173718720},{""exists"":true,""fits_valid"":true,""mtime_ns"":1784689593293579551,""mtime_utc"":""2026-07-22T03:06:33.293+00:00"",""name"":""working_residual_fits"",""ok"":true,""path"":""/Users/zuha/Desktop/FKI/4 курс 2025-2026/course_work-SBF/runs/sbf3_go3055_go7763/products/NGC_4531/F150W__F115W/279beec6c804/jw07763-o018_t018_nircam_clear-f150w_i2d_04_остатки_общие_рабочие.fits"",""relative_path"":""jw07763-o018_t018_nircam_clear-f150w_i2d_04_остатки_общие_рабочие.fits"",""sha256"":""1c804a54bc2b60480fb1a70b7b7fa080b9fc782fa63fccac22b8f28b576604bd"",""size_bytes"":173718720},{""exists"":true,""fits_valid"":true,""mtime_ns"":1784692601637160202,""mtime_utc"":""2026-07-22T03:56:41.637+00:00"",""name"":""working_annuli_residual_fits"",""ok"":true,""path"":""/Users/zuha/Desktop/FKI/4 курс 2025-2026/course_work-SBF/runs/sbf3_go3055_go7763/products/NGC_4531/F150W__F115W/279beec6c804/jw07763-o018_t018_nircam_clear-f150w_i2d_05_остатки_общие_рабочие_два_кольца.fits"",""relative_path"":""jw07763-o018_t018_nircam_clear-f150w_i2d_05_остатки_общие_рабочие_два_кольца.fits"",""sha256"":""ab0e4f60a75dad6e2e9e211dcc68b51b094c49c0c358465ff960e1707940a27d"",""size_bytes"":173718720}],""target"":""NGC 4531""}"
2206,run-20260720T164920Z-5f8824d560b3-6a51d38a,job-cea29b2dba217dcd19cdd54daa9dbd7ae6393149561c4b1ffe569509d15541f8,NGC 4548,,1784692632.3360362,INFO,JOB_STATE_CHANGED,,"{""from"":""PENDING"",""to"":""READY""}"
2207,run-20260720T164920Z-5f8824d560b3-6a51d38a,job-cea29b2dba217dcd19cdd54daa9dbd7ae6393149561c4b1ffe569509d15541f8,NGC 4548,,1784692632.339602,INFO,INPUT_READY_INITIAL,,"{""inputs"":{""color"":{""expected_size_bytes"":1216137600,""filter"":""F115W"",""final_exists"":true,""final_fits_error"":null,""final_path"":""/Users/zuha/Desktop/FKI/4 курс 2025-2026/course_work-SBF/data/NGC 4548/jw07763-o003_t003_nircam_clear-f115w_i2d.fits"",""final_ready"":true,""final_size_bytes"":1216137600,""part_exists"":false,""part_metadata"":null,""part_metadata_error"":null,""part_path"":""/Users/zuha/Desktop/FKI/4 курс 2025-2026/course_work-SBF/data/NGC 4548/jw07763-o003_t003_nircam_clear-f115w_i2d.fits.part"",""part_size_bytes"":0,""restart_part_exists"":false,""restart_part_path"":""/Users/zuha/Desktop/FKI/4 курс 2025-2026/course_work-SBF/data/NGC 4548/jw07763-o003_t003_nircam_clear-f115w_i2d.fits.restart.part"",""restart_part_size_bytes"":0,""transfer_percent"":null},""signal"":{""expected_size_bytes"":1216137600,""filter"":""F150W"",""final_exists"":true,""final_fits_error"":null,""final_path"":""/Users/zuha/Desktop/FKI/4 курс 2025-2026/course_work-SBF/data/NGC 4548/jw07763-o003_t003_nircam_clear-f150w_i2d.fits"",""final_ready"":true,""final_size_bytes"":1216137600,""part_exists"":false,""part_metadata"":null,""part_metadata_error"":null,""part_path"":""/Users/zuha/Desktop/FKI/4 курс 2025-2026/course_work-SBF/data/NGC 4548/jw07763-o003_t003_nircam_clear-f150w_i2d.fits.part"",""part_size_bytes"":0,""restart_part_exists"":false,""restart_part_path"":""/Users/zuha/Desktop/FKI/4 курс 2025-2026/course_work-SBF/data/NGC 4548/jw07763-o003_t003_nircam_clear-f150w_i2d.fits.restart.part"",""restart_part_size_bytes"":0,""transfer_percent"":null}},""program"":""7763"",""target"":""NGC 4548""}"
2208,run-20260720T164920Z-5f8824d560b3-6a51d38a,job-cea29b2dba217dcd19cdd54daa9dbd7ae6393149561c4b1ffe569509d15541f8,NGC 4548,,1784692632.462812,INFO,WORKER_START_REQUESTED,,"{""color_path"":""/Users/zuha/Desktop/FKI/4 курс 2025-2026/course_work-SBF/data/NGC 4548/jw07763-o003_t003_nircam_clear-f115w_i2d.fits"",""command"":[""/Users/zuha/Desktop/FKI/4 курс 2025-2026/course_work-SBF/astro_env/bin/python3"",""/Users/zuha/Desktop/FKI/4 курс 2025-2026/course_work-SBF/code/run_sbf_batch.py"",""--worker"",""--job-id"",""job-cea29b2dba217dcd19cdd54daa9dbd7ae6393149561c4b1ffe569509d15541f8"",""--galaxy"",""NGC 4548"",""--signal"",""/Users/zuha/Desktop/FKI/4 курс 2025-2026/course_work-SBF/data/NGC 4548/jw07763-o003_t003_nircam_clear-f150w_i2d.fits"",""--color"",""/Users/zuha/Desktop/FKI/4 курс 2025-2026/course_work-SBF/data/NGC 4548/jw07763-o003_t003_nircam_clear-f115w_i2d.fits"",""--signal-filter"",""F150W"",""--color-filter"",""F115W"",""--template"",""/Users/zuha/Desktop/FKI/4 курс 2025-2026/course_work-SBF/code/sbf-3.ipynb"",""--batch-root"",""/Users/zuha/Desktop/FKI/4 курс 2025-2026/course_work-SBF/runs/sbf3_go3055_go7763/batch"",""--products-root"",""/Users/zuha/Desktop/FKI/4 курс 2025-2026/course_work-SBF/runs/sbf3_go3055_go7763/products""],""filters"":{""color"":""F115W"",""signal"":""F150W""},""program"":""7763"",""signal_path"":""/Users/zuha/Desktop/FKI/4 курс 2025-2026/course_work-SBF/data/NGC 4548/jw07763-o003_t003_nircam_clear-f150w_i2d.fits"",""target"":""NGC 4548""}"
2209,run-20260720T164920Z-5f8824d560b3-6a51d38a,job-cea29b2dba217dcd19cdd54daa9dbd7ae6393149561c4b1ffe569509d15541f8,NGC 4548,,1784692632.4633758,INFO,JOB_STATE_CHANGED,,"{""from"":""READY"",""to"":""RUNNING""}"
2210,run-20260720T164920Z-5f8824d560b3-6a51d38a,job-cea29b2dba217dcd19cdd54daa9dbd7ae6393149561c4b1ffe569509d15541f8,NGC 4548,163,1784692632.4688158,INFO,ATTEMPT_STARTED,,"{""attempt_no"":1,""pid"":89161}"
2211,run-20260720T164920Z-5f8824d560b3-6a51d38a,job-cea29b2dba217dcd19cdd54daa9dbd7ae6393149561c4b1ffe569509d15541f8,NGC 4548,163,1784692812.532835,INFO,WORKER_SUPERVISION_ENDED,,"{""completed"":true,""detail"":null,""duration_seconds"":180.05065812496468,""ended_monotonic"":547602.462698791,""last_sample"":{""available_ram_bytes"":11658297344,""collector"":""psutil"",""disk"":{""free_bytes"":148922609664,""free_gib"":138.69498825073242,""path"":""/Users/zuha/Desktop/FKI/4 курс 2025-2026/course_work-SBF/data"",""total_bytes"":994662584320,""total_gib"":926.3517189025879,""used_bytes"":845739974656,""used_gib"":787.6567306518555},""disk_free_bytes"":148922609664,""monotonic"":547572.452460625,""pid"":89161,""swap"":{""free_bytes"":977338368,""free_gib"":0.91021728515625,""percent"":94.3,""total_bytes"":17179869184,""total_gib"":16.0,""used_bytes"":16202530816,""used_gib"":15.08978271484375},""swap_used_bytes"":16202530816,""system_ram"":{""available_bytes"":11658297344,""available_gib"":10.857635498046875,""percent"":66.1,""total_bytes"":34359738368,""total_gib"":32.0,""used_bytes"":14175535104,""used_gib"":13.201995849609375},""timestamp_utc"":""2026-07-22T03:59:42.512+00:00"",""worker"":{""child_count"":9,""children_rss_bytes"":2166669312,""children_rss_gib"":2.0178680419921875,""pid"":89161,""rss_bytes"":5973049344,""rss_gib"":5.562835693359375,""status"":""sleeping"",""total_rss_bytes"":8139718656,""total_rss_gib"":7.5807037353515625},""worker_children_rss_bytes"":2166669312,""worker_rss_bytes"":5973049344,""worker_total_rss_bytes"":8139718656},""ok"":false,""reason"":""completed"",""returncode"":1,""sample_count"":6,""signal_name"":null,""started_monotonic"":547422.412040666,""termination"":null}"
2212,run-20260720T164920Z-5f8824d560b3-6a51d38a,job-cea29b2dba217dcd19cdd54daa9dbd7ae6393149561c4b1ffe569509d15541f8,NGC 4548,163,1784692812.536387,ERROR,ATTEMPT_ENDED,worker exited 1; required artifacts are absent or invalid,"{""exit_code"":1,""state"":""FAILED""}"
2213,run-20260720T164920Z-5f8824d560b3-6a51d38a,job-cea29b2dba217dcd19cdd54daa9dbd7ae6393149561c4b1ffe569509d15541f8,NGC 4548,,1784692812.540215,INFO,JOB_STATE_CHANGED,worker exited 1; required artifacts are absent or invalid,"{""from"":""RUNNING"",""to"":""RETRY_WAIT""}"
2214,run-20260720T164920Z-5f8824d560b3-6a51d38a,job-9b4747c6a831180c14acbdceea4ef6d2918fc331958ee26175b3d8e1e9474fb2,NGC 4550,,1784692812.598426,INFO,JOB_STATE_CHANGED,,"{""from"":""PENDING"",""to"":""READY""}"
2215,run-20260720T164920Z-5f8824d560b3-6a51d38a,job-9b4747c6a831180c14acbdceea4ef6d2918fc331958ee26175b3d8e1e9474fb2,NGC 4550,,1784692812.602452,INFO,INPUT_READY_INITIAL,,"{""inputs"":{""color"":{""expected_size_bytes"":1215976320,""filter"":""F115W"",""final_exists"":true,""final_fits_error"":null,""final_path"":""/Users/zuha/Desktop/FKI/4 курс 2025-2026/course_work-SBF/data/NGC 4550/jw07763-o026_t026_nircam_clear-f115w_i2d.fits"",""final_ready"":true,""final_size_bytes"":1215976320,""part_exists"":false,""part_metadata"":null,""part_metadata_error"":null,""part_path"":""/Users/zuha/Desktop/FKI/4 курс 2025-2026/course_work-SBF/data/NGC 4550/jw07763-o026_t026_nircam_clear-f115w_i2d.fits.part"",""part_size_bytes"":0,""restart_part_exists"":false,""restart_part_path"":""/Users/zuha/Desktop/FKI/4 курс 2025-2026/course_work-SBF/data/NGC 4550/jw07763-o026_t026_nircam_clear-f115w_i2d.fits.restart.part"",""restart_part_size_bytes"":0,""transfer_percent"":null},""signal"":{""expected_size_bytes"":1215855360,""filter"":""F150W"",""final_exists"":true,""final_fits_error"":null,""final_path"":""/Users/zuha/Desktop/FKI/4 курс 2025-2026/course_work-SBF/data/NGC 4550/jw07763-o026_t026_nircam_clear-f150w_i2d.fits"",""final_ready"":true,""final_size_bytes"":1215855360,""part_exists"":false,""part_metadata"":null,""part_metadata_error"":null,""part_path"":""/Users/zuha/Desktop/FKI/4 курс 2025-2026/course_work-SBF/data/NGC 4550/jw07763-o026_t026_nircam_clear-f150w_i2d.fits.part"",""part_size_bytes"":0,""restart_part_exists"":false,""restart_part_path"":""/Users/zuha/Desktop/FKI/4 курс 2025-2026/course_work-SBF/data/NGC 4550/jw07763-o026_t026_nircam_clear-f150w_i2d.fits.restart.part"",""restart_part_size_bytes"":0,""transfer_percent"":null}},""program"":""7763"",""target"":""NGC 4550""}"
2216,run-20260720T164920Z-5f8824d560b3-6a51d38a,job-9b4747c6a831180c14acbdceea4ef6d2918fc331958ee26175b3d8e1e9474fb2,NGC 4550,,1784692812.707433,INFO,WORKER_START_REQUESTED,,"{""color_path"":""/Users/zuha/Desktop/FKI/4 курс 2025-2026/course_work-SBF/data/NGC 4550/jw07763-o026_t026_nircam_clear-f115w_i2d.fits"",""command"":[""/Users/zuha/Desktop/FKI/4 курс 2025-2026/course_work-SBF/astro_env/bin/python3"",""/Users/zuha/Desktop/FKI/4 курс 2025-2026/course_work-SBF/code/run_sbf_batch.py"",""--worker"",""--job-id"",""job-9b4747c6a831180c14acbdceea4ef6d2918fc331958ee26175b3d8e1e9474fb2"",""--galaxy"",""NGC 4550"",""--signal"",""/Users/zuha/Desktop/FKI/4 курс 2025-2026/course_work-SBF/data/NGC 4550/jw07763-o026_t026_nircam_clear-f150w_i2d.fits"",""--color"",""/Users/zuha/Desktop/FKI/4 курс 2025-2026/course_work-SBF/data/NGC 4550/jw07763-o026_t026_nircam_clear-f115w_i2d.fits"",""--signal-filter"",""F150W"",""--color-filter"",""F115W"",""--template"",""/Users/zuha/Desktop/FKI/4 курс 2025-2026/course_work-SBF/code/sbf-3.ipynb"",""--batch-root"",""/Users/zuha/Desktop/FKI/4 курс 2025-2026/course_work-SBF/runs/sbf3_go3055_go7763/batch"",""--products-root"",""/Users/zuha/Desktop/FKI/4 курс 2025-2026/course_work-SBF/runs/sbf3_go3055_go7763/products""],""filters"":{""color"":""F115W"",""signal"":""F150W""},""program"":""7763"",""signal_path"":""/Users/zuha/Desktop/FKI/4 курс 2025-2026/course_work-SBF/data/NGC 4550/jw07763-o026_t026_nircam_clear-f150w_i2d.fits"",""target"":""NGC 4550""}"
2217,run-20260720T164920Z-5f8824d560b3-6a51d38a,job-9b4747c6a831180c14acbdceea4ef6d2918fc331958ee26175b3d8e1e9474fb2,NGC 4550,,1784692812.708096,INFO,JOB_STATE_CHANGED,,"{""from"":""READY"",""to"":""RUNNING""}"
2218,run-20260720T164920Z-5f8824d560b3-6a51d38a,job-9b4747c6a831180c14acbdceea4ef6d2918fc331958ee26175b3d8e1e9474fb2,NGC 4550,164,1784692812.7121558,INFO,ATTEMPT_STARTED,,"{""attempt_no"":1,""pid"":89889}"
2219,run-20260720T164920Z-5f8824d560b3-6a51d38a,job-9b4747c6a831180c14acbdceea4ef6d2918fc331958ee26175b3d8e1e9474fb2,NGC 4550,164,1784696864.058717,INFO,WORKER_SUPERVISION_ENDED,,"{""completed"":true,""detail"":null,""duration_seconds"":4051.273677457939,""ended_monotonic"":551653.927482666,""last_sample"":{""available_ram_bytes"":9097854976,""collector"":""psutil"",""disk"":{""free_bytes"":145305935872,""free_gib"":135.32669830322266,""path"":""/Users/zuha/Desktop/FKI/4 курс 2025-2026/course_work-SBF/data"",""total_bytes"":994662584320,""total_gib"":926.3517189025879,""used_bytes"":849356648448,""used_gib"":791.0250205993652},""disk_free_bytes"":145305935872,""monotonic"":551623.917356958,""pid"":89889,""swap"":{""free_bytes"":994115584,""free_gib"":0.92584228515625,""percent"":94.2,""total_bytes"":17179869184,""total_gib"":16.0,""used_bytes"":16185753600,""used_gib"":15.07415771484375},""swap_used_bytes"":16185753600,""system_ram"":{""available_bytes"":9097854976,""available_gib"":8.473037719726562,""percent"":73.5,""total_bytes"":34359738368,""total_gib"":32.0,""used_bytes"":10226401280,""used_gib"":9.524078369140625},""timestamp_utc"":""2026-07-22T05:07:14.044+00:00"",""worker"":{""child_count"":1,""children_rss_bytes"":5439488,""children_rss_gib"":0.00506591796875,""pid"":89889,""rss_bytes"":5380096000,""rss_gib"":5.0106048583984375,""status"":""sleeping"",""total_rss_bytes"":5385535488,""total_rss_gib"":5.0156707763671875},""worker_children_rss_bytes"":5439488,""worker_rss_bytes"":5380096000,""worker_total_rss_bytes"":5385535488},""ok"":true,""reason"":""completed"",""returncode"":0,""sample_count"":135,""signal_name"":null,""started_monotonic"":547602.653805208,""termination"":null}"
2220,run-20260720T164920Z-5f8824d560b3-6a51d38a,job-9b4747c6a831180c14acbdceea4ef6d2918fc331958ee26175b3d8e1e9474fb2,NGC 4550,,1784696864.505327,INFO,JOB_STATE_CHANGED,,"{""from"":""RUNNING"",""to"":""VERIFYING""}"
2221,run-20260720T164920Z-5f8824d560b3-6a51d38a,job-9b4747c6a831180c14acbdceea4ef6d2918fc331958ee26175b3d8e1e9474fb2,NGC 4550,164,1784696864.508022,INFO,ARTIFACT_RECORDED,,"{""artifact_id"":246,""kind"":""clean_model_fits"",""path"":""/Users/zuha/Desktop/FKI/4 курс 2025-2026/course_work-SBF/runs/sbf3_go3055_go7763/products/NGC_4550/F150W__F115W/9b4747c6a831/jw07763-o026_t026_nircam_clear-f150w_i2d_01_модель_чистая.fits"",""verified"":true}"
2222,run-20260720T164920Z-5f8824d560b3-6a51d38a,job-9b4747c6a831180c14acbdceea4ef6d2918fc331958ee26175b3d8e1e9474fb2,NGC 4550,164,1784696864.509544,INFO,ARTIFACT_RECORDED,,"{""artifact_id"":247,""kind"":""clean_isophotes_fits"",""path"":""/Users/zuha/Desktop/FKI/4 курс 2025-2026/course_work-SBF/runs/sbf3_go3055_go7763/products/NGC_4550/F150W__F115W/9b4747c6a831/jw07763-o026_t026_nircam_clear-f150w_i2d_02_изофоты_чистые.fits"",""verified"":true}"
2223,run-20260720T164920Z-5f8824d560b3-6a51d38a,job-9b4747c6a831180c14acbdceea4ef6d2918fc331958ee26175b3d8e1e9474fb2,NGC 4550,164,1784696864.510435,INFO,ARTIFACT_RECORDED,,"{""artifact_id"":248,""kind"":""full_residual_fits"",""path"":""/Users/zuha/Desktop/FKI/4 курс 2025-2026/course_work-SBF/runs/sbf3_go3055_go7763/products/NGC_4550/F150W__F115W/9b4747c6a831/jw07763-o026_t026_nircam_clear-f150w_i2d_03_остатки_общие.fits"",""verified"":true}"
2224,run-20260720T164920Z-5f8824d560b3-6a51d38a,job-9b4747c6a831180c14acbdceea4ef6d2918fc331958ee26175b3d8e1e9474fb2,NGC 4550,164,1784696864.511366,INFO,ARTIFACT_RECORDED,,"{""artifact_id"":249,""kind"":""working_residual_fits"",""path"":""/Users/zuha/Desktop/FKI/4 курс 2025-2026/course_work-SBF/runs/sbf3_go3055_go7763/products/NGC_4550/F150W__F115W/9b4747c6a831/jw07763-o026_t026_nircam_clear-f150w_i2d_04_остатки_общие_рабочие.fits"",""verified"":true}"
2225,run-20260720T164920Z-5f8824d560b3-6a51d38a,job-9b4747c6a831180c14acbdceea4ef6d2918fc331958ee26175b3d8e1e9474fb2,NGC 4550,164,1784696864.5125,INFO,ARTIFACT_RECORDED,,"{""artifact_id"":250,""kind"":""working_annuli_residual_fits"",""path"":""/Users/zuha/Desktop/FKI/4 курс 2025-2026/course_work-SBF/runs/sbf3_go3055_go7763/products/NGC_4550/F150W__F115W/9b4747c6a831/jw07763-o026_t026_nircam_clear-f150w_i2d_05_остатки_общие_рабочие_два_кольца.fits"",""verified"":true}"
2226,run-20260720T164920Z-5f8824d560b3-6a51d38a,job-9b4747c6a831180c14acbdceea4ef6d2918fc331958ee26175b3d8e1e9474fb2,NGC 4550,164,1784696864.513484,INFO,ATTEMPT_ENDED,,"{""exit_code"":0,""state"":""SUCCEEDED""}"
2227,run-20260720T164920Z-5f8824d560b3-6a51d38a,job-9b4747c6a831180c14acbdceea4ef6d2918fc331958ee26175b3d8e1e9474fb2,NGC 4550,,1784696864.5145862,INFO,JOB_STATE_CHANGED,,"{""from"":""VERIFYING"",""to"":""SUCCEEDED""}"
2228,run-20260720T164920Z-5f8824d560b3-6a51d38a,job-9b4747c6a831180c14acbdceea4ef6d2918fc331958ee26175b3d8e1e9474fb2,NGC 4550,164,1784696864.519116,INFO,ARTIFACTS_VERIFIED,,"{""artifact_count"":5,""artifact_manifest_path"":""/Users/zuha/Desktop/FKI/4 курс 2025-2026/course_work-SBF/runs/sbf3_go3055_go7763/batch/artifact_manifests/NGC_4550__F150W__F115W__9b4747c6a831_result_artifacts.json"",""artifacts"":[{""exists"":true,""fits_valid"":true,""mtime_ns"":1784693951385739080,""mtime_utc"":""2026-07-22T04:19:11.385+00:00"",""name"":""clean_model_fits"",""ok"":true,""path"":""/Users/zuha/Desktop/FKI/4 курс 2025-2026/course_work-SBF/runs/sbf3_go3055_go7763/products/NGC_4550/F150W__F115W/9b4747c6a831/jw07763-o026_t026_nircam_clear-f150w_i2d_01_модель_чистая.fits"",""relative_path"":""jw07763-o026_t026_nircam_clear-f150w_i2d_01_модель_чистая.fits"",""sha256"":""6ed9b9c9e281ff6e4757ee4e435e11a4f22ce63364729d02cdac8323b04b58c1"",""size_bytes"":173661120},{""exists"":true,""fits_valid"":true,""mtime_ns"":1784693951582788164,""mtime_utc"":""2026-07-22T04:19:11.582+00:00"",""name"":""clean_isophotes_fits"",""ok"":true,""path"":""/Users/zuha/Desktop/FKI/4 курс 2025-2026/course_work-SBF/runs/sbf3_go3055_go7763/products/NGC_4550/F150W__F115W/9b4747c6a831/jw07763-o026_t026_nircam_clear-f150w_i2d_02_изофоты_чистые.fits"",""relative_path"":""jw07763-o026_t026_nircam_clear-f150w_i2d_02_изофоты_чистые.fits"",""sha256"":""806c44743271342ae977a9745dabf3f2807ba9ff540c9f521f0b39333177d878"",""size_bytes"":173661120},{""exists"":true,""fits_valid"":true,""mtime_ns"":1784693951776018658,""mtime_utc"":""2026-07-22T04:19:11.776+00:00"",""name"":""full_residual_fits"",""ok"":true,""path"":""/Users/zuha/Desktop/FKI/4 курс 2025-2026/course_work-SBF/runs/sbf3_go3055_go7763/products/NGC_4550/F150W__F115W/9b4747c6a831/jw07763-o026_t026_nircam_clear-f150w_i2d_03_остатки_общие.fits"",""relative_path"":""jw07763-o026_t026_nircam_clear-f150w_i2d_03_остатки_общие.fits"",""sha256"":""c1fb59eb824c14dcc7211b95ce36baa18631a73f21d3158678755a5f260cf9f2"",""size_bytes"":173661120},{""exists"":true,""fits_valid"":true,""mtime_ns"":1784693951962327484,""mtime_utc"":""2026-07-22T04:19:11.962+00:00"",""name"":""working_residual_fits"",""ok"":true,""path"":""/Users/zuha/Desktop/FKI/4 курс 2025-2026/course_work-SBF/runs/sbf3_go3055_go7763/products/NGC_4550/F150W__F115W/9b4747c6a831/jw07763-o026_t026_nircam_clear-f150w_i2d_04_остатки_общие_рабочие.fits"",""relative_path"":""jw07763-o026_t026_nircam_clear-f150w_i2d_04_остатки_общие_рабочие.fits"",""sha256"":""1339909a7d54831f9b189628048f4c8ee1418d328230c544542500cd61476290"",""size_bytes"":173661120},{""exists"":true,""fits_valid"":true,""mtime_ns"":1784696858778043024,""mtime_utc"":""2026-07-22T05:07:38.778+00:00"",""name"":""working_annuli_residual_fits"",""ok"":true,""path"":""/Users/zuha/Desktop/FKI/4 курс 2025-2026/course_work-SBF/runs/sbf3_go3055_go7763/products/NGC_4550/F150W__F115W/9b4747c6a831/jw07763-o026_t026_nircam_clear-f150w_i2d_05_остатки_общие_рабочие_два_кольца.fits"",""relative_path"":""jw07763-o026_t026_nircam_clear-f150w_i2d_05_остатки_общие_рабочие_два_кольца.fits"",""sha256"":""1829d00cb686a94b9693d9cacc6526d43c2c340482d292ad753ff829cec7db6f"",""size_bytes"":173661120}],""target"":""NGC 4550""}"
2229,run-20260720T164920Z-5f8824d560b3-6a51d38a,job-5dc8cc66a00806024dfd73a00d64c9009b021fe69d06c9a79bc86beb165c034c,NGC 4551,,1784696864.572381,INFO,JOB_STATE_CHANGED,,"{""from"":""PENDING"",""to"":""READY""}"
2230,run-20260720T164920Z-5f8824d560b3-6a51d38a,job-5dc8cc66a00806024dfd73a00d64c9009b021fe69d06c9a79bc86beb165c034c,NGC 4551,,1784696864.5758898,INFO,INPUT_READY_INITIAL,,"{""inputs"":{""color"":{""expected_size_bytes"":1216137600,""filter"":""F115W"",""final_exists"":true,""final_fits_error"":null,""final_path"":""/Users/zuha/Desktop/FKI/4 курс 2025-2026/course_work-SBF/data/NGC 4551/jw07763-o029_t029_nircam_clear-f115w_i2d.fits"",""final_ready"":true,""final_size_bytes"":1216137600,""part_exists"":false,""part_metadata"":null,""part_metadata_error"":null,""part_path"":""/Users/zuha/Desktop/FKI/4 курс 2025-2026/course_work-SBF/data/NGC 4551/jw07763-o029_t029_nircam_clear-f115w_i2d.fits.part"",""part_size_bytes"":0,""restart_part_exists"":false,""restart_part_path"":""/Users/zuha/Desktop/FKI/4 курс 2025-2026/course_work-SBF/data/NGC 4551/jw07763-o029_t029_nircam_clear-f115w_i2d.fits.restart.part"",""restart_part_size_bytes"":0,""transfer_percent"":null},""signal"":{""expected_size_bytes"":1216137600,""filter"":""F150W"",""final_exists"":true,""final_fits_error"":null,""final_path"":""/Users/zuha/Desktop/FKI/4 курс 2025-2026/course_work-SBF/data/NGC 4551/jw07763-o029_t029_nircam_clear-f150w_i2d.fits"",""final_ready"":true,""final_size_bytes"":1216137600,""part_exists"":false,""part_metadata"":null,""part_metadata_error"":null,""part_path"":""/Users/zuha/Desktop/FKI/4 курс 2025-2026/course_work-SBF/data/NGC 4551/jw07763-o029_t029_nircam_clear-f150w_i2d.fits.part"",""part_size_bytes"":0,""restart_part_exists"":false,""restart_part_path"":""/Users/zuha/Desktop/FKI/4 курс 2025-2026/course_work-SBF/data/NGC 4551/jw07763-o029_t029_nircam_clear-f150w_i2d.fits.restart.part"",""restart_part_size_bytes"":0,""transfer_percent"":null}},""program"":""7763"",""target"":""NGC 4551""}"
2231,run-20260720T164920Z-5f8824d560b3-6a51d38a,job-5dc8cc66a00806024dfd73a00d64c9009b021fe69d06c9a79bc86beb165c034c,NGC 4551,,1784696864.704073,INFO,WORKER_START_REQUESTED,,"{""color_path"":""/Users/zuha/Desktop/FKI/4 курс 2025-2026/course_work-SBF/data/NGC 4551/jw07763-o029_t029_nircam_clear-f115w_i2d.fits"",""command"":[""/Users/zuha/Desktop/FKI/4 курс 2025-2026/course_work-SBF/astro_env/bin/python3"",""/Users/zuha/Desktop/FKI/4 курс 2025-2026/course_work-SBF/code/run_sbf_batch.py"",""--worker"",""--job-id"",""job-5dc8cc66a00806024dfd73a00d64c9009b021fe69d06c9a79bc86beb165c034c"",""--galaxy"",""NGC 4551"",""--signal"",""/Users/zuha/Desktop/FKI/4 курс 2025-2026/course_work-SBF/data/NGC 4551/jw07763-o029_t029_nircam_clear-f150w_i2d.fits"",""--color"",""/Users/zuha/Desktop/FKI/4 курс 2025-2026/course_work-SBF/data/NGC 4551/jw07763-o029_t029_nircam_clear-f115w_i2d.fits"",""--signal-filter"",""F150W"",""--color-filter"",""F115W"",""--template"",""/Users/zuha/Desktop/FKI/4 курс 2025-2026/course_work-SBF/code/sbf-3.ipynb"",""--batch-root"",""/Users/zuha/Desktop/FKI/4 курс 2025-2026/course_work-SBF/runs/sbf3_go3055_go7763/batch"",""--products-root"",""/Users/zuha/Desktop/FKI/4 курс 2025-2026/course_work-SBF/runs/sbf3_go3055_go7763/products""],""filters"":{""color"":""F115W"",""signal"":""F150W""},""program"":""7763"",""signal_path"":""/Users/zuha/Desktop/FKI/4 курс 2025-2026/course_work-SBF/data/NGC 4551/jw07763-o029_t029_nircam_clear-f150w_i2d.fits"",""target"":""NGC 4551""}"
2232,run-20260720T164920Z-5f8824d560b3-6a51d38a,job-5dc8cc66a00806024dfd73a00d64c9009b021fe69d06c9a79bc86beb165c034c,NGC 4551,,1784696864.7046442,INFO,JOB_STATE_CHANGED,,"{""from"":""READY"",""to"":""RUNNING""}"
2233,run-20260720T164920Z-5f8824d560b3-6a51d38a,job-5dc8cc66a00806024dfd73a00d64c9009b021fe69d06c9a79bc86beb165c034c,NGC 4551,165,1784696864.710542,INFO,ATTEMPT_STARTED,,"{""attempt_no"":1,""pid"":6671}"
2234,run-20260720T164920Z-5f8824d560b3-6a51d38a,job-5dc8cc66a00806024dfd73a00d64c9009b021fe69d06c9a79bc86beb165c034c,NGC 4551,165,1784697254.8319948,INFO,WORKER_SUPERVISION_ENDED,,"{""completed"":true,""detail"":null,""duration_seconds"":390.1010836249916,""ended_monotonic"":552044.685165458,""last_sample"":{""available_ram_bytes"":11670339584,""collector"":""psutil"",""disk"":{""free_bytes"":144737525760,""free_gib"":134.79732513427734,""path"":""/Users/zuha/Desktop/FKI/4 курс 2025-2026/course_work-SBF/data"",""total_bytes"":994662584320,""total_gib"":926.3517189025879,""used_bytes"":849925058560,""used_gib"":791.5543937683105},""disk_free_bytes"":144737525760,""monotonic"":552014.674529125,""pid"":6671,""swap"":{""free_bytes"":994115584,""free_gib"":0.92584228515625,""percent"":94.2,""total_bytes"":17179869184,""total_gib"":16.0,""used_bytes"":16185753600,""used_gib"":15.07415771484375},""swap_used_bytes"":16185753600,""system_ram"":{""available_bytes"":11670339584,""available_gib"":10.868850708007812,""percent"":66.0,""total_bytes"":34359738368,""total_gib"":32.0,""used_bytes"":14627438592,""used_gib"":13.62286376953125},""timestamp_utc"":""2026-07-22T05:13:44.815+00:00"",""worker"":{""child_count"":9,""children_rss_bytes"":2106408960,""children_rss_gib"":1.9617462158203125,""pid"":6671,""rss_bytes"":5905203200,""rss_gib"":5.4996490478515625,""status"":""sleeping"",""total_rss_bytes"":8011612160,""total_rss_gib"":7.461395263671875},""worker_children_rss_bytes"":2106408960,""worker_rss_bytes"":5905203200,""worker_total_rss_bytes"":8011612160},""ok"":false,""reason"":""completed"",""returncode"":1,""sample_count"":13,""signal_name"":null,""started_monotonic"":551654.584081833,""termination"":null}"
2235,run-20260720T164920Z-5f8824d560b3-6a51d38a,job-5dc8cc66a00806024dfd73a00d64c9009b021fe69d06c9a79bc86beb165c034c,NGC 4551,165,1784697254.8372428,ERROR,ATTEMPT_ENDED,worker exited 1; required artifacts are absent or invalid,"{""exit_code"":1,""state"":""FAILED""}"
2236,run-20260720T164920Z-5f8824d560b3-6a51d38a,job-5dc8cc66a00806024dfd73a00d64c9009b021fe69d06c9a79bc86beb165c034c,NGC 4551,,1784697254.841855,INFO,JOB_STATE_CHANGED,worker exited 1; required artifacts are absent or invalid,"{""from"":""RUNNING"",""to"":""RETRY_WAIT""}"
2237,run-20260720T164920Z-5f8824d560b3-6a51d38a,job-c3936a8f04f79774ec2e484e9fe9da40aa0d05224b1170951c22ad2dc6a1af2b,NGC 4564,,1784697254.908305,INFO,JOB_STATE_CHANGED,,"{""from"":""PENDING"",""to"":""READY""}"
2238,run-20260720T164920Z-5f8824d560b3-6a51d38a,job-c3936a8f04f79774ec2e484e9fe9da40aa0d05224b1170951c22ad2dc6a1af2b,NGC 4564,,1784697254.912025,INFO,INPUT_READY_INITIAL,,"{""inputs"":{""color"":{""expected_size_bytes"":1216137600,""filter"":""F115W"",""final_exists"":true,""final_fits_error"":null,""final_path"":""/Users/zuha/Desktop/FKI/4 курс 2025-2026/course_work-SBF/data/NGC 4564/jw07763-o016_t016_nircam_clear-f115w_i2d.fits"",""final_ready"":true,""final_size_bytes"":1216137600,""part_exists"":false,""part_metadata"":null,""part_metadata_error"":null,""part_path"":""/Users/zuha/Desktop/FKI/4 курс 2025-2026/course_work-SBF/data/NGC 4564/jw07763-o016_t016_nircam_clear-f115w_i2d.fits.part"",""part_size_bytes"":0,""restart_part_exists"":false,""restart_part_path"":""/Users/zuha/Desktop/FKI/4 курс 2025-2026/course_work-SBF/data/NGC 4564/jw07763-o016_t016_nircam_clear-f115w_i2d.fits.restart.part"",""restart_part_size_bytes"":0,""transfer_percent"":null},""signal"":{""expected_size_bytes"":1216258560,""filter"":""F150W"",""final_exists"":true,""final_fits_error"":null,""final_path"":""/Users/zuha/Desktop/FKI/4 курс 2025-2026/course_work-SBF/data/NGC 4564/jw07763-o016_t016_nircam_clear-f150w_i2d.fits"",""final_ready"":true,""final_size_bytes"":1216258560,""part_exists"":false,""part_metadata"":null,""part_metadata_error"":null,""part_path"":""/Users/zuha/Desktop/FKI/4 курс 2025-2026/course_work-SBF/data/NGC 4564/jw07763-o016_t016_nircam_clear-f150w_i2d.fits.part"",""part_size_bytes"":0,""restart_part_exists"":false,""restart_part_path"":""/Users/zuha/Desktop/FKI/4 курс 2025-2026/course_work-SBF/data/NGC 4564/jw07763-o016_t016_nircam_clear-f150w_i2d.fits.restart.part"",""restart_part_size_bytes"":0,""transfer_percent"":null}},""program"":""7763"",""target"":""NGC 4564""}"
2239,run-20260720T164920Z-5f8824d560b3-6a51d38a,job-c3936a8f04f79774ec2e484e9fe9da40aa0d05224b1170951c22ad2dc6a1af2b,NGC 4564,,1784697255.015291,INFO,WORKER_START_REQUESTED,,"{""color_path"":""/Users/zuha/Desktop/FKI/4 курс 2025-2026/course_work-SBF/data/NGC 4564/jw07763-o016_t016_nircam_clear-f115w_i2d.fits"",""command"":[""/Users/zuha/Desktop/FKI/4 курс 2025-2026/course_work-SBF/astro_env/bin/python3"",""/Users/zuha/Desktop/FKI/4 курс 2025-2026/course_work-SBF/code/run_sbf_batch.py"",""--worker"",""--job-id"",""job-c3936a8f04f79774ec2e484e9fe9da40aa0d05224b1170951c22ad2dc6a1af2b"",""--galaxy"",""NGC 4564"",""--signal"",""/Users/zuha/Desktop/FKI/4 курс 2025-2026/course_work-SBF/data/NGC 4564/jw07763-o016_t016_nircam_clear-f150w_i2d.fits"",""--color"",""/Users/zuha/Desktop/FKI/4 курс 2025-2026/course_work-SBF/data/NGC 4564/jw07763-o016_t016_nircam_clear-f115w_i2d.fits"",""--signal-filter"",""F150W"",""--color-filter"",""F115W"",""--template"",""/Users/zuha/Desktop/FKI/4 курс 2025-2026/course_work-SBF/code/sbf-3.ipynb"",""--batch-root"",""/Users/zuha/Desktop/FKI/4 курс 2025-2026/course_work-SBF/runs/sbf3_go3055_go7763/batch"",""--products-root"",""/Users/zuha/Desktop/FKI/4 курс 2025-2026/course_work-SBF/runs/sbf3_go3055_go7763/products""],""filters"":{""color"":""F115W"",""signal"":""F150W""},""program"":""7763"",""signal_path"":""/Users/zuha/Desktop/FKI/4 курс 2025-2026/course_work-SBF/data/NGC 4564/jw07763-o016_t016_nircam_clear-f150w_i2d.fits"",""target"":""NGC 4564""}"
2240,run-20260720T164920Z-5f8824d560b3-6a51d38a,job-c3936a8f04f79774ec2e484e9fe9da40aa0d05224b1170951c22ad2dc6a1af2b,NGC 4564,,1784697255.01584,INFO,JOB_STATE_CHANGED,,"{""from"":""READY"",""to"":""RUNNING""}"
2241,run-20260720T164920Z-5f8824d560b3-6a51d38a,job-c3936a8f04f79774ec2e484e9fe9da40aa0d05224b1170951c22ad2dc6a1af2b,NGC 4564,166,1784697255.019903,INFO,ATTEMPT_STARTED,,"{""attempt_no"":1,""pid"":8243}"
2242,run-20260720T164920Z-5f8824d560b3-6a51d38a,job-c3936a8f04f79774ec2e484e9fe9da40aa0d05224b1170951c22ad2dc6a1af2b,NGC 4564,166,1784701366.214462,INFO,WORKER_SUPERVISION_ENDED,,"{""completed"":true,""detail"":null,""duration_seconds"":4111.30353854096,""ended_monotonic"":556156.183077041,""last_sample"":{""available_ram_bytes"":9014312960,""collector"":""psutil"",""disk"":{""free_bytes"":140858605568,""free_gib"":131.18479919433594,""path"":""/Users/zuha/Desktop/FKI/4 курс 2025-2026/course_work-SBF/data"",""total_bytes"":994662584320,""total_gib"":926.3517189025879,""used_bytes"":853803978752,""used_gib"":795.166919708252},""disk_free_bytes"":140858605568,""monotonic"":556126.172694166,""pid"":8243,""swap"":{""free_bytes"":1178664960,""free_gib"":1.09771728515625,""percent"":93.1,""total_bytes"":17179869184,""total_gib"":16.0,""used_bytes"":16001204224,""used_gib"":14.90228271484375},""swap_used_bytes"":16001204224,""system_ram"":{""available_bytes"":9014312960,""available_gib"":8.395233154296875,""percent"":73.8,""total_bytes"":34359738368,""total_gib"":32.0,""used_bytes"":9901850624,""used_gib"":9.221817016601562},""timestamp_utc"":""2026-07-22T06:22:16.197+00:00"",""worker"":{""child_count"":1,""children_rss_bytes"":5406720,""children_rss_gib"":0.005035400390625,""pid"":8243,""rss_bytes"":5368594432,""rss_gib"":4.9998931884765625,""status"":""sleeping"",""total_rss_bytes"":5374001152,""total_rss_gib"":5.0049285888671875},""worker_children_rss_bytes"":5406720,""worker_rss_bytes"":5368594432,""worker_total_rss_bytes"":5374001152},""ok"":true,""reason"":""completed"",""returncode"":0,""sample_count"":137,""signal_name"":null,""started_monotonic"":552044.8795385,""termination"":null}"
2243,run-20260720T164920Z-5f8824d560b3-6a51d38a,job-c3936a8f04f79774ec2e484e9fe9da40aa0d05224b1170951c22ad2dc6a1af2b,NGC 4564,,1784701366.660552,INFO,JOB_STATE_CHANGED,,"{""from"":""RUNNING"",""to"":""VERIFYING""}"
2244,run-20260720T164920Z-5f8824d560b3-6a51d38a,job-c3936a8f04f79774ec2e484e9fe9da40aa0d05224b1170951c22ad2dc6a1af2b,NGC 4564,166,1784701366.662264,INFO,ARTIFACT_RECORDED,,"{""artifact_id"":251,""kind"":""clean_model_fits"",""path"":""/Users/zuha/Desktop/FKI/4 курс 2025-2026/course_work-SBF/runs/sbf3_go3055_go7763/products/NGC_4564/F150W__F115W/c3936a8f04f7/jw07763-o016_t016_nircam_clear-f150w_i2d_01_модель_чистая.fits"",""verified"":true}"
2245,run-20260720T164920Z-5f8824d560b3-6a51d38a,job-c3936a8f04f79774ec2e484e9fe9da40aa0d05224b1170951c22ad2dc6a1af2b,NGC 4564,166,1784701366.664226,INFO,ARTIFACT_RECORDED,,"{""artifact_id"":252,""kind"":""clean_isophotes_fits"",""path"":""/Users/zuha/Desktop/FKI/4 курс 2025-2026/course_work-SBF/runs/sbf3_go3055_go7763/products/NGC_4564/F150W__F115W/c3936a8f04f7/jw07763-o016_t016_nircam_clear-f150w_i2d_02_изофоты_чистые.fits"",""verified"":true}"
2246,run-20260720T164920Z-5f8824d560b3-6a51d38a,job-c3936a8f04f79774ec2e484e9fe9da40aa0d05224b1170951c22ad2dc6a1af2b,NGC 4564,166,1784701366.665705,INFO,ARTIFACT_RECORDED,,"{""artifact_id"":253,""kind"":""full_residual_fits"",""path"":""/Users/zuha/Desktop/FKI/4 курс 2025-2026/course_work-SBF/runs/sbf3_go3055_go7763/products/NGC_4564/F150W__F115W/c3936a8f04f7/jw07763-o016_t016_nircam_clear-f150w_i2d_03_остатки_общие.fits"",""verified"":true}"
2247,run-20260720T164920Z-5f8824d560b3-6a51d38a,job-c3936a8f04f79774ec2e484e9fe9da40aa0d05224b1170951c22ad2dc6a1af2b,NGC 4564,166,1784701366.667192,INFO,ARTIFACT_RECORDED,,"{""artifact_id"":254,""kind"":""working_residual_fits"",""path"":""/Users/zuha/Desktop/FKI/4 курс 2025-2026/course_work-SBF/runs/sbf3_go3055_go7763/products/NGC_4564/F150W__F115W/c3936a8f04f7/jw07763-o016_t016_nircam_clear-f150w_i2d_04_остатки_общие_рабочие.fits"",""verified"":true}"
2248,run-20260720T164920Z-5f8824d560b3-6a51d38a,job-c3936a8f04f79774ec2e484e9fe9da40aa0d05224b1170951c22ad2dc6a1af2b,NGC 4564,166,1784701366.668266,INFO,ARTIFACT_RECORDED,,"{""artifact_id"":255,""kind"":""working_annuli_residual_fits"",""path"":""/Users/zuha/Desktop/FKI/4 курс 2025-2026/course_work-SBF/runs/sbf3_go3055_go7763/products/NGC_4564/F150W__F115W/c3936a8f04f7/jw07763-o016_t016_nircam_clear-f150w_i2d_05_остатки_общие_рабочие_два_кольца.fits"",""verified"":true}"
2249,run-20260720T164920Z-5f8824d560b3-6a51d38a,job-c3936a8f04f79774ec2e484e9fe9da40aa0d05224b1170951c22ad2dc6a1af2b,NGC 4564,166,1784701366.669305,INFO,ATTEMPT_ENDED,,"{""exit_code"":0,""state"":""SUCCEEDED""}"
2250,run-20260720T164920Z-5f8824d560b3-6a51d38a,job-c3936a8f04f79774ec2e484e9fe9da40aa0d05224b1170951c22ad2dc6a1af2b,NGC 4564,,1784701366.670161,INFO,JOB_STATE_CHANGED,,"{""from"":""VERIFYING"",""to"":""SUCCEEDED""}"
2251,run-20260720T164920Z-5f8824d560b3-6a51d38a,job-c3936a8f04f79774ec2e484e9fe9da40aa0d05224b1170951c22ad2dc6a1af2b,NGC 4564,166,1784701366.673364,INFO,ARTIFACTS_VERIFIED,,"{""artifact_count"":5,""artifact_manifest_path"":""/Users/zuha/Desktop/FKI/4 курс 2025-2026/course_work-SBF/runs/sbf3_go3055_go7763/batch/artifact_manifests/NGC_4564__F150W__F115W__c3936a8f04f7_result_artifacts.json"",""artifacts"":[{""exists"":true,""fits_valid"":true,""mtime_ns"":1784698305102825858,""mtime_utc"":""2026-07-22T05:31:45.102+00:00"",""name"":""clean_model_fits"",""ok"":true,""path"":""/Users/zuha/Desktop/FKI/4 курс 2025-2026/course_work-SBF/runs/sbf3_go3055_go7763/products/NGC_4564/F150W__F115W/c3936a8f04f7/jw07763-o016_t016_nircam_clear-f150w_i2d_01_модель_чистая.fits"",""relative_path"":""jw07763-o016_t016_nircam_clear-f150w_i2d_01_модель_чистая.fits"",""sha256"":""a9e10c81dd24f0291473e0b9fca10938d7de2e2cded11eda94f5abcf3a138b0a"",""size_bytes"":173718720},{""exists"":true,""fits_valid"":true,""mtime_ns"":1784698305265120873,""mtime_utc"":""2026-07-22T05:31:45.265+00:00"",""name"":""clean_isophotes_fits"",""ok"":true,""path"":""/Users/zuha/Desktop/FKI/4 курс 2025-2026/course_work-SBF/runs/sbf3_go3055_go7763/products/NGC_4564/F150W__F115W/c3936a8f04f7/jw07763-o016_t016_nircam_clear-f150w_i2d_02_изофоты_чистые.fits"",""relative_path"":""jw07763-o016_t016_nircam_clear-f150w_i2d_02_изофоты_чистые.fits"",""sha256"":""2cd6870d7ac94ecc8d61e38d5d02d8ea7df9679bcb7fb257e212e7ae5dd12262"",""size_bytes"":173718720},{""exists"":true,""fits_valid"":true,""mtime_ns"":1784698305400023424,""mtime_utc"":""2026-07-22T05:31:45.400+00:00"",""name"":""full_residual_fits"",""ok"":true,""path"":""/Users/zuha/Desktop/FKI/4 курс 2025-2026/course_work-SBF/runs/sbf3_go3055_go7763/products/NGC_4564/F150W__F115W/c3936a8f04f7/jw07763-o016_t016_nircam_clear-f150w_i2d_03_остатки_общие.fits"",""relative_path"":""jw07763-o016_t016_nircam_clear-f150w_i2d_03_остатки_общие.fits"",""sha256"":""f299668aa0c6a1b2a0866c58ae2f85665b199e14b908ff255f3cb1536927bf98"",""size_bytes"":173718720},{""exists"":true,""fits_valid"":true,""mtime_ns"":1784698305595924233,""mtime_utc"":""2026-07-22T05:31:45.595+00:00"",""name"":""working_residual_fits"",""ok"":true,""path"":""/Users/zuha/Desktop/FKI/4 курс 2025-2026/course_work-SBF/runs/sbf3_go3055_go7763/products/NGC_4564/F150W__F115W/c3936a8f04f7/jw07763-o016_t016_nircam_clear-f150w_i2d_04_остатки_общие_рабочие.fits"",""relative_path"":""jw07763-o016_t016_nircam_clear-f150w_i2d_04_остатки_общие_рабочие.fits"",""sha256"":""df2475bd2a96e42effbb61559029a0ca370c6c3f9b60e4e4c89ae1fc5d99e1b1"",""size_bytes"":173718720},{""exists"":true,""fits_valid"":true,""mtime_ns"":1784701362972326097,""mtime_utc"":""2026-07-22T06:22:42.972+00:00"",""name"":""working_annuli_residual_fits"",""ok"":true,""path"":""/Users/zuha/Desktop/FKI/4 курс 2025-2026/course_work-SBF/runs/sbf3_go3055_go7763/products/NGC_4564/F150W__F115W/c3936a8f04f7/jw07763-o016_t016_nircam_clear-f150w_i2d_05_остатки_общие_рабочие_два_кольца.fits"",""relative_path"":""jw07763-o016_t016_nircam_clear-f150w_i2d_05_остатки_общие_рабочие_два_кольца.fits"",""sha256"":""34eb9ec9f367853e12ffeb96aba57188eff3a8f7da86f0223622a5904f3971c4"",""size_bytes"":173718720}],""target"":""NGC 4564""}"
2252,run-20260720T164920Z-5f8824d560b3-6a51d38a,job-d66d4edaa17a6dc943f9fc491f135727e9504f09c0aae35b16d54955ec540416,NGC 4569,,1784701366.7275991,INFO,JOB_STATE_CHANGED,,"{""from"":""PENDING"",""to"":""READY""}"
2253,run-20260720T164920Z-5f8824d560b3-6a51d38a,job-d66d4edaa17a6dc943f9fc491f135727e9504f09c0aae35b16d54955ec540416,NGC 4569,,1784701366.731244,INFO,INPUT_READY_INITIAL,,"{""inputs"":{""color"":{""expected_size_bytes"":1216137600,""filter"":""F115W"",""final_exists"":true,""final_fits_error"":null,""final_path"":""/Users/zuha/Desktop/FKI/4 курс 2025-2026/course_work-SBF/data/NGC 4569/jw07763-o002_t002_nircam_clear-f115w_i2d.fits"",""final_ready"":true,""final_size_bytes"":1216137600,""part_exists"":false,""part_metadata"":null,""part_metadata_error"":null,""part_path"":""/Users/zuha/Desktop/FKI/4 курс 2025-2026/course_work-SBF/data/NGC 4569/jw07763-o002_t002_nircam_clear-f115w_i2d.fits.part"",""part_size_bytes"":0,""restart_part_exists"":false,""restart_part_path"":""/Users/zuha/Desktop/FKI/4 курс 2025-2026/course_work-SBF/data/NGC 4569/jw07763-o002_t002_nircam_clear-f115w_i2d.fits.restart.part"",""restart_part_size_bytes"":0,""transfer_percent"":null},""signal"":{""expected_size_bytes"":1216258560,""filter"":""F150W"",""final_exists"":true,""final_fits_error"":null,""final_path"":""/Users/zuha/Desktop/FKI/4 курс 2025-2026/course_work-SBF/data/NGC 4569/jw07763-o002_t002_nircam_clear-f150w_i2d.fits"",""final_ready"":true,""final_size_bytes"":1216258560,""part_exists"":false,""part_metadata"":null,""part_metadata_error"":null,""part_path"":""/Users/zuha/Desktop/FKI/4 курс 2025-2026/course_work-SBF/data/NGC 4569/jw07763-o002_t002_nircam_clear-f150w_i2d.fits.part"",""part_size_bytes"":0,""restart_part_exists"":false,""restart_part_path"":""/Users/zuha/Desktop/FKI/4 курс 2025-2026/course_work-SBF/data/NGC 4569/jw07763-o002_t002_nircam_clear-f150w_i2d.fits.restart.part"",""restart_part_size_bytes"":0,""transfer_percent"":null}},""program"":""7763"",""target"":""NGC 4569""}"
2254,run-20260720T164920Z-5f8824d560b3-6a51d38a,job-d66d4edaa17a6dc943f9fc491f135727e9504f09c0aae35b16d54955ec540416,NGC 4569,,1784701366.882394,INFO,WORKER_START_REQUESTED,,"{""color_path"":""/Users/zuha/Desktop/FKI/4 курс 2025-2026/course_work-SBF/data/NGC 4569/jw07763-o002_t002_nircam_clear-f115w_i2d.fits"",""command"":[""/Users/zuha/Desktop/FKI/4 курс 2025-2026/course_work-SBF/astro_env/bin/python3"",""/Users/zuha/Desktop/FKI/4 курс 2025-2026/course_work-SBF/code/run_sbf_batch.py"",""--worker"",""--job-id"",""job-d66d4edaa17a6dc943f9fc491f135727e9504f09c0aae35b16d54955ec540416"",""--galaxy"",""NGC 4569"",""--signal"",""/Users/zuha/Desktop/FKI/4 курс 2025-2026/course_work-SBF/data/NGC 4569/jw07763-o002_t002_nircam_clear-f150w_i2d.fits"",""--color"",""/Users/zuha/Desktop/FKI/4 курс 2025-2026/course_work-SBF/data/NGC 4569/jw07763-o002_t002_nircam_clear-f115w_i2d.fits"",""--signal-filter"",""F150W"",""--color-filter"",""F115W"",""--template"",""/Users/zuha/Desktop/FKI/4 курс 2025-2026/course_work-SBF/code/sbf-3.ipynb"",""--batch-root"",""/Users/zuha/Desktop/FKI/4 курс 2025-2026/course_work-SBF/runs/sbf3_go3055_go7763/batch"",""--products-root"",""/Users/zuha/Desktop/FKI/4 курс 2025-2026/course_work-SBF/runs/sbf3_go3055_go7763/products""],""filters"":{""color"":""F115W"",""signal"":""F150W""},""program"":""7763"",""signal_path"":""/Users/zuha/Desktop/FKI/4 курс 2025-2026/course_work-SBF/data/NGC 4569/jw07763-o002_t002_nircam_clear-f150w_i2d.fits"",""target"":""NGC 4569""}"
2255,run-20260720T164920Z-5f8824d560b3-6a51d38a,job-d66d4edaa17a6dc943f9fc491f135727e9504f09c0aae35b16d54955ec540416,NGC 4569,,1784701366.883051,INFO,JOB_STATE_CHANGED,,"{""from"":""READY"",""to"":""RUNNING""}"
2256,run-20260720T164920Z-5f8824d560b3-6a51d38a,job-d66d4edaa17a6dc943f9fc491f135727e9504f09c0aae35b16d54955ec540416,NGC 4569,167,1784701366.887869,INFO,ATTEMPT_STARTED,,"{""attempt_no"":1,""pid"":25024}"
2257,run-20260720T164920Z-5f8824d560b3-6a51d38a,job-d66d4edaa17a6dc943f9fc491f135727e9504f09c0aae35b16d54955ec540416,NGC 4569,167,1784701606.9340649,INFO,WORKER_SUPERVISION_ENDED,,"{""completed"":true,""detail"":null,""duration_seconds"":240.07571925001685,""ended_monotonic"":556396.940085875,""last_sample"":{""available_ram_bytes"":11477663744,""collector"":""psutil"",""disk"":{""free_bytes"":140471439360,""free_gib"":130.82422256469727,""path"":""/Users/zuha/Desktop/FKI/4 курс 2025-2026/course_work-SBF/data"",""total_bytes"":994662584320,""total_gib"":926.3517189025879,""used_bytes"":854191144960,""used_gib"":795.5274963378906},""disk_free_bytes"":140471439360,""monotonic"":556366.929906458,""pid"":25024,""swap"":{""free_bytes"":1178664960,""free_gib"":1.09771728515625,""percent"":93.1,""total_bytes"":17179869184,""total_gib"":16.0,""used_bytes"":16001204224,""used_gib"":14.90228271484375},""swap_used_bytes"":16001204224,""system_ram"":{""available_bytes"":11477663744,""available_gib"":10.689407348632812,""percent"":66.6,""total_bytes"":34359738368,""total_gib"":32.0,""used_bytes"":14332755968,""used_gib"":13.348419189453125},""timestamp_utc"":""2026-07-22T06:26:16.948+00:00"",""worker"":{""child_count"":9,""children_rss_bytes"":1962246144,""children_rss_gib"":1.827484130859375,""pid"":25024,""rss_bytes"":5980520448,""rss_gib"":5.569793701171875,""status"":""sleeping"",""total_rss_bytes"":7942766592,""total_rss_gib"":7.39727783203125},""worker_children_rss_bytes"":1962246144,""worker_rss_bytes"":5980520448,""worker_total_rss_bytes"":7942766592},""ok"":false,""reason"":""completed"",""returncode"":1,""sample_count"":8,""signal_name"":null,""started_monotonic"":556156.864366625,""termination"":null}"
2258,run-20260720T164920Z-5f8824d560b3-6a51d38a,job-d66d4edaa17a6dc943f9fc491f135727e9504f09c0aae35b16d54955ec540416,NGC 4569,167,1784701606.9398751,ERROR,ATTEMPT_ENDED,worker exited 1; required artifacts are absent or invalid,"{""exit_code"":1,""state"":""FAILED""}"
2259,run-20260720T164920Z-5f8824d560b3-6a51d38a,job-d66d4edaa17a6dc943f9fc491f135727e9504f09c0aae35b16d54955ec540416,NGC 4569,,1784701606.943628,INFO,JOB_STATE_CHANGED,worker exited 1; required artifacts are absent or invalid,"{""from"":""RUNNING"",""to"":""RETRY_WAIT""}"
2260,run-20260720T164920Z-5f8824d560b3-6a51d38a,job-dab7658513f0680e9a535a58ce3731737ea2d812d360ee80217abbd2f464d3f6,NGC 4571,,1784701607.0004191,INFO,JOB_STATE_CHANGED,,"{""from"":""PENDING"",""to"":""READY""}"
2261,run-20260720T164920Z-5f8824d560b3-6a51d38a,job-dab7658513f0680e9a535a58ce3731737ea2d812d360ee80217abbd2f464d3f6,NGC 4571,,1784701607.004216,INFO,INPUT_READY_INITIAL,,"{""inputs"":{""color"":{""expected_size_bytes"":1216137600,""filter"":""F115W"",""final_exists"":true,""final_fits_error"":null,""final_path"":""/Users/zuha/Desktop/FKI/4 курс 2025-2026/course_work-SBF/data/NGC 4571/jw07763-o010_t010_nircam_clear-f115w_i2d.fits"",""final_ready"":true,""final_size_bytes"":1216137600,""part_exists"":false,""part_metadata"":null,""part_metadata_error"":null,""part_path"":""/Users/zuha/Desktop/FKI/4 курс 2025-2026/course_work-SBF/data/NGC 4571/jw07763-o010_t010_nircam_clear-f115w_i2d.fits.part"",""part_size_bytes"":0,""restart_part_exists"":false,""restart_part_path"":""/Users/zuha/Desktop/FKI/4 курс 2025-2026/course_work-SBF/data/NGC 4571/jw07763-o010_t010_nircam_clear-f115w_i2d.fits.restart.part"",""restart_part_size_bytes"":0,""transfer_percent"":null},""signal"":{""expected_size_bytes"":1216258560,""filter"":""F150W"",""final_exists"":true,""final_fits_error"":null,""final_path"":""/Users/zuha/Desktop/FKI/4 курс 2025-2026/course_work-SBF/data/NGC 4571/jw07763-o010_t010_nircam_clear-f150w_i2d.fits"",""final_ready"":true,""final_size_bytes"":1216258560,""part_exists"":false,""part_metadata"":null,""part_metadata_error"":null,""part_path"":""/Users/zuha/Desktop/FKI/4 курс 2025-2026/course_work-SBF/data/NGC 4571/jw07763-o010_t010_nircam_clear-f150w_i2d.fits.part"",""part_size_bytes"":0,""restart_part_exists"":false,""restart_part_path"":""/Users/zuha/Desktop/FKI/4 курс 2025-2026/course_work-SBF/data/NGC 4571/jw07763-o010_t010_nircam_clear-f150w_i2d.fits.restart.part"",""restart_part_size_bytes"":0,""transfer_percent"":null}},""program"":""7763"",""target"":""NGC 4571""}"
2262,run-20260720T164920Z-5f8824d560b3-6a51d38a,job-dab7658513f0680e9a535a58ce3731737ea2d812d360ee80217abbd2f464d3f6,NGC 4571,,1784701607.113918,INFO,WORKER_START_REQUESTED,,"{""color_path"":""/Users/zuha/Desktop/FKI/4 курс 2025-2026/course_work-SBF/data/NGC 4571/jw07763-o010_t010_nircam_clear-f115w_i2d.fits"",""command"":[""/Users/zuha/Desktop/FKI/4 курс 2025-2026/course_work-SBF/astro_env/bin/python3"",""/Users/zuha/Desktop/FKI/4 курс 2025-2026/course_work-SBF/code/run_sbf_batch.py"",""--worker"",""--job-id"",""job-dab7658513f0680e9a535a58ce3731737ea2d812d360ee80217abbd2f464d3f6"",""--galaxy"",""NGC 4571"",""--signal"",""/Users/zuha/Desktop/FKI/4 курс 2025-2026/course_work-SBF/data/NGC 4571/jw07763-o010_t010_nircam_clear-f150w_i2d.fits"",""--color"",""/Users/zuha/Desktop/FKI/4 курс 2025-2026/course_work-SBF/data/NGC 4571/jw07763-o010_t010_nircam_clear-f115w_i2d.fits"",""--signal-filter"",""F150W"",""--color-filter"",""F115W"",""--template"",""/Users/zuha/Desktop/FKI/4 курс 2025-2026/course_work-SBF/code/sbf-3.ipynb"",""--batch-root"",""/Users/zuha/Desktop/FKI/4 курс 2025-2026/course_work-SBF/runs/sbf3_go3055_go7763/batch"",""--products-root"",""/Users/zuha/Desktop/FKI/4 курс 2025-2026/course_work-SBF/runs/sbf3_go3055_go7763/products""],""filters"":{""color"":""F115W"",""signal"":""F150W""},""program"":""7763"",""signal_path"":""/Users/zuha/Desktop/FKI/4 курс 2025-2026/course_work-SBF/data/NGC 4571/jw07763-o010_t010_nircam_clear-f150w_i2d.fits"",""target"":""NGC 4571""}"
2263,run-20260720T164920Z-5f8824d560b3-6a51d38a,job-dab7658513f0680e9a535a58ce3731737ea2d812d360ee80217abbd2f464d3f6,NGC 4571,,1784701607.114492,INFO,JOB_STATE_CHANGED,,"{""from"":""READY"",""to"":""RUNNING""}"
2264,run-20260720T164920Z-5f8824d560b3-6a51d38a,job-dab7658513f0680e9a535a58ce3731737ea2d812d360ee80217abbd2f464d3f6,NGC 4571,168,1784701607.118884,INFO,ATTEMPT_STARTED,,"{""attempt_no"":1,""pid"":26015}"
2265,run-20260720T164920Z-5f8824d560b3-6a51d38a,job-dab7658513f0680e9a535a58ce3731737ea2d812d360ee80217abbd2f464d3f6,NGC 4571,168,1784705568.013818,INFO,WORKER_SUPERVISION_ENDED,,"{""completed"":true,""detail"":null,""duration_seconds"":3960.8722232920118,""ended_monotonic"":560358.006762083,""last_sample"":{""available_ram_bytes"":9224830976,""collector"":""psutil"",""disk"":{""free_bytes"":138503188480,""free_gib"":128.99114608764648,""path"":""/Users/zuha/Desktop/FKI/4 курс 2025-2026/course_work-SBF/data"",""total_bytes"":994662584320,""total_gib"":926.3517189025879,""used_bytes"":856159395840,""used_gib"":797.3605728149414},""disk_free_bytes"":138503188480,""monotonic"":560327.996359958,""pid"":26015,""swap"":{""free_bytes"":1522597888,""free_gib"":1.41802978515625,""percent"":91.1,""total_bytes"":17179869184,""total_gib"":16.0,""used_bytes"":15657271296,""used_gib"":14.58197021484375},""swap_used_bytes"":15657271296,""system_ram"":{""available_bytes"":9224830976,""available_gib"":8.591293334960938,""percent"":73.2,""total_bytes"":34359738368,""total_gib"":32.0,""used_bytes"":10157146112,""used_gib"":9.459579467773438},""timestamp_utc"":""2026-07-22T07:32:17.996+00:00"",""worker"":{""child_count"":1,""children_rss_bytes"":5423104,""children_rss_gib"":0.0050506591796875,""pid"":26015,""rss_bytes"":5421056000,""rss_gib"":5.0487518310546875,""status"":""sleeping"",""total_rss_bytes"":5426479104,""total_rss_gib"":5.053802490234375},""worker_children_rss_bytes"":5423104,""worker_rss_bytes"":5421056000,""worker_total_rss_bytes"":5426479104},""ok"":true,""reason"":""completed"",""returncode"":0,""sample_count"":132,""signal_name"":null,""started_monotonic"":556397.134538791,""termination"":null}"
2266,run-20260720T164920Z-5f8824d560b3-6a51d38a,job-dab7658513f0680e9a535a58ce3731737ea2d812d360ee80217abbd2f464d3f6,NGC 4571,,1784705568.456361,INFO,JOB_STATE_CHANGED,,"{""from"":""RUNNING"",""to"":""VERIFYING""}"
2267,run-20260720T164920Z-5f8824d560b3-6a51d38a,job-dab7658513f0680e9a535a58ce3731737ea2d812d360ee80217abbd2f464d3f6,NGC 4571,168,1784705568.4590452,INFO,ARTIFACT_RECORDED,,"{""artifact_id"":256,""kind"":""clean_model_fits"",""path"":""/Users/zuha/Desktop/FKI/4 курс 2025-2026/course_work-SBF/runs/sbf3_go3055_go7763/products/NGC_4571/F150W__F115W/dab7658513f0/jw07763-o010_t010_nircam_clear-f150w_i2d_01_модель_чистая.fits"",""verified"":true}"
2268,run-20260720T164920Z-5f8824d560b3-6a51d38a,job-dab7658513f0680e9a535a58ce3731737ea2d812d360ee80217abbd2f464d3f6,NGC 4571,168,1784705568.4612648,INFO,ARTIFACT_RECORDED,,"{""artifact_id"":257,""kind"":""clean_isophotes_fits"",""path"":""/Users/zuha/Desktop/FKI/4 курс 2025-2026/course_work-SBF/runs/sbf3_go3055_go7763/products/NGC_4571/F150W__F115W/dab7658513f0/jw07763-o010_t010_nircam_clear-f150w_i2d_02_изофоты_чистые.fits"",""verified"":true}"
2269,run-20260720T164920Z-5f8824d560b3-6a51d38a,job-dab7658513f0680e9a535a58ce3731737ea2d812d360ee80217abbd2f464d3f6,NGC 4571,168,1784705568.46284,INFO,ARTIFACT_RECORDED,,"{""artifact_id"":258,""kind"":""full_residual_fits"",""path"":""/Users/zuha/Desktop/FKI/4 курс 2025-2026/course_work-SBF/runs/sbf3_go3055_go7763/products/NGC_4571/F150W__F115W/dab7658513f0/jw07763-o010_t010_nircam_clear-f150w_i2d_03_остатки_общие.fits"",""verified"":true}"
2270,run-20260720T164920Z-5f8824d560b3-6a51d38a,job-dab7658513f0680e9a535a58ce3731737ea2d812d360ee80217abbd2f464d3f6,NGC 4571,168,1784705568.464206,INFO,ARTIFACT_RECORDED,,"{""artifact_id"":259,""kind"":""working_residual_fits"",""path"":""/Users/zuha/Desktop/FKI/4 курс 2025-2026/course_work-SBF/runs/sbf3_go3055_go7763/products/NGC_4571/F150W__F115W/dab7658513f0/jw07763-o010_t010_nircam_clear-f150w_i2d_04_остатки_общие_рабочие.fits"",""verified"":true}"
2271,run-20260720T164920Z-5f8824d560b3-6a51d38a,job-dab7658513f0680e9a535a58ce3731737ea2d812d360ee80217abbd2f464d3f6,NGC 4571,168,1784705568.4652622,INFO,ARTIFACT_RECORDED,,"{""artifact_id"":260,""kind"":""working_annuli_residual_fits"",""path"":""/Users/zuha/Desktop/FKI/4 курс 2025-2026/course_work-SBF/runs/sbf3_go3055_go7763/products/NGC_4571/F150W__F115W/dab7658513f0/jw07763-o010_t010_nircam_clear-f150w_i2d_05_остатки_общие_рабочие_два_кольца.fits"",""verified"":true}"
2272,run-20260720T164920Z-5f8824d560b3-6a51d38a,job-dab7658513f0680e9a535a58ce3731737ea2d812d360ee80217abbd2f464d3f6,NGC 4571,168,1784705568.466243,INFO,ATTEMPT_ENDED,,"{""exit_code"":0,""state"":""SUCCEEDED""}"
2273,run-20260720T164920Z-5f8824d560b3-6a51d38a,job-dab7658513f0680e9a535a58ce3731737ea2d812d360ee80217abbd2f464d3f6,NGC 4571,,1784705568.467131,INFO,JOB_STATE_CHANGED,,"{""from"":""VERIFYING"",""to"":""SUCCEEDED""}"
2274,run-20260720T164920Z-5f8824d560b3-6a51d38a,job-dab7658513f0680e9a535a58ce3731737ea2d812d360ee80217abbd2f464d3f6,NGC 4571,168,1784705568.47057,INFO,ARTIFACTS_VERIFIED,,"{""artifact_count"":5,""artifact_manifest_path"":""/Users/zuha/Desktop/FKI/4 курс 2025-2026/course_work-SBF/runs/sbf3_go3055_go7763/batch/artifact_manifests/NGC_4571__F150W__F115W__dab7658513f0_result_artifacts.json"",""artifacts"":[{""exists"":true,""fits_valid"":true,""mtime_ns"":1784702470260990784,""mtime_utc"":""2026-07-22T06:41:10.260+00:00"",""name"":""clean_model_fits"",""ok"":true,""path"":""/Users/zuha/Desktop/FKI/4 курс 2025-2026/course_work-SBF/runs/sbf3_go3055_go7763/products/NGC_4571/F150W__F115W/dab7658513f0/jw07763-o010_t010_nircam_clear-f150w_i2d_01_модель_чистая.fits"",""relative_path"":""jw07763-o010_t010_nircam_clear-f150w_i2d_01_модель_чистая.fits"",""sha256"":""aeac7bea01a04ba3136c7fad7279c514a8384854b40547de688f067ece21398c"",""size_bytes"":173718720},{""exists"":true,""fits_valid"":true,""mtime_ns"":1784702470388892407,""mtime_utc"":""2026-07-22T06:41:10.388+00:00"",""name"":""clean_isophotes_fits"",""ok"":true,""path"":""/Users/zuha/Desktop/FKI/4 курс 2025-2026/course_work-SBF/runs/sbf3_go3055_go7763/products/NGC_4571/F150W__F115W/dab7658513f0/jw07763-o010_t010_nircam_clear-f150w_i2d_02_изофоты_чистые.fits"",""relative_path"":""jw07763-o010_t010_nircam_clear-f150w_i2d_02_изофоты_чистые.fits"",""sha256"":""abdb5d7ab0c278ff6b2ce463338ad31eb1db36785b82e35a90211d3150ce5947"",""size_bytes"":173718720},{""exists"":true,""fits_valid"":true,""mtime_ns"":1784702470546361585,""mtime_utc"":""2026-07-22T06:41:10.546+00:00"",""name"":""full_residual_fits"",""ok"":true,""path"":""/Users/zuha/Desktop/FKI/4 курс 2025-2026/course_work-SBF/runs/sbf3_go3055_go7763/products/NGC_4571/F150W__F115W/dab7658513f0/jw07763-o010_t010_nircam_clear-f150w_i2d_03_остатки_общие.fits"",""relative_path"":""jw07763-o010_t010_nircam_clear-f150w_i2d_03_остатки_общие.fits"",""sha256"":""0b1d13431540caa414cdf4e253aa62f8dd20eb4f057465f714a0c975198e6b5a"",""size_bytes"":173718720},{""exists"":true,""fits_valid"":true,""mtime_ns"":1784702470713086924,""mtime_utc"":""2026-07-22T06:41:10.713+00:00"",""name"":""working_residual_fits"",""ok"":true,""path"":""/Users/zuha/Desktop/FKI/4 курс 2025-2026/course_work-SBF/runs/sbf3_go3055_go7763/products/NGC_4571/F150W__F115W/dab7658513f0/jw07763-o010_t010_nircam_clear-f150w_i2d_04_остатки_общие_рабочие.fits"",""relative_path"":""jw07763-o010_t010_nircam_clear-f150w_i2d_04_остатки_общие_рабочие.fits"",""sha256"":""9fa1c8fc99383f466674f2e96d9718ec6bcc8a99c186eba957e3322e0a7062c0"",""size_bytes"":173718720},{""exists"":true,""fits_valid"":true,""mtime_ns"":1784705557027752659,""mtime_utc"":""2026-07-22T07:32:37.027+00:00"",""name"":""working_annuli_residual_fits"",""ok"":true,""path"":""/Users/zuha/Desktop/FKI/4 курс 2025-2026/course_work-SBF/runs/sbf3_go3055_go7763/products/NGC_4571/F150W__F115W/dab7658513f0/jw07763-o010_t010_nircam_clear-f150w_i2d_05_остатки_общие_рабочие_два_кольца.fits"",""relative_path"":""jw07763-o010_t010_nircam_clear-f150w_i2d_05_остатки_общие_рабочие_два_кольца.fits"",""sha256"":""376002aabd0c96bed107c3892148b6e0b8667a372353917810b10e472ccfd163"",""size_bytes"":173718720}],""target"":""NGC 4571""}"
2275,run-20260720T164920Z-5f8824d560b3-6a51d38a,job-0005d2eb60b26845667da9d18b15ee35a7e427b3c67e068a862a312d75f78367,NGC 4579,,1784705568.537013,INFO,JOB_STATE_CHANGED,,"{""from"":""PENDING"",""to"":""READY""}"
2276,run-20260720T164920Z-5f8824d560b3-6a51d38a,job-0005d2eb60b26845667da9d18b15ee35a7e427b3c67e068a862a312d75f78367,NGC 4579,,1784705568.540951,INFO,INPUT_READY_INITIAL,,"{""inputs"":{""color"":{""expected_size_bytes"":1216137600,""filter"":""F115W"",""final_exists"":true,""final_fits_error"":null,""final_path"":""/Users/zuha/Desktop/FKI/4 курс 2025-2026/course_work-SBF/data/NGC 4579/jw07763-o001_t001_nircam_clear-f115w_i2d.fits"",""final_ready"":true,""final_size_bytes"":1216137600,""part_exists"":false,""part_metadata"":null,""part_metadata_error"":null,""part_path"":""/Users/zuha/Desktop/FKI/4 курс 2025-2026/course_work-SBF/data/NGC 4579/jw07763-o001_t001_nircam_clear-f115w_i2d.fits.part"",""part_size_bytes"":0,""restart_part_exists"":false,""restart_part_path"":""/Users/zuha/Desktop/FKI/4 курс 2025-2026/course_work-SBF/data/NGC 4579/jw07763-o001_t001_nircam_clear-f115w_i2d.fits.restart.part"",""restart_part_size_bytes"":0,""transfer_percent"":null},""signal"":{""expected_size_bytes"":1216137600,""filter"":""F150W"",""final_exists"":true,""final_fits_error"":null,""final_path"":""/Users/zuha/Desktop/FKI/4 курс 2025-2026/course_work-SBF/data/NGC 4579/jw07763-o001_t001_nircam_clear-f150w_i2d.fits"",""final_ready"":true,""final_size_bytes"":1216137600,""part_exists"":false,""part_metadata"":null,""part_metadata_error"":null,""part_path"":""/Users/zuha/Desktop/FKI/4 курс 2025-2026/course_work-SBF/data/NGC 4579/jw07763-o001_t001_nircam_clear-f150w_i2d.fits.part"",""part_size_bytes"":0,""restart_part_exists"":false,""restart_part_path"":""/Users/zuha/Desktop/FKI/4 курс 2025-2026/course_work-SBF/data/NGC 4579/jw07763-o001_t001_nircam_clear-f150w_i2d.fits.restart.part"",""restart_part_size_bytes"":0,""transfer_percent"":null}},""program"":""7763"",""target"":""NGC 4579""}"
2277,run-20260720T164920Z-5f8824d560b3-6a51d38a,job-0005d2eb60b26845667da9d18b15ee35a7e427b3c67e068a862a312d75f78367,NGC 4579,,1784705568.691103,INFO,WORKER_START_REQUESTED,,"{""color_path"":""/Users/zuha/Desktop/FKI/4 курс 2025-2026/course_work-SBF/data/NGC 4579/jw07763-o001_t001_nircam_clear-f115w_i2d.fits"",""command"":[""/Users/zuha/Desktop/FKI/4 курс 2025-2026/course_work-SBF/astro_env/bin/python3"",""/Users/zuha/Desktop/FKI/4 курс 2025-2026/course_work-SBF/code/run_sbf_batch.py"",""--worker"",""--job-id"",""job-0005d2eb60b26845667da9d18b15ee35a7e427b3c67e068a862a312d75f78367"",""--galaxy"",""NGC 4579"",""--signal"",""/Users/zuha/Desktop/FKI/4 курс 2025-2026/course_work-SBF/data/NGC 4579/jw07763-o001_t001_nircam_clear-f150w_i2d.fits"",""--color"",""/Users/zuha/Desktop/FKI/4 курс 2025-2026/course_work-SBF/data/NGC 4579/jw07763-o001_t001_nircam_clear-f115w_i2d.fits"",""--signal-filter"",""F150W"",""--color-filter"",""F115W"",""--template"",""/Users/zuha/Desktop/FKI/4 курс 2025-2026/course_work-SBF/code/sbf-3.ipynb"",""--batch-root"",""/Users/zuha/Desktop/FKI/4 курс 2025-2026/course_work-SBF/runs/sbf3_go3055_go7763/batch"",""--products-root"",""/Users/zuha/Desktop/FKI/4 курс 2025-2026/course_work-SBF/runs/sbf3_go3055_go7763/products""],""filters"":{""color"":""F115W"",""signal"":""F150W""},""program"":""7763"",""signal_path"":""/Users/zuha/Desktop/FKI/4 курс 2025-2026/course_work-SBF/data/NGC 4579/jw07763-o001_t001_nircam_clear-f150w_i2d.fits"",""target"":""NGC 4579""}"
2278,run-20260720T164920Z-5f8824d560b3-6a51d38a,job-0005d2eb60b26845667da9d18b15ee35a7e427b3c67e068a862a312d75f78367,NGC 4579,,1784705568.691881,INFO,JOB_STATE_CHANGED,,"{""from"":""READY"",""to"":""RUNNING""}"
2279,run-20260720T164920Z-5f8824d560b3-6a51d38a,job-0005d2eb60b26845667da9d18b15ee35a7e427b3c67e068a862a312d75f78367,NGC 4579,169,1784705568.696959,INFO,ATTEMPT_STARTED,,"{""attempt_no"":1,""pid"":42535}"
2280,run-20260720T164920Z-5f8824d560b3-6a51d38a,job-0005d2eb60b26845667da9d18b15ee35a7e427b3c67e068a862a312d75f78367,NGC 4579,169,1784709800.150254,INFO,WORKER_SUPERVISION_ENDED,,"{""completed"":true,""detail"":null,""duration_seconds"":4231.36513762502,""ended_monotonic"":564590.06352875,""last_sample"":{""available_ram_bytes"":9218686976,""collector"":""psutil"",""disk"":{""free_bytes"":136906440704,""free_gib"":127.50405883789062,""path"":""/Users/zuha/Desktop/FKI/4 курс 2025-2026/course_work-SBF/data"",""total_bytes"":994662584320,""total_gib"":926.3517189025879,""used_bytes"":857756143616,""used_gib"":798.8476600646973},""disk_free_bytes"":136906440704,""monotonic"":564560.053245958,""pid"":42535,""swap"":{""free_bytes"":1572929536,""free_gib"":1.46490478515625,""percent"":90.8,""total_bytes"":17179869184,""total_gib"":16.0,""used_bytes"":15606939648,""used_gib"":14.53509521484375},""swap_used_bytes"":15606939648,""system_ram"":{""available_bytes"":9218686976,""available_gib"":8.5855712890625,""percent"":73.2,""total_bytes"":34359738368,""total_gib"":32.0,""used_bytes"":10214588416,""used_gib"":9.513076782226562},""timestamp_utc"":""2026-07-22T08:42:50.133+00:00"",""worker"":{""child_count"":1,""children_rss_bytes"":5439488,""children_rss_gib"":0.00506591796875,""pid"":42535,""rss_bytes"":5399216128,""rss_gib"":5.028411865234375,""status"":""sleeping"",""total_rss_bytes"":5404655616,""total_rss_gib"":5.033477783203125},""worker_children_rss_bytes"":5439488,""worker_rss_bytes"":5399216128,""worker_total_rss_bytes"":5404655616},""ok"":true,""reason"":""completed"",""returncode"":0,""sample_count"":141,""signal_name"":null,""started_monotonic"":560358.698391125,""termination"":null}"
2281,run-20260720T164920Z-5f8824d560b3-6a51d38a,job-0005d2eb60b26845667da9d18b15ee35a7e427b3c67e068a862a312d75f78367,NGC 4579,,1784709800.605244,INFO,JOB_STATE_CHANGED,,"{""from"":""RUNNING"",""to"":""VERIFYING""}"
2282,run-20260720T164920Z-5f8824d560b3-6a51d38a,job-0005d2eb60b26845667da9d18b15ee35a7e427b3c67e068a862a312d75f78367,NGC 4579,169,1784709800.607849,INFO,ARTIFACT_RECORDED,,"{""artifact_id"":261,""kind"":""clean_model_fits"",""path"":""/Users/zuha/Desktop/FKI/4 курс 2025-2026/course_work-SBF/runs/sbf3_go3055_go7763/products/NGC_4579/F150W__F115W/0005d2eb60b2/jw07763-o001_t001_nircam_clear-f150w_i2d_01_модель_чистая.fits"",""verified"":true}"
2283,run-20260720T164920Z-5f8824d560b3-6a51d38a,job-0005d2eb60b26845667da9d18b15ee35a7e427b3c67e068a862a312d75f78367,NGC 4579,169,1784709800.609656,INFO,ARTIFACT_RECORDED,,"{""artifact_id"":262,""kind"":""clean_isophotes_fits"",""path"":""/Users/zuha/Desktop/FKI/4 курс 2025-2026/course_work-SBF/runs/sbf3_go3055_go7763/products/NGC_4579/F150W__F115W/0005d2eb60b2/jw07763-o001_t001_nircam_clear-f150w_i2d_02_изофоты_чистые.fits"",""verified"":true}"
2284,run-20260720T164920Z-5f8824d560b3-6a51d38a,job-0005d2eb60b26845667da9d18b15ee35a7e427b3c67e068a862a312d75f78367,NGC 4579,169,1784709800.610941,INFO,ARTIFACT_RECORDED,,"{""artifact_id"":263,""kind"":""full_residual_fits"",""path"":""/Users/zuha/Desktop/FKI/4 курс 2025-2026/course_work-SBF/runs/sbf3_go3055_go7763/products/NGC_4579/F150W__F115W/0005d2eb60b2/jw07763-o001_t001_nircam_clear-f150w_i2d_03_остатки_общие.fits"",""verified"":true}"
2285,run-20260720T164920Z-5f8824d560b3-6a51d38a,job-0005d2eb60b26845667da9d18b15ee35a7e427b3c67e068a862a312d75f78367,NGC 4579,169,1784709800.612009,INFO,ARTIFACT_RECORDED,,"{""artifact_id"":264,""kind"":""working_residual_fits"",""path"":""/Users/zuha/Desktop/FKI/4 курс 2025-2026/course_work-SBF/runs/sbf3_go3055_go7763/products/NGC_4579/F150W__F115W/0005d2eb60b2/jw07763-o001_t001_nircam_clear-f150w_i2d_04_остатки_общие_рабочие.fits"",""verified"":true}"
2286,run-20260720T164920Z-5f8824d560b3-6a51d38a,job-0005d2eb60b26845667da9d18b15ee35a7e427b3c67e068a862a312d75f78367,NGC 4579,169,1784709800.6131892,INFO,ARTIFACT_RECORDED,,"{""artifact_id"":265,""kind"":""working_annuli_residual_fits"",""path"":""/Users/zuha/Desktop/FKI/4 курс 2025-2026/course_work-SBF/runs/sbf3_go3055_go7763/products/NGC_4579/F150W__F115W/0005d2eb60b2/jw07763-o001_t001_nircam_clear-f150w_i2d_05_остатки_общие_рабочие_два_кольца.fits"",""verified"":true}"
2287,run-20260720T164920Z-5f8824d560b3-6a51d38a,job-0005d2eb60b26845667da9d18b15ee35a7e427b3c67e068a862a312d75f78367,NGC 4579,169,1784709800.614104,INFO,ATTEMPT_ENDED,,"{""exit_code"":0,""state"":""SUCCEEDED""}"
2288,run-20260720T164920Z-5f8824d560b3-6a51d38a,job-0005d2eb60b26845667da9d18b15ee35a7e427b3c67e068a862a312d75f78367,NGC 4579,,1784709800.61504,INFO,JOB_STATE_CHANGED,,"{""from"":""VERIFYING"",""to"":""SUCCEEDED""}"
2289,run-20260720T164920Z-5f8824d560b3-6a51d38a,job-0005d2eb60b26845667da9d18b15ee35a7e427b3c67e068a862a312d75f78367,NGC 4579,169,1784709800.618016,INFO,ARTIFACTS_VERIFIED,,"{""artifact_count"":5,""artifact_manifest_path"":""/Users/zuha/Desktop/FKI/4 курс 2025-2026/course_work-SBF/runs/sbf3_go3055_go7763/batch/artifact_manifests/NGC_4579__F150W__F115W__0005d2eb60b2_result_artifacts.json"",""artifacts"":[{""exists"":true,""fits_valid"":true,""mtime_ns"":1784706689024985150,""mtime_utc"":""2026-07-22T07:51:29.024+00:00"",""name"":""clean_model_fits"",""ok"":true,""path"":""/Users/zuha/Desktop/FKI/4 курс 2025-2026/course_work-SBF/runs/sbf3_go3055_go7763/products/NGC_4579/F150W__F115W/0005d2eb60b2/jw07763-o001_t001_nircam_clear-f150w_i2d_01_модель_чистая.fits"",""relative_path"":""jw07763-o001_t001_nircam_clear-f150w_i2d_01_модель_чистая.fits"",""sha256"":""353bb5799cd1fd4a7de7d1a2b6c90b1b488be1e843aee23dc65e072b9c466ef4"",""size_bytes"":173701440},{""exists"":true,""fits_valid"":true,""mtime_ns"":1784706689241858678,""mtime_utc"":""2026-07-22T07:51:29.241+00:00"",""name"":""clean_isophotes_fits"",""ok"":true,""path"":""/Users/zuha/Desktop/FKI/4 курс 2025-2026/course_work-SBF/runs/sbf3_go3055_go7763/products/NGC_4579/F150W__F115W/0005d2eb60b2/jw07763-o001_t001_nircam_clear-f150w_i2d_02_изофоты_чистые.fits"",""relative_path"":""jw07763-o001_t001_nircam_clear-f150w_i2d_02_изофоты_чистые.fits"",""sha256"":""174d182c9635bbf3c30caccd0059aaee771ce74c369750d2c2240b5610488103"",""size_bytes"":173701440},{""exists"":true,""fits_valid"":true,""mtime_ns"":1784706689449764740,""mtime_utc"":""2026-07-22T07:51:29.449+00:00"",""name"":""full_residual_fits"",""ok"":true,""path"":""/Users/zuha/Desktop/FKI/4 курс 2025-2026/course_work-SBF/runs/sbf3_go3055_go7763/products/NGC_4579/F150W__F115W/0005d2eb60b2/jw07763-o001_t001_nircam_clear-f150w_i2d_03_остатки_общие.fits"",""relative_path"":""jw07763-o001_t001_nircam_clear-f150w_i2d_03_остатки_общие.fits"",""sha256"":""dd7c317e183d991a792ff1ed10279e06d4e8b87182e59d28a66db7c22c0d89dc"",""size_bytes"":173701440},{""exists"":true,""fits_valid"":true,""mtime_ns"":1784706689649657802,""mtime_utc"":""2026-07-22T07:51:29.649+00:00"",""name"":""working_residual_fits"",""ok"":true,""path"":""/Users/zuha/Desktop/FKI/4 курс 2025-2026/course_work-SBF/runs/sbf3_go3055_go7763/products/NGC_4579/F150W__F115W/0005d2eb60b2/jw07763-o001_t001_nircam_clear-f150w_i2d_04_остатки_общие_рабочие.fits"",""relative_path"":""jw07763-o001_t001_nircam_clear-f150w_i2d_04_остатки_общие_рабочие.fits"",""sha256"":""e3028011ff2828164d0485f915b0f5e5085ba7c9efb1f0259bd94eb1f0302d10"",""size_bytes"":173701440},{""exists"":true,""fits_valid"":true,""mtime_ns"":1784709782025756996,""mtime_utc"":""2026-07-22T08:43:02.025+00:00"",""name"":""working_annuli_residual_fits"",""ok"":true,""path"":""/Users/zuha/Desktop/FKI/4 курс 2025-2026/course_work-SBF/runs/sbf3_go3055_go7763/products/NGC_4579/F150W__F115W/0005d2eb60b2/jw07763-o001_t001_nircam_clear-f150w_i2d_05_остатки_общие_рабочие_два_кольца.fits"",""relative_path"":""jw07763-o001_t001_nircam_clear-f150w_i2d_05_остатки_общие_рабочие_два_кольца.fits"",""sha256"":""45b3cbcaca99c3f4b5273d0b6e4196b449bcd36fb40c83cb1f5ccd3754f5c474"",""size_bytes"":173701440}],""target"":""NGC 4579""}"
2290,run-20260720T164920Z-5f8824d560b3-6a51d38a,job-f163ad637a720e54111d3abf28e995d84e5c2fd2ffdbd55e274cf03a9ae552fe,NGC 4606,,1784709800.6743581,INFO,JOB_STATE_CHANGED,,"{""from"":""PENDING"",""to"":""READY""}"
2291,run-20260720T164920Z-5f8824d560b3-6a51d38a,job-f163ad637a720e54111d3abf28e995d84e5c2fd2ffdbd55e274cf03a9ae552fe,NGC 4606,,1784709800.6790452,INFO,INPUT_READY_INITIAL,,"{""inputs"":{""color"":{""expected_size_bytes"":1216137600,""filter"":""F115W"",""final_exists"":true,""final_fits_error"":null,""final_path"":""/Users/zuha/Desktop/FKI/4 курс 2025-2026/course_work-SBF/data/NGC 4606/jw07763-o030_t030_nircam_clear-f115w_i2d.fits"",""final_ready"":true,""final_size_bytes"":1216137600,""part_exists"":false,""part_metadata"":null,""part_metadata_error"":null,""part_path"":""/Users/zuha/Desktop/FKI/4 курс 2025-2026/course_work-SBF/data/NGC 4606/jw07763-o030_t030_nircam_clear-f115w_i2d.fits.part"",""part_size_bytes"":0,""restart_part_exists"":false,""restart_part_path"":""/Users/zuha/Desktop/FKI/4 курс 2025-2026/course_work-SBF/data/NGC 4606/jw07763-o030_t030_nircam_clear-f115w_i2d.fits.restart.part"",""restart_part_size_bytes"":0,""transfer_percent"":null},""signal"":{""expected_size_bytes"":1216137600,""filter"":""F150W"",""final_exists"":true,""final_fits_error"":null,""final_path"":""/Users/zuha/Desktop/FKI/4 курс 2025-2026/course_work-SBF/data/NGC 4606/jw07763-o030_t030_nircam_clear-f150w_i2d.fits"",""final_ready"":true,""final_size_bytes"":1216137600,""part_exists"":false,""part_metadata"":null,""part_metadata_error"":null,""part_path"":""/Users/zuha/Desktop/FKI/4 курс 2025-2026/course_work-SBF/data/NGC 4606/jw07763-o030_t030_nircam_clear-f150w_i2d.fits.part"",""part_size_bytes"":0,""restart_part_exists"":false,""restart_part_path"":""/Users/zuha/Desktop/FKI/4 курс 2025-2026/course_work-SBF/data/NGC 4606/jw07763-o030_t030_nircam_clear-f150w_i2d.fits.restart.part"",""restart_part_size_bytes"":0,""transfer_percent"":null}},""program"":""7763"",""target"":""NGC 4606""}"
2292,run-20260720T164920Z-5f8824d560b3-6a51d38a,job-f163ad637a720e54111d3abf28e995d84e5c2fd2ffdbd55e274cf03a9ae552fe,NGC 4606,,1784709800.82625,INFO,WORKER_START_REQUESTED,,"{""color_path"":""/Users/zuha/Desktop/FKI/4 курс 2025-2026/course_work-SBF/data/NGC 4606/jw07763-o030_t030_nircam_clear-f115w_i2d.fits"",""command"":[""/Users/zuha/Desktop/FKI/4 курс 2025-2026/course_work-SBF/astro_env/bin/python3"",""/Users/zuha/Desktop/FKI/4 курс 2025-2026/course_work-SBF/code/run_sbf_batch.py"",""--worker"",""--job-id"",""job-f163ad637a720e54111d3abf28e995d84e5c2fd2ffdbd55e274cf03a9ae552fe"",""--galaxy"",""NGC 4606"",""--signal"",""/Users/zuha/Desktop/FKI/4 курс 2025-2026/course_work-SBF/data/NGC 4606/jw07763-o030_t030_nircam_clear-f150w_i2d.fits"",""--color"",""/Users/zuha/Desktop/FKI/4 курс 2025-2026/course_work-SBF/data/NGC 4606/jw07763-o030_t030_nircam_clear-f115w_i2d.fits"",""--signal-filter"",""F150W"",""--color-filter"",""F115W"",""--template"",""/Users/zuha/Desktop/FKI/4 курс 2025-2026/course_work-SBF/code/sbf-3.ipynb"",""--batch-root"",""/Users/zuha/Desktop/FKI/4 курс 2025-2026/course_work-SBF/runs/sbf3_go3055_go7763/batch"",""--products-root"",""/Users/zuha/Desktop/FKI/4 курс 2025-2026/course_work-SBF/runs/sbf3_go3055_go7763/products""],""filters"":{""color"":""F115W"",""signal"":""F150W""},""program"":""7763"",""signal_path"":""/Users/zuha/Desktop/FKI/4 курс 2025-2026/course_work-SBF/data/NGC 4606/jw07763-o030_t030_nircam_clear-f150w_i2d.fits"",""target"":""NGC 4606""}"
2293,run-20260720T164920Z-5f8824d560b3-6a51d38a,job-f163ad637a720e54111d3abf28e995d84e5c2fd2ffdbd55e274cf03a9ae552fe,NGC 4606,,1784709800.826924,INFO,JOB_STATE_CHANGED,,"{""from"":""READY"",""to"":""RUNNING""}"
2294,run-20260720T164920Z-5f8824d560b3-6a51d38a,job-f163ad637a720e54111d3abf28e995d84e5c2fd2ffdbd55e274cf03a9ae552fe,NGC 4606,170,1784709800.8322449,INFO,ATTEMPT_STARTED,,"{""attempt_no"":1,""pid"":59748}"
2295,run-20260720T164920Z-5f8824d560b3-6a51d38a,job-f163ad637a720e54111d3abf28e995d84e5c2fd2ffdbd55e274cf03a9ae552fe,NGC 4606,170,1784714211.633587,INFO,WORKER_SUPERVISION_ENDED,,"{""completed"":true,""detail"":null,""duration_seconds"":4410.831181499991,""ended_monotonic"":569001.584074166,""last_sample"":{""available_ram_bytes"":8660598784,""collector"":""psutil"",""disk"":{""free_bytes"":135608918016,""free_gib"":126.29564666748047,""path"":""/Users/zuha/Desktop/FKI/4 курс 2025-2026/course_work-SBF/data"",""total_bytes"":994662584320,""total_gib"":926.3517189025879,""used_bytes"":859053666304,""used_gib"":800.0560722351074},""disk_free_bytes"":135608918016,""monotonic"":568971.578873541,""pid"":59748,""swap"":{""free_bytes"":1736507392,""free_gib"":1.61724853515625,""percent"":89.9,""total_bytes"":17179869184,""total_gib"":16.0,""used_bytes"":15443361792,""used_gib"":14.38275146484375},""swap_used_bytes"":15443361792,""system_ram"":{""available_bytes"":8660598784,""available_gib"":8.065811157226562,""percent"":74.8,""total_bytes"":34359738368,""total_gib"":32.0,""used_bytes"":9484140544,""used_gib"":8.832794189453125},""timestamp_utc"":""2026-07-22T09:56:21.617+00:00"",""worker"":{""child_count"":1,""children_rss_bytes"":5423104,""children_rss_gib"":0.0050506591796875,""pid"":59748,""rss_bytes"":5300649984,""rss_gib"":4.936614990234375,""status"":""sleeping"",""total_rss_bytes"":5306073088,""total_rss_gib"":4.9416656494140625},""worker_children_rss_bytes"":5423104,""worker_rss_bytes"":5300649984,""worker_total_rss_bytes"":5306073088},""ok"":true,""reason"":""completed"",""returncode"":0,""sample_count"":147,""signal_name"":null,""started_monotonic"":564590.752892666,""termination"":null}"
2296,run-20260720T164920Z-5f8824d560b3-6a51d38a,job-f163ad637a720e54111d3abf28e995d84e5c2fd2ffdbd55e274cf03a9ae552fe,NGC 4606,,1784714212.0774138,INFO,JOB_STATE_CHANGED,,"{""from"":""RUNNING"",""to"":""VERIFYING""}"
2297,run-20260720T164920Z-5f8824d560b3-6a51d38a,job-f163ad637a720e54111d3abf28e995d84e5c2fd2ffdbd55e274cf03a9ae552fe,NGC 4606,170,1784714212.0790908,INFO,ARTIFACT_RECORDED,,"{""artifact_id"":266,""kind"":""clean_model_fits"",""path"":""/Users/zuha/Desktop/FKI/4 курс 2025-2026/course_work-SBF/runs/sbf3_go3055_go7763/products/NGC_4606/F150W__F115W/f163ad637a72/jw07763-o030_t030_nircam_clear-f150w_i2d_01_модель_чистая.fits"",""verified"":true}"
2298,run-20260720T164920Z-5f8824d560b3-6a51d38a,job-f163ad637a720e54111d3abf28e995d84e5c2fd2ffdbd55e274cf03a9ae552fe,NGC 4606,170,1784714212.080873,INFO,ARTIFACT_RECORDED,,"{""artifact_id"":267,""kind"":""clean_isophotes_fits"",""path"":""/Users/zuha/Desktop/FKI/4 курс 2025-2026/course_work-SBF/runs/sbf3_go3055_go7763/products/NGC_4606/F150W__F115W/f163ad637a72/jw07763-o030_t030_nircam_clear-f150w_i2d_02_изофоты_чистые.fits"",""verified"":true}"
2299,run-20260720T164920Z-5f8824d560b3-6a51d38a,job-f163ad637a720e54111d3abf28e995d84e5c2fd2ffdbd55e274cf03a9ae552fe,NGC 4606,170,1784714212.0819042,INFO,ARTIFACT_RECORDED,,"{""artifact_id"":268,""kind"":""full_residual_fits"",""path"":""/Users/zuha/Desktop/FKI/4 курс 2025-2026/course_work-SBF/runs/sbf3_go3055_go7763/products/NGC_4606/F150W__F115W/f163ad637a72/jw07763-o030_t030_nircam_clear-f150w_i2d_03_остатки_общие.fits"",""verified"":true}"
2300,run-20260720T164920Z-5f8824d560b3-6a51d38a,job-f163ad637a720e54111d3abf28e995d84e5c2fd2ffdbd55e274cf03a9ae552fe,NGC 4606,170,1784714212.082806,INFO,ARTIFACT_RECORDED,,"{""artifact_id"":269,""kind"":""working_residual_fits"",""path"":""/Users/zuha/Desktop/FKI/4 курс 2025-2026/course_work-SBF/runs/sbf3_go3055_go7763/products/NGC_4606/F150W__F115W/f163ad637a72/jw07763-o030_t030_nircam_clear-f150w_i2d_04_остатки_общие_рабочие.fits"",""verified"":true}"
2301,run-20260720T164920Z-5f8824d560b3-6a51d38a,job-f163ad637a720e54111d3abf28e995d84e5c2fd2ffdbd55e274cf03a9ae552fe,NGC 4606,170,1784714212.0838149,INFO,ARTIFACT_RECORDED,,"{""artifact_id"":270,""kind"":""working_annuli_residual_fits"",""path"":""/Users/zuha/Desktop/FKI/4 курс 2025-2026/course_work-SBF/runs/sbf3_go3055_go7763/products/NGC_4606/F150W__F115W/f163ad637a72/jw07763-o030_t030_nircam_clear-f150w_i2d_05_остатки_общие_рабочие_два_кольца.fits"",""verified"":true}"
2302,run-20260720T164920Z-5f8824d560b3-6a51d38a,job-f163ad637a720e54111d3abf28e995d84e5c2fd2ffdbd55e274cf03a9ae552fe,NGC 4606,170,1784714212.084834,INFO,ATTEMPT_ENDED,,"{""exit_code"":0,""state"":""SUCCEEDED""}"
2303,run-20260720T164920Z-5f8824d560b3-6a51d38a,job-f163ad637a720e54111d3abf28e995d84e5c2fd2ffdbd55e274cf03a9ae552fe,NGC 4606,,1784714212.085719,INFO,JOB_STATE_CHANGED,,"{""from"":""VERIFYING"",""to"":""SUCCEEDED""}"
2304,run-20260720T164920Z-5f8824d560b3-6a51d38a,job-f163ad637a720e54111d3abf28e995d84e5c2fd2ffdbd55e274cf03a9ae552fe,NGC 4606,170,1784714212.08868,INFO,ARTIFACTS_VERIFIED,,"{""artifact_count"":5,""artifact_manifest_path"":""/Users/zuha/Desktop/FKI/4 курс 2025-2026/course_work-SBF/runs/sbf3_go3055_go7763/batch/artifact_manifests/NGC_4606__F150W__F115W__f163ad637a72_result_artifacts.json"",""artifacts"":[{""exists"":true,""fits_valid"":true,""mtime_ns"":1784710964888402789,""mtime_utc"":""2026-07-22T09:02:44.888+00:00"",""name"":""clean_model_fits"",""ok"":true,""path"":""/Users/zuha/Desktop/FKI/4 курс 2025-2026/course_work-SBF/runs/sbf3_go3055_go7763/products/NGC_4606/F150W__F115W/f163ad637a72/jw07763-o030_t030_nircam_clear-f150w_i2d_01_модель_чистая.fits"",""relative_path"":""jw07763-o030_t030_nircam_clear-f150w_i2d_01_модель_чистая.fits"",""sha256"":""50abdc448c1112ccc3e7a0c32f57791f2bed8f98bde37e1766a9bc843048aea5"",""size_bytes"":173701440},{""exists"":true,""fits_valid"":true,""mtime_ns"":1784710965106703153,""mtime_utc"":""2026-07-22T09:02:45.106+00:00"",""name"":""clean_isophotes_fits"",""ok"":true,""path"":""/Users/zuha/Desktop/FKI/4 курс 2025-2026/course_work-SBF/runs/sbf3_go3055_go7763/products/NGC_4606/F150W__F115W/f163ad637a72/jw07763-o030_t030_nircam_clear-f150w_i2d_02_изофоты_чистые.fits"",""relative_path"":""jw07763-o030_t030_nircam_clear-f150w_i2d_02_изофоты_чистые.fits"",""sha256"":""928084abc7b36e11a95fa7cf25309492ec09e28f18128d2b65c1492c61c36c49"",""size_bytes"":173701440},{""exists"":true,""fits_valid"":true,""mtime_ns"":1784710965314565094,""mtime_utc"":""2026-07-22T09:02:45.314+00:00"",""name"":""full_residual_fits"",""ok"":true,""path"":""/Users/zuha/Desktop/FKI/4 курс 2025-2026/course_work-SBF/runs/sbf3_go3055_go7763/products/NGC_4606/F150W__F115W/f163ad637a72/jw07763-o030_t030_nircam_clear-f150w_i2d_03_остатки_общие.fits"",""relative_path"":""jw07763-o030_t030_nircam_clear-f150w_i2d_03_остатки_общие.fits"",""sha256"":""3004ae6b38a5fb9b599378fd5962d20ac020597b251fa4759cca5cef085665ea"",""size_bytes"":173701440},{""exists"":true,""fits_valid"":true,""mtime_ns"":1784710965517288283,""mtime_utc"":""2026-07-22T09:02:45.517+00:00"",""name"":""working_residual_fits"",""ok"":true,""path"":""/Users/zuha/Desktop/FKI/4 курс 2025-2026/course_work-SBF/runs/sbf3_go3055_go7763/products/NGC_4606/F150W__F115W/f163ad637a72/jw07763-o030_t030_nircam_clear-f150w_i2d_04_остатки_общие_рабочие.fits"",""relative_path"":""jw07763-o030_t030_nircam_clear-f150w_i2d_04_остатки_общие_рабочие.fits"",""sha256"":""277914fe4b87537b52ef0eb47b03e9f0a613311ec82cfb26e2d9a4636945ada9"",""size_bytes"":173701440},{""exists"":true,""fits_valid"":true,""mtime_ns"":1784714186258831286,""mtime_utc"":""2026-07-22T09:56:26.258+00:00"",""name"":""working_annuli_residual_fits"",""ok"":true,""path"":""/Users/zuha/Desktop/FKI/4 курс 2025-2026/course_work-SBF/runs/sbf3_go3055_go7763/products/NGC_4606/F150W__F115W/f163ad637a72/jw07763-o030_t030_nircam_clear-f150w_i2d_05_остатки_общие_рабочие_два_кольца.fits"",""relative_path"":""jw07763-o030_t030_nircam_clear-f150w_i2d_05_остатки_общие_рабочие_два_кольца.fits"",""sha256"":""b83979f72da4217199ee2a465d815d5fac70813bd356738b7bf464a9798f3d1f"",""size_bytes"":173701440}],""target"":""NGC 4606""}"
2305,run-20260720T164920Z-5f8824d560b3-6a51d38a,job-ad9002a8b2e8a20881502e8e0f357b624d326299857f987805e448944e6f9919,PGC 040707,,1784714212.149525,INFO,JOB_STATE_CHANGED,,"{""from"":""PENDING"",""to"":""READY""}"
2306,run-20260720T164920Z-5f8824d560b3-6a51d38a,job-ad9002a8b2e8a20881502e8e0f357b624d326299857f987805e448944e6f9919,PGC 040707,,1784714212.153478,INFO,INPUT_READY_INITIAL,,"{""inputs"":{""color"":{""expected_size_bytes"":1216140480,""filter"":""F115W"",""final_exists"":true,""final_fits_error"":null,""final_path"":""/Users/zuha/Desktop/FKI/4 курс 2025-2026/course_work-SBF/data/PGC 040707/jw07763-o071_t071_nircam_clear-f115w_i2d.fits"",""final_ready"":true,""final_size_bytes"":1216140480,""part_exists"":false,""part_metadata"":null,""part_metadata_error"":null,""part_path"":""/Users/zuha/Desktop/FKI/4 курс 2025-2026/course_work-SBF/data/PGC 040707/jw07763-o071_t071_nircam_clear-f115w_i2d.fits.part"",""part_size_bytes"":0,""restart_part_exists"":false,""restart_part_path"":""/Users/zuha/Desktop/FKI/4 курс 2025-2026/course_work-SBF/data/PGC 040707/jw07763-o071_t071_nircam_clear-f115w_i2d.fits.restart.part"",""restart_part_size_bytes"":0,""transfer_percent"":null},""signal"":{""expected_size_bytes"":1216137600,""filter"":""F150W"",""final_exists"":true,""final_fits_error"":null,""final_path"":""/Users/zuha/Desktop/FKI/4 курс 2025-2026/course_work-SBF/data/PGC 040707/jw07763-o071_t071_nircam_clear-f150w_i2d.fits"",""final_ready"":true,""final_size_bytes"":1216137600,""part_exists"":false,""part_metadata"":null,""part_metadata_error"":null,""part_path"":""/Users/zuha/Desktop/FKI/4 курс 2025-2026/course_work-SBF/data/PGC 040707/jw07763-o071_t071_nircam_clear-f150w_i2d.fits.part"",""part_size_bytes"":0,""restart_part_exists"":false,""restart_part_path"":""/Users/zuha/Desktop/FKI/4 курс 2025-2026/course_work-SBF/data/PGC 040707/jw07763-o071_t071_nircam_clear-f150w_i2d.fits.restart.part"",""restart_part_size_bytes"":0,""transfer_percent"":null}},""program"":""7763"",""target"":""PGC 040707""}"
2307,run-20260720T164920Z-5f8824d560b3-6a51d38a,job-ad9002a8b2e8a20881502e8e0f357b624d326299857f987805e448944e6f9919,PGC 040707,,1784714212.2922518,INFO,WORKER_START_REQUESTED,,"{""color_path"":""/Users/zuha/Desktop/FKI/4 курс 2025-2026/course_work-SBF/data/PGC 040707/jw07763-o071_t071_nircam_clear-f115w_i2d.fits"",""command"":[""/Users/zuha/Desktop/FKI/4 курс 2025-2026/course_work-SBF/astro_env/bin/python3"",""/Users/zuha/Desktop/FKI/4 курс 2025-2026/course_work-SBF/code/run_sbf_batch.py"",""--worker"",""--job-id"",""job-ad9002a8b2e8a20881502e8e0f357b624d326299857f987805e448944e6f9919"",""--galaxy"",""PGC 040707"",""--signal"",""/Users/zuha/Desktop/FKI/4 курс 2025-2026/course_work-SBF/data/PGC 040707/jw07763-o071_t071_nircam_clear-f150w_i2d.fits"",""--color"",""/Users/zuha/Desktop/FKI/4 курс 2025-2026/course_work-SBF/data/PGC 040707/jw07763-o071_t071_nircam_clear-f115w_i2d.fits"",""--signal-filter"",""F150W"",""--color-filter"",""F115W"",""--template"",""/Users/zuha/Desktop/FKI/4 курс 2025-2026/course_work-SBF/code/sbf-3.ipynb"",""--batch-root"",""/Users/zuha/Desktop/FKI/4 курс 2025-2026/course_work-SBF/runs/sbf3_go3055_go7763/batch"",""--products-root"",""/Users/zuha/Desktop/FKI/4 курс 2025-2026/course_work-SBF/runs/sbf3_go3055_go7763/products""],""filters"":{""color"":""F115W"",""signal"":""F150W""},""program"":""7763"",""signal_path"":""/Users/zuha/Desktop/FKI/4 курс 2025-2026/course_work-SBF/data/PGC 040707/jw07763-o071_t071_nircam_clear-f150w_i2d.fits"",""target"":""PGC 040707""}"
2308,run-20260720T164920Z-5f8824d560b3-6a51d38a,job-ad9002a8b2e8a20881502e8e0f357b624d326299857f987805e448944e6f9919,PGC 040707,,1784714212.2928598,INFO,JOB_STATE_CHANGED,,"{""from"":""READY"",""to"":""RUNNING""}"
2309,run-20260720T164920Z-5f8824d560b3-6a51d38a,job-ad9002a8b2e8a20881502e8e0f357b624d326299857f987805e448944e6f9919,PGC 040707,171,1784714212.2974,INFO,ATTEMPT_STARTED,,"{""attempt_no"":1,""pid"":77641}"
2310,run-20260720T164920Z-5f8824d560b3-6a51d38a,job-ad9002a8b2e8a20881502e8e0f357b624d326299857f987805e448944e6f9919,PGC 040707,171,1784717963.146357,INFO,WORKER_SUPERVISION_ENDED,,"{""completed"":true,""detail"":null,""duration_seconds"":3750.722469082917,""ended_monotonic"":572752.982987291,""last_sample"":{""available_ram_bytes"":8557772800,""collector"":""psutil"",""disk"":{""free_bytes"":131523215360,""free_gib"":122.49053955078125,""path"":""/Users/zuha/Desktop/FKI/4 курс 2025-2026/course_work-SBF/data"",""total_bytes"":994662584320,""total_gib"":926.3517189025879,""used_bytes"":863139368960,""used_gib"":803.8611793518066},""disk_free_bytes"":131523215360,""monotonic"":572722.972748625,""pid"":77641,""swap"":{""free_bytes"":1419706368,""free_gib"":1.32220458984375,""percent"":93.0,""total_bytes"":20401094656,""total_gib"":19.0,""used_bytes"":18981388288,""used_gib"":17.67779541015625},""swap_used_bytes"":18981388288,""system_ram"":{""available_bytes"":8557772800,""available_gib"":7.9700469970703125,""percent"":75.1,""total_bytes"":34359738368,""total_gib"":32.0,""used_bytes"":11755782144,""used_gib"":10.94842529296875},""timestamp_utc"":""2026-07-22T10:58:53.126+00:00"",""worker"":{""child_count"":1,""children_rss_bytes"":4014080,""children_rss_gib"":0.0037384033203125,""pid"":77641,""rss_bytes"":7342227456,""rss_gib"":6.837982177734375,""status"":""sleeping"",""total_rss_bytes"":7346241536,""total_rss_gib"":6.8417205810546875},""worker_children_rss_bytes"":4014080,""worker_rss_bytes"":7342227456,""worker_total_rss_bytes"":7346241536},""ok"":true,""reason"":""completed"",""returncode"":0,""sample_count"":125,""signal_name"":null,""started_monotonic"":569002.260518208,""termination"":null}"
2311,run-20260720T164920Z-5f8824d560b3-6a51d38a,job-ad9002a8b2e8a20881502e8e0f357b624d326299857f987805e448944e6f9919,PGC 040707,,1784717963.6225321,INFO,JOB_STATE_CHANGED,,"{""from"":""RUNNING"",""to"":""VERIFYING""}"
2312,run-20260720T164920Z-5f8824d560b3-6a51d38a,job-ad9002a8b2e8a20881502e8e0f357b624d326299857f987805e448944e6f9919,PGC 040707,171,1784717963.6249778,INFO,ARTIFACT_RECORDED,,"{""artifact_id"":271,""kind"":""clean_model_fits"",""path"":""/Users/zuha/Desktop/FKI/4 курс 2025-2026/course_work-SBF/runs/sbf3_go3055_go7763/products/PGC_040707/F150W__F115W/ad9002a8b2e8/jw07763-o071_t071_nircam_clear-f150w_i2d_01_модель_чистая.fits"",""verified"":true}"
2313,run-20260720T164920Z-5f8824d560b3-6a51d38a,job-ad9002a8b2e8a20881502e8e0f357b624d326299857f987805e448944e6f9919,PGC 040707,171,1784717963.626685,INFO,ARTIFACT_RECORDED,,"{""artifact_id"":272,""kind"":""clean_isophotes_fits"",""path"":""/Users/zuha/Desktop/FKI/4 курс 2025-2026/course_work-SBF/runs/sbf3_go3055_go7763/products/PGC_040707/F150W__F115W/ad9002a8b2e8/jw07763-o071_t071_nircam_clear-f150w_i2d_02_изофоты_чистые.fits"",""verified"":true}"
2314,run-20260720T164920Z-5f8824d560b3-6a51d38a,job-ad9002a8b2e8a20881502e8e0f357b624d326299857f987805e448944e6f9919,PGC 040707,171,1784717963.628094,INFO,ARTIFACT_RECORDED,,"{""artifact_id"":273,""kind"":""full_residual_fits"",""path"":""/Users/zuha/Desktop/FKI/4 курс 2025-2026/course_work-SBF/runs/sbf3_go3055_go7763/products/PGC_040707/F150W__F115W/ad9002a8b2e8/jw07763-o071_t071_nircam_clear-f150w_i2d_03_остатки_общие.fits"",""verified"":true}"
2315,run-20260720T164920Z-5f8824d560b3-6a51d38a,job-ad9002a8b2e8a20881502e8e0f357b624d326299857f987805e448944e6f9919,PGC 040707,171,1784717963.629141,INFO,ARTIFACT_RECORDED,,"{""artifact_id"":274,""kind"":""working_residual_fits"",""path"":""/Users/zuha/Desktop/FKI/4 курс 2025-2026/course_work-SBF/runs/sbf3_go3055_go7763/products/PGC_040707/F150W__F115W/ad9002a8b2e8/jw07763-o071_t071_nircam_clear-f150w_i2d_04_остатки_общие_рабочие.fits"",""verified"":true}"
2316,run-20260720T164920Z-5f8824d560b3-6a51d38a,job-ad9002a8b2e8a20881502e8e0f357b624d326299857f987805e448944e6f9919,PGC 040707,171,1784717963.630184,INFO,ARTIFACT_RECORDED,,"{""artifact_id"":275,""kind"":""working_annuli_residual_fits"",""path"":""/Users/zuha/Desktop/FKI/4 курс 2025-2026/course_work-SBF/runs/sbf3_go3055_go7763/products/PGC_040707/F150W__F115W/ad9002a8b2e8/jw07763-o071_t071_nircam_clear-f150w_i2d_05_остатки_общие_рабочие_два_кольца.fits"",""verified"":true}"
2317,run-20260720T164920Z-5f8824d560b3-6a51d38a,job-ad9002a8b2e8a20881502e8e0f357b624d326299857f987805e448944e6f9919,PGC 040707,171,1784717963.632073,INFO,ATTEMPT_ENDED,,"{""exit_code"":0,""state"":""SUCCEEDED""}"
2318,run-20260720T164920Z-5f8824d560b3-6a51d38a,job-ad9002a8b2e8a20881502e8e0f357b624d326299857f987805e448944e6f9919,PGC 040707,,1784717963.633163,INFO,JOB_STATE_CHANGED,,"{""from"":""VERIFYING"",""to"":""SUCCEEDED""}"
2319,run-20260720T164920Z-5f8824d560b3-6a51d38a,job-ad9002a8b2e8a20881502e8e0f357b624d326299857f987805e448944e6f9919,PGC 040707,171,1784717963.636118,INFO,ARTIFACTS_VERIFIED,,"{""artifact_count"":5,""artifact_manifest_path"":""/Users/zuha/Desktop/FKI/4 курс 2025-2026/course_work-SBF/runs/sbf3_go3055_go7763/batch/artifact_manifests/PGC_040707__F150W__F115W__ad9002a8b2e8_result_artifacts.json"",""artifacts"":[{""exists"":true,""fits_valid"":true,""mtime_ns"":1784714766860957300,""mtime_utc"":""2026-07-22T10:06:06.860+00:00"",""name"":""clean_model_fits"",""ok"":true,""path"":""/Users/zuha/Desktop/FKI/4 курс 2025-2026/course_work-SBF/runs/sbf3_go3055_go7763/products/PGC_040707/F150W__F115W/ad9002a8b2e8/jw07763-o071_t071_nircam_clear-f150w_i2d_01_модель_чистая.fits"",""relative_path"":""jw07763-o071_t071_nircam_clear-f150w_i2d_01_модель_чистая.fits"",""sha256"":""82b2b96e55840c0ce6e9f808f29fe57b8895ea7525ebd4a4f915ef47b1a69a0a"",""size_bytes"":173701440},{""exists"":true,""fits_valid"":true,""mtime_ns"":1784714767093114265,""mtime_utc"":""2026-07-22T10:06:07.093+00:00"",""name"":""clean_isophotes_fits"",""ok"":true,""path"":""/Users/zuha/Desktop/FKI/4 курс 2025-2026/course_work-SBF/runs/sbf3_go3055_go7763/products/PGC_040707/F150W__F115W/ad9002a8b2e8/jw07763-o071_t071_nircam_clear-f150w_i2d_02_изофоты_чистые.fits"",""relative_path"":""jw07763-o071_t071_nircam_clear-f150w_i2d_02_изофоты_чистые.fits"",""sha256"":""562bfe77246eca5b0476ec7ac185e661c1d355ae5027dd79e9066326706c5e0e"",""size_bytes"":173701440},{""exists"":true,""fits_valid"":true,""mtime_ns"":1784714767310649607,""mtime_utc"":""2026-07-22T10:06:07.310+00:00"",""name"":""full_residual_fits"",""ok"":true,""path"":""/Users/zuha/Desktop/FKI/4 курс 2025-2026/course_work-SBF/runs/sbf3_go3055_go7763/products/PGC_040707/F150W__F115W/ad9002a8b2e8/jw07763-o071_t071_nircam_clear-f150w_i2d_03_остатки_общие.fits"",""relative_path"":""jw07763-o071_t071_nircam_clear-f150w_i2d_03_остатки_общие.fits"",""sha256"":""aea190f0ddeed58319dd8af1ff8449ac511cefc132ac962c80893992ba3183d5"",""size_bytes"":173701440},{""exists"":true,""fits_valid"":true,""mtime_ns"":1784714767536203533,""mtime_utc"":""2026-07-22T10:06:07.536+00:00"",""name"":""working_residual_fits"",""ok"":true,""path"":""/Users/zuha/Desktop/FKI/4 курс 2025-2026/course_work-SBF/runs/sbf3_go3055_go7763/products/PGC_040707/F150W__F115W/ad9002a8b2e8/jw07763-o071_t071_nircam_clear-f150w_i2d_04_остатки_общие_рабочие.fits"",""relative_path"":""jw07763-o071_t071_nircam_clear-f150w_i2d_04_остатки_общие_рабочие.fits"",""sha256"":""e430ae902b2a8155e0169b52e2a6f4700e64b93afc6a6f32a4f46f5be3fb2247"",""size_bytes"":173701440},{""exists"":true,""fits_valid"":true,""mtime_ns"":1784717955173112416,""mtime_utc"":""2026-07-22T10:59:15.173+00:00"",""name"":""working_annuli_residual_fits"",""ok"":true,""path"":""/Users/zuha/Desktop/FKI/4 курс 2025-2026/course_work-SBF/runs/sbf3_go3055_go7763/products/PGC_040707/F150W__F115W/ad9002a8b2e8/jw07763-o071_t071_nircam_clear-f150w_i2d_05_остатки_общие_рабочие_два_кольца.fits"",""relative_path"":""jw07763-o071_t071_nircam_clear-f150w_i2d_05_остатки_общие_рабочие_два_кольца.fits"",""sha256"":""6970911218fa5e5defc619a01a3bd13d13290bdbe1363fd363873a45daa87dec"",""size_bytes"":173701440}],""target"":""PGC 040707""}"
2320,run-20260720T164920Z-5f8824d560b3-6a51d38a,job-f477a084aa0b6b1b36f0bca447d2343cccd0f1a163302ebf5d75a7b2cd45cffd,PGC 040723,,1784717963.692478,INFO,JOB_STATE_CHANGED,,"{""from"":""PENDING"",""to"":""READY""}"
2321,run-20260720T164920Z-5f8824d560b3-6a51d38a,job-f477a084aa0b6b1b36f0bca447d2343cccd0f1a163302ebf5d75a7b2cd45cffd,PGC 040723,,1784717963.6960251,INFO,INPUT_READY_INITIAL,,"{""inputs"":{""color"":{""expected_size_bytes"":1216140480,""filter"":""F115W"",""final_exists"":true,""final_fits_error"":null,""final_path"":""/Users/zuha/Desktop/FKI/4 курс 2025-2026/course_work-SBF/data/PGC 040723/jw07763-o074_t074_nircam_clear-f115w_i2d.fits"",""final_ready"":true,""final_size_bytes"":1216140480,""part_exists"":false,""part_metadata"":null,""part_metadata_error"":null,""part_path"":""/Users/zuha/Desktop/FKI/4 курс 2025-2026/course_work-SBF/data/PGC 040723/jw07763-o074_t074_nircam_clear-f115w_i2d.fits.part"",""part_size_bytes"":0,""restart_part_exists"":false,""restart_part_path"":""/Users/zuha/Desktop/FKI/4 курс 2025-2026/course_work-SBF/data/PGC 040723/jw07763-o074_t074_nircam_clear-f115w_i2d.fits.restart.part"",""restart_part_size_bytes"":0,""transfer_percent"":null},""signal"":{""expected_size_bytes"":1216258560,""filter"":""F150W"",""final_exists"":true,""final_fits_error"":null,""final_path"":""/Users/zuha/Desktop/FKI/4 курс 2025-2026/course_work-SBF/data/PGC 040723/jw07763-o074_t074_nircam_clear-f150w_i2d.fits"",""final_ready"":true,""final_size_bytes"":1216258560,""part_exists"":false,""part_metadata"":null,""part_metadata_error"":null,""part_path"":""/Users/zuha/Desktop/FKI/4 курс 2025-2026/course_work-SBF/data/PGC 040723/jw07763-o074_t074_nircam_clear-f150w_i2d.fits.part"",""part_size_bytes"":0,""restart_part_exists"":false,""restart_part_path"":""/Users/zuha/Desktop/FKI/4 курс 2025-2026/course_work-SBF/data/PGC 040723/jw07763-o074_t074_nircam_clear-f150w_i2d.fits.restart.part"",""restart_part_size_bytes"":0,""transfer_percent"":null}},""program"":""7763"",""target"":""PGC 040723""}"
2322,run-20260720T164920Z-5f8824d560b3-6a51d38a,job-f477a084aa0b6b1b36f0bca447d2343cccd0f1a163302ebf5d75a7b2cd45cffd,PGC 040723,,1784717963.849418,INFO,WORKER_START_REQUESTED,,"{""color_path"":""/Users/zuha/Desktop/FKI/4 курс 2025-2026/course_work-SBF/data/PGC 040723/jw07763-o074_t074_nircam_clear-f115w_i2d.fits"",""command"":[""/Users/zuha/Desktop/FKI/4 курс 2025-2026/course_work-SBF/astro_env/bin/python3"",""/Users/zuha/Desktop/FKI/4 курс 2025-2026/course_work-SBF/code/run_sbf_batch.py"",""--worker"",""--job-id"",""job-f477a084aa0b6b1b36f0bca447d2343cccd0f1a163302ebf5d75a7b2cd45cffd"",""--galaxy"",""PGC 040723"",""--signal"",""/Users/zuha/Desktop/FKI/4 курс 2025-2026/course_work-SBF/data/PGC 040723/jw07763-o074_t074_nircam_clear-f150w_i2d.fits"",""--color"",""/Users/zuha/Desktop/FKI/4 курс 2025-2026/course_work-SBF/data/PGC 040723/jw07763-o074_t074_nircam_clear-f115w_i2d.fits"",""--signal-filter"",""F150W"",""--color-filter"",""F115W"",""--template"",""/Users/zuha/Desktop/FKI/4 курс 2025-2026/course_work-SBF/code/sbf-3.ipynb"",""--batch-root"",""/Users/zuha/Desktop/FKI/4 курс 2025-2026/course_work-SBF/runs/sbf3_go3055_go7763/batch"",""--products-root"",""/Users/zuha/Desktop/FKI/4 курс 2025-2026/course_work-SBF/runs/sbf3_go3055_go7763/products""],""filters"":{""color"":""F115W"",""signal"":""F150W""},""program"":""7763"",""signal_path"":""/Users/zuha/Desktop/FKI/4 курс 2025-2026/course_work-SBF/data/PGC 040723/jw07763-o074_t074_nircam_clear-f150w_i2d.fits"",""target"":""PGC 040723""}"
2323,run-20260720T164920Z-5f8824d560b3-6a51d38a,job-f477a084aa0b6b1b36f0bca447d2343cccd0f1a163302ebf5d75a7b2cd45cffd,PGC 040723,,1784717963.85007,INFO,JOB_STATE_CHANGED,,"{""from"":""READY"",""to"":""RUNNING""}"
2324,run-20260720T164920Z-5f8824d560b3-6a51d38a,job-f477a084aa0b6b1b36f0bca447d2343cccd0f1a163302ebf5d75a7b2cd45cffd,PGC 040723,172,1784717963.854984,INFO,ATTEMPT_STARTED,,"{""attempt_no"":1,""pid"":93011}"
2325,run-20260720T164920Z-5f8824d560b3-6a51d38a,job-f477a084aa0b6b1b36f0bca447d2343cccd0f1a163302ebf5d75a7b2cd45cffd,PGC 040723,172,1784721324.4998221,INFO,WORKER_SUPERVISION_ENDED,,"{""completed"":true,""detail"":null,""duration_seconds"":3360.6895582500147,""ended_monotonic"":576114.391313625,""last_sample"":{""available_ram_bytes"":10152050688,""collector"":""psutil"",""disk"":{""free_bytes"":169687363584,""free_gib"":158.03367233276367,""path"":""/Users/zuha/Desktop/FKI/4 курс 2025-2026/course_work-SBF/data"",""total_bytes"":994662584320,""total_gib"":926.3517189025879,""used_bytes"":824975220736,""used_gib"":768.3180465698242},""disk_free_bytes"":169687363584,""monotonic"":576084.386063708,""pid"":93011,""swap"":{""free_bytes"":702545920,""free_gib"":0.654296875,""percent"":96.7,""total_bytes"":21474836480,""total_gib"":20.0,""used_bytes"":20772290560,""used_gib"":19.345703125},""swap_used_bytes"":20772290560,""system_ram"":{""available_bytes"":10152050688,""available_gib"":9.454833984375,""percent"":70.5,""total_bytes"":34359738368,""total_gib"":32.0,""used_bytes"":10952146944,""used_gib"":10.199981689453125},""timestamp_utc"":""2026-07-22T11:54:54.477+00:00"",""worker"":{""child_count"":1,""children_rss_bytes"":5406720,""children_rss_gib"":0.005035400390625,""pid"":93011,""rss_bytes"":5530091520,""rss_gib"":5.150299072265625,""status"":""sleeping"",""total_rss_bytes"":5535498240,""total_rss_gib"":5.15533447265625},""worker_children_rss_bytes"":5406720,""worker_rss_bytes"":5530091520,""worker_total_rss_bytes"":5535498240},""ok"":true,""reason"":""completed"",""returncode"":0,""sample_count"":112,""signal_name"":null,""started_monotonic"":572753.701755375,""termination"":null}"
2326,run-20260720T164920Z-5f8824d560b3-6a51d38a,job-f477a084aa0b6b1b36f0bca447d2343cccd0f1a163302ebf5d75a7b2cd45cffd,PGC 040723,,1784721325.1476748,INFO,JOB_STATE_CHANGED,,"{""from"":""RUNNING"",""to"":""VERIFYING""}"
2327,run-20260720T164920Z-5f8824d560b3-6a51d38a,job-f477a084aa0b6b1b36f0bca447d2343cccd0f1a163302ebf5d75a7b2cd45cffd,PGC 040723,172,1784721325.149635,INFO,ARTIFACT_RECORDED,,"{""artifact_id"":276,""kind"":""clean_model_fits"",""path"":""/Users/zuha/Desktop/FKI/4 курс 2025-2026/course_work-SBF/runs/sbf3_go3055_go7763/products/PGC_040723/F150W__F115W/f477a084aa0b/jw07763-o074_t074_nircam_clear-f150w_i2d_01_модель_чистая.fits"",""verified"":true}"
2328,run-20260720T164920Z-5f8824d560b3-6a51d38a,job-f477a084aa0b6b1b36f0bca447d2343cccd0f1a163302ebf5d75a7b2cd45cffd,PGC 040723,172,1784721325.153546,INFO,ARTIFACT_RECORDED,,"{""artifact_id"":277,""kind"":""clean_isophotes_fits"",""path"":""/Users/zuha/Desktop/FKI/4 курс 2025-2026/course_work-SBF/runs/sbf3_go3055_go7763/products/PGC_040723/F150W__F115W/f477a084aa0b/jw07763-o074_t074_nircam_clear-f150w_i2d_02_изофоты_чистые.fits"",""verified"":true}"
2329,run-20260720T164920Z-5f8824d560b3-6a51d38a,job-f477a084aa0b6b1b36f0bca447d2343cccd0f1a163302ebf5d75a7b2cd45cffd,PGC 040723,172,1784721325.1595368,INFO,ARTIFACT_RECORDED,,"{""artifact_id"":278,""kind"":""full_residual_fits"",""path"":""/Users/zuha/Desktop/FKI/4 курс 2025-2026/course_work-SBF/runs/sbf3_go3055_go7763/products/PGC_040723/F150W__F115W/f477a084aa0b/jw07763-o074_t074_nircam_clear-f150w_i2d_03_остатки_общие.fits"",""verified"":true}"
2330,run-20260720T164920Z-5f8824d560b3-6a51d38a,job-f477a084aa0b6b1b36f0bca447d2343cccd0f1a163302ebf5d75a7b2cd45cffd,PGC 040723,172,1784721325.161091,INFO,ARTIFACT_RECORDED,,"{""artifact_id"":279,""kind"":""working_residual_fits"",""path"":""/Users/zuha/Desktop/FKI/4 курс 2025-2026/course_work-SBF/runs/sbf3_go3055_go7763/products/PGC_040723/F150W__F115W/f477a084aa0b/jw07763-o074_t074_nircam_clear-f150w_i2d_04_остатки_общие_рабочие.fits"",""verified"":true}"
2331,run-20260720T164920Z-5f8824d560b3-6a51d38a,job-f477a084aa0b6b1b36f0bca447d2343cccd0f1a163302ebf5d75a7b2cd45cffd,PGC 040723,172,1784721325.162262,INFO,ARTIFACT_RECORDED,,"{""artifact_id"":280,""kind"":""working_annuli_residual_fits"",""path"":""/Users/zuha/Desktop/FKI/4 курс 2025-2026/course_work-SBF/runs/sbf3_go3055_go7763/products/PGC_040723/F150W__F115W/f477a084aa0b/jw07763-o074_t074_nircam_clear-f150w_i2d_05_остатки_общие_рабочие_два_кольца.fits"",""verified"":true}"
2332,run-20260720T164920Z-5f8824d560b3-6a51d38a,job-f477a084aa0b6b1b36f0bca447d2343cccd0f1a163302ebf5d75a7b2cd45cffd,PGC 040723,172,1784721325.164861,INFO,ATTEMPT_ENDED,,"{""exit_code"":0,""state"":""SUCCEEDED""}"
2333,run-20260720T164920Z-5f8824d560b3-6a51d38a,job-f477a084aa0b6b1b36f0bca447d2343cccd0f1a163302ebf5d75a7b2cd45cffd,PGC 040723,,1784721325.165866,INFO,JOB_STATE_CHANGED,,"{""from"":""VERIFYING"",""to"":""SUCCEEDED""}"
2334,run-20260720T164920Z-5f8824d560b3-6a51d38a,job-f477a084aa0b6b1b36f0bca447d2343cccd0f1a163302ebf5d75a7b2cd45cffd,PGC 040723,172,1784721325.176749,INFO,ARTIFACTS_VERIFIED,,"{""artifact_count"":5,""artifact_manifest_path"":""/Users/zuha/Desktop/FKI/4 курс 2025-2026/course_work-SBF/runs/sbf3_go3055_go7763/batch/artifact_manifests/PGC_040723__F150W__F115W__f477a084aa0b_result_artifacts.json"",""artifacts"":[{""exists"":true,""fits_valid"":true,""mtime_ns"":1784718139654273930,""mtime_utc"":""2026-07-22T11:02:19.654+00:00"",""name"":""clean_model_fits"",""ok"":true,""path"":""/Users/zuha/Desktop/FKI/4 курс 2025-2026/course_work-SBF/runs/sbf3_go3055_go7763/products/PGC_040723/F150W__F115W/f477a084aa0b/jw07763-o074_t074_nircam_clear-f150w_i2d_01_модель_чистая.fits"",""relative_path"":""jw07763-o074_t074_nircam_clear-f150w_i2d_01_модель_чистая.fits"",""sha256"":""482152fa971a94a4dae325f0a169426f790dcd0d3a98cd5d0997fb5bb18590f7"",""size_bytes"":173718720},{""exists"":true,""fits_valid"":true,""mtime_ns"":1784718139847402611,""mtime_utc"":""2026-07-22T11:02:19.847+00:00"",""name"":""clean_isophotes_fits"",""ok"":true,""path"":""/Users/zuha/Desktop/FKI/4 курс 2025-2026/course_work-SBF/runs/sbf3_go3055_go7763/products/PGC_040723/F150W__F115W/f477a084aa0b/jw07763-o074_t074_nircam_clear-f150w_i2d_02_изофоты_чистые.fits"",""relative_path"":""jw07763-o074_t074_nircam_clear-f150w_i2d_02_изофоты_чистые.fits"",""sha256"":""dbd2768c1f67df4cef93d32222d758d970b1456c2fdfae18525bae77bf17e5b2"",""size_bytes"":173718720},{""exists"":true,""fits_valid"":true,""mtime_ns"":1784718140044333922,""mtime_utc"":""2026-07-22T11:02:20.044+00:00"",""name"":""full_residual_fits"",""ok"":true,""path"":""/Users/zuha/Desktop/FKI/4 курс 2025-2026/course_work-SBF/runs/sbf3_go3055_go7763/products/PGC_040723/F150W__F115W/f477a084aa0b/jw07763-o074_t074_nircam_clear-f150w_i2d_03_остатки_общие.fits"",""relative_path"":""jw07763-o074_t074_nircam_clear-f150w_i2d_03_остатки_общие.fits"",""sha256"":""b2af266a720bd65896ba9b8a6bd8fd5e7609e83b4e38eb26c8be0fe109aeae5f"",""size_bytes"":173718720},{""exists"":true,""fits_valid"":true,""mtime_ns"":1784718140243771557,""mtime_utc"":""2026-07-22T11:02:20.243+00:00"",""name"":""working_residual_fits"",""ok"":true,""path"":""/Users/zuha/Desktop/FKI/4 курс 2025-2026/course_work-SBF/runs/sbf3_go3055_go7763/products/PGC_040723/F150W__F115W/f477a084aa0b/jw07763-o074_t074_nircam_clear-f150w_i2d_04_остатки_общие_рабочие.fits"",""relative_path"":""jw07763-o074_t074_nircam_clear-f150w_i2d_04_остатки_общие_рабочие.fits"",""sha256"":""d605b1cae0f43e5c254a525d03290c3de9366ff170bf471de04c9de656ce3cf2"",""size_bytes"":173718720},{""exists"":true,""fits_valid"":true,""mtime_ns"":1784721305436610479,""mtime_utc"":""2026-07-22T11:55:05.436+00:00"",""name"":""working_annuli_residual_fits"",""ok"":true,""path"":""/Users/zuha/Desktop/FKI/4 курс 2025-2026/course_work-SBF/runs/sbf3_go3055_go7763/products/PGC_040723/F150W__F115W/f477a084aa0b/jw07763-o074_t074_nircam_clear-f150w_i2d_05_остатки_общие_рабочие_два_кольца.fits"",""relative_path"":""jw07763-o074_t074_nircam_clear-f150w_i2d_05_остатки_общие_рабочие_два_кольца.fits"",""sha256"":""af38795e8ae4f672b858edba14c861c904a20fe2c2b120ace480a1367770fd60"",""size_bytes"":173718720}],""target"":""PGC 040723""}"
2335,run-20260720T164920Z-5f8824d560b3-6a51d38a,job-1ce02ea43385f4ba69f367510b242ed129174a3f99d8b3dd74402c51d4761a08,PGC 041156,,1784721325.308407,INFO,JOB_STATE_CHANGED,,"{""from"":""PENDING"",""to"":""READY""}"
2336,run-20260720T164920Z-5f8824d560b3-6a51d38a,job-1ce02ea43385f4ba69f367510b242ed129174a3f99d8b3dd74402c51d4761a08,PGC 041156,,1784721325.312791,INFO,INPUT_READY_INITIAL,,"{""inputs"":{""color"":{""expected_size_bytes"":1216140480,""filter"":""F115W"",""final_exists"":true,""final_fits_error"":null,""final_path"":""/Users/zuha/Desktop/FKI/4 курс 2025-2026/course_work-SBF/data/PGC 041156/jw07763-o063_t063_nircam_clear-f115w_i2d.fits"",""final_ready"":true,""final_size_bytes"":1216140480,""part_exists"":false,""part_metadata"":null,""part_metadata_error"":null,""part_path"":""/Users/zuha/Desktop/FKI/4 курс 2025-2026/course_work-SBF/data/PGC 041156/jw07763-o063_t063_nircam_clear-f115w_i2d.fits.part"",""part_size_bytes"":0,""restart_part_exists"":false,""restart_part_path"":""/Users/zuha/Desktop/FKI/4 курс 2025-2026/course_work-SBF/data/PGC 041156/jw07763-o063_t063_nircam_clear-f115w_i2d.fits.restart.part"",""restart_part_size_bytes"":0,""transfer_percent"":null},""signal"":{""expected_size_bytes"":1216258560,""filter"":""F150W"",""final_exists"":true,""final_fits_error"":null,""final_path"":""/Users/zuha/Desktop/FKI/4 курс 2025-2026/course_work-SBF/data/PGC 041156/jw07763-o063_t063_nircam_clear-f150w_i2d.fits"",""final_ready"":true,""final_size_bytes"":1216258560,""part_exists"":false,""part_metadata"":null,""part_metadata_error"":null,""part_path"":""/Users/zuha/Desktop/FKI/4 курс 2025-2026/course_work-SBF/data/PGC 041156/jw07763-o063_t063_nircam_clear-f150w_i2d.fits.part"",""part_size_bytes"":0,""restart_part_exists"":false,""restart_part_path"":""/Users/zuha/Desktop/FKI/4 курс 2025-2026/course_work-SBF/data/PGC 041156/jw07763-o063_t063_nircam_clear-f150w_i2d.fits.restart.part"",""restart_part_size_bytes"":0,""transfer_percent"":null}},""program"":""7763"",""target"":""PGC 041156""}"
2337,run-20260720T164920Z-5f8824d560b3-6a51d38a,job-1ce02ea43385f4ba69f367510b242ed129174a3f99d8b3dd74402c51d4761a08,PGC 041156,,1784721325.51313,INFO,WORKER_START_REQUESTED,,"{""color_path"":""/Users/zuha/Desktop/FKI/4 курс 2025-2026/course_work-SBF/data/PGC 041156/jw07763-o063_t063_nircam_clear-f115w_i2d.fits"",""command"":[""/Users/zuha/Desktop/FKI/4 курс 2025-2026/course_work-SBF/astro_env/bin/python3"",""/Users/zuha/Desktop/FKI/4 курс 2025-2026/course_work-SBF/code/run_sbf_batch.py"",""--worker"",""--job-id"",""job-1ce02ea43385f4ba69f367510b242ed129174a3f99d8b3dd74402c51d4761a08"",""--galaxy"",""PGC 041156"",""--signal"",""/Users/zuha/Desktop/FKI/4 курс 2025-2026/course_work-SBF/data/PGC 041156/jw07763-o063_t063_nircam_clear-f150w_i2d.fits"",""--color"",""/Users/zuha/Desktop/FKI/4 курс 2025-2026/course_work-SBF/data/PGC 041156/jw07763-o063_t063_nircam_clear-f115w_i2d.fits"",""--signal-filter"",""F150W"",""--color-filter"",""F115W"",""--template"",""/Users/zuha/Desktop/FKI/4 курс 2025-2026/course_work-SBF/code/sbf-3.ipynb"",""--batch-root"",""/Users/zuha/Desktop/FKI/4 курс 2025-2026/course_work-SBF/runs/sbf3_go3055_go7763/batch"",""--products-root"",""/Users/zuha/Desktop/FKI/4 курс 2025-2026/course_work-SBF/runs/sbf3_go3055_go7763/products""],""filters"":{""color"":""F115W"",""signal"":""F150W""},""program"":""7763"",""signal_path"":""/Users/zuha/Desktop/FKI/4 курс 2025-2026/course_work-SBF/data/PGC 041156/jw07763-o063_t063_nircam_clear-f150w_i2d.fits"",""target"":""PGC 041156""}"
2338,run-20260720T164920Z-5f8824d560b3-6a51d38a,job-1ce02ea43385f4ba69f367510b242ed129174a3f99d8b3dd74402c51d4761a08,PGC 041156,,1784721325.5137799,INFO,JOB_STATE_CHANGED,,"{""from"":""READY"",""to"":""RUNNING""}"
2339,run-20260720T164920Z-5f8824d560b3-6a51d38a,job-1ce02ea43385f4ba69f367510b242ed129174a3f99d8b3dd74402c51d4761a08,PGC 041156,173,1784721325.571434,INFO,ATTEMPT_STARTED,,"{""attempt_no"":1,""pid"":18562}"
2340,run-20260720T164920Z-5f8824d560b3-6a51d38a,job-1ce02ea43385f4ba69f367510b242ed129174a3f99d8b3dd74402c51d4761a08,PGC 041156,173,1784724986.238525,INFO,WORKER_SUPERVISION_ENDED,,"{""completed"":true,""detail"":null,""duration_seconds"":3660.6771776670357,""ended_monotonic"":579776.159654125,""last_sample"":{""available_ram_bytes"":13191806976,""collector"":""psutil"",""disk"":{""free_bytes"":144328503296,""free_gib"":134.4163932800293,""path"":""/Users/zuha/Desktop/FKI/4 курс 2025-2026/course_work-SBF/data"",""total_bytes"":994662584320,""total_gib"":926.3517189025879,""used_bytes"":850334081024,""used_gib"":791.9353256225586},""disk_free_bytes"":144328503296,""monotonic"":579746.154359666,""pid"":18562,""swap"":{""free_bytes"":1292173312,""free_gib"":1.20343017578125,""percent"":95.2,""total_bytes"":26843545600,""total_gib"":25.0,""used_bytes"":25551372288,""used_gib"":23.79656982421875},""swap_used_bytes"":25551372288,""system_ram"":{""available_bytes"":13191806976,""available_gib"":12.28582763671875,""percent"":61.6,""total_bytes"":34359738368,""total_gib"":32.0,""used_bytes"":13926105088,""used_gib"":12.969696044921875},""timestamp_utc"":""2026-07-22T12:55:56.220+00:00"",""worker"":{""child_count"":1,""children_rss_bytes"":1245184,""children_rss_gib"":0.00115966796875,""pid"":18562,""rss_bytes"":7031111680,""rss_gib"":6.5482330322265625,""status"":""sleeping"",""total_rss_bytes"":7032356864,""total_rss_gib"":6.5493927001953125},""worker_children_rss_bytes"":1245184,""worker_rss_bytes"":7031111680,""worker_total_rss_bytes"":7032356864},""ok"":true,""reason"":""completed"",""returncode"":0,""sample_count"":122,""signal_name"":null,""started_monotonic"":576115.482476458,""termination"":null}"
2341,run-20260720T164920Z-5f8824d560b3-6a51d38a,job-1ce02ea43385f4ba69f367510b242ed129174a3f99d8b3dd74402c51d4761a08,PGC 041156,,1784724986.703979,INFO,JOB_STATE_CHANGED,,"{""from"":""RUNNING"",""to"":""VERIFYING""}"
2342,run-20260720T164920Z-5f8824d560b3-6a51d38a,job-1ce02ea43385f4ba69f367510b242ed129174a3f99d8b3dd74402c51d4761a08,PGC 041156,173,1784724986.7066371,INFO,ARTIFACT_RECORDED,,"{""artifact_id"":281,""kind"":""clean_model_fits"",""path"":""/Users/zuha/Desktop/FKI/4 курс 2025-2026/course_work-SBF/runs/sbf3_go3055_go7763/products/PGC_041156/F150W__F115W/1ce02ea43385/jw07763-o063_t063_nircam_clear-f150w_i2d_01_модель_чистая.fits"",""verified"":true}"
2343,run-20260720T164920Z-5f8824d560b3-6a51d38a,job-1ce02ea43385f4ba69f367510b242ed129174a3f99d8b3dd74402c51d4761a08,PGC 041156,173,1784724986.708433,INFO,ARTIFACT_RECORDED,,"{""artifact_id"":282,""kind"":""clean_isophotes_fits"",""path"":""/Users/zuha/Desktop/FKI/4 курс 2025-2026/course_work-SBF/runs/sbf3_go3055_go7763/products/PGC_041156/F150W__F115W/1ce02ea43385/jw07763-o063_t063_nircam_clear-f150w_i2d_02_изофоты_чистые.fits"",""verified"":true}"
2344,run-20260720T164920Z-5f8824d560b3-6a51d38a,job-1ce02ea43385f4ba69f367510b242ed129174a3f99d8b3dd74402c51d4761a08,PGC 041156,173,1784724986.709481,INFO,ARTIFACT_RECORDED,,"{""artifact_id"":283,""kind"":""full_residual_fits"",""path"":""/Users/zuha/Desktop/FKI/4 курс 2025-2026/course_work-SBF/runs/sbf3_go3055_go7763/products/PGC_041156/F150W__F115W/1ce02ea43385/jw07763-o063_t063_nircam_clear-f150w_i2d_03_остатки_общие.fits"",""verified"":true}"
2345,run-20260720T164920Z-5f8824d560b3-6a51d38a,job-1ce02ea43385f4ba69f367510b242ed129174a3f99d8b3dd74402c51d4761a08,PGC 041156,173,1784724986.711189,INFO,ARTIFACT_RECORDED,,"{""artifact_id"":284,""kind"":""working_residual_fits"",""path"":""/Users/zuha/Desktop/FKI/4 курс 2025-2026/course_work-SBF/runs/sbf3_go3055_go7763/products/PGC_041156/F150W__F115W/1ce02ea43385/jw07763-o063_t063_nircam_clear-f150w_i2d_04_остатки_общие_рабочие.fits"",""verified"":true}"
2346,run-20260720T164920Z-5f8824d560b3-6a51d38a,job-1ce02ea43385f4ba69f367510b242ed129174a3f99d8b3dd74402c51d4761a08,PGC 041156,173,1784724986.712137,INFO,ARTIFACT_RECORDED,,"{""artifact_id"":285,""kind"":""working_annuli_residual_fits"",""path"":""/Users/zuha/Desktop/FKI/4 курс 2025-2026/course_work-SBF/runs/sbf3_go3055_go7763/products/PGC_041156/F150W__F115W/1ce02ea43385/jw07763-o063_t063_nircam_clear-f150w_i2d_05_остатки_общие_рабочие_два_кольца.fits"",""verified"":true}"
2347,run-20260720T164920Z-5f8824d560b3-6a51d38a,job-1ce02ea43385f4ba69f367510b242ed129174a3f99d8b3dd74402c51d4761a08,PGC 041156,173,1784724986.713017,INFO,ATTEMPT_ENDED,,"{""exit_code"":0,""state"":""SUCCEEDED""}"
2348,run-20260720T164920Z-5f8824d560b3-6a51d38a,job-1ce02ea43385f4ba69f367510b242ed129174a3f99d8b3dd74402c51d4761a08,PGC 041156,,1784724986.713901,INFO,JOB_STATE_CHANGED,,"{""from"":""VERIFYING"",""to"":""SUCCEEDED""}"
2349,run-20260720T164920Z-5f8824d560b3-6a51d38a,job-1ce02ea43385f4ba69f367510b242ed129174a3f99d8b3dd74402c51d4761a08,PGC 041156,173,1784724986.719451,INFO,ARTIFACTS_VERIFIED,,"{""artifact_count"":5,""artifact_manifest_path"":""/Users/zuha/Desktop/FKI/4 курс 2025-2026/course_work-SBF/runs/sbf3_go3055_go7763/batch/artifact_manifests/PGC_041156__F150W__F115W__1ce02ea43385_result_artifacts.json"",""artifacts"":[{""exists"":true,""fits_valid"":true,""mtime_ns"":1784721597552514962,""mtime_utc"":""2026-07-22T11:59:57.552+00:00"",""name"":""clean_model_fits"",""ok"":true,""path"":""/Users/zuha/Desktop/FKI/4 курс 2025-2026/course_work-SBF/runs/sbf3_go3055_go7763/products/PGC_041156/F150W__F115W/1ce02ea43385/jw07763-o063_t063_nircam_clear-f150w_i2d_01_модель_чистая.fits"",""relative_path"":""jw07763-o063_t063_nircam_clear-f150w_i2d_01_модель_чистая.fits"",""sha256"":""2181cbeb6953c95135ea73fecc9ac84e42d3b9c92eaea66a09371360104ff346"",""size_bytes"":173718720},{""exists"":true,""fits_valid"":true,""mtime_ns"":1784721597710156889,""mtime_utc"":""2026-07-22T11:59:57.710+00:00"",""name"":""clean_isophotes_fits"",""ok"":true,""path"":""/Users/zuha/Desktop/FKI/4 курс 2025-2026/course_work-SBF/runs/sbf3_go3055_go7763/products/PGC_041156/F150W__F115W/1ce02ea43385/jw07763-o063_t063_nircam_clear-f150w_i2d_02_изофоты_чистые.fits"",""relative_path"":""jw07763-o063_t063_nircam_clear-f150w_i2d_02_изофоты_чистые.fits"",""sha256"":""ecfd7b5719718546a2863fb1d6872890bcbcbdf0d846cd6c20253e73b32f592b"",""size_bytes"":173718720},{""exists"":true,""fits_valid"":true,""mtime_ns"":1784721597847934132,""mtime_utc"":""2026-07-22T11:59:57.847+00:00"",""name"":""full_residual_fits"",""ok"":true,""path"":""/Users/zuha/Desktop/FKI/4 курс 2025-2026/course_work-SBF/runs/sbf3_go3055_go7763/products/PGC_041156/F150W__F115W/1ce02ea43385/jw07763-o063_t063_nircam_clear-f150w_i2d_03_остатки_общие.fits"",""relative_path"":""jw07763-o063_t063_nircam_clear-f150w_i2d_03_остатки_общие.fits"",""sha256"":""30facebbe9ebd14fecbb159d74ed9f35a573de677cb741a5eeca1aaf135add52"",""size_bytes"":173718720},{""exists"":true,""fits_valid"":true,""mtime_ns"":1784721598015420735,""mtime_utc"":""2026-07-22T11:59:58.015+00:00"",""name"":""working_residual_fits"",""ok"":true,""path"":""/Users/zuha/Desktop/FKI/4 курс 2025-2026/course_work-SBF/runs/sbf3_go3055_go7763/products/PGC_041156/F150W__F115W/1ce02ea43385/jw07763-o063_t063_nircam_clear-f150w_i2d_04_остатки_общие_рабочие.fits"",""relative_path"":""jw07763-o063_t063_nircam_clear-f150w_i2d_04_остатки_общие_рабочие.fits"",""sha256"":""e81b637def5daa63d240a391d0dee9ca0ae1a51376aab412b6d1d5be5896336f"",""size_bytes"":173718720},{""exists"":true,""fits_valid"":true,""mtime_ns"":1784724960315019596,""mtime_utc"":""2026-07-22T12:56:00.315+00:00"",""name"":""working_annuli_residual_fits"",""ok"":true,""path"":""/Users/zuha/Desktop/FKI/4 курс 2025-2026/course_work-SBF/runs/sbf3_go3055_go7763/products/PGC_041156/F150W__F115W/1ce02ea43385/jw07763-o063_t063_nircam_clear-f150w_i2d_05_остатки_общие_рабочие_два_кольца.fits"",""relative_path"":""jw07763-o063_t063_nircam_clear-f150w_i2d_05_остатки_общие_рабочие_два_кольца.fits"",""sha256"":""59b80f77a14f3f0f27ccd2b666a43ae1ac93ea3b51a54588e7165ffcdff486b2"",""size_bytes"":173718720}],""target"":""PGC 041156""}"
2350,run-20260720T164920Z-5f8824d560b3-6a51d38a,job-a06b3a19bc1eb2a8ed9a2dda1cd92805e48136b9ee46021cfa33592c3a5511be,PGC 041723,,1784724986.805137,INFO,JOB_STATE_CHANGED,,"{""from"":""PENDING"",""to"":""READY""}"
2351,run-20260720T164920Z-5f8824d560b3-6a51d38a,job-a06b3a19bc1eb2a8ed9a2dda1cd92805e48136b9ee46021cfa33592c3a5511be,PGC 041723,,1784724986.809015,INFO,INPUT_READY_INITIAL,,"{""inputs"":{""color"":{""expected_size_bytes"":1216137600,""filter"":""F115W"",""final_exists"":true,""final_fits_error"":null,""final_path"":""/Users/zuha/Desktop/FKI/4 курс 2025-2026/course_work-SBF/data/PGC 041723/jw07763-o064_t064_nircam_clear-f115w_i2d.fits"",""final_ready"":true,""final_size_bytes"":1216137600,""part_exists"":false,""part_metadata"":null,""part_metadata_error"":null,""part_path"":""/Users/zuha/Desktop/FKI/4 курс 2025-2026/course_work-SBF/data/PGC 041723/jw07763-o064_t064_nircam_clear-f115w_i2d.fits.part"",""part_size_bytes"":0,""restart_part_exists"":false,""restart_part_path"":""/Users/zuha/Desktop/FKI/4 курс 2025-2026/course_work-SBF/data/PGC 041723/jw07763-o064_t064_nircam_clear-f115w_i2d.fits.restart.part"",""restart_part_size_bytes"":0,""transfer_percent"":null},""signal"":{""expected_size_bytes"":1216258560,""filter"":""F150W"",""final_exists"":true,""final_fits_error"":null,""final_path"":""/Users/zuha/Desktop/FKI/4 курс 2025-2026/course_work-SBF/data/PGC 041723/jw07763-o064_t064_nircam_clear-f150w_i2d.fits"",""final_ready"":true,""final_size_bytes"":1216258560,""part_exists"":false,""part_metadata"":null,""part_metadata_error"":null,""part_path"":""/Users/zuha/Desktop/FKI/4 курс 2025-2026/course_work-SBF/data/PGC 041723/jw07763-o064_t064_nircam_clear-f150w_i2d.fits.part"",""part_size_bytes"":0,""restart_part_exists"":false,""restart_part_path"":""/Users/zuha/Desktop/FKI/4 курс 2025-2026/course_work-SBF/data/PGC 041723/jw07763-o064_t064_nircam_clear-f150w_i2d.fits.restart.part"",""restart_part_size_bytes"":0,""transfer_percent"":null}},""program"":""7763"",""target"":""PGC 041723""}"
2352,run-20260720T164920Z-5f8824d560b3-6a51d38a,job-a06b3a19bc1eb2a8ed9a2dda1cd92805e48136b9ee46021cfa33592c3a5511be,PGC 041723,,1784724986.945791,INFO,WORKER_START_REQUESTED,,"{""color_path"":""/Users/zuha/Desktop/FKI/4 курс 2025-2026/course_work-SBF/data/PGC 041723/jw07763-o064_t064_nircam_clear-f115w_i2d.fits"",""command"":[""/Users/zuha/Desktop/FKI/4 курс 2025-2026/course_work-SBF/astro_env/bin/python3"",""/Users/zuha/Desktop/FKI/4 курс 2025-2026/course_work-SBF/code/run_sbf_batch.py"",""--worker"",""--job-id"",""job-a06b3a19bc1eb2a8ed9a2dda1cd92805e48136b9ee46021cfa33592c3a5511be"",""--galaxy"",""PGC 041723"",""--signal"",""/Users/zuha/Desktop/FKI/4 курс 2025-2026/course_work-SBF/data/PGC 041723/jw07763-o064_t064_nircam_clear-f150w_i2d.fits"",""--color"",""/Users/zuha/Desktop/FKI/4 курс 2025-2026/course_work-SBF/data/PGC 041723/jw07763-o064_t064_nircam_clear-f115w_i2d.fits"",""--signal-filter"",""F150W"",""--color-filter"",""F115W"",""--template"",""/Users/zuha/Desktop/FKI/4 курс 2025-2026/course_work-SBF/code/sbf-3.ipynb"",""--batch-root"",""/Users/zuha/Desktop/FKI/4 курс 2025-2026/course_work-SBF/runs/sbf3_go3055_go7763/batch"",""--products-root"",""/Users/zuha/Desktop/FKI/4 курс 2025-2026/course_work-SBF/runs/sbf3_go3055_go7763/products""],""filters"":{""color"":""F115W"",""signal"":""F150W""},""program"":""7763"",""signal_path"":""/Users/zuha/Desktop/FKI/4 курс 2025-2026/course_work-SBF/data/PGC 041723/jw07763-o064_t064_nircam_clear-f150w_i2d.fits"",""target"":""PGC 041723""}"
2353,run-20260720T164920Z-5f8824d560b3-6a51d38a,job-a06b3a19bc1eb2a8ed9a2dda1cd92805e48136b9ee46021cfa33592c3a5511be,PGC 041723,,1784724986.9465432,INFO,JOB_STATE_CHANGED,,"{""from"":""READY"",""to"":""RUNNING""}"
2354,run-20260720T164920Z-5f8824d560b3-6a51d38a,job-a06b3a19bc1eb2a8ed9a2dda1cd92805e48136b9ee46021cfa33592c3a5511be,PGC 041723,174,1784724986.951401,INFO,ATTEMPT_STARTED,,"{""attempt_no"":1,""pid"":54681}"
2355,run-20260720T164920Z-5f8824d560b3-6a51d38a,job-a06b3a19bc1eb2a8ed9a2dda1cd92805e48136b9ee46021cfa33592c3a5511be,PGC 041723,174,1784728827.867768,INFO,WORKER_SUPERVISION_ENDED,,"{""completed"":true,""detail"":null,""duration_seconds"":3840.796695624944,""ended_monotonic"":583617.683701,""last_sample"":{""available_ram_bytes"":8428421120,""collector"":""psutil"",""disk"":{""free_bytes"":195302424576,""free_gib"":181.88955688476562,""path"":""/Users/zuha/Desktop/FKI/4 курс 2025-2026/course_work-SBF/data"",""total_bytes"":994662584320,""total_gib"":926.3517189025879,""used_bytes"":799360159744,""used_gib"":744.4621620178223},""disk_free_bytes"":195302424576,""monotonic"":583587.672878916,""pid"":54681,""swap"":{""free_bytes"":721879040,""free_gib"":0.67230224609375,""percent"":96.6,""total_bytes"":21474836480,""total_gib"":20.0,""used_bytes"":20752957440,""used_gib"":19.32769775390625},""swap_used_bytes"":20752957440,""system_ram"":{""available_bytes"":8428421120,""available_gib"":7.849578857421875,""percent"":75.5,""total_bytes"":34359738368,""total_gib"":32.0,""used_bytes"":9196109824,""used_gib"":8.564544677734375},""timestamp_utc"":""2026-07-22T13:59:57.845+00:00"",""worker"":{""child_count"":1,""children_rss_bytes"":4980736,""children_rss_gib"":0.004638671875,""pid"":54681,""rss_bytes"":5415911424,""rss_gib"":5.0439605712890625,""status"":""sleeping"",""total_rss_bytes"":5420892160,""total_rss_gib"":5.0485992431640625},""worker_children_rss_bytes"":4980736,""worker_rss_bytes"":5415911424,""worker_total_rss_bytes"":5420892160},""ok"":true,""reason"":""completed"",""returncode"":0,""sample_count"":128,""signal_name"":null,""started_monotonic"":579776.887005375,""termination"":null}"
2356,run-20260720T164920Z-5f8824d560b3-6a51d38a,job-a06b3a19bc1eb2a8ed9a2dda1cd92805e48136b9ee46021cfa33592c3a5511be,PGC 041723,,1784728828.3273752,INFO,JOB_STATE_CHANGED,,"{""from"":""RUNNING"",""to"":""VERIFYING""}"
2357,run-20260720T164920Z-5f8824d560b3-6a51d38a,job-a06b3a19bc1eb2a8ed9a2dda1cd92805e48136b9ee46021cfa33592c3a5511be,PGC 041723,174,1784728828.328227,INFO,ARTIFACT_RECORDED,,"{""artifact_id"":286,""kind"":""clean_model_fits"",""path"":""/Users/zuha/Desktop/FKI/4 курс 2025-2026/course_work-SBF/runs/sbf3_go3055_go7763/products/PGC_041723/F150W__F115W/a06b3a19bc1e/jw07763-o064_t064_nircam_clear-f150w_i2d_01_модель_чистая.fits"",""verified"":true}"
2358,run-20260720T164920Z-5f8824d560b3-6a51d38a,job-a06b3a19bc1eb2a8ed9a2dda1cd92805e48136b9ee46021cfa33592c3a5511be,PGC 041723,174,1784728828.329367,INFO,ARTIFACT_RECORDED,,"{""artifact_id"":287,""kind"":""clean_isophotes_fits"",""path"":""/Users/zuha/Desktop/FKI/4 курс 2025-2026/course_work-SBF/runs/sbf3_go3055_go7763/products/PGC_041723/F150W__F115W/a06b3a19bc1e/jw07763-o064_t064_nircam_clear-f150w_i2d_02_изофоты_чистые.fits"",""verified"":true}"
2359,run-20260720T164920Z-5f8824d560b3-6a51d38a,job-a06b3a19bc1eb2a8ed9a2dda1cd92805e48136b9ee46021cfa33592c3a5511be,PGC 041723,174,1784728828.330188,INFO,ARTIFACT_RECORDED,,"{""artifact_id"":288,""kind"":""full_residual_fits"",""path"":""/Users/zuha/Desktop/FKI/4 курс 2025-2026/course_work-SBF/runs/sbf3_go3055_go7763/products/PGC_041723/F150W__F115W/a06b3a19bc1e/jw07763-o064_t064_nircam_clear-f150w_i2d_03_остатки_общие.fits"",""verified"":true}"
2360,run-20260720T164920Z-5f8824d560b3-6a51d38a,job-a06b3a19bc1eb2a8ed9a2dda1cd92805e48136b9ee46021cfa33592c3a5511be,PGC 041723,174,1784728828.331806,INFO,ARTIFACT_RECORDED,,"{""artifact_id"":289,""kind"":""working_residual_fits"",""path"":""/Users/zuha/Desktop/FKI/4 курс 2025-2026/course_work-SBF/runs/sbf3_go3055_go7763/products/PGC_041723/F150W__F115W/a06b3a19bc1e/jw07763-o064_t064_nircam_clear-f150w_i2d_04_остатки_общие_рабочие.fits"",""verified"":true}"
2361,run-20260720T164920Z-5f8824d560b3-6a51d38a,job-a06b3a19bc1eb2a8ed9a2dda1cd92805e48136b9ee46021cfa33592c3a5511be,PGC 041723,174,1784728828.332395,INFO,ARTIFACT_RECORDED,,"{""artifact_id"":290,""kind"":""working_annuli_residual_fits"",""path"":""/Users/zuha/Desktop/FKI/4 курс 2025-2026/course_work-SBF/runs/sbf3_go3055_go7763/products/PGC_041723/F150W__F115W/a06b3a19bc1e/jw07763-o064_t064_nircam_clear-f150w_i2d_05_остатки_общие_рабочие_два_кольца.fits"",""verified"":true}"
2362,run-20260720T164920Z-5f8824d560b3-6a51d38a,job-a06b3a19bc1eb2a8ed9a2dda1cd92805e48136b9ee46021cfa33592c3a5511be,PGC 041723,174,1784728828.333459,INFO,ATTEMPT_ENDED,,"{""exit_code"":0,""state"":""SUCCEEDED""}"
2363,run-20260720T164920Z-5f8824d560b3-6a51d38a,job-a06b3a19bc1eb2a8ed9a2dda1cd92805e48136b9ee46021cfa33592c3a5511be,PGC 041723,,1784728828.334097,INFO,JOB_STATE_CHANGED,,"{""from"":""VERIFYING"",""to"":""SUCCEEDED""}"
2364,run-20260720T164920Z-5f8824d560b3-6a51d38a,job-a06b3a19bc1eb2a8ed9a2dda1cd92805e48136b9ee46021cfa33592c3a5511be,PGC 041723,174,1784728828.3396008,INFO,ARTIFACTS_VERIFIED,,"{""artifact_count"":5,""artifact_manifest_path"":""/Users/zuha/Desktop/FKI/4 курс 2025-2026/course_work-SBF/runs/sbf3_go3055_go7763/batch/artifact_manifests/PGC_041723__F150W__F115W__a06b3a19bc1e_result_artifacts.json"",""artifacts"":[{""exists"":true,""fits_valid"":true,""mtime_ns"":1784725669473267588,""mtime_utc"":""2026-07-22T13:07:49.473+00:00"",""name"":""clean_model_fits"",""ok"":true,""path"":""/Users/zuha/Desktop/FKI/4 курс 2025-2026/course_work-SBF/runs/sbf3_go3055_go7763/products/PGC_041723/F150W__F115W/a06b3a19bc1e/jw07763-o064_t064_nircam_clear-f150w_i2d_01_модель_чистая.fits"",""relative_path"":""jw07763-o064_t064_nircam_clear-f150w_i2d_01_модель_чистая.fits"",""sha256"":""7274dadbd6989a235ac9636ebd1b0cdb47dfe5b94c35f589f77c4c4b57b6da00"",""size_bytes"":173718720},{""exists"":true,""fits_valid"":true,""mtime_ns"":1784725669641393041,""mtime_utc"":""2026-07-22T13:07:49.641+00:00"",""name"":""clean_isophotes_fits"",""ok"":true,""path"":""/Users/zuha/Desktop/FKI/4 курс 2025-2026/course_work-SBF/runs/sbf3_go3055_go7763/products/PGC_041723/F150W__F115W/a06b3a19bc1e/jw07763-o064_t064_nircam_clear-f150w_i2d_02_изофоты_чистые.fits"",""relative_path"":""jw07763-o064_t064_nircam_clear-f150w_i2d_02_изофоты_чистые.fits"",""sha256"":""b0de156f028382f532b16432af5dfae360e013ef770609bc39a853feb40f53a7"",""size_bytes"":173718720},{""exists"":true,""fits_valid"":true,""mtime_ns"":1784725669797769432,""mtime_utc"":""2026-07-22T13:07:49.797+00:00"",""name"":""full_residual_fits"",""ok"":true,""path"":""/Users/zuha/Desktop/FKI/4 курс 2025-2026/course_work-SBF/runs/sbf3_go3055_go7763/products/PGC_041723/F150W__F115W/a06b3a19bc1e/jw07763-o064_t064_nircam_clear-f150w_i2d_03_остатки_общие.fits"",""relative_path"":""jw07763-o064_t064_nircam_clear-f150w_i2d_03_остатки_общие.fits"",""sha256"":""cc0e5934464a1c31ead4b15d9b72f2e7cecfcb3a3e36be2999ed9cc48f05fc8d"",""size_bytes"":173718720},{""exists"":true,""fits_valid"":true,""mtime_ns"":1784725669954129114,""mtime_utc"":""2026-07-22T13:07:49.954+00:00"",""name"":""working_residual_fits"",""ok"":true,""path"":""/Users/zuha/Desktop/FKI/4 курс 2025-2026/course_work-SBF/runs/sbf3_go3055_go7763/products/PGC_041723/F150W__F115W/a06b3a19bc1e/jw07763-o064_t064_nircam_clear-f150w_i2d_04_остатки_общие_рабочие.fits"",""relative_path"":""jw07763-o064_t064_nircam_clear-f150w_i2d_04_остатки_общие_рабочие.fits"",""sha256"":""a904bfd1927f3179781d993c24155b3f6f73bad24f3623d568eee7dd3f1ff3eb"",""size_bytes"":173718720},{""exists"":true,""fits_valid"":true,""mtime_ns"":1784728815958332037,""mtime_utc"":""2026-07-22T14:00:15.958+00:00"",""name"":""working_annuli_residual_fits"",""ok"":true,""path"":""/Users/zuha/Desktop/FKI/4 курс 2025-2026/course_work-SBF/runs/sbf3_go3055_go7763/products/PGC_041723/F150W__F115W/a06b3a19bc1e/jw07763-o064_t064_nircam_clear-f150w_i2d_05_остатки_общие_рабочие_два_кольца.fits"",""relative_path"":""jw07763-o064_t064_nircam_clear-f150w_i2d_05_остатки_общие_рабочие_два_кольца.fits"",""sha256"":""404c5e61613f2226ec22c53d24bf9010b94f4513c75ff1fb3b662b1a19af8d69"",""size_bytes"":173718720}],""target"":""PGC 041723""}"
2365,run-20260720T164920Z-5f8824d560b3-6a51d38a,job-eacd519237e0032aafb5b8b3ff5679acc5b13c2adec1be49b6c98762deabe27e,PGC 041782,,1784728828.42801,INFO,JOB_STATE_CHANGED,,"{""from"":""PENDING"",""to"":""READY""}"
2366,run-20260720T164920Z-5f8824d560b3-6a51d38a,job-eacd519237e0032aafb5b8b3ff5679acc5b13c2adec1be49b6c98762deabe27e,PGC 041782,,1784728828.4310248,INFO,INPUT_READY_INITIAL,,"{""inputs"":{""color"":{""expected_size_bytes"":1216140480,""filter"":""F115W"",""final_exists"":true,""final_fits_error"":null,""final_path"":""/Users/zuha/Desktop/FKI/4 курс 2025-2026/course_work-SBF/data/PGC 041782/jw07763-o073_t073_nircam_clear-f115w_i2d.fits"",""final_ready"":true,""final_size_bytes"":1216140480,""part_exists"":false,""part_metadata"":null,""part_metadata_error"":null,""part_path"":""/Users/zuha/Desktop/FKI/4 курс 2025-2026/course_work-SBF/data/PGC 041782/jw07763-o073_t073_nircam_clear-f115w_i2d.fits.part"",""part_size_bytes"":0,""restart_part_exists"":false,""restart_part_path"":""/Users/zuha/Desktop/FKI/4 курс 2025-2026/course_work-SBF/data/PGC 041782/jw07763-o073_t073_nircam_clear-f115w_i2d.fits.restart.part"",""restart_part_size_bytes"":0,""transfer_percent"":null},""signal"":{""expected_size_bytes"":1216258560,""filter"":""F150W"",""final_exists"":true,""final_fits_error"":null,""final_path"":""/Users/zuha/Desktop/FKI/4 курс 2025-2026/course_work-SBF/data/PGC 041782/jw07763-o073_t073_nircam_clear-f150w_i2d.fits"",""final_ready"":true,""final_size_bytes"":1216258560,""part_exists"":false,""part_metadata"":null,""part_metadata_error"":null,""part_path"":""/Users/zuha/Desktop/FKI/4 курс 2025-2026/course_work-SBF/data/PGC 041782/jw07763-o073_t073_nircam_clear-f150w_i2d.fits.part"",""part_size_bytes"":0,""restart_part_exists"":false,""restart_part_path"":""/Users/zuha/Desktop/FKI/4 курс 2025-2026/course_work-SBF/data/PGC 041782/jw07763-o073_t073_nircam_clear-f150w_i2d.fits.restart.part"",""restart_part_size_bytes"":0,""transfer_percent"":null}},""program"":""7763"",""target"":""PGC 041782""}"
2367,run-20260720T164920Z-5f8824d560b3-6a51d38a,job-eacd519237e0032aafb5b8b3ff5679acc5b13c2adec1be49b6c98762deabe27e,PGC 041782,,1784728828.5618958,INFO,WORKER_START_REQUESTED,,"{""color_path"":""/Users/zuha/Desktop/FKI/4 курс 2025-2026/course_work-SBF/data/PGC 041782/jw07763-o073_t073_nircam_clear-f115w_i2d.fits"",""command"":[""/Users/zuha/Desktop/FKI/4 курс 2025-2026/course_work-SBF/astro_env/bin/python3"",""/Users/zuha/Desktop/FKI/4 курс 2025-2026/course_work-SBF/code/run_sbf_batch.py"",""--worker"",""--job-id"",""job-eacd519237e0032aafb5b8b3ff5679acc5b13c2adec1be49b6c98762deabe27e"",""--galaxy"",""PGC 041782"",""--signal"",""/Users/zuha/Desktop/FKI/4 курс 2025-2026/course_work-SBF/data/PGC 041782/jw07763-o073_t073_nircam_clear-f150w_i2d.fits"",""--color"",""/Users/zuha/Desktop/FKI/4 курс 2025-2026/course_work-SBF/data/PGC 041782/jw07763-o073_t073_nircam_clear-f115w_i2d.fits"",""--signal-filter"",""F150W"",""--color-filter"",""F115W"",""--template"",""/Users/zuha/Desktop/FKI/4 курс 2025-2026/course_work-SBF/code/sbf-3.ipynb"",""--batch-root"",""/Users/zuha/Desktop/FKI/4 курс 2025-2026/course_work-SBF/runs/sbf3_go3055_go7763/batch"",""--products-root"",""/Users/zuha/Desktop/FKI/4 курс 2025-2026/course_work-SBF/runs/sbf3_go3055_go7763/products""],""filters"":{""color"":""F115W"",""signal"":""F150W""},""program"":""7763"",""signal_path"":""/Users/zuha/Desktop/FKI/4 курс 2025-2026/course_work-SBF/data/PGC 041782/jw07763-o073_t073_nircam_clear-f150w_i2d.fits"",""target"":""PGC 041782""}"
2368,run-20260720T164920Z-5f8824d560b3-6a51d38a,job-eacd519237e0032aafb5b8b3ff5679acc5b13c2adec1be49b6c98762deabe27e,PGC 041782,,1784728828.562185,INFO,JOB_STATE_CHANGED,,"{""from"":""READY"",""to"":""RUNNING""}"
2369,run-20260720T164920Z-5f8824d560b3-6a51d38a,job-eacd519237e0032aafb5b8b3ff5679acc5b13c2adec1be49b6c98762deabe27e,PGC 041782,175,1784728828.566816,INFO,ATTEMPT_STARTED,,"{""attempt_no"":1,""pid"":90119}"
2370,run-20260720T164920Z-5f8824d560b3-6a51d38a,job-eacd519237e0032aafb5b8b3ff5679acc5b13c2adec1be49b6c98762deabe27e,PGC 041782,175,1784732159.681155,INFO,WORKER_SUPERVISION_ENDED,,"{""completed"":true,""detail"":null,""duration_seconds"":3331.0813071669545,""ended_monotonic"":586949.476279125,""last_sample"":{""available_ram_bytes"":7357726720,""collector"":""psutil"",""disk"":{""free_bytes"":190852567040,""free_gib"":177.74530410766602,""path"":""/Users/zuha/Desktop/FKI/4 курс 2025-2026/course_work-SBF/data"",""total_bytes"":994662584320,""total_gib"":926.3517189025879,""used_bytes"":803810017280,""used_gib"":748.6064147949219},""disk_free_bytes"":190852567040,""monotonic"":586919.465522208,""pid"":90119,""swap"":{""free_bytes"":764805120,""free_gib"":0.7122802734375,""percent"":96.9,""total_bytes"":24696061952,""total_gib"":23.0,""used_bytes"":23931256832,""used_gib"":22.2877197265625},""swap_used_bytes"":23931256832,""system_ram"":{""available_bytes"":7357726720,""available_gib"":6.8524169921875,""percent"":78.6,""total_bytes"":34359738368,""total_gib"":32.0,""used_bytes"":10654629888,""used_gib"":9.922897338867188},""timestamp_utc"":""2026-07-22T14:55:29.662+00:00"",""worker"":{""child_count"":1,""children_rss_bytes"":5406720,""children_rss_gib"":0.005035400390625,""pid"":90119,""rss_bytes"":6836584448,""rss_gib"":6.3670654296875,""status"":""sleeping"",""total_rss_bytes"":6841991168,""total_rss_gib"":6.372100830078125},""worker_children_rss_bytes"":5406720,""worker_rss_bytes"":6836584448,""worker_total_rss_bytes"":6841991168},""ok"":true,""reason"":""completed"",""returncode"":0,""sample_count"":111,""signal_name"":null,""started_monotonic"":583618.394971958,""termination"":null}"
2371,run-20260720T164920Z-5f8824d560b3-6a51d38a,job-eacd519237e0032aafb5b8b3ff5679acc5b13c2adec1be49b6c98762deabe27e,PGC 041782,,1784732160.1307561,INFO,JOB_STATE_CHANGED,,"{""from"":""RUNNING"",""to"":""VERIFYING""}"
2372,run-20260720T164920Z-5f8824d560b3-6a51d38a,job-eacd519237e0032aafb5b8b3ff5679acc5b13c2adec1be49b6c98762deabe27e,PGC 041782,175,1784732160.131596,INFO,ARTIFACT_RECORDED,,"{""artifact_id"":291,""kind"":""clean_model_fits"",""path"":""/Users/zuha/Desktop/FKI/4 курс 2025-2026/course_work-SBF/runs/sbf3_go3055_go7763/products/PGC_041782/F150W__F115W/eacd519237e0/jw07763-o073_t073_nircam_clear-f150w_i2d_01_модель_чистая.fits"",""verified"":true}"
2373,run-20260720T164920Z-5f8824d560b3-6a51d38a,job-eacd519237e0032aafb5b8b3ff5679acc5b13c2adec1be49b6c98762deabe27e,PGC 041782,175,1784732160.13285,INFO,ARTIFACT_RECORDED,,"{""artifact_id"":292,""kind"":""clean_isophotes_fits"",""path"":""/Users/zuha/Desktop/FKI/4 курс 2025-2026/course_work-SBF/runs/sbf3_go3055_go7763/products/PGC_041782/F150W__F115W/eacd519237e0/jw07763-o073_t073_nircam_clear-f150w_i2d_02_изофоты_чистые.fits"",""verified"":true}"
2374,run-20260720T164920Z-5f8824d560b3-6a51d38a,job-eacd519237e0032aafb5b8b3ff5679acc5b13c2adec1be49b6c98762deabe27e,PGC 041782,175,1784732160.133583,INFO,ARTIFACT_RECORDED,,"{""artifact_id"":293,""kind"":""full_residual_fits"",""path"":""/Users/zuha/Desktop/FKI/4 курс 2025-2026/course_work-SBF/runs/sbf3_go3055_go7763/products/PGC_041782/F150W__F115W/eacd519237e0/jw07763-o073_t073_nircam_clear-f150w_i2d_03_остатки_общие.fits"",""verified"":true}"
2375,run-20260720T164920Z-5f8824d560b3-6a51d38a,job-eacd519237e0032aafb5b8b3ff5679acc5b13c2adec1be49b6c98762deabe27e,PGC 041782,175,1784732160.134017,INFO,ARTIFACT_RECORDED,,"{""artifact_id"":294,""kind"":""working_residual_fits"",""path"":""/Users/zuha/Desktop/FKI/4 курс 2025-2026/course_work-SBF/runs/sbf3_go3055_go7763/products/PGC_041782/F150W__F115W/eacd519237e0/jw07763-o073_t073_nircam_clear-f150w_i2d_04_остатки_общие_рабочие.fits"",""verified"":true}"
2376,run-20260720T164920Z-5f8824d560b3-6a51d38a,job-eacd519237e0032aafb5b8b3ff5679acc5b13c2adec1be49b6c98762deabe27e,PGC 041782,175,1784732160.1344278,INFO,ARTIFACT_RECORDED,,"{""artifact_id"":295,""kind"":""working_annuli_residual_fits"",""path"":""/Users/zuha/Desktop/FKI/4 курс 2025-2026/course_work-SBF/runs/sbf3_go3055_go7763/products/PGC_041782/F150W__F115W/eacd519237e0/jw07763-o073_t073_nircam_clear-f150w_i2d_05_остатки_общие_рабочие_два_кольца.fits"",""verified"":true}"
2377,run-20260720T164920Z-5f8824d560b3-6a51d38a,job-eacd519237e0032aafb5b8b3ff5679acc5b13c2adec1be49b6c98762deabe27e,PGC 041782,175,1784732160.135537,INFO,ATTEMPT_ENDED,,"{""exit_code"":0,""state"":""SUCCEEDED""}"
2378,run-20260720T164920Z-5f8824d560b3-6a51d38a,job-eacd519237e0032aafb5b8b3ff5679acc5b13c2adec1be49b6c98762deabe27e,PGC 041782,,1784732160.1359732,INFO,JOB_STATE_CHANGED,,"{""from"":""VERIFYING"",""to"":""SUCCEEDED""}"
2379,run-20260720T164920Z-5f8824d560b3-6a51d38a,job-eacd519237e0032aafb5b8b3ff5679acc5b13c2adec1be49b6c98762deabe27e,PGC 041782,175,1784732160.138577,INFO,ARTIFACTS_VERIFIED,,"{""artifact_count"":5,""artifact_manifest_path"":""/Users/zuha/Desktop/FKI/4 курс 2025-2026/course_work-SBF/runs/sbf3_go3055_go7763/batch/artifact_manifests/PGC_041782__F150W__F115W__eacd519237e0_result_artifacts.json"",""artifacts"":[{""exists"":true,""fits_valid"":true,""mtime_ns"":1784729111522397631,""mtime_utc"":""2026-07-22T14:05:11.522+00:00"",""name"":""clean_model_fits"",""ok"":true,""path"":""/Users/zuha/Desktop/FKI/4 курс 2025-2026/course_work-SBF/runs/sbf3_go3055_go7763/products/PGC_041782/F150W__F115W/eacd519237e0/jw07763-o073_t073_nircam_clear-f150w_i2d_01_модель_чистая.fits"",""relative_path"":""jw07763-o073_t073_nircam_clear-f150w_i2d_01_модель_чистая.fits"",""sha256"":""1e450442661d6bbd0876e3d8376426434e83a974ebef855fbca34038f136360f"",""size_bytes"":173718720},{""exists"":true,""fits_valid"":true,""mtime_ns"":1784729111645543491,""mtime_utc"":""2026-07-22T14:05:11.645+00:00"",""name"":""clean_isophotes_fits"",""ok"":true,""path"":""/Users/zuha/Desktop/FKI/4 курс 2025-2026/course_work-SBF/runs/sbf3_go3055_go7763/products/PGC_041782/F150W__F115W/eacd519237e0/jw07763-o073_t073_nircam_clear-f150w_i2d_02_изофоты_чистые.fits"",""relative_path"":""jw07763-o073_t073_nircam_clear-f150w_i2d_02_изофоты_чистые.fits"",""sha256"":""86ee15be81b806058dbe1d0fa22dc89d06f4f82fbe1c00c01743f4ed122833a1"",""size_bytes"":173718720},{""exists"":true,""fits_valid"":true,""mtime_ns"":1784729111769203731,""mtime_utc"":""2026-07-22T14:05:11.769+00:00"",""name"":""full_residual_fits"",""ok"":true,""path"":""/Users/zuha/Desktop/FKI/4 курс 2025-2026/course_work-SBF/runs/sbf3_go3055_go7763/products/PGC_041782/F150W__F115W/eacd519237e0/jw07763-o073_t073_nircam_clear-f150w_i2d_03_остатки_общие.fits"",""relative_path"":""jw07763-o073_t073_nircam_clear-f150w_i2d_03_остатки_общие.fits"",""sha256"":""7bf4cdb926de84bdda1e9e40cd1a54ed781f3a067c2349f3875c5a5cd4fc30da"",""size_bytes"":173718720},{""exists"":true,""fits_valid"":true,""mtime_ns"":1784729111895043278,""mtime_utc"":""2026-07-22T14:05:11.895+00:00"",""name"":""working_residual_fits"",""ok"":true,""path"":""/Users/zuha/Desktop/FKI/4 курс 2025-2026/course_work-SBF/runs/sbf3_go3055_go7763/products/PGC_041782/F150W__F115W/eacd519237e0/jw07763-o073_t073_nircam_clear-f150w_i2d_04_остатки_общие_рабочие.fits"",""relative_path"":""jw07763-o073_t073_nircam_clear-f150w_i2d_04_остатки_общие_рабочие.fits"",""sha256"":""759319466bc2e8f03a1c87c97a025fa830394116af1e6a74117cedff701bcbd0"",""size_bytes"":173718720},{""exists"":true,""fits_valid"":true,""mtime_ns"":1784732144514616970,""mtime_utc"":""2026-07-22T14:55:44.514+00:00"",""name"":""working_annuli_residual_fits"",""ok"":true,""path"":""/Users/zuha/Desktop/FKI/4 курс 2025-2026/course_work-SBF/runs/sbf3_go3055_go7763/products/PGC_041782/F150W__F115W/eacd519237e0/jw07763-o073_t073_nircam_clear-f150w_i2d_05_остатки_общие_рабочие_два_кольца.fits"",""relative_path"":""jw07763-o073_t073_nircam_clear-f150w_i2d_05_остатки_общие_рабочие_два_кольца.fits"",""sha256"":""699308dfaf1a8c59108184641c685645bd2101867cab892caccbd90fa6716e9b"",""size_bytes"":173718720}],""target"":""PGC 041782""}"
2380,run-20260720T164920Z-5f8824d560b3-6a51d38a,job-347ca51d8e73ae45be4acb4b813f44f3af6dfc7259c4fe135a783975e5cb582b,PGC 041959,,1784732160.189292,INFO,JOB_STATE_CHANGED,,"{""from"":""PENDING"",""to"":""READY""}"
2381,run-20260720T164920Z-5f8824d560b3-6a51d38a,job-347ca51d8e73ae45be4acb4b813f44f3af6dfc7259c4fe135a783975e5cb582b,PGC 041959,,1784732160.192535,INFO,INPUT_READY_INITIAL,,"{""inputs"":{""color"":{""expected_size_bytes"":1216258560,""filter"":""F115W"",""final_exists"":true,""final_fits_error"":null,""final_path"":""/Users/zuha/Desktop/FKI/4 курс 2025-2026/course_work-SBF/data/PGC 041959/jw07763-o066_t066_nircam_clear-f115w_i2d.fits"",""final_ready"":true,""final_size_bytes"":1216258560,""part_exists"":false,""part_metadata"":null,""part_metadata_error"":null,""part_path"":""/Users/zuha/Desktop/FKI/4 курс 2025-2026/course_work-SBF/data/PGC 041959/jw07763-o066_t066_nircam_clear-f115w_i2d.fits.part"",""part_size_bytes"":0,""restart_part_exists"":false,""restart_part_path"":""/Users/zuha/Desktop/FKI/4 курс 2025-2026/course_work-SBF/data/PGC 041959/jw07763-o066_t066_nircam_clear-f115w_i2d.fits.restart.part"",""restart_part_size_bytes"":0,""transfer_percent"":null},""signal"":{""expected_size_bytes"":1216137600,""filter"":""F150W"",""final_exists"":true,""final_fits_error"":null,""final_path"":""/Users/zuha/Desktop/FKI/4 курс 2025-2026/course_work-SBF/data/PGC 041959/jw07763-o066_t066_nircam_clear-f150w_i2d.fits"",""final_ready"":true,""final_size_bytes"":1216137600,""part_exists"":false,""part_metadata"":null,""part_metadata_error"":null,""part_path"":""/Users/zuha/Desktop/FKI/4 курс 2025-2026/course_work-SBF/data/PGC 041959/jw07763-o066_t066_nircam_clear-f150w_i2d.fits.part"",""part_size_bytes"":0,""restart_part_exists"":false,""restart_part_path"":""/Users/zuha/Desktop/FKI/4 курс 2025-2026/course_work-SBF/data/PGC 041959/jw07763-o066_t066_nircam_clear-f150w_i2d.fits.restart.part"",""restart_part_size_bytes"":0,""transfer_percent"":null}},""program"":""7763"",""target"":""PGC 041959""}"
2382,run-20260720T164920Z-5f8824d560b3-6a51d38a,job-347ca51d8e73ae45be4acb4b813f44f3af6dfc7259c4fe135a783975e5cb582b,PGC 041959,,1784732160.330293,INFO,WORKER_START_REQUESTED,,"{""color_path"":""/Users/zuha/Desktop/FKI/4 курс 2025-2026/course_work-SBF/data/PGC 041959/jw07763-o066_t066_nircam_clear-f115w_i2d.fits"",""command"":[""/Users/zuha/Desktop/FKI/4 курс 2025-2026/course_work-SBF/astro_env/bin/python3"",""/Users/zuha/Desktop/FKI/4 курс 2025-2026/course_work-SBF/code/run_sbf_batch.py"",""--worker"",""--job-id"",""job-347ca51d8e73ae45be4acb4b813f44f3af6dfc7259c4fe135a783975e5cb582b"",""--galaxy"",""PGC 041959"",""--signal"",""/Users/zuha/Desktop/FKI/4 курс 2025-2026/course_work-SBF/data/PGC 041959/jw07763-o066_t066_nircam_clear-f150w_i2d.fits"",""--color"",""/Users/zuha/Desktop/FKI/4 курс 2025-2026/course_work-SBF/data/PGC 041959/jw07763-o066_t066_nircam_clear-f115w_i2d.fits"",""--signal-filter"",""F150W"",""--color-filter"",""F115W"",""--template"",""/Users/zuha/Desktop/FKI/4 курс 2025-2026/course_work-SBF/code/sbf-3.ipynb"",""--batch-root"",""/Users/zuha/Desktop/FKI/4 курс 2025-2026/course_work-SBF/runs/sbf3_go3055_go7763/batch"",""--products-root"",""/Users/zuha/Desktop/FKI/4 курс 2025-2026/course_work-SBF/runs/sbf3_go3055_go7763/products""],""filters"":{""color"":""F115W"",""signal"":""F150W""},""program"":""7763"",""signal_path"":""/Users/zuha/Desktop/FKI/4 курс 2025-2026/course_work-SBF/data/PGC 041959/jw07763-o066_t066_nircam_clear-f150w_i2d.fits"",""target"":""PGC 041959""}"
2383,run-20260720T164920Z-5f8824d560b3-6a51d38a,job-347ca51d8e73ae45be4acb4b813f44f3af6dfc7259c4fe135a783975e5cb582b,PGC 041959,,1784732160.330563,INFO,JOB_STATE_CHANGED,,"{""from"":""READY"",""to"":""RUNNING""}"
2384,run-20260720T164920Z-5f8824d560b3-6a51d38a,job-347ca51d8e73ae45be4acb4b813f44f3af6dfc7259c4fe135a783975e5cb582b,PGC 041959,176,1784732160.334836,INFO,ATTEMPT_STARTED,,"{""attempt_no"":1,""pid"":12144}"
2385,run-20260720T164920Z-5f8824d560b3-6a51d38a,job-347ca51d8e73ae45be4acb4b813f44f3af6dfc7259c4fe135a783975e5cb582b,PGC 041959,176,1784735761.522327,INFO,WORKER_SUPERVISION_ENDED,,"{""completed"":true,""detail"":null,""duration_seconds"":3601.1547753330087,""ended_monotonic"":590551.293174791,""last_sample"":{""available_ram_bytes"":8072773632,""collector"":""psutil"",""disk"":{""free_bytes"":189857828864,""free_gib"":176.8188819885254,""path"":""/Users/zuha/Desktop/FKI/4 курс 2025-2026/course_work-SBF/data"",""total_bytes"":994662584320,""total_gib"":926.3517189025879,""used_bytes"":804804755456,""used_gib"":749.5328369140625},""disk_free_bytes"":189857828864,""monotonic"":590521.283082708,""pid"":12144,""swap"":{""free_bytes"":635633664,""free_gib"":0.59197998046875,""percent"":97.4,""total_bytes"":24696061952,""total_gib"":23.0,""used_bytes"":24060428288,""used_gib"":22.40802001953125},""swap_used_bytes"":24060428288,""system_ram"":{""available_bytes"":8072773632,""available_gib"":7.5183563232421875,""percent"":76.5,""total_bytes"":34359738368,""total_gib"":32.0,""used_bytes"":10461184000,""used_gib"":9.74273681640625},""timestamp_utc"":""2026-07-22T15:55:31.506+00:00"",""worker"":{""child_count"":1,""children_rss_bytes"":5439488,""children_rss_gib"":0.00506591796875,""pid"":12144,""rss_bytes"":6503940096,""rss_gib"":6.0572662353515625,""status"":""sleeping"",""total_rss_bytes"":6509379584,""total_rss_gib"":6.0623321533203125},""worker_children_rss_bytes"":5439488,""worker_rss_bytes"":6503940096,""worker_total_rss_bytes"":6509379584},""ok"":true,""reason"":""completed"",""returncode"":0,""sample_count"":120,""signal_name"":null,""started_monotonic"":586950.138399458,""termination"":null}"
2386,run-20260720T164920Z-5f8824d560b3-6a51d38a,job-347ca51d8e73ae45be4acb4b813f44f3af6dfc7259c4fe135a783975e5cb582b,PGC 041959,,1784735761.969422,INFO,JOB_STATE_CHANGED,,"{""from"":""RUNNING"",""to"":""VERIFYING""}"
2387,run-20260720T164920Z-5f8824d560b3-6a51d38a,job-347ca51d8e73ae45be4acb4b813f44f3af6dfc7259c4fe135a783975e5cb582b,PGC 041959,176,1784735761.970578,INFO,ARTIFACT_RECORDED,,"{""artifact_id"":296,""kind"":""clean_model_fits"",""path"":""/Users/zuha/Desktop/FKI/4 курс 2025-2026/course_work-SBF/runs/sbf3_go3055_go7763/products/PGC_041959/F150W__F115W/347ca51d8e73/jw07763-o066_t066_nircam_clear-f150w_i2d_01_модель_чистая.fits"",""verified"":true}"
2388,run-20260720T164920Z-5f8824d560b3-6a51d38a,job-347ca51d8e73ae45be4acb4b813f44f3af6dfc7259c4fe135a783975e5cb582b,PGC 041959,176,1784735761.9716969,INFO,ARTIFACT_RECORDED,,"{""artifact_id"":297,""kind"":""clean_isophotes_fits"",""path"":""/Users/zuha/Desktop/FKI/4 курс 2025-2026/course_work-SBF/runs/sbf3_go3055_go7763/products/PGC_041959/F150W__F115W/347ca51d8e73/jw07763-o066_t066_nircam_clear-f150w_i2d_02_изофоты_чистые.fits"",""verified"":true}"
2389,run-20260720T164920Z-5f8824d560b3-6a51d38a,job-347ca51d8e73ae45be4acb4b813f44f3af6dfc7259c4fe135a783975e5cb582b,PGC 041959,176,1784735761.9723232,INFO,ARTIFACT_RECORDED,,"{""artifact_id"":298,""kind"":""full_residual_fits"",""path"":""/Users/zuha/Desktop/FKI/4 курс 2025-2026/course_work-SBF/runs/sbf3_go3055_go7763/products/PGC_041959/F150W__F115W/347ca51d8e73/jw07763-o066_t066_nircam_clear-f150w_i2d_03_остатки_общие.fits"",""verified"":true}"
2390,run-20260720T164920Z-5f8824d560b3-6a51d38a,job-347ca51d8e73ae45be4acb4b813f44f3af6dfc7259c4fe135a783975e5cb582b,PGC 041959,176,1784735761.972699,INFO,ARTIFACT_RECORDED,,"{""artifact_id"":299,""kind"":""working_residual_fits"",""path"":""/Users/zuha/Desktop/FKI/4 курс 2025-2026/course_work-SBF/runs/sbf3_go3055_go7763/products/PGC_041959/F150W__F115W/347ca51d8e73/jw07763-o066_t066_nircam_clear-f150w_i2d_04_остатки_общие_рабочие.fits"",""verified"":true}"
2391,run-20260720T164920Z-5f8824d560b3-6a51d38a,job-347ca51d8e73ae45be4acb4b813f44f3af6dfc7259c4fe135a783975e5cb582b,PGC 041959,176,1784735761.973141,INFO,ARTIFACT_RECORDED,,"{""artifact_id"":300,""kind"":""working_annuli_residual_fits"",""path"":""/Users/zuha/Desktop/FKI/4 курс 2025-2026/course_work-SBF/runs/sbf3_go3055_go7763/products/PGC_041959/F150W__F115W/347ca51d8e73/jw07763-o066_t066_nircam_clear-f150w_i2d_05_остатки_общие_рабочие_два_кольца.fits"",""verified"":true}"
2392,run-20260720T164920Z-5f8824d560b3-6a51d38a,job-347ca51d8e73ae45be4acb4b813f44f3af6dfc7259c4fe135a783975e5cb582b,PGC 041959,176,1784735761.973551,INFO,ATTEMPT_ENDED,,"{""exit_code"":0,""state"":""SUCCEEDED""}"
2393,run-20260720T164920Z-5f8824d560b3-6a51d38a,job-347ca51d8e73ae45be4acb4b813f44f3af6dfc7259c4fe135a783975e5cb582b,PGC 041959,,1784735761.9740832,INFO,JOB_STATE_CHANGED,,"{""from"":""VERIFYING"",""to"":""SUCCEEDED""}"
2394,run-20260720T164920Z-5f8824d560b3-6a51d38a,job-347ca51d8e73ae45be4acb4b813f44f3af6dfc7259c4fe135a783975e5cb582b,PGC 041959,176,1784735761.976911,INFO,ARTIFACTS_VERIFIED,,"{""artifact_count"":5,""artifact_manifest_path"":""/Users/zuha/Desktop/FKI/4 курс 2025-2026/course_work-SBF/runs/sbf3_go3055_go7763/batch/artifact_manifests/PGC_041959__F150W__F115W__347ca51d8e73_result_artifacts.json"",""artifacts"":[{""exists"":true,""fits_valid"":true,""mtime_ns"":1784732639119292627,""mtime_utc"":""2026-07-22T15:03:59.119+00:00"",""name"":""clean_model_fits"",""ok"":true,""path"":""/Users/zuha/Desktop/FKI/4 курс 2025-2026/course_work-SBF/runs/sbf3_go3055_go7763/products/PGC_041959/F150W__F115W/347ca51d8e73/jw07763-o066_t066_nircam_clear-f150w_i2d_01_модель_чистая.fits"",""relative_path"":""jw07763-o066_t066_nircam_clear-f150w_i2d_01_модель_чистая.fits"",""sha256"":""d489f44005430bb0a2dfd0dedbc0459ace8abace93f1843fcb1256c26622fce1"",""size_bytes"":173701440},{""exists"":true,""fits_valid"":true,""mtime_ns"":1784732639258457896,""mtime_utc"":""2026-07-22T15:03:59.258+00:00"",""name"":""clean_isophotes_fits"",""ok"":true,""path"":""/Users/zuha/Desktop/FKI/4 курс 2025-2026/course_work-SBF/runs/sbf3_go3055_go7763/products/PGC_041959/F150W__F115W/347ca51d8e73/jw07763-o066_t066_nircam_clear-f150w_i2d_02_изофоты_чистые.fits"",""relative_path"":""jw07763-o066_t066_nircam_clear-f150w_i2d_02_изофоты_чистые.fits"",""sha256"":""a4207dfdaa607b2e18f7dc49b5d08246b53180f3537daa99a5e851cce8406c24"",""size_bytes"":173701440},{""exists"":true,""fits_valid"":true,""mtime_ns"":1784732639390774283,""mtime_utc"":""2026-07-22T15:03:59.390+00:00"",""name"":""full_residual_fits"",""ok"":true,""path"":""/Users/zuha/Desktop/FKI/4 курс 2025-2026/course_work-SBF/runs/sbf3_go3055_go7763/products/PGC_041959/F150W__F115W/347ca51d8e73/jw07763-o066_t066_nircam_clear-f150w_i2d_03_остатки_общие.fits"",""relative_path"":""jw07763-o066_t066_nircam_clear-f150w_i2d_03_остатки_общие.fits"",""sha256"":""48de91bfc2c15959d33ed35fc21a43d8ea4a0ef671e389489dce9b36196d1f8f"",""size_bytes"":173701440},{""exists"":true,""fits_valid"":true,""mtime_ns"":1784732639515857698,""mtime_utc"":""2026-07-22T15:03:59.515+00:00"",""name"":""working_residual_fits"",""ok"":true,""path"":""/Users/zuha/Desktop/FKI/4 курс 2025-2026/course_work-SBF/runs/sbf3_go3055_go7763/products/PGC_041959/F150W__F115W/347ca51d8e73/jw07763-o066_t066_nircam_clear-f150w_i2d_04_остатки_общие_рабочие.fits"",""relative_path"":""jw07763-o066_t066_nircam_clear-f150w_i2d_04_остатки_общие_рабочие.fits"",""sha256"":""ccfb51543b588c9044aff14da4811cf06187bb59348176b41b7756e2b4dca2a5"",""size_bytes"":173701440},{""exists"":true,""fits_valid"":true,""mtime_ns"":1784735746626159038,""mtime_utc"":""2026-07-22T15:55:46.626+00:00"",""name"":""working_annuli_residual_fits"",""ok"":true,""path"":""/Users/zuha/Desktop/FKI/4 курс 2025-2026/course_work-SBF/runs/sbf3_go3055_go7763/products/PGC_041959/F150W__F115W/347ca51d8e73/jw07763-o066_t066_nircam_clear-f150w_i2d_05_остатки_общие_рабочие_два_кольца.fits"",""relative_path"":""jw07763-o066_t066_nircam_clear-f150w_i2d_05_остатки_общие_рабочие_два_кольца.fits"",""sha256"":""a02527c7b645879107033d4eb8d397c2399a3df486d7e668df194e9cb9caea71"",""size_bytes"":173701440}],""target"":""PGC 041959""}"
2395,run-20260720T164920Z-5f8824d560b3-6a51d38a,,,,1784735762.024483,INFO,RUN_STATE_CHANGED,,"{""from"":""RUNNING"",""to"":""SOFT_STOPPED""}"
2396,run-20260720T164920Z-5f8824d560b3-6a51d38a,,,,1784735762.054803,INFO,RUN_STATE_CHANGED,,"{""from"":""SOFT_STOPPED"",""to"":""SOFT_STOPPED""}"
2397,run-20260720T164920Z-5f8824d560b3-6a51d38a,,,,1784735762.0647979,INFO,CAMPAIGN_FINISHED,,"{""counts"":{""RETRY_WAIT"":25,""SUCCEEDED"":49},""report_path"":""/Users/zuha/Desktop/FKI/4 курс 2025-2026/course_work-SBF/runs/sbf3_go3055_go7763/campaign/campaign_report.txt"",""state"":""SOFT_STOPPED"",""stop_reason"":""soft-deadline""}"
